set,b_i,D_i,n_a,n_i,anchor,condition,replicate,channel,point,frame,t,reached,own_channel_frame,own_channel_t,lambda_i,threshold,persistence,n_real,n_transient,n_all,coverage,coverage_raw,cells_on,largest,req_mean,req_median,req_mean_over_lambda,req_median_over_lambda,area_real_n,area_real_mean,area_real_sd,area_real_cv,area_real_median,area_real_p10,area_real_p90,area_all_n,area_all_mean,area_all_sd,area_all_cv,area_all_median,area_all_p10,area_all_p90,ecc_mean,ecc_sd,areas,note
bi0,0.0,10.0,3,3,"JA, no inhibitor",nucl,1,a,cov10,6,10.01,1,6,10.01,5.477225575051661,1.5,0,1,6,7,0.955675,0.955675,38227,38215,102.63779454602428,102.63779454602428,18.739011775146068,18.739011775146068,1,38215.0,0.0,0.0,38215.0,38215.0,38215.0,7,5461.0,14443.156487878034,2.6447823636473236,1.0,1.0,15289.000000000013,0.4942182045852059,nan,38215 5 3 1 1 1 1,
bi0,0.0,10.0,3,3,"JA, no inhibitor",nucl,1,a,cov20,6,10.01,1,6,10.01,5.477225575051661,1.5,0,1,6,7,0.955675,0.955675,38227,38215,102.63779454602428,102.63779454602428,18.739011775146068,18.739011775146068,1,38215.0,0.0,0.0,38215.0,38215.0,38215.0,7,5461.0,14443.156487878034,2.6447823636473236,1.0,1.0,15289.000000000013,0.4942182045852059,nan,38215 5 3 1 1 1 1,
bi0,0.0,10.0,3,3,"JA, no inhibitor",nucl,1,a,t600,301,600.01,1,301,600.01,5.477225575051661,1.5,1,1,0,1,1.0,1.0,40000,40000,105.0075135808664,105.0075135808664,19.1716612985902,19.1716612985902,1,40000.0,0.0,0.0,40000.0,40000.0,40000.0,1,40000.0,0.0,0.0,40000.0,40000.0,40000.0,0.5000140697724819,nan,40000,
bi0,0.0,10.0,3,3,"JA, no inhibitor",nucl,1,i,cov10,6,10.01,1,,,5.477225575051661,0.0,0,0,0,0,0.0,0.0,0,0,nan,nan,nan,nan,0,nan,nan,nan,nan,nan,nan,0,nan,nan,nan,nan,nan,nan,nan,nan,,
bi0,0.0,10.0,3,3,"JA, no inhibitor",nucl,1,i,cov20,6,10.01,1,,,5.477225575051661,0.0,0,0,0,0,0.0,0.0,0,0,nan,nan,nan,nan,0,nan,nan,nan,nan,nan,nan,0,nan,nan,nan,nan,nan,nan,nan,nan,,
bi0,0.0,10.0,3,3,"JA, no inhibitor",nucl,1,i,t600,301,600.01,1,301,600.01,5.477225575051661,0.0,1,0,0,0,0.0,0.0,0,0,nan,nan,nan,nan,0,nan,nan,nan,nan,nan,nan,0,nan,nan,nan,nan,nan,nan,nan,nan,,
bi0,0.0,10.0,3,3,"JA, no inhibitor",nucl,2,a,cov10,6,10.01,1,6,10.01,5.477225575051661,1.5,0,1,2,3,0.962675,0.962675,38507,38503,103.02382360508966,103.02382360508966,18.809490716313604,18.809490716313604,1,38503.0,0.0,0.0,38503.0,38503.0,38503.0,3,12835.666666666666,22228.562736563366,1.7317809283945802,3.0,1.4,30803.0,0.4964715864869709,nan,38503 3 1,
bi0,0.0,10.0,3,3,"JA, no inhibitor",nucl,2,a,cov20,6,10.01,1,6,10.01,5.477225575051661,1.5,0,1,2,3,0.962675,0.962675,38507,38503,103.02382360508966,103.02382360508966,18.809490716313604,18.809490716313604,1,38503.0,0.0,0.0,38503.0,38503.0,38503.0,3,12835.666666666666,22228.562736563366,1.7317809283945802,3.0,1.4,30803.0,0.4964715864869709,nan,38503 3 1,
bi0,0.0,10.0,3,3,"JA, no inhibitor",nucl,2,a,t600,301,600.01,1,301,600.01,5.477225575051661,1.5,1,1,0,1,1.0,1.0,40000,40000,105.0075135808664,105.0075135808664,19.1716612985902,19.1716612985902,1,40000.0,0.0,0.0,40000.0,40000.0,40000.0,1,40000.0,0.0,0.0,40000.0,40000.0,40000.0,0.5000140697724819,nan,40000,
bi0,0.0,10.0,3,3,"JA, no inhibitor",nucl,2,i,cov10,6,10.01,1,,,5.477225575051661,0.0,0,0,0,0,0.0,0.0,0,0,nan,nan,nan,nan,0,nan,nan,nan,nan,nan,nan,0,nan,nan,nan,nan,nan,nan,nan,nan,,
bi0,0.0,10.0,3,3,"JA, no inhibitor",nucl,2,i,cov20,6,10.01,1,,,5.477225575051661,0.0,0,0,0,0,0.0,0.0,0,0,nan,nan,nan,nan,0,nan,nan,nan,nan,nan,nan,0,nan,nan,nan,nan,nan,nan,nan,nan,,
bi0,0.0,10.0,3,3,"JA, no inhibitor",nucl,2,i,t600,301,600.01,1,301,600.01,5.477225575051661,0.0,1,0,0,0,0.0,0.0,0,0,nan,nan,nan,nan,0,nan,nan,nan,nan,nan,nan,0,nan,nan,nan,nan,nan,nan,nan,nan,,
bi0,0.0,10.0,3,3,"JA, no inhibitor",nucl,3,a,cov10,6,10.01,1,6,10.01,5.477225575051661,1.5,0,1,8,9,0.94875,0.94875,37950,37942,102.27052593512373,102.27052593512373,18.67195800752813,18.67195800752813,1,37942.0,0.0,0.0,37942.0,37942.0,37942.0,9,4216.666666666667,12647.000000000002,2.999288537549407,1.0,1.0,7589.200000000007,0.4816607010072307,nan,37942 1 1 1 1 1 1 1 1,
bi0,0.0,10.0,3,3,"JA, no inhibitor",nucl,3,a,cov20,6,10.01,1,6,10.01,5.477225575051661,1.5,0,1,8,9,0.94875,0.94875,37950,37942,102.27052593512373,102.27052593512373,18.67195800752813,18.67195800752813,1,37942.0,0.0,0.0,37942.0,37942.0,37942.0,9,4216.666666666667,12647.000000000002,2.999288537549407,1.0,1.0,7589.200000000007,0.4816607010072307,nan,37942 1 1 1 1 1 1 1 1,
bi0,0.0,10.0,3,3,"JA, no inhibitor",nucl,3,a,t600,301,600.01,1,301,600.01,5.477225575051661,1.5,1,1,0,1,1.0,1.0,40000,40000,105.0075135808664,105.0075135808664,19.1716612985902,19.1716612985902,1,40000.0,0.0,0.0,40000.0,40000.0,40000.0,1,40000.0,0.0,0.0,40000.0,40000.0,40000.0,0.5000140697724819,nan,40000,
bi0,0.0,10.0,3,3,"JA, no inhibitor",nucl,3,i,cov10,6,10.01,1,,,5.477225575051661,0.0,0,0,0,0,0.0,0.0,0,0,nan,nan,nan,nan,0,nan,nan,nan,nan,nan,nan,0,nan,nan,nan,nan,nan,nan,nan,nan,,
bi0,0.0,10.0,3,3,"JA, no inhibitor",nucl,3,i,cov20,6,10.01,1,,,5.477225575051661,0.0,0,0,0,0,0.0,0.0,0,0,nan,nan,nan,nan,0,nan,nan,nan,nan,nan,nan,0,nan,nan,nan,nan,nan,nan,nan,nan,,
bi0,0.0,10.0,3,3,"JA, no inhibitor",nucl,3,i,t600,301,600.01,1,301,600.01,5.477225575051661,0.0,1,0,0,0,0.0,0.0,0,0,nan,nan,nan,nan,0,nan,nan,nan,nan,nan,nan,0,nan,nan,nan,nan,nan,nan,nan,nan,,
bi0,0.0,10.0,3,3,"JA, no inhibitor",random,1,a,cov10,6,10.01,1,6,10.01,5.477225575051661,1.5,0,1,0,1,1.0,1.0,40000,40000,105.0075135808664,105.0075135808664,19.1716612985902,19.1716612985902,1,40000.0,0.0,0.0,40000.0,40000.0,40000.0,1,40000.0,0.0,0.0,40000.0,40000.0,40000.0,0.5000140697724819,nan,40000,
bi0,0.0,10.0,3,3,"JA, no inhibitor",random,1,a,cov20,6,10.01,1,6,10.01,5.477225575051661,1.5,0,1,0,1,1.0,1.0,40000,40000,105.0075135808664,105.0075135808664,19.1716612985902,19.1716612985902,1,40000.0,0.0,0.0,40000.0,40000.0,40000.0,1,40000.0,0.0,0.0,40000.0,40000.0,40000.0,0.5000140697724819,nan,40000,
bi0,0.0,10.0,3,3,"JA, no inhibitor",random,1,a,t600,301,600.01,1,301,600.01,5.477225575051661,1.5,1,1,0,1,1.0,1.0,40000,40000,105.0075135808664,105.0075135808664,19.1716612985902,19.1716612985902,1,40000.0,0.0,0.0,40000.0,40000.0,40000.0,1,40000.0,0.0,0.0,40000.0,40000.0,40000.0,0.5000140697724819,nan,40000,
bi0,0.0,10.0,3,3,"JA, no inhibitor",random,1,i,cov10,6,10.01,1,,,5.477225575051661,0.0,0,0,0,0,0.0,0.0,0,0,nan,nan,nan,nan,0,nan,nan,nan,nan,nan,nan,0,nan,nan,nan,nan,nan,nan,nan,nan,,
bi0,0.0,10.0,3,3,"JA, no inhibitor",random,1,i,cov20,6,10.01,1,,,5.477225575051661,0.0,0,0,0,0,0.0,0.0,0,0,nan,nan,nan,nan,0,nan,nan,nan,nan,nan,nan,0,nan,nan,nan,nan,nan,nan,nan,nan,,
bi0,0.0,10.0,3,3,"JA, no inhibitor",random,1,i,t600,301,600.01,1,301,600.01,5.477225575051661,0.0,1,0,0,0,0.0,0.0,0,0,nan,nan,nan,nan,0,nan,nan,nan,nan,nan,nan,0,nan,nan,nan,nan,nan,nan,nan,nan,,
bi0,0.0,10.0,3,3,"JA, no inhibitor",random,2,a,cov10,6,10.01,1,6,10.01,5.477225575051661,1.5,0,1,0,1,1.0,1.0,40000,40000,105.0075135808664,105.0075135808664,19.1716612985902,19.1716612985902,1,40000.0,0.0,0.0,40000.0,40000.0,40000.0,1,40000.0,0.0,0.0,40000.0,40000.0,40000.0,0.5000140697724819,nan,40000,
bi0,0.0,10.0,3,3,"JA, no inhibitor",random,2,a,cov20,6,10.01,1,6,10.01,5.477225575051661,1.5,0,1,0,1,1.0,1.0,40000,40000,105.0075135808664,105.0075135808664,19.1716612985902,19.1716612985902,1,40000.0,0.0,0.0,40000.0,40000.0,40000.0,1,40000.0,0.0,0.0,40000.0,40000.0,40000.0,0.5000140697724819,nan,40000,
bi0,0.0,10.0,3,3,"JA, no inhibitor",random,2,a,t600,301,600.01,1,301,600.01,5.477225575051661,1.5,1,1,0,1,1.0,1.0,40000,40000,105.0075135808664,105.0075135808664,19.1716612985902,19.1716612985902,1,40000.0,0.0,0.0,40000.0,40000.0,40000.0,1,40000.0,0.0,0.0,40000.0,40000.0,40000.0,0.5000140697724819,nan,40000,
bi0,0.0,10.0,3,3,"JA, no inhibitor",random,2,i,cov10,6,10.01,1,,,5.477225575051661,0.0,0,0,0,0,0.0,0.0,0,0,nan,nan,nan,nan,0,nan,nan,nan,nan,nan,nan,0,nan,nan,nan,nan,nan,nan,nan,nan,,
bi0,0.0,10.0,3,3,"JA, no inhibitor",random,2,i,cov20,6,10.01,1,,,5.477225575051661,0.0,0,0,0,0,0.0,0.0,0,0,nan,nan,nan,nan,0,nan,nan,nan,nan,nan,nan,0,nan,nan,nan,nan,nan,nan,nan,nan,,
bi0,0.0,10.0,3,3,"JA, no inhibitor",random,2,i,t600,301,600.01,1,301,600.01,5.477225575051661,0.0,1,0,0,0,0.0,0.0,0,0,nan,nan,nan,nan,0,nan,nan,nan,nan,nan,nan,0,nan,nan,nan,nan,nan,nan,nan,nan,,
bi0,0.0,10.0,3,3,"JA, no inhibitor",random,3,a,cov10,6,10.01,1,6,10.01,5.477225575051661,1.5,0,1,0,1,1.0,1.0,40000,40000,105.0075135808664,105.0075135808664,19.1716612985902,19.1716612985902,1,40000.0,0.0,0.0,40000.0,40000.0,40000.0,1,40000.0,0.0,0.0,40000.0,40000.0,40000.0,0.5000140697724819,nan,40000,
bi0,0.0,10.0,3,3,"JA, no inhibitor",random,3,a,cov20,6,10.01,1,6,10.01,5.477225575051661,1.5,0,1,0,1,1.0,1.0,40000,40000,105.0075135808664,105.0075135808664,19.1716612985902,19.1716612985902,1,40000.0,0.0,0.0,40000.0,40000.0,40000.0,1,40000.0,0.0,0.0,40000.0,40000.0,40000.0,0.5000140697724819,nan,40000,
bi0,0.0,10.0,3,3,"JA, no inhibitor",random,3,a,t600,301,600.01,1,301,600.01,5.477225575051661,1.5,1,1,0,1,1.0,1.0,40000,40000,105.0075135808664,105.0075135808664,19.1716612985902,19.1716612985902,1,40000.0,0.0,0.0,40000.0,40000.0,40000.0,1,40000.0,0.0,0.0,40000.0,40000.0,40000.0,0.5000140697724819,nan,40000,
bi0,0.0,10.0,3,3,"JA, no inhibitor",random,3,i,cov10,6,10.01,1,,,5.477225575051661,0.0,0,0,0,0,0.0,0.0,0,0,nan,nan,nan,nan,0,nan,nan,nan,nan,nan,nan,0,nan,nan,nan,nan,nan,nan,nan,nan,,
bi0,0.0,10.0,3,3,"JA, no inhibitor",random,3,i,cov20,6,10.01,1,,,5.477225575051661,0.0,0,0,0,0,0.0,0.0,0,0,nan,nan,nan,nan,0,nan,nan,nan,nan,nan,nan,0,nan,nan,nan,nan,nan,nan,nan,nan,,
bi0,0.0,10.0,3,3,"JA, no inhibitor",random,3,i,t600,301,600.01,1,301,600.01,5.477225575051661,0.0,1,0,0,0,0.0,0.0,0,0,nan,nan,nan,nan,0,nan,nan,nan,nan,nan,nan,0,nan,nan,nan,nan,nan,nan,nan,nan,,
bi0,0.0,10.0,3,3,"JA, no inhibitor",seed1,0,a,cov10,26,50.01,1,26,50.01,5.477225575051661,1.5,1,1,0,1,0.161725,0.255475,6469,6469,42.22882087202751,42.22882087202751,7.709892589484816,7.709892589484816,1,6469.0,0.0,0.0,6469.0,6469.0,6469.0,1,6469.0,0.0,0.0,6469.0,6469.0,6469.0,0.0,nan,6469,
bi0,0.0,10.0,3,3,"JA, no inhibitor",seed1,0,a,cov20,31,60.01,1,31,60.01,5.477225575051661,1.5,1,1,0,1,0.255475,0.370225,10219,10219,53.075559263729346,53.075559263729346,9.690227020315616,9.690227020315616,1,10219.0,0.0,0.0,10219.0,10219.0,10219.0,1,10219.0,0.0,0.0,10219.0,10219.0,10219.0,0.0,nan,10219,
bi0,0.0,10.0,3,3,"JA, no inhibitor",seed1,0,a,t600,301,600.01,1,301,600.01,5.477225575051661,1.5,1,1,0,1,1.0,1.0,40000,40000,105.0075135808664,105.0075135808664,19.1716612985902,19.1716612985902,1,40000.0,0.0,0.0,40000.0,40000.0,40000.0,1,40000.0,0.0,0.0,40000.0,40000.0,40000.0,0.5000140697724819,nan,40000,
bi0,0.0,10.0,3,3,"JA, no inhibitor",seed1,0,i,cov10,26,50.01,1,,,5.477225575051661,0.0,1,0,0,0,0.0,0.0,0,0,nan,nan,nan,nan,0,nan,nan,nan,nan,nan,nan,0,nan,nan,nan,nan,nan,nan,nan,nan,,
bi0,0.0,10.0,3,3,"JA, no inhibitor",seed1,0,i,cov20,31,60.01,1,,,5.477225575051661,0.0,1,0,0,0,0.0,0.0,0,0,nan,nan,nan,nan,0,nan,nan,nan,nan,nan,nan,0,nan,nan,nan,nan,nan,nan,nan,nan,,
bi0,0.0,10.0,3,3,"JA, no inhibitor",seed1,0,i,t600,301,600.01,1,301,600.01,5.477225575051661,0.0,1,0,0,0,0.0,0.0,0,0,nan,nan,nan,nan,0,nan,nan,nan,nan,nan,nan,0,nan,nan,nan,nan,nan,nan,nan,nan,,
bi0,0.0,10.0,3,3,"JA, no inhibitor",seed36,1,a,cov10,6,10.01,1,6,10.01,5.477225575051661,1.5,0,14,0,14,0.2991,0.2991,11964,3487,13.95939955658533,10.22139059435797,2.5486260087897996,1.866162065866999,14,854.5714285714286,928.8979172435154,1.086975162270914,379.0,367.8,1984.400000000001,14,854.5714285714286,928.8979172435154,1.086975162270914,379.0,367.8,1984.400000000001,0.40109118783649134,0.3858747775883673,3487 2252 1360 720 702 528 379 379 379 379 379 379 363 278,
bi0,0.0,10.0,3,3,"JA, no inhibitor",seed36,1,a,cov20,6,10.01,1,6,10.01,5.477225575051661,1.5,0,14,0,14,0.2991,0.2991,11964,3487,13.95939955658533,10.22139059435797,2.5486260087897996,1.866162065866999,14,854.5714285714286,928.8979172435154,1.086975162270914,379.0,367.8,1984.400000000001,14,854.5714285714286,928.8979172435154,1.086975162270914,379.0,367.8,1984.400000000001,0.40109118783649134,0.3858747775883673,3487 2252 1360 720 702 528 379 379 379 379 379 379 363 278,
bi0,0.0,10.0,3,3,"JA, no inhibitor",seed36,1,a,t600,301,600.01,1,301,600.01,5.477225575051661,1.5,1,1,0,1,1.0,1.0,40000,40000,105.0075135808664,105.0075135808664,19.1716612985902,19.1716612985902,1,40000.0,0.0,0.0,40000.0,40000.0,40000.0,1,40000.0,0.0,0.0,40000.0,40000.0,40000.0,0.5000140697724819,nan,40000,
bi0,0.0,10.0,3,3,"JA, no inhibitor",seed36,1,i,cov10,6,10.01,1,,,5.477225575051661,0.0,0,0,0,0,0.0,0.0,0,0,nan,nan,nan,nan,0,nan,nan,nan,nan,nan,nan,0,nan,nan,nan,nan,nan,nan,nan,nan,,
bi0,0.0,10.0,3,3,"JA, no inhibitor",seed36,1,i,cov20,6,10.01,1,,,5.477225575051661,0.0,0,0,0,0,0.0,0.0,0,0,nan,nan,nan,nan,0,nan,nan,nan,nan,nan,nan,0,nan,nan,nan,nan,nan,nan,nan,nan,,
bi0,0.0,10.0,3,3,"JA, no inhibitor",seed36,1,i,t600,301,600.01,1,301,600.01,5.477225575051661,0.0,1,0,0,0,0.0,0.0,0,0,nan,nan,nan,nan,0,nan,nan,nan,nan,nan,nan,0,nan,nan,nan,nan,nan,nan,nan,nan,,
bi0,0.0,10.0,3,3,"JA, no inhibitor",seed36,2,a,cov10,6,10.01,1,6,10.01,5.477225575051661,1.5,0,16,0,16,0.286425,0.286425,11457,3949,12.768175843055662,10.22139059435797,2.3311393091447092,1.866162065866999,16,716.0625,901.3578992276042,1.258769868869832,379.0,268.5,1019.5,16,716.0625,901.3578992276042,1.258769868869832,379.0,268.5,1019.5,0.5398398102106907,0.38591946100844776,3949 1297 742 679 638 619 536 379 379 379 379 379 318 278 259 247,
bi0,0.0,10.0,3,3,"JA, no inhibitor",seed36,2,a,cov20,6,10.01,1,6,10.01,5.477225575051661,1.5,0,16,0,16,0.286425,0.286425,11457,3949,12.768175843055662,10.22139059435797,2.3311393091447092,1.866162065866999,16,716.0625,901.3578992276042,1.258769868869832,379.0,268.5,1019.5,16,716.0625,901.3578992276042,1.258769868869832,379.0,268.5,1019.5,0.5398398102106907,0.38591946100844776,3949 1297 742 679 638 619 536 379 379 379 379 379 318 278 259 247,
bi0,0.0,10.0,3,3,"JA, no inhibitor",seed36,2,a,t600,301,600.01,1,301,600.01,5.477225575051661,1.5,1,1,0,1,1.0,1.0,40000,40000,105.0075135808664,105.0075135808664,19.1716612985902,19.1716612985902,1,40000.0,0.0,0.0,40000.0,40000.0,40000.0,1,40000.0,0.0,0.0,40000.0,40000.0,40000.0,0.5000140697724819,nan,40000,
bi0,0.0,10.0,3,3,"JA, no inhibitor",seed36,2,i,cov10,6,10.01,1,,,5.477225575051661,0.0,0,0,0,0,0.0,0.0,0,0,nan,nan,nan,nan,0,nan,nan,nan,nan,nan,nan,0,nan,nan,nan,nan,nan,nan,nan,nan,,
bi0,0.0,10.0,3,3,"JA, no inhibitor",seed36,2,i,cov20,6,10.01,1,,,5.477225575051661,0.0,0,0,0,0,0.0,0.0,0,0,nan,nan,nan,nan,0,nan,nan,nan,nan,nan,nan,0,nan,nan,nan,nan,nan,nan,nan,nan,,
bi0,0.0,10.0,3,3,"JA, no inhibitor",seed36,2,i,t600,301,600.01,1,301,600.01,5.477225575051661,0.0,1,0,0,0,0.0,0.0,0,0,nan,nan,nan,nan,0,nan,nan,nan,nan,nan,nan,0,nan,nan,nan,nan,nan,nan,nan,nan,,
bi0,0.0,10.0,3,3,"JA, no inhibitor",seed36,3,a,cov10,6,10.01,1,6,10.01,5.477225575051661,1.5,0,21,0,21,0.295275,0.295275,11811,2005,11.967649120679225,10.22139059435797,2.184983794567626,1.866162065866999,21,562.4285714285714,400.82946142076077,0.7126762077585281,379.0,348.0,1083.0,21,562.4285714285714,400.82946142076077,0.7126762077585281,379.0,348.0,1083.0,0.3564186880368696,0.37755841741064955,2005 1128 1083 686 632 576 486 435 379 379 379 379 379 379 379 379 379 379 348 324 318,
bi0,0.0,10.0,3,3,"JA, no inhibitor",seed36,3,a,cov20,6,10.01,1,6,10.01,5.477225575051661,1.5,0,21,0,21,0.295275,0.295275,11811,2005,11.967649120679225,10.22139059435797,2.184983794567626,1.866162065866999,21,562.4285714285714,400.82946142076077,0.7126762077585281,379.0,348.0,1083.0,21,562.4285714285714,400.82946142076077,0.7126762077585281,379.0,348.0,1083.0,0.3564186880368696,0.37755841741064955,2005 1128 1083 686 632 576 486 435 379 379 379 379 379 379 379 379 379 379 348 324 318,
bi0,0.0,10.0,3,3,"JA, no inhibitor",seed36,3,a,t600,301,600.01,1,301,600.01,5.477225575051661,1.5,1,1,0,1,1.0,1.0,40000,40000,105.0075135808664,105.0075135808664,19.1716612985902,19.1716612985902,1,40000.0,0.0,0.0,40000.0,40000.0,40000.0,1,40000.0,0.0,0.0,40000.0,40000.0,40000.0,0.5000140697724819,nan,40000,
bi0,0.0,10.0,3,3,"JA, no inhibitor",seed36,3,i,cov10,6,10.01,1,,,5.477225575051661,0.0,0,0,0,0,0.0,0.0,0,0,nan,nan,nan,nan,0,nan,nan,nan,nan,nan,nan,0,nan,nan,nan,nan,nan,nan,nan,nan,,
bi0,0.0,10.0,3,3,"JA, no inhibitor",seed36,3,i,cov20,6,10.01,1,,,5.477225575051661,0.0,0,0,0,0,0.0,0.0,0,0,nan,nan,nan,nan,0,nan,nan,nan,nan,nan,nan,0,nan,nan,nan,nan,nan,nan,nan,nan,,
bi0,0.0,10.0,3,3,"JA, no inhibitor",seed36,3,i,t600,301,600.01,1,301,600.01,5.477225575051661,0.0,1,0,0,0,0.0,0.0,0,0,nan,nan,nan,nan,0,nan,nan,nan,nan,nan,nan,0,nan,nan,nan,nan,nan,nan,nan,nan,,
bi0,0.0,10.0,3,3,"JA, no inhibitor",smallpert,1,a,cov10,6,10.01,1,6,10.01,5.477225575051661,1.5,0,1,0,1,1.0,1.0,40000,40000,105.0075135808664,105.0075135808664,19.1716612985902,19.1716612985902,1,40000.0,0.0,0.0,40000.0,40000.0,40000.0,1,40000.0,0.0,0.0,40000.0,40000.0,40000.0,0.5000140697724819,nan,40000,
bi0,0.0,10.0,3,3,"JA, no inhibitor",smallpert,1,a,cov20,6,10.01,1,6,10.01,5.477225575051661,1.5,0,1,0,1,1.0,1.0,40000,40000,105.0075135808664,105.0075135808664,19.1716612985902,19.1716612985902,1,40000.0,0.0,0.0,40000.0,40000.0,40000.0,1,40000.0,0.0,0.0,40000.0,40000.0,40000.0,0.5000140697724819,nan,40000,
bi0,0.0,10.0,3,3,"JA, no inhibitor",smallpert,1,a,t600,301,600.01,1,301,600.01,5.477225575051661,1.5,1,1,0,1,1.0,1.0,40000,40000,105.0075135808664,105.0075135808664,19.1716612985902,19.1716612985902,1,40000.0,0.0,0.0,40000.0,40000.0,40000.0,1,40000.0,0.0,0.0,40000.0,40000.0,40000.0,0.5000140697724819,nan,40000,
bi0,0.0,10.0,3,3,"JA, no inhibitor",smallpert,1,i,cov10,6,10.01,1,6,10.01,5.477225575051661,3.313825917283143e-15,0,1,0,1,1.0,1.0,40000,40000,105.0075135808664,105.0075135808664,19.1716612985902,19.1716612985902,1,40000.0,0.0,0.0,40000.0,40000.0,40000.0,1,40000.0,0.0,0.0,40000.0,40000.0,40000.0,0.5000140697724819,nan,40000,
bi0,0.0,10.0,3,3,"JA, no inhibitor",smallpert,1,i,cov20,6,10.01,1,6,10.01,5.477225575051661,3.313825917283143e-15,0,1,0,1,1.0,1.0,40000,40000,105.0075135808664,105.0075135808664,19.1716612985902,19.1716612985902,1,40000.0,0.0,0.0,40000.0,40000.0,40000.0,1,40000.0,0.0,0.0,40000.0,40000.0,40000.0,0.5000140697724819,nan,40000,
bi0,0.0,10.0,3,3,"JA, no inhibitor",smallpert,1,i,t600,301,600.01,1,301,600.01,5.477225575051661,1.2067551677311708e-143,1,1,0,1,1.0,1.0,40000,40000,105.0075135808664,105.0075135808664,19.1716612985902,19.1716612985902,1,40000.0,0.0,0.0,40000.0,40000.0,40000.0,1,40000.0,0.0,0.0,40000.0,40000.0,40000.0,0.5000140697724819,nan,40000,
bi0,0.0,10.0,3,3,"JA, no inhibitor",smallpert,2,a,cov10,6,10.01,1,6,10.01,5.477225575051661,1.5,0,1,0,1,1.0,1.0,40000,40000,105.0075135808664,105.0075135808664,19.1716612985902,19.1716612985902,1,40000.0,0.0,0.0,40000.0,40000.0,40000.0,1,40000.0,0.0,0.0,40000.0,40000.0,40000.0,0.5000140697724819,nan,40000,
bi0,0.0,10.0,3,3,"JA, no inhibitor",smallpert,2,a,cov20,6,10.01,1,6,10.01,5.477225575051661,1.5,0,1,0,1,1.0,1.0,40000,40000,105.0075135808664,105.0075135808664,19.1716612985902,19.1716612985902,1,40000.0,0.0,0.0,40000.0,40000.0,40000.0,1,40000.0,0.0,0.0,40000.0,40000.0,40000.0,0.5000140697724819,nan,40000,
bi0,0.0,10.0,3,3,"JA, no inhibitor",smallpert,2,a,t600,301,600.01,1,301,600.01,5.477225575051661,1.5,1,1,0,1,1.0,1.0,40000,40000,105.0075135808664,105.0075135808664,19.1716612985902,19.1716612985902,1,40000.0,0.0,0.0,40000.0,40000.0,40000.0,1,40000.0,0.0,0.0,40000.0,40000.0,40000.0,0.5000140697724819,nan,40000,
bi0,0.0,10.0,3,3,"JA, no inhibitor",smallpert,2,i,cov10,6,10.01,1,6,10.01,5.477225575051661,3.316485308352397e-15,0,1,0,1,1.0,1.0,40000,40000,105.0075135808664,105.0075135808664,19.1716612985902,19.1716612985902,1,40000.0,0.0,0.0,40000.0,40000.0,40000.0,1,40000.0,0.0,0.0,40000.0,40000.0,40000.0,0.5000140697724819,nan,40000,
bi0,0.0,10.0,3,3,"JA, no inhibitor",smallpert,2,i,cov20,6,10.01,1,6,10.01,5.477225575051661,3.316485308352397e-15,0,1,0,1,1.0,1.0,40000,40000,105.0075135808664,105.0075135808664,19.1716612985902,19.1716612985902,1,40000.0,0.0,0.0,40000.0,40000.0,40000.0,1,40000.0,0.0,0.0,40000.0,40000.0,40000.0,0.5000140697724819,nan,40000,
bi0,0.0,10.0,3,3,"JA, no inhibitor",smallpert,2,i,t600,301,600.01,1,301,600.01,5.477225575051661,1.2066021699823023e-143,1,1,0,1,1.0,1.0,40000,40000,105.0075135808664,105.0075135808664,19.1716612985902,19.1716612985902,1,40000.0,0.0,0.0,40000.0,40000.0,40000.0,1,40000.0,0.0,0.0,40000.0,40000.0,40000.0,0.5000140697724819,nan,40000,
bi0,0.0,10.0,3,3,"JA, no inhibitor",smallpert,3,a,cov10,6,10.01,1,6,10.01,5.477225575051661,1.5,0,1,0,1,1.0,1.0,40000,40000,105.0075135808664,105.0075135808664,19.1716612985902,19.1716612985902,1,40000.0,0.0,0.0,40000.0,40000.0,40000.0,1,40000.0,0.0,0.0,40000.0,40000.0,40000.0,0.5000140697724819,nan,40000,
bi0,0.0,10.0,3,3,"JA, no inhibitor",smallpert,3,a,cov20,6,10.01,1,6,10.01,5.477225575051661,1.5,0,1,0,1,1.0,1.0,40000,40000,105.0075135808664,105.0075135808664,19.1716612985902,19.1716612985902,1,40000.0,0.0,0.0,40000.0,40000.0,40000.0,1,40000.0,0.0,0.0,40000.0,40000.0,40000.0,0.5000140697724819,nan,40000,
bi0,0.0,10.0,3,3,"JA, no inhibitor",smallpert,3,a,t600,301,600.01,1,301,600.01,5.477225575051661,1.5,1,1,0,1,1.0,1.0,40000,40000,105.0075135808664,105.0075135808664,19.1716612985902,19.1716612985902,1,40000.0,0.0,0.0,40000.0,40000.0,40000.0,1,40000.0,0.0,0.0,40000.0,40000.0,40000.0,0.5000140697724819,nan,40000,
bi0,0.0,10.0,3,3,"JA, no inhibitor",smallpert,3,i,cov10,6,10.01,1,6,10.01,5.477225575051661,3.316341684418413e-15,0,1,0,1,1.0,1.0,40000,40000,105.0075135808664,105.0075135808664,19.1716612985902,19.1716612985902,1,40000.0,0.0,0.0,40000.0,40000.0,40000.0,1,40000.0,0.0,0.0,40000.0,40000.0,40000.0,0.5000140697724819,nan,40000,
bi0,0.0,10.0,3,3,"JA, no inhibitor",smallpert,3,i,cov20,6,10.01,1,6,10.01,5.477225575051661,3.316341684418413e-15,0,1,0,1,1.0,1.0,40000,40000,105.0075135808664,105.0075135808664,19.1716612985902,19.1716612985902,1,40000.0,0.0,0.0,40000.0,40000.0,40000.0,1,40000.0,0.0,0.0,40000.0,40000.0,40000.0,0.5000140697724819,nan,40000,
bi0,0.0,10.0,3,3,"JA, no inhibitor",smallpert,3,i,t600,301,600.01,1,301,600.01,5.477225575051661,1.207126143787911e-143,1,1,0,1,1.0,1.0,40000,40000,105.0075135808664,105.0075135808664,19.1716612985902,19.1716612985902,1,40000.0,0.0,0.0,40000.0,40000.0,40000.0,1,40000.0,0.0,0.0,40000.0,40000.0,40000.0,0.5000140697724819,nan,40000,
bi12,12.0,10.0,3,3,arrests; Fig 1C irregular spots,nucl,1,a,cov10,nan,nan,0,,,5.477225575051661,,,,,,,,,,,,,,,,,,,,,,,,,,,,,,,activator coverage never reached 10 %
bi12,12.0,10.0,3,3,arrests; Fig 1C irregular spots,nucl,1,a,cov20,nan,nan,0,,,5.477225575051661,,,,,,,,,,,,,,,,,,,,,,,,,,,,,,,activator coverage never reached 20 %
bi12,12.0,10.0,3,3,arrests; Fig 1C irregular spots,nucl,1,a,t600,301,600.01,1,301,600.01,5.477225575051661,1.5,1,231,5,236,0.06145,0.07885,2458,14,1.704748457206287,1.7413526135794142,0.3112430616280046,0.3179260356760073,231,10.593073593073592,1.4382188830042795,0.13576974334858544,11.0,9.0,12.0,236,10.415254237288135,1.8830770255155582,0.18079990969148566,11.0,9.0,12.0,0.4206667781409371,0.27918608219677643,14 13 13 13 13 13 13 13 13 13 13 12 12 12 12 12 12 12 12 12 12 12 12 12 12 12 12 12 12 12 12 12 12 12 12 12 12 12 12 12 12 12 12 12 12 12 12 12 12 12 12 12 12 12 12 12 12 12 12 12 12 12 12 12 12 12 12 12 12 12 12 12 12 12 12 12 12 11 11 11 11 11 11 11 11 11 11 11 11 11 11 11 11 11 11 11 11 11 11 11 11 11 11 11 11 11 11 11 11 11 11 11 11 11 11 11 11 11 11 11 11 11 11 11 11 11 11 10 10 10 10 10 10 10 10 10 10 10 10 10 10 10 10 10 10 10 10 10 10 10 10 10 10 10 10 10 10 10 10 10 10 10 10 10 10 10 10 10 10 10 10 10 10 10 10 9 9 9 9 9 9 9 9 9 9 9 9 9 9 9 9 9 9 9 9 9 9 9 9 9 9 9 9 9 9 9 9 9 9 9 9 9 9 9 8 8 8 8 8 8 8 8 8 8 8 7 7 7 7 7 7 5 3 1 1 1,
bi12,12.0,10.0,3,3,arrests; Fig 1C irregular spots,nucl,1,i,cov10,nan,nan,0,6,10.01,5.477225575051661,,,,,,,,,,,,,,,,,,,,,,,,,,,,,,,activator coverage never reached 10 %
bi12,12.0,10.0,3,3,arrests; Fig 1C irregular spots,nucl,1,i,cov20,nan,nan,0,6,10.01,5.477225575051661,,,,,,,,,,,,,,,,,,,,,,,,,,,,,,,activator coverage never reached 20 %
bi12,12.0,10.0,3,3,arrests; Fig 1C irregular spots,nucl,1,i,t600,301,600.01,1,301,600.01,5.477225575051661,1.1325348390413275,1,128,0,128,0.4524,0.51665,18096,1535,5.726871665400305,4.546958717463487,1.0455789316923083,0.8301572858665037,128,141.375,170.8838994364717,1.2087278474728325,75.0,65.0,264.4,128,141.375,170.8838994364717,1.2087278474728325,75.0,65.0,264.4,0.5590261245171213,0.25408524008614897,1535 685 643 596 503 474 394 347 333 308 308 290 270 262 260 259 252 251 231 227 214 174 173 172 170 170 166 165 163 162 160 160 158 157 157 155 155 153 153 152 147 145 92 90 87 84 83 83 83 81 80 80 79 79 78 78 77 77 77 77 76 76 76 75 75 75 75 75 75 74 74 74 74 74 74 74 74 73 73 73 73 72 72 72 72 71 71 71 71 71 70 70 70 69 69 69 69 69 68 68 68 68 68 68 68 67 67 67 66 66 66 66 65 65 65 65 65 64 64 63 62 62 62 61 61 60 22 15,
bi12,12.0,10.0,3,3,arrests; Fig 1C irregular spots,nucl,2,a,cov10,nan,nan,0,,,5.477225575051661,,,,,,,,,,,,,,,,,,,,,,,,,,,,,,,activator coverage never reached 10 %
bi12,12.0,10.0,3,3,arrests; Fig 1C irregular spots,nucl,2,a,cov20,nan,nan,0,,,5.477225575051661,,,,,,,,,,,,,,,,,,,,,,,,,,,,,,,activator coverage never reached 20 %
bi12,12.0,10.0,3,3,arrests; Fig 1C irregular spots,nucl,2,a,t600,301,600.01,1,301,600.01,5.477225575051661,1.5,1,229,6,235,0.0601,0.07785,2404,13,1.6948726487278996,1.6603145717330074,0.30943999393560007,0.30313058116423247,229,10.462882096069869,1.3194471493384423,0.126107427879175,10.0,9.0,12.0,235,10.229787234042552,1.9475949329655942,0.19038469602617084,10.0,9.0,12.0,0.480370693153573,0.24121756492859078,13 13 13 13 13 13 13 13 13 13 12 12 12 12 12 12 12 12 12 12 12 12 12 12 12 12 12 12 12 12 12 12 12 12 12 12 12 12 12 12 12 12 12 12 12 12 12 12 12 12 12 12 12 12 12 12 12 12 11 11 11 11 11 11 11 11 11 11 11 11 11 11 11 11 11 11 11 11 11 11 11 11 11 11 11 11 11 11 11 11 11 11 11 11 11 11 11 11 11 11 11 11 11 11 11 11 11 11 11 11 10 10 10 10 10 10 10 10 10 10 10 10 10 10 10 10 10 10 10 10 10 10 10 10 10 10 10 10 10 10 10 10 10 10 10 10 10 10 10 10 10 10 10 10 10 10 10 10 10 10 10 10 10 10 10 10 10 10 10 10 10 10 10 10 10 9 9 9 9 9 9 9 9 9 9 9 9 9 9 9 9 9 9 9 9 9 9 9 9 9 9 9 9 9 9 9 9 9 9 9 9 9 9 8 8 8 8 8 8 8 8 8 8 8 8 8 8 7 7 3 1 1 1 1 1,
bi12,12.0,10.0,3,3,arrests; Fig 1C irregular spots,nucl,2,i,cov10,nan,nan,0,6,10.01,5.477225575051661,,,,,,,,,,,,,,,,,,,,,,,,,,,,,,,activator coverage never reached 10 %
bi12,12.0,10.0,3,3,arrests; Fig 1C irregular spots,nucl,2,i,cov20,nan,nan,0,6,10.01,5.477225575051661,,,,,,,,,,,,,,,,,,,,,,,,,,,,,,,activator coverage never reached 20 %
bi12,12.0,10.0,3,3,arrests; Fig 1C irregular spots,nucl,2,i,t600,301,600.01,1,301,600.01,5.477225575051661,1.145114509811631,1,136,1,137,0.426425,0.472275,17057,714,5.515515572402598,4.48592294660702,1.0069907650919736,0.8190137296955692,136,125.41176470588235,112.52617608810358,0.897253749295385,73.0,62.0,231.5,137,124.5036496350365,112.61445968746585,0.9045072977184043,73.0,62.0,230.80000000000004,0.5546188808533932,0.25543053577068847,714 664 479 419 413 403 386 367 335 334 323 309 254 235 228 225 220 219 217 213 211 208 177 174 167 165 162 162 160 154 154 153 150 148 147 144 144 144 142 142 142 142 142 134 87 87 86 85 83 80 80 79 76 76 76 76 75 75 75 74 74 74 74 74 74 74 73 73 73 73 73 72 72 71 71 71 71 71 71 71 71 70 70 70 70 69 69 69 69 69 68 68 68 68 68 68 68 67 67 67 67 67 67 67 66 66 66 66 66 66 66 65 65 65 65 65 65 64 63 63 62 62 62 62 62 61 61 60 60 59 59 58 56 54 54 36 1,
bi12,12.0,10.0,3,3,arrests; Fig 1C irregular spots,nucl,3,a,cov10,nan,nan,0,,,5.477225575051661,,,,,,,,,,,,,,,,,,,,,,,,,,,,,,,activator coverage never reached 10 %
bi12,12.0,10.0,3,3,arrests; Fig 1C irregular spots,nucl,3,a,cov20,nan,nan,0,,,5.477225575051661,,,,,,,,,,,,,,,,,,,,,,,,,,,,,,,activator coverage never reached 20 %
bi12,12.0,10.0,3,3,arrests; Fig 1C irregular spots,nucl,3,a,t600,301,600.01,1,301,600.01,5.477225575051661,1.5,1,228,4,232,0.0611,0.079225,2444,14,1.7128203514339453,1.7413526135794142,0.312716781144766,0.3179260356760073,228,10.68421052631579,1.319563333685341,0.12350592778335703,11.0,9.0,12.0,232,10.53448275862069,1.7454010540641622,0.1656845517769581,11.0,9.0,12.0,0.41757424370655694,0.270270815696925,14 14 13 13 13 13 13 13 13 12 12 12 12 12 12 12 12 12 12 12 12 12 12 12 12 12 12 12 12 12 12 12 12 12 12 12 12 12 12 12 12 12 12 12 12 12 12 12 12 12 12 12 12 12 12 12 12 12 12 12 12 12 12 12 12 12 12 12 12 12 12 12 12 12 12 12 11 11 11 11 11 11 11 11 11 11 11 11 11 11 11 11 11 11 11 11 11 11 11 11 11 11 11 11 11 11 11 11 11 11 11 11 11 11 11 11 11 11 11 11 11 11 11 11 11 11 10 10 10 10 10 10 10 10 10 10 10 10 10 10 10 10 10 10 10 10 10 10 10 10 10 10 10 10 10 10 10 10 10 10 10 10 10 10 10 10 10 10 10 10 10 10 10 10 10 10 10 10 10 10 10 10 10 10 10 10 9 9 9 9 9 9 9 9 9 9 9 9 9 9 9 9 9 9 9 9 9 9 9 9 9 9 9 9 8 8 8 8 8 8 8 8 8 8 8 8 8 7 5 1 1 1,
bi12,12.0,10.0,3,3,arrests; Fig 1C irregular spots,nucl,3,i,cov10,nan,nan,0,6,10.01,5.477225575051661,,,,,,,,,,,,,,,,,,,,,,,,,,,,,,,activator coverage never reached 10 %
bi12,12.0,10.0,3,3,arrests; Fig 1C irregular spots,nucl,3,i,cov20,nan,nan,0,6,10.01,5.477225575051661,,,,,,,,,,,,,,,,,,,,,,,,,,,,,,,activator coverage never reached 20 %
bi12,12.0,10.0,3,3,arrests; Fig 1C irregular spots,nucl,3,i,t600,301,600.01,1,301,600.01,5.477225575051661,1.1382643373616674,1,157,0,157,0.408575,0.485825,16343,516,5.132471012768874,4.424045183706154,0.9370567164782992,0.807716447512649,157,104.09554140127389,73.36681491843242,0.7048026642717916,71.0,61.6,215.00000000000003,157,104.09554140127389,73.36681491843242,0.7048026642717916,71.0,61.6,215.00000000000003,0.5252610840616548,0.25264523754720264,516 379 318 317 316 289 288 283 238 235 234 230 228 227 223 218 213 208 170 164 164 163 162 159 158 158 155 154 151 148 146 145 142 142 141 141 141 141 139 135 135 128 97 83 82 82 81 81 80 78 77 77 77 77 76 76 76 75 75 75 75 74 74 73 73 73 73 73 72 72 72 72 72 72 72 72 71 71 71 71 71 71 70 70 70 70 70 70 70 70 69 69 69 69 68 68 68 68 68 68 68 68 67 67 67 67 67 66 66 66 66 66 66 66 65 65 65 65 65 64 64 64 64 64 64 64 63 63 63 63 63 63 63 63 62 62 62 62 62 62 62 61 61 61 61 60 60 60 59 58 58 58 57 55 54 53 22,
bi12,12.0,10.0,3,3,arrests; Fig 1C irregular spots,random,1,a,cov10,nan,nan,0,,,5.477225575051661,,,,,,,,,,,,,,,,,,,,,,,,,,,,,,,activator coverage never reached 10 %
bi12,12.0,10.0,3,3,arrests; Fig 1C irregular spots,random,1,a,cov20,nan,nan,0,,,5.477225575051661,,,,,,,,,,,,,,,,,,,,,,,,,,,,,,,activator coverage never reached 20 %
bi12,12.0,10.0,3,3,arrests; Fig 1C irregular spots,random,1,a,t600,301,600.01,1,301,600.01,5.477225575051661,1.5,1,61,0,61,0.03095,0.031225,1238,24,2.3599601513098976,2.4060243976171183,0.43086780322857865,0.4392779454942249,61,20.295081967213115,2.4518310320729824,0.1208091219357447,21.0,19.0,22.0,61,20.295081967213115,2.4518310320729824,0.1208091219357447,21.0,19.0,22.0,0.3289624256339725,0.22905437615223684,24 23 23 23 23 23 22 22 22 22 22 22 22 22 22 22 22 22 21 21 21 21 21 21 21 21 21 21 21 21 21 21 21 21 20 20 20 20 20 19 19 19 19 19 19 19 19 19 19 19 19 19 19 19 19 19 19 19 19 10 9,
bi12,12.0,10.0,3,3,arrests; Fig 1C irregular spots,random,1,i,cov10,nan,nan,0,,,5.477225575051661,,,,,,,,,,,,,,,,,,,,,,,,,,,,,,,activator coverage never reached 10 %
bi12,12.0,10.0,3,3,arrests; Fig 1C irregular spots,random,1,i,cov20,nan,nan,0,,,5.477225575051661,,,,,,,,,,,,,,,,,,,,,,,,,,,,,,,activator coverage never reached 20 %
bi12,12.0,10.0,3,3,arrests; Fig 1C irregular spots,random,1,i,t600,301,600.01,1,301,600.01,5.477225575051661,1.2292277096472435,1,61,0,61,0.07215,0.0729,2886,55,3.6044187393862925,3.63756697397079,0.658073816752069,0.664125828693203,61,47.31147540983606,5.077863670240854,0.1073283727944186,48.0,46.0,50.0,61,47.31147540983606,5.077863670240854,0.1073283727944186,48.0,46.0,50.0,0.25284351876945,0.16880845126357405,55 55 51 51 50 50 50 50 49 49 49 49 49 49 48 48 48 48 48 48 48 48 48 48 48 48 48 48 48 48 48 48 48 48 48 48 48 48 48 48 48 47 47 47 47 47 47 47 47 47 47 47 47 47 46 46 46 46 46 22 21,
bi12,12.0,10.0,3,3,arrests; Fig 1C irregular spots,random,2,a,cov10,nan,nan,0,,,5.477225575051661,,,,,,,,,,,,,,,,,,,,,,,,,,,,,,,activator coverage never reached 10 %
bi12,12.0,10.0,3,3,arrests; Fig 1C irregular spots,random,2,a,cov20,nan,nan,0,,,5.477225575051661,,,,,,,,,,,,,,,,,,,,,,,,,,,,,,,activator coverage never reached 20 %
bi12,12.0,10.0,3,3,arrests; Fig 1C irregular spots,random,2,a,t600,301,600.01,1,301,600.01,5.477225575051661,1.5,1,61,0,61,0.032475,0.032675,1299,24,2.4194037378040076,2.4626444829978427,0.4417206676358565,0.449615311484522,61,21.295081967213115,2.1474346113062595,0.10084181007673736,22.0,19.0,23.0,61,21.295081967213115,2.1474346113062595,0.10084181007673736,22.0,19.0,23.0,0.3733210711358541,0.19778476601450445,24 24 24 23 23 23 23 23 23 23 23 23 23 23 23 23 23 23 23 23 23 23 23 22 22 22 22 22 22 22 22 22 22 21 21 21 21 21 21 21 21 21 20 20 20 20 20 20 20 20 19 19 19 19 19 19 19 19 18 17 11,
bi12,12.0,10.0,3,3,arrests; Fig 1C irregular spots,random,2,i,cov10,nan,nan,0,,,5.477225575051661,,,,,,,,,,,,,,,,,,,,,,,,,,,,,,,activator coverage never reached 10 %
bi12,12.0,10.0,3,3,arrests; Fig 1C irregular spots,random,2,i,cov20,nan,nan,0,,,5.477225575051661,,,,,,,,,,,,,,,,,,,,,,,,,,,,,,,activator coverage never reached 20 %
bi12,12.0,10.0,3,3,arrests; Fig 1C irregular spots,random,2,i,t600,301,600.01,1,301,600.01,5.477225575051661,1.224139528228117,1,61,0,61,0.07315,0.07355,2926,55,3.633259403508806,3.63756697397079,0.6633393775231792,0.664125828693203,61,47.967213114754095,3.5117289811656125,0.0732110279737192,48.0,47.0,50.0,61,47.967213114754095,3.5117289811656125,0.0732110279737192,48.0,47.0,50.0,0.26709410448442045,0.14992165747082248,55 55 51 51 50 50 50 50 49 49 49 49 49 49 49 49 49 49 48 48 48 48 48 48 48 48 48 48 48 48 48 48 48 48 48 48 48 48 48 48 48 48 48 48 48 48 48 47 47 47 47 47 47 47 47 47 47 46 46 46 24,
bi12,12.0,10.0,3,3,arrests; Fig 1C irregular spots,random,3,a,cov10,nan,nan,0,,,5.477225575051661,,,,,,,,,,,,,,,,,,,,,,,,,,,,,,,activator coverage never reached 10 %
bi12,12.0,10.0,3,3,arrests; Fig 1C irregular spots,random,3,a,cov20,nan,nan,0,,,5.477225575051661,,,,,,,,,,,,,,,,,,,,,,,,,,,,,,,activator coverage never reached 20 %
bi12,12.0,10.0,3,3,arrests; Fig 1C irregular spots,random,3,a,t600,301,600.01,1,301,600.01,5.477225575051661,1.5,1,56,0,56,0.029325,0.029625,1173,24,2.398969079833967,2.4060243976171183,0.43798982659415847,0.4392779454942249,56,20.946428571428573,2.2516227914118283,0.1074943532131819,21.0,19.0,23.0,56,20.946428571428573,2.2516227914118283,0.1074943532131819,21.0,19.0,23.0,0.3427766048637601,0.21568636036343655,24 24 23 23 23 23 23 23 23 23 23 23 23 23 23 23 22 22 22 22 22 22 22 22 22 22 22 21 21 21 21 21 21 21 21 20 20 20 20 19 19 19 19 19 19 19 19 19 19 19 19 19 19 19 18 10,
bi12,12.0,10.0,3,3,arrests; Fig 1C irregular spots,random,3,i,cov10,nan,nan,0,,,5.477225575051661,,,,,,,,,,,,,,,,,,,,,,,,,,,,,,,activator coverage never reached 10 %
bi12,12.0,10.0,3,3,arrests; Fig 1C irregular spots,random,3,i,cov20,nan,nan,0,,,5.477225575051661,,,,,,,,,,,,,,,,,,,,,,,,,,,,,,,activator coverage never reached 20 %
bi12,12.0,10.0,3,3,arrests; Fig 1C irregular spots,random,3,i,t600,301,600.01,1,301,600.01,5.477225575051661,1.231025607080457,1,56,0,56,0.066675,0.0672,2667,55,3.6193759106978645,3.63756697397079,0.6608046101266747,0.664125828693203,56,47.625,3.9152963431323373,0.0822109468374244,48.0,46.0,50.0,56,47.625,3.9152963431323373,0.0822109468374244,48.0,46.0,50.0,0.268659174482533,0.14317953060764016,55 55 51 51 50 50 50 49 49 49 49 49 48 48 48 48 48 48 48 48 48 48 48 48 48 48 48 48 48 48 48 48 48 48 48 48 48 47 47 47 47 47 47 47 47 47 47 46 46 46 46 46 46 46 46 22,
bi12,12.0,10.0,3,3,arrests; Fig 1C irregular spots,seed1,0,a,cov10,nan,nan,0,,,5.477225575051661,,,,,,,,,,,,,,,,,,,,,,,,,,,,,,,activator coverage never reached 10 %
bi12,12.0,10.0,3,3,arrests; Fig 1C irregular spots,seed1,0,a,cov20,nan,nan,0,,,5.477225575051661,,,,,,,,,,,,,,,,,,,,,,,,,,,,,,,activator coverage never reached 20 %
bi12,12.0,10.0,3,3,arrests; Fig 1C irregular spots,seed1,0,a,t600,301,600.01,1,301,600.01,5.477225575051661,1.5,1,1,0,1,0.000475,0.000475,19,19,2.2885857000573573,2.2885857000573573,0.4178366709017222,0.4178366709017222,1,19.0,0.0,0.0,19.0,19.0,19.0,1,19.0,0.0,0.0,19.0,19.0,19.0,0.0,nan,19,
bi12,12.0,10.0,3,3,arrests; Fig 1C irregular spots,seed1,0,i,cov10,nan,nan,0,,,5.477225575051661,,,,,,,,,,,,,,,,,,,,,,,,,,,,,,,activator coverage never reached 10 %
bi12,12.0,10.0,3,3,arrests; Fig 1C irregular spots,seed1,0,i,cov20,nan,nan,0,,,5.477225575051661,,,,,,,,,,,,,,,,,,,,,,,,,,,,,,,activator coverage never reached 20 %
bi12,12.0,10.0,3,3,arrests; Fig 1C irregular spots,seed1,0,i,t600,301,600.01,1,301,600.01,5.477225575051661,1.2365116536675727,1,1,0,1,0.001375,0.001375,55,55,3.8937828167604933,3.8937828167604933,0.7109042275885756,0.7109042275885756,1,55.0,0.0,0.0,55.0,55.0,55.0,1,55.0,0.0,0.0,55.0,55.0,55.0,0.0,nan,55,
bi12,12.0,10.0,3,3,arrests; Fig 1C irregular spots,seed36,1,a,cov10,nan,nan,0,,,5.477225575051661,,,,,,,,,,,,,,,,,,,,,,,,,,,,,,,activator coverage never reached 10 %
bi12,12.0,10.0,3,3,arrests; Fig 1C irregular spots,seed36,1,a,cov20,nan,nan,0,,,5.477225575051661,,,,,,,,,,,,,,,,,,,,,,,,,,,,,,,activator coverage never reached 20 %
bi12,12.0,10.0,3,3,arrests; Fig 1C irregular spots,seed36,1,a,t600,301,600.01,1,301,600.01,5.477225575051661,1.5,1,36,0,36,0.0201,0.020275,804,24,2.4803445256930887,2.517991719079038,0.45284688236885223,0.4597202880502668,36,22.333333333333332,1.1952286093343936,0.05351769892542061,23.0,21.0,23.5,36,22.333333333333332,1.1952286093343936,0.05351769892542061,23.0,21.0,23.5,0.3884254923508237,0.16571609193619102,24 24 24 24 23 23 23 23 23 23 23 23 23 23 23 23 23 23 23 23 22 22 22 22 22 22 22 22 21 21 21 21 21 20 20 19,
bi12,12.0,10.0,3,3,arrests; Fig 1C irregular spots,seed36,1,i,cov10,nan,nan,0,,,5.477225575051661,,,,,,,,,,,,,,,,,,,,,,,,,,,,,,,activator coverage never reached 10 %
bi12,12.0,10.0,3,3,arrests; Fig 1C irregular spots,seed36,1,i,cov20,nan,nan,0,,,5.477225575051661,,,,,,,,,,,,,,,,,,,,,,,,,,,,,,,activator coverage never reached 20 %
bi12,12.0,10.0,3,3,arrests; Fig 1C irregular spots,seed36,1,i,t600,301,600.01,1,301,600.01,5.477225575051661,1.2332450019715522,1,36,0,36,0.043475,0.0437,1739,53,3.6488523827394435,3.63756697397079,0.6661862530109557,0.664125828693203,36,48.30555555555556,1.2146591395930075,0.025145330089331955,48.0,47.0,49.5,36,48.30555555555556,1.2146591395930075,0.025145330089331955,48.0,47.0,49.5,0.2647289887260294,0.13793837170575396,53 51 50 50 49 49 49 49 49 49 48 48 48 48 48 48 48 48 48 48 48 48 48 48 48 48 48 48 48 47 47 47 47 47 47 47,
bi12,12.0,10.0,3,3,arrests; Fig 1C irregular spots,seed36,2,a,cov10,nan,nan,0,,,5.477225575051661,,,,,,,,,,,,,,,,,,,,,,,,,,,,,,,activator coverage never reached 10 %
bi12,12.0,10.0,3,3,arrests; Fig 1C irregular spots,seed36,2,a,cov20,nan,nan,0,,,5.477225575051661,,,,,,,,,,,,,,,,,,,,,,,,,,,,,,,activator coverage never reached 20 %
bi12,12.0,10.0,3,3,arrests; Fig 1C irregular spots,seed36,2,a,t600,301,600.01,1,301,600.01,5.477225575051661,1.5,1,35,0,35,0.019575,0.01985,783,24,2.48226967081742,2.517991719079038,0.45319836417254133,0.4597202880502668,35,22.37142857142857,1.3080230769171846,0.05846846448544248,23.0,21.0,23.6,35,22.37142857142857,1.3080230769171846,0.05846846448544248,23.0,21.0,23.6,0.3934376624570586,0.17004540945505445,24 24 24 24 23 23 23 23 23 23 23 23 23 23 23 23 23 23 23 23 23 22 22 22 22 22 22 22 22 21 21 21 19 19 19,
bi12,12.0,10.0,3,3,arrests; Fig 1C irregular spots,seed36,2,i,cov10,nan,nan,0,,,5.477225575051661,,,,,,,,,,,,,,,,,,,,,,,,,,,,,,,activator coverage never reached 10 %
bi12,12.0,10.0,3,3,arrests; Fig 1C irregular spots,seed36,2,i,cov20,nan,nan,0,,,5.477225575051661,,,,,,,,,,,,,,,,,,,,,,,,,,,,,,,activator coverage never reached 20 %
bi12,12.0,10.0,3,3,arrests; Fig 1C irregular spots,seed36,2,i,t600,301,600.01,1,301,600.01,5.477225575051661,1.2296194422827853,1,35,0,35,0.0424,0.04275,1696,51,3.6546565534719715,3.63756697397079,0.6672459447568947,0.664125828693203,35,48.457142857142856,1.0100336960848835,0.020843855756468705,48.0,47.4,50.0,35,48.457142857142856,1.0100336960848835,0.020843855756468705,48.0,47.4,50.0,0.2886962961259941,0.13637166279243684,51 51 50 50 50 49 49 49 49 49 49 49 49 48 48 48 48 48 48 48 48 48 48 48 48 48 48 48 48 48 48 47 47 47 47,
bi12,12.0,10.0,3,3,arrests; Fig 1C irregular spots,seed36,3,a,cov10,nan,nan,0,,,5.477225575051661,,,,,,,,,,,,,,,,,,,,,,,,,,,,,,,activator coverage never reached 10 %
bi12,12.0,10.0,3,3,arrests; Fig 1C irregular spots,seed36,3,a,cov20,nan,nan,0,,,5.477225575051661,,,,,,,,,,,,,,,,,,,,,,,,,,,,,,,activator coverage never reached 20 %
bi12,12.0,10.0,3,3,arrests; Fig 1C irregular spots,seed36,3,a,t600,301,600.01,1,301,600.01,5.477225575051661,1.5,1,34,0,34,0.018775,0.018875,751,24,2.4657588856974724,2.49031810103844,0.45018392102176935,0.45466779976739435,34,22.08823529411765,1.6943336414099635,0.07670751505717543,22.5,19.0,24.0,34,22.08823529411765,1.6943336414099635,0.07670751505717543,22.5,19.0,24.0,0.36824976715291546,0.18143330530526192,24 24 24 24 24 24 24 23 23 23 23 23 23 23 23 23 23 22 22 22 22 22 22 22 22 22 20 20 20 19 19 19 19 19,
bi12,12.0,10.0,3,3,arrests; Fig 1C irregular spots,seed36,3,i,cov10,nan,nan,0,,,5.477225575051661,,,,,,,,,,,,,,,,,,,,,,,,,,,,,,,activator coverage never reached 10 %
bi12,12.0,10.0,3,3,arrests; Fig 1C irregular spots,seed36,3,i,cov20,nan,nan,0,,,5.477225575051661,,,,,,,,,,,,,,,,,,,,,,,,,,,,,,,activator coverage never reached 20 %
bi12,12.0,10.0,3,3,arrests; Fig 1C irregular spots,seed36,3,i,t600,301,600.01,1,301,600.01,5.477225575051661,1.2324946220596233,1,34,0,34,0.041425,0.0417,1657,53,3.664996518385564,3.63756697397079,0.6691337554325569,0.664125828693203,34,48.73529411764706,1.3327761759259746,0.02734724802744909,48.0,48.0,50.7,34,48.73529411764706,1.3327761759259746,0.02734724802744909,48.0,48.0,50.7,0.3014367802976989,0.11860268272579907,53 52 51 51 50 50 49 49 49 49 49 49 49 49 48 48 48 48 48 48 48 48 48 48 48 48 48 48 48 48 48 48 47 47,
bi12,12.0,10.0,3,3,arrests; Fig 1C irregular spots,smallpert,1,a,cov10,nan,nan,0,,,5.477225575051661,,,,,,,,,,,,,,,,,,,,,,,,,,,,,,,activator coverage never reached 10 %
bi12,12.0,10.0,3,3,arrests; Fig 1C irregular spots,smallpert,1,a,cov20,nan,nan,0,,,5.477225575051661,,,,,,,,,,,,,,,,,,,,,,,,,,,,,,,activator coverage never reached 20 %
bi12,12.0,10.0,3,3,arrests; Fig 1C irregular spots,smallpert,1,a,t600,301,600.01,1,301,600.01,5.477225575051661,1.5,1,0,0,0,0.0,0.0,0,0,nan,nan,nan,nan,0,nan,nan,nan,nan,nan,nan,0,nan,nan,nan,nan,nan,nan,nan,nan,,
bi12,12.0,10.0,3,3,arrests; Fig 1C irregular spots,smallpert,1,i,cov10,nan,nan,0,,,5.477225575051661,,,,,,,,,,,,,,,,,,,,,,,,,,,,,,,activator coverage never reached 10 %
bi12,12.0,10.0,3,3,arrests; Fig 1C irregular spots,smallpert,1,i,cov20,nan,nan,0,,,5.477225575051661,,,,,,,,,,,,,,,,,,,,,,,,,,,,,,,activator coverage never reached 20 %
bi12,12.0,10.0,3,3,arrests; Fig 1C irregular spots,smallpert,1,i,t600,301,600.01,1,301,600.01,5.477225575051661,inf,1,0,0,0,0.0,0.0,0,0,nan,nan,nan,nan,0,nan,nan,nan,nan,nan,nan,0,nan,nan,nan,nan,nan,nan,nan,nan,,
bi12,12.0,10.0,3,3,arrests; Fig 1C irregular spots,smallpert,2,a,cov10,nan,nan,0,,,5.477225575051661,,,,,,,,,,,,,,,,,,,,,,,,,,,,,,,activator coverage never reached 10 %
bi12,12.0,10.0,3,3,arrests; Fig 1C irregular spots,smallpert,2,a,cov20,nan,nan,0,,,5.477225575051661,,,,,,,,,,,,,,,,,,,,,,,,,,,,,,,activator coverage never reached 20 %
bi12,12.0,10.0,3,3,arrests; Fig 1C irregular spots,smallpert,2,a,t600,301,600.01,1,301,600.01,5.477225575051661,1.5,1,0,0,0,0.0,0.0,0,0,nan,nan,nan,nan,0,nan,nan,nan,nan,nan,nan,0,nan,nan,nan,nan,nan,nan,nan,nan,,
bi12,12.0,10.0,3,3,arrests; Fig 1C irregular spots,smallpert,2,i,cov10,nan,nan,0,,,5.477225575051661,,,,,,,,,,,,,,,,,,,,,,,,,,,,,,,activator coverage never reached 10 %
bi12,12.0,10.0,3,3,arrests; Fig 1C irregular spots,smallpert,2,i,cov20,nan,nan,0,,,5.477225575051661,,,,,,,,,,,,,,,,,,,,,,,,,,,,,,,activator coverage never reached 20 %
bi12,12.0,10.0,3,3,arrests; Fig 1C irregular spots,smallpert,2,i,t600,301,600.01,1,301,600.01,5.477225575051661,inf,1,0,0,0,0.0,0.0,0,0,nan,nan,nan,nan,0,nan,nan,nan,nan,nan,nan,0,nan,nan,nan,nan,nan,nan,nan,nan,,
bi12,12.0,10.0,3,3,arrests; Fig 1C irregular spots,smallpert,3,a,cov10,nan,nan,0,,,5.477225575051661,,,,,,,,,,,,,,,,,,,,,,,,,,,,,,,activator coverage never reached 10 %
bi12,12.0,10.0,3,3,arrests; Fig 1C irregular spots,smallpert,3,a,cov20,nan,nan,0,,,5.477225575051661,,,,,,,,,,,,,,,,,,,,,,,,,,,,,,,activator coverage never reached 20 %
bi12,12.0,10.0,3,3,arrests; Fig 1C irregular spots,smallpert,3,a,t600,301,600.01,1,301,600.01,5.477225575051661,1.5,1,0,0,0,0.0,0.0,0,0,nan,nan,nan,nan,0,nan,nan,nan,nan,nan,nan,0,nan,nan,nan,nan,nan,nan,nan,nan,,
bi12,12.0,10.0,3,3,arrests; Fig 1C irregular spots,smallpert,3,i,cov10,nan,nan,0,,,5.477225575051661,,,,,,,,,,,,,,,,,,,,,,,,,,,,,,,activator coverage never reached 10 %
bi12,12.0,10.0,3,3,arrests; Fig 1C irregular spots,smallpert,3,i,cov20,nan,nan,0,,,5.477225575051661,,,,,,,,,,,,,,,,,,,,,,,,,,,,,,,activator coverage never reached 20 %
bi12,12.0,10.0,3,3,arrests; Fig 1C irregular spots,smallpert,3,i,t600,301,600.01,1,301,600.01,5.477225575051661,inf,1,0,0,0,0.0,0.0,0,0,nan,nan,nan,nan,0,nan,nan,nan,nan,nan,nan,0,nan,nan,nan,nan,nan,nan,nan,nan,,
bi2.5,2.5,10.0,3,3,inside the Turing band,nucl,1,a,cov10,6,10.01,1,6,10.01,5.477225575051661,1.5,0,13,66,79,0.65895,0.65895,26358,24937,10.742160170043402,3.8937828167604933,1.961241147155434,0.7109042275885756,13,2022.4615384615386,6886.769750947399,3.4051425057932523,55.0,14.800000000000004,520.6000000000004,79,333.6455696202532,2804.555739936294,8.405793438613218,1.0,1.0,46.80000000000001,0.7018123743035349,0.14287229035980176,24937 609 167 152 124 66 55 50 46 38 30 11 7 1 1 1 1 1 1 1 1 1 1 1 1 1 1 1 1 1 1 1 1 1 1 1 1 1 1 1 1 1 1 1 1 1 1 1 1 1 1 1 1 1 1 1 1 1 1 1 1 1 1 1 1 1 1 1 1 1 1 1 1 1 1 1 1 1 1,
bi2.5,2.5,10.0,3,3,inside the Turing band,nucl,1,a,cov20,6,10.01,1,6,10.01,5.477225575051661,1.5,0,13,66,79,0.65895,0.65895,26358,24937,10.742160170043402,3.8937828167604933,1.961241147155434,0.7109042275885756,13,2022.4615384615386,6886.769750947399,3.4051425057932523,55.0,14.800000000000004,520.6000000000004,79,333.6455696202532,2804.555739936294,8.405793438613218,1.0,1.0,46.80000000000001,0.7018123743035349,0.14287229035980176,24937 609 167 152 124 66 55 50 46 38 30 11 7 1 1 1 1 1 1 1 1 1 1 1 1 1 1 1 1 1 1 1 1 1 1 1 1 1 1 1 1 1 1 1 1 1 1 1 1 1 1 1 1 1 1 1 1 1 1 1 1 1 1 1 1 1 1 1 1 1 1 1 1 1 1 1 1 1 1,
bi2.5,2.5,10.0,3,3,inside the Turing band,nucl,1,a,t600,301,600.01,1,301,600.01,5.477225575051661,1.5,1,7,1,8,0.601575,0.6211,24063,22803,17.3224933822813,6.62047182503124,3.162640125903143,1.2087272532990019,7,3437.4285714285716,8541.492158031539,2.484849351933371,159.0,62.8,9489.000000000007,8,3007.875,8000.673550886647,2.659908922706777,151.5,43.0,7269.999999999996,0.7167397899368038,0.24556596855903895,22803 613 218 159 144 64 61 1,
bi2.5,2.5,10.0,3,3,inside the Turing band,nucl,1,i,cov10,6,10.01,1,6,10.01,5.477225575051661,1.386765061073711,0,1,0,1,0.9987,0.9987,39948,39948,104.93923649977101,104.93923649977101,19.159195666098018,19.159195666098018,1,39948.0,0.0,0.0,39948.0,39948.0,39948.0,1,39948.0,0.0,0.0,39948.0,39948.0,39948.0,0.5021444092976143,nan,39948,
bi2.5,2.5,10.0,3,3,inside the Turing band,nucl,1,i,cov20,6,10.01,1,6,10.01,5.477225575051661,1.386765061073711,0,1,0,1,0.9987,0.9987,39948,39948,104.93923649977101,104.93923649977101,19.159195666098018,19.159195666098018,1,39948.0,0.0,0.0,39948.0,39948.0,39948.0,1,39948.0,0.0,0.0,39948.0,39948.0,39948.0,0.5021444092976143,nan,39948,
bi2.5,2.5,10.0,3,3,inside the Turing band,nucl,1,i,t600,301,600.01,1,301,600.01,5.477225575051661,1.3039337215090567,1,1,0,1,1.0,1.0,40000,40000,105.0075135808664,105.0075135808664,19.1716612985902,19.1716612985902,1,40000.0,0.0,0.0,40000.0,40000.0,40000.0,1,40000.0,0.0,0.0,40000.0,40000.0,40000.0,0.5000140697724819,nan,40000,
bi2.5,2.5,10.0,3,3,inside the Turing band,nucl,2,a,cov10,6,10.01,1,6,10.01,5.477225575051661,1.5,0,12,59,71,0.66455,0.66455,26582,25257,11.415691544917083,4.415435186374829,2.0842105895573617,0.8061444842598403,12,2210.25,7258.884188295809,3.2841914662575764,72.0,17.0,382.8,71,374.3943661971831,2995.8918656762194,8.001968341848302,1.0,1.0,41.0,0.7047977061793572,0.1656841974533672,25257 392 300 203 112 91 53 41 31 17 17 9 1 1 1 1 1 1 1 1 1 1 1 1 1 1 1 1 1 1 1 1 1 1 1 1 1 1 1 1 1 1 1 1 1 1 1 1 1 1 1 1 1 1 1 1 1 1 1 1 1 1 1 1 1 1 1 1 1 1 1,
bi2.5,2.5,10.0,3,3,inside the Turing band,nucl,2,a,cov20,6,10.01,1,6,10.01,5.477225575051661,1.5,0,12,59,71,0.66455,0.66455,26582,25257,11.415691544917083,4.415435186374829,2.0842105895573617,0.8061444842598403,12,2210.25,7258.884188295809,3.2841914662575764,72.0,17.0,382.8,71,374.3943661971831,2995.8918656762194,8.001968341848302,1.0,1.0,41.0,0.7047977061793572,0.1656841974533672,25257 392 300 203 112 91 53 41 31 17 17 9 1 1 1 1 1 1 1 1 1 1 1 1 1 1 1 1 1 1 1 1 1 1 1 1 1 1 1 1 1 1 1 1 1 1 1 1 1 1 1 1 1 1 1 1 1 1 1 1 1 1 1 1 1 1 1 1 1 1 1,
bi2.5,2.5,10.0,3,3,inside the Turing band,nucl,2,a,t600,301,600.01,1,301,600.01,5.477225575051661,1.5,1,4,0,4,0.6013,0.621675,24052,23701,24.127107387336046,6.058620054436851,4.4049869877978285,1.106147623722747,4,6013.0,11792.398088033946,1.9611505218749286,152.5,47.5,16666.900000000005,4,6013.0,11792.398088033946,1.9611505218749286,152.5,47.5,16666.900000000005,0.7123624745474084,0.16030017095118218,23701 254 51 46,
bi2.5,2.5,10.0,3,3,inside the Turing band,nucl,2,i,cov10,6,10.01,1,6,10.01,5.477225575051661,1.3762032809947382,0,1,0,1,0.998025,0.998025,39921,39921,104.90376741121683,104.90376741121683,19.152719926132928,19.152719926132928,1,39921.0,0.0,0.0,39921.0,39921.0,39921.0,1,39921.0,0.0,0.0,39921.0,39921.0,39921.0,0.502468837223074,nan,39921,
bi2.5,2.5,10.0,3,3,inside the Turing band,nucl,2,i,cov20,6,10.01,1,6,10.01,5.477225575051661,1.3762032809947382,0,1,0,1,0.998025,0.998025,39921,39921,104.90376741121683,104.90376741121683,19.152719926132928,19.152719926132928,1,39921.0,0.0,0.0,39921.0,39921.0,39921.0,1,39921.0,0.0,0.0,39921.0,39921.0,39921.0,0.502468837223074,nan,39921,
bi2.5,2.5,10.0,3,3,inside the Turing band,nucl,2,i,t600,301,600.01,1,301,600.01,5.477225575051661,1.2937965690569975,1,1,0,1,1.0,1.0,40000,40000,105.0075135808664,105.0075135808664,19.1716612985902,19.1716612985902,1,40000.0,0.0,0.0,40000.0,40000.0,40000.0,1,40000.0,0.0,0.0,40000.0,40000.0,40000.0,0.5000140697724819,nan,40000,
bi2.5,2.5,10.0,3,3,inside the Turing band,nucl,3,a,cov10,6,10.01,1,6,10.01,5.477225575051661,1.5,0,10,61,71,0.65885,0.65885,26354,25345,12.578112418619458,5.27338927279478,2.296438634171247,0.9627847530718218,10,2628.8,7982.286595261342,3.036475424247315,101.0,15.9,2790.0999999999913,71,371.1830985915493,3006.6020369934427,8.100051021724763,1.0,1.0,21.0,0.6652566692662196,0.21216656727177122,25345 284 268 121 108 94 24 21 17 6 3 2 2 2 1 1 1 1 1 1 1 1 1 1 1 1 1 1 1 1 1 1 1 1 1 1 1 1 1 1 1 1 1 1 1 1 1 1 1 1 1 1 1 1 1 1 1 1 1 1 1 1 1 1 1 1 1 1 1 1 1,
bi2.5,2.5,10.0,3,3,inside the Turing band,nucl,3,a,cov20,6,10.01,1,6,10.01,5.477225575051661,1.5,0,10,61,71,0.65885,0.65885,26354,25345,12.578112418619458,5.27338927279478,2.296438634171247,0.9627847530718218,10,2628.8,7982.286595261342,3.036475424247315,101.0,15.9,2790.0999999999913,71,371.1830985915493,3006.6020369934427,8.100051021724763,1.0,1.0,21.0,0.6652566692662196,0.21216656727177122,25345 284 268 121 108 94 24 21 17 6 3 2 2 2 1 1 1 1 1 1 1 1 1 1 1 1 1 1 1 1 1 1 1 1 1 1 1 1 1 1 1 1 1 1 1 1 1 1 1 1 1 1 1 1 1 1 1 1 1 1 1 1 1 1 1 1 1 1 1 1 1,
bi2.5,2.5,10.0,3,3,inside the Turing band,nucl,3,a,t600,301,600.01,1,301,600.01,5.477225575051661,1.5,1,5,2,7,0.59775,0.6183,23910,23539,20.119644801591907,5.25037567904332,3.6733277689411463,0.9585830649295102,5,4781.6,10485.723904433113,2.1929320529599114,100.0,73.8,14169.400000000001,7,3415.714285714286,8873.653789247615,2.5978911135396614,93.0,1.0,9484.600000000008,0.6824514242195558,0.21161307346548533,23539 115 100 93 61 1 1,
bi2.5,2.5,10.0,3,3,inside the Turing band,nucl,3,i,cov10,6,10.01,1,6,10.01,5.477225575051661,1.3913210138663537,0,1,0,1,1.0,1.0,40000,40000,105.0075135808664,105.0075135808664,19.1716612985902,19.1716612985902,1,40000.0,0.0,0.0,40000.0,40000.0,40000.0,1,40000.0,0.0,0.0,40000.0,40000.0,40000.0,0.5000140697724819,nan,40000,
bi2.5,2.5,10.0,3,3,inside the Turing band,nucl,3,i,cov20,6,10.01,1,6,10.01,5.477225575051661,1.3913210138663537,0,1,0,1,1.0,1.0,40000,40000,105.0075135808664,105.0075135808664,19.1716612985902,19.1716612985902,1,40000.0,0.0,0.0,40000.0,40000.0,40000.0,1,40000.0,0.0,0.0,40000.0,40000.0,40000.0,0.5000140697724819,nan,40000,
bi2.5,2.5,10.0,3,3,inside the Turing band,nucl,3,i,t600,301,600.01,1,301,600.01,5.477225575051661,1.298247713086641,1,1,0,1,1.0,1.0,40000,40000,105.0075135808664,105.0075135808664,19.1716612985902,19.1716612985902,1,40000.0,0.0,0.0,40000.0,40000.0,40000.0,1,40000.0,0.0,0.0,40000.0,40000.0,40000.0,0.5000140697724819,nan,40000,
bi2.5,2.5,10.0,3,3,inside the Turing band,random,1,a,cov10,6,10.01,1,6,10.01,5.477225575051661,1.5,0,1,0,1,0.696125,0.696125,27845,27845,87.6120799120184,87.6120799120184,15.995704159252568,15.995704159252568,1,27845.0,0.0,0.0,27845.0,27845.0,27845.0,1,27845.0,0.0,0.0,27845.0,27845.0,27845.0,0.5025209729193636,nan,27845,
bi2.5,2.5,10.0,3,3,inside the Turing band,random,1,a,cov20,6,10.01,1,6,10.01,5.477225575051661,1.5,0,1,0,1,0.696125,0.696125,27845,27845,87.6120799120184,87.6120799120184,15.995704159252568,15.995704159252568,1,27845.0,0.0,0.0,27845.0,27845.0,27845.0,1,27845.0,0.0,0.0,27845.0,27845.0,27845.0,0.5025209729193636,nan,27845,
bi2.5,2.5,10.0,3,3,inside the Turing band,random,1,a,t600,301,600.01,1,301,600.01,5.477225575051661,1.5,1,1,0,1,0.608225,0.6094,24329,24329,81.89408005685387,81.89408005685387,14.951744991090939,14.951744991090939,1,24329.0,0.0,0.0,24329.0,24329.0,24329.0,1,24329.0,0.0,0.0,24329.0,24329.0,24329.0,0.5024342112987388,nan,24329,
bi2.5,2.5,10.0,3,3,inside the Turing band,random,1,i,cov10,6,10.01,1,6,10.01,5.477225575051661,1.312053758865816,0,1,0,1,1.0,1.0,40000,40000,105.0075135808664,105.0075135808664,19.1716612985902,19.1716612985902,1,40000.0,0.0,0.0,40000.0,40000.0,40000.0,1,40000.0,0.0,0.0,40000.0,40000.0,40000.0,0.5000140697724819,nan,40000,
bi2.5,2.5,10.0,3,3,inside the Turing band,random,1,i,cov20,6,10.01,1,6,10.01,5.477225575051661,1.312053758865816,0,1,0,1,1.0,1.0,40000,40000,105.0075135808664,105.0075135808664,19.1716612985902,19.1716612985902,1,40000.0,0.0,0.0,40000.0,40000.0,40000.0,1,40000.0,0.0,0.0,40000.0,40000.0,40000.0,0.5000140697724819,nan,40000,
bi2.5,2.5,10.0,3,3,inside the Turing band,random,1,i,t600,301,600.01,1,301,600.01,5.477225575051661,1.2790385893190355,1,1,0,1,1.0,1.0,40000,40000,105.0075135808664,105.0075135808664,19.1716612985902,19.1716612985902,1,40000.0,0.0,0.0,40000.0,40000.0,40000.0,1,40000.0,0.0,0.0,40000.0,40000.0,40000.0,0.5000140697724819,nan,40000,
bi2.5,2.5,10.0,3,3,inside the Turing band,random,2,a,cov10,6,10.01,1,6,10.01,5.477225575051661,1.5,0,1,0,1,0.694475,0.694475,27779,27779,87.5081864339616,87.5081864339616,15.976735892082775,15.976735892082775,1,27779.0,0.0,0.0,27779.0,27779.0,27779.0,1,27779.0,0.0,0.0,27779.0,27779.0,27779.0,0.5017309713635946,nan,27779,
bi2.5,2.5,10.0,3,3,inside the Turing band,random,2,a,cov20,6,10.01,1,6,10.01,5.477225575051661,1.5,0,1,0,1,0.694475,0.694475,27779,27779,87.5081864339616,87.5081864339616,15.976735892082775,15.976735892082775,1,27779.0,0.0,0.0,27779.0,27779.0,27779.0,1,27779.0,0.0,0.0,27779.0,27779.0,27779.0,0.5017309713635946,nan,27779,
bi2.5,2.5,10.0,3,3,inside the Turing band,random,2,a,t600,301,600.01,1,301,600.01,5.477225575051661,1.5,1,2,0,2,0.6082,0.60945,24328,24273,42.84677875323298,42.84677875323298,7.822715746526261,7.822715746526261,2,12164.0,17124.712026775807,1.407819140642536,12164.0,2476.8,21851.2,2,12164.0,17124.712026775807,1.407819140642536,12164.0,2476.8,21851.2,0.6547131915085038,0.2174309933047467,24273 55,
bi2.5,2.5,10.0,3,3,inside the Turing band,random,2,i,cov10,6,10.01,1,6,10.01,5.477225575051661,1.3081590196837625,0,1,0,1,1.0,1.0,40000,40000,105.0075135808664,105.0075135808664,19.1716612985902,19.1716612985902,1,40000.0,0.0,0.0,40000.0,40000.0,40000.0,1,40000.0,0.0,0.0,40000.0,40000.0,40000.0,0.5000140697724819,nan,40000,
bi2.5,2.5,10.0,3,3,inside the Turing band,random,2,i,cov20,6,10.01,1,6,10.01,5.477225575051661,1.3081590196837625,0,1,0,1,1.0,1.0,40000,40000,105.0075135808664,105.0075135808664,19.1716612985902,19.1716612985902,1,40000.0,0.0,0.0,40000.0,40000.0,40000.0,1,40000.0,0.0,0.0,40000.0,40000.0,40000.0,0.5000140697724819,nan,40000,
bi2.5,2.5,10.0,3,3,inside the Turing band,random,2,i,t600,301,600.01,1,301,600.01,5.477225575051661,1.2842952874387623,1,1,0,1,1.0,1.0,40000,40000,105.0075135808664,105.0075135808664,19.1716612985902,19.1716612985902,1,40000.0,0.0,0.0,40000.0,40000.0,40000.0,1,40000.0,0.0,0.0,40000.0,40000.0,40000.0,0.5000140697724819,nan,40000,
bi2.5,2.5,10.0,3,3,inside the Turing band,random,3,a,cov10,6,10.01,1,6,10.01,5.477225575051661,1.5,0,3,0,3,0.700475,0.700475,28019,27990,30.596266490524343,2.2885857000573573,5.586088444099869,0.4178366709017222,3,9339.666666666666,16151.66308258482,1.7293618347462245,19.0,11.8,22395.800000000003,3,9339.666666666666,16151.66308258482,1.7293618347462245,19.0,11.8,22395.800000000003,0.6477836076145965,0.13522451375860436,27990 19 10,
bi2.5,2.5,10.0,3,3,inside the Turing band,random,3,a,cov20,6,10.01,1,6,10.01,5.477225575051661,1.5,0,3,0,3,0.700475,0.700475,28019,27990,30.596266490524343,2.2885857000573573,5.586088444099869,0.4178366709017222,3,9339.666666666666,16151.66308258482,1.7293618347462245,19.0,11.8,22395.800000000003,3,9339.666666666666,16151.66308258482,1.7293618347462245,19.0,11.8,22395.800000000003,0.6477836076145965,0.13522451375860436,27990 19 10,
bi2.5,2.5,10.0,3,3,inside the Turing band,random,3,a,t600,301,600.01,1,301,600.01,5.477225575051661,1.5,1,1,0,1,0.607075,0.608225,24283,24283,81.81662290612886,81.81662290612886,14.937603314860217,14.937603314860217,1,24283.0,0.0,0.0,24283.0,24283.0,24283.0,1,24283.0,0.0,0.0,24283.0,24283.0,24283.0,0.4995533666840446,nan,24283,
bi2.5,2.5,10.0,3,3,inside the Turing band,random,3,i,cov10,6,10.01,1,6,10.01,5.477225575051661,1.3000765199986073,0,1,0,1,1.0,1.0,40000,40000,105.0075135808664,105.0075135808664,19.1716612985902,19.1716612985902,1,40000.0,0.0,0.0,40000.0,40000.0,40000.0,1,40000.0,0.0,0.0,40000.0,40000.0,40000.0,0.5000140697724819,nan,40000,
bi2.5,2.5,10.0,3,3,inside the Turing band,random,3,i,cov20,6,10.01,1,6,10.01,5.477225575051661,1.3000765199986073,0,1,0,1,1.0,1.0,40000,40000,105.0075135808664,105.0075135808664,19.1716612985902,19.1716612985902,1,40000.0,0.0,0.0,40000.0,40000.0,40000.0,1,40000.0,0.0,0.0,40000.0,40000.0,40000.0,0.5000140697724819,nan,40000,
bi2.5,2.5,10.0,3,3,inside the Turing band,random,3,i,t600,301,600.01,1,301,600.01,5.477225575051661,1.2785050152347353,1,1,0,1,1.0,1.0,40000,40000,105.0075135808664,105.0075135808664,19.1716612985902,19.1716612985902,1,40000.0,0.0,0.0,40000.0,40000.0,40000.0,1,40000.0,0.0,0.0,40000.0,40000.0,40000.0,0.5000140697724819,nan,40000,
bi2.5,2.5,10.0,3,3,inside the Turing band,seed1,0,a,cov10,61,120.01,1,61,120.01,5.477225575051661,1.5,1,3,0,3,0.11355,0.1386,4542,3252,18.736832635213364,15.43288964588985,3.420861963501775,2.817647262180595,3,1514.0,1521.000986192974,1.004624165252955,864.0,513.6,2774.4,3,1514.0,1521.000986192974,1.004624165252955,864.0,513.6,2774.4,0.0,0.0,3252 864 426,
bi2.5,2.5,10.0,3,3,inside the Turing band,seed1,0,a,cov20,91,180.01,1,91,180.01,5.477225575051661,1.5,1,3,0,3,0.22725,0.2637,9090,7662,24.45331102948433,16.71896378304734,4.464543352179481,3.0524512006956455,3,3030.0,4022.6319742178753,1.3276013116230612,1014.0,534.0,6332.400000000001,3,3030.0,4022.6319742178753,1.3276013116230612,1014.0,534.0,6332.400000000001,0.0,0.0,7662 1014 414,
bi2.5,2.5,10.0,3,3,inside the Turing band,seed1,0,a,t600,301,600.01,1,301,600.01,5.477225575051661,1.5,1,3,0,3,0.5966,0.59815,23864,22466,35.244731870814725,16.669426003692603,6.4347782262888265,3.0434068809618777,3,7954.666666666667,12570.98155806989,1.5803278861133787,1008.0,513.6,18174.4,3,7954.666666666667,12570.98155806989,1.5803278861133787,1008.0,513.6,18174.4,0.1666017565712555,0.28856270701163667,22466 1008 390,
bi2.5,2.5,10.0,3,3,inside the Turing band,seed1,0,i,cov10,61,120.01,1,46,90.01,5.477225575051661,1.3283954778834024,1,1,0,1,0.163525,0.189475,6541,6541,42.46317407444916,42.46317407444916,7.752679434614786,7.752679434614786,1,6541.0,0.0,0.0,6541.0,6541.0,6541.0,1,6541.0,0.0,0.0,6541.0,6541.0,6541.0,0.0,nan,6541,
bi2.5,2.5,10.0,3,3,inside the Turing band,seed1,0,i,cov20,91,180.01,1,71,140.01,5.477225575051661,1.3388901296877176,1,1,0,1,0.353875,0.391975,14155,14155,62.466232937065556,62.466232937065556,11.404721620667663,11.404721620667663,1,14155.0,0.0,0.0,14155.0,14155.0,14155.0,1,14155.0,0.0,0.0,14155.0,14155.0,14155.0,0.0,nan,14155,
bi2.5,2.5,10.0,3,3,inside the Turing band,seed1,0,i,t600,301,600.01,1,301,600.01,5.477225575051661,1.2909351919188006,1,1,0,1,1.0,1.0,40000,40000,105.0075135808664,105.0075135808664,19.1716612985902,19.1716612985902,1,40000.0,0.0,0.0,40000.0,40000.0,40000.0,1,40000.0,0.0,0.0,40000.0,40000.0,40000.0,0.5000140697724819,nan,40000,
bi2.5,2.5,10.0,3,3,inside the Turing band,seed36,1,a,cov10,6,10.01,1,6,10.01,5.477225575051661,1.5,0,29,0,29,0.17485,0.17485,6994,385,8.096852953682943,7.752086790082741,1.4782763358448265,1.4153309342220441,29,241.17241379310346,60.56877375908979,0.25114304246691505,218.0,195.0,342.2,29,241.17241379310346,60.56877375908979,0.25114304246691505,218.0,195.0,342.2,0.43203237611042233,0.2725526879130224,385 377 351 340 315 299 278 241 241 240 240 239 238 220 218 216 215 214 213 211 206 202 197 196 195 195 195 161 156,
bi2.5,2.5,10.0,3,3,inside the Turing band,seed36,1,a,cov20,16,30.01,1,16,30.01,5.477225575051661,1.5,1,29,0,29,0.3026,0.425375,12104,649,10.65726198160927,10.487617204906341,1.9457409295232013,1.9147681725354944,29,417.37931034482756,95.59789813630223,0.22904321265307048,399.0,317.8,498.4,29,417.37931034482756,95.59789813630223,0.22904321265307048,399.0,317.8,498.4,0.6157751260301483,0.21444173724970012,649 628 500 498 487 485 480 477 475 471 465 444 436 404 399 398 396 391 391 390 389 366 328 326 322 321 305 273 210,
bi2.5,2.5,10.0,3,3,inside the Turing band,seed36,1,a,t600,301,600.01,1,301,600.01,5.477225575051661,1.5,1,29,0,29,0.588,0.5888,23520,1689,14.696705571825095,14.24391215625888,2.6832390542334887,2.600570665035013,29,811.0344827586207,322.6066249827467,0.3977717740008357,736.0,500.8,1280.3999999999999,29,811.0344827586207,322.6066249827467,0.3977717740008357,736.0,500.8,1280.3999999999999,0.7820818218116855,0.13004498989070332,1689 1479 1314 1272 1259 1000 958 899 893 877 868 835 803 738 736 709 663 654 651 636 558 545 530 522 514 504 488 476 450,
bi2.5,2.5,10.0,3,3,inside the Turing band,seed36,1,i,cov10,6,10.01,1,6,10.01,5.477225575051661,1.2821262101034983,0,17,0,17,0.2051,0.2051,8204,1525,10.870187987860515,8.234892478768646,1.9846157217576321,1.5034787897504065,17,482.5882352941176,374.7544293973604,0.7765511091851691,246.0,229.6,941.2,17,482.5882352941176,374.7544293973604,0.7765511091851691,246.0,229.6,941.2,0.5392779324286744,0.35472724240446296,1525 964 926 727 724 487 476 330 246 240 233 233 232 231 230 229 171,
bi2.5,2.5,10.0,3,3,inside the Turing band,seed36,1,i,cov20,16,30.01,1,6,10.01,5.477225575051661,1.3391583747956568,1,9,0,9,0.409725,0.590975,16389,5117,20.51363433856272,16.208276239886953,3.7452600878811233,2.959212838287033,9,1821.0,1667.6745036127404,0.9158014846857443,953.0,584.2,4134.6,9,1821.0,1667.6745036127404,0.9158014846857443,953.0,584.2,4134.6,0.576302817368912,0.31211557059691586,5117 3889 2275 1828 953 607 605 602 513,
bi2.5,2.5,10.0,3,3,inside the Turing band,seed36,1,i,t600,301,600.01,1,301,600.01,5.477225575051661,1.28599343211216,1,1,0,1,1.0,1.0,40000,40000,105.0075135808664,105.0075135808664,19.1716612985902,19.1716612985902,1,40000.0,0.0,0.0,40000.0,40000.0,40000.0,1,40000.0,0.0,0.0,40000.0,40000.0,40000.0,0.5000140697724819,nan,40000,
bi2.5,2.5,10.0,3,3,inside the Turing band,seed36,2,a,cov10,6,10.01,1,6,10.01,5.477225575051661,1.5,0,28,0,28,0.16725,0.16725,6690,467,8.017956909667307,7.840482883058276,1.4638719548430652,1.4314697789280524,28,238.92857142857142,80.4685024974362,0.3367889491671471,223.0,164.0,362.90000000000003,28,238.92857142857142,80.4685024974362,0.3367889491671471,223.0,164.0,362.90000000000003,0.45291961822424714,0.27144970115884176,467 389 372 359 356 304 241 237 237 235 228 227 227 223 223 222 210 204 201 196 192 177 172 171 164 164 150 142,
bi2.5,2.5,10.0,3,3,inside the Turing band,seed36,2,a,cov20,16,30.01,1,16,30.01,5.477225575051661,1.5,1,28,0,28,0.289575,0.4155,11583,730,10.528286155358405,10.461291132012763,1.922193273053046,1.9099617112107148,28,413.67857142857144,143.1758963708183,0.346104212931271,397.0,267.4,615.6,28,413.67857142857144,143.1758963708183,0.346104212931271,397.0,267.4,615.6,0.6089470163309378,0.1814949155335808,730 722 617 615 594 521 486 471 471 442 433 431 404 398 396 395 354 348 335 330 297 290 286 281 268 266 221 181,
bi2.5,2.5,10.0,3,3,inside the Turing band,seed36,2,a,t600,301,600.01,1,301,600.01,5.477225575051661,1.5,1,28,0,28,0.5873,0.588425,23492,2240,14.756476756998822,14.625805634680606,2.6941517297029782,2.670294555933577,28,839.0,417.41621470217984,0.49751634648650755,776.0,375.3,1269.1000000000001,28,839.0,417.41621470217984,0.49751634648650755,776.0,375.3,1269.1000000000001,0.7768873026898652,0.1265409083621435,2240 1357 1323 1246 1129 1110 1089 1015 1013 981 941 863 822 780 772 758 725 701 693 657 626 612 485 415 390 341 232 176,
bi2.5,2.5,10.0,3,3,inside the Turing band,seed36,2,i,cov10,6,10.01,1,6,10.01,5.477225575051661,1.2829913879557135,0,18,0,18,0.195175,0.195175,7807,2955,9.773158271721925,8.074315391011977,1.7843264144967674,1.4741615586894685,18,433.72222222222223,642.9614209957615,1.4824267424008848,236.5,164.8,540.5000000000001,18,433.72222222222223,642.9614209957615,1.4824267424008848,236.5,164.8,540.5000000000001,0.5127884351393044,0.2975794130315677,2955 649 494 427 418 339 242 238 237 236 231 231 229 209 202 169 155 146,
bi2.5,2.5,10.0,3,3,inside the Turing band,seed36,2,i,cov20,16,30.01,1,16,30.01,5.477225575051661,1.3366900504880972,1,10,0,10,0.38935,0.570175,15574,6052,18.416997260881963,15.81959522786116,3.3624682804319694,2.8882497189668785,10,1557.4,1793.0900826351265,1.15133561232511,908.0,350.3,3368.199999999999,10,1557.4,1793.0900826351265,1.15133561232511,908.0,350.3,3368.199999999999,0.6911410463703969,0.25975197406566636,6052 3070 1893 1083 932 884 596 377 352 335,
bi2.5,2.5,10.0,3,3,inside the Turing band,seed36,2,i,t600,301,600.01,1,301,600.01,5.477225575051661,1.2794133123377276,1,1,0,1,1.0,1.0,40000,40000,105.0075135808664,105.0075135808664,19.1716612985902,19.1716612985902,1,40000.0,0.0,0.0,40000.0,40000.0,40000.0,1,40000.0,0.0,0.0,40000.0,40000.0,40000.0,0.5000140697724819,nan,40000,
bi2.5,2.5,10.0,3,3,inside the Turing band,seed36,3,a,cov10,6,10.01,1,6,10.01,5.477225575051661,1.5,0,30,0,30,0.173975,0.173975,6959,360,7.963493250067771,7.840463174909727,1.4539282965340823,1.4314661807288769,30,231.96666666666667,45.487007112932304,0.1960928600931124,223.0,198.5,283.4000000000001,30,231.96666666666667,45.487007112932304,0.1960928600931124,223.0,198.5,283.4000000000001,0.33817167052735014,0.21713939863602352,360 347 341 277 253 241 240 239 236 235 232 231 230 226 224 222 220 219 217 214 210 206 201 200 200 199 199 194 175 171,
bi2.5,2.5,10.0,3,3,inside the Turing band,seed36,3,a,cov20,16,30.01,1,16,30.01,5.477225575051661,1.5,1,30,0,30,0.309875,0.433375,12395,584,10.627214179555631,10.611685656480347,1.9402549765271253,1.9374198690694344,30,413.1666666666667,77.43254387255215,0.18741236919536622,408.5,309.8,516.2,30,413.1666666666667,77.43254387255215,0.18741236919536622,408.5,309.8,516.2,0.5481736402565056,0.17932324203415365,584 567 527 515 498 481 462 455 447 447 444 432 419 414 411 406 405 395 392 389 380 362 358 346 335 320 310 308 295 291,
bi2.5,2.5,10.0,3,3,inside the Turing band,seed36,3,a,t600,301,600.01,1,301,600.01,5.477225575051661,1.5,1,29,0,29,0.588425,0.58965,23537,1592,14.725192001225173,14.46476117371352,2.6884399408885558,2.6408919945892655,29,811.6206896551724,305.48432433398784,0.3763880445972574,759.0,475.0,1312.3999999999999,29,811.6206896551724,305.48432433398784,0.3763880445972574,759.0,475.0,1312.3999999999999,0.7720445334462844,0.13309210823039394,1592 1475 1398 1291 1069 1006 960 899 883 869 783 770 764 761 759 722 714 710 679 636 625 618 616 604 545 475 475 457 382,
bi2.5,2.5,10.0,3,3,inside the Turing band,seed36,3,i,cov10,6,10.01,1,6,10.01,5.477225575051661,1.3052252310144172,0,23,0,23,0.191275,0.191275,7651,1244,9.215638046576982,7.979880163336851,1.6825376133043526,1.4569201238825342,23,332.6521739130435,236.98419753524269,0.7124083836505792,231.0,207.0,487.20000000000005,23,332.6521739130435,236.98419753524269,0.7124083836505792,231.0,207.0,487.20000000000005,0.4388733481739217,0.3103387394383203,1244 735 497 448 444 358 328 253 240 238 231 231 229 228 228 227 227 226 224 223 203 198 191,
bi2.5,2.5,10.0,3,3,inside the Turing band,seed36,3,i,cov20,16,30.01,1,16,30.01,5.477225575051661,1.3339213775049672,1,8,0,8,0.421725,0.6132,16869,6363,21.484597114512233,16.781730003769635,3.922532826176251,3.063910692341962,8,2108.625,2178.2081717057517,1.0329993107858209,1065.0,474.1,4897.2,8,2108.625,2178.2081717057517,1.0329993107858209,1065.0,474.1,4897.2,0.5712859285174731,0.2343051261594484,6363 4269 2580 1486 644 600 490 437,
bi2.5,2.5,10.0,3,3,inside the Turing band,seed36,3,i,t600,301,600.01,1,301,600.01,5.477225575051661,1.2775073381296471,1,1,0,1,1.0,1.0,40000,40000,105.0075135808664,105.0075135808664,19.1716612985902,19.1716612985902,1,40000.0,0.0,0.0,40000.0,40000.0,40000.0,1,40000.0,0.0,0.0,40000.0,40000.0,40000.0,0.5000140697724819,nan,40000,
bi2.5,2.5,10.0,3,3,inside the Turing band,smallpert,1,a,cov10,6,10.01,1,6,10.01,5.477225575051661,1.5,0,1,0,1,0.9995,0.9995,39980,39980,104.98125842016576,104.98125842016576,19.166867784001315,19.166867784001315,1,39980.0,0.0,0.0,39980.0,39980.0,39980.0,1,39980.0,0.0,0.0,39980.0,39980.0,39980.0,0.5002929388385308,nan,39980,
bi2.5,2.5,10.0,3,3,inside the Turing band,smallpert,1,a,cov20,6,10.01,1,6,10.01,5.477225575051661,1.5,0,1,0,1,0.9995,0.9995,39980,39980,104.98125842016576,104.98125842016576,19.166867784001315,19.166867784001315,1,39980.0,0.0,0.0,39980.0,39980.0,39980.0,1,39980.0,0.0,0.0,39980.0,39980.0,39980.0,0.5002929388385308,nan,39980,
bi2.5,2.5,10.0,3,3,inside the Turing band,smallpert,1,a,t600,301,600.01,1,301,600.01,5.477225575051661,1.5,1,2,0,2,0.613275,0.614625,24531,24498,42.597067635221116,42.597067635221116,7.777124942461283,7.777124942461283,2,12265.5,17299.367401728887,1.410408658573143,12265.5,2479.5,22051.5,2,12265.5,17299.367401728887,1.410408658573143,12265.5,2479.5,22051.5,0.6686288306248308,0.23983157625306312,24498 33,
bi2.5,2.5,10.0,3,3,inside the Turing band,smallpert,1,i,cov10,6,10.01,1,6,10.01,5.477225575051661,1.234953652340361,0,1,0,1,1.0,1.0,40000,40000,105.0075135808664,105.0075135808664,19.1716612985902,19.1716612985902,1,40000.0,0.0,0.0,40000.0,40000.0,40000.0,1,40000.0,0.0,0.0,40000.0,40000.0,40000.0,0.5000140697724819,nan,40000,
bi2.5,2.5,10.0,3,3,inside the Turing band,smallpert,1,i,cov20,6,10.01,1,6,10.01,5.477225575051661,1.234953652340361,0,1,0,1,1.0,1.0,40000,40000,105.0075135808664,105.0075135808664,19.1716612985902,19.1716612985902,1,40000.0,0.0,0.0,40000.0,40000.0,40000.0,1,40000.0,0.0,0.0,40000.0,40000.0,40000.0,0.5000140697724819,nan,40000,
bi2.5,2.5,10.0,3,3,inside the Turing band,smallpert,1,i,t600,301,600.01,1,301,600.01,5.477225575051661,1.2694377403958352,1,1,0,1,1.0,1.0,40000,40000,105.0075135808664,105.0075135808664,19.1716612985902,19.1716612985902,1,40000.0,0.0,0.0,40000.0,40000.0,40000.0,1,40000.0,0.0,0.0,40000.0,40000.0,40000.0,0.5000140697724819,nan,40000,
bi2.5,2.5,10.0,3,3,inside the Turing band,smallpert,2,a,cov10,6,10.01,1,6,10.01,5.477225575051661,1.5,0,1,0,1,0.999875,0.999875,39995,39995,105.00095040616198,105.00095040616198,19.17046303231205,19.17046303231205,1,39995.0,0.0,0.0,39995.0,39995.0,39995.0,1,39995.0,0.0,0.0,39995.0,39995.0,39995.0,0.5000117858163312,nan,39995,
bi2.5,2.5,10.0,3,3,inside the Turing band,smallpert,2,a,cov20,6,10.01,1,6,10.01,5.477225575051661,1.5,0,1,0,1,0.999875,0.999875,39995,39995,105.00095040616198,105.00095040616198,19.17046303231205,19.17046303231205,1,39995.0,0.0,0.0,39995.0,39995.0,39995.0,1,39995.0,0.0,0.0,39995.0,39995.0,39995.0,0.5000117858163312,nan,39995,
bi2.5,2.5,10.0,3,3,inside the Turing band,smallpert,2,a,t600,301,600.01,1,301,600.01,5.477225575051661,1.5,1,2,0,2,0.613225,0.61435,24529,24510,42.24336708958443,42.24336708958443,7.7125483533122505,7.7125483533122505,2,12264.5,17317.752178039736,1.4120226815638417,12264.5,2468.1,22060.9,2,12264.5,17317.752178039736,1.4120226815638417,12264.5,2468.1,22060.9,0.6007723784046874,0.14230910939089117,24510 19,
bi2.5,2.5,10.0,3,3,inside the Turing band,smallpert,2,i,cov10,6,10.01,1,6,10.01,5.477225575051661,1.2333721877714783,0,1,0,1,1.0,1.0,40000,40000,105.0075135808664,105.0075135808664,19.1716612985902,19.1716612985902,1,40000.0,0.0,0.0,40000.0,40000.0,40000.0,1,40000.0,0.0,0.0,40000.0,40000.0,40000.0,0.5000140697724819,nan,40000,
bi2.5,2.5,10.0,3,3,inside the Turing band,smallpert,2,i,cov20,6,10.01,1,6,10.01,5.477225575051661,1.2333721877714783,0,1,0,1,1.0,1.0,40000,40000,105.0075135808664,105.0075135808664,19.1716612985902,19.1716612985902,1,40000.0,0.0,0.0,40000.0,40000.0,40000.0,1,40000.0,0.0,0.0,40000.0,40000.0,40000.0,0.5000140697724819,nan,40000,
bi2.5,2.5,10.0,3,3,inside the Turing band,smallpert,2,i,t600,301,600.01,1,301,600.01,5.477225575051661,1.2739411917218517,1,1,0,1,1.0,1.0,40000,40000,105.0075135808664,105.0075135808664,19.1716612985902,19.1716612985902,1,40000.0,0.0,0.0,40000.0,40000.0,40000.0,1,40000.0,0.0,0.0,40000.0,40000.0,40000.0,0.5000140697724819,nan,40000,
bi2.5,2.5,10.0,3,3,inside the Turing band,smallpert,3,a,cov10,6,10.01,1,6,10.01,5.477225575051661,1.5,0,1,0,1,0.999425,0.999425,39977,39977,104.97731957970012,104.97731957970012,19.16614865341017,19.16614865341017,1,39977.0,0.0,0.0,39977.0,39977.0,39977.0,1,39977.0,0.0,0.0,39977.0,39977.0,39977.0,0.4998635224244473,nan,39977,
bi2.5,2.5,10.0,3,3,inside the Turing band,smallpert,3,a,cov20,6,10.01,1,6,10.01,5.477225575051661,1.5,0,1,0,1,0.999425,0.999425,39977,39977,104.97731957970012,104.97731957970012,19.16614865341017,19.16614865341017,1,39977.0,0.0,0.0,39977.0,39977.0,39977.0,1,39977.0,0.0,0.0,39977.0,39977.0,39977.0,0.4998635224244473,nan,39977,
bi2.5,2.5,10.0,3,3,inside the Turing band,smallpert,3,a,t600,301,600.01,1,301,600.01,5.477225575051661,1.5,1,1,0,1,0.614925,0.61605,24597,24597,82.34390335868775,82.34390335868775,15.033871114192898,15.033871114192898,1,24597.0,0.0,0.0,24597.0,24597.0,24597.0,1,24597.0,0.0,0.0,24597.0,24597.0,24597.0,0.49895198976867855,nan,24597,
bi2.5,2.5,10.0,3,3,inside the Turing band,smallpert,3,i,cov10,6,10.01,1,6,10.01,5.477225575051661,1.2343062195628824,0,1,0,1,1.0,1.0,40000,40000,105.0075135808664,105.0075135808664,19.1716612985902,19.1716612985902,1,40000.0,0.0,0.0,40000.0,40000.0,40000.0,1,40000.0,0.0,0.0,40000.0,40000.0,40000.0,0.5000140697724819,nan,40000,
bi2.5,2.5,10.0,3,3,inside the Turing band,smallpert,3,i,cov20,6,10.01,1,6,10.01,5.477225575051661,1.2343062195628824,0,1,0,1,1.0,1.0,40000,40000,105.0075135808664,105.0075135808664,19.1716612985902,19.1716612985902,1,40000.0,0.0,0.0,40000.0,40000.0,40000.0,1,40000.0,0.0,0.0,40000.0,40000.0,40000.0,0.5000140697724819,nan,40000,
bi2.5,2.5,10.0,3,3,inside the Turing band,smallpert,3,i,t600,301,600.01,1,301,600.01,5.477225575051661,1.284011877384749,1,1,0,1,1.0,1.0,40000,40000,105.0075135808664,105.0075135808664,19.1716612985902,19.1716612985902,1,40000.0,0.0,0.0,40000.0,40000.0,40000.0,1,40000.0,0.0,0.0,40000.0,40000.0,40000.0,0.5000140697724819,nan,40000,
bi20,20.0,10.0,3,3,"arrests, small domains",nucl,1,a,cov10,nan,nan,0,,,5.477225575051661,,,,,,,,,,,,,,,,,,,,,,,,,,,,,,,activator coverage never reached 10 %
bi20,20.0,10.0,3,3,"arrests, small domains",nucl,1,a,cov20,nan,nan,0,,,5.477225575051661,,,,,,,,,,,,,,,,,,,,,,,,,,,,,,,activator coverage never reached 20 %
bi20,20.0,10.0,3,3,"arrests, small domains",nucl,1,a,t600,301,600.01,1,301,600.01,5.477225575051661,1.5,1,0,27,27,0.001075,0.018125,43,4,nan,nan,nan,nan,0,nan,nan,nan,nan,nan,nan,27,1.5925925925925926,0.9306432539361503,0.58435739200642,1.0,1.0,3.0,nan,nan,4 4 3 3 2 2 2 2 2 2 1 1 1 1 1 1 1 1 1 1 1 1 1 1 1 1 1,
bi20,20.0,10.0,3,3,"arrests, small domains",nucl,1,i,cov10,nan,nan,0,,,5.477225575051661,,,,,,,,,,,,,,,,,,,,,,,,,,,,,,,activator coverage never reached 10 %
bi20,20.0,10.0,3,3,"arrests, small domains",nucl,1,i,cov20,nan,nan,0,,,5.477225575051661,,,,,,,,,,,,,,,,,,,,,,,,,,,,,,,activator coverage never reached 20 %
bi20,20.0,10.0,3,3,"arrests, small domains",nucl,1,i,t600,301,600.01,1,301,600.01,5.477225575051661,0.907445605944091,1,36,26,62,0.0193,0.103575,772,72,2.220943807435318,2.100150271617328,0.40548700742791116,0.383433225971804,36,19.75,13.670353741896054,0.692169809716256,16.0,8.0,34.5,62,12.451612903225806,13.529176024920119,1.086540043452134,8.0,1.0,30.0,0.609249389740606,0.16318782672576065,72 44 38 36 33 31 30 30 30 28 26 26 19 18 18 17 17 16 16 16 15 12 11 11 11 10 9 9 9 9 8 8 8 7 7 6 5 5 4 4 4 4 4 4 3 3 2 2 2 2 2 1 1 1 1 1 1 1 1 1 1 1,
bi20,20.0,10.0,3,3,"arrests, small domains",nucl,2,a,cov10,nan,nan,0,,,5.477225575051661,,,,,,,,,,,,,,,,,,,,,,,,,,,,,,,activator coverage never reached 10 %
bi20,20.0,10.0,3,3,"arrests, small domains",nucl,2,a,cov20,nan,nan,0,,,5.477225575051661,,,,,,,,,,,,,,,,,,,,,,,,,,,,,,,activator coverage never reached 20 %
bi20,20.0,10.0,3,3,"arrests, small domains",nucl,2,a,t600,301,600.01,1,301,600.01,5.477225575051661,1.5,1,0,37,37,0.0015,0.017925,60,4,nan,nan,nan,nan,0,nan,nan,nan,nan,nan,nan,37,1.6216216216216217,0.8929150560368536,0.5506309512227263,1.0,1.0,3.0,nan,nan,4 4 3 3 3 3 2 2 2 2 2 2 2 2 2 1 1 1 1 1 1 1 1 1 1 1 1 1 1 1 1 1 1 1 1 1 1,
bi20,20.0,10.0,3,3,"arrests, small domains",nucl,2,i,cov10,nan,nan,0,,,5.477225575051661,,,,,,,,,,,,,,,,,,,,,,,,,,,,,,,activator coverage never reached 10 %
bi20,20.0,10.0,3,3,"arrests, small domains",nucl,2,i,cov20,nan,nan,0,,,5.477225575051661,,,,,,,,,,,,,,,,,,,,,,,,,,,,,,,activator coverage never reached 20 %
bi20,20.0,10.0,3,3,"arrests, small domains",nucl,2,i,t600,301,600.01,1,301,600.01,5.477225575051661,1.0179487649812922,1,32,23,55,0.0107,0.055575,428,23,1.7705895408470471,1.7413526135794142,0.32326394386821417,0.3179260356760073,32,11.875,5.014495118187132,0.42227327311049534,11.0,6.0,18.0,55,7.781818181818182,6.2173321332561,0.7989562320773026,6.0,1.0,17.0,0.5507111203624133,0.2802430640267859,23 21 20 18 18 17 17 17 16 15 14 13 12 12 12 11 11 10 10 10 9 9 7 7 7 7 7 6 6 6 6 6 5 4 3 3 3 3 3 2 2 2 2 2 2 2 2 1 1 1 1 1 1 1 1,
bi20,20.0,10.0,3,3,"arrests, small domains",nucl,3,a,cov10,nan,nan,0,,,5.477225575051661,,,,,,,,,,,,,,,,,,,,,,,,,,,,,,,activator coverage never reached 10 %
bi20,20.0,10.0,3,3,"arrests, small domains",nucl,3,a,cov20,nan,nan,0,,,5.477225575051661,,,,,,,,,,,,,,,,,,,,,,,,,,,,,,,activator coverage never reached 20 %
bi20,20.0,10.0,3,3,"arrests, small domains",nucl,3,a,t600,301,600.01,1,301,600.01,5.477225575051661,1.5,1,0,34,34,0.001725,0.01865,69,4,nan,nan,nan,nan,0,nan,nan,nan,nan,nan,nan,34,2.0294117647058822,0.999554267862857,0.49253398706285706,2.0,1.0,3.0,nan,nan,4 3 3 3 3 3 3 3 3 3 3 3 3 3 3 2 2 2 2 1 1 1 1 1 1 1 1 1 1 1 1 1 1 1,
bi20,20.0,10.0,3,3,"arrests, small domains",nucl,3,i,cov10,nan,nan,0,6,10.01,5.477225575051661,,,,,,,,,,,,,,,,,,,,,,,,,,,,,,,activator coverage never reached 10 %
bi20,20.0,10.0,3,3,"arrests, small domains",nucl,3,i,cov20,nan,nan,0,,,5.477225575051661,,,,,,,,,,,,,,,,,,,,,,,,,,,,,,,activator coverage never reached 20 %
bi20,20.0,10.0,3,3,"arrests, small domains",nucl,3,i,t600,301,600.01,1,301,600.01,5.477225575051661,0.9463595937490272,1,32,14,46,0.01515,0.07755,606,48,2.139807139409415,2.130503752241898,0.39067354632171275,0.3889749879840951,32,17.75,9.50721288150179,0.5356176271268615,16.5,8.1,28.900000000000002,46,13.173913043478262,10.571038733416014,0.8024220820744828,10.0,2.0,27.0,0.5398254460203544,0.2243103632632969,48 31 30 29 28 26 26 26 25 22 22 20 19 18 18 18 15 14 14 12 11 11 10 10 9 9 9 9 8 8 7 6 5 5 4 4 3 3 3 2 2 2 2 1 1 1,
bi20,20.0,10.0,3,3,"arrests, small domains",random,1,a,cov10,nan,nan,0,,,5.477225575051661,,,,,,,,,,,,,,,,,,,,,,,,,,,,,,,activator coverage never reached 10 %
bi20,20.0,10.0,3,3,"arrests, small domains",random,1,a,cov20,nan,nan,0,,,5.477225575051661,,,,,,,,,,,,,,,,,,,,,,,,,,,,,,,activator coverage never reached 20 %
bi20,20.0,10.0,3,3,"arrests, small domains",random,1,a,t600,301,600.01,1,301,600.01,5.477225575051661,1.5,1,0,0,0,0.0,0.0,0,0,nan,nan,nan,nan,0,nan,nan,nan,nan,nan,nan,0,nan,nan,nan,nan,nan,nan,nan,nan,,
bi20,20.0,10.0,3,3,"arrests, small domains",random,1,i,cov10,nan,nan,0,,,5.477225575051661,,,,,,,,,,,,,,,,,,,,,,,,,,,,,,,activator coverage never reached 10 %
bi20,20.0,10.0,3,3,"arrests, small domains",random,1,i,cov20,nan,nan,0,,,5.477225575051661,,,,,,,,,,,,,,,,,,,,,,,,,,,,,,,activator coverage never reached 20 %
bi20,20.0,10.0,3,3,"arrests, small domains",random,1,i,t600,301,600.01,1,301,600.01,5.477225575051661,inf,1,0,0,0,0.0,0.0,0,0,nan,nan,nan,nan,0,nan,nan,nan,nan,nan,nan,0,nan,nan,nan,nan,nan,nan,nan,nan,,
bi20,20.0,10.0,3,3,"arrests, small domains",random,2,a,cov10,nan,nan,0,,,5.477225575051661,,,,,,,,,,,,,,,,,,,,,,,,,,,,,,,activator coverage never reached 10 %
bi20,20.0,10.0,3,3,"arrests, small domains",random,2,a,cov20,nan,nan,0,,,5.477225575051661,,,,,,,,,,,,,,,,,,,,,,,,,,,,,,,activator coverage never reached 20 %
bi20,20.0,10.0,3,3,"arrests, small domains",random,2,a,t600,301,600.01,1,301,600.01,5.477225575051661,1.5,1,0,0,0,0.0,0.0,0,0,nan,nan,nan,nan,0,nan,nan,nan,nan,nan,nan,0,nan,nan,nan,nan,nan,nan,nan,nan,,
bi20,20.0,10.0,3,3,"arrests, small domains",random,2,i,cov10,nan,nan,0,,,5.477225575051661,,,,,,,,,,,,,,,,,,,,,,,,,,,,,,,activator coverage never reached 10 %
bi20,20.0,10.0,3,3,"arrests, small domains",random,2,i,cov20,nan,nan,0,,,5.477225575051661,,,,,,,,,,,,,,,,,,,,,,,,,,,,,,,activator coverage never reached 20 %
bi20,20.0,10.0,3,3,"arrests, small domains",random,2,i,t600,301,600.01,1,301,600.01,5.477225575051661,inf,1,0,0,0,0.0,0.0,0,0,nan,nan,nan,nan,0,nan,nan,nan,nan,nan,nan,0,nan,nan,nan,nan,nan,nan,nan,nan,,
bi20,20.0,10.0,3,3,"arrests, small domains",random,3,a,cov10,nan,nan,0,,,5.477225575051661,,,,,,,,,,,,,,,,,,,,,,,,,,,,,,,activator coverage never reached 10 %
bi20,20.0,10.0,3,3,"arrests, small domains",random,3,a,cov20,nan,nan,0,,,5.477225575051661,,,,,,,,,,,,,,,,,,,,,,,,,,,,,,,activator coverage never reached 20 %
bi20,20.0,10.0,3,3,"arrests, small domains",random,3,a,t600,301,600.01,1,301,600.01,5.477225575051661,1.5,1,0,0,0,0.0,0.0,0,0,nan,nan,nan,nan,0,nan,nan,nan,nan,nan,nan,0,nan,nan,nan,nan,nan,nan,nan,nan,,
bi20,20.0,10.0,3,3,"arrests, small domains",random,3,i,cov10,nan,nan,0,,,5.477225575051661,,,,,,,,,,,,,,,,,,,,,,,,,,,,,,,activator coverage never reached 10 %
bi20,20.0,10.0,3,3,"arrests, small domains",random,3,i,cov20,nan,nan,0,,,5.477225575051661,,,,,,,,,,,,,,,,,,,,,,,,,,,,,,,activator coverage never reached 20 %
bi20,20.0,10.0,3,3,"arrests, small domains",random,3,i,t600,301,600.01,1,301,600.01,5.477225575051661,inf,1,0,0,0,0.0,0.0,0,0,nan,nan,nan,nan,0,nan,nan,nan,nan,nan,nan,0,nan,nan,nan,nan,nan,nan,nan,nan,,
bi20,20.0,10.0,3,3,"arrests, small domains",seed1,0,a,cov10,nan,nan,0,,,5.477225575051661,,,,,,,,,,,,,,,,,,,,,,,,,,,,,,,activator coverage never reached 10 %
bi20,20.0,10.0,3,3,"arrests, small domains",seed1,0,a,cov20,nan,nan,0,,,5.477225575051661,,,,,,,,,,,,,,,,,,,,,,,,,,,,,,,activator coverage never reached 20 %
bi20,20.0,10.0,3,3,"arrests, small domains",seed1,0,a,t600,301,600.01,1,301,600.01,5.477225575051661,1.5,1,1,0,1,0.000175,0.000175,7,7,1.3891188336410505,1.3891188336410505,0.2536172400801565,0.2536172400801565,1,7.0,0.0,0.0,7.0,7.0,7.0,1,7.0,0.0,0.0,7.0,7.0,7.0,0.0,nan,7,
bi20,20.0,10.0,3,3,"arrests, small domains",seed1,0,i,cov10,nan,nan,0,,,5.477225575051661,,,,,,,,,,,,,,,,,,,,,,,,,,,,,,,activator coverage never reached 10 %
bi20,20.0,10.0,3,3,"arrests, small domains",seed1,0,i,cov20,nan,nan,0,,,5.477225575051661,,,,,,,,,,,,,,,,,,,,,,,,,,,,,,,activator coverage never reached 20 %
bi20,20.0,10.0,3,3,"arrests, small domains",seed1,0,i,t600,301,600.01,1,301,600.01,5.477225575051661,0.983155147024676,1,1,0,1,0.000775,0.000775,31,31,2.9232854597246876,2.9232854597246876,0.5337164627726904,0.5337164627726904,1,31.0,0.0,0.0,31.0,31.0,31.0,1,31.0,0.0,0.0,31.0,31.0,31.0,0.0,nan,31,
bi20,20.0,10.0,3,3,"arrests, small domains",seed36,1,a,cov10,nan,nan,0,,,5.477225575051661,,,,,,,,,,,,,,,,,,,,,,,,,,,,,,,activator coverage never reached 10 %
bi20,20.0,10.0,3,3,"arrests, small domains",seed36,1,a,cov20,nan,nan,0,,,5.477225575051661,,,,,,,,,,,,,,,,,,,,,,,,,,,,,,,activator coverage never reached 20 %
bi20,20.0,10.0,3,3,"arrests, small domains",seed36,1,a,t600,301,600.01,1,301,600.01,5.477225575051661,1.5,1,36,0,36,0.007125,0.007275,285,9,1.4741764283910284,1.4850304985713823,0.26914656119072183,0.27112823421689647,36,7.916666666666667,1.02469507659596,0.129435167570016,8.0,7.0,9.0,36,7.916666666666667,1.02469507659596,0.129435167570016,8.0,7.0,9.0,0.3485475862382396,0.3024133339332422,9 9 9 9 9 9 9 9 9 9 9 9 9 9 8 8 8 8 8 8 8 8 7 7 7 7 7 7 7 7 7 7 7 6 6 6,
bi20,20.0,10.0,3,3,"arrests, small domains",seed36,1,i,cov10,nan,nan,0,,,5.477225575051661,,,,,,,,,,,,,,,,,,,,,,,,,,,,,,,activator coverage never reached 10 %
bi20,20.0,10.0,3,3,"arrests, small domains",seed36,1,i,cov20,nan,nan,0,,,5.477225575051661,,,,,,,,,,,,,,,,,,,,,,,,,,,,,,,activator coverage never reached 20 %
bi20,20.0,10.0,3,3,"arrests, small domains",seed36,1,i,t600,301,600.01,1,301,600.01,5.477225575051661,0.9780159813020116,1,36,0,36,0.026875,0.027075,1075,33,2.8680808769732526,2.87574919478853,0.5236375310224832,0.525037567904332,36,29.86111111111111,1.606287250201137,0.05379194512301482,30.0,28.0,32.0,36,29.86111111111111,1.606287250201137,0.05379194512301482,30.0,28.0,32.0,0.3393261414487699,0.17202549006888337,33 33 33 32 32 31 31 31 31 31 31 31 31 30 30 30 30 30 30 29 29 29 29 29 29 29 29 29 29 28 28 28 28 28 27 27,
bi20,20.0,10.0,3,3,"arrests, small domains",seed36,2,a,cov10,nan,nan,0,,,5.477225575051661,,,,,,,,,,,,,,,,,,,,,,,,,,,,,,,activator coverage never reached 10 %
bi20,20.0,10.0,3,3,"arrests, small domains",seed36,2,a,cov20,nan,nan,0,,,5.477225575051661,,,,,,,,,,,,,,,,,,,,,,,,,,,,,,,activator coverage never reached 20 %
bi20,20.0,10.0,3,3,"arrests, small domains",seed36,2,a,t600,301,600.01,1,301,600.01,5.477225575051661,1.5,1,35,0,35,0.007125,0.0072,285,9,1.4965669370684773,1.4850304985713823,0.2732344900829398,0.27112823421689647,35,8.142857142857142,0.772423883280537,0.09485907338532912,8.0,7.0,9.0,35,8.142857142857142,0.772423883280537,0.09485907338532912,8.0,7.0,9.0,0.4012115160439351,0.29865841423698586,9 9 9 9 9 9 9 9 9 9 9 9 9 8 8 8 8 8 8 8 8 8 8 8 8 8 8 7 7 7 7 7 7 7 7,
bi20,20.0,10.0,3,3,"arrests, small domains",seed36,2,i,cov10,nan,nan,0,,,5.477225575051661,,,,,,,,,,,,,,,,,,,,,,,,,,,,,,,activator coverage never reached 10 %
bi20,20.0,10.0,3,3,"arrests, small domains",seed36,2,i,cov20,nan,nan,0,,,5.477225575051661,,,,,,,,,,,,,,,,,,,,,,,,,,,,,,,activator coverage never reached 20 %
bi20,20.0,10.0,3,3,"arrests, small domains",seed36,2,i,t600,301,600.01,1,301,600.01,5.477225575051661,0.9773061996843245,1,35,0,35,0.0261,0.0263,1044,33,2.866939738069106,2.87574919478853,0.523429188516134,0.525037567904332,35,29.82857142857143,1.2244017575393897,0.04104795164164621,30.0,28.4,31.0,35,29.82857142857143,1.2244017575393897,0.04104795164164621,30.0,28.4,31.0,0.3847292041958228,0.14306559548552283,33 32 32 31 31 31 31 31 31 31 30 30 30 30 30 30 30 30 30 29 29 29 29 29 29 29 29 29 29 29 29 28 28 28 28,
bi20,20.0,10.0,3,3,"arrests, small domains",seed36,3,a,cov10,nan,nan,0,,,5.477225575051661,,,,,,,,,,,,,,,,,,,,,,,,,,,,,,,activator coverage never reached 10 %
bi20,20.0,10.0,3,3,"arrests, small domains",seed36,3,a,cov20,nan,nan,0,,,5.477225575051661,,,,,,,,,,,,,,,,,,,,,,,,,,,,,,,activator coverage never reached 20 %
bi20,20.0,10.0,3,3,"arrests, small domains",seed36,3,a,t600,301,600.01,1,301,600.01,5.477225575051661,1.5,1,33,0,33,0.006975,0.007,279,9,1.5250937039707948,1.575112703712996,0.2784427413246368,0.28757491947885305,33,8.454545454545455,0.753778361444409,0.08915658038589784,9.0,7.0,9.0,33,8.454545454545455,0.753778361444409,0.08915658038589784,9.0,7.0,9.0,0.4810883115745259,0.2360346918299106,9 9 9 9 9 9 9 9 9 9 9 9 9 9 9 9 9 9 9 9 8 8 8 8 8 8 8 8 7 7 7 7 7,
bi20,20.0,10.0,3,3,"arrests, small domains",seed36,3,i,cov10,nan,nan,0,,,5.477225575051661,,,,,,,,,,,,,,,,,,,,,,,,,,,,,,,activator coverage never reached 10 %
bi20,20.0,10.0,3,3,"arrests, small domains",seed36,3,i,cov20,nan,nan,0,,,5.477225575051661,,,,,,,,,,,,,,,,,,,,,,,,,,,,,,,activator coverage never reached 20 %
bi20,20.0,10.0,3,3,"arrests, small domains",seed36,3,i,t600,301,600.01,1,301,600.01,5.477225575051661,0.9752601974458346,1,33,0,33,0.025,0.02515,1000,34,2.889093368646483,2.87574919478853,0.5274738695820891,0.525037567904332,33,30.303030303030305,1.7407765595569784,0.05744562646538028,30.0,28.0,33.0,33,30.303030303030305,1.7407765595569784,0.05744562646538028,30.0,28.0,33.0,0.4022390526853198,0.10686629155362257,34 33 33 33 33 32 32 32 32 32 31 30 30 30 30 30 30 30 30 30 30 29 29 29 29 29 29 29 28 28 28 28 28,
bi20,20.0,10.0,3,3,"arrests, small domains",smallpert,1,a,cov10,nan,nan,0,,,5.477225575051661,,,,,,,,,,,,,,,,,,,,,,,,,,,,,,,activator coverage never reached 10 %
bi20,20.0,10.0,3,3,"arrests, small domains",smallpert,1,a,cov20,nan,nan,0,,,5.477225575051661,,,,,,,,,,,,,,,,,,,,,,,,,,,,,,,activator coverage never reached 20 %
bi20,20.0,10.0,3,3,"arrests, small domains",smallpert,1,a,t600,301,600.01,1,301,600.01,5.477225575051661,1.5,1,0,0,0,0.0,0.0,0,0,nan,nan,nan,nan,0,nan,nan,nan,nan,nan,nan,0,nan,nan,nan,nan,nan,nan,nan,nan,,
bi20,20.0,10.0,3,3,"arrests, small domains",smallpert,1,i,cov10,nan,nan,0,,,5.477225575051661,,,,,,,,,,,,,,,,,,,,,,,,,,,,,,,activator coverage never reached 10 %
bi20,20.0,10.0,3,3,"arrests, small domains",smallpert,1,i,cov20,nan,nan,0,,,5.477225575051661,,,,,,,,,,,,,,,,,,,,,,,,,,,,,,,activator coverage never reached 20 %
bi20,20.0,10.0,3,3,"arrests, small domains",smallpert,1,i,t600,301,600.01,1,301,600.01,5.477225575051661,inf,1,0,0,0,0.0,0.0,0,0,nan,nan,nan,nan,0,nan,nan,nan,nan,nan,nan,0,nan,nan,nan,nan,nan,nan,nan,nan,,
bi20,20.0,10.0,3,3,"arrests, small domains",smallpert,2,a,cov10,nan,nan,0,,,5.477225575051661,,,,,,,,,,,,,,,,,,,,,,,,,,,,,,,activator coverage never reached 10 %
bi20,20.0,10.0,3,3,"arrests, small domains",smallpert,2,a,cov20,nan,nan,0,,,5.477225575051661,,,,,,,,,,,,,,,,,,,,,,,,,,,,,,,activator coverage never reached 20 %
bi20,20.0,10.0,3,3,"arrests, small domains",smallpert,2,a,t600,301,600.01,1,301,600.01,5.477225575051661,1.5,1,0,0,0,0.0,0.0,0,0,nan,nan,nan,nan,0,nan,nan,nan,nan,nan,nan,0,nan,nan,nan,nan,nan,nan,nan,nan,,
bi20,20.0,10.0,3,3,"arrests, small domains",smallpert,2,i,cov10,nan,nan,0,,,5.477225575051661,,,,,,,,,,,,,,,,,,,,,,,,,,,,,,,activator coverage never reached 10 %
bi20,20.0,10.0,3,3,"arrests, small domains",smallpert,2,i,cov20,nan,nan,0,,,5.477225575051661,,,,,,,,,,,,,,,,,,,,,,,,,,,,,,,activator coverage never reached 20 %
bi20,20.0,10.0,3,3,"arrests, small domains",smallpert,2,i,t600,301,600.01,1,301,600.01,5.477225575051661,inf,1,0,0,0,0.0,0.0,0,0,nan,nan,nan,nan,0,nan,nan,nan,nan,nan,nan,0,nan,nan,nan,nan,nan,nan,nan,nan,,
bi20,20.0,10.0,3,3,"arrests, small domains",smallpert,3,a,cov10,nan,nan,0,,,5.477225575051661,,,,,,,,,,,,,,,,,,,,,,,,,,,,,,,activator coverage never reached 10 %
bi20,20.0,10.0,3,3,"arrests, small domains",smallpert,3,a,cov20,nan,nan,0,,,5.477225575051661,,,,,,,,,,,,,,,,,,,,,,,,,,,,,,,activator coverage never reached 20 %
bi20,20.0,10.0,3,3,"arrests, small domains",smallpert,3,a,t600,301,600.01,1,301,600.01,5.477225575051661,1.5,1,0,0,0,0.0,0.0,0,0,nan,nan,nan,nan,0,nan,nan,nan,nan,nan,nan,0,nan,nan,nan,nan,nan,nan,nan,nan,,
bi20,20.0,10.0,3,3,"arrests, small domains",smallpert,3,i,cov10,nan,nan,0,,,5.477225575051661,,,,,,,,,,,,,,,,,,,,,,,,,,,,,,,activator coverage never reached 10 %
bi20,20.0,10.0,3,3,"arrests, small domains",smallpert,3,i,cov20,nan,nan,0,,,5.477225575051661,,,,,,,,,,,,,,,,,,,,,,,,,,,,,,,activator coverage never reached 20 %
bi20,20.0,10.0,3,3,"arrests, small domains",smallpert,3,i,t600,301,600.01,1,301,600.01,5.477225575051661,inf,1,0,0,0,0.0,0.0,0,0,nan,nan,nan,nan,0,nan,nan,nan,nan,nan,nan,0,nan,nan,nan,nan,nan,nan,nan,nan,,
bi3.2,3.2,10.0,3,3,"Turing band, near its edge",nucl,1,a,cov10,6,10.01,1,6,10.01,5.477225575051661,1.5,0,103,192,295,0.226725,0.226725,9069,255,4.525128922796962,4.48592294660702,0.8261717288783165,0.8190137296955692,103,85.95145631067962,61.91698722226313,0.7203715897315149,73.0,15.000000000000005,172.2,295,30.742372881355934,54.50633179030338,1.7730034048009147,1.0,1.0,112.60000000000002,0.5863942716120948,0.225034684286729,255 238 233 224 221 209 199 189 182 181 174 165 164 158 158 150 150 148 141 140 139 139 139 135 135 130 128 124 123 113 112 111 110 109 108 108 105 103 99 99 95 95 94 92 89 89 86 82 78 76 74 73 68 67 63 61 61 60 60 57 57 56 53 52 51 49 49 46 46 45 42 42 41 40 38 36 35 34 32 31 31 29 28 26 26 25 24 22 22 21 19 19 14 14 12 12 12 11 10 9 9 8 7 5 4 3 3 3 3 3 2 2 2 2 2 2 2 1 1 1 1 1 1 1 1 1 1 1 1 1 1 1 1 1 1 1 1 1 1 1 1 1 1 1 1 1 1 1 1 1 1 1 1 1 1 1 1 1 1 1 1 1 1 1 1 1 1 1 1 1 1 1 1 1 1 1 1 1 1 1 1 1 1 1 1 1 1 1 1 1 1 1 1 1 1 1 1 1 1 1 1 1 1 1 1 1 1 1 1 1 1 1 1 1 1 1 1 1 1 1 1 1 1 1 1 1 1 1 1 1 1 1 1 1 1 1 1 1 1 1 1 1 1 1 1 1 1 1 1 1 1 1 1 1 1 1 1 1 1 1 1 1 1 1 1 1 1 1 1 1 1 1 1 1 1 1 1 1 1 1 1 1 1 1 1 1 1 1 1 1 1 1 1 1 1,
bi3.2,3.2,10.0,3,3,"Turing band, near its edge",nucl,1,a,cov20,6,10.01,1,6,10.01,5.477225575051661,1.5,0,103,192,295,0.226725,0.226725,9069,255,4.525128922796962,4.48592294660702,0.8261717288783165,0.8190137296955692,103,85.95145631067962,61.91698722226313,0.7203715897315149,73.0,15.000000000000005,172.2,295,30.742372881355934,54.50633179030338,1.7730034048009147,1.0,1.0,112.60000000000002,0.5863942716120948,0.225034684286729,255 238 233 224 221 209 199 189 182 181 174 165 164 158 158 150 150 148 141 140 139 139 139 135 135 130 128 124 123 113 112 111 110 109 108 108 105 103 99 99 95 95 94 92 89 89 86 82 78 76 74 73 68 67 63 61 61 60 60 57 57 56 53 52 51 49 49 46 46 45 42 42 41 40 38 36 35 34 32 31 31 29 28 26 26 25 24 22 22 21 19 19 14 14 12 12 12 11 10 9 9 8 7 5 4 3 3 3 3 3 2 2 2 2 2 2 2 1 1 1 1 1 1 1 1 1 1 1 1 1 1 1 1 1 1 1 1 1 1 1 1 1 1 1 1 1 1 1 1 1 1 1 1 1 1 1 1 1 1 1 1 1 1 1 1 1 1 1 1 1 1 1 1 1 1 1 1 1 1 1 1 1 1 1 1 1 1 1 1 1 1 1 1 1 1 1 1 1 1 1 1 1 1 1 1 1 1 1 1 1 1 1 1 1 1 1 1 1 1 1 1 1 1 1 1 1 1 1 1 1 1 1 1 1 1 1 1 1 1 1 1 1 1 1 1 1 1 1 1 1 1 1 1 1 1 1 1 1 1 1 1 1 1 1 1 1 1 1 1 1 1 1 1 1 1 1 1 1 1 1 1 1 1 1 1 1 1 1 1 1 1 1 1 1 1,
bi3.2,3.2,10.0,3,3,"Turing band, near its edge",nucl,1,a,t600,301,600.01,1,301,600.01,5.477225575051661,1.5,1,116,0,116,0.43665,0.449925,17466,414,6.2155025671551485,6.201214957546336,1.1347903207540477,1.1321817720621896,116,150.56896551724137,78.06254172002154,0.51845040876689,139.5,56.0,250.5,116,150.56896551724137,78.06254172002154,0.51845040876689,139.5,56.0,250.5,0.8043104968912845,0.19547851922655254,414 361 329 320 310 302 290 267 263 262 260 252 249 248 247 247 244 235 225 222 219 217 215 215 207 202 197 196 194 194 192 191 190 189 187 187 187 180 179 176 176 175 174 169 167 166 165 163 162 162 161 158 158 153 148 148 147 140 139 138 136 131 129 129 125 125 124 121 121 121 119 115 114 113 113 112 109 107 106 106 104 102 98 98 97 93 92 90 89 87 86 85 81 81 77 77 76 76 76 72 72 67 67 60 52 52 43 43 40 38 37 37 34 34 28 19,
bi3.2,3.2,10.0,3,3,"Turing band, near its edge",nucl,1,i,cov10,6,10.01,1,6,10.01,5.477225575051661,1.344951764417076,0,49,5,54,0.25335,0.25335,10134,882,6.70839900634563,6.430370685787437,1.2247804868402479,1.174019692575248,49,206.53061224489795,197.17146747192916,0.9546839828186294,150.0,19.000000000000004,465.0000000000001,54,187.66666666666666,196.88172869603625,1.0491033500676887,127.5,6.300000000000001,435.3000000000002,0.6169897232535134,0.2712051103126813,882 691 650 568 501 456 387 364 338 330 304 303 300 291 286 280 259 251 220 190 173 163 157 155 150 130 129 126 120 115 102 86 81 71 61 60 57 52 52 50 43 37 29 20 15 12 10 7 6 5 5 2 1 1,
bi3.2,3.2,10.0,3,3,"Turing band, near its edge",nucl,1,i,cov20,6,10.01,1,6,10.01,5.477225575051661,1.344951764417076,0,49,5,54,0.25335,0.25335,10134,882,6.70839900634563,6.430370685787437,1.2247804868402479,1.174019692575248,49,206.53061224489795,197.17146747192916,0.9546839828186294,150.0,19.000000000000004,465.0000000000001,54,187.66666666666666,196.88172869603625,1.0491033500676887,127.5,6.300000000000001,435.3000000000002,0.6169897232535134,0.2712051103126813,882 691 650 568 501 456 387 364 338 330 304 303 300 291 286 280 259 251 220 190 173 163 157 155 150 130 129 126 120 115 102 86 81 71 61 60 57 52 52 50 43 37 29 20 15 12 10 7 6 5 5 2 1 1,
bi3.2,3.2,10.0,3,3,"Turing band, near its edge",nucl,1,i,t600,301,600.01,1,301,600.01,5.477225575051661,1.2730414757099275,1,1,0,1,1.0,1.0,40000,40000,105.0075135808664,105.0075135808664,19.1716612985902,19.1716612985902,1,40000.0,0.0,0.0,40000.0,40000.0,40000.0,1,40000.0,0.0,0.0,40000.0,40000.0,40000.0,0.5000140697724819,nan,40000,
bi3.2,3.2,10.0,3,3,"Turing band, near its edge",nucl,2,a,cov10,6,10.01,1,6,10.01,5.477225575051661,1.5,0,115,188,303,0.236875,0.236875,9475,324,4.422879324387996,4.297617711782894,0.807503591696838,0.7846340547590754,115,80.43478260869566,55.85399676832613,0.694401040903514,67.0,18.0,146.0,303,31.27062706270627,51.588277346110964,1.649735940461385,1.0,1.0,115.60000000000002,0.5832242692714376,0.1974832653443166,324 292 178 161 157 157 154 153 153 152 147 146 146 145 145 145 143 143 139 139 135 134 132 127 127 126 120 120 120 120 116 114 114 113 111 110 109 109 107 106 103 99 96 96 94 92 92 89 87 86 82 82 79 77 76 71 69 67 61 60 60 58 58 57 56 56 54 52 52 51 50 49 49 49 48 48 47 47 46 45 44 42 42 40 38 37 36 35 35 33 30 29 29 29 29 28 28 24 23 20 20 19 18 18 18 17 15 14 14 13 13 13 11 9 8 5 5 5 4 4 3 3 3 2 2 2 2 2 2 2 2 2 2 2 2 2 1 1 1 1 1 1 1 1 1 1 1 1 1 1 1 1 1 1 1 1 1 1 1 1 1 1 1 1 1 1 1 1 1 1 1 1 1 1 1 1 1 1 1 1 1 1 1 1 1 1 1 1 1 1 1 1 1 1 1 1 1 1 1 1 1 1 1 1 1 1 1 1 1 1 1 1 1 1 1 1 1 1 1 1 1 1 1 1 1 1 1 1 1 1 1 1 1 1 1 1 1 1 1 1 1 1 1 1 1 1 1 1 1 1 1 1 1 1 1 1 1 1 1 1 1 1 1 1 1 1 1 1 1 1 1 1 1 1 1 1 1 1 1 1 1 1 1 1 1 1 1 1 1 1 1 1 1 1 1 1 1 1 1 1 1 1 1,
bi3.2,3.2,10.0,3,3,"Turing band, near its edge",nucl,2,a,cov20,6,10.01,1,6,10.01,5.477225575051661,1.5,0,115,188,303,0.236875,0.236875,9475,324,4.422879324387996,4.297617711782894,0.807503591696838,0.7846340547590754,115,80.43478260869566,55.85399676832613,0.694401040903514,67.0,18.0,146.0,303,31.27062706270627,51.588277346110964,1.649735940461385,1.0,1.0,115.60000000000002,0.5832242692714376,0.1974832653443166,324 292 178 161 157 157 154 153 153 152 147 146 146 145 145 145 143 143 139 139 135 134 132 127 127 126 120 120 120 120 116 114 114 113 111 110 109 109 107 106 103 99 96 96 94 92 92 89 87 86 82 82 79 77 76 71 69 67 61 60 60 58 58 57 56 56 54 52 52 51 50 49 49 49 48 48 47 47 46 45 44 42 42 40 38 37 36 35 35 33 30 29 29 29 29 28 28 24 23 20 20 19 18 18 18 17 15 14 14 13 13 13 11 9 8 5 5 5 4 4 3 3 3 2 2 2 2 2 2 2 2 2 2 2 2 2 1 1 1 1 1 1 1 1 1 1 1 1 1 1 1 1 1 1 1 1 1 1 1 1 1 1 1 1 1 1 1 1 1 1 1 1 1 1 1 1 1 1 1 1 1 1 1 1 1 1 1 1 1 1 1 1 1 1 1 1 1 1 1 1 1 1 1 1 1 1 1 1 1 1 1 1 1 1 1 1 1 1 1 1 1 1 1 1 1 1 1 1 1 1 1 1 1 1 1 1 1 1 1 1 1 1 1 1 1 1 1 1 1 1 1 1 1 1 1 1 1 1 1 1 1 1 1 1 1 1 1 1 1 1 1 1 1 1 1 1 1 1 1 1 1 1 1 1 1 1 1 1 1 1 1 1 1 1 1 1 1 1 1 1 1 1 1,
bi3.2,3.2,10.0,3,3,"Turing band, near its edge",nucl,2,a,t600,301,600.01,1,301,600.01,5.477225575051661,1.5,1,118,1,119,0.43535,0.447825,17414,403,6.135092178563335,5.986305043232952,1.120109459524217,1.0929447694285421,118,147.5677966101695,81.40775061418196,0.5516633878408931,130.0,61.400000000000006,266.2,119,146.3361344537815,82.16800454782627,0.5615018112548137,129.0,59.400000000000006,265.8,0.7714530006734756,0.2092841084180893,403 351 340 315 312 303 294 292 285 279 275 269 265 264 264 259 249 242 236 235 234 224 223 222 220 220 219 216 203 201 197 190 189 188 175 174 171 168 166 164 162 161 160 155 155 152 152 152 150 150 149 147 143 142 140 139 138 138 131 129 129 126 123 122 122 121 116 114 113 113 111 110 110 109 108 108 107 99 97 94 93 92 91 91 89 86 85 84 83 83 81 79 77 75 74 73 73 72 72 72 72 69 69 68 68 62 60 57 54 42 42 42 37 35 33 32 28 25 1,
bi3.2,3.2,10.0,3,3,"Turing band, near its edge",nucl,2,i,cov10,6,10.01,1,6,10.01,5.477225575051661,1.3446567554046924,0,52,2,54,0.26935,0.26935,10774,1249,6.62849674112636,5.9517012233733535,1.2101923958214629,1.086627005190893,52,207.01923076923077,234.42215066193148,1.1323689581440257,128.5,22.700000000000003,471.49999999999994,54,199.5185185185185,233.1746240716844,1.168686625196859,125.5,17.3,460.50000000000017,0.6278523479573486,0.2477330783989381,1249 870 595 584 501 477 422 420 413 389 377 309 299 247 207 190 188 180 170 166 159 157 153 152 145 129 128 123 119 116 115 95 89 86 85 82 79 74 67 47 47 43 38 35 31 29 22 18 17 12 12 8 5 4,
bi3.2,3.2,10.0,3,3,"Turing band, near its edge",nucl,2,i,cov20,6,10.01,1,6,10.01,5.477225575051661,1.3446567554046924,0,52,2,54,0.26935,0.26935,10774,1249,6.62849674112636,5.9517012233733535,1.2101923958214629,1.086627005190893,52,207.01923076923077,234.42215066193148,1.1323689581440257,128.5,22.700000000000003,471.49999999999994,54,199.5185185185185,233.1746240716844,1.168686625196859,125.5,17.3,460.50000000000017,0.6278523479573486,0.2477330783989381,1249 870 595 584 501 477 422 420 413 389 377 309 299 247 207 190 188 180 170 166 159 157 153 152 145 129 128 123 119 116 115 95 89 86 85 82 79 74 67 47 47 43 38 35 31 29 22 18 17 12 12 8 5 4,
bi3.2,3.2,10.0,3,3,"Turing band, near its edge",nucl,2,i,t600,301,600.01,1,301,600.01,5.477225575051661,1.2645995372978882,1,1,0,1,1.0,1.0,40000,40000,105.0075135808664,105.0075135808664,19.1716612985902,19.1716612985902,1,40000.0,0.0,0.0,40000.0,40000.0,40000.0,1,40000.0,0.0,0.0,40000.0,40000.0,40000.0,0.5000140697724819,nan,40000,
bi3.2,3.2,10.0,3,3,"Turing band, near its edge",nucl,3,a,cov10,6,10.01,1,6,10.01,5.477225575051661,1.5,0,104,189,293,0.21605,0.21605,8642,315,4.386242391238673,4.408412319324201,0.8008146334556071,0.8048622900258441,104,80.92307692307692,61.71445241629038,0.7626310659807747,70.5,14.900000000000002,156.7,293,29.494880546075084,52.953884121605746,1.7953584873444208,1.0,1.0,104.60000000000002,0.6073535102610091,0.20578181854223632,315 248 241 233 220 211 200 187 176 166 157 156 155 150 142 138 133 132 130 127 122 120 119 118 114 113 112 111 107 105 103 103 101 100 98 89 88 87 87 84 84 83 82 82 82 80 77 77 75 74 72 71 70 68 66 66 63 62 59 57 57 56 53 53 50 43 43 43 43 42 38 38 38 38 36 35 35 34 31 31 28 27 27 25 25 24 24 24 23 22 22 20 17 14 14 14 14 12 12 11 10 8 8 6 5 5 5 4 4 3 3 3 2 2 2 2 2 2 2 2 2 2 2 2 2 1 1 1 1 1 1 1 1 1 1 1 1 1 1 1 1 1 1 1 1 1 1 1 1 1 1 1 1 1 1 1 1 1 1 1 1 1 1 1 1 1 1 1 1 1 1 1 1 1 1 1 1 1 1 1 1 1 1 1 1 1 1 1 1 1 1 1 1 1 1 1 1 1 1 1 1 1 1 1 1 1 1 1 1 1 1 1 1 1 1 1 1 1 1 1 1 1 1 1 1 1 1 1 1 1 1 1 1 1 1 1 1 1 1 1 1 1 1 1 1 1 1 1 1 1 1 1 1 1 1 1 1 1 1 1 1 1 1 1 1 1 1 1 1 1 1 1 1 1 1 1 1 1 1 1 1 1 1 1 1 1 1 1 1 1 1 1 1,
bi3.2,3.2,10.0,3,3,"Turing band, near its edge",nucl,3,a,cov20,6,10.01,1,6,10.01,5.477225575051661,1.5,0,104,189,293,0.21605,0.21605,8642,315,4.386242391238673,4.408412319324201,0.8008146334556071,0.8048622900258441,104,80.92307692307692,61.71445241629038,0.7626310659807747,70.5,14.900000000000002,156.7,293,29.494880546075084,52.953884121605746,1.7953584873444208,1.0,1.0,104.60000000000002,0.6073535102610091,0.20578181854223632,315 248 241 233 220 211 200 187 176 166 157 156 155 150 142 138 133 132 130 127 122 120 119 118 114 113 112 111 107 105 103 103 101 100 98 89 88 87 87 84 84 83 82 82 82 80 77 77 75 74 72 71 70 68 66 66 63 62 59 57 57 56 53 53 50 43 43 43 43 42 38 38 38 38 36 35 35 34 31 31 28 27 27 25 25 24 24 24 23 22 22 20 17 14 14 14 14 12 12 11 10 8 8 6 5 5 5 4 4 3 3 3 2 2 2 2 2 2 2 2 2 2 2 2 2 1 1 1 1 1 1 1 1 1 1 1 1 1 1 1 1 1 1 1 1 1 1 1 1 1 1 1 1 1 1 1 1 1 1 1 1 1 1 1 1 1 1 1 1 1 1 1 1 1 1 1 1 1 1 1 1 1 1 1 1 1 1 1 1 1 1 1 1 1 1 1 1 1 1 1 1 1 1 1 1 1 1 1 1 1 1 1 1 1 1 1 1 1 1 1 1 1 1 1 1 1 1 1 1 1 1 1 1 1 1 1 1 1 1 1 1 1 1 1 1 1 1 1 1 1 1 1 1 1 1 1 1 1 1 1 1 1 1 1 1 1 1 1 1 1 1 1 1 1 1 1 1 1 1 1 1 1 1 1 1 1 1 1 1 1 1 1 1,
bi3.2,3.2,10.0,3,3,"Turing band, near its edge",nucl,3,a,t600,301,600.01,1,301,600.01,5.477225575051661,1.5,1,124,1,125,0.434275,0.448275,17371,420,5.94620674490478,5.893485679094374,1.085623855257905,1.0759983495912138,124,140.08064516129033,82.80642494751547,0.5911339489632652,126.0,57.6,271.3,125,138.968,83.40475889571057,0.6001724058467458,125.0,52.800000000000004,270.4000000000001,0.7827985375621638,0.1969852995031637,420 343 338 315 313 311 297 291 289 283 279 277 274 265 257 255 253 241 229 223 221 219 219 216 214 213 206 205 200 197 195 184 184 182 177 170 168 165 165 162 160 159 153 153 149 147 145 142 142 140 139 137 136 132 131 130 130 130 129 128 128 127 125 124 123 121 119 109 106 106 106 105 105 100 98 97 94 92 89 88 88 88 86 86 86 85 85 84 83 83 81 81 80 80 77 74 72 70 70 70 69 68 68 67 66 66 65 65 60 59 59 57 50 48 43 40 36 35 31 31 28 23 23 15 1,
bi3.2,3.2,10.0,3,3,"Turing band, near its edge",nucl,3,i,cov10,6,10.01,1,6,10.01,5.477225575051661,1.3519974420998437,0,44,5,49,0.243625,0.243625,9745,1028,6.9410265877549735,5.996958676364688,1.267252278118837,1.0948898478237543,44,221.0909090909091,229.5323677009631,1.038180939436922,130.5,38.3,440.4,49,198.87755102040816,227.22204931273185,1.1425223618598113,110.0,9.000000000000004,439.4,0.6795262419174288,0.2499535282743197,1028 863 830 449 441 439 406 353 352 346 307 306 298 275 251 241 237 232 184 164 148 135 126 111 110 104 95 93 92 88 84 84 65 59 49 46 46 41 39 38 27 24 12 10 5 4 3 3 2,
bi3.2,3.2,10.0,3,3,"Turing band, near its edge",nucl,3,i,cov20,6,10.01,1,6,10.01,5.477225575051661,1.3519974420998437,0,44,5,49,0.243625,0.243625,9745,1028,6.9410265877549735,5.996958676364688,1.267252278118837,1.0948898478237543,44,221.0909090909091,229.5323677009631,1.038180939436922,130.5,38.3,440.4,49,198.87755102040816,227.22204931273185,1.1425223618598113,110.0,9.000000000000004,439.4,0.6795262419174288,0.2499535282743197,1028 863 830 449 441 439 406 353 352 346 307 306 298 275 251 241 237 232 184 164 148 135 126 111 110 104 95 93 92 88 84 84 65 59 49 46 46 41 39 38 27 24 12 10 5 4 3 3 2,
bi3.2,3.2,10.0,3,3,"Turing band, near its edge",nucl,3,i,t600,301,600.01,1,301,600.01,5.477225575051661,1.2923523037174756,1,1,0,1,1.0,1.0,40000,40000,105.0075135808664,105.0075135808664,19.1716612985902,19.1716612985902,1,40000.0,0.0,0.0,40000.0,40000.0,40000.0,1,40000.0,0.0,0.0,40000.0,40000.0,40000.0,0.5000140697724819,nan,40000,
bi3.2,3.2,10.0,3,3,"Turing band, near its edge",random,1,a,cov10,6,10.01,1,6,10.01,5.477225575051661,1.5,0,37,2,39,0.471525,0.471525,18861,6700,7.8684180640051995,4.6666359799282375,1.436570021845592,0.8520072646239738,37,509.6756756756757,1328.3646598994078,2.6062940087113207,79.0,10.8,968.3999999999988,39,483.61538461538464,1297.9122429052748,2.683769549509873,70.0,6.0,803.2000000000023,0.7470797846957286,0.20489524496317443,6700 4723 1565 1464 638 413 400 395 378 262 250 176 165 161 151 115 107 103 79 70 66 60 60 59 55 44 38 34 33 25 16 14 12 9 6 6 6 2 1,
bi3.2,3.2,10.0,3,3,"Turing band, near its edge",random,1,a,cov20,6,10.01,1,6,10.01,5.477225575051661,1.5,0,37,2,39,0.471525,0.471525,18861,6700,7.8684180640051995,4.6666359799282375,1.436570021845592,0.8520072646239738,37,509.6756756756757,1328.3646598994078,2.6062940087113207,79.0,10.8,968.3999999999988,39,483.61538461538464,1297.9122429052748,2.683769549509873,70.0,6.0,803.2000000000023,0.7470797846957286,0.20489524496317443,6700 4723 1565 1464 638 413 400 395 378 262 250 176 165 161 151 115 107 103 79 70 66 60 60 59 55 44 38 34 33 25 16 14 12 9 6 6 6 2 1,
bi3.2,3.2,10.0,3,3,"Turing band, near its edge",random,1,a,t600,301,600.01,1,301,600.01,5.477225575051661,1.5,1,82,0,82,0.439375,0.440275,17575,1138,6.670345969496889,5.414962519254498,1.2178329846190377,0.9886323732802303,82,214.32926829268294,262.91279382617097,1.2266770465858332,106.5,38.1,633.1000000000001,82,214.32926829268294,262.91279382617097,1.2266770465858332,106.5,38.1,633.1000000000001,0.7680509085153094,0.2072902770269584,1138 969 946 930 883 866 820 700 636 607 496 355 354 348 347 330 314 289 285 283 241 233 221 210 208 185 178 171 168 148 144 137 137 127 124 123 122 117 116 115 114 99 90 81 79 79 79 78 77 75 74 73 72 71 71 69 69 68 65 65 62 58 57 56 46 44 43 42 42 41 40 40 39 38 36 36 35 34 32 32 28 25,
bi3.2,3.2,10.0,3,3,"Turing band, near its edge",random,1,i,cov10,6,10.01,1,6,10.01,5.477225575051661,1.2858852859821253,0,1,0,1,1.0,1.0,40000,40000,105.0075135808664,105.0075135808664,19.1716612985902,19.1716612985902,1,40000.0,0.0,0.0,40000.0,40000.0,40000.0,1,40000.0,0.0,0.0,40000.0,40000.0,40000.0,0.5000140697724819,nan,40000,
bi3.2,3.2,10.0,3,3,"Turing band, near its edge",random,1,i,cov20,6,10.01,1,6,10.01,5.477225575051661,1.2858852859821253,0,1,0,1,1.0,1.0,40000,40000,105.0075135808664,105.0075135808664,19.1716612985902,19.1716612985902,1,40000.0,0.0,0.0,40000.0,40000.0,40000.0,1,40000.0,0.0,0.0,40000.0,40000.0,40000.0,0.5000140697724819,nan,40000,
bi3.2,3.2,10.0,3,3,"Turing band, near its edge",random,1,i,t600,301,600.01,1,301,600.01,5.477225575051661,1.2718190981363997,1,1,0,1,1.0,1.0,40000,40000,105.0075135808664,105.0075135808664,19.1716612985902,19.1716612985902,1,40000.0,0.0,0.0,40000.0,40000.0,40000.0,1,40000.0,0.0,0.0,40000.0,40000.0,40000.0,0.5000140697724819,nan,40000,
bi3.2,3.2,10.0,3,3,"Turing band, near its edge",random,2,a,cov10,6,10.01,1,6,10.01,5.477225575051661,1.5,0,37,1,38,0.472525,0.472525,18901,12596,7.17690176886159,4.6666359799282375,1.3103169972680735,0.8520072646239738,37,510.7027027027027,2060.814467697243,4.035252715114203,79.0,18.2,478.1999999999997,38,497.39473684210526,2034.4295374070477,4.090171018542289,77.5,15.5,459.4000000000008,0.7868401143433826,0.190032986480028,12596 1518 712 591 403 385 315 285 203 200 185 109 107 102 99 98 81 81 79 76 73 68 68 66 63 62 61 42 33 33 20 20 19 17 12 8 6 5,
bi3.2,3.2,10.0,3,3,"Turing band, near its edge",random,2,a,cov20,6,10.01,1,6,10.01,5.477225575051661,1.5,0,37,1,38,0.472525,0.472525,18901,12596,7.17690176886159,4.6666359799282375,1.3103169972680735,0.8520072646239738,37,510.7027027027027,2060.814467697243,4.035252715114203,79.0,18.2,478.1999999999997,38,497.39473684210526,2034.4295374070477,4.090171018542289,77.5,15.5,459.4000000000008,0.7868401143433826,0.190032986480028,12596 1518 712 591 403 385 315 285 203 200 185 109 107 102 99 98 81 81 79 76 73 68 68 66 63 62 61 42 33 33 20 20 19 17 12 8 6 5,
bi3.2,3.2,10.0,3,3,"Turing band, near its edge",random,2,a,t600,301,600.01,1,301,600.01,5.477225575051661,1.5,1,88,0,88,0.439525,0.440375,17581,1571,6.478880600310606,5.076853512951939,1.1828763507242437,0.926902396731041,88,199.7840909090909,261.16852571558354,1.3072538685496475,93.5,35.0,445.69999999999993,88,199.7840909090909,261.16852571558354,1.3072538685496475,93.5,35.0,445.69999999999993,0.7850730690367395,0.19010885542837874,1571 1221 1058 838 669 608 526 469 459 440 438 358 353 350 344 329 325 258 250 250 247 242 229 224 202 202 200 196 188 182 178 146 146 140 139 135 132 128 125 122 122 116 97 94 93 91 88 85 85 85 84 79 78 78 77 70 70 69 68 68 68 65 65 62 60 56 55 55 55 53 52 52 52 50 45 43 42 42 35 35 33 32 32 31 27 26 22 22,
bi3.2,3.2,10.0,3,3,"Turing band, near its edge",random,2,i,cov10,6,10.01,1,6,10.01,5.477225575051661,1.2967985293117925,0,1,0,1,1.0,1.0,40000,40000,105.0075135808664,105.0075135808664,19.1716612985902,19.1716612985902,1,40000.0,0.0,0.0,40000.0,40000.0,40000.0,1,40000.0,0.0,0.0,40000.0,40000.0,40000.0,0.5000140697724819,nan,40000,
bi3.2,3.2,10.0,3,3,"Turing band, near its edge",random,2,i,cov20,6,10.01,1,6,10.01,5.477225575051661,1.2967985293117925,0,1,0,1,1.0,1.0,40000,40000,105.0075135808664,105.0075135808664,19.1716612985902,19.1716612985902,1,40000.0,0.0,0.0,40000.0,40000.0,40000.0,1,40000.0,0.0,0.0,40000.0,40000.0,40000.0,0.5000140697724819,nan,40000,
bi3.2,3.2,10.0,3,3,"Turing band, near its edge",random,2,i,t600,301,600.01,1,301,600.01,5.477225575051661,1.2714632714904115,1,1,0,1,1.0,1.0,40000,40000,105.0075135808664,105.0075135808664,19.1716612985902,19.1716612985902,1,40000.0,0.0,0.0,40000.0,40000.0,40000.0,1,40000.0,0.0,0.0,40000.0,40000.0,40000.0,0.5000140697724819,nan,40000,
bi3.2,3.2,10.0,3,3,"Turing band, near its edge",random,3,a,cov10,6,10.01,1,6,10.01,5.477225575051661,1.5,0,46,1,47,0.4699,0.4699,18796,9603,7.250050611477516,5.090356069466349,1.3236720876534527,0.9293676149933512,46,408.54347826086956,1416.545809849073,3.467307361946329,94.0,19.0,624.0,47,399.9148936170213,1402.3122028772964,3.5065265766776403,93.0,17.8,619.4,0.8159691907668182,0.17270413090457465,9603 1690 716 710 647 601 469 368 360 358 268 255 240 221 206 186 168 133 120 116 113 95 95 93 88 82 80 80 78 70 65 52 49 46 45 45 39 23 22 20 19 19 16 11 7 6 3,
bi3.2,3.2,10.0,3,3,"Turing band, near its edge",random,3,a,cov20,6,10.01,1,6,10.01,5.477225575051661,1.5,0,46,1,47,0.4699,0.4699,18796,9603,7.250050611477516,5.090356069466349,1.3236720876534527,0.9293676149933512,46,408.54347826086956,1416.545809849073,3.467307361946329,94.0,19.0,624.0,47,399.9148936170213,1402.3122028772964,3.5065265766776403,93.0,17.8,619.4,0.8159691907668182,0.17270413090457465,9603 1690 716 710 647 601 469 368 360 358 268 255 240 221 206 186 168 133 120 116 113 95 95 93 88 82 80 80 78 70 65 52 49 46 45 45 39 23 22 20 19 19 16 11 7 6 3,
bi3.2,3.2,10.0,3,3,"Turing band, near its edge",random,3,a,t600,301,600.01,1,301,600.01,5.477225575051661,1.5,1,84,0,84,0.438775,0.43965,17551,1955,6.756703889526106,6.054643462328428,1.2335997115587807,1.1054216006561535,84,208.9404761904762,267.8975416082994,1.2821715853852855,133.0,38.2,414.30000000000007,84,208.9404761904762,267.8975416082994,1.2821715853852855,133.0,38.2,414.30000000000007,0.8095548240981747,0.17328887920124822,1955 1243 755 551 535 533 450 444 420 401 399 396 367 345 300 286 275 261 258 254 233 230 225 225 215 214 213 208 206 200 200 198 198 186 182 171 170 159 156 140 139 136 130 122 114 113 105 104 98 92 91 86 85 85 85 84 83 83 82 80 77 76 76 72 72 71 68 67 63 54 53 52 45 43 41 37 36 33 33 30 28 26 25 19,
bi3.2,3.2,10.0,3,3,"Turing band, near its edge",random,3,i,cov10,6,10.01,1,6,10.01,5.477225575051661,1.2804028816370037,0,1,0,1,1.0,1.0,40000,40000,105.0075135808664,105.0075135808664,19.1716612985902,19.1716612985902,1,40000.0,0.0,0.0,40000.0,40000.0,40000.0,1,40000.0,0.0,0.0,40000.0,40000.0,40000.0,0.5000140697724819,nan,40000,
bi3.2,3.2,10.0,3,3,"Turing band, near its edge",random,3,i,cov20,6,10.01,1,6,10.01,5.477225575051661,1.2804028816370037,0,1,0,1,1.0,1.0,40000,40000,105.0075135808664,105.0075135808664,19.1716612985902,19.1716612985902,1,40000.0,0.0,0.0,40000.0,40000.0,40000.0,1,40000.0,0.0,0.0,40000.0,40000.0,40000.0,0.5000140697724819,nan,40000,
bi3.2,3.2,10.0,3,3,"Turing band, near its edge",random,3,i,t600,301,600.01,1,301,600.01,5.477225575051661,1.2718004928128268,1,1,0,1,1.0,1.0,40000,40000,105.0075135808664,105.0075135808664,19.1716612985902,19.1716612985902,1,40000.0,0.0,0.0,40000.0,40000.0,40000.0,1,40000.0,0.0,0.0,40000.0,40000.0,40000.0,0.5000140697724819,nan,40000,
bi3.2,3.2,10.0,3,3,"Turing band, near its edge",seed1,0,a,cov10,96,190.01,1,96,190.01,5.477225575051661,1.5,1,1,0,1,0.10215,0.1218,4086,4086,33.56136071953461,33.56136071953461,6.12743810888564,6.12743810888564,1,4086.0,0.0,0.0,4086.0,4086.0,4086.0,1,4086.0,0.0,0.0,4086.0,4086.0,4086.0,0.0,nan,4086,
bi3.2,3.2,10.0,3,3,"Turing band, near its edge",seed1,0,a,cov20,136,270.01,1,136,270.01,5.477225575051661,1.5,1,1,0,1,0.20775,0.2353,8310,8310,47.86200539548616,47.86200539548616,8.738366667513912,8.738366667513912,1,8310.0,0.0,0.0,8310.0,8310.0,8310.0,1,8310.0,0.0,0.0,8310.0,8310.0,8310.0,0.0,nan,8310,
bi3.2,3.2,10.0,3,3,"Turing band, near its edge",seed1,0,a,t600,301,600.01,1,301,600.01,5.477225575051661,1.5,1,12,0,12,0.44535,0.4468,17814,2059,20.086284566354134,19.230284547064286,3.6672370511533443,3.510953544556709,12,1484.5,375.20818463645196,0.2527505453933661,1341.5,1093.2,2014.3,12,1484.5,375.20818463645196,0.2527505453933661,1341.5,1093.2,2014.3,0.8532730901639826,0.08339402716390702,2059 2025 1918 1880 1366 1342 1341 1266 1265 1248 1076 1028,
bi3.2,3.2,10.0,3,3,"Turing band, near its edge",seed1,0,i,cov10,96,190.01,1,66,130.01,5.477225575051661,1.3402516189594604,1,1,0,1,0.211225,0.231775,8449,8449,48.26063529119111,48.26063529119111,8.811146196171757,8.811146196171757,1,8449.0,0.0,0.0,8449.0,8449.0,8449.0,1,8449.0,0.0,0.0,8449.0,8449.0,8449.0,0.0,nan,8449,
bi3.2,3.2,10.0,3,3,"Turing band, near its edge",seed1,0,i,cov20,136,270.01,1,96,190.01,5.477225575051661,1.3401548227239777,1,1,0,1,0.438925,0.469975,17557,17557,69.56896368683525,69.56896368683525,12.701496904512478,12.701496904512478,1,17557.0,0.0,0.0,17557.0,17557.0,17557.0,1,17557.0,0.0,0.0,17557.0,17557.0,17557.0,0.0,nan,17557,
bi3.2,3.2,10.0,3,3,"Turing band, near its edge",seed1,0,i,t600,301,600.01,1,301,600.01,5.477225575051661,1.2626569912057675,1,1,0,1,1.0,1.0,40000,40000,105.0075135808664,105.0075135808664,19.1716612985902,19.1716612985902,1,40000.0,0.0,0.0,40000.0,40000.0,40000.0,1,40000.0,0.0,0.0,40000.0,40000.0,40000.0,0.5000140697724819,nan,40000,
bi3.2,3.2,10.0,3,3,"Turing band, near its edge",seed36,1,a,cov10,6,10.01,1,6,10.01,5.477225575051661,1.5,0,33,0,33,0.134925,0.134925,5397,247,6.689103890076203,6.703230935666475,1.2212576966967645,1.2238369305436632,33,163.54545454545453,29.67015641715058,0.1814184105551175,163.0,125.6,187.0,33,163.54545454545453,29.67015641715058,0.1814184105551175,163.0,125.6,187.0,0.359574354658062,0.20960476188106458,247 233 217 187 187 187 187 185 184 170 169 168 166 165 164 164 163 154 153 152 151 150 148 147 146 145 145 140 128 125 124 124 122,
bi3.2,3.2,10.0,3,3,"Turing band, near its edge",seed36,1,a,cov20,21,40.01,1,21,40.01,5.477225575051661,1.5,1,34,0,34,0.237325,0.313025,9493,396,8.686029339617988,8.641089499018474,1.5858447348201579,1.5776398800111444,34,279.20588235294116,77.34800516977354,0.27702856586667024,271.0,170.2,386.7,34,279.20588235294116,77.34800516977354,0.27702856586667024,271.0,170.2,386.7,0.6524161732843343,0.1947804264216009,396 392 391 387 386 376 375 349 336 322 317 315 314 314 313 302 283 259 256 254 251 236 235 233 232 232 228 223 201 173 169 155 153 135,
bi3.2,3.2,10.0,3,3,"Turing band, near its edge",seed36,1,a,t600,301,600.01,1,301,600.01,5.477225575051661,1.5,1,35,0,35,0.44285,0.444175,17714,1072,11.550260370849863,11.763653886053849,2.1087793833908184,2.1477395306916667,35,506.1142857142857,212.4700354553238,0.4198064378986301,502.0,254.0,735.8,35,506.1142857142857,212.4700354553238,0.4198064378986301,502.0,254.0,735.8,0.7976176450383751,0.15126176539507574,1072 934 914 737 734 668 659 650 627 622 592 574 565 557 548 525 517 502 458 447 427 411 393 390 387 386 365 348 346 336 263 248 200 181 131,
bi3.2,3.2,10.0,3,3,"Turing band, near its edge",seed36,1,i,cov10,6,10.01,1,6,10.01,5.477225575051661,1.37008919062597,0,19,0,19,0.17425,0.17425,6970,1286,9.528021822838074,7.5721994904959,1.7395708269233014,1.3824881569579102,19,366.8421052631579,288.33916432599045,0.7860034608599452,208.0,199.0,655.9999999999999,19,366.8421052631579,288.33916432599045,0.7860034608599452,208.0,199.0,655.9999999999999,0.4627993018158158,0.39688471944507736,1286 828 613 572 426 412 394 275 212 208 206 200 199 199 199 199 199 199 144,
bi3.2,3.2,10.0,3,3,"Turing band, near its edge",seed36,1,i,cov20,21,40.01,1,16,30.01,5.477225575051661,1.3536039778364808,1,9,0,9,0.4437,0.563025,17748,5473,21.409990054773928,16.899359982806693,3.9089115029869825,3.085386889994447,9,1972.0,1774.3953195384618,0.8997947867842098,1036.0,649.2,4413.0,9,1972.0,1774.3953195384618,0.8997947867842098,1036.0,649.2,4413.0,0.5639417318474242,0.32449893361728255,5473 4148 2512 1990 1036 676 674 669 570,
bi3.2,3.2,10.0,3,3,"Turing band, near its edge",seed36,1,i,t600,301,600.01,1,301,600.01,5.477225575051661,1.2495639643262921,1,1,0,1,1.0,1.0,40000,40000,105.0075135808664,105.0075135808664,19.1716612985902,19.1716612985902,1,40000.0,0.0,0.0,40000.0,40000.0,40000.0,1,40000.0,0.0,0.0,40000.0,40000.0,40000.0,0.5000140697724819,nan,40000,
bi3.2,3.2,10.0,3,3,"Turing band, near its edge",seed36,2,a,cov10,6,10.01,1,6,10.01,5.477225575051661,1.5,0,32,0,32,0.128175,0.128175,5127,273,6.609538880493004,6.5261049375793245,1.2067311798511535,1.19149829565268,32,160.21875,35.539831697642775,0.22182067765253927,154.5,126.3,186.60000000000002,32,160.21875,35.539831697642775,0.22182067765253927,154.5,126.3,186.60000000000002,0.38526216435023597,0.21851274605623033,273 235 228 187 183 180 179 176 175 175 172 170 169 161 158 155 154 152 151 146 146 137 135 134 133 132 130 129 126 125 111 110,
bi3.2,3.2,10.0,3,3,"Turing band, near its edge",seed36,2,a,cov20,21,40.01,1,21,40.01,5.477225575051661,1.5,1,33,0,33,0.228625,0.306575,9145,412,8.670884709901532,8.61125637954364,1.5830797163799024,1.5721931225121066,33,277.1212121212121,70.35701705220914,0.2538853540429636,269.0,205.8,377.0,33,277.1212121212121,70.35701705220914,0.2538853540429636,269.0,205.8,377.0,0.6764242879903476,0.1640788305448146,412 398 389 381 361 359 349 343 320 316 311 307 301 298 289 269 269 263 263 251 235 229 227 223 221 218 214 210 209 205 191 173 141,
bi3.2,3.2,10.0,3,3,"Turing band, near its edge",seed36,2,a,t600,301,600.01,1,301,600.01,5.477225575051661,1.5,1,35,0,35,0.443975,0.44485,17759,897,11.500917205640171,11.90342497449371,2.099770595176134,2.1732581233668538,35,507.4,211.37911299786623,0.4165926547060825,514.0,217.20000000000002,762.6,35,507.4,211.37911299786623,0.4165926547060825,514.0,217.20000000000002,762.6,0.8179646409683764,0.10451618272673407,897 848 821 781 735 721 699 693 679 625 625 602 593 587 579 538 524 514 513 492 476 476 449 445 441 395 336 325 302 236 234 206 178 158 36,
bi3.2,3.2,10.0,3,3,"Turing band, near its edge",seed36,2,i,cov10,6,10.01,1,6,10.01,5.477225575051661,1.3705395948544086,0,19,0,19,0.16515,0.16515,6606,1270,9.089223717989661,7.4251524928569115,1.6594576201846374,1.3556411710844825,19,347.6842105263158,333.70047325101774,0.9597803499499451,200.0,139.8,699.3999999999995,19,347.6842105263158,333.70047325101774,0.9597803499499451,200.0,139.8,699.3999999999995,0.4767272807705057,0.3470068170978234,1270 1205 573 423 362 357 283 201 201 200 199 199 199 199 182 169 144 123 117,
bi3.2,3.2,10.0,3,3,"Turing band, near its edge",seed36,2,i,cov20,21,40.01,1,16,30.01,5.477225575051661,1.3451765712674655,1,10,0,10,0.4256,0.542725,17024,6526,19.329374061176008,16.760115260224147,3.529044731920447,3.0599643981371107,10,1702.4,1927.2337804336155,1.1320687150103474,1019.0,389.4,3654.999999999999,10,1702.4,1927.2337804336155,1.1320687150103474,1019.0,389.4,3654.999999999999,0.685073774960444,0.24993711817059378,6526 3336 2070 1181 1022 1016 675 432 391 375,
bi3.2,3.2,10.0,3,3,"Turing band, near its edge",seed36,2,i,t600,301,600.01,1,301,600.01,5.477225575051661,1.2544080604790924,1,1,0,1,1.0,1.0,40000,40000,105.0075135808664,105.0075135808664,19.1716612985902,19.1716612985902,1,40000.0,0.0,0.0,40000.0,40000.0,40000.0,1,40000.0,0.0,0.0,40000.0,40000.0,40000.0,0.5000140697724819,nan,40000,
bi3.2,3.2,10.0,3,3,"Turing band, near its edge",seed36,3,a,cov10,6,10.01,1,6,10.01,5.477225575051661,1.5,0,32,0,32,0.133225,0.133225,5329,260,6.756649024363979,6.795122672290574,1.2335896945964746,1.2406139895427775,32,166.53125,26.076790292048674,0.1565879694774925,167.5,135.1,186.9,32,166.53125,26.076790292048674,0.1565879694774925,167.5,135.1,186.9,0.3361552982141969,0.17672544812823732,260 213 193 187 186 183 178 178 178 176 174 173 171 170 168 168 167 166 161 157 155 155 154 153 153 150 139 136 135 135 133 124,
bi3.2,3.2,10.0,3,3,"Turing band, near its edge",seed36,3,a,cov20,21,40.01,1,21,40.01,5.477225575051661,1.5,1,34,0,34,0.240825,0.317375,9633,422,8.752216464873486,9.002518960102412,1.5979287953264432,1.6436275696053473,34,283.3235294117647,75.32705280399249,0.2658693859997659,294.0,194.1,369.5,34,283.3235294117647,75.32705280399249,0.2658693859997659,294.0,194.1,369.5,0.6431109318871424,0.19216947577684507,422 405 385 371 366 356 355 346 344 337 328 326 311 310 307 295 294 294 276 268 261 255 255 229 227 227 227 214 207 206 189 184 165 91,
bi3.2,3.2,10.0,3,3,"Turing band, near its edge",seed36,3,a,t600,301,600.01,1,301,600.01,5.477225575051661,1.5,1,34,0,34,0.4446,0.44565,17784,1182,11.66310254384531,11.851031360463754,2.129381451253321,2.1636924019423787,34,523.0588235294117,255.13727038198067,0.48777930684814125,509.5,217.1,867.4999999999999,34,523.0588235294117,255.13727038198067,0.48777930684814125,509.5,217.1,867.4999999999999,0.7927311776189332,0.13243581201949192,1182 1116 1034 908 773 691 659 654 601 594 591 568 560 544 541 520 515 504 472 461 439 416 411 408 393 385 353 292 259 222 215 191 191 121,
bi3.2,3.2,10.0,3,3,"Turing band, near its edge",seed36,3,i,cov10,6,10.01,1,6,10.01,5.477225575051661,1.3795044524698887,0,26,0,26,0.16395,0.16395,6558,637,8.193696826586672,7.41585942134461,1.4959575270933385,1.353944496119217,26,252.23076923076923,109.45914587363002,0.4339642867816988,199.5,190.0,390.5,26,252.23076923076923,109.45914587363002,0.4339642867816988,199.5,190.0,390.5,0.35789589013821427,0.3559294554799096,637 430 397 384 380 307 280 219 211 208 206 201 200 199 199 199 199 199 199 199 199 199 199 181 169 158,
bi3.2,3.2,10.0,3,3,"Turing band, near its edge",seed36,3,i,cov20,21,40.01,1,16,30.01,5.477225575051661,1.3460104542394735,1,7,0,7,0.458375,0.578375,18335,6864,24.315218878754145,25.6033212036351,4.439331290189706,4.674505523427088,7,2619.285714285714,2390.397018229797,0.9126140784078854,2378.0,535.8,5470.800000000001,7,2619.285714285714,2390.397018229797,0.9126140784078854,2378.0,535.8,5470.800000000001,0.618896972512338,0.2621701306279744,6864 4542 2807 2378 682 555 507,
bi3.2,3.2,10.0,3,3,"Turing band, near its edge",seed36,3,i,t600,301,600.01,1,301,600.01,5.477225575051661,1.2659947789671282,1,1,0,1,1.0,1.0,40000,40000,105.0075135808664,105.0075135808664,19.1716612985902,19.1716612985902,1,40000.0,0.0,0.0,40000.0,40000.0,40000.0,1,40000.0,0.0,0.0,40000.0,40000.0,40000.0,0.5000140697724819,nan,40000,
bi3.2,3.2,10.0,3,3,"Turing band, near its edge",smallpert,1,a,cov10,6,10.01,1,6,10.01,5.477225575051661,1.5,0,76,3,79,0.47825,0.47825,19130,3462,6.619902569274896,5.1300206394481584,1.2086233218927553,0.9366093415642777,76,251.60526315789474,492.42372211872896,1.9571280661553918,95.5,19.5,649.5,79,242.15189873417722,485.2297391008584,2.0038238049643393,85.0,15.0,643.8000000000001,0.7863095431489937,0.16515331401200262,3462 2124 1025 931 879 838 686 659 640 577 425 420 387 337 309 260 234 233 233 212 205 195 187 170 168 161 157 136 124 123 121 117 113 109 102 102 101 99 92 85 82 81 73 72 69 69 69 64 64 63 62 60 59 59 53 50 46 46 43 43 42 35 35 35 31 30 30 20 19 15 15 15 14 8 7 6 3 3 2,
bi3.2,3.2,10.0,3,3,"Turing band, near its edge",smallpert,1,a,cov20,6,10.01,1,6,10.01,5.477225575051661,1.5,0,76,3,79,0.47825,0.47825,19130,3462,6.619902569274896,5.1300206394481584,1.2086233218927553,0.9366093415642777,76,251.60526315789474,492.42372211872896,1.9571280661553918,95.5,19.5,649.5,79,242.15189873417722,485.2297391008584,2.0038238049643393,85.0,15.0,643.8000000000001,0.7863095431489937,0.16515331401200262,3462 2124 1025 931 879 838 686 659 640 577 425 420 387 337 309 260 234 233 233 212 205 195 187 170 168 161 157 136 124 123 121 117 113 109 102 102 101 99 92 85 82 81 73 72 69 69 69 64 64 63 62 60 59 59 53 50 46 46 43 43 42 35 35 35 31 30 30 20 19 15 15 15 14 8 7 6 3 3 2,
bi3.2,3.2,10.0,3,3,"Turing band, near its edge",smallpert,1,a,t600,301,600.01,1,301,600.01,5.477225575051661,1.5,1,109,0,109,0.4368,0.437825,17472,800,6.102932526946268,5.328549344260808,1.114237937313492,0.9728555582103352,109,160.29357798165137,142.15440892527508,0.8868378304060774,103.0,34.8,357.20000000000005,109,160.29357798165137,142.15440892527508,0.8868378304060774,103.0,34.8,357.20000000000005,0.7750463040006168,0.20253191414129687,800 543 502 489 480 471 460 440 397 363 362 356 344 343 343 338 328 321 312 288 259 253 250 230 229 221 215 200 197 195 194 187 185 183 182 175 173 164 160 149 147 145 144 143 142 139 133 129 123 120 110 110 107 106 103 98 95 95 93 92 91 90 88 87 87 86 84 83 82 81 78 77 73 73 71 71 71 69 68 68 68 67 67 66 65 62 52 50 50 49 49 45 42 41 41 39 37 35 34 33 32 32 31 31 30 28 25 24 14,
bi3.2,3.2,10.0,3,3,"Turing band, near its edge",smallpert,1,i,cov10,6,10.01,1,6,10.01,5.477225575051661,1.227674057285517,0,1,0,1,1.0,1.0,40000,40000,105.0075135808664,105.0075135808664,19.1716612985902,19.1716612985902,1,40000.0,0.0,0.0,40000.0,40000.0,40000.0,1,40000.0,0.0,0.0,40000.0,40000.0,40000.0,0.5000140697724819,nan,40000,
bi3.2,3.2,10.0,3,3,"Turing band, near its edge",smallpert,1,i,cov20,6,10.01,1,6,10.01,5.477225575051661,1.227674057285517,0,1,0,1,1.0,1.0,40000,40000,105.0075135808664,105.0075135808664,19.1716612985902,19.1716612985902,1,40000.0,0.0,0.0,40000.0,40000.0,40000.0,1,40000.0,0.0,0.0,40000.0,40000.0,40000.0,0.5000140697724819,nan,40000,
bi3.2,3.2,10.0,3,3,"Turing band, near its edge",smallpert,1,i,t600,301,600.01,1,301,600.01,5.477225575051661,1.2626681970386193,1,1,0,1,1.0,1.0,40000,40000,105.0075135808664,105.0075135808664,19.1716612985902,19.1716612985902,1,40000.0,0.0,0.0,40000.0,40000.0,40000.0,1,40000.0,0.0,0.0,40000.0,40000.0,40000.0,0.5000140697724819,nan,40000,
bi3.2,3.2,10.0,3,3,"Turing band, near its edge",smallpert,2,a,cov10,6,10.01,1,6,10.01,5.477225575051661,1.5,0,69,0,69,0.481125,0.481125,19245,2842,6.9898617493870425,5.224057840738242,1.2761683179939352,0.9537781070280219,69,278.9130434782609,504.87612747293923,1.810156029910772,99.0,27.400000000000002,604.0000000000003,69,278.9130434782609,504.87612747293923,1.810156029910772,99.0,27.400000000000002,604.0000000000003,0.7965060896291385,0.1367552646796907,2842 2428 1502 1487 838 727 712 577 576 536 508 508 366 355 282 280 264 240 217 216 199 198 180 169 157 156 150 140 137 121 114 106 102 101 99 94 87 86 76 76 70 68 67 67 67 59 57 56 55 55 53 52 49 47 46 46 44 37 34 32 29 28 25 20 20 16 13 12 12,
bi3.2,3.2,10.0,3,3,"Turing band, near its edge",smallpert,2,a,cov20,6,10.01,1,6,10.01,5.477225575051661,1.5,0,69,0,69,0.481125,0.481125,19245,2842,6.9898617493870425,5.224057840738242,1.2761683179939352,0.9537781070280219,69,278.9130434782609,504.87612747293923,1.810156029910772,99.0,27.400000000000002,604.0000000000003,69,278.9130434782609,504.87612747293923,1.810156029910772,99.0,27.400000000000002,604.0000000000003,0.7965060896291385,0.1367552646796907,2842 2428 1502 1487 838 727 712 577 576 536 508 508 366 355 282 280 264 240 217 216 199 198 180 169 157 156 150 140 137 121 114 106 102 101 99 94 87 86 76 76 70 68 67 67 67 59 57 56 55 55 53 52 49 47 46 46 44 37 34 32 29 28 25 20 20 16 13 12 12,
bi3.2,3.2,10.0,3,3,"Turing band, near its edge",smallpert,2,a,t600,301,600.01,1,301,600.01,5.477225575051661,1.5,1,131,0,131,0.433925,0.43505,17357,874,5.557065418259502,4.696078770300992,1.01457669437087,0.8573827581049915,131,132.49618320610688,131.3230528737786,0.9911459311208732,80.0,34.0,274.0,131,132.49618320610688,131.3230528737786,0.9911459311208732,80.0,34.0,274.0,0.7507097093950401,0.2166530666700802,874 780 530 498 413 375 354 347 331 316 314 310 295 274 273 265 247 245 241 229 219 218 216 215 210 190 181 174 170 169 164 163 154 152 152 151 149 144 142 141 140 136 131 130 129 126 125 122 114 112 110 106 103 102 100 96 95 93 91 91 90 84 83 81 80 80 78 78 78 77 76 76 75 75 75 74 74 74 73 72 71 70 70 69 69 69 68 68 67 67 66 66 66 65 65 65 64 64 62 62 61 60 59 59 57 57 56 55 48 48 45 43 41 38 38 35 34 34 34 34 34 33 31 31 31 30 28 27 22 19 12,
bi3.2,3.2,10.0,3,3,"Turing band, near its edge",smallpert,2,i,cov10,6,10.01,1,6,10.01,5.477225575051661,1.231882388369754,0,1,0,1,1.0,1.0,40000,40000,105.0075135808664,105.0075135808664,19.1716612985902,19.1716612985902,1,40000.0,0.0,0.0,40000.0,40000.0,40000.0,1,40000.0,0.0,0.0,40000.0,40000.0,40000.0,0.5000140697724819,nan,40000,
bi3.2,3.2,10.0,3,3,"Turing band, near its edge",smallpert,2,i,cov20,6,10.01,1,6,10.01,5.477225575051661,1.231882388369754,0,1,0,1,1.0,1.0,40000,40000,105.0075135808664,105.0075135808664,19.1716612985902,19.1716612985902,1,40000.0,0.0,0.0,40000.0,40000.0,40000.0,1,40000.0,0.0,0.0,40000.0,40000.0,40000.0,0.5000140697724819,nan,40000,
bi3.2,3.2,10.0,3,3,"Turing band, near its edge",smallpert,2,i,t600,301,600.01,1,301,600.01,5.477225575051661,1.2587908720076209,1,1,0,1,1.0,1.0,40000,40000,105.0075135808664,105.0075135808664,19.1716612985902,19.1716612985902,1,40000.0,0.0,0.0,40000.0,40000.0,40000.0,1,40000.0,0.0,0.0,40000.0,40000.0,40000.0,0.5000140697724819,nan,40000,
bi3.2,3.2,10.0,3,3,"Turing band, near its edge",smallpert,3,a,cov10,6,10.01,1,6,10.01,5.477225575051661,1.5,0,76,1,77,0.477275,0.477275,19091,4945,6.795972335228045,5.567750039414054,1.2407691160618204,1.0165274303791185,76,251.18421052631578,580.7688860014528,2.3121233806239085,112.5,30.5,452.0,77,247.93506493506493,577.639441758719,2.3298013208014963,108.0,26.6,449.20000000000016,0.8190055381797431,0.15523223466306132,4945 978 845 726 697 548 546 466 438 418 396 394 386 373 322 313 305 275 255 246 233 229 207 189 182 180 175 174 171 171 148 136 134 132 125 122 117 117 108 105 104 103 102 100 98 95 92 91 83 83 83 77 77 72 63 62 57 54 52 50 49 47 44 43 43 40 34 34 27 26 23 20 10 10 8 7 1,
bi3.2,3.2,10.0,3,3,"Turing band, near its edge",smallpert,3,a,cov20,6,10.01,1,6,10.01,5.477225575051661,1.5,0,76,1,77,0.477275,0.477275,19091,4945,6.795972335228045,5.567750039414054,1.2407691160618204,1.0165274303791185,76,251.18421052631578,580.7688860014528,2.3121233806239085,112.5,30.5,452.0,77,247.93506493506493,577.639441758719,2.3298013208014963,108.0,26.6,449.20000000000016,0.8190055381797431,0.15523223466306132,4945 978 845 726 697 548 546 466 438 418 396 394 386 373 322 313 305 275 255 246 233 229 207 189 182 180 175 174 171 171 148 136 134 132 125 122 117 117 108 105 104 103 102 100 98 95 92 91 83 83 83 77 77 72 63 62 57 54 52 50 49 47 44 43 43 40 34 34 27 26 23 20 10 10 8 7 1,
bi3.2,3.2,10.0,3,3,"Turing band, near its edge",smallpert,3,a,t600,301,600.01,1,301,600.01,5.477225575051661,1.5,1,118,0,118,0.43465,0.435775,17386,483,5.9844243768223535,5.506583580147057,1.0926014082897997,1.0053600138780332,118,147.33898305084745,107.56220385480336,0.7300322129797997,110.0,41.400000000000006,314.0,118,147.33898305084745,107.56220385480336,0.7300322129797997,110.0,41.400000000000006,314.0,0.7964973817694461,0.1801065734246164,483 467 452 405 385 379 343 343 334 329 328 321 311 296 295 291 291 274 261 251 248 242 240 229 228 226 222 221 212 212 212 208 200 189 183 179 176 174 174 174 173 159 148 136 136 135 135 133 130 129 128 126 124 119 117 117 116 114 111 109 106 102 98 96 95 93 92 89 85 84 83 83 83 80 80 78 78 76 76 76 76 75 75 74 74 74 74 72 71 71 71 70 67 65 65 65 65 64 63 61 59 57 54 47 45 42 40 39 37 35 35 33 32 31 31 26 21 14,
bi3.2,3.2,10.0,3,3,"Turing band, near its edge",smallpert,3,i,cov10,6,10.01,1,6,10.01,5.477225575051661,1.222521984107181,0,1,0,1,1.0,1.0,40000,40000,105.0075135808664,105.0075135808664,19.1716612985902,19.1716612985902,1,40000.0,0.0,0.0,40000.0,40000.0,40000.0,1,40000.0,0.0,0.0,40000.0,40000.0,40000.0,0.5000140697724819,nan,40000,
bi3.2,3.2,10.0,3,3,"Turing band, near its edge",smallpert,3,i,cov20,6,10.01,1,6,10.01,5.477225575051661,1.222521984107181,0,1,0,1,1.0,1.0,40000,40000,105.0075135808664,105.0075135808664,19.1716612985902,19.1716612985902,1,40000.0,0.0,0.0,40000.0,40000.0,40000.0,1,40000.0,0.0,0.0,40000.0,40000.0,40000.0,0.5000140697724819,nan,40000,
bi3.2,3.2,10.0,3,3,"Turing band, near its edge",smallpert,3,i,t600,301,600.01,1,301,600.01,5.477225575051661,1.2773077345564676,1,1,0,1,1.0,1.0,40000,40000,105.0075135808664,105.0075135808664,19.1716612985902,19.1716612985902,1,40000.0,0.0,0.0,40000.0,40000.0,40000.0,1,40000.0,0.0,0.0,40000.0,40000.0,40000.0,0.5000140697724819,nan,40000,
bi5,5.0,10.0,3,3,replicating; Fig 1C regular spots,nucl,1,a,cov10,6,10.01,1,6,10.01,5.477225575051661,1.5,0,252,229,481,0.2588,0.2588,10352,124,3.175696377287305,3.1936788450473776,0.5798001805425645,0.5830833149531649,252,40.03174603174603,23.177966081609984,0.578989636455761,37.0,12.0,75.0,481,21.52182952182952,25.669372995443617,1.1927133318014278,8.0,1.0,57.0,0.6491776729418866,0.22092682253358786,124 102 102 92 92 92 91 91 88 87 87 86 85 85 83 83 83 82 80 79 78 77 76 76 75 75 75 74 74 74 73 73 72 72 69 68 68 66 66 65 64 61 61 60 59 58 58 58 57 57 57 57 57 57 57 56 56 56 55 55 54 54 54 53 53 52 52 52 52 52 51 50 50 50 49 49 49 49 48 47 47 47 47 46 46 46 46 46 46 46 45 45 45 44 44 44 44 44 43 43 42 42 42 42 41 41 41 40 40 40 40 40 40 39 39 39 38 38 38 38 38 38 37 37 37 37 37 37 37 36 36 36 36 35 35 35 35 34 34 34 34 34 34 34 34 33 33 33 33 32 32 32 31 31 31 31 31 31 30 30 30 30 30 29 29 28 28 28 27 26 25 25 25 25 25 25 25 25 24 24 24 24 23 22 22 22 22 22 21 21 21 21 21 21 20 19 19 19 19 19 18 18 18 18 18 18 18 18 17 16 16 16 16 16 16 16 16 16 15 15 15 15 14 14 13 12 12 12 12 12 12 12 12 11 11 9 8 8 8 8 8 8 8 7 7 7 7 7 6 6 6 6 5 5 5 5 4 3 3 2 2 2 2 2 2 2 2 2 2 2 2 1 1 1 1 1 1 1 1 1 1 1 1 1 1 1 1 1 1 1 1 1 1 1 1 1 1 1 1 1 1 1 1 1 1 1 1 1 1 1 1 1 1 1 1 1 1 1 1 1 1 1 1 1 1 1 1 1 1 1 1 1 1 1 1 1 1 1 1 1 1 1 1 1 1 1 1 1 1 1 1 1 1 1 1 1 1 1 1 1 1 1 1 1 1 1 1 1 1 1 1 1 1 1 1 1 1 1 1 1 1 1 1 1 1 1 1 1 1 1 1 1 1 1 1 1 1 1 1 1 1 1 1 1 1 1 1 1 1 1 1 1 1 1 1 1 1 1 1 1 1 1 1 1 1 1 1 1 1 1 1 1 1 1 1 1 1 1 1 1 1 1 1 1 1 1 1 1 1 1 1 1 1 1 1 1 1 1 1 1 1 1 1 1 1 1 1 1 1 1 1 1 1 1 1 1 1 1 1 1 1,
bi5,5.0,10.0,3,3,replicating; Fig 1C regular spots,nucl,1,a,cov20,6,10.01,1,6,10.01,5.477225575051661,1.5,0,252,229,481,0.2588,0.2588,10352,124,3.175696377287305,3.1936788450473776,0.5798001805425645,0.5830833149531649,252,40.03174603174603,23.177966081609984,0.578989636455761,37.0,12.0,75.0,481,21.52182952182952,25.669372995443617,1.1927133318014278,8.0,1.0,57.0,0.6491776729418866,0.22092682253358786,124 102 102 92 92 92 91 91 88 87 87 86 85 85 83 83 83 82 80 79 78 77 76 76 75 75 75 74 74 74 73 73 72 72 69 68 68 66 66 65 64 61 61 60 59 58 58 58 57 57 57 57 57 57 57 56 56 56 55 55 54 54 54 53 53 52 52 52 52 52 51 50 50 50 49 49 49 49 48 47 47 47 47 46 46 46 46 46 46 46 45 45 45 44 44 44 44 44 43 43 42 42 42 42 41 41 41 40 40 40 40 40 40 39 39 39 38 38 38 38 38 38 37 37 37 37 37 37 37 36 36 36 36 35 35 35 35 34 34 34 34 34 34 34 34 33 33 33 33 32 32 32 31 31 31 31 31 31 30 30 30 30 30 29 29 28 28 28 27 26 25 25 25 25 25 25 25 25 24 24 24 24 23 22 22 22 22 22 21 21 21 21 21 21 20 19 19 19 19 19 18 18 18 18 18 18 18 18 17 16 16 16 16 16 16 16 16 16 15 15 15 15 14 14 13 12 12 12 12 12 12 12 12 11 11 9 8 8 8 8 8 8 8 7 7 7 7 7 6 6 6 6 5 5 5 5 4 3 3 2 2 2 2 2 2 2 2 2 2 2 2 1 1 1 1 1 1 1 1 1 1 1 1 1 1 1 1 1 1 1 1 1 1 1 1 1 1 1 1 1 1 1 1 1 1 1 1 1 1 1 1 1 1 1 1 1 1 1 1 1 1 1 1 1 1 1 1 1 1 1 1 1 1 1 1 1 1 1 1 1 1 1 1 1 1 1 1 1 1 1 1 1 1 1 1 1 1 1 1 1 1 1 1 1 1 1 1 1 1 1 1 1 1 1 1 1 1 1 1 1 1 1 1 1 1 1 1 1 1 1 1 1 1 1 1 1 1 1 1 1 1 1 1 1 1 1 1 1 1 1 1 1 1 1 1 1 1 1 1 1 1 1 1 1 1 1 1 1 1 1 1 1 1 1 1 1 1 1 1 1 1 1 1 1 1 1 1 1 1 1 1 1 1 1 1 1 1 1 1 1 1 1 1 1 1 1 1 1 1 1 1 1 1 1 1 1 1 1 1 1 1,
bi5,5.0,10.0,3,3,replicating; Fig 1C regular spots,nucl,1,a,t600,301,600.01,1,301,600.01,5.477225575051661,1.5,1,276,1,277,0.23885,0.258675,9554,68,3.065503309197866,3.150225407425992,0.5596817708514684,0.5751498389577061,276,34.61231884057971,7.8558647729386415,0.22696730632587303,36.0,19.0,41.0,277,34.49097472924188,8.097509779319235,0.23477184518227215,36.0,19.0,41.0,0.5172090172877439,0.17844833977456134,68 64 62 48 48 47 46 44 44 43 43 43 43 42 42 42 42 42 41 41 41 41 41 41 41 41 41 41 41 41 41 41 41 41 41 41 40 40 40 40 40 40 40 40 40 40 40 40 40 40 40 39 39 39 39 39 39 39 39 39 39 39 39 38 38 38 38 38 38 38 38 38 38 38 38 38 38 38 38 38 38 38 38 38 38 38 38 38 38 38 38 37 37 37 37 37 37 37 37 37 37 37 37 37 37 37 37 37 37 37 37 37 37 37 37 37 37 37 37 37 37 37 37 37 36 36 36 36 36 36 36 36 36 36 36 36 36 36 36 36 36 36 36 36 36 36 36 36 36 36 36 36 36 36 36 35 35 35 35 35 35 35 35 35 35 35 35 35 35 35 35 35 35 35 35 35 35 35 35 35 35 35 35 35 35 35 35 35 35 35 35 34 34 34 34 34 34 34 34 34 34 34 34 34 34 34 34 34 34 34 34 34 33 33 33 33 33 33 33 33 33 33 33 33 32 32 32 31 31 31 30 30 30 30 30 30 29 29 28 28 27 27 21 20 20 19 19 19 19 19 19 19 19 18 18 18 18 18 17 17 17 17 17 17 17 16 16 16 16 16 15 15 15 14 13 12 1,
bi5,5.0,10.0,3,3,replicating; Fig 1C regular spots,nucl,1,i,cov10,6,10.01,1,6,10.01,5.477225575051661,1.3879694669990512,0,4,2,6,0.759975,0.759975,30399,30231,25.537640462539105,4.52157979161857,4.662513915596444,0.8255237491429998,4,7599.25,15087.883027449543,1.9854436987136288,77.0,22.8,21193.500000000007,6,5066.5,12328.102153210768,2.4332580979395573,30.0,1.0,15168.5,0.7007628857336795,0.14918547569124235,30231 106 48 12 1 1,
bi5,5.0,10.0,3,3,replicating; Fig 1C regular spots,nucl,1,i,cov20,6,10.01,1,6,10.01,5.477225575051661,1.3879694669990512,0,4,2,6,0.759975,0.759975,30399,30231,25.537640462539105,4.52157979161857,4.662513915596444,0.8255237491429998,4,7599.25,15087.883027449543,1.9854436987136288,77.0,22.8,21193.500000000007,6,5066.5,12328.102153210768,2.4332580979395573,30.0,1.0,15168.5,0.7007628857336795,0.14918547569124235,30231 106 48 12 1 1,
bi5,5.0,10.0,3,3,replicating; Fig 1C regular spots,nucl,1,i,t600,301,600.01,1,301,600.01,5.477225575051661,1.2585365392264858,1,1,0,1,1.0,1.0,40000,40000,105.0075135808664,105.0075135808664,19.1716612985902,19.1716612985902,1,40000.0,0.0,0.0,40000.0,40000.0,40000.0,1,40000.0,0.0,0.0,40000.0,40000.0,40000.0,0.5000140697724819,nan,40000,
bi5,5.0,10.0,3,3,replicating; Fig 1C regular spots,nucl,2,a,cov10,6,10.01,1,6,10.01,5.477225575051661,1.5,0,248,206,454,0.258575,0.258575,10343,106,3.226776834393295,3.236548935674239,0.5891261534107731,0.5909102868460392,248,40.770161290322584,21.84449079542785,0.5357960357300076,38.0,14.0,71.0,454,22.781938325991188,25.509960479228834,1.119744953840268,14.0,1.0,61.0,0.6743774015686308,0.18694693706416893,106 105 103 101 97 94 93 91 90 86 85 83 80 80 79 76 75 75 73 73 73 72 72 72 71 71 70 70 69 69 69 68 67 66 65 64 64 64 64 63 63 62 62 62 62 61 61 60 60 60 58 58 58 58 57 57 56 56 56 55 54 54 54 53 53 53 53 53 53 53 52 52 52 52 52 52 49 49 49 49 48 48 47 47 47 46 46 45 45 45 45 45 45 44 44 44 44 44 42 42 42 42 42 42 42 42 41 41 41 41 41 40 40 40 39 39 39 39 39 39 39 39 38 38 38 37 37 37 37 37 37 37 36 36 36 36 35 35 35 35 34 34 34 34 34 34 34 33 32 32 32 31 31 31 31 31 31 31 31 31 31 30 30 30 30 30 29 29 29 28 28 28 27 27 27 27 26 26 26 26 26 26 26 26 25 24 24 24 24 24 23 23 23 23 23 22 21 21 21 21 20 19 18 18 18 18 18 17 17 17 17 17 16 16 16 16 16 16 16 16 15 14 14 14 14 14 14 14 12 12 12 11 11 11 11 11 11 11 10 10 10 9 9 9 7 7 6 6 5 5 5 4 4 3 3 2 2 2 2 1 1 1 1 1 1 1 1 1 1 1 1 1 1 1 1 1 1 1 1 1 1 1 1 1 1 1 1 1 1 1 1 1 1 1 1 1 1 1 1 1 1 1 1 1 1 1 1 1 1 1 1 1 1 1 1 1 1 1 1 1 1 1 1 1 1 1 1 1 1 1 1 1 1 1 1 1 1 1 1 1 1 1 1 1 1 1 1 1 1 1 1 1 1 1 1 1 1 1 1 1 1 1 1 1 1 1 1 1 1 1 1 1 1 1 1 1 1 1 1 1 1 1 1 1 1 1 1 1 1 1 1 1 1 1 1 1 1 1 1 1 1 1 1 1 1 1 1 1 1 1 1 1 1 1 1 1 1 1 1 1 1 1 1 1 1 1 1 1 1 1 1 1 1 1 1 1 1 1 1 1 1 1 1 1 1 1 1 1 1 1 1 1 1 1,
bi5,5.0,10.0,3,3,replicating; Fig 1C regular spots,nucl,2,a,cov20,6,10.01,1,6,10.01,5.477225575051661,1.5,0,248,206,454,0.258575,0.258575,10343,106,3.226776834393295,3.236548935674239,0.5891261534107731,0.5909102868460392,248,40.770161290322584,21.84449079542785,0.5357960357300076,38.0,14.0,71.0,454,22.781938325991188,25.509960479228834,1.119744953840268,14.0,1.0,61.0,0.6743774015686308,0.18694693706416893,106 105 103 101 97 94 93 91 90 86 85 83 80 80 79 76 75 75 73 73 73 72 72 72 71 71 70 70 69 69 69 68 67 66 65 64 64 64 64 63 63 62 62 62 62 61 61 60 60 60 58 58 58 58 57 57 56 56 56 55 54 54 54 53 53 53 53 53 53 53 52 52 52 52 52 52 49 49 49 49 48 48 47 47 47 46 46 45 45 45 45 45 45 44 44 44 44 44 42 42 42 42 42 42 42 42 41 41 41 41 41 40 40 40 39 39 39 39 39 39 39 39 38 38 38 37 37 37 37 37 37 37 36 36 36 36 35 35 35 35 34 34 34 34 34 34 34 33 32 32 32 31 31 31 31 31 31 31 31 31 31 30 30 30 30 30 29 29 29 28 28 28 27 27 27 27 26 26 26 26 26 26 26 26 25 24 24 24 24 24 23 23 23 23 23 22 21 21 21 21 20 19 18 18 18 18 18 17 17 17 17 17 16 16 16 16 16 16 16 16 15 14 14 14 14 14 14 14 12 12 12 11 11 11 11 11 11 11 10 10 10 9 9 9 7 7 6 6 5 5 5 4 4 3 3 2 2 2 2 1 1 1 1 1 1 1 1 1 1 1 1 1 1 1 1 1 1 1 1 1 1 1 1 1 1 1 1 1 1 1 1 1 1 1 1 1 1 1 1 1 1 1 1 1 1 1 1 1 1 1 1 1 1 1 1 1 1 1 1 1 1 1 1 1 1 1 1 1 1 1 1 1 1 1 1 1 1 1 1 1 1 1 1 1 1 1 1 1 1 1 1 1 1 1 1 1 1 1 1 1 1 1 1 1 1 1 1 1 1 1 1 1 1 1 1 1 1 1 1 1 1 1 1 1 1 1 1 1 1 1 1 1 1 1 1 1 1 1 1 1 1 1 1 1 1 1 1 1 1 1 1 1 1 1 1 1 1 1 1 1 1 1 1 1 1 1 1 1 1 1 1 1 1 1 1 1 1 1 1 1 1 1 1 1 1 1 1 1 1 1 1 1 1 1,
bi5,5.0,10.0,3,3,replicating; Fig 1C regular spots,nucl,2,a,t600,301,600.01,1,301,600.01,5.477225575051661,1.5,1,274,0,274,0.23825,0.259375,9530,59,3.0751394708338466,3.150225407425992,0.5614410852167325,0.5751498389577061,274,34.78102189781022,7.244768559407002,0.2082965986650072,36.0,21.200000000000003,41.0,274,34.78102189781022,7.244768559407002,0.2082965986650072,36.0,21.200000000000003,41.0,0.48749029729836396,0.1881977698442493,59 49 48 45 45 45 44 44 44 44 44 44 43 43 42 42 42 42 42 42 42 42 42 42 41 41 41 41 41 41 41 41 40 40 40 40 40 40 40 40 40 40 40 40 40 40 40 40 40 40 40 40 40 40 40 40 40 40 39 39 39 39 39 39 39 39 39 39 39 39 39 39 39 39 39 38 38 38 38 38 38 38 38 38 38 38 38 38 38 38 38 38 38 38 38 38 38 38 37 37 37 37 37 37 37 37 37 37 37 37 37 37 37 37 37 37 37 37 37 37 37 37 37 37 37 37 37 36 36 36 36 36 36 36 36 36 36 36 36 36 36 36 36 36 36 36 36 36 36 36 36 36 36 36 36 35 35 35 35 35 35 35 35 35 35 35 35 35 35 35 35 35 35 35 35 35 35 35 35 35 35 35 35 35 35 34 34 34 34 34 34 34 34 34 34 34 34 34 34 34 34 34 34 34 34 34 34 34 34 33 33 33 33 33 33 33 33 33 33 33 33 32 32 32 32 32 32 32 32 32 32 31 31 31 31 31 30 30 30 29 29 29 28 27 24 24 20 19 19 19 18 18 18 18 18 18 18 18 18 18 18 18 17 17 17 16 16 15 15 15 15 14 9 7,
bi5,5.0,10.0,3,3,replicating; Fig 1C regular spots,nucl,2,i,cov10,6,10.01,1,6,10.01,5.477225575051661,1.4067504845142802,0,4,0,4,0.764025,0.764025,30561,30396,25.679928878986377,4.359832911362791,4.688492107383064,0.7959929441689407,4,7640.25,15170.533376142932,1.9856069338232298,71.5,28.900000000000002,21306.600000000006,4,7640.25,15170.533376142932,1.9856069338232298,71.5,28.900000000000002,21306.600000000006,0.6378348054913607,0.17985878349618772,30396 98 45 22,
bi5,5.0,10.0,3,3,replicating; Fig 1C regular spots,nucl,2,i,cov20,6,10.01,1,6,10.01,5.477225575051661,1.4067504845142802,0,4,0,4,0.764025,0.764025,30561,30396,25.679928878986377,4.359832911362791,4.688492107383064,0.7959929441689407,4,7640.25,15170.533376142932,1.9856069338232298,71.5,28.900000000000002,21306.600000000006,4,7640.25,15170.533376142932,1.9856069338232298,71.5,28.900000000000002,21306.600000000006,0.6378348054913607,0.17985878349618772,30396 98 45 22,
bi5,5.0,10.0,3,3,replicating; Fig 1C regular spots,nucl,2,i,t600,301,600.01,1,301,600.01,5.477225575051661,1.2547541562014166,1,1,0,1,1.0,1.0,40000,40000,105.0075135808664,105.0075135808664,19.1716612985902,19.1716612985902,1,40000.0,0.0,0.0,40000.0,40000.0,40000.0,1,40000.0,0.0,0.0,40000.0,40000.0,40000.0,0.5000140697724819,nan,40000,
bi5,5.0,10.0,3,3,replicating; Fig 1C regular spots,nucl,3,a,cov10,6,10.01,1,6,10.01,5.477225575051661,1.5,0,245,214,459,0.2561,0.2561,10244,121,3.2284680507512915,3.1936788450473776,0.5894349258604052,0.5830833149531649,245,40.83673469387755,22.21923821086419,0.5440992865229112,37.0,15.0,70.6,459,22.318082788671024,25.624154471633677,1.148134215392411,12.0,1.0,60.0,0.6444830980307047,0.20609685016774132,121 107 100 99 96 95 94 90 90 89 85 84 84 80 79 77 77 77 76 76 76 75 72 72 71 70 70 67 67 67 66 66 66 66 65 65 65 64 64 64 63 63 62 62 62 60 60 60 60 59 59 58 58 57 57 57 57 57 56 56 56 54 54 53 53 53 52 52 52 51 51 50 50 50 50 50 49 49 49 49 48 48 48 48 47 47 46 46 46 46 46 45 45 45 45 44 44 44 44 44 43 43 43 43 42 42 42 41 41 41 41 41 39 39 39 38 38 38 38 38 37 37 37 37 36 36 36 36 36 36 35 35 35 35 35 35 35 35 35 35 35 35 34 34 33 33 32 32 32 32 31 31 31 31 31 30 30 30 30 30 30 29 29 29 29 28 27 27 26 26 26 26 25 25 25 24 24 24 24 24 24 23 23 22 22 22 22 21 21 21 21 21 21 21 21 21 20 20 20 20 20 20 20 19 19 18 18 18 18 17 17 17 17 17 17 16 16 16 15 15 15 15 14 14 14 13 13 13 13 12 12 12 11 11 10 10 10 10 10 10 10 8 7 7 6 5 4 4 3 2 2 2 2 2 2 2 2 2 2 2 2 2 1 1 1 1 1 1 1 1 1 1 1 1 1 1 1 1 1 1 1 1 1 1 1 1 1 1 1 1 1 1 1 1 1 1 1 1 1 1 1 1 1 1 1 1 1 1 1 1 1 1 1 1 1 1 1 1 1 1 1 1 1 1 1 1 1 1 1 1 1 1 1 1 1 1 1 1 1 1 1 1 1 1 1 1 1 1 1 1 1 1 1 1 1 1 1 1 1 1 1 1 1 1 1 1 1 1 1 1 1 1 1 1 1 1 1 1 1 1 1 1 1 1 1 1 1 1 1 1 1 1 1 1 1 1 1 1 1 1 1 1 1 1 1 1 1 1 1 1 1 1 1 1 1 1 1 1 1 1 1 1 1 1 1 1 1 1 1 1 1 1 1 1 1 1 1 1 1 1 1 1 1 1 1 1 1 1 1 1 1 1 1 1 1 1 1 1 1,
bi5,5.0,10.0,3,3,replicating; Fig 1C regular spots,nucl,3,a,cov20,6,10.01,1,6,10.01,5.477225575051661,1.5,0,245,214,459,0.2561,0.2561,10244,121,3.2284680507512915,3.1936788450473776,0.5894349258604052,0.5830833149531649,245,40.83673469387755,22.21923821086419,0.5440992865229112,37.0,15.0,70.6,459,22.318082788671024,25.624154471633677,1.148134215392411,12.0,1.0,60.0,0.6444830980307047,0.20609685016774132,121 107 100 99 96 95 94 90 90 89 85 84 84 80 79 77 77 77 76 76 76 75 72 72 71 70 70 67 67 67 66 66 66 66 65 65 65 64 64 64 63 63 62 62 62 60 60 60 60 59 59 58 58 57 57 57 57 57 56 56 56 54 54 53 53 53 52 52 52 51 51 50 50 50 50 50 49 49 49 49 48 48 48 48 47 47 46 46 46 46 46 45 45 45 45 44 44 44 44 44 43 43 43 43 42 42 42 41 41 41 41 41 39 39 39 38 38 38 38 38 37 37 37 37 36 36 36 36 36 36 35 35 35 35 35 35 35 35 35 35 35 35 34 34 33 33 32 32 32 32 31 31 31 31 31 30 30 30 30 30 30 29 29 29 29 28 27 27 26 26 26 26 25 25 25 24 24 24 24 24 24 23 23 22 22 22 22 21 21 21 21 21 21 21 21 21 20 20 20 20 20 20 20 19 19 18 18 18 18 17 17 17 17 17 17 16 16 16 15 15 15 15 14 14 14 13 13 13 13 12 12 12 11 11 10 10 10 10 10 10 10 8 7 7 6 5 4 4 3 2 2 2 2 2 2 2 2 2 2 2 2 2 1 1 1 1 1 1 1 1 1 1 1 1 1 1 1 1 1 1 1 1 1 1 1 1 1 1 1 1 1 1 1 1 1 1 1 1 1 1 1 1 1 1 1 1 1 1 1 1 1 1 1 1 1 1 1 1 1 1 1 1 1 1 1 1 1 1 1 1 1 1 1 1 1 1 1 1 1 1 1 1 1 1 1 1 1 1 1 1 1 1 1 1 1 1 1 1 1 1 1 1 1 1 1 1 1 1 1 1 1 1 1 1 1 1 1 1 1 1 1 1 1 1 1 1 1 1 1 1 1 1 1 1 1 1 1 1 1 1 1 1 1 1 1 1 1 1 1 1 1 1 1 1 1 1 1 1 1 1 1 1 1 1 1 1 1 1 1 1 1 1 1 1 1 1 1 1 1 1 1 1 1 1 1 1 1 1 1 1 1 1 1 1 1 1 1 1 1,
bi5,5.0,10.0,3,3,replicating; Fig 1C regular spots,nucl,3,a,t600,301,600.01,1,301,600.01,5.477225575051661,1.5,1,278,3,281,0.23885,0.259675,9554,63,3.0547834887408265,3.150225407425992,0.5577246083592264,0.5751498389577061,278,34.356115107913666,7.469733056069715,0.2174207716037463,36.0,19.0,40.0,281,34.0,8.184916440798718,0.24073283649407995,36.0,19.0,40.0,0.4982158156537037,0.17272675223952388,63 53 52 46 44 43 43 43 42 42 42 42 42 42 42 41 41 41 41 41 41 41 41 41 41 40 40 40 40 40 40 40 40 40 40 40 40 40 40 40 40 40 40 40 40 39 39 39 39 39 39 39 39 39 39 39 39 39 39 39 39 39 39 39 39 39 39 39 39 38 38 38 38 38 38 38 38 38 38 38 38 38 38 38 38 38 38 38 38 38 38 38 38 38 38 38 38 38 38 38 38 37 37 37 37 37 37 37 37 37 37 37 37 37 37 37 37 37 37 37 37 37 37 37 36 36 36 36 36 36 36 36 36 36 36 36 36 36 36 36 36 36 36 36 36 36 36 36 36 36 35 35 35 35 35 35 35 35 35 35 35 35 35 35 35 35 35 35 35 35 35 35 35 35 35 35 35 35 35 35 35 35 35 34 34 34 34 34 34 34 34 34 34 34 34 34 34 34 34 34 34 34 34 34 34 34 34 34 34 33 33 33 33 33 33 33 33 33 33 33 33 32 32 32 32 32 32 32 32 31 31 31 31 31 30 30 30 30 30 29 29 29 29 28 28 21 20 19 19 19 19 19 19 19 18 18 18 18 18 18 17 17 17 17 16 16 16 16 16 16 16 15 15 14 14 13 12 8 1 1 1,
bi5,5.0,10.0,3,3,replicating; Fig 1C regular spots,nucl,3,i,cov10,6,10.01,1,6,10.01,5.477225575051661,1.3909322918562461,0,3,0,3,0.73995,0.73995,29598,29524,32.18468486224887,3.56097803906472,5.876092635082919,0.6501426662587533,3,9866.0,17024.32976654294,1.7255554192725464,46.0,31.6,23628.4,3,9866.0,17024.32976654294,1.7255554192725464,46.0,31.6,23628.4,0.5623145740893425,0.2447050381452271,29524 46 28,
bi5,5.0,10.0,3,3,replicating; Fig 1C regular spots,nucl,3,i,cov20,6,10.01,1,6,10.01,5.477225575051661,1.3909322918562461,0,3,0,3,0.73995,0.73995,29598,29524,32.18468486224887,3.56097803906472,5.876092635082919,0.6501426662587533,3,9866.0,17024.32976654294,1.7255554192725464,46.0,31.6,23628.4,3,9866.0,17024.32976654294,1.7255554192725464,46.0,31.6,23628.4,0.5623145740893425,0.2447050381452271,29524 46 28,
bi5,5.0,10.0,3,3,replicating; Fig 1C regular spots,nucl,3,i,t600,301,600.01,1,301,600.01,5.477225575051661,1.2756863456334822,1,1,0,1,1.0,1.0,40000,40000,105.0075135808664,105.0075135808664,19.1716612985902,19.1716612985902,1,40000.0,0.0,0.0,40000.0,40000.0,40000.0,1,40000.0,0.0,0.0,40000.0,40000.0,40000.0,0.5000140697724819,nan,40000,
bi5,5.0,10.0,3,3,replicating; Fig 1C regular spots,random,1,a,cov10,6,10.01,1,6,10.01,5.477225575051661,1.5,0,326,9,335,0.2472,0.2472,9888,140,2.7885439716047666,2.7281752304780924,0.509116145280992,0.49809437151990227,326,30.245398773006134,16.67890128258864,0.5514525170511052,27.0,12.0,52.0,335,29.51641791044776,17.0312903036049,0.5770107455205948,26.0,11.0,52.0,0.7217131807435951,0.20551788939354224,140 83 82 82 81 78 70 69 68 68 66 66 66 65 65 63 61 61 60 58 56 56 56 56 56 55 54 54 54 54 53 53 52 52 52 52 51 50 49 49 49 49 49 48 48 48 47 46 46 46 46 46 44 44 44 44 43 43 43 43 43 42 41 41 41 41 41 41 41 41 41 41 40 40 40 40 39 39 39 39 39 38 38 38 38 37 37 37 37 37 37 37 37 36 36 36 36 36 36 36 36 36 35 35 35 35 35 34 34 34 34 34 34 34 34 33 33 33 33 32 32 32 32 32 32 31 31 31 31 31 31 31 30 30 30 30 30 30 29 29 29 29 29 29 29 29 29 29 29 28 28 28 28 28 28 28 27 27 27 27 27 27 27 27 26 26 26 26 26 26 26 26 26 26 26 26 25 25 25 25 24 24 24 24 24 24 24 24 24 24 24 24 24 24 24 23 23 23 23 23 23 23 23 23 23 23 23 23 22 22 22 22 22 22 22 22 22 21 21 21 21 21 21 21 21 21 20 20 20 20 20 20 20 20 20 20 20 20 20 20 19 19 19 19 19 19 19 19 19 19 18 18 18 18 18 18 17 17 17 17 17 17 17 16 16 16 16 16 16 16 15 15 15 15 15 15 15 14 14 14 14 14 14 14 14 14 14 14 13 13 13 13 12 12 12 12 12 12 12 11 11 11 11 10 10 10 10 10 10 10 9 9 9 9 9 9 9 8 8 8 8 8 7 7 7 7 5 5 5 4 3 2 2 1 1,
bi5,5.0,10.0,3,3,replicating; Fig 1C regular spots,random,1,a,cov20,6,10.01,1,6,10.01,5.477225575051661,1.5,0,326,9,335,0.2472,0.2472,9888,140,2.7885439716047666,2.7281752304780924,0.509116145280992,0.49809437151990227,326,30.245398773006134,16.67890128258864,0.5514525170511052,27.0,12.0,52.0,335,29.51641791044776,17.0312903036049,0.5770107455205948,26.0,11.0,52.0,0.7217131807435951,0.20551788939354224,140 83 82 82 81 78 70 69 68 68 66 66 66 65 65 63 61 61 60 58 56 56 56 56 56 55 54 54 54 54 53 53 52 52 52 52 51 50 49 49 49 49 49 48 48 48 47 46 46 46 46 46 44 44 44 44 43 43 43 43 43 42 41 41 41 41 41 41 41 41 41 41 40 40 40 40 39 39 39 39 39 38 38 38 38 37 37 37 37 37 37 37 37 36 36 36 36 36 36 36 36 36 35 35 35 35 35 34 34 34 34 34 34 34 34 33 33 33 33 32 32 32 32 32 32 31 31 31 31 31 31 31 30 30 30 30 30 30 29 29 29 29 29 29 29 29 29 29 29 28 28 28 28 28 28 28 27 27 27 27 27 27 27 27 26 26 26 26 26 26 26 26 26 26 26 26 25 25 25 25 24 24 24 24 24 24 24 24 24 24 24 24 24 24 24 23 23 23 23 23 23 23 23 23 23 23 23 23 22 22 22 22 22 22 22 22 22 21 21 21 21 21 21 21 21 21 20 20 20 20 20 20 20 20 20 20 20 20 20 20 19 19 19 19 19 19 19 19 19 19 18 18 18 18 18 18 17 17 17 17 17 17 17 16 16 16 16 16 16 16 15 15 15 15 15 15 15 14 14 14 14 14 14 14 14 14 14 14 13 13 13 13 12 12 12 12 12 12 12 11 11 11 11 10 10 10 10 10 10 10 9 9 9 9 9 9 9 8 8 8 8 8 7 7 7 7 5 5 5 4 3 2 2 1 1,
bi5,5.0,10.0,3,3,replicating; Fig 1C regular spots,random,1,a,t600,301,600.01,1,301,600.01,5.477225575051661,1.5,1,322,0,322,0.243075,0.244175,9723,44,2.8656279705648746,2.9232854597246876,0.523189693632044,0.5337164627726904,322,30.195652173913043,6.32127247557134,0.2093437968871718,31.0,19.1,36.0,322,30.195652173913043,6.32127247557134,0.2093437968871718,31.0,19.1,36.0,0.4083203076193547,0.20213288378557395,44 43 42 41 40 40 40 40 39 39 38 38 38 38 38 38 37 37 37 37 37 37 37 37 37 37 37 36 36 36 36 36 36 36 36 36 36 36 36 36 36 36 36 36 36 36 35 35 35 35 35 35 35 35 35 35 35 35 35 35 35 34 34 34 34 34 34 34 34 34 34 34 34 34 34 34 34 34 34 34 34 34 34 34 34 34 34 34 34 34 34 34 34 34 34 34 34 34 34 34 34 34 34 33 33 33 33 33 33 33 33 33 33 33 33 33 33 33 33 33 33 33 33 33 33 33 33 33 33 33 33 33 33 33 32 32 32 32 32 32 32 32 32 32 32 32 32 32 32 32 32 32 32 32 32 32 32 32 32 31 31 31 31 31 31 31 31 31 31 31 31 31 31 31 31 31 31 31 31 31 31 31 31 31 31 31 31 31 31 30 30 30 30 30 30 30 30 30 30 30 30 30 30 30 30 30 30 30 30 30 30 30 30 30 30 30 29 29 29 29 29 29 29 29 29 29 29 29 29 29 29 29 29 29 29 29 29 28 28 28 28 28 28 28 28 28 28 28 28 28 28 28 28 28 28 28 28 28 28 28 27 27 27 27 27 27 27 27 27 27 27 27 26 26 26 26 26 26 26 26 25 25 25 25 21 20 20 20 20 19 19 18 18 18 17 17 17 17 16 16 16 16 16 16 16 16 15 15 15 15 14 14 13 13 13 12 12 12 12 11 10 10,
bi5,5.0,10.0,3,3,replicating; Fig 1C regular spots,random,1,i,cov10,6,10.01,1,6,10.01,5.477225575051661,1.277181772962656,0,1,0,1,0.9935,0.9935,39740,39740,104.6656827810864,104.6656827810864,19.109251818627023,19.109251818627023,1,39740.0,0.0,0.0,39740.0,39740.0,39740.0,1,39740.0,0.0,0.0,39740.0,39740.0,39740.0,0.49879185244163016,nan,39740,
bi5,5.0,10.0,3,3,replicating; Fig 1C regular spots,random,1,i,cov20,6,10.01,1,6,10.01,5.477225575051661,1.277181772962656,0,1,0,1,0.9935,0.9935,39740,39740,104.6656827810864,104.6656827810864,19.109251818627023,19.109251818627023,1,39740.0,0.0,0.0,39740.0,39740.0,39740.0,1,39740.0,0.0,0.0,39740.0,39740.0,39740.0,0.49879185244163016,nan,39740,
bi5,5.0,10.0,3,3,replicating; Fig 1C regular spots,random,1,i,t600,301,600.01,1,301,600.01,5.477225575051661,1.2267641593163374,1,1,0,1,1.0,1.0,40000,40000,105.0075135808664,105.0075135808664,19.1716612985902,19.1716612985902,1,40000.0,0.0,0.0,40000.0,40000.0,40000.0,1,40000.0,0.0,0.0,40000.0,40000.0,40000.0,0.5000140697724819,nan,40000,
bi5,5.0,10.0,3,3,replicating; Fig 1C regular spots,random,2,a,cov10,6,10.01,1,6,10.01,5.477225575051661,1.5,0,346,11,357,0.2464,0.2464,9856,97,2.712638851521128,2.7281752304780924,0.4952578297810096,0.49809437151990227,346,28.36127167630058,14.228349027884837,0.5016823360489303,27.0,12.0,43.5,357,27.607843137254903,14.634411697370481,0.5300816736973682,26.0,11.0,43.0,0.6947925404782388,0.22554197137630735,97 85 82 81 80 68 66 65 63 61 61 61 59 58 57 55 54 53 53 53 53 52 50 50 49 49 49 48 47 46 46 46 44 44 44 43 43 43 43 43 43 43 42 42 42 42 42 42 42 42 41 41 41 41 40 40 40 40 40 40 40 40 39 39 39 38 38 38 38 38 38 38 38 38 38 37 37 37 37 37 37 36 36 36 36 36 36 35 35 35 35 35 35 35 35 34 34 34 34 34 34 34 34 34 34 34 34 33 33 33 33 33 33 32 32 32 32 32 32 32 32 32 32 32 32 32 32 32 32 31 31 31 31 31 31 30 30 30 30 30 30 30 30 30 30 30 30 30 30 29 29 29 29 29 29 29 29 29 29 28 28 28 28 28 28 27 27 27 27 27 27 27 27 27 27 26 26 26 26 26 26 26 26 26 26 26 25 25 25 25 25 25 25 25 25 24 24 24 24 24 24 24 24 24 24 24 23 23 23 23 23 23 23 23 23 23 23 22 22 22 22 22 22 22 22 21 21 21 21 21 21 21 21 21 20 20 20 20 20 20 20 20 20 20 19 19 19 19 19 19 19 19 19 19 19 19 18 18 18 18 18 18 18 18 17 17 17 17 17 17 17 17 16 16 16 16 16 16 16 16 16 16 16 16 15 15 15 15 15 15 15 15 14 14 14 14 14 14 13 13 13 13 13 13 12 12 12 12 12 12 12 12 12 12 12 12 12 12 11 11 11 11 11 10 10 10 10 10 10 10 9 9 9 9 9 9 9 8 8 8 8 7 7 7 6 6 5 5 5 5 5 5 4 4 3 1 1,
bi5,5.0,10.0,3,3,replicating; Fig 1C regular spots,random,2,a,cov20,6,10.01,1,6,10.01,5.477225575051661,1.5,0,346,11,357,0.2464,0.2464,9856,97,2.712638851521128,2.7281752304780924,0.4952578297810096,0.49809437151990227,346,28.36127167630058,14.228349027884837,0.5016823360489303,27.0,12.0,43.5,357,27.607843137254903,14.634411697370481,0.5300816736973682,26.0,11.0,43.0,0.6947925404782388,0.22554197137630735,97 85 82 81 80 68 66 65 63 61 61 61 59 58 57 55 54 53 53 53 53 52 50 50 49 49 49 48 47 46 46 46 44 44 44 43 43 43 43 43 43 43 42 42 42 42 42 42 42 42 41 41 41 41 40 40 40 40 40 40 40 40 39 39 39 38 38 38 38 38 38 38 38 38 38 37 37 37 37 37 37 36 36 36 36 36 36 35 35 35 35 35 35 35 35 34 34 34 34 34 34 34 34 34 34 34 34 33 33 33 33 33 33 32 32 32 32 32 32 32 32 32 32 32 32 32 32 32 32 31 31 31 31 31 31 30 30 30 30 30 30 30 30 30 30 30 30 30 30 29 29 29 29 29 29 29 29 29 29 28 28 28 28 28 28 27 27 27 27 27 27 27 27 27 27 26 26 26 26 26 26 26 26 26 26 26 25 25 25 25 25 25 25 25 25 24 24 24 24 24 24 24 24 24 24 24 23 23 23 23 23 23 23 23 23 23 23 22 22 22 22 22 22 22 22 21 21 21 21 21 21 21 21 21 20 20 20 20 20 20 20 20 20 20 19 19 19 19 19 19 19 19 19 19 19 19 18 18 18 18 18 18 18 18 17 17 17 17 17 17 17 17 16 16 16 16 16 16 16 16 16 16 16 16 15 15 15 15 15 15 15 15 14 14 14 14 14 14 13 13 13 13 13 13 12 12 12 12 12 12 12 12 12 12 12 12 12 12 11 11 11 11 11 10 10 10 10 10 10 10 9 9 9 9 9 9 9 8 8 8 8 7 7 7 6 6 5 5 5 5 5 5 4 4 3 1 1,
bi5,5.0,10.0,3,3,replicating; Fig 1C regular spots,random,2,a,t600,301,600.01,1,301,600.01,5.477225575051661,1.5,1,335,0,335,0.24515,0.246375,9806,39,2.8256642641620298,2.87574919478853,0.5158933524725934,0.525037567904332,335,29.271641791044775,5.493676440179747,0.18767913598411332,30.0,24.0,35.0,335,29.271641791044775,5.493676440179747,0.18767913598411332,30.0,24.0,35.0,0.3913815367252942,0.19001164253167818,39 39 38 38 38 38 37 37 37 37 37 37 36 36 36 36 36 36 36 36 36 36 36 36 35 35 35 35 35 35 35 35 35 35 35 35 35 34 34 34 34 34 34 34 34 34 34 34 34 34 34 34 34 34 34 34 34 34 34 34 34 34 34 34 34 34 34 33 33 33 33 33 33 33 33 33 33 33 33 33 33 33 33 33 33 33 33 33 33 33 33 33 33 33 33 33 33 33 33 33 33 32 32 32 32 32 32 32 32 32 32 32 32 32 32 32 32 32 32 32 32 32 32 32 32 32 32 31 31 31 31 31 31 31 31 31 31 31 31 31 31 31 31 31 31 31 31 31 31 31 31 31 30 30 30 30 30 30 30 30 30 30 30 30 30 30 30 30 30 30 30 30 30 30 30 30 30 30 30 30 30 30 30 30 30 29 29 29 29 29 29 29 29 29 29 29 29 29 29 29 29 29 29 29 29 29 29 29 29 29 29 29 29 29 29 29 28 28 28 28 28 28 28 28 28 28 28 28 28 28 28 28 28 28 28 28 28 28 28 28 28 28 28 28 28 28 28 28 28 28 28 27 27 27 27 27 27 27 27 27 27 27 27 27 27 27 27 27 27 27 27 27 27 27 26 26 26 26 26 26 26 26 26 26 26 25 25 25 25 25 25 25 25 25 25 25 25 25 24 24 24 24 23 19 18 18 18 18 18 18 18 17 17 17 17 16 16 16 15 15 15 15 15 15 15 14 14 14 14 14 14 13 12 12 11,
bi5,5.0,10.0,3,3,replicating; Fig 1C regular spots,random,2,i,cov10,6,10.01,1,6,10.01,5.477225575051661,1.213758171931472,0,1,0,1,0.997025,0.997025,39881,39881,104.85119855852028,104.85119855852028,19.143122210651573,19.143122210651573,1,39881.0,0.0,0.0,39881.0,39881.0,39881.0,1,39881.0,0.0,0.0,39881.0,39881.0,39881.0,0.49984802534931005,nan,39881,
bi5,5.0,10.0,3,3,replicating; Fig 1C regular spots,random,2,i,cov20,6,10.01,1,6,10.01,5.477225575051661,1.213758171931472,0,1,0,1,0.997025,0.997025,39881,39881,104.85119855852028,104.85119855852028,19.143122210651573,19.143122210651573,1,39881.0,0.0,0.0,39881.0,39881.0,39881.0,1,39881.0,0.0,0.0,39881.0,39881.0,39881.0,0.49984802534931005,nan,39881,
bi5,5.0,10.0,3,3,replicating; Fig 1C regular spots,random,2,i,t600,301,600.01,1,301,600.01,5.477225575051661,1.2074032741649072,1,1,0,1,1.0,1.0,40000,40000,105.0075135808664,105.0075135808664,19.1716612985902,19.1716612985902,1,40000.0,0.0,0.0,40000.0,40000.0,40000.0,1,40000.0,0.0,0.0,40000.0,40000.0,40000.0,0.5000140697724819,nan,40000,
bi5,5.0,10.0,3,3,replicating; Fig 1C regular spots,random,3,a,cov10,6,10.01,1,6,10.01,5.477225575051661,1.5,0,335,7,342,0.247925,0.247925,9917,111,2.764325086719666,2.778237667282101,0.5046944020912618,0.507234480160313,335,29.53134328358209,15.456469770650255,0.5233920320598237,28.0,13.0,48.0,342,28.997076023391813,15.739726629069512,0.5428039232773796,27.0,12.0,47.900000000000034,0.7116067979693522,0.20638748401580437,111 87 86 85 85 82 79 74 71 69 66 62 62 60 60 59 56 56 55 55 53 53 53 53 52 52 51 50 49 49 49 48 48 48 48 47 47 47 47 46 45 45 45 45 45 44 44 44 44 44 43 43 43 42 42 42 41 41 41 41 40 40 40 40 40 39 39 39 38 38 38 38 38 38 38 38 38 38 37 37 37 37 37 37 37 36 36 36 36 36 35 35 35 35 35 35 35 35 35 35 34 34 34 33 33 33 33 33 33 33 33 32 32 32 32 32 32 32 32 31 31 31 31 31 31 31 31 31 31 31 31 31 31 31 31 30 30 30 30 30 30 30 29 29 29 29 29 29 29 29 29 29 29 29 29 29 28 28 28 28 28 28 28 28 28 28 28 28 28 27 27 27 27 27 27 27 27 27 27 27 27 26 26 26 26 26 26 26 26 26 26 26 25 25 25 25 25 25 25 25 25 24 24 24 24 24 24 24 24 24 24 23 23 23 23 23 23 23 23 22 22 22 22 22 22 22 22 22 21 21 21 21 21 21 21 21 20 20 20 20 20 20 20 19 19 19 19 19 19 19 19 19 18 18 18 18 18 18 18 18 17 17 17 17 17 17 16 16 16 16 16 16 16 16 16 15 15 15 15 15 15 15 15 14 14 14 14 14 14 14 14 14 14 14 14 14 13 13 13 13 13 13 12 12 12 12 12 12 12 12 12 12 11 11 11 10 10 10 10 10 10 10 9 9 9 9 9 9 9 8 8 7 7 7 6 5 5 4 4 3 2 1,
bi5,5.0,10.0,3,3,replicating; Fig 1C regular spots,random,3,a,cov20,6,10.01,1,6,10.01,5.477225575051661,1.5,0,335,7,342,0.247925,0.247925,9917,111,2.764325086719666,2.778237667282101,0.5046944020912618,0.507234480160313,335,29.53134328358209,15.456469770650255,0.5233920320598237,28.0,13.0,48.0,342,28.997076023391813,15.739726629069512,0.5428039232773796,27.0,12.0,47.900000000000034,0.7116067979693522,0.20638748401580437,111 87 86 85 85 82 79 74 71 69 66 62 62 60 60 59 56 56 55 55 53 53 53 53 52 52 51 50 49 49 49 48 48 48 48 47 47 47 47 46 45 45 45 45 45 44 44 44 44 44 43 43 43 42 42 42 41 41 41 41 40 40 40 40 40 39 39 39 38 38 38 38 38 38 38 38 38 38 37 37 37 37 37 37 37 36 36 36 36 36 35 35 35 35 35 35 35 35 35 35 34 34 34 33 33 33 33 33 33 33 33 32 32 32 32 32 32 32 32 31 31 31 31 31 31 31 31 31 31 31 31 31 31 31 31 30 30 30 30 30 30 30 29 29 29 29 29 29 29 29 29 29 29 29 29 29 28 28 28 28 28 28 28 28 28 28 28 28 28 27 27 27 27 27 27 27 27 27 27 27 27 26 26 26 26 26 26 26 26 26 26 26 25 25 25 25 25 25 25 25 25 24 24 24 24 24 24 24 24 24 24 23 23 23 23 23 23 23 23 22 22 22 22 22 22 22 22 22 21 21 21 21 21 21 21 21 20 20 20 20 20 20 20 19 19 19 19 19 19 19 19 19 18 18 18 18 18 18 18 18 17 17 17 17 17 17 16 16 16 16 16 16 16 16 16 15 15 15 15 15 15 15 15 14 14 14 14 14 14 14 14 14 14 14 14 14 13 13 13 13 13 13 12 12 12 12 12 12 12 12 12 12 11 11 11 10 10 10 10 10 10 10 9 9 9 9 9 9 9 8 8 7 7 7 6 5 5 4 4 3 2 1,
bi5,5.0,10.0,3,3,replicating; Fig 1C regular spots,random,3,a,t600,301,600.01,1,301,600.01,5.477225575051661,1.5,1,334,0,334,0.24315,0.2444,9726,40,2.8156454667500714,2.87574919478853,0.5140641786920588,0.525037567904332,334,29.119760479041915,5.80235262962822,0.1992582539888778,30.0,23.300000000000004,35.0,334,29.119760479041915,5.80235262962822,0.1992582539888778,30.0,23.300000000000004,35.0,0.3874953135343092,0.19801169920899203,40 39 38 38 37 37 37 37 37 37 37 36 36 36 36 36 36 36 36 36 36 36 35 35 35 35 35 35 35 35 35 35 35 35 35 35 35 35 35 35 35 35 34 34 34 34 34 34 34 34 34 34 34 34 34 34 34 34 34 34 34 34 34 34 34 33 33 33 33 33 33 33 33 33 33 33 33 33 33 33 33 33 33 33 33 33 33 33 33 33 33 33 33 33 33 33 33 32 32 32 32 32 32 32 32 32 32 32 32 32 32 32 32 32 32 32 32 32 32 32 32 32 32 31 31 31 31 31 31 31 31 31 31 31 31 31 31 31 31 31 31 31 31 31 31 31 31 31 31 31 31 31 31 31 30 30 30 30 30 30 30 30 30 30 30 30 30 30 30 30 30 30 30 30 30 30 30 30 30 30 30 30 30 29 29 29 29 29 29 29 29 29 29 29 29 29 29 29 29 29 29 29 29 29 29 29 29 29 29 29 29 29 29 29 28 28 28 28 28 28 28 28 28 28 28 28 28 28 28 28 28 28 28 28 28 28 28 28 28 28 28 28 28 28 28 27 27 27 27 27 27 27 27 27 27 27 27 27 27 27 27 27 27 27 27 27 27 27 27 27 27 27 26 26 26 26 26 26 26 26 26 26 26 26 26 26 26 25 25 25 25 25 25 25 25 25 25 24 24 24 23 23 22 18 18 17 17 17 16 16 16 16 16 16 15 15 15 15 15 15 15 14 14 14 12 12 12 11 11 11 11 11 9 9,
bi5,5.0,10.0,3,3,replicating; Fig 1C regular spots,random,3,i,cov10,6,10.01,1,6,10.01,5.477225575051661,1.2292186574416688,0,1,0,1,0.998775,0.998775,39951,39951,104.94317676961188,104.94317676961188,19.159915057656185,19.159915057656185,1,39951.0,0.0,0.0,39951.0,39951.0,39951.0,1,39951.0,0.0,0.0,39951.0,39951.0,39951.0,0.4994230008277594,nan,39951,
bi5,5.0,10.0,3,3,replicating; Fig 1C regular spots,random,3,i,cov20,6,10.01,1,6,10.01,5.477225575051661,1.2292186574416688,0,1,0,1,0.998775,0.998775,39951,39951,104.94317676961188,104.94317676961188,19.159915057656185,19.159915057656185,1,39951.0,0.0,0.0,39951.0,39951.0,39951.0,1,39951.0,0.0,0.0,39951.0,39951.0,39951.0,0.4994230008277594,nan,39951,
bi5,5.0,10.0,3,3,replicating; Fig 1C regular spots,random,3,i,t600,301,600.01,1,301,600.01,5.477225575051661,1.1990366859016979,1,1,0,1,1.0,1.0,40000,40000,105.0075135808664,105.0075135808664,19.1716612985902,19.1716612985902,1,40000.0,0.0,0.0,40000.0,40000.0,40000.0,1,40000.0,0.0,0.0,40000.0,40000.0,40000.0,0.5000140697724819,nan,40000,
bi5,5.0,10.0,3,3,replicating; Fig 1C regular spots,seed1,0,a,cov10,261,520.01,1,261,520.01,5.477225575051661,1.5,1,72,0,72,0.102,0.11325,4080,143,3.850046308797216,3.5802271284257143,0.7029190702559119,0.653657053076903,72,56.666666666666664,29.907839661858507,0.5277854057975031,46.5,31.0,78.0,72,56.666666666666664,29.907839661858507,0.5277854057975031,46.5,31.0,78.0,0.6803189088407193,0.1410680779624436,143 143 143 143 143 143 78 78 78 78 78 78 78 78 78 78 78 78 49 49 49 49 49 49 47 47 47 47 47 47 47 47 47 47 47 47 46 46 46 46 46 46 46 46 46 46 46 46 42 42 42 42 42 42 42 42 42 42 42 42 31 31 31 31 31 31 31 31 31 31 31 31,
bi5,5.0,10.0,3,3,replicating; Fig 1C regular spots,seed1,0,a,cov20,nan,nan,0,,,5.477225575051661,,,,,,,,,,,,,,,,,,,,,,,,,,,,,,,activator coverage never reached 20 %
bi5,5.0,10.0,3,3,replicating; Fig 1C regular spots,seed1,0,a,t600,301,600.01,1,301,600.01,5.477225575051661,1.5,1,114,0,114,0.13905,0.1548,5562,86,3.625193969274095,3.5994762177867092,0.6618668374343707,0.6571714398950529,114,48.78947368421053,15.323920617236706,0.3140825153478936,47.0,28.60000000000001,76.90000000000008,114,48.78947368421053,15.323920617236706,0.3140825153478936,47.0,28.60000000000001,76.90000000000008,0.6344592515836537,0.1775183150063902,86 86 86 86 86 86 86 86 85 85 85 85 58 58 58 58 58 58 58 58 57 57 54 54 50 50 50 50 50 50 50 50 50 50 50 50 50 50 50 50 50 50 50 50 50 50 50 50 49 49 49 49 49 49 47 47 47 47 47 47 47 47 47 47 47 47 47 47 46 46 46 46 46 46 46 46 46 46 41 41 41 41 41 41 41 41 41 41 41 41 37 37 37 37 37 37 37 37 37 37 37 37 25 25 25 25 25 25 25 25 25 25 25 25,
bi5,5.0,10.0,3,3,replicating; Fig 1C regular spots,seed1,0,i,cov10,261,520.01,1,146,290.01,5.477225575051661,1.2845541685329107,1,1,0,1,0.3843,0.39865,15372,15372,65.09618952144505,65.09618952144505,11.884883802842294,11.884883802842294,1,15372.0,0.0,0.0,15372.0,15372.0,15372.0,1,15372.0,0.0,0.0,15372.0,15372.0,15372.0,0.0,nan,15372,
bi5,5.0,10.0,3,3,replicating; Fig 1C regular spots,seed1,0,i,cov20,nan,nan,0,211,420.01,5.477225575051661,,,,,,,,,,,,,,,,,,,,,,,,,,,,,,,activator coverage never reached 20 %
bi5,5.0,10.0,3,3,replicating; Fig 1C regular spots,seed1,0,i,t600,301,600.01,1,301,600.01,5.477225575051661,1.3481947000011825,1,1,0,1,0.5045,0.531625,20180,20180,74.58490835823211,74.58490835823211,13.617278919086445,13.617278919086445,1,20180.0,0.0,0.0,20180.0,20180.0,20180.0,1,20180.0,0.0,0.0,20180.0,20180.0,20180.0,0.056608230648734256,nan,20180,
bi5,5.0,10.0,3,3,replicating; Fig 1C regular spots,seed36,1,a,cov10,26,50.01,1,26,50.01,5.477225575051661,1.5,1,43,0,43,0.10725,0.14165,4290,174,5.107224906501795,5.328549344260808,0.932447429181082,0.9728555582103352,43,99.76744186046511,44.167342605412884,0.44270296783980284,103.0,44.8,167.60000000000002,43,99.76744186046511,44.167342605412884,0.44270296783980284,103.0,44.8,167.60000000000002,0.6977747135724899,0.1970066748067529,174 171 171 168 168 166 142 138 138 137 137 136 134 134 127 121 119 112 109 109 108 103 102 85 81 80 77 73 72 67 63 63 59 55 53 52 49 48 44 42 38 36 29,
bi5,5.0,10.0,3,3,replicating; Fig 1C regular spots,seed36,1,a,cov20,76,150.01,1,76,150.01,5.477225575051661,1.5,1,80,0,80,0.201375,0.22005,8055,375,4.841341134306125,3.8936219000193,0.8839039159457043,0.710874848345565,80,100.6875,95.02825612429872,0.9437939776466664,55.0,35.9,270.1,80,100.6875,95.02825612429872,0.9437939776466664,55.0,35.9,270.1,0.6770582068914712,0.20247763623963602,375 364 344 343 336 328 278 271 270 268 254 222 216 204 147 139 133 131 125 116 109 109 107 87 86 79 79 78 76 76 75 74 72 64 61 60 59 58 58 56 54 53 52 51 49 48 48 48 47 47 47 46 45 44 44 43 43 43 42 42 42 41 40 40 40 40 40 39 38 37 37 36 35 35 35 34 33 32 29 29,
bi5,5.0,10.0,3,3,replicating; Fig 1C regular spots,seed36,1,a,t600,301,600.01,1,301,600.01,5.477225575051661,1.5,1,182,0,182,0.246325,0.247975,9853,287,3.7421466523244273,3.442901574481694,0.6832193783235103,0.6285849518712255,182,54.137362637362635,36.237672008062276,0.6693653004635476,43.0,37.0,70.80000000000001,182,54.137362637362635,36.237672008062276,0.6693653004635476,43.0,37.0,70.80000000000001,0.5399543438723953,0.24406062070849152,287 219 190 183 179 174 158 145 141 141 135 130 129 126 120 103 73 73 71 69 68 68 65 65 65 63 62 60 59 59 56 54 51 50 49 49 48 48 48 48 47 47 47 47 47 47 47 47 46 46 46 46 46 46 46 46 46 46 46 45 45 45 45 45 45 45 45 45 44 44 44 44 44 44 44 44 44 44 44 44 44 44 43 43 43 43 43 43 43 43 43 43 43 43 43 43 43 43 43 43 42 42 42 42 42 42 42 42 42 42 42 42 42 42 42 41 41 41 41 41 41 41 41 41 41 41 41 40 40 40 40 40 40 40 40 40 40 40 40 39 39 39 39 39 39 39 39 39 39 39 38 38 38 38 38 38 38 38 38 38 37 37 37 37 37 37 36 36 36 36 36 36 36 36 35 35 35 34 34 34 34 33,
bi5,5.0,10.0,3,3,replicating; Fig 1C regular spots,seed36,1,i,cov10,26,50.01,1,6,10.01,5.477225575051661,1.3434772385357812,1,18,0,18,0.272075,0.331975,10883,2152,12.348324186243293,10.180856169266754,2.2544852347306916,1.8587615262076782,18,604.6111111111111,448.9365393236212,0.7425211529748399,376.0,338.4,976.8000000000001,18,604.6111111111111,448.9365393236212,0.7425211529748399,376.0,338.4,976.8000000000001,0.5628413533693356,0.318902562440876,2152 1065 939 825 653 652 576 483 376 376 375 374 373 371 348 339 337 269,
bi5,5.0,10.0,3,3,replicating; Fig 1C regular spots,seed36,1,i,cov20,76,150.01,1,21,40.01,5.477225575051661,1.347660597626623,1,4,0,4,0.660525,0.70155,26421,10839,40.123162512617014,44.88382797823901,7.325453728868666,8.194628350287667,4,6605.25,4162.205054615482,0.6301358850331906,7323.0,2653.5,9982.800000000001,4,6605.25,4162.205054615482,0.6301358850331906,7323.0,2653.5,9982.800000000001,0.8413493068780863,0.07572968984677345,10839 7985 6661 936,
bi5,5.0,10.0,3,3,replicating; Fig 1C regular spots,seed36,1,i,t600,301,600.01,1,301,600.01,5.477225575051661,1.2452628828939574,1,1,0,1,0.99965,0.999725,39986,39986,104.98913565778075,104.98913565778075,19.1683059642455,19.1683059642455,1,39986.0,0.0,0.0,39986.0,39986.0,39986.0,1,39986.0,0.0,0.0,39986.0,39986.0,39986.0,0.4998714518326056,nan,39986,
bi5,5.0,10.0,3,3,replicating; Fig 1C regular spots,seed36,2,a,cov10,26,50.01,1,26,50.01,5.477225575051661,1.5,1,41,0,41,0.103375,0.137675,4135,171,5.15049835853222,5.3800341085948595,0.9403480444538092,0.9822553471415344,41,100.85365853658537,41.494313451128306,0.41143091934613313,105.0,48.0,156.0,41,100.85365853658537,41.494313451128306,0.41143091934613313,105.0,48.0,156.0,0.7352414004541556,0.19199379836777153,171 169 165 156 156 154 145 138 136 136 134 131 129 125 124 115 115 111 110 108 105 104 102 99 96 94 80 79 71 59 54 54 53 53 50 49 48 45 39 38 35,
bi5,5.0,10.0,3,3,replicating; Fig 1C regular spots,seed36,2,a,cov20,76,150.01,1,76,150.01,5.477225575051661,1.5,1,86,0,86,0.203175,0.223025,8127,363,4.722963316617563,3.9114021026633154,0.8622911822602845,0.7141210543672785,86,94.5,85.09534444996874,0.9004798354494046,55.5,33.0,237.0,86,94.5,85.09534444996874,0.9004798354494046,55.5,33.0,237.0,0.6913444178907933,0.18670258685296443,363 347 345 317 289 258 257 245 245 229 227 217 198 189 186 179 152 133 131 124 110 104 101 86 79 79 79 77 76 76 75 75 73 73 69 68 68 68 61 59 58 56 56 55 54 54 53 52 51 50 49 48 48 48 48 46 46 44 43 43 43 43 43 43 42 42 41 40 40 39 39 38 38 36 36 34 33 33 33 32 31 31 29 29 25 25,
bi5,5.0,10.0,3,3,replicating; Fig 1C regular spots,seed36,2,a,t600,301,600.01,1,301,600.01,5.477225575051661,1.5,1,191,0,191,0.24555,0.247575,9822,220,3.6692149919692874,3.402632334510685,0.6699039398125719,0.6212328281693221,191,51.424083769633505,30.07767568835727,0.5848947318749989,42.0,38.0,83.0,191,51.424083769633505,30.07767568835727,0.5848947318749989,42.0,38.0,83.0,0.5163059792686191,0.24585020454125972,220 202 184 172 169 134 132 119 119 117 116 113 110 107 107 102 100 95 94 83 77 76 69 65 64 60 54 52 51 50 49 48 48 48 47 47 47 47 46 46 46 46 46 46 45 45 45 45 45 45 45 45 45 44 44 44 44 44 44 44 44 44 44 44 44 44 44 44 43 43 43 43 43 43 43 43 43 43 42 42 42 42 42 42 42 42 42 42 42 42 42 42 42 42 42 42 42 42 42 42 42 42 42 41 41 41 41 41 41 41 41 41 41 41 41 40 40 40 40 40 40 40 40 40 40 40 40 40 40 40 40 40 40 40 40 40 40 39 39 39 39 39 39 39 39 39 39 39 39 39 39 39 39 39 39 39 39 39 39 39 38 38 38 38 38 38 38 38 38 38 38 38 37 37 37 37 37 37 37 36 36 36 36 36 36 36 35 35 35 34 32,
bi5,5.0,10.0,3,3,replicating; Fig 1C regular spots,seed36,2,i,cov10,26,50.01,1,6,10.01,5.477225575051661,1.3364665906305302,1,19,0,19,0.262175,0.3191,10487,1727,11.738597456681896,10.180856169266754,2.1431648734991486,1.8587615262076782,19,551.9473684210526,427.83790721931274,0.7751425800674113,376.0,283.4,942.7999999999994,19,551.9473684210526,427.83790721931274,0.7751425800674113,376.0,283.4,942.7999999999994,0.5511789945947113,0.26669872409304857,1727 1666 762 646 638 568 507 379 376 376 362 358 344 344 341 309 291 253 240,
bi5,5.0,10.0,3,3,replicating; Fig 1C regular spots,seed36,2,i,cov20,76,150.01,1,21,40.01,5.477225575051661,1.3506269090328247,1,4,0,4,0.6513,0.696,26052,17219,38.01227281627227,31.456768998443287,6.940059761170917,5.743193988892194,4,6513.0,7266.904384490918,1.1157537823569659,3673.5,1813.0,13484.600000000002,4,6513.0,7266.904384490918,1.1157537823569659,3673.5,1813.0,13484.600000000002,0.7327731228064607,0.20366197278320508,17219 4771 2576 1486,
bi5,5.0,10.0,3,3,replicating; Fig 1C regular spots,seed36,2,i,t600,301,600.01,1,301,600.01,5.477225575051661,1.2433756497863266,1,1,0,1,0.999325,0.999375,39973,39973,104.97206756250753,104.97206756250753,19.16518977064724,19.16518977064724,1,39973.0,0.0,0.0,39973.0,39973.0,39973.0,1,39973.0,0.0,0.0,39973.0,39973.0,39973.0,0.4999153990922673,nan,39973,
bi5,5.0,10.0,3,3,replicating; Fig 1C regular spots,seed36,3,a,cov10,26,50.01,1,26,50.01,5.477225575051661,1.5,1,39,0,39,0.109625,0.145025,4385,178,5.441104200400176,5.822948314079407,0.993405169431762,1.063120047602656,39,112.43589743589743,44.53135788809527,0.3960599675338006,123.0,45.6,163.2,39,112.43589743589743,44.53135788809527,0.3960599675338006,123.0,45.6,163.2,0.6649497535912055,0.20610563417672012,178 172 170 164 163 163 162 160 154 149 145 144 143 141 140 131 130 129 125 123 118 109 108 107 105 102 95 85 73 61 60 58 54 51 46 44 44 44 35,
bi5,5.0,10.0,3,3,replicating; Fig 1C regular spots,seed36,3,a,cov20,76,150.01,1,76,150.01,5.477225575051661,1.5,1,82,0,82,0.20155,0.21865,8062,422,4.7836632099049305,3.822331190344119,0.8733734158575003,0.6978590050690155,82,98.3170731707317,93.57216506674692,0.9517387168783488,53.0,35.2,243.9,82,98.3170731707317,93.57216506674692,0.9517387168783488,53.0,35.2,243.9,0.6760755174500681,0.19556261762341223,422 380 343 336 311 311 280 249 244 243 237 220 210 173 164 158 145 138 133 130 115 112 108 76 76 75 75 74 74 73 68 67 65 65 65 64 62 56 56 54 53 53 53 53 52 52 51 49 49 48 47 46 46 46 45 45 45 45 44 43 42 42 41 41 41 41 41 40 40 39 38 37 37 35 35 33 31 30 28 27 26 25,
bi5,5.0,10.0,3,3,replicating; Fig 1C regular spots,seed36,3,a,t600,301,600.01,1,301,600.01,5.477225575051661,1.5,1,173,0,173,0.248325,0.249725,9933,336,3.8202025818565226,3.442901574481694,0.6974703761074311,0.6285849518712255,173,57.41618497109827,44.664253609315075,0.7779035411669695,43.0,38.2,84.40000000000015,173,57.41618497109827,44.664253609315075,0.7779035411669695,43.0,38.2,84.40000000000015,0.5349424443156553,0.2334327326058208,336 295 213 208 207 207 171 163 160 158 153 152 144 114 106 104 98 87 74 74 73 72 72 70 69 68 67 65 60 59 58 54 50 49 48 47 47 47 47 47 47 47 47 47 47 46 46 46 46 46 46 46 46 46 45 45 45 45 45 45 45 45 45 45 45 44 44 44 44 44 44 44 44 44 44 44 43 43 43 43 43 43 43 43 43 43 43 43 43 43 43 43 43 43 42 42 42 42 42 42 42 42 42 42 42 42 42 42 42 42 42 42 42 42 41 41 41 41 41 41 41 41 41 41 41 41 41 41 41 41 41 41 41 40 40 40 40 40 40 40 40 40 40 40 40 40 40 40 40 40 39 39 39 39 39 38 38 38 38 37 37 37 37 36 36 36 35 35 35 34 34 33 30,
bi5,5.0,10.0,3,3,replicating; Fig 1C regular spots,seed36,3,i,cov10,26,50.01,1,6,10.01,5.477225575051661,1.3420996695999563,1,25,0,25,0.27385,0.3322,10954,1142,10.804420042680016,10.099299265445673,1.972608192712258,1.8438713408933165,25,438.16,189.242939102097,0.4319037317466154,370.0,313.8,662.6,25,438.16,189.242939102097,0.4319037317466154,370.0,313.8,662.6,0.4884308236677164,0.26978481576259183,1142 682 665 659 573 562 403 384 381 376 373 370 370 370 364 363 358 354 352 349 346 318 311 296 233,
bi5,5.0,10.0,3,3,replicating; Fig 1C regular spots,seed36,3,i,cov20,76,150.01,1,21,40.01,5.477225575051661,1.3725702855884718,1,1,0,1,0.6505,0.6784,26020,26020,84.69231918797308,84.69231918797308,15.462631222226824,15.462631222226824,1,26020.0,0.0,0.0,26020.0,26020.0,26020.0,1,26020.0,0.0,0.0,26020.0,26020.0,26020.0,0.41362026208209207,nan,26020,
bi5,5.0,10.0,3,3,replicating; Fig 1C regular spots,seed36,3,i,t600,301,600.01,1,301,600.01,5.477225575051661,1.2463870002389588,1,1,0,1,0.998625,0.99865,39945,39945,104.93529608197491,104.93529608197491,19.158476247527044,19.158476247527044,1,39945.0,0.0,0.0,39945.0,39945.0,39945.0,1,39945.0,0.0,0.0,39945.0,39945.0,39945.0,0.499791011993587,nan,39945,
bi5,5.0,10.0,3,3,replicating; Fig 1C regular spots,smallpert,1,a,cov10,nan,nan,0,,,5.477225575051661,,,,,,,,,,,,,,,,,,,,,,,,,,,,,,,activator coverage never reached 10 %
bi5,5.0,10.0,3,3,replicating; Fig 1C regular spots,smallpert,1,a,cov20,nan,nan,0,,,5.477225575051661,,,,,,,,,,,,,,,,,,,,,,,,,,,,,,,activator coverage never reached 20 %
bi5,5.0,10.0,3,3,replicating; Fig 1C regular spots,smallpert,1,a,t600,301,600.01,1,301,600.01,5.477225575051661,1.5,1,0,0,0,0.0,0.0,0,0,nan,nan,nan,nan,0,nan,nan,nan,nan,nan,nan,0,nan,nan,nan,nan,nan,nan,nan,nan,,
bi5,5.0,10.0,3,3,replicating; Fig 1C regular spots,smallpert,1,i,cov10,nan,nan,0,,,5.477225575051661,,,,,,,,,,,,,,,,,,,,,,,,,,,,,,,activator coverage never reached 10 %
bi5,5.0,10.0,3,3,replicating; Fig 1C regular spots,smallpert,1,i,cov20,nan,nan,0,,,5.477225575051661,,,,,,,,,,,,,,,,,,,,,,,,,,,,,,,activator coverage never reached 20 %
bi5,5.0,10.0,3,3,replicating; Fig 1C regular spots,smallpert,1,i,t600,301,600.01,1,301,600.01,5.477225575051661,inf,1,0,0,0,0.0,0.0,0,0,nan,nan,nan,nan,0,nan,nan,nan,nan,nan,nan,0,nan,nan,nan,nan,nan,nan,nan,nan,,
bi5,5.0,10.0,3,3,replicating; Fig 1C regular spots,smallpert,2,a,cov10,nan,nan,0,,,5.477225575051661,,,,,,,,,,,,,,,,,,,,,,,,,,,,,,,activator coverage never reached 10 %
bi5,5.0,10.0,3,3,replicating; Fig 1C regular spots,smallpert,2,a,cov20,nan,nan,0,,,5.477225575051661,,,,,,,,,,,,,,,,,,,,,,,,,,,,,,,activator coverage never reached 20 %
bi5,5.0,10.0,3,3,replicating; Fig 1C regular spots,smallpert,2,a,t600,301,600.01,1,301,600.01,5.477225575051661,1.5,1,0,0,0,0.0,0.0,0,0,nan,nan,nan,nan,0,nan,nan,nan,nan,nan,nan,0,nan,nan,nan,nan,nan,nan,nan,nan,,
bi5,5.0,10.0,3,3,replicating; Fig 1C regular spots,smallpert,2,i,cov10,nan,nan,0,,,5.477225575051661,,,,,,,,,,,,,,,,,,,,,,,,,,,,,,,activator coverage never reached 10 %
bi5,5.0,10.0,3,3,replicating; Fig 1C regular spots,smallpert,2,i,cov20,nan,nan,0,,,5.477225575051661,,,,,,,,,,,,,,,,,,,,,,,,,,,,,,,activator coverage never reached 20 %
bi5,5.0,10.0,3,3,replicating; Fig 1C regular spots,smallpert,2,i,t600,301,600.01,1,301,600.01,5.477225575051661,inf,1,0,0,0,0.0,0.0,0,0,nan,nan,nan,nan,0,nan,nan,nan,nan,nan,nan,0,nan,nan,nan,nan,nan,nan,nan,nan,,
bi5,5.0,10.0,3,3,replicating; Fig 1C regular spots,smallpert,3,a,cov10,nan,nan,0,,,5.477225575051661,,,,,,,,,,,,,,,,,,,,,,,,,,,,,,,activator coverage never reached 10 %
bi5,5.0,10.0,3,3,replicating; Fig 1C regular spots,smallpert,3,a,cov20,nan,nan,0,,,5.477225575051661,,,,,,,,,,,,,,,,,,,,,,,,,,,,,,,activator coverage never reached 20 %
bi5,5.0,10.0,3,3,replicating; Fig 1C regular spots,smallpert,3,a,t600,301,600.01,1,301,600.01,5.477225575051661,1.5,1,0,0,0,0.0,0.0,0,0,nan,nan,nan,nan,0,nan,nan,nan,nan,nan,nan,0,nan,nan,nan,nan,nan,nan,nan,nan,,
bi5,5.0,10.0,3,3,replicating; Fig 1C regular spots,smallpert,3,i,cov10,nan,nan,0,,,5.477225575051661,,,,,,,,,,,,,,,,,,,,,,,,,,,,,,,activator coverage never reached 10 %
bi5,5.0,10.0,3,3,replicating; Fig 1C regular spots,smallpert,3,i,cov20,nan,nan,0,,,5.477225575051661,,,,,,,,,,,,,,,,,,,,,,,,,,,,,,,activator coverage never reached 20 %
bi5,5.0,10.0,3,3,replicating; Fig 1C regular spots,smallpert,3,i,t600,301,600.01,1,301,600.01,5.477225575051661,inf,1,0,0,0,0.0,0.0,0,0,nan,nan,nan,nan,0,nan,nan,nan,nan,nan,nan,0,nan,nan,nan,nan,nan,nan,nan,nan,,
bi9,9.0,10.0,3,3,divides late,nucl,1,a,cov10,6,10.01,1,6,10.01,5.477225575051661,1.5,0,263,311,574,0.1139,0.1139,4556,31,2.0530377989139863,2.100150271617328,0.3748317046253152,0.383433225971804,263,15.897338403041825,6.102880103739449,0.3838931995416109,16.0,8.0,24.0,574,7.937282229965157,8.423119327048273,1.061209502573685,2.0,1.0,21.0,0.5664440188165589,0.24564166598637077,31 31 30 30 30 29 29 28 28 27 27 27 27 27 26 26 26 26 26 26 25 25 25 25 25 25 24 24 24 24 24 24 23 23 23 23 23 23 23 23 23 22 22 22 22 22 21 21 21 21 21 21 21 21 21 21 21 21 21 20 20 20 20 20 20 20 20 20 20 20 20 19 19 19 19 19 19 19 19 19 19 19 19 19 19 19 19 19 19 19 18 18 18 18 18 18 18 18 18 18 18 18 18 18 18 18 18 18 17 17 17 17 17 17 17 17 17 17 17 17 17 17 16 16 16 16 16 16 16 16 16 16 16 16 16 16 15 15 15 15 15 15 15 15 15 15 15 15 15 15 14 14 14 14 14 14 14 14 14 14 14 14 13 13 13 13 13 13 13 13 12 12 12 12 12 12 12 12 12 12 12 12 12 12 12 12 12 12 12 12 12 12 12 11 11 11 11 11 11 11 11 10 10 10 10 10 10 10 10 10 10 10 10 10 10 10 10 9 9 9 9 9 9 9 9 9 9 9 9 9 8 8 8 8 8 8 8 8 8 8 7 7 7 7 7 7 7 7 7 7 7 7 6 6 6 6 6 6 6 6 6 6 6 5 5 5 4 4 4 4 4 4 4 3 3 3 3 3 2 2 2 2 2 2 2 2 2 2 2 2 2 2 2 2 2 2 2 2 2 1 1 1 1 1 1 1 1 1 1 1 1 1 1 1 1 1 1 1 1 1 1 1 1 1 1 1 1 1 1 1 1 1 1 1 1 1 1 1 1 1 1 1 1 1 1 1 1 1 1 1 1 1 1 1 1 1 1 1 1 1 1 1 1 1 1 1 1 1 1 1 1 1 1 1 1 1 1 1 1 1 1 1 1 1 1 1 1 1 1 1 1 1 1 1 1 1 1 1 1 1 1 1 1 1 1 1 1 1 1 1 1 1 1 1 1 1 1 1 1 1 1 1 1 1 1 1 1 1 1 1 1 1 1 1 1 1 1 1 1 1 1 1 1 1 1 1 1 1 1 1 1 1 1 1 1 1 1 1 1 1 1 1 1 1 1 1 1 1 1 1 1 1 1 1 1 1 1 1 1 1 1 1 1 1 1 1 1 1 1 1 1 1 1 1 1 1 1 1 1 1 1 1 1 1 1 1 1 1 1 1 1 1 1 1 1 1 1 1 1 1 1 1 1 1 1 1 1 1 1 1 1 1 1 1 1 1 1 1 1 1 1 1 1 1 1 1 1 1 1 1 1 1 1 1 1 1 1 1 1 1 1 1 1 1 1 1 1 1 1 1 1 1 1 1,
bi9,9.0,10.0,3,3,divides late,nucl,1,a,cov20,nan,nan,0,,,5.477225575051661,,,,,,,,,,,,,,,,,,,,,,,,,,,,,,,activator coverage never reached 20 %
bi9,9.0,10.0,3,3,divides late,nucl,1,a,t600,301,600.01,1,301,600.01,5.477225575051661,1.5,1,259,4,263,0.103075,0.12245,4123,20,2.0816713692731885,2.100150271617328,0.3800594554211973,0.383433225971804,259,15.888030888030888,2.9039887669776125,0.18277839383893113,16.0,14.0,18.200000000000017,263,15.67680608365019,3.3541181917058784,0.21395418006758332,16.0,12.200000000000003,18.0,0.49154825196809754,0.18293541183563208,20 20 20 20 20 20 20 19 19 19 19 19 19 19 19 19 19 19 19 19 19 19 19 19 19 19 18 18 18 18 18 18 18 18 18 18 18 18 18 18 18 18 18 18 18 18 18 18 18 18 18 18 18 18 18 18 18 18 18 18 18 18 18 18 18 18 18 18 18 18 17 17 17 17 17 17 17 17 17 17 17 17 17 17 17 17 17 17 17 17 17 17 17 17 17 17 17 17 17 17 17 17 17 17 17 17 17 17 17 17 17 17 17 17 17 17 17 17 17 17 17 17 17 17 17 17 17 16 16 16 16 16 16 16 16 16 16 16 16 16 16 16 16 16 16 16 16 16 16 16 16 16 16 16 16 16 16 16 16 16 16 16 16 16 16 16 16 16 16 16 16 16 16 16 16 16 16 16 16 16 16 16 16 16 15 15 15 15 15 15 15 15 15 15 15 15 15 15 15 15 15 15 15 15 15 15 15 15 15 15 15 15 15 14 14 14 14 14 14 14 14 14 14 14 14 14 14 14 14 14 14 14 14 14 14 13 12 12 12 11 9 9 8 8 8 8 7 7 7 7 7 7 7 7 7 7 6 6 6 5 1 1 1,
bi9,9.0,10.0,3,3,divides late,nucl,1,i,cov10,6,10.01,1,6,10.01,5.477225575051661,1.2725353154153405,0,47,3,50,0.497675,0.497675,19907,6406,7.733559164021287,4.897224412955563,1.4119482679784179,0.8941067600469188,47,423.4255319148936,1015.4349195569793,2.398142868156275,87.0,13.000000000000004,846.7999999999998,50,398.14,989.040021269852,2.4841513569846083,80.0,9.0,811.7000000000002,0.7181693888368179,0.1855453482176405,6406 2600 1503 1365 917 800 698 663 605 597 416 361 332 311 281 201 187 159 158 111 109 90 89 87 84 76 73 70 60 55 55 54 54 44 37 33 28 23 17 17 16 15 10 10 9 9 6 4 1 1,
bi9,9.0,10.0,3,3,divides late,nucl,1,i,cov20,nan,nan,0,6,10.01,5.477225575051661,,,,,,,,,,,,,,,,,,,,,,,,,,,,,,,activator coverage never reached 20 %
bi9,9.0,10.0,3,3,divides late,nucl,1,i,t600,301,600.01,1,301,600.01,5.477225575051661,1.1975314324610835,1,5,0,5,0.827775,0.8593,33111,32852,22.335872374799372,3.63756697397079,4.0779537137447,0.664125828693203,5,6622.2,14662.934996104974,2.2142090236031793,48.0,47.0,19758.000000000004,5,6622.2,14662.934996104974,2.2142090236031793,48.0,47.0,19758.000000000004,0.6395634367679498,0.27705969127492436,32852 117 48 47 47,
bi9,9.0,10.0,3,3,divides late,nucl,2,a,cov10,6,10.01,1,6,10.01,5.477225575051661,1.5,0,254,306,560,0.113175,0.113175,4527,43,2.08453675617547,2.100150271617328,0.3805826011019838,0.383433225971804,254,16.299212598425196,5.942830350862221,0.36460843215434885,16.0,9.0,24.0,560,8.083928571428572,8.512965525258798,1.0530728283951682,2.0,1.0,20.0,0.5790896668844504,0.22182189887078527,43 35 32 31 30 30 30 29 29 28 28 27 26 26 26 26 26 26 25 25 25 24 24 24 24 24 24 23 23 23 23 23 22 22 22 22 22 22 22 22 22 22 22 22 22 22 21 21 21 21 21 21 20 20 20 20 20 20 20 20 20 20 20 20 20 20 20 20 19 19 19 19 19 19 19 19 19 19 19 19 19 18 18 18 18 18 18 18 18 18 18 18 18 18 18 18 18 18 18 18 18 17 17 17 17 17 17 17 17 17 17 17 17 17 17 17 17 17 17 17 17 17 17 16 16 16 16 16 16 16 16 16 16 16 16 16 15 15 15 15 15 15 15 15 15 15 15 15 15 15 15 14 14 14 14 14 14 14 14 14 14 14 14 14 14 14 14 14 14 13 13 13 13 13 13 13 13 13 13 13 13 13 13 13 12 12 12 12 12 12 12 12 12 12 12 11 11 11 11 11 11 11 11 11 11 11 11 11 11 11 11 11 10 10 10 10 10 10 10 10 10 9 9 9 9 9 9 9 9 8 8 8 8 8 8 8 8 8 8 7 7 7 7 7 7 7 7 7 7 7 7 6 6 6 5 5 5 5 5 5 5 4 4 4 4 4 4 4 3 3 3 3 3 3 3 3 3 2 2 2 2 2 2 2 2 2 2 2 2 2 2 1 1 1 1 1 1 1 1 1 1 1 1 1 1 1 1 1 1 1 1 1 1 1 1 1 1 1 1 1 1 1 1 1 1 1 1 1 1 1 1 1 1 1 1 1 1 1 1 1 1 1 1 1 1 1 1 1 1 1 1 1 1 1 1 1 1 1 1 1 1 1 1 1 1 1 1 1 1 1 1 1 1 1 1 1 1 1 1 1 1 1 1 1 1 1 1 1 1 1 1 1 1 1 1 1 1 1 1 1 1 1 1 1 1 1 1 1 1 1 1 1 1 1 1 1 1 1 1 1 1 1 1 1 1 1 1 1 1 1 1 1 1 1 1 1 1 1 1 1 1 1 1 1 1 1 1 1 1 1 1 1 1 1 1 1 1 1 1 1 1 1 1 1 1 1 1 1 1 1 1 1 1 1 1 1 1 1 1 1 1 1 1 1 1 1 1 1 1 1 1 1 1 1 1 1 1 1 1 1 1 1 1 1 1 1 1 1 1 1 1 1 1 1 1 1 1 1 1 1 1 1 1 1 1 1 1 1 1 1 1 1 1 1 1 1 1 1 1 1 1 1 1 1 1 1 1 1 1 1 1 1 1 1 1 1 1 1 1 1,
bi9,9.0,10.0,3,3,divides late,nucl,2,a,cov20,nan,nan,0,,,5.477225575051661,,,,,,,,,,,,,,,,,,,,,,,,,,,,,,,activator coverage never reached 20 %
bi9,9.0,10.0,3,3,divides late,nucl,2,a,t600,301,600.01,1,301,600.01,5.477225575051661,1.5,1,256,7,263,0.10265,0.1216,4106,21,2.0883452458521576,2.100150271617328,0.38127793300396623,0.383433225971804,256,15.984375,2.8737742485053603,0.1797864632496022,16.0,14.0,19.0,263,15.612167300380229,3.6321513112033577,0.23264875666012738,16.0,13.0,19.0,0.4637889869365271,0.18041110067680188,21 21 21 20 20 20 20 20 19 19 19 19 19 19 19 19 19 19 19 19 19 19 19 19 19 19 19 19 19 19 19 19 18 18 18 18 18 18 18 18 18 18 18 18 18 18 18 18 18 18 18 18 18 18 18 18 18 18 18 18 18 18 18 18 18 18 18 18 18 18 18 18 17 17 17 17 17 17 17 17 17 17 17 17 17 17 17 17 17 17 17 17 17 17 17 17 17 17 17 17 17 17 17 17 17 17 17 17 17 17 17 17 17 17 17 17 17 17 17 17 17 17 17 17 17 16 16 16 16 16 16 16 16 16 16 16 16 16 16 16 16 16 16 16 16 16 16 16 16 16 16 16 16 16 16 16 16 16 16 16 16 16 16 16 16 16 16 16 16 16 16 16 16 16 16 16 16 16 16 15 15 15 15 15 15 15 15 15 15 15 15 15 15 15 15 15 15 15 15 15 15 15 15 15 15 15 15 15 15 15 15 15 14 14 14 14 14 14 14 14 14 14 14 14 14 14 14 14 14 14 14 14 14 14 13 13 13 12 12 9 9 8 8 8 8 8 7 7 7 7 6 6 6 6 6 6 5 4 1 1 1 1 1,
bi9,9.0,10.0,3,3,divides late,nucl,2,i,cov10,6,10.01,1,6,10.01,5.477225575051661,1.2957358672573511,0,36,2,38,0.4912,0.4912,19648,5532,9.179096345762128,7.397249899412919,1.6758660420290523,1.3505468778037588,36,545.6388888888889,1154.2674894934828,2.115442122983525,198.5,25.5,967.5,38,517.0526315789474,1129.3458749484846,2.1841990659630706,188.5,9.4,918.900000000001,0.7596894463322252,0.22793937511547208,5532 4543 1224 1089 846 821 791 555 486 448 336 329 242 227 212 200 199 199 198 179 163 149 114 90 87 79 72 47 40 37 33 31 20 10 8 7 3 2,
bi9,9.0,10.0,3,3,divides late,nucl,2,i,cov20,nan,nan,0,6,10.01,5.477225575051661,,,,,,,,,,,,,,,,,,,,,,,,,,,,,,,activator coverage never reached 20 %
bi9,9.0,10.0,3,3,divides late,nucl,2,i,t600,301,600.01,1,301,600.01,5.477225575051661,1.2006192471277688,1,4,0,4,0.780125,0.843175,31205,30780,27.637196825122512,6.553220199154856,5.04583870910992,1.196448842458537,4,7801.25,15319.261761477497,1.9636932237112639,161.0,103.3,21611.400000000005,4,7801.25,15319.261761477497,1.9636932237112639,161.0,103.3,21611.400000000005,0.5384493615418936,0.2832141710824691,30780 218 104 103,
bi9,9.0,10.0,3,3,divides late,nucl,3,a,cov10,6,10.01,1,6,10.01,5.477225575051661,1.5,0,244,345,589,0.11075,0.11075,4430,31,2.0822940116174466,2.100150271617328,0.38017313384026663,0.383433225971804,244,16.2827868852459,5.868058092892033,0.36038413658838564,16.0,8.3,24.700000000000017,589,7.5212224108658745,8.312864458775513,1.1052544393270376,2.0,1.0,21.0,0.5666434063202516,0.24175382663641512,31 31 30 28 28 27 27 27 27 27 27 27 26 26 26 26 26 26 25 25 25 25 25 25 25 24 24 24 24 24 24 24 23 23 23 23 23 23 23 22 22 22 22 22 22 22 22 22 22 22 21 21 21 21 21 21 21 21 21 21 21 21 20 20 20 20 20 20 20 20 20 20 19 19 19 19 19 19 19 19 19 18 18 18 18 18 18 18 18 18 18 18 18 18 18 18 18 17 17 17 17 17 17 17 17 17 17 17 17 17 17 17 17 17 17 17 17 16 16 16 16 16 16 16 16 16 16 16 16 16 16 16 16 16 16 16 16 15 15 15 15 15 15 15 15 15 15 15 15 15 14 14 14 14 14 14 14 14 14 14 13 13 13 13 13 13 13 13 13 13 13 12 12 12 12 12 12 12 12 12 12 12 12 12 12 12 12 12 12 12 11 11 10 10 10 10 10 10 10 10 10 10 10 10 10 9 9 9 9 9 9 9 9 9 9 9 9 9 9 8 8 8 8 8 8 8 8 8 7 7 7 7 7 7 7 7 7 7 7 6 6 6 6 6 5 5 5 5 5 5 5 5 5 5 5 5 5 4 4 4 4 4 4 4 3 3 3 3 3 3 3 2 2 2 2 2 2 2 2 2 2 2 2 2 2 2 2 2 2 2 2 2 2 2 2 2 1 1 1 1 1 1 1 1 1 1 1 1 1 1 1 1 1 1 1 1 1 1 1 1 1 1 1 1 1 1 1 1 1 1 1 1 1 1 1 1 1 1 1 1 1 1 1 1 1 1 1 1 1 1 1 1 1 1 1 1 1 1 1 1 1 1 1 1 1 1 1 1 1 1 1 1 1 1 1 1 1 1 1 1 1 1 1 1 1 1 1 1 1 1 1 1 1 1 1 1 1 1 1 1 1 1 1 1 1 1 1 1 1 1 1 1 1 1 1 1 1 1 1 1 1 1 1 1 1 1 1 1 1 1 1 1 1 1 1 1 1 1 1 1 1 1 1 1 1 1 1 1 1 1 1 1 1 1 1 1 1 1 1 1 1 1 1 1 1 1 1 1 1 1 1 1 1 1 1 1 1 1 1 1 1 1 1 1 1 1 1 1 1 1 1 1 1 1 1 1 1 1 1 1 1 1 1 1 1 1 1 1 1 1 1 1 1 1 1 1 1 1 1 1 1 1 1 1 1 1 1 1 1 1 1 1 1 1 1 1 1 1 1 1 1 1 1 1 1 1 1 1 1 1 1 1 1 1 1 1 1 1 1 1 1 1 1 1 1 1 1 1 1 1 1 1 1 1 1 1 1 1 1 1 1 1 1 1 1 1 1 1 1,
bi9,9.0,10.0,3,3,divides late,nucl,3,a,cov20,nan,nan,0,,,5.477225575051661,,,,,,,,,,,,,,,,,,,,,,,,,,,,,,,activator coverage never reached 20 %
bi9,9.0,10.0,3,3,divides late,nucl,3,a,t600,301,600.01,1,301,600.01,5.477225575051661,1.5,1,256,5,261,0.102125,0.121025,4085,21,2.081246676406316,2.164785349886966,0.3799819174667981,0.39523392276326824,256,15.89453125,3.016394642973108,0.18977562757461677,17.0,13.0,19.0,261,15.651340996168582,3.4681362932645836,0.22158716586096852,17.0,12.0,19.0,0.4625007505212963,0.20188360516061987,21 20 20 20 20 19 19 19 19 19 19 19 19 19 19 19 19 19 19 19 19 19 19 19 19 19 19 18 18 18 18 18 18 18 18 18 18 18 18 18 18 18 18 18 18 18 18 18 18 18 18 18 18 18 18 18 18 18 18 18 18 18 18 18 18 18 18 18 18 18 18 18 18 18 18 18 18 18 17 17 17 17 17 17 17 17 17 17 17 17 17 17 17 17 17 17 17 17 17 17 17 17 17 17 17 17 17 17 17 17 17 17 17 17 17 17 17 17 17 17 17 17 17 17 17 17 17 17 17 17 17 17 17 16 16 16 16 16 16 16 16 16 16 16 16 16 16 16 16 16 16 16 16 16 16 16 16 16 16 16 16 16 16 16 16 16 16 16 16 16 16 16 16 16 16 16 16 16 16 16 16 16 16 16 16 15 15 15 15 15 15 15 15 15 15 15 15 15 15 15 15 15 15 15 15 15 14 14 14 14 14 14 14 14 14 14 14 14 14 14 14 14 14 14 14 14 13 13 13 13 13 13 13 12 12 11 9 8 8 8 7 7 7 7 7 7 7 7 7 7 7 7 7 7 7 6 5 5 4 1 1,
bi9,9.0,10.0,3,3,divides late,nucl,3,i,cov10,6,10.01,1,6,10.01,5.477225575051661,1.31239646575209,0,55,5,60,0.438125,0.438125,17525,2947,7.911714601105076,7.256163553337338,1.444474851856079,1.3247881530365668,55,318.4,471.0019501414374,1.479277481599992,191.0,27.4,613.2,60,292.0833333333333,459.1187687138381,1.5718759556536541,151.5,7.0,612.2,0.7471206195633555,0.21865051583549186,2947 1764 1069 701 621 614 612 555 529 517 465 450 429 424 420 399 323 321 309 303 297 269 224 222 219 210 199 191 175 157 146 141 122 108 93 91 84 82 73 69 63 62 62 58 52 50 48 47 28 27 25 21 11 7 7 4 3 3 2 1,
bi9,9.0,10.0,3,3,divides late,nucl,3,i,cov20,nan,nan,0,6,10.01,5.477225575051661,,,,,,,,,,,,,,,,,,,,,,,,,,,,,,,activator coverage never reached 20 %
bi9,9.0,10.0,3,3,divides late,nucl,3,i,t600,301,600.01,1,301,600.01,5.477225575051661,1.1957404685672337,1,1,0,1,0.813325,0.84455,32533,32533,94.7005357818982,94.7005357818982,17.289873218523592,17.289873218523592,1,32533.0,0.0,0.0,32533.0,32533.0,32533.0,1,32533.0,0.0,0.0,32533.0,32533.0,32533.0,0.49639743211571136,nan,32533,
bi9,9.0,10.0,3,3,divides late,random,1,a,cov10,6,10.01,1,6,10.01,5.477225575051661,1.5,0,278,6,284,0.105075,0.105075,4203,30,2.015407441282707,2.0334617566267235,0.36796137271810236,0.37125762464284556,278,15.035971223021583,4.167798286280848,0.27718849846556837,15.0,10.0,20.0,284,14.799295774647888,4.432277951746354,0.2994924906723684,15.0,9.0,20.0,0.45915042376321585,0.24547739040765443,30 27 25 24 24 23 23 23 23 23 22 22 22 22 22 22 21 21 21 21 21 21 21 21 21 21 20 20 20 20 20 20 20 20 20 20 20 20 20 19 19 19 19 19 19 19 19 19 19 19 19 19 19 19 18 18 18 18 18 18 18 18 18 18 18 18 18 18 18 18 18 18 18 18 18 18 18 18 18 18 18 17 17 17 17 17 17 17 17 17 17 17 17 17 17 17 17 17 17 17 16 16 16 16 16 16 16 16 16 16 16 16 16 16 16 16 16 16 16 16 16 16 16 16 16 16 16 16 16 16 15 15 15 15 15 15 15 15 15 15 15 15 15 15 15 15 15 15 15 14 14 14 14 14 14 14 14 14 14 14 14 14 14 14 14 14 14 14 14 14 14 14 14 14 14 14 14 13 13 13 13 13 13 13 13 13 13 13 13 13 13 13 13 12 12 12 12 12 12 12 12 12 12 12 12 12 12 12 12 12 12 12 12 12 12 12 12 12 12 12 12 12 12 12 12 12 12 12 11 11 11 11 11 11 11 11 11 11 11 11 11 10 10 10 10 10 10 10 10 10 10 9 9 9 9 9 9 9 9 9 9 8 8 8 8 8 8 8 7 7 7 7 7 6 6 6 6 6 5 5 4 4 4 1,
bi9,9.0,10.0,3,3,divides late,random,1,a,cov20,nan,nan,0,,,5.477225575051661,,,,,,,,,,,,,,,,,,,,,,,,,,,,,,,activator coverage never reached 20 %
bi9,9.0,10.0,3,3,divides late,random,1,a,t600,301,600.01,1,301,600.01,5.477225575051661,1.5,1,265,1,266,0.109725,0.110575,4389,22,2.1291739144428043,2.164785349886966,0.38873219393063285,0.39523392276326824,265,16.543396226415094,2.3304237352017694,0.14086731063605587,17.0,14.0,19.0,266,16.5,2.4313207840013584,0.1473527747879611,17.0,14.0,19.0,0.4117900998339392,0.18998475608873,22 22 21 20 20 19 19 19 19 19 19 19 19 19 19 19 19 19 19 19 19 19 19 19 19 19 19 19 19 19 19 19 19 19 19 19 19 19 19 19 19 18 18 18 18 18 18 18 18 18 18 18 18 18 18 18 18 18 18 18 18 18 18 18 18 18 18 18 18 18 18 18 18 18 18 18 18 18 18 18 17 17 17 17 17 17 17 17 17 17 17 17 17 17 17 17 17 17 17 17 17 17 17 17 17 17 17 17 17 17 17 17 17 17 17 17 17 17 17 17 17 17 17 17 17 17 17 17 17 17 17 17 17 17 17 17 17 17 17 17 17 17 17 17 17 17 17 17 17 17 17 17 17 17 17 17 17 17 17 17 17 17 17 17 17 17 17 17 17 17 17 17 17 16 16 16 16 16 16 16 16 16 16 16 16 16 16 16 16 16 16 16 16 16 16 16 16 16 16 16 16 16 16 16 16 16 16 16 15 15 15 15 15 15 15 15 15 15 15 15 15 15 15 15 15 15 15 15 15 14 14 14 14 14 14 14 14 14 14 14 14 14 14 14 14 14 14 14 14 14 14 13 13 12 10 9 9 9 9 8 8 8 7 7 7 5,
bi9,9.0,10.0,3,3,divides late,random,1,i,cov10,6,10.01,1,6,10.01,5.477225575051661,1.2011177808809828,0,24,0,24,0.54585,0.54585,21834,16205,9.02508690314452,4.797684342091059,1.6477478934322318,0.8759333126508684,24,909.75,3291.1718707184978,3.617666249759272,83.5,33.6,721.5999999999999,24,909.75,3291.1718707184978,3.617666249759272,83.5,33.6,721.5999999999999,0.6730997260307546,0.24655739862509402,16205 2263 781 583 269 266 249 169 135 130 92 84 83 79 76 69 66 63 40 40 35 33 13 11,
bi9,9.0,10.0,3,3,divides late,random,1,i,cov20,nan,nan,0,6,10.01,5.477225575051661,,,,,,,,,,,,,,,,,,,,,,,,,,,,,,,activator coverage never reached 20 %
bi9,9.0,10.0,3,3,divides late,random,1,i,t600,301,600.01,1,301,600.01,5.477225575051661,1.1621293975607097,1,2,0,2,0.85705,0.858925,34282,34234,50.3911436904355,50.3911436904355,9.200122032578548,9.200122032578548,2,17141.0,24173.152421643314,1.4102533353738589,17141.0,3466.6000000000004,30815.4,2,17141.0,24173.152421643314,1.4102533353738589,17141.0,3466.6000000000004,30815.4,0.6218614267244557,0.1538598379275744,34234 48,
bi9,9.0,10.0,3,3,divides late,random,2,a,cov10,6,10.01,1,6,10.01,5.477225575051661,1.5,0,281,10,291,0.1057,0.1057,4228,28,2.008226683098059,2.0334617566267235,0.3666503516388619,0.37125762464284556,281,14.907473309608541,3.949500106726809,0.26493423967300866,15.0,9.0,19.0,291,14.529209621993127,4.37488983830295,0.3011099675842381,15.0,9.0,19.0,0.42757580605210277,0.25103789324595577,28 26 24 23 23 22 22 22 22 22 22 21 21 21 21 21 21 21 21 21 21 21 21 20 20 20 20 20 19 19 19 19 19 19 19 19 19 19 19 19 19 19 19 19 19 19 19 19 19 19 19 19 18 18 18 18 18 18 18 18 18 18 18 18 18 18 18 18 18 17 17 17 17 17 17 17 17 17 17 17 17 17 17 17 17 17 17 17 17 17 17 17 17 17 17 17 17 17 17 17 17 17 17 16 16 16 16 16 16 16 16 16 16 16 16 16 16 16 16 16 16 16 16 16 16 16 16 16 16 16 16 16 16 16 16 16 16 15 15 15 15 15 15 15 15 15 15 15 15 15 14 14 14 14 14 14 14 14 14 14 14 14 14 14 14 14 14 14 14 14 14 14 14 14 14 14 14 14 14 14 14 14 13 13 13 13 13 13 13 13 13 13 13 13 13 13 13 12 12 12 12 12 12 12 12 12 12 12 12 12 12 12 12 12 12 12 12 12 12 12 12 12 12 12 12 12 12 12 12 12 12 12 11 11 11 11 11 11 11 11 11 11 11 10 10 10 10 10 10 10 10 9 9 9 9 9 9 9 9 9 9 9 9 8 8 8 8 8 8 8 7 7 7 7 7 7 7 7 6 6 6 5 5 5 4 4 4 4 4 3 1,
bi9,9.0,10.0,3,3,divides late,random,2,a,cov20,nan,nan,0,,,5.477225575051661,,,,,,,,,,,,,,,,,,,,,,,,,,,,,,,activator coverage never reached 20 %
bi9,9.0,10.0,3,3,divides late,random,2,a,t600,301,600.01,1,301,600.01,5.477225575051661,1.5,1,272,0,272,0.11075,0.11145,4430,21,2.1113759649666726,2.164785349886966,0.38548274779549463,0.39523392276326824,272,16.28676470588235,2.489559270514875,0.1528578152550894,17.0,14.0,19.0,272,16.28676470588235,2.489559270514875,0.1528578152550894,17.0,14.0,19.0,0.4053529733999954,0.2130993390680371,21 21 20 20 20 20 20 19 19 19 19 19 19 19 19 19 19 19 19 19 19 19 19 19 19 19 19 19 19 19 19 19 19 19 19 19 19 19 19 19 19 19 19 19 19 18 18 18 18 18 18 18 18 18 18 18 18 18 18 18 18 18 18 18 18 18 18 18 18 18 18 18 18 18 18 18 18 18 17 17 17 17 17 17 17 17 17 17 17 17 17 17 17 17 17 17 17 17 17 17 17 17 17 17 17 17 17 17 17 17 17 17 17 17 17 17 17 17 17 17 17 17 17 17 17 17 17 17 17 17 17 17 17 17 17 17 17 17 17 17 17 17 17 17 17 17 16 16 16 16 16 16 16 16 16 16 16 16 16 16 16 16 16 16 16 16 16 16 16 16 16 16 16 16 16 16 16 16 16 16 16 16 16 16 16 16 16 16 16 16 16 16 16 16 16 16 16 16 15 15 15 15 15 15 15 15 15 15 15 15 15 15 15 15 15 15 15 15 15 15 15 15 15 15 15 15 15 14 14 14 14 14 14 14 14 14 14 14 14 14 14 14 14 14 14 14 14 14 14 14 14 14 14 14 14 14 14 12 12 12 10 9 9 9 8 7 7 7 7 7 7 6,
bi9,9.0,10.0,3,3,divides late,random,2,i,cov10,6,10.01,1,6,10.01,5.477225575051661,1.1934798719155482,0,25,0,25,0.57605,0.57605,23042,12665,9.811093094140146,5.035983438158076,1.7912523338145714,0.9194405761005336,25,921.68,2682.8687028378163,2.9108461752862342,92.0,42.6,1063.200000000001,25,921.68,2682.8687028378163,2.9108461752862342,92.0,42.6,1063.200000000001,0.7004284672962834,0.21509308905954652,12665 5516 1350 633 632 580 205 169 147 145 143 106 92 91 86 80 66 62 59 55 49 48 39 15 9,
bi9,9.0,10.0,3,3,divides late,random,2,i,cov20,nan,nan,0,6,10.01,5.477225575051661,,,,,,,,,,,,,,,,,,,,,,,,,,,,,,,activator coverage never reached 20 %
bi9,9.0,10.0,3,3,divides late,random,2,i,t600,301,600.01,1,301,600.01,5.477225575051661,1.1575995960254015,1,2,0,2,0.901275,0.90285,36051,35999,51.70179522207176,51.70179522207176,9.439413168880508,9.439413168880508,2,18025.5,25418.367463312825,1.4101338361384053,18025.5,3646.7000000000003,32404.3,2,18025.5,25418.367463312825,1.4101338361384053,18025.5,3646.7000000000003,32404.3,0.6885802057520727,0.23558550896429076,35999 52,
bi9,9.0,10.0,3,3,divides late,random,3,a,cov10,6,10.01,1,6,10.01,5.477225575051661,1.5,0,283,8,291,0.105825,0.105825,4233,26,2.00448182019594,2.0334617566267235,0.36596663634344356,0.37125762464284556,283,14.848056537102474,3.9051095965838436,0.2630047634062893,15.0,10.0,20.0,291,14.54639175257732,4.254864847053355,0.29250311138495777,14.0,9.0,20.0,0.4425818678146277,0.25039181935585897,26 24 24 24 23 22 22 22 22 22 21 21 21 21 21 21 21 21 21 21 20 20 20 20 20 20 20 20 20 20 20 19 19 19 19 19 19 19 19 19 19 19 19 19 19 19 19 19 19 19 19 19 19 19 19 18 18 18 18 18 18 18 18 18 18 18 18 18 18 18 18 18 18 18 18 18 18 18 17 17 17 17 17 17 17 17 17 17 17 17 17 17 17 17 17 17 17 16 16 16 16 16 16 16 16 16 16 16 16 16 16 16 16 16 16 16 16 16 16 16 16 16 16 16 16 16 16 15 15 15 15 15 15 15 15 15 15 15 15 15 15 15 15 14 14 14 14 14 14 14 14 14 14 14 14 14 14 14 14 14 14 14 14 14 14 14 14 14 14 14 14 14 14 14 14 14 14 14 14 13 13 13 13 13 13 13 13 13 13 13 13 13 13 13 13 13 13 13 13 13 13 12 12 12 12 12 12 12 12 12 12 12 12 12 12 12 12 12 12 12 12 12 12 12 12 12 12 12 12 12 12 12 12 11 11 11 11 11 11 11 11 11 11 11 11 10 10 10 10 10 10 10 10 10 10 10 10 10 10 10 9 9 9 9 8 8 8 8 8 8 8 7 7 7 7 7 7 7 7 6 6 6 6 5 5 5 4 4 4 3 1,
bi9,9.0,10.0,3,3,divides late,random,3,a,cov20,nan,nan,0,,,5.477225575051661,,,,,,,,,,,,,,,,,,,,,,,,,,,,,,,activator coverage never reached 20 %
bi9,9.0,10.0,3,3,divides late,random,3,a,t600,301,600.01,1,301,600.01,5.477225575051661,1.5,1,272,1,273,0.1105,0.1111,4420,21,2.1080654426125185,2.164785349886966,0.3848783318719962,0.39523392276326824,272,16.231617647058822,2.413376077081467,0.1486836450659477,17.0,14.0,19.0,273,16.19047619047619,2.5030093931923156,0.1545976389912901,17.0,14.0,19.0,0.40096853641540403,0.21398337951601942,21 20 19 19 19 19 19 19 19 19 19 19 19 19 19 19 19 19 19 19 19 19 19 19 19 19 19 19 19 19 19 19 19 19 19 19 19 19 19 18 18 18 18 18 18 18 18 18 18 18 18 18 18 18 18 18 18 18 18 18 18 18 18 18 18 18 18 18 18 18 18 17 17 17 17 17 17 17 17 17 17 17 17 17 17 17 17 17 17 17 17 17 17 17 17 17 17 17 17 17 17 17 17 17 17 17 17 17 17 17 17 17 17 17 17 17 17 17 17 17 17 17 17 17 17 17 17 17 17 17 17 17 17 17 17 17 17 17 17 17 17 17 17 17 16 16 16 16 16 16 16 16 16 16 16 16 16 16 16 16 16 16 16 16 16 16 16 16 16 16 16 16 16 16 16 16 16 16 16 16 16 16 16 16 16 16 16 16 16 16 16 16 16 16 16 16 16 16 16 16 16 16 16 16 15 15 15 15 15 15 15 15 15 15 15 15 15 15 15 15 15 15 15 15 15 14 14 14 14 14 14 14 14 14 14 14 14 14 14 14 14 14 14 14 14 14 14 14 14 14 14 14 14 14 14 13 13 13 12 12 12 12 9 9 8 7 7 7 7 6 6 6 5,
bi9,9.0,10.0,3,3,divides late,random,3,i,cov10,6,10.01,1,6,10.01,5.477225575051661,1.1897161692915121,0,21,1,22,0.568725,0.568725,22749,21167,7.737724265453151,4.329570699773932,1.4127087079812608,0.7904678455265365,21,1083.2380952380952,4602.338730523449,4.248686185202763,68.0,23.0,186.0,22,1034.0454545454545,4497.345444309847,4.349272485595702,64.5,17.6,183.70000000000005,0.5711408529700703,0.2217021589042722,21167 333 186 163 86 84 80 78 76 73 68 61 61 47 42 38 29 27 23 17 9 1,
bi9,9.0,10.0,3,3,divides late,random,3,i,cov20,nan,nan,0,6,10.01,5.477225575051661,,,,,,,,,,,,,,,,,,,,,,,,,,,,,,,activator coverage never reached 20 %
bi9,9.0,10.0,3,3,divides late,random,3,i,t600,301,600.01,1,301,600.01,5.477225575051661,1.1478342370622738,1,1,0,1,0.913175,0.914025,36527,36527,100.34537997105745,100.34537997105745,18.320476050525087,18.320476050525087,1,36527.0,0.0,0.0,36527.0,36527.0,36527.0,1,36527.0,0.0,0.0,36527.0,36527.0,36527.0,0.5111414605850926,nan,36527,
bi9,9.0,10.0,3,3,divides late,seed1,0,a,cov10,nan,nan,0,,,5.477225575051661,,,,,,,,,,,,,,,,,,,,,,,,,,,,,,,activator coverage never reached 10 %
bi9,9.0,10.0,3,3,divides late,seed1,0,a,cov20,nan,nan,0,,,5.477225575051661,,,,,,,,,,,,,,,,,,,,,,,,,,,,,,,activator coverage never reached 20 %
bi9,9.0,10.0,3,3,divides late,seed1,0,a,t600,301,600.01,1,301,600.01,5.477225575051661,1.5,1,4,0,4,0.00265,0.0031,106,28,2.7017127534018806,2.7017127534018806,0.49326300631253406,0.49326300631253406,4,26.5,1.7320508075688772,0.06536040783278782,26.5,25.0,28.0,4,26.5,1.7320508075688772,0.06536040783278782,26.5,25.0,28.0,0.6341249831238139,0.060117768301011454,28 28 25 25,
bi9,9.0,10.0,3,3,divides late,seed1,0,i,cov10,nan,nan,0,,,5.477225575051661,,,,,,,,,,,,,,,,,,,,,,,,,,,,,,,activator coverage never reached 10 %
bi9,9.0,10.0,3,3,divides late,seed1,0,i,cov20,nan,nan,0,,,5.477225575051661,,,,,,,,,,,,,,,,,,,,,,,,,,,,,,,activator coverage never reached 20 %
bi9,9.0,10.0,3,3,divides late,seed1,0,i,t600,301,600.01,1,301,600.01,5.477225575051661,1.2617718896167653,1,4,0,4,0.00715,0.0078,286,72,4.43956833971015,4.43956833971015,0.8105505750816692,0.8105505750816692,4,71.5,0.5773502691896257,0.008074828939715045,71.5,71.0,72.0,4,71.5,0.5773502691896257,0.008074828939715045,71.5,71.0,72.0,0.34986279677239124,0.04710004249730609,72 72 71 71,
bi9,9.0,10.0,3,3,divides late,seed36,1,a,cov10,nan,nan,0,,,5.477225575051661,,,,,,,,,,,,,,,,,,,,,,,,,,,,,,,activator coverage never reached 10 %
bi9,9.0,10.0,3,3,divides late,seed36,1,a,cov20,nan,nan,0,,,5.477225575051661,,,,,,,,,,,,,,,,,,,,,,,,,,,,,,,activator coverage never reached 20 %
bi9,9.0,10.0,3,3,divides late,seed36,1,a,t600,301,600.01,1,301,600.01,5.477225575051661,1.5,1,135,0,135,0.088925,0.0907,3557,33,2.6925145327766056,2.677176804113486,0.4915836486707433,0.4887833753475152,135,26.348148148148148,2.260360948981242,0.08578822831387901,26.0,24.0,29.0,135,26.348148148148148,2.260360948981242,0.08578822831387901,26.0,24.0,29.0,0.3812160274271769,0.19248590253099965,33 32 32 31 30 30 30 30 29 29 29 29 29 29 29 29 29 29 28 28 28 28 28 28 28 28 28 28 28 28 28 28 28 28 27 27 27 27 27 27 27 27 27 27 27 27 27 27 27 27 27 27 27 27 27 27 27 27 27 27 27 27 27 27 27 27 26 26 26 26 26 26 26 26 26 26 26 26 26 26 26 26 26 26 26 26 26 26 26 26 26 26 26 26 26 26 26 26 25 25 25 25 25 25 25 25 25 25 25 25 25 25 24 24 24 24 24 24 24 24 24 24 24 24 23 23 23 23 23 22 21 20 20 20 19,
bi9,9.0,10.0,3,3,divides late,seed36,1,i,cov10,nan,nan,0,56,110.01,5.477225575051661,,,,,,,,,,,,,,,,,,,,,,,,,,,,,,,activator coverage never reached 10 %
bi9,9.0,10.0,3,3,divides late,seed36,1,i,cov20,nan,nan,0,171,340.01,5.477225575051661,,,,,,,,,,,,,,,,,,,,,,,,,,,,,,,activator coverage never reached 20 %
bi9,9.0,10.0,3,3,divides late,seed36,1,i,t600,301,600.01,1,301,600.01,5.477225575051661,1.2465390495258006,1,132,0,132,0.250125,0.253675,10005,148,4.563330688266827,4.516543936530043,0.8331463851064388,0.8246043320002286,132,75.79545454545455,10.28950301573867,0.13575356302623734,74.0,72.0,77.0,132,75.79545454545455,10.28950301573867,0.13575356302623734,74.0,72.0,77.0,0.2925353844251928,0.1348085170663815,148 142 132 95 80 79 79 78 78 78 77 77 77 77 77 76 76 76 76 76 76 76 76 76 76 76 76 76 75 75 75 75 75 75 75 75 75 75 75 75 75 75 75 75 75 75 75 75 75 74 74 74 74 74 74 74 74 74 74 74 74 74 74 74 74 74 74 74 74 74 74 74 74 74 74 74 74 74 74 74 74 74 74 74 73 73 73 73 73 73 73 73 73 73 73 73 73 73 73 73 73 73 73 73 73 73 73 73 73 73 73 73 72 72 72 72 72 72 72 72 72 72 72 72 72 72 71 71 71 71 71 71,
bi9,9.0,10.0,3,3,divides late,seed36,2,a,cov10,nan,nan,0,,,5.477225575051661,,,,,,,,,,,,,,,,,,,,,,,,,,,,,,,activator coverage never reached 10 %
bi9,9.0,10.0,3,3,divides late,seed36,2,a,cov20,nan,nan,0,,,5.477225575051661,,,,,,,,,,,,,,,,,,,,,,,,,,,,,,,activator coverage never reached 20 %
bi9,9.0,10.0,3,3,divides late,seed36,2,a,t600,301,600.01,1,301,600.01,5.477225575051661,1.5,1,138,0,138,0.08925,0.090725,3570,31,2.6673492351900085,2.677176804113486,0.4869891149525734,0.4887833753475152,138,25.869565217391305,2.400809130505194,0.09280438655734363,26.0,23.0,28.0,138,25.869565217391305,2.400809130505194,0.09280438655734363,26.0,23.0,28.0,0.3789087450878442,0.1886332561574639,31 29 29 29 29 29 29 29 29 29 29 28 28 28 28 28 28 28 28 28 28 28 28 28 28 28 28 28 28 27 27 27 27 27 27 27 27 27 27 27 27 27 27 27 27 27 27 27 27 27 27 27 27 27 27 27 27 27 27 27 27 27 27 27 26 26 26 26 26 26 26 26 26 26 26 26 26 26 26 26 26 26 26 26 26 26 26 26 26 26 25 25 25 25 25 25 25 25 25 25 25 25 25 25 25 25 25 25 25 25 25 25 25 25 25 24 24 24 24 24 23 23 23 23 23 23 23 23 22 22 21 20 19 19 19 19 18 16,
bi9,9.0,10.0,3,3,divides late,seed36,2,i,cov10,nan,nan,0,61,120.01,5.477225575051661,,,,,,,,,,,,,,,,,,,,,,,,,,,,,,,activator coverage never reached 10 %
bi9,9.0,10.0,3,3,divides late,seed36,2,i,cov20,nan,nan,0,156,310.01,5.477225575051661,,,,,,,,,,,,,,,,,,,,,,,,,,,,,,,activator coverage never reached 20 %
bi9,9.0,10.0,3,3,divides late,seed36,2,i,t600,301,600.01,1,301,600.01,5.477225575051661,1.2625659850656654,1,133,0,133,0.248525,0.25035,9941,159,4.52438964004018,4.4550914957141465,0.8260367549308951,0.8133847026506894,133,74.74436090225564,14.522529068155775,0.19429598290561495,72.0,70.0,74.0,133,74.74436090225564,14.522529068155775,0.19429598290561495,72.0,70.0,74.0,0.2831892552670263,0.15192138017890736,159 154 152 150 115 76 75 75 74 74 74 74 74 74 74 74 74 74 74 73 73 73 73 73 73 73 73 73 73 73 73 73 73 73 73 73 73 73 73 73 73 73 73 73 73 73 73 73 72 72 72 72 72 72 72 72 72 72 72 72 72 72 72 72 72 72 72 72 72 72 72 72 72 72 72 72 72 72 72 72 72 72 72 72 72 71 71 71 71 71 71 71 71 71 71 71 71 71 71 71 71 71 71 71 71 71 71 71 71 71 71 71 71 71 71 71 71 71 70 70 70 70 70 70 70 70 70 70 70 70 69 69 69,
bi9,9.0,10.0,3,3,divides late,seed36,3,a,cov10,nan,nan,0,,,5.477225575051661,,,,,,,,,,,,,,,,,,,,,,,,,,,,,,,activator coverage never reached 10 %
bi9,9.0,10.0,3,3,divides late,seed36,3,a,cov20,nan,nan,0,,,5.477225575051661,,,,,,,,,,,,,,,,,,,,,,,,,,,,,,,activator coverage never reached 20 %
bi9,9.0,10.0,3,3,divides late,seed36,3,a,t600,301,600.01,1,301,600.01,5.477225575051661,1.5,1,135,0,135,0.088,0.089925,3520,32,2.6767471362681188,2.677176804113486,0.4887049290904678,0.4887833753475152,135,26.074074074074073,2.714333511634584,0.10410085911098547,26.0,24.0,29.0,135,26.074074074074073,2.714333511634584,0.10410085911098547,26.0,24.0,29.0,0.40227299803153965,0.19476781462257073,32 32 30 30 30 30 30 29 29 29 29 29 29 29 29 29 28 28 28 28 28 28 28 28 28 28 28 28 28 28 27 27 27 27 27 27 27 27 27 27 27 27 27 27 27 27 27 27 27 27 27 27 27 27 27 27 27 27 27 27 27 27 26 26 26 26 26 26 26 26 26 26 26 26 26 26 26 26 26 26 26 26 26 26 26 26 26 26 26 26 26 25 25 25 25 25 25 25 25 25 25 25 25 25 25 25 25 25 25 25 25 25 25 25 25 25 25 24 24 24 24 24 24 23 23 23 23 23 23 22 22 19 14 13 13,
bi9,9.0,10.0,3,3,divides late,seed36,3,i,cov10,nan,nan,0,56,110.01,5.477225575051661,,,,,,,,,,,,,,,,,,,,,,,,,,,,,,,activator coverage never reached 10 %
bi9,9.0,10.0,3,3,divides late,seed36,3,i,cov20,nan,nan,0,151,300.01,5.477225575051661,,,,,,,,,,,,,,,,,,,,,,,,,,,,,,,activator coverage never reached 20 %
bi9,9.0,10.0,3,3,divides late,seed36,3,i,t600,301,600.01,1,301,600.01,5.477225575051661,1.2680332958505147,1,133,0,133,0.237775,0.2401,9511,103,4.438242363594571,4.424045183706154,0.8103084860719306,0.807716447512649,133,71.51127819548873,4.286371180765111,0.059939792560378485,71.0,69.0,73.0,133,71.51127819548873,4.286371180765111,0.059939792560378485,71.0,69.0,73.0,0.27108336053876975,0.12751230852698697,103 100 90 76 75 74 73 73 73 73 73 73 73 73 73 72 72 72 72 72 72 72 72 72 72 72 72 72 72 72 72 72 72 72 72 72 72 72 72 72 72 71 71 71 71 71 71 71 71 71 71 71 71 71 71 71 71 71 71 71 71 71 71 71 71 71 71 71 71 71 71 71 71 71 71 71 71 71 71 71 71 71 71 71 71 71 71 70 70 70 70 70 70 70 70 70 70 70 70 70 70 70 70 70 70 70 70 70 70 70 70 70 70 70 70 69 69 69 69 69 69 69 69 69 69 69 69 69 69 69 68 68 67,
bi9,9.0,10.0,3,3,divides late,smallpert,1,a,cov10,nan,nan,0,,,5.477225575051661,,,,,,,,,,,,,,,,,,,,,,,,,,,,,,,activator coverage never reached 10 %
bi9,9.0,10.0,3,3,divides late,smallpert,1,a,cov20,nan,nan,0,,,5.477225575051661,,,,,,,,,,,,,,,,,,,,,,,,,,,,,,,activator coverage never reached 20 %
bi9,9.0,10.0,3,3,divides late,smallpert,1,a,t600,301,600.01,1,301,600.01,5.477225575051661,1.5,1,0,0,0,0.0,0.0,0,0,nan,nan,nan,nan,0,nan,nan,nan,nan,nan,nan,0,nan,nan,nan,nan,nan,nan,nan,nan,,
bi9,9.0,10.0,3,3,divides late,smallpert,1,i,cov10,nan,nan,0,,,5.477225575051661,,,,,,,,,,,,,,,,,,,,,,,,,,,,,,,activator coverage never reached 10 %
bi9,9.0,10.0,3,3,divides late,smallpert,1,i,cov20,nan,nan,0,,,5.477225575051661,,,,,,,,,,,,,,,,,,,,,,,,,,,,,,,activator coverage never reached 20 %
bi9,9.0,10.0,3,3,divides late,smallpert,1,i,t600,301,600.01,1,301,600.01,5.477225575051661,inf,1,0,0,0,0.0,0.0,0,0,nan,nan,nan,nan,0,nan,nan,nan,nan,nan,nan,0,nan,nan,nan,nan,nan,nan,nan,nan,,
bi9,9.0,10.0,3,3,divides late,smallpert,2,a,cov10,nan,nan,0,,,5.477225575051661,,,,,,,,,,,,,,,,,,,,,,,,,,,,,,,activator coverage never reached 10 %
bi9,9.0,10.0,3,3,divides late,smallpert,2,a,cov20,nan,nan,0,,,5.477225575051661,,,,,,,,,,,,,,,,,,,,,,,,,,,,,,,activator coverage never reached 20 %
bi9,9.0,10.0,3,3,divides late,smallpert,2,a,t600,301,600.01,1,301,600.01,5.477225575051661,1.5,1,0,0,0,0.0,0.0,0,0,nan,nan,nan,nan,0,nan,nan,nan,nan,nan,nan,0,nan,nan,nan,nan,nan,nan,nan,nan,,
bi9,9.0,10.0,3,3,divides late,smallpert,2,i,cov10,nan,nan,0,,,5.477225575051661,,,,,,,,,,,,,,,,,,,,,,,,,,,,,,,activator coverage never reached 10 %
bi9,9.0,10.0,3,3,divides late,smallpert,2,i,cov20,nan,nan,0,,,5.477225575051661,,,,,,,,,,,,,,,,,,,,,,,,,,,,,,,activator coverage never reached 20 %
bi9,9.0,10.0,3,3,divides late,smallpert,2,i,t600,301,600.01,1,301,600.01,5.477225575051661,inf,1,0,0,0,0.0,0.0,0,0,nan,nan,nan,nan,0,nan,nan,nan,nan,nan,nan,0,nan,nan,nan,nan,nan,nan,nan,nan,,
bi9,9.0,10.0,3,3,divides late,smallpert,3,a,cov10,nan,nan,0,,,5.477225575051661,,,,,,,,,,,,,,,,,,,,,,,,,,,,,,,activator coverage never reached 10 %
bi9,9.0,10.0,3,3,divides late,smallpert,3,a,cov20,nan,nan,0,,,5.477225575051661,,,,,,,,,,,,,,,,,,,,,,,,,,,,,,,activator coverage never reached 20 %
bi9,9.0,10.0,3,3,divides late,smallpert,3,a,t600,301,600.01,1,301,600.01,5.477225575051661,1.5,1,0,0,0,0.0,0.0,0,0,nan,nan,nan,nan,0,nan,nan,nan,nan,nan,nan,0,nan,nan,nan,nan,nan,nan,nan,nan,,
bi9,9.0,10.0,3,3,divides late,smallpert,3,i,cov10,nan,nan,0,,,5.477225575051661,,,,,,,,,,,,,,,,,,,,,,,,,,,,,,,activator coverage never reached 10 %
bi9,9.0,10.0,3,3,divides late,smallpert,3,i,cov20,nan,nan,0,,,5.477225575051661,,,,,,,,,,,,,,,,,,,,,,,,,,,,,,,activator coverage never reached 20 %
bi9,9.0,10.0,3,3,divides late,smallpert,3,i,t600,301,600.01,1,301,600.01,5.477225575051661,inf,1,0,0,0,0.0,0.0,0,0,nan,nan,nan,nan,0,nan,nan,nan,nan,nan,nan,0,nan,nan,nan,nan,nan,nan,nan,nan,,
