set,b_i,D_i,n_a,n_i,anchor,condition,replicate,channel,point,frame,t,reached,own_channel_frame,own_channel_t,lambda_i,n_points,margin,hole_used,nn_mean,nn_sd,nn_cv,nn_cv_border,nn_n_border,null_csr_n,null_csr_nn_cv_mean,null_csr_nn_cv_sd,null_csr_nn_cv_border_mean,null_csr_nn_cv_border_sd,null_disc_n,null_disc_nn_cv_mean,null_disc_nn_cv_sd,null_disc_nn_cv_border_mean,null_disc_nn_cv_border_sd,null_hole_n,null_hole_nn_cv_mean,null_hole_nn_cv_sd,null_hole_nn_cv_border_mean,null_hole_nn_cv_border_sd,z_csr_nn_cv,z_csr_nn_cv_border,z_disc_nn_cv,z_disc_nn_cv_border,z_hole_nn_cv,z_hole_nn_cv_border
bi0,0.0,10.0,3,3,"JA, no inhibitor",nucl,1,a,cov10,6,10.01,1,6,10.01,5.477225575051661,1,0.0,nan,nan,nan,nan,nan,0,0,nan,nan,nan,nan,0,nan,nan,nan,nan,0,nan,nan,nan,nan,nan,nan,nan,nan,nan,nan
bi0,0.0,10.0,3,3,"JA, no inhibitor",nucl,1,a,cov20,6,10.01,1,6,10.01,5.477225575051661,1,0.0,nan,nan,nan,nan,nan,0,0,nan,nan,nan,nan,0,nan,nan,nan,nan,0,nan,nan,nan,nan,nan,nan,nan,nan,nan,nan
bi0,0.0,10.0,3,3,"JA, no inhibitor",nucl,1,a,t600,301,600.01,1,301,600.01,5.477225575051661,1,0.0,nan,nan,nan,nan,nan,0,0,nan,nan,nan,nan,0,nan,nan,nan,nan,0,nan,nan,nan,nan,nan,nan,nan,nan,nan,nan
bi0,0.0,10.0,3,3,"JA, no inhibitor",nucl,1,i,cov10,6,10.01,1,,,5.477225575051661,0,0.0,nan,nan,nan,nan,nan,0,0,nan,nan,nan,nan,0,nan,nan,nan,nan,0,nan,nan,nan,nan,nan,nan,nan,nan,nan,nan
bi0,0.0,10.0,3,3,"JA, no inhibitor",nucl,1,i,cov20,6,10.01,1,,,5.477225575051661,0,0.0,nan,nan,nan,nan,nan,0,0,nan,nan,nan,nan,0,nan,nan,nan,nan,0,nan,nan,nan,nan,nan,nan,nan,nan,nan,nan
bi0,0.0,10.0,3,3,"JA, no inhibitor",nucl,1,i,t600,301,600.01,1,301,600.01,5.477225575051661,0,0.0,nan,nan,nan,nan,nan,0,0,nan,nan,nan,nan,0,nan,nan,nan,nan,0,nan,nan,nan,nan,nan,nan,nan,nan,nan,nan
bi0,0.0,10.0,3,3,"JA, no inhibitor",nucl,2,a,cov10,6,10.01,1,6,10.01,5.477225575051661,1,0.0,nan,nan,nan,nan,nan,0,0,nan,nan,nan,nan,0,nan,nan,nan,nan,0,nan,nan,nan,nan,nan,nan,nan,nan,nan,nan
bi0,0.0,10.0,3,3,"JA, no inhibitor",nucl,2,a,cov20,6,10.01,1,6,10.01,5.477225575051661,1,0.0,nan,nan,nan,nan,nan,0,0,nan,nan,nan,nan,0,nan,nan,nan,nan,0,nan,nan,nan,nan,nan,nan,nan,nan,nan,nan
bi0,0.0,10.0,3,3,"JA, no inhibitor",nucl,2,a,t600,301,600.01,1,301,600.01,5.477225575051661,1,0.0,nan,nan,nan,nan,nan,0,0,nan,nan,nan,nan,0,nan,nan,nan,nan,0,nan,nan,nan,nan,nan,nan,nan,nan,nan,nan
bi0,0.0,10.0,3,3,"JA, no inhibitor",nucl,2,i,cov10,6,10.01,1,,,5.477225575051661,0,0.0,nan,nan,nan,nan,nan,0,0,nan,nan,nan,nan,0,nan,nan,nan,nan,0,nan,nan,nan,nan,nan,nan,nan,nan,nan,nan
bi0,0.0,10.0,3,3,"JA, no inhibitor",nucl,2,i,cov20,6,10.01,1,,,5.477225575051661,0,0.0,nan,nan,nan,nan,nan,0,0,nan,nan,nan,nan,0,nan,nan,nan,nan,0,nan,nan,nan,nan,nan,nan,nan,nan,nan,nan
bi0,0.0,10.0,3,3,"JA, no inhibitor",nucl,2,i,t600,301,600.01,1,301,600.01,5.477225575051661,0,0.0,nan,nan,nan,nan,nan,0,0,nan,nan,nan,nan,0,nan,nan,nan,nan,0,nan,nan,nan,nan,nan,nan,nan,nan,nan,nan
bi0,0.0,10.0,3,3,"JA, no inhibitor",nucl,3,a,cov10,6,10.01,1,6,10.01,5.477225575051661,1,0.0,nan,nan,nan,nan,nan,0,0,nan,nan,nan,nan,0,nan,nan,nan,nan,0,nan,nan,nan,nan,nan,nan,nan,nan,nan,nan
bi0,0.0,10.0,3,3,"JA, no inhibitor",nucl,3,a,cov20,6,10.01,1,6,10.01,5.477225575051661,1,0.0,nan,nan,nan,nan,nan,0,0,nan,nan,nan,nan,0,nan,nan,nan,nan,0,nan,nan,nan,nan,nan,nan,nan,nan,nan,nan
bi0,0.0,10.0,3,3,"JA, no inhibitor",nucl,3,a,t600,301,600.01,1,301,600.01,5.477225575051661,1,0.0,nan,nan,nan,nan,nan,0,0,nan,nan,nan,nan,0,nan,nan,nan,nan,0,nan,nan,nan,nan,nan,nan,nan,nan,nan,nan
bi0,0.0,10.0,3,3,"JA, no inhibitor",nucl,3,i,cov10,6,10.01,1,,,5.477225575051661,0,0.0,nan,nan,nan,nan,nan,0,0,nan,nan,nan,nan,0,nan,nan,nan,nan,0,nan,nan,nan,nan,nan,nan,nan,nan,nan,nan
bi0,0.0,10.0,3,3,"JA, no inhibitor",nucl,3,i,cov20,6,10.01,1,,,5.477225575051661,0,0.0,nan,nan,nan,nan,nan,0,0,nan,nan,nan,nan,0,nan,nan,nan,nan,0,nan,nan,nan,nan,nan,nan,nan,nan,nan,nan
bi0,0.0,10.0,3,3,"JA, no inhibitor",nucl,3,i,t600,301,600.01,1,301,600.01,5.477225575051661,0,0.0,nan,nan,nan,nan,nan,0,0,nan,nan,nan,nan,0,nan,nan,nan,nan,0,nan,nan,nan,nan,nan,nan,nan,nan,nan,nan
bi0,0.0,10.0,3,3,"JA, no inhibitor",random,1,a,cov10,6,10.01,1,6,10.01,5.477225575051661,1,0.0,nan,nan,nan,nan,nan,0,0,nan,nan,nan,nan,0,nan,nan,nan,nan,0,nan,nan,nan,nan,nan,nan,nan,nan,nan,nan
bi0,0.0,10.0,3,3,"JA, no inhibitor",random,1,a,cov20,6,10.01,1,6,10.01,5.477225575051661,1,0.0,nan,nan,nan,nan,nan,0,0,nan,nan,nan,nan,0,nan,nan,nan,nan,0,nan,nan,nan,nan,nan,nan,nan,nan,nan,nan
bi0,0.0,10.0,3,3,"JA, no inhibitor",random,1,a,t600,301,600.01,1,301,600.01,5.477225575051661,1,0.0,nan,nan,nan,nan,nan,0,0,nan,nan,nan,nan,0,nan,nan,nan,nan,0,nan,nan,nan,nan,nan,nan,nan,nan,nan,nan
bi0,0.0,10.0,3,3,"JA, no inhibitor",random,1,i,cov10,6,10.01,1,,,5.477225575051661,0,0.0,nan,nan,nan,nan,nan,0,0,nan,nan,nan,nan,0,nan,nan,nan,nan,0,nan,nan,nan,nan,nan,nan,nan,nan,nan,nan
bi0,0.0,10.0,3,3,"JA, no inhibitor",random,1,i,cov20,6,10.01,1,,,5.477225575051661,0,0.0,nan,nan,nan,nan,nan,0,0,nan,nan,nan,nan,0,nan,nan,nan,nan,0,nan,nan,nan,nan,nan,nan,nan,nan,nan,nan
bi0,0.0,10.0,3,3,"JA, no inhibitor",random,1,i,t600,301,600.01,1,301,600.01,5.477225575051661,0,0.0,nan,nan,nan,nan,nan,0,0,nan,nan,nan,nan,0,nan,nan,nan,nan,0,nan,nan,nan,nan,nan,nan,nan,nan,nan,nan
bi0,0.0,10.0,3,3,"JA, no inhibitor",random,2,a,cov10,6,10.01,1,6,10.01,5.477225575051661,1,0.0,nan,nan,nan,nan,nan,0,0,nan,nan,nan,nan,0,nan,nan,nan,nan,0,nan,nan,nan,nan,nan,nan,nan,nan,nan,nan
bi0,0.0,10.0,3,3,"JA, no inhibitor",random,2,a,cov20,6,10.01,1,6,10.01,5.477225575051661,1,0.0,nan,nan,nan,nan,nan,0,0,nan,nan,nan,nan,0,nan,nan,nan,nan,0,nan,nan,nan,nan,nan,nan,nan,nan,nan,nan
bi0,0.0,10.0,3,3,"JA, no inhibitor",random,2,a,t600,301,600.01,1,301,600.01,5.477225575051661,1,0.0,nan,nan,nan,nan,nan,0,0,nan,nan,nan,nan,0,nan,nan,nan,nan,0,nan,nan,nan,nan,nan,nan,nan,nan,nan,nan
bi0,0.0,10.0,3,3,"JA, no inhibitor",random,2,i,cov10,6,10.01,1,,,5.477225575051661,0,0.0,nan,nan,nan,nan,nan,0,0,nan,nan,nan,nan,0,nan,nan,nan,nan,0,nan,nan,nan,nan,nan,nan,nan,nan,nan,nan
bi0,0.0,10.0,3,3,"JA, no inhibitor",random,2,i,cov20,6,10.01,1,,,5.477225575051661,0,0.0,nan,nan,nan,nan,nan,0,0,nan,nan,nan,nan,0,nan,nan,nan,nan,0,nan,nan,nan,nan,nan,nan,nan,nan,nan,nan
bi0,0.0,10.0,3,3,"JA, no inhibitor",random,2,i,t600,301,600.01,1,301,600.01,5.477225575051661,0,0.0,nan,nan,nan,nan,nan,0,0,nan,nan,nan,nan,0,nan,nan,nan,nan,0,nan,nan,nan,nan,nan,nan,nan,nan,nan,nan
bi0,0.0,10.0,3,3,"JA, no inhibitor",random,3,a,cov10,6,10.01,1,6,10.01,5.477225575051661,1,0.0,nan,nan,nan,nan,nan,0,0,nan,nan,nan,nan,0,nan,nan,nan,nan,0,nan,nan,nan,nan,nan,nan,nan,nan,nan,nan
bi0,0.0,10.0,3,3,"JA, no inhibitor",random,3,a,cov20,6,10.01,1,6,10.01,5.477225575051661,1,0.0,nan,nan,nan,nan,nan,0,0,nan,nan,nan,nan,0,nan,nan,nan,nan,0,nan,nan,nan,nan,nan,nan,nan,nan,nan,nan
bi0,0.0,10.0,3,3,"JA, no inhibitor",random,3,a,t600,301,600.01,1,301,600.01,5.477225575051661,1,0.0,nan,nan,nan,nan,nan,0,0,nan,nan,nan,nan,0,nan,nan,nan,nan,0,nan,nan,nan,nan,nan,nan,nan,nan,nan,nan
bi0,0.0,10.0,3,3,"JA, no inhibitor",random,3,i,cov10,6,10.01,1,,,5.477225575051661,0,0.0,nan,nan,nan,nan,nan,0,0,nan,nan,nan,nan,0,nan,nan,nan,nan,0,nan,nan,nan,nan,nan,nan,nan,nan,nan,nan
bi0,0.0,10.0,3,3,"JA, no inhibitor",random,3,i,cov20,6,10.01,1,,,5.477225575051661,0,0.0,nan,nan,nan,nan,nan,0,0,nan,nan,nan,nan,0,nan,nan,nan,nan,0,nan,nan,nan,nan,nan,nan,nan,nan,nan,nan
bi0,0.0,10.0,3,3,"JA, no inhibitor",random,3,i,t600,301,600.01,1,301,600.01,5.477225575051661,0,0.0,nan,nan,nan,nan,nan,0,0,nan,nan,nan,nan,0,nan,nan,nan,nan,0,nan,nan,nan,nan,nan,nan,nan,nan,nan,nan
bi0,0.0,10.0,3,3,"JA, no inhibitor",seed1,0,a,cov10,26,50.01,1,26,50.01,5.477225575051661,1,0.0,nan,nan,nan,nan,nan,0,0,nan,nan,nan,nan,0,nan,nan,nan,nan,0,nan,nan,nan,nan,nan,nan,nan,nan,nan,nan
bi0,0.0,10.0,3,3,"JA, no inhibitor",seed1,0,a,cov20,31,60.01,1,31,60.01,5.477225575051661,1,0.0,nan,nan,nan,nan,nan,0,0,nan,nan,nan,nan,0,nan,nan,nan,nan,0,nan,nan,nan,nan,nan,nan,nan,nan,nan,nan
bi0,0.0,10.0,3,3,"JA, no inhibitor",seed1,0,a,t600,301,600.01,1,301,600.01,5.477225575051661,1,0.0,nan,nan,nan,nan,nan,0,0,nan,nan,nan,nan,0,nan,nan,nan,nan,0,nan,nan,nan,nan,nan,nan,nan,nan,nan,nan
bi0,0.0,10.0,3,3,"JA, no inhibitor",seed1,0,i,cov10,26,50.01,1,,,5.477225575051661,0,0.0,nan,nan,nan,nan,nan,0,0,nan,nan,nan,nan,0,nan,nan,nan,nan,0,nan,nan,nan,nan,nan,nan,nan,nan,nan,nan
bi0,0.0,10.0,3,3,"JA, no inhibitor",seed1,0,i,cov20,31,60.01,1,,,5.477225575051661,0,0.0,nan,nan,nan,nan,nan,0,0,nan,nan,nan,nan,0,nan,nan,nan,nan,0,nan,nan,nan,nan,nan,nan,nan,nan,nan,nan
bi0,0.0,10.0,3,3,"JA, no inhibitor",seed1,0,i,t600,301,600.01,1,301,600.01,5.477225575051661,0,0.0,nan,nan,nan,nan,nan,0,0,nan,nan,nan,nan,0,nan,nan,nan,nan,0,nan,nan,nan,nan,nan,nan,nan,nan,nan,nan
bi0,0.0,10.0,3,3,"JA, no inhibitor",seed36,1,a,cov10,6,10.01,1,6,10.01,5.477225575051661,14,38.127574594576735,nan,38.127574594576735,10.010134334329122,0.2625431709404606,0.032791497520146644,6,200,0.5635425490428234,0.16458998576859177,0.47018091748464313,0.170843254292554,200,0.28668467301369316,0.06847904641561939,0.19563649056048452,0.08444218105091723,0,nan,nan,nan,nan,-1.8287830617201601,-2.5601796323518027,-0.35253852582453793,-1.9284792388551053,nan,nan
bi0,0.0,10.0,3,3,"JA, no inhibitor",seed36,1,a,cov20,6,10.01,1,6,10.01,5.477225575051661,14,38.127574594576735,nan,38.127574594576735,10.010134334329122,0.2625431709404606,0.032791497520146644,6,200,0.5635425490428234,0.16458998576859177,0.47018091748464313,0.170843254292554,200,0.28668467301369316,0.06847904641561939,0.19563649056048452,0.08444218105091723,0,nan,nan,nan,nan,-1.8287830617201601,-2.5601796323518027,-0.35253852582453793,-1.9284792388551053,nan,nan
bi0,0.0,10.0,3,3,"JA, no inhibitor",seed36,1,a,t600,301,600.01,1,301,600.01,5.477225575051661,1,0.0,nan,nan,nan,nan,nan,0,0,nan,nan,nan,nan,0,nan,nan,nan,nan,0,nan,nan,nan,nan,nan,nan,nan,nan,nan,nan
bi0,0.0,10.0,3,3,"JA, no inhibitor",seed36,1,i,cov10,6,10.01,1,,,5.477225575051661,0,0.0,nan,nan,nan,nan,nan,0,0,nan,nan,nan,nan,0,nan,nan,nan,nan,0,nan,nan,nan,nan,nan,nan,nan,nan,nan,nan
bi0,0.0,10.0,3,3,"JA, no inhibitor",seed36,1,i,cov20,6,10.01,1,,,5.477225575051661,0,0.0,nan,nan,nan,nan,nan,0,0,nan,nan,nan,nan,0,nan,nan,nan,nan,0,nan,nan,nan,nan,nan,nan,nan,nan,nan,nan
bi0,0.0,10.0,3,3,"JA, no inhibitor",seed36,1,i,t600,301,600.01,1,301,600.01,5.477225575051661,0,0.0,nan,nan,nan,nan,nan,0,0,nan,nan,nan,nan,0,nan,nan,nan,nan,0,nan,nan,nan,nan,nan,nan,nan,nan,nan,nan
bi0,0.0,10.0,3,3,"JA, no inhibitor",seed36,2,a,cov10,6,10.01,1,6,10.01,5.477225575051661,16,35.68978962574487,nan,35.68978962574487,9.544945969166449,0.2674419230053738,0.19309572721430096,6,200,0.5506665167189272,0.13492260734798042,0.49888706915153164,0.1521139615983042,200,0.28271636935804323,0.06348373612604555,0.19258176557459314,0.07114803357430177,0,nan,nan,nan,nan,-2.0991633595034647,-2.0102779437481937,-0.2406040867276994,0.007223834783445954,nan,nan
bi0,0.0,10.0,3,3,"JA, no inhibitor",seed36,2,a,cov20,6,10.01,1,6,10.01,5.477225575051661,16,35.68978962574487,nan,35.68978962574487,9.544945969166449,0.2674419230053738,0.19309572721430096,6,200,0.5506665167189272,0.13492260734798042,0.49888706915153164,0.1521139615983042,200,0.28271636935804323,0.06348373612604555,0.19258176557459314,0.07114803357430177,0,nan,nan,nan,nan,-2.0991633595034647,-2.0102779437481937,-0.2406040867276994,0.007223834783445954,nan,nan
bi0,0.0,10.0,3,3,"JA, no inhibitor",seed36,2,a,t600,301,600.01,1,301,600.01,5.477225575051661,1,0.0,nan,nan,nan,nan,nan,0,0,nan,nan,nan,nan,0,nan,nan,nan,nan,0,nan,nan,nan,nan,nan,nan,nan,nan,nan,nan
bi0,0.0,10.0,3,3,"JA, no inhibitor",seed36,2,i,cov10,6,10.01,1,,,5.477225575051661,0,0.0,nan,nan,nan,nan,nan,0,0,nan,nan,nan,nan,0,nan,nan,nan,nan,0,nan,nan,nan,nan,nan,nan,nan,nan,nan,nan
bi0,0.0,10.0,3,3,"JA, no inhibitor",seed36,2,i,cov20,6,10.01,1,,,5.477225575051661,0,0.0,nan,nan,nan,nan,nan,0,0,nan,nan,nan,nan,0,nan,nan,nan,nan,0,nan,nan,nan,nan,nan,nan,nan,nan,nan,nan
bi0,0.0,10.0,3,3,"JA, no inhibitor",seed36,2,i,t600,301,600.01,1,301,600.01,5.477225575051661,0,0.0,nan,nan,nan,nan,nan,0,0,nan,nan,nan,nan,0,nan,nan,nan,nan,0,nan,nan,nan,nan,nan,nan,nan,nan,nan,nan
bi0,0.0,10.0,3,3,"JA, no inhibitor",seed36,3,a,cov10,6,10.01,1,6,10.01,5.477225575051661,21,30.418715705366747,nan,30.418715705366747,7.0265922391038735,0.23099569052036534,0.14084449563836648,10,200,0.5432548866832577,0.12233429725380104,0.48786236459607507,0.14140053273435588,200,0.23688380486783422,0.05333273904671346,0.1698555670853615,0.04774020759443384,0,nan,nan,nan,nan,-2.55250737669309,-2.454148242918141,-0.11040337422594335,-0.6076863279157064,nan,nan
bi0,0.0,10.0,3,3,"JA, no inhibitor",seed36,3,a,cov20,6,10.01,1,6,10.01,5.477225575051661,21,30.418715705366747,nan,30.418715705366747,7.0265922391038735,0.23099569052036534,0.14084449563836648,10,200,0.5432548866832577,0.12233429725380104,0.48786236459607507,0.14140053273435588,200,0.23688380486783422,0.05333273904671346,0.1698555670853615,0.04774020759443384,0,nan,nan,nan,nan,-2.55250737669309,-2.454148242918141,-0.11040337422594335,-0.6076863279157064,nan,nan
bi0,0.0,10.0,3,3,"JA, no inhibitor",seed36,3,a,t600,301,600.01,1,301,600.01,5.477225575051661,1,0.0,nan,nan,nan,nan,nan,0,0,nan,nan,nan,nan,0,nan,nan,nan,nan,0,nan,nan,nan,nan,nan,nan,nan,nan,nan,nan
bi0,0.0,10.0,3,3,"JA, no inhibitor",seed36,3,i,cov10,6,10.01,1,,,5.477225575051661,0,0.0,nan,nan,nan,nan,nan,0,0,nan,nan,nan,nan,0,nan,nan,nan,nan,0,nan,nan,nan,nan,nan,nan,nan,nan,nan,nan
bi0,0.0,10.0,3,3,"JA, no inhibitor",seed36,3,i,cov20,6,10.01,1,,,5.477225575051661,0,0.0,nan,nan,nan,nan,nan,0,0,nan,nan,nan,nan,0,nan,nan,nan,nan,0,nan,nan,nan,nan,nan,nan,nan,nan,nan,nan
bi0,0.0,10.0,3,3,"JA, no inhibitor",seed36,3,i,t600,301,600.01,1,301,600.01,5.477225575051661,0,0.0,nan,nan,nan,nan,nan,0,0,nan,nan,nan,nan,0,nan,nan,nan,nan,0,nan,nan,nan,nan,nan,nan,nan,nan,nan,nan
bi0,0.0,10.0,3,3,"JA, no inhibitor",smallpert,1,a,cov10,6,10.01,1,6,10.01,5.477225575051661,1,0.0,nan,nan,nan,nan,nan,0,0,nan,nan,nan,nan,0,nan,nan,nan,nan,0,nan,nan,nan,nan,nan,nan,nan,nan,nan,nan
bi0,0.0,10.0,3,3,"JA, no inhibitor",smallpert,1,a,cov20,6,10.01,1,6,10.01,5.477225575051661,1,0.0,nan,nan,nan,nan,nan,0,0,nan,nan,nan,nan,0,nan,nan,nan,nan,0,nan,nan,nan,nan,nan,nan,nan,nan,nan,nan
bi0,0.0,10.0,3,3,"JA, no inhibitor",smallpert,1,a,t600,301,600.01,1,301,600.01,5.477225575051661,1,0.0,nan,nan,nan,nan,nan,0,0,nan,nan,nan,nan,0,nan,nan,nan,nan,0,nan,nan,nan,nan,nan,nan,nan,nan,nan,nan
bi0,0.0,10.0,3,3,"JA, no inhibitor",smallpert,1,i,cov10,6,10.01,1,6,10.01,5.477225575051661,1,0.0,nan,nan,nan,nan,nan,0,0,nan,nan,nan,nan,0,nan,nan,nan,nan,0,nan,nan,nan,nan,nan,nan,nan,nan,nan,nan
bi0,0.0,10.0,3,3,"JA, no inhibitor",smallpert,1,i,cov20,6,10.01,1,6,10.01,5.477225575051661,1,0.0,nan,nan,nan,nan,nan,0,0,nan,nan,nan,nan,0,nan,nan,nan,nan,0,nan,nan,nan,nan,nan,nan,nan,nan,nan,nan
bi0,0.0,10.0,3,3,"JA, no inhibitor",smallpert,1,i,t600,301,600.01,1,301,600.01,5.477225575051661,1,0.0,nan,nan,nan,nan,nan,0,0,nan,nan,nan,nan,0,nan,nan,nan,nan,0,nan,nan,nan,nan,nan,nan,nan,nan,nan,nan
bi0,0.0,10.0,3,3,"JA, no inhibitor",smallpert,2,a,cov10,6,10.01,1,6,10.01,5.477225575051661,1,0.0,nan,nan,nan,nan,nan,0,0,nan,nan,nan,nan,0,nan,nan,nan,nan,0,nan,nan,nan,nan,nan,nan,nan,nan,nan,nan
bi0,0.0,10.0,3,3,"JA, no inhibitor",smallpert,2,a,cov20,6,10.01,1,6,10.01,5.477225575051661,1,0.0,nan,nan,nan,nan,nan,0,0,nan,nan,nan,nan,0,nan,nan,nan,nan,0,nan,nan,nan,nan,nan,nan,nan,nan,nan,nan
bi0,0.0,10.0,3,3,"JA, no inhibitor",smallpert,2,a,t600,301,600.01,1,301,600.01,5.477225575051661,1,0.0,nan,nan,nan,nan,nan,0,0,nan,nan,nan,nan,0,nan,nan,nan,nan,0,nan,nan,nan,nan,nan,nan,nan,nan,nan,nan
bi0,0.0,10.0,3,3,"JA, no inhibitor",smallpert,2,i,cov10,6,10.01,1,6,10.01,5.477225575051661,1,0.0,nan,nan,nan,nan,nan,0,0,nan,nan,nan,nan,0,nan,nan,nan,nan,0,nan,nan,nan,nan,nan,nan,nan,nan,nan,nan
bi0,0.0,10.0,3,3,"JA, no inhibitor",smallpert,2,i,cov20,6,10.01,1,6,10.01,5.477225575051661,1,0.0,nan,nan,nan,nan,nan,0,0,nan,nan,nan,nan,0,nan,nan,nan,nan,0,nan,nan,nan,nan,nan,nan,nan,nan,nan,nan
bi0,0.0,10.0,3,3,"JA, no inhibitor",smallpert,2,i,t600,301,600.01,1,301,600.01,5.477225575051661,1,0.0,nan,nan,nan,nan,nan,0,0,nan,nan,nan,nan,0,nan,nan,nan,nan,0,nan,nan,nan,nan,nan,nan,nan,nan,nan,nan
bi0,0.0,10.0,3,3,"JA, no inhibitor",smallpert,3,a,cov10,6,10.01,1,6,10.01,5.477225575051661,1,0.0,nan,nan,nan,nan,nan,0,0,nan,nan,nan,nan,0,nan,nan,nan,nan,0,nan,nan,nan,nan,nan,nan,nan,nan,nan,nan
bi0,0.0,10.0,3,3,"JA, no inhibitor",smallpert,3,a,cov20,6,10.01,1,6,10.01,5.477225575051661,1,0.0,nan,nan,nan,nan,nan,0,0,nan,nan,nan,nan,0,nan,nan,nan,nan,0,nan,nan,nan,nan,nan,nan,nan,nan,nan,nan
bi0,0.0,10.0,3,3,"JA, no inhibitor",smallpert,3,a,t600,301,600.01,1,301,600.01,5.477225575051661,1,0.0,nan,nan,nan,nan,nan,0,0,nan,nan,nan,nan,0,nan,nan,nan,nan,0,nan,nan,nan,nan,nan,nan,nan,nan,nan,nan
bi0,0.0,10.0,3,3,"JA, no inhibitor",smallpert,3,i,cov10,6,10.01,1,6,10.01,5.477225575051661,1,0.0,nan,nan,nan,nan,nan,0,0,nan,nan,nan,nan,0,nan,nan,nan,nan,0,nan,nan,nan,nan,nan,nan,nan,nan,nan,nan
bi0,0.0,10.0,3,3,"JA, no inhibitor",smallpert,3,i,cov20,6,10.01,1,6,10.01,5.477225575051661,1,0.0,nan,nan,nan,nan,nan,0,0,nan,nan,nan,nan,0,nan,nan,nan,nan,0,nan,nan,nan,nan,nan,nan,nan,nan,nan,nan
bi0,0.0,10.0,3,3,"JA, no inhibitor",smallpert,3,i,t600,301,600.01,1,301,600.01,5.477225575051661,1,0.0,nan,nan,nan,nan,nan,0,0,nan,nan,nan,nan,0,nan,nan,nan,nan,0,nan,nan,nan,nan,nan,nan,nan,nan,nan,nan
bi12,12.0,10.0,3,3,arrests; Fig 1C irregular spots,nucl,1,a,t600,301,600.01,1,301,600.01,5.477225575051661,231,11.201104045971165,9.945235158057054,11.201104045971165,0.8854333374164232,0.07904875571037102,0.0741566533386951,180,200,0.5435343821130333,0.033489006116099417,0.5303799350210986,0.03469815045726368,200,0.3884601387113442,0.023138873789938886,0.3627907750396135,0.021232790457274903,15,nan,nan,nan,nan,-13.869794307791256,-13.148345824493308,-13.371929239508178,-13.593791276832617,nan,nan
bi12,12.0,10.0,3,3,arrests; Fig 1C irregular spots,nucl,1,i,t600,301,600.01,1,301,600.01,5.477225575051661,128,13.029007667977673,10.51607142857143,13.029007667977673,2.060601924460083,0.15815493988268747,0.12974610218491656,87,200,0.5510115251274569,0.05235355891711695,0.5283650103998113,0.04882053046989046,45,0.2426075350922428,0.01686350585354058,0.2102559045727889,0.019835023772544216,200,0.15816766626696116,0.013913589838392072,0.13677361161190046,0.013434718531494262,-7.503913647336118,-8.164985189186723,-5.008009363119714,-4.058971812240255,-0.0009146729507988439,-0.5230857208142998
bi12,12.0,10.0,3,3,arrests; Fig 1C irregular spots,nucl,2,a,t600,301,600.01,1,301,600.01,5.477225575051661,229,11.189303608653617,9.917431749241658,11.189303608653617,0.8762419692067347,0.07831067954301142,0.07612053654910035,178,200,0.5413158317142939,0.03768524916200458,0.5265565800414984,0.03630719019106051,200,0.3908829323399228,0.02216542691014484,0.36236842961576754,0.019026616394727025,38,0.08036769760469974,0.005861409065811865,0.0736610102981196,0.006910067320460051,-12.286110944387715,-12.406249041086733,-14.101792582837687,-15.044603156344552,-0.35094258711380294,0.3559337611224613
bi12,12.0,10.0,3,3,arrests; Fig 1C irregular spots,nucl,2,i,t600,301,600.01,1,301,600.01,5.477225575051661,136,12.748755237127757,10.774152611093092,12.748755237127757,1.836311423043459,0.1440384875925481,0.1474285817471436,96,200,0.5537378800929424,0.047391696927651016,0.5349531785406431,0.044868643919723304,80,0.22331883404829694,0.014834194062207042,0.19966081093258825,0.014268310006084873,200,0.13855644368330192,0.012486139611959862,0.1190879359249314,0.010842830904149812,-8.64496143967684,-8.636868934279333,-5.344432338102598,-3.6607158915926035,0.43905034539219706,2.6137681268611828
bi12,12.0,10.0,3,3,arrests; Fig 1C irregular spots,nucl,3,a,t600,301,600.01,1,301,600.01,5.477225575051661,228,11.283371124389904,9.960454567743835,11.283371124389904,0.7925969397770136,0.07024469292370897,0.0666650620636028,177,200,0.5341334131719556,0.035923369663049605,0.5236639094375211,0.03603284920107301,200,0.3891772702126886,0.021506605681014042,0.36300770733378224,0.020977600283896673,30,0.07933150388528024,0.006330248831691159,0.07155178726789667,0.006787979877244951,-12.913285268040923,-12.682839617365296,-14.82951712694171,-14.12662274329181,-1.4354587320611976,-0.7199086168000327
bi12,12.0,10.0,3,3,arrests; Fig 1C irregular spots,nucl,3,i,t600,301,600.01,1,301,600.01,5.477225575051661,157,12.28862080895385,10.70948359073359,12.28862080895385,1.6028285626188052,0.13043193272355977,0.12979622711122654,111,200,0.5513440458252056,0.04685716697240802,0.5331278912039439,0.04243045163012382,145,0.19529753241325462,0.012321494761474058,0.17838545271014736,0.01225987496222572,200,0.11851943668369469,0.011212227377095882,0.10430178758324646,0.0106213914294851,-8.982875839452715,-9.505712256109218,-5.264426187357708,-3.963272525097571,1.062455802867474,2.400291872984479
bi12,12.0,10.0,3,3,arrests; Fig 1C irregular spots,random,1,a,t600,301,600.01,1,301,600.01,5.477225575051661,61,19.00213315141734,15.85148,19.00213315141734,2.672768326377513,0.14065622554477025,0.07669013861064554,40,200,0.5505467212753955,0.0704793815138468,0.5227540040847041,0.07269883231152056,200,0.46416818891117745,0.05838544896180113,0.4173313486142353,0.05365210113276764,200,0.1515457099496976,0.020993588026571076,0.12118718313271572,0.01812881685559496,-5.81575046384446,-6.135777581167159,-5.540969010584571,-6.349074925521334,-0.5187052537729515,-2.4544924733098283
bi12,12.0,10.0,3,3,arrests; Fig 1C irregular spots,random,1,i,t600,301,600.01,1,301,600.01,5.477225575051661,61,18.988874063007287,14.7599,18.988874063007287,2.6668749878642344,0.14044408209856118,0.07757562547676586,40,200,0.5532818818601848,0.07427132969315464,0.5201647415887681,0.06834125694956418,200,0.3771800390817772,0.047976568359382896,0.3298285786953831,0.043234518366430864,200,0.17432849808920792,0.02427785612649882,0.14292789823135854,0.02236447994663843,-5.558508262437552,-6.476162948519264,-4.934407880319289,-5.8345267334925905,-1.3956922643454723,-2.9221458719595974
bi12,12.0,10.0,3,3,arrests; Fig 1C irregular spots,random,2,a,t600,301,600.01,1,301,600.01,5.477225575051661,61,20.255698138336903,16.37038626609442,20.255698138336903,2.4303249633377293,0.11998228581112097,0.08465581842372552,37,200,0.5554304876761971,0.07005831800495099,0.5239222686217279,0.06669342146832537,200,0.44785385798867977,0.05138050789983865,0.4092326845419339,0.047565773823936196,200,0.14040212214062722,0.01926174198692577,0.1139595080683688,0.01987671063701561,-6.215510367153022,-6.586353504245133,-6.381244280743835,-6.823748254777131,-1.0601240709883124,-1.474272588648153
bi12,12.0,10.0,3,3,arrests; Fig 1C irregular spots,random,2,i,t600,301,600.01,1,301,600.01,5.477225575051661,61,20.21208869961228,15.52,20.21208869961228,2.458760059792747,0.12164799473890654,0.08576535436963942,37,200,0.5520102767624623,0.06946206253337683,0.5215754413457738,0.06375747072071558,200,0.37615078110079847,0.050375675173471045,0.3291155838559585,0.03867520037844747,200,0.15911760927698818,0.022782774136416627,0.12897803102960728,0.021869952618327033,-6.195645023019073,-6.835435628950294,-5.0520967805493315,-6.292151743367072,-1.6446467104367746,-1.9758925597193848
bi12,12.0,10.0,3,3,arrests; Fig 1C irregular spots,random,3,a,t600,301,600.01,1,301,600.01,5.477225575051661,56,20.417771344997135,14.6925,20.417771344997135,3.434321965772338,0.1682025872335882,0.13434424097232928,34,200,0.5471254125364958,0.0727421793625674,0.5163004844524062,0.07271601947021776,200,0.4607390382142215,0.059512362173739314,0.4129148976211063,0.05500815065776809,200,0.19002778991700192,0.02735327645871196,0.1536414298947591,0.024570986571615265,-5.209121153962822,-5.252711111841242,-4.915557714321735,-5.064170551413331,-0.7979008553639815,-0.7853648393883457
bi12,12.0,10.0,3,3,arrests; Fig 1C irregular spots,random,3,i,t600,301,600.01,1,301,600.01,5.477225575051661,56,20.391198947810626,14.6925,20.391198947810626,3.454483072622375,0.16941049329486718,0.13644388292669787,34,200,0.5519146106061349,0.07732788611254941,0.5232034199488464,0.07396375046581705,200,0.3894685799419287,0.04985578647013993,0.33797655348416844,0.046488133852189695,200,0.19059144595328173,0.027781243882653652,0.15335462772818848,0.024402305663194592,-4.94652235487906,-5.2290417209291284,-4.413892593568063,-4.335142193451973,-0.762419161211127,-0.6929978271273222
bi12,12.0,10.0,3,3,arrests; Fig 1C irregular spots,seed1,0,a,t600,301,600.01,1,301,600.01,5.477225575051661,1,0.0,nan,nan,nan,nan,nan,0,0,nan,nan,nan,nan,0,nan,nan,nan,nan,0,nan,nan,nan,nan,nan,nan,nan,nan,nan,nan
bi12,12.0,10.0,3,3,arrests; Fig 1C irregular spots,seed1,0,i,t600,301,600.01,1,301,600.01,5.477225575051661,1,0.0,nan,nan,nan,nan,nan,0,0,nan,nan,nan,nan,0,nan,nan,nan,nan,0,nan,nan,nan,nan,nan,nan,nan,nan,nan,nan
bi12,12.0,10.0,3,3,arrests; Fig 1C irregular spots,seed36,1,a,t600,301,600.01,1,301,600.01,5.477225575051661,36,22.76933975012026,nan,22.76933975012026,3.366779354662437,0.1478646017675877,0.13782503361341816,21,200,0.5615555865986971,0.09312697868793371,0.5244215340615201,0.0992617270453499,200,0.4871951546616768,0.07648994282660762,0.43795421182607625,0.06989133089410786,0,nan,nan,nan,nan,-4.442224913334492,-3.8947186590001293,-4.436276722853692,-4.294226113212565,nan,nan
bi12,12.0,10.0,3,3,arrests; Fig 1C irregular spots,seed36,1,i,t600,301,600.01,1,301,600.01,5.477225575051661,36,22.7061587616723,nan,22.7061587616723,3.37433986835357,0.14860901413450045,0.1395150643294907,21,200,0.5495579176514507,0.09567290516745122,0.5072092919676264,0.0981225499813161,200,0.4301101177502187,0.06626051838956584,0.3706052135697395,0.06254115453958571,0,nan,nan,nan,nan,-4.1908302336506935,-3.747295883649068,-4.248398751737606,-3.6950093253232037,nan,nan
bi12,12.0,10.0,3,3,arrests; Fig 1C irregular spots,seed36,2,a,t600,301,600.01,1,301,600.01,5.477225575051661,35,22.759206436250125,nan,22.759206436250125,2.238945423809175,0.09837537306410893,0.10098706374283169,22,200,0.557152607823982,0.09636378425168986,0.5274426970839069,0.09799155721647793,200,0.48837655832606797,0.07835393354069824,0.432030246140294,0.07264505904173417,0,nan,nan,nan,nan,-4.760888525938394,-4.351963020640353,-4.977429564010165,-4.556995159261691,nan,nan
bi12,12.0,10.0,3,3,arrests; Fig 1C irregular spots,seed36,2,i,t600,301,600.01,1,301,600.01,5.477225575051661,35,22.707684614675863,nan,22.707684614675863,2.2132236184654293,0.09746584277619542,0.09917005281219914,22,200,0.5560325318064927,0.10814428488588097,0.5145505545755237,0.10350691124754134,200,0.4396144109993559,0.06983233599232531,0.3707353494082192,0.06912504664768057,0,nan,nan,nan,nan,-4.240322912248195,-4.013070207166396,-4.899572144640316,-3.9286092345101102,nan,nan
bi12,12.0,10.0,3,3,arrests; Fig 1C irregular spots,seed36,3,a,t600,301,600.01,1,301,600.01,5.477225575051661,34,23.272977239682355,nan,23.272977239682355,3.5867389346079994,0.15411603327194048,0.11088040262096159,20,200,0.5468353146826863,0.09888928613298804,0.51290627060924,0.10403182672109325,200,0.48202601529586203,0.0796227155496466,0.4208896372465181,0.08258622896452872,0,nan,nan,nan,nan,-3.9713026230426025,-3.864450723009025,-4.118296892542707,-3.753764259640761,nan,nan
bi12,12.0,10.0,3,3,arrests; Fig 1C irregular spots,seed36,3,i,t600,301,600.01,1,301,600.01,5.477225575051661,34,23.223424223682144,nan,23.223424223682144,3.631648175483562,0.1563786692481025,0.11257221101330449,20,200,0.5589725836920322,0.09689237461802148,0.5164915351635924,0.09547565253129853,200,0.4445304531345176,0.07594849501631011,0.38220063346579863,0.06621424110425922,0,nan,nan,nan,nan,-4.155062934839552,-4.230600299043531,-3.7940420521108926,-4.072060903453447,nan,nan
bi12,12.0,10.0,3,3,arrests; Fig 1C irregular spots,smallpert,1,a,t600,301,600.01,1,301,600.01,5.477225575051661,0,0.0,nan,nan,nan,nan,nan,0,0,nan,nan,nan,nan,0,nan,nan,nan,nan,0,nan,nan,nan,nan,nan,nan,nan,nan,nan,nan
bi12,12.0,10.0,3,3,arrests; Fig 1C irregular spots,smallpert,1,i,t600,301,600.01,1,301,600.01,5.477225575051661,0,0.0,nan,nan,nan,nan,nan,0,0,nan,nan,nan,nan,0,nan,nan,nan,nan,0,nan,nan,nan,nan,nan,nan,nan,nan,nan,nan
bi12,12.0,10.0,3,3,arrests; Fig 1C irregular spots,smallpert,2,a,t600,301,600.01,1,301,600.01,5.477225575051661,0,0.0,nan,nan,nan,nan,nan,0,0,nan,nan,nan,nan,0,nan,nan,nan,nan,0,nan,nan,nan,nan,nan,nan,nan,nan,nan,nan
bi12,12.0,10.0,3,3,arrests; Fig 1C irregular spots,smallpert,2,i,t600,301,600.01,1,301,600.01,5.477225575051661,0,0.0,nan,nan,nan,nan,nan,0,0,nan,nan,nan,nan,0,nan,nan,nan,nan,0,nan,nan,nan,nan,nan,nan,nan,nan,nan,nan
bi12,12.0,10.0,3,3,arrests; Fig 1C irregular spots,smallpert,3,a,t600,301,600.01,1,301,600.01,5.477225575051661,0,0.0,nan,nan,nan,nan,nan,0,0,nan,nan,nan,nan,0,nan,nan,nan,nan,0,nan,nan,nan,nan,nan,nan,nan,nan,nan,nan
bi12,12.0,10.0,3,3,arrests; Fig 1C irregular spots,smallpert,3,i,t600,301,600.01,1,301,600.01,5.477225575051661,0,0.0,nan,nan,nan,nan,nan,0,0,nan,nan,nan,nan,0,nan,nan,nan,nan,0,nan,nan,nan,nan,nan,nan,nan,nan,nan,nan
bi2.5,2.5,10.0,3,3,inside the Turing band,nucl,1,a,cov10,6,10.01,1,6,10.01,5.477225575051661,13,34.34095359033126,nan,34.34095359033126,18.176259553734848,0.5292881429726051,nan,2,200,0.5462375284577574,0.15206506436484352,0.46226110674152016,0.1811337993327648,147,0.6747398326642622,0.12194457119316313,0.3430430932827342,0.1629749254221087,0,nan,nan,nan,nan,-0.11146140341930462,nan,-1.192768880717602,nan,nan,nan
bi2.5,2.5,10.0,3,3,inside the Turing band,nucl,1,a,cov20,6,10.01,1,6,10.01,5.477225575051661,13,34.34095359033126,nan,34.34095359033126,18.176259553734848,0.5292881429726051,nan,2,200,0.5462375284577574,0.15206506436484352,0.46226110674152016,0.1811337993327648,147,0.6747398326642622,0.12194457119316313,0.3430430932827342,0.1629749254221087,0,nan,nan,nan,nan,-0.11146140341930462,nan,-1.192768880717602,nan,nan,nan
bi2.5,2.5,10.0,3,3,inside the Turing band,nucl,1,a,t600,301,600.01,1,301,600.01,5.477225575051661,7,43.22359629903944,nan,43.22359629903944,19.353677832268048,0.44775723191497013,nan,1,200,0.5003547419563926,0.20739155079284954,0.385224158153467,0.24700728111980289,191,0.537304612041873,0.14437370344413858,0.2485679227499654,0.19257380894127896,0,nan,nan,nan,nan,-0.25361452691946385,nan,-0.6202471640657935,nan,nan,nan
bi2.5,2.5,10.0,3,3,inside the Turing band,nucl,1,i,cov10,6,10.01,1,6,10.01,5.477225575051661,1,0.0,nan,nan,nan,nan,nan,0,0,nan,nan,nan,nan,0,nan,nan,nan,nan,0,nan,nan,nan,nan,nan,nan,nan,nan,nan,nan
bi2.5,2.5,10.0,3,3,inside the Turing band,nucl,1,i,cov20,6,10.01,1,6,10.01,5.477225575051661,1,0.0,nan,nan,nan,nan,nan,0,0,nan,nan,nan,nan,0,nan,nan,nan,nan,0,nan,nan,nan,nan,nan,nan,nan,nan,nan,nan
bi2.5,2.5,10.0,3,3,inside the Turing band,nucl,1,i,t600,301,600.01,1,301,600.01,5.477225575051661,1,0.0,nan,nan,nan,nan,nan,0,0,nan,nan,nan,nan,0,nan,nan,nan,nan,0,nan,nan,nan,nan,nan,nan,nan,nan,nan,nan
bi2.5,2.5,10.0,3,3,inside the Turing band,nucl,2,a,cov10,6,10.01,1,6,10.01,5.477225575051661,12,27.289112717860466,nan,27.289112717860466,15.109081233334564,0.553667002278378,nan,1,200,0.5437634072268577,0.15382530543730494,0.4667038072691536,0.19919937276538544,161,0.6648914719002114,0.1307308394096476,0.3515178822922877,0.15992227630710407,0,nan,nan,nan,nan,0.06438209255210428,nan,-0.8507898375325916,nan,nan,nan
bi2.5,2.5,10.0,3,3,inside the Turing band,nucl,2,a,cov20,6,10.01,1,6,10.01,5.477225575051661,12,27.289112717860466,nan,27.289112717860466,15.109081233334564,0.553667002278378,nan,1,200,0.5437634072268577,0.15382530543730494,0.4667038072691536,0.19919937276538544,161,0.6648914719002114,0.1307308394096476,0.3515178822922877,0.15992227630710407,0,nan,nan,nan,nan,0.06438209255210428,nan,-0.8507898375325916,nan,nan,nan
bi2.5,2.5,10.0,3,3,inside the Turing band,nucl,2,a,t600,301,600.01,1,301,600.01,5.477225575051661,4,73.0331991365855,nan,73.0331991365855,11.04894843140137,0.15128665541184644,nan,1,200,0.410654566847838,0.24809871594190033,0.436010092991287,0.35238429386626446,200,0.4073308453258994,0.2402767008375359,nan,nan,0,nan,nan,nan,nan,-1.0454222241792266,nan,-1.0656222139789506,nan,nan,nan
bi2.5,2.5,10.0,3,3,inside the Turing band,nucl,2,i,cov10,6,10.01,1,6,10.01,5.477225575051661,1,0.0,nan,nan,nan,nan,nan,0,0,nan,nan,nan,nan,0,nan,nan,nan,nan,0,nan,nan,nan,nan,nan,nan,nan,nan,nan,nan
bi2.5,2.5,10.0,3,3,inside the Turing band,nucl,2,i,cov20,6,10.01,1,6,10.01,5.477225575051661,1,0.0,nan,nan,nan,nan,nan,0,0,nan,nan,nan,nan,0,nan,nan,nan,nan,0,nan,nan,nan,nan,nan,nan,nan,nan,nan,nan
bi2.5,2.5,10.0,3,3,inside the Turing band,nucl,2,i,t600,301,600.01,1,301,600.01,5.477225575051661,1,0.0,nan,nan,nan,nan,nan,0,0,nan,nan,nan,nan,0,nan,nan,nan,nan,0,nan,nan,nan,nan,nan,nan,nan,nan,nan,nan
bi2.5,2.5,10.0,3,3,inside the Turing band,nucl,3,a,cov10,6,10.01,1,6,10.01,5.477225575051661,10,36.75522295271801,nan,36.75522295271801,24.524368730665238,0.6672349331743528,nan,1,200,0.5281078050057255,0.16107802257124232,0.4211203405413265,0.20232350381057823,171,0.6401908687894569,0.12898319037802722,0.3242499209765753,0.1706996559739324,0,nan,nan,nan,nan,0.86372508147158,nan,0.20967123162044987,nan,nan,nan
bi2.5,2.5,10.0,3,3,inside the Turing band,nucl,3,a,cov20,6,10.01,1,6,10.01,5.477225575051661,10,36.75522295271801,nan,36.75522295271801,24.524368730665238,0.6672349331743528,nan,1,200,0.5281078050057255,0.16107802257124232,0.4211203405413265,0.20232350381057823,171,0.6401908687894569,0.12898319037802722,0.3242499209765753,0.1706996559739324,0,nan,nan,nan,nan,0.86372508147158,nan,0.20967123162044987,nan,nan,nan
bi2.5,2.5,10.0,3,3,inside the Turing band,nucl,3,a,t600,301,600.01,1,301,600.01,5.477225575051661,5,81.99154102068906,nan,81.99154102068906,45.858203635331684,0.5593040826462843,nan,0,200,0.4663448838056944,0.2333738256778811,0.3445384785930591,0.3009053437891017,200,0.48653071290012206,0.20139592378987245,0.31117632580516474,0.2005192352288793,0,nan,nan,nan,nan,0.39832744126540864,nan,0.36134479971943584,nan,nan,nan
bi2.5,2.5,10.0,3,3,inside the Turing band,nucl,3,i,cov10,6,10.01,1,6,10.01,5.477225575051661,1,0.0,nan,nan,nan,nan,nan,0,0,nan,nan,nan,nan,0,nan,nan,nan,nan,0,nan,nan,nan,nan,nan,nan,nan,nan,nan,nan
bi2.5,2.5,10.0,3,3,inside the Turing band,nucl,3,i,cov20,6,10.01,1,6,10.01,5.477225575051661,1,0.0,nan,nan,nan,nan,nan,0,0,nan,nan,nan,nan,0,nan,nan,nan,nan,0,nan,nan,nan,nan,nan,nan,nan,nan,nan,nan
bi2.5,2.5,10.0,3,3,inside the Turing band,nucl,3,i,t600,301,600.01,1,301,600.01,5.477225575051661,1,0.0,nan,nan,nan,nan,nan,0,0,nan,nan,nan,nan,0,nan,nan,nan,nan,0,nan,nan,nan,nan,nan,nan,nan,nan,nan,nan
bi2.5,2.5,10.0,3,3,inside the Turing band,random,1,a,cov10,6,10.01,1,6,10.01,5.477225575051661,1,0.0,nan,nan,nan,nan,nan,0,0,nan,nan,nan,nan,0,nan,nan,nan,nan,0,nan,nan,nan,nan,nan,nan,nan,nan,nan,nan
bi2.5,2.5,10.0,3,3,inside the Turing band,random,1,a,cov20,6,10.01,1,6,10.01,5.477225575051661,1,0.0,nan,nan,nan,nan,nan,0,0,nan,nan,nan,nan,0,nan,nan,nan,nan,0,nan,nan,nan,nan,nan,nan,nan,nan,nan,nan
bi2.5,2.5,10.0,3,3,inside the Turing band,random,1,a,t600,301,600.01,1,301,600.01,5.477225575051661,1,0.0,nan,nan,nan,nan,nan,0,0,nan,nan,nan,nan,0,nan,nan,nan,nan,0,nan,nan,nan,nan,nan,nan,nan,nan,nan,nan
bi2.5,2.5,10.0,3,3,inside the Turing band,random,1,i,cov10,6,10.01,1,6,10.01,5.477225575051661,1,0.0,nan,nan,nan,nan,nan,0,0,nan,nan,nan,nan,0,nan,nan,nan,nan,0,nan,nan,nan,nan,nan,nan,nan,nan,nan,nan
bi2.5,2.5,10.0,3,3,inside the Turing band,random,1,i,cov20,6,10.01,1,6,10.01,5.477225575051661,1,0.0,nan,nan,nan,nan,nan,0,0,nan,nan,nan,nan,0,nan,nan,nan,nan,0,nan,nan,nan,nan,nan,nan,nan,nan,nan,nan
bi2.5,2.5,10.0,3,3,inside the Turing band,random,1,i,t600,301,600.01,1,301,600.01,5.477225575051661,1,0.0,nan,nan,nan,nan,nan,0,0,nan,nan,nan,nan,0,nan,nan,nan,nan,0,nan,nan,nan,nan,nan,nan,nan,nan,nan,nan
bi2.5,2.5,10.0,3,3,inside the Turing band,random,2,a,cov10,6,10.01,1,6,10.01,5.477225575051661,1,0.0,nan,nan,nan,nan,nan,0,0,nan,nan,nan,nan,0,nan,nan,nan,nan,0,nan,nan,nan,nan,nan,nan,nan,nan,nan,nan
bi2.5,2.5,10.0,3,3,inside the Turing band,random,2,a,cov20,6,10.01,1,6,10.01,5.477225575051661,1,0.0,nan,nan,nan,nan,nan,0,0,nan,nan,nan,nan,0,nan,nan,nan,nan,0,nan,nan,nan,nan,nan,nan,nan,nan,nan,nan
bi2.5,2.5,10.0,3,3,inside the Turing band,random,2,a,t600,301,600.01,1,301,600.01,5.477225575051661,2,113.17554288142864,nan,113.17554288142864,0.0,0.0,nan,0,0,nan,nan,nan,nan,0,nan,nan,nan,nan,0,nan,nan,nan,nan,nan,nan,nan,nan,nan,nan
bi2.5,2.5,10.0,3,3,inside the Turing band,random,2,i,cov10,6,10.01,1,6,10.01,5.477225575051661,1,0.0,nan,nan,nan,nan,nan,0,0,nan,nan,nan,nan,0,nan,nan,nan,nan,0,nan,nan,nan,nan,nan,nan,nan,nan,nan,nan
bi2.5,2.5,10.0,3,3,inside the Turing band,random,2,i,cov20,6,10.01,1,6,10.01,5.477225575051661,1,0.0,nan,nan,nan,nan,nan,0,0,nan,nan,nan,nan,0,nan,nan,nan,nan,0,nan,nan,nan,nan,nan,nan,nan,nan,nan,nan
bi2.5,2.5,10.0,3,3,inside the Turing band,random,2,i,t600,301,600.01,1,301,600.01,5.477225575051661,1,0.0,nan,nan,nan,nan,nan,0,0,nan,nan,nan,nan,0,nan,nan,nan,nan,0,nan,nan,nan,nan,nan,nan,nan,nan,nan,nan
bi2.5,2.5,10.0,3,3,inside the Turing band,random,3,a,cov10,6,10.01,1,6,10.01,5.477225575051661,3,129.82528434787451,nan,129.82528434787451,0.20485100664354586,0.0015778976158036789,nan,0,200,0.33889673095176326,0.2974347711120203,nan,nan,200,0.2847981855665602,0.26827770071914414,nan,nan,0,nan,nan,nan,nan,-1.134093475604162,nan,-1.0556982082057411,nan,nan,nan
bi2.5,2.5,10.0,3,3,inside the Turing band,random,3,a,cov20,6,10.01,1,6,10.01,5.477225575051661,3,129.82528434787451,nan,129.82528434787451,0.20485100664354586,0.0015778976158036789,nan,0,200,0.33889673095176326,0.2974347711120203,nan,nan,200,0.2847981855665602,0.26827770071914414,nan,nan,0,nan,nan,nan,nan,-1.134093475604162,nan,-1.0556982082057411,nan,nan,nan
bi2.5,2.5,10.0,3,3,inside the Turing band,random,3,a,t600,301,600.01,1,301,600.01,5.477225575051661,1,0.0,nan,nan,nan,nan,nan,0,0,nan,nan,nan,nan,0,nan,nan,nan,nan,0,nan,nan,nan,nan,nan,nan,nan,nan,nan,nan
bi2.5,2.5,10.0,3,3,inside the Turing band,random,3,i,cov10,6,10.01,1,6,10.01,5.477225575051661,1,0.0,nan,nan,nan,nan,nan,0,0,nan,nan,nan,nan,0,nan,nan,nan,nan,0,nan,nan,nan,nan,nan,nan,nan,nan,nan,nan
bi2.5,2.5,10.0,3,3,inside the Turing band,random,3,i,cov20,6,10.01,1,6,10.01,5.477225575051661,1,0.0,nan,nan,nan,nan,nan,0,0,nan,nan,nan,nan,0,nan,nan,nan,nan,0,nan,nan,nan,nan,nan,nan,nan,nan,nan,nan
bi2.5,2.5,10.0,3,3,inside the Turing band,random,3,i,t600,301,600.01,1,301,600.01,5.477225575051661,1,0.0,nan,nan,nan,nan,nan,0,0,nan,nan,nan,nan,0,nan,nan,nan,nan,0,nan,nan,nan,nan,nan,nan,nan,nan,nan,nan
bi2.5,2.5,10.0,3,3,inside the Turing band,seed1,0,a,cov10,61,120.01,1,61,120.01,5.477225575051661,3,3.600083194517841e-13,nan,3.600083194517841e-13,4.086427305800972e-13,1.1350924645363,1.1350924645363,3,200,0.3416993535806472,0.2802636872457883,nan,nan,200,0.23557913670100675,0.18257922137980268,nan,nan,0,nan,nan,nan,nan,2.8308808706275794,nan,4.926701521878653,nan,nan,nan
bi2.5,2.5,10.0,3,3,inside the Turing band,seed1,0,a,cov20,91,180.01,1,91,180.01,5.477225575051661,3,7.200166389035682e-13,nan,7.200166389035682e-13,3.55050241323691e-13,0.4931139395116714,0.4931139395116714,3,200,0.34888040845696133,0.29233308838967753,nan,nan,200,0.2136490231699462,0.16380354226822033,nan,nan,0,nan,nan,nan,nan,0.4933876348011894,nan,1.7060981250583398,nan,nan,nan
bi2.5,2.5,10.0,3,3,inside the Turing band,seed1,0,a,t600,301,600.01,1,301,600.01,5.477225575051661,3,0.9384515198248468,nan,0.9384515198248468,1.3271708669651177,1.414213562372217,1.414213562372217,3,200,0.3189713567849071,0.2631590154682591,nan,nan,200,0.25392652272127697,0.213372920602693,nan,nan,0,nan,nan,nan,nan,4.161902656606543,nan,5.437836424479705,nan,nan,nan
bi2.5,2.5,10.0,3,3,inside the Turing band,seed1,0,i,cov10,61,120.01,1,46,90.01,5.477225575051661,1,0.0,nan,nan,nan,nan,nan,0,0,nan,nan,nan,nan,0,nan,nan,nan,nan,0,nan,nan,nan,nan,nan,nan,nan,nan,nan,nan
bi2.5,2.5,10.0,3,3,inside the Turing band,seed1,0,i,cov20,91,180.01,1,71,140.01,5.477225575051661,1,0.0,nan,nan,nan,nan,nan,0,0,nan,nan,nan,nan,0,nan,nan,nan,nan,0,nan,nan,nan,nan,nan,nan,nan,nan,nan,nan
bi2.5,2.5,10.0,3,3,inside the Turing band,seed1,0,i,t600,301,600.01,1,301,600.01,5.477225575051661,1,0.0,nan,nan,nan,nan,nan,0,0,nan,nan,nan,nan,0,nan,nan,nan,nan,0,nan,nan,nan,nan,nan,nan,nan,nan,nan,nan
bi2.5,2.5,10.0,3,3,inside the Turing band,seed36,1,a,cov10,6,10.01,1,6,10.01,5.477225575051661,29,22.581710894689188,nan,22.581710894689188,6.027843562488595,0.26693475931029814,0.23672141582044443,20,200,0.5541816205044614,0.10075137822835666,0.5125148391273927,0.1140418729312117,200,0.2714012150381691,0.05039614857835656,0.20126591065541583,0.04554564790811744,0,nan,nan,nan,nan,-2.851046469489557,-2.4183522790203793,-0.08862692594308998,0.778460880314088,nan,nan
bi2.5,2.5,10.0,3,3,inside the Turing band,seed36,1,a,cov20,16,30.01,1,16,30.01,5.477225575051661,29,23.620221143010895,nan,23.620221143010895,4.919880463945005,0.2082910415680326,0.1837655641690712,19,200,0.5662380743204793,0.10102049083384138,0.5232146483666441,0.11211681099384667,200,0.1922985243235845,0.03693423697483623,0.14096083782526755,0.03549808022463347,0,nan,nan,nan,nan,-3.5433111619027717,-3.0276377038248348,0.43299980057376086,1.2058321484692518,nan,nan
bi2.5,2.5,10.0,3,3,inside the Turing band,seed36,1,a,t600,301,600.01,1,301,600.01,5.477225575051661,29,27.22498246184797,nan,27.22498246184797,4.5070417527122775,0.1655480130805693,0.14557086941529193,15,200,0.5654465312949135,0.10592704601051178,0.5139673435838913,0.10182383569865498,97,0.13500555186543825,0.021682640395258735,0.10813167470450705,0.02705030501219606,0,nan,nan,nan,nan,-3.775225811306584,-3.617978753607939,1.4086135571297698,1.3840581351635344,nan,nan
bi2.5,2.5,10.0,3,3,inside the Turing band,seed36,1,i,cov10,6,10.01,1,6,10.01,5.477225575051661,17,34.14632250487172,nan,34.14632250487172,6.818447872194804,0.19968322712415087,0.11230126451777626,8,200,0.542953147268361,0.13660011050537205,0.4723629355005652,0.15999552714827553,200,0.28408010508259374,0.07017096178049972,0.20916480725499212,0.07332137280274793,0,nan,nan,nan,nan,-2.512954922761284,-2.250448355653733,-1.2027322387634207,-1.3210819578869861,nan,nan
bi2.5,2.5,10.0,3,3,inside the Turing band,seed36,1,i,cov20,16,30.01,1,6,10.01,5.477225575051661,9,48.62050797867192,nan,48.62050797867192,13.585475376722009,0.2794186227482747,nan,2,200,0.5562156615078448,0.1703397421220434,0.42811476546023447,0.2542228652181073,199,0.2538210515627818,0.08480960403578593,0.1491226883916052,0.11144891734022402,0,nan,nan,nan,nan,-1.6249703992228262,nan,0.30182396765691644,nan,nan,nan
bi2.5,2.5,10.0,3,3,inside the Turing band,seed36,1,i,t600,301,600.01,1,301,600.01,5.477225575051661,1,0.0,nan,nan,nan,nan,nan,0,0,nan,nan,nan,nan,0,nan,nan,nan,nan,0,nan,nan,nan,nan,nan,nan,nan,nan,nan,nan
bi2.5,2.5,10.0,3,3,inside the Turing band,seed36,2,a,cov10,6,10.01,1,6,10.01,5.477225575051661,28,23.79141623266828,nan,23.79141623266828,7.300716529355234,0.3068634694949573,0.20728271597421924,16,200,0.5453295727642766,0.08974230732267925,0.5161875857921416,0.11064733087724545,200,0.28386073122097466,0.05540103591500975,0.20992280085076886,0.048000698764341244,0,nan,nan,nan,nan,-2.657231693540994,-2.791796850125813,0.4152041183719189,-0.05500096757989056,nan,nan
bi2.5,2.5,10.0,3,3,inside the Turing band,seed36,2,a,cov20,16,30.01,1,16,30.01,5.477225575051661,28,24.719582958308163,nan,24.719582958308163,5.950948509573568,0.2407382244114064,0.1772526123651116,16,200,0.5506155658055785,0.10594590359879123,0.5020857420803155,0.11933366600898831,200,0.2043486279806057,0.03925522851584835,0.16013330551762864,0.03951405151918417,0,nan,nan,nan,nan,-2.924863830201997,-2.7220577442977176,0.9269999897238982,0.433246052715488,nan,nan
bi2.5,2.5,10.0,3,3,inside the Turing band,seed36,2,a,t600,301,600.01,1,301,600.01,5.477225575051661,28,29.19247971517569,nan,29.19247971517569,6.202513304183041,0.21246955944474524,0.20247112621452032,14,200,0.5493528945212163,0.1061742513792801,0.504090027181443,0.11032631898743513,113,0.16697855050856678,0.028541740927539406,0.13792429513734006,0.04489983771085146,0,nan,nan,nan,nan,-3.1729287534417576,-2.733879855098524,1.5938414216452026,1.4375738169222934,nan,nan
bi2.5,2.5,10.0,3,3,inside the Turing band,seed36,2,i,cov10,6,10.01,1,6,10.01,5.477225575051661,18,32.61581632948819,nan,32.61581632948819,10.076946475822606,0.3089588920303052,0.13237823293938802,7,200,0.5502358742706612,0.14459616995388833,0.5041460078981962,0.1753348997152051,200,0.33703019236518833,0.07841635411472805,0.24368972488552074,0.07651980718070255,0,nan,nan,nan,nan,-1.668626370375503,-2.1203295839143674,-0.3579776266289181,-1.4546755415008972,nan,nan
bi2.5,2.5,10.0,3,3,inside the Turing band,seed36,2,i,cov20,16,30.01,1,16,30.01,5.477225575051661,10,49.05999522552599,nan,49.05999522552599,12.461971684107716,0.2540149387871064,nan,2,200,0.529481908061901,0.15987336503158453,0.4271100023515014,0.24639086149015862,200,0.2792850145740631,0.07711737212355226,0.17324221573192422,0.09613804357073891,0,nan,nan,nan,nan,-1.7230322838352305,nan,-0.32768331040210574,nan,nan,nan
bi2.5,2.5,10.0,3,3,inside the Turing band,seed36,2,i,t600,301,600.01,1,301,600.01,5.477225575051661,1,0.0,nan,nan,nan,nan,nan,0,0,nan,nan,nan,nan,0,nan,nan,nan,nan,0,nan,nan,nan,nan,nan,nan,nan,nan,nan,nan
bi2.5,2.5,10.0,3,3,inside the Turing band,seed36,3,a,cov10,6,10.01,1,6,10.01,5.477225575051661,30,23.70374969433793,nan,23.70374969433793,5.586729970391913,0.23568971333368427,0.19608284646717758,17,200,0.5536742446154193,0.10373535865960277,0.5106050302336428,0.1137257666572182,200,0.27180426034053395,0.051289250296822755,0.2033000755356116,0.0443658624232029,0,nan,nan,nan,nan,-3.0653437303395217,-2.765619375549863,-0.7041348196326997,-0.1626752794657608,nan,nan
bi2.5,2.5,10.0,3,3,inside the Turing band,seed36,3,a,cov20,16,30.01,1,16,30.01,5.477225575051661,30,24.402451915990888,nan,24.402451915990888,4.69626813394821,0.19245066643777517,0.15253653851969262,17,200,0.5561433989730761,0.10527657746274752,0.5242928708188308,0.1258476129558806,200,0.18511335352735134,0.034500818296698085,0.14150818730080514,0.03578549301043254,0,nan,nan,nan,nan,-3.4546405411402628,-2.954019735197264,0.21267069225213284,0.30817938474879725,nan,nan
bi2.5,2.5,10.0,3,3,inside the Turing band,seed36,3,a,t600,301,600.01,1,301,600.01,5.477225575051661,29,27.879844757025005,nan,27.879844757025005,5.456690696881148,0.1957217030595625,0.16215989428788108,14,200,0.5586487128950952,0.10250917160398655,0.52515994253671,0.10598811335569587,106,0.13649378726346614,0.021915847814934743,0.10619127931219505,0.027332633817931475,0,nan,nan,nan,nan,-3.540434520704083,-3.424912820465079,2.702515380478914,2.0476846596089113,nan,nan
bi2.5,2.5,10.0,3,3,inside the Turing band,seed36,3,i,cov10,6,10.01,1,6,10.01,5.477225575051661,23,29.866084764361847,nan,29.866084764361847,7.146191525580788,0.23927446740886799,0.09001084163752453,11,200,0.5481886111321427,0.10535769646139134,0.51494430236727,0.1236069836203642,200,0.29397460440247697,0.06002638325454608,0.2269231921501431,0.05484176983296955,0,nan,nan,nan,nan,-2.932051042293595,-3.437778742622256,-0.9112682461918323,-2.496497668284771,nan,nan
bi2.5,2.5,10.0,3,3,inside the Turing band,seed36,3,i,cov20,16,30.01,1,16,30.01,5.477225575051661,8,51.84766143787574,nan,51.84766143787574,10.512769241775914,0.20276265023780085,nan,0,200,0.5061314088709895,0.20166297491241392,0.38139859873988474,0.22857677766029139,199,0.27320463802448447,0.09313422263882397,0.19297582311518122,0.13100436491621328,0,nan,nan,nan,nan,-1.5043354327434053,nan,-0.7563491248524057,nan,nan,nan
bi2.5,2.5,10.0,3,3,inside the Turing band,seed36,3,i,t600,301,600.01,1,301,600.01,5.477225575051661,1,0.0,nan,nan,nan,nan,nan,0,0,nan,nan,nan,nan,0,nan,nan,nan,nan,0,nan,nan,nan,nan,nan,nan,nan,nan,nan,nan
bi2.5,2.5,10.0,3,3,inside the Turing band,smallpert,1,a,cov10,6,10.01,1,6,10.01,5.477225575051661,1,0.0,nan,nan,nan,nan,nan,0,0,nan,nan,nan,nan,0,nan,nan,nan,nan,0,nan,nan,nan,nan,nan,nan,nan,nan,nan,nan
bi2.5,2.5,10.0,3,3,inside the Turing band,smallpert,1,a,cov20,6,10.01,1,6,10.01,5.477225575051661,1,0.0,nan,nan,nan,nan,nan,0,0,nan,nan,nan,nan,0,nan,nan,nan,nan,0,nan,nan,nan,nan,nan,nan,nan,nan,nan,nan
bi2.5,2.5,10.0,3,3,inside the Turing band,smallpert,1,a,t600,301,600.01,1,301,600.01,5.477225575051661,2,117.7551896027011,nan,117.7551896027011,0.0,0.0,nan,0,0,nan,nan,nan,nan,0,nan,nan,nan,nan,0,nan,nan,nan,nan,nan,nan,nan,nan,nan,nan
bi2.5,2.5,10.0,3,3,inside the Turing band,smallpert,1,i,cov10,6,10.01,1,6,10.01,5.477225575051661,1,0.0,nan,nan,nan,nan,nan,0,0,nan,nan,nan,nan,0,nan,nan,nan,nan,0,nan,nan,nan,nan,nan,nan,nan,nan,nan,nan
bi2.5,2.5,10.0,3,3,inside the Turing band,smallpert,1,i,cov20,6,10.01,1,6,10.01,5.477225575051661,1,0.0,nan,nan,nan,nan,nan,0,0,nan,nan,nan,nan,0,nan,nan,nan,nan,0,nan,nan,nan,nan,nan,nan,nan,nan,nan,nan
bi2.5,2.5,10.0,3,3,inside the Turing band,smallpert,1,i,t600,301,600.01,1,301,600.01,5.477225575051661,1,0.0,nan,nan,nan,nan,nan,0,0,nan,nan,nan,nan,0,nan,nan,nan,nan,0,nan,nan,nan,nan,nan,nan,nan,nan,nan,nan
bi2.5,2.5,10.0,3,3,inside the Turing band,smallpert,2,a,cov10,6,10.01,1,6,10.01,5.477225575051661,1,0.0,nan,nan,nan,nan,nan,0,0,nan,nan,nan,nan,0,nan,nan,nan,nan,0,nan,nan,nan,nan,nan,nan,nan,nan,nan,nan
bi2.5,2.5,10.0,3,3,inside the Turing band,smallpert,2,a,cov20,6,10.01,1,6,10.01,5.477225575051661,1,0.0,nan,nan,nan,nan,nan,0,0,nan,nan,nan,nan,0,nan,nan,nan,nan,0,nan,nan,nan,nan,nan,nan,nan,nan,nan,nan
bi2.5,2.5,10.0,3,3,inside the Turing band,smallpert,2,a,t600,301,600.01,1,301,600.01,5.477225575051661,2,129.6824490084371,nan,129.6824490084371,0.0,0.0,nan,0,0,nan,nan,nan,nan,0,nan,nan,nan,nan,0,nan,nan,nan,nan,nan,nan,nan,nan,nan,nan
bi2.5,2.5,10.0,3,3,inside the Turing band,smallpert,2,i,cov10,6,10.01,1,6,10.01,5.477225575051661,1,0.0,nan,nan,nan,nan,nan,0,0,nan,nan,nan,nan,0,nan,nan,nan,nan,0,nan,nan,nan,nan,nan,nan,nan,nan,nan,nan
bi2.5,2.5,10.0,3,3,inside the Turing band,smallpert,2,i,cov20,6,10.01,1,6,10.01,5.477225575051661,1,0.0,nan,nan,nan,nan,nan,0,0,nan,nan,nan,nan,0,nan,nan,nan,nan,0,nan,nan,nan,nan,nan,nan,nan,nan,nan,nan
bi2.5,2.5,10.0,3,3,inside the Turing band,smallpert,2,i,t600,301,600.01,1,301,600.01,5.477225575051661,1,0.0,nan,nan,nan,nan,nan,0,0,nan,nan,nan,nan,0,nan,nan,nan,nan,0,nan,nan,nan,nan,nan,nan,nan,nan,nan,nan
bi2.5,2.5,10.0,3,3,inside the Turing band,smallpert,3,a,cov10,6,10.01,1,6,10.01,5.477225575051661,1,0.0,nan,nan,nan,nan,nan,0,0,nan,nan,nan,nan,0,nan,nan,nan,nan,0,nan,nan,nan,nan,nan,nan,nan,nan,nan,nan
bi2.5,2.5,10.0,3,3,inside the Turing band,smallpert,3,a,cov20,6,10.01,1,6,10.01,5.477225575051661,1,0.0,nan,nan,nan,nan,nan,0,0,nan,nan,nan,nan,0,nan,nan,nan,nan,0,nan,nan,nan,nan,nan,nan,nan,nan,nan,nan
bi2.5,2.5,10.0,3,3,inside the Turing band,smallpert,3,a,t600,301,600.01,1,301,600.01,5.477225575051661,1,0.0,nan,nan,nan,nan,nan,0,0,nan,nan,nan,nan,0,nan,nan,nan,nan,0,nan,nan,nan,nan,nan,nan,nan,nan,nan,nan
bi2.5,2.5,10.0,3,3,inside the Turing band,smallpert,3,i,cov10,6,10.01,1,6,10.01,5.477225575051661,1,0.0,nan,nan,nan,nan,nan,0,0,nan,nan,nan,nan,0,nan,nan,nan,nan,0,nan,nan,nan,nan,nan,nan,nan,nan,nan,nan
bi2.5,2.5,10.0,3,3,inside the Turing band,smallpert,3,i,cov20,6,10.01,1,6,10.01,5.477225575051661,1,0.0,nan,nan,nan,nan,nan,0,0,nan,nan,nan,nan,0,nan,nan,nan,nan,0,nan,nan,nan,nan,nan,nan,nan,nan,nan,nan
bi2.5,2.5,10.0,3,3,inside the Turing band,smallpert,3,i,t600,301,600.01,1,301,600.01,5.477225575051661,1,0.0,nan,nan,nan,nan,nan,0,0,nan,nan,nan,nan,0,nan,nan,nan,nan,0,nan,nan,nan,nan,nan,nan,nan,nan,nan,nan
bi20,20.0,10.0,3,3,"arrests, small domains",nucl,1,a,t600,301,600.01,1,301,600.01,5.477225575051661,0,0.0,nan,nan,nan,nan,nan,0,0,nan,nan,nan,nan,0,nan,nan,nan,nan,0,nan,nan,nan,nan,nan,nan,nan,nan,nan,nan
bi20,20.0,10.0,3,3,"arrests, small domains",nucl,1,i,t600,301,600.01,1,301,600.01,5.477225575051661,36,19.596899132588938,nan,19.596899132588938,8.523823992701264,0.43495779281358093,0.32318002281377217,22,200,0.5495579176514507,0.09567290516745122,0.5072092919676264,0.0981225499813161,200,0.49738809024065844,0.07702128968528403,0.4507279099639536,0.07930513916360256,0,nan,nan,nan,nan,-1.1978326009573057,-1.8755043482756613,-0.8105589724889489,-1.608318054736106,nan,nan
bi20,20.0,10.0,3,3,"arrests, small domains",nucl,2,a,t600,301,600.01,1,301,600.01,5.477225575051661,0,0.0,nan,nan,nan,nan,nan,0,0,nan,nan,nan,nan,0,nan,nan,nan,nan,0,nan,nan,nan,nan,nan,nan,nan,nan,nan,nan
bi20,20.0,10.0,3,3,"arrests, small domains",nucl,2,i,t600,301,600.01,1,301,600.01,5.477225575051661,32,19.03181933667215,nan,19.03181933667215,6.660768043537228,0.34998062590383494,0.3609844415224301,23,200,0.5558750652811311,0.10838457899806059,0.5036009690497396,0.10979655507278517,200,0.5150117855695541,0.08521518926206625,0.46336914177724564,0.08414198730422254,0,nan,nan,nan,nan,-1.8996654439279628,-1.298916231322264,-1.9366401822824226,-1.2168086770358173,nan,nan
bi20,20.0,10.0,3,3,"arrests, small domains",nucl,3,a,t600,301,600.01,1,301,600.01,5.477225575051661,0,0.0,nan,nan,nan,nan,nan,0,0,nan,nan,nan,nan,0,nan,nan,nan,nan,0,nan,nan,nan,nan,nan,nan,nan,nan,nan,nan
bi20,20.0,10.0,3,3,"arrests, small domains",nucl,3,i,t600,301,600.01,1,301,600.01,5.477225575051661,32,20.93758473520891,nan,20.93758473520891,6.41715429028602,0.3064897107971986,0.2632590752397197,21,200,0.5623047183165074,0.10039064205529909,0.522818872213459,0.10861945255085725,200,0.5056602512646111,0.09518135325049076,0.44618539840841054,0.09120681465453961,0,nan,nan,nan,nan,-2.5481957509385778,-2.3896253468245896,-2.092537389579356,-2.0056212231679567,nan,nan
bi20,20.0,10.0,3,3,"arrests, small domains",random,1,a,t600,301,600.01,1,301,600.01,5.477225575051661,0,0.0,nan,nan,nan,nan,nan,0,0,nan,nan,nan,nan,0,nan,nan,nan,nan,0,nan,nan,nan,nan,nan,nan,nan,nan,nan,nan
bi20,20.0,10.0,3,3,"arrests, small domains",random,1,i,t600,301,600.01,1,301,600.01,5.477225575051661,0,0.0,nan,nan,nan,nan,nan,0,0,nan,nan,nan,nan,0,nan,nan,nan,nan,0,nan,nan,nan,nan,nan,nan,nan,nan,nan,nan
bi20,20.0,10.0,3,3,"arrests, small domains",random,2,a,t600,301,600.01,1,301,600.01,5.477225575051661,0,0.0,nan,nan,nan,nan,nan,0,0,nan,nan,nan,nan,0,nan,nan,nan,nan,0,nan,nan,nan,nan,nan,nan,nan,nan,nan,nan
bi20,20.0,10.0,3,3,"arrests, small domains",random,2,i,t600,301,600.01,1,301,600.01,5.477225575051661,0,0.0,nan,nan,nan,nan,nan,0,0,nan,nan,nan,nan,0,nan,nan,nan,nan,0,nan,nan,nan,nan,nan,nan,nan,nan,nan,nan
bi20,20.0,10.0,3,3,"arrests, small domains",random,3,a,t600,301,600.01,1,301,600.01,5.477225575051661,0,0.0,nan,nan,nan,nan,nan,0,0,nan,nan,nan,nan,0,nan,nan,nan,nan,0,nan,nan,nan,nan,nan,nan,nan,nan,nan,nan
bi20,20.0,10.0,3,3,"arrests, small domains",random,3,i,t600,301,600.01,1,301,600.01,5.477225575051661,0,0.0,nan,nan,nan,nan,nan,0,0,nan,nan,nan,nan,0,nan,nan,nan,nan,0,nan,nan,nan,nan,nan,nan,nan,nan,nan,nan
bi20,20.0,10.0,3,3,"arrests, small domains",seed1,0,a,t600,301,600.01,1,301,600.01,5.477225575051661,1,0.0,nan,nan,nan,nan,nan,0,0,nan,nan,nan,nan,0,nan,nan,nan,nan,0,nan,nan,nan,nan,nan,nan,nan,nan,nan,nan
bi20,20.0,10.0,3,3,"arrests, small domains",seed1,0,i,t600,301,600.01,1,301,600.01,5.477225575051661,1,0.0,nan,nan,nan,nan,nan,0,0,nan,nan,nan,nan,0,nan,nan,nan,nan,0,nan,nan,nan,nan,nan,nan,nan,nan,nan,nan
bi20,20.0,10.0,3,3,"arrests, small domains",seed36,1,a,t600,301,600.01,1,301,600.01,5.477225575051661,36,20.69881640372678,nan,20.69881640372678,4.4564692652336,0.21530068088488485,0.19279361357143573,23,200,0.5615555865986971,0.09312697868793371,0.5244215340615201,0.0992617270453499,200,0.5261068666518921,0.09147839120972596,0.48217472532862443,0.09473009656473168,0,nan,nan,nan,nan,-3.718094483383856,-3.3409444945338587,-3.397591296226932,-3.054795912294322,nan,nan
bi20,20.0,10.0,3,3,"arrests, small domains",seed36,1,i,t600,301,600.01,1,301,600.01,5.477225575051661,36,20.69914920991315,nan,20.69914920991315,4.427859998378091,0.21391507223193112,0.1920460162390299,23,200,0.5495579176514507,0.09567290516745122,0.5072092919676264,0.0981225499813161,200,0.47850552055648665,0.07749761190602282,0.41829282332821793,0.07495508776755942,0,nan,nan,nan,nan,-3.508233024094561,-3.2119352359738715,-3.414175505761521,-3.0184316212235522,nan,nan
bi20,20.0,10.0,3,3,"arrests, small domains",seed36,2,a,t600,301,600.01,1,301,600.01,5.477225575051661,35,20.821843970286796,nan,20.821843970286796,3.3454645598893724,0.16067090718110363,0.12676801374596078,24,200,0.557152607823982,0.09636378425168986,0.5274426970839069,0.09799155721647793,200,0.5182409694790892,0.0877841739612983,0.467370468655923,0.09043073679134817,0,nan,nan,nan,nan,-4.114426428162254,-4.088869436504576,-4.073286176340038,-3.7664456466371385,nan,nan
bi20,20.0,10.0,3,3,"arrests, small domains",seed36,2,i,t600,301,600.01,1,301,600.01,5.477225575051661,35,20.76551102191736,nan,20.76551102191736,3.3503688523174384,0.16134295220479897,0.12669363305527867,24,200,0.5560325318064927,0.10814428488588097,0.5145505545755237,0.10350691124754134,200,0.4781506966730364,0.08234800118044192,0.41030014365017486,0.0689248712036231,0,nan,nan,nan,nan,-3.649657307533071,-3.7471596519064128,-3.8471819586008476,-4.1147194857578215,nan,nan
bi20,20.0,10.0,3,3,"arrests, small domains",seed36,3,a,t600,301,600.01,1,301,600.01,5.477225575051661,33,22.567491235349912,nan,22.567491235349912,4.5084394896646085,0.1997758387340171,0.13096339474020266,20,200,0.5583059553166415,0.09441114923144324,0.5172546841715291,0.10337949106508915,200,0.5292982726256896,0.08532810534039065,0.4705849684438098,0.08949470259681491,0,nan,nan,nan,nan,-3.7975400098531735,-3.7366336925388044,-3.861827619131381,-3.79487906936398,nan,nan
bi20,20.0,10.0,3,3,"arrests, small domains",seed36,3,i,t600,301,600.01,1,301,600.01,5.477225575051661,33,22.56277274020473,nan,22.56277274020473,4.554949538546027,0.20187897963575804,0.134660656133548,20,200,0.5611210309774826,0.10456640230826517,0.5143811219586584,0.09725304747635688,200,0.48379455316967457,0.08228782119450885,0.41818306692823043,0.07471727101330727,0,nan,nan,nan,nan,-3.4355399383701393,-3.9044582733247917,-3.4259695960054053,-3.794603402260056,nan,nan
bi20,20.0,10.0,3,3,"arrests, small domains",smallpert,1,a,t600,301,600.01,1,301,600.01,5.477225575051661,0,0.0,nan,nan,nan,nan,nan,0,0,nan,nan,nan,nan,0,nan,nan,nan,nan,0,nan,nan,nan,nan,nan,nan,nan,nan,nan,nan
bi20,20.0,10.0,3,3,"arrests, small domains",smallpert,1,i,t600,301,600.01,1,301,600.01,5.477225575051661,0,0.0,nan,nan,nan,nan,nan,0,0,nan,nan,nan,nan,0,nan,nan,nan,nan,0,nan,nan,nan,nan,nan,nan,nan,nan,nan,nan
bi20,20.0,10.0,3,3,"arrests, small domains",smallpert,2,a,t600,301,600.01,1,301,600.01,5.477225575051661,0,0.0,nan,nan,nan,nan,nan,0,0,nan,nan,nan,nan,0,nan,nan,nan,nan,0,nan,nan,nan,nan,nan,nan,nan,nan,nan,nan
bi20,20.0,10.0,3,3,"arrests, small domains",smallpert,2,i,t600,301,600.01,1,301,600.01,5.477225575051661,0,0.0,nan,nan,nan,nan,nan,0,0,nan,nan,nan,nan,0,nan,nan,nan,nan,0,nan,nan,nan,nan,nan,nan,nan,nan,nan,nan
bi20,20.0,10.0,3,3,"arrests, small domains",smallpert,3,a,t600,301,600.01,1,301,600.01,5.477225575051661,0,0.0,nan,nan,nan,nan,nan,0,0,nan,nan,nan,nan,0,nan,nan,nan,nan,0,nan,nan,nan,nan,nan,nan,nan,nan,nan,nan
bi20,20.0,10.0,3,3,"arrests, small domains",smallpert,3,i,t600,301,600.01,1,301,600.01,5.477225575051661,0,0.0,nan,nan,nan,nan,nan,0,0,nan,nan,nan,nan,0,nan,nan,nan,nan,0,nan,nan,nan,nan,nan,nan,nan,nan,nan,nan
bi3.2,3.2,10.0,3,3,"Turing band, near its edge",nucl,1,a,cov10,6,10.01,1,6,10.01,5.477225575051661,103,12.66811985967215,7.1475,12.66811985967215,3.001583447581156,0.23693993116819442,0.24766954896042828,70,200,0.543278485814524,0.053476771702650076,0.5271897169671977,0.056238297229407014,200,0.28569968575298654,0.025726158704183412,0.264788121982709,0.02563575579214994,200,0.31565134257386035,0.0327410086144652,0.2724787366664482,0.026619248112848187,-5.728441431537438,-4.970281494593481,-1.8953375490474271,-0.667761588972645,-2.404061900856979,-0.9320018206692081
bi3.2,3.2,10.0,3,3,"Turing band, near its edge",nucl,1,a,cov20,6,10.01,1,6,10.01,5.477225575051661,103,12.66811985967215,7.1475,12.66811985967215,3.001583447581156,0.23693993116819442,0.24766954896042828,70,200,0.543278485814524,0.053476771702650076,0.5271897169671977,0.056238297229407014,200,0.28569968575298654,0.025726158704183412,0.264788121982709,0.02563575579214994,200,0.31565134257386035,0.0327410086144652,0.2724787366664482,0.026619248112848187,-5.728441431537438,-4.970281494593481,-1.8953375490474271,-0.667761588972645,-2.404061900856979,-0.9320018206692081
bi3.2,3.2,10.0,3,3,"Turing band, near its edge",nucl,1,a,t600,301,600.01,1,301,600.01,5.477225575051661,116,14.203026560257005,11.339263009182952,14.203026560257005,2.4256941460008794,0.1707871301732598,0.15367863619282207,74,200,0.5404455803299514,0.05232320125831617,0.5170090588839903,0.05556733625673132,166,0.18692826151983263,0.017110462191292898,0.17626509652228003,0.019886571514542647,200,0.15079920350298007,0.014344857498183088,0.12705209803537315,0.013736015835149017,-7.064905075889993,-6.538561089423377,-0.9433486463496388,-1.135764418363464,1.3933862133389194,1.9384469614045154
bi3.2,3.2,10.0,3,3,"Turing band, near its edge",nucl,1,i,cov10,6,10.01,1,6,10.01,5.477225575051661,49,18.71400881188454,11.015,18.71400881188454,5.219530470344733,0.2789103351832351,0.24069808520158803,29,200,0.5547864383152956,0.07812076069705388,0.5214726566797513,0.0802908765234826,200,0.31264177166505475,0.0414986445301554,0.28185078687914683,0.047075271492640965,200,0.29804341105885335,0.04183021256302012,0.24605100747775446,0.03758000583214485,-3.531405745034744,-3.4969673222591533,-0.8128322470221494,-0.8741893646644606,-0.4573984855274865,-0.14244069838828224
bi3.2,3.2,10.0,3,3,"Turing band, near its edge",nucl,1,i,cov20,6,10.01,1,6,10.01,5.477225575051661,49,18.71400881188454,11.015,18.71400881188454,5.219530470344733,0.2789103351832351,0.24069808520158803,29,200,0.5547864383152956,0.07812076069705388,0.5214726566797513,0.0802908765234826,200,0.31264177166505475,0.0414986445301554,0.28185078687914683,0.047075271492640965,200,0.29804341105885335,0.04183021256302012,0.24605100747775446,0.03758000583214485,-3.531405745034744,-3.4969673222591533,-0.8128322470221494,-0.8741893646644606,-0.4573984855274865,-0.14244069838828224
bi3.2,3.2,10.0,3,3,"Turing band, near its edge",nucl,1,i,t600,301,600.01,1,301,600.01,5.477225575051661,1,0.0,nan,nan,nan,nan,nan,0,0,nan,nan,nan,nan,0,nan,nan,nan,nan,0,nan,nan,nan,nan,nan,nan,nan,nan,nan,nan
bi3.2,3.2,10.0,3,3,"Turing band, near its edge",nucl,2,a,cov10,6,10.01,1,6,10.01,5.477225575051661,115,12.513183539795534,8.311255924170617,12.513183539795534,3.2707034380762643,0.2613806013213571,0.2526314746790955,83,200,0.544733900155032,0.04937815937273472,0.523428800906265,0.048017284850243716,200,0.2707883586800449,0.024786704362214793,0.25088525493197716,0.022754347881472757,200,0.24524159113743074,0.021965386789422264,0.21508051809079554,0.02043374291755534,-5.73843380217479,-5.639580144352852,-0.3795485362317525,0.0767422453156824,0.73474737042638,1.8376935023508911
bi3.2,3.2,10.0,3,3,"Turing band, near its edge",nucl,2,a,cov20,6,10.01,1,6,10.01,5.477225575051661,115,12.513183539795534,8.311255924170617,12.513183539795534,3.2707034380762643,0.2613806013213571,0.2526314746790955,83,200,0.544733900155032,0.04937815937273472,0.523428800906265,0.048017284850243716,200,0.2707883586800449,0.024786704362214793,0.25088525493197716,0.022754347881472757,200,0.24524159113743074,0.021965386789422264,0.21508051809079554,0.02043374291755534,-5.73843380217479,-5.639580144352852,-0.3795485362317525,0.0767422453156824,0.73474737042638,1.8376935023508911
bi3.2,3.2,10.0,3,3,"Turing band, near its edge",nucl,2,a,t600,301,600.01,1,301,600.01,5.477225575051661,118,13.917576442800254,10.961275125628141,13.917576442800254,2.567106209107182,0.18445066349430256,0.17595905411224705,75,200,0.5499171933675183,0.04813334960700467,0.5267846719349676,0.04770881753403601,169,0.1910215232026613,0.015154924639881377,0.18129371744684694,0.016837111508989817,200,0.15695124906815575,0.015134018108590448,0.13316232019068816,0.013049843653733248,-7.59279237487413,-7.353475436116973,-0.4335791740637898,-0.3168395797433285,1.8170597014508298,3.279482502406515
bi3.2,3.2,10.0,3,3,"Turing band, near its edge",nucl,2,i,cov10,6,10.01,1,6,10.01,5.477225575051661,52,19.637056856344152,9.5325,19.637056856344152,5.0108738916977025,0.2551743842447977,0.26208981903872636,28,200,0.5488765448014437,0.07215573204394217,0.5157246401108087,0.07435204247985437,200,0.3140467660991959,0.0380217046368777,0.2884766438447474,0.04370697877275408,200,0.3362059409612826,0.0457514898293187,0.2793006943674323,0.040561607781383735,-4.070392638768935,-3.411269046721944,-1.5483888062529731,-0.6037210886438573,-1.771123891676153,-0.42431442613093645
bi3.2,3.2,10.0,3,3,"Turing band, near its edge",nucl,2,i,cov20,6,10.01,1,6,10.01,5.477225575051661,52,19.637056856344152,9.5325,19.637056856344152,5.0108738916977025,0.2551743842447977,0.26208981903872636,28,200,0.5488765448014437,0.07215573204394217,0.5157246401108087,0.07435204247985437,200,0.3140467660991959,0.0380217046368777,0.2884766438447474,0.04370697877275408,200,0.3362059409612826,0.0457514898293187,0.2793006943674323,0.040561607781383735,-4.070392638768935,-3.411269046721944,-1.5483888062529731,-0.6037210886438573,-1.771123891676153,-0.42431442613093645
bi3.2,3.2,10.0,3,3,"Turing band, near its edge",nucl,2,i,t600,301,600.01,1,301,600.01,5.477225575051661,1,0.0,nan,nan,nan,nan,nan,0,0,nan,nan,nan,nan,0,nan,nan,nan,nan,0,nan,nan,nan,nan,nan,nan,nan,nan,nan,nan
bi3.2,3.2,10.0,3,3,"Turing band, near its edge",nucl,3,a,cov10,6,10.01,1,6,10.01,5.477225575051661,104,12.645793859723007,6.527843137254902,12.645793859723007,3.3216426181173366,0.26266778147450315,0.26174990425251987,68,200,0.5394278166140035,0.05254722595223809,0.5196518142132449,0.053722434960518574,200,0.28894717094316674,0.02774082066883953,0.2649901229482252,0.02695931870468287,200,0.3363679514627825,0.03399580220939912,0.29728159038118007,0.028840309594133563,-5.266881935709731,-4.800637017854106,-0.9473183862286555,-0.12018919065423242,-2.1679197194500324,-1.2320147262180479
bi3.2,3.2,10.0,3,3,"Turing band, near its edge",nucl,3,a,cov20,6,10.01,1,6,10.01,5.477225575051661,104,12.645793859723007,6.527843137254902,12.645793859723007,3.3216426181173366,0.26266778147450315,0.26174990425251987,68,200,0.5394278166140035,0.05254722595223809,0.5196518142132449,0.053722434960518574,200,0.28894717094316674,0.02774082066883953,0.2649901229482252,0.02695931870468287,200,0.3363679514627825,0.03399580220939912,0.29728159038118007,0.028840309594133563,-5.266881935709731,-4.800637017854106,-0.9473183862286555,-0.12018919065423242,-2.1679197194500324,-1.2320147262180479
bi3.2,3.2,10.0,3,3,"Turing band, near its edge",nucl,3,a,t600,301,600.01,1,301,600.01,5.477225575051661,124,13.67366839491672,10.367056603773586,13.67366839491672,2.3438252195196463,0.171411588450615,0.15906878569497962,80,200,0.5483695828690736,0.04393835249936788,0.5254286578222925,0.04403167664042044,150,0.1982786279207789,0.014486933604245595,0.18877094471776085,0.01642829272827643,200,0.16791242091483638,0.016331986196693654,0.14221795373511362,0.014864331310694928,-8.579247353980367,-8.320370698557499,-1.8545704842804114,-1.8079881771072766,0.21425241814660645,1.1336421133012409
bi3.2,3.2,10.0,3,3,"Turing band, near its edge",nucl,3,i,cov10,6,10.01,1,6,10.01,5.477225575051661,44,19.11071560018671,nan,19.11071560018671,5.28083877935789,0.2763286781006933,0.2966082144055222,26,200,0.5498921054213021,0.08046089695027037,0.5198246533256746,0.0845834894459463,200,0.3177410876201877,0.04554816140149999,0.2850364354610423,0.04691008928430598,0,nan,nan,nan,nan,-3.399954980488066,-2.639007215028655,-0.9092004648541234,0.24667995991965244,nan,nan
bi3.2,3.2,10.0,3,3,"Turing band, near its edge",nucl,3,i,cov20,6,10.01,1,6,10.01,5.477225575051661,44,19.11071560018671,nan,19.11071560018671,5.28083877935789,0.2763286781006933,0.2966082144055222,26,200,0.5498921054213021,0.08046089695027037,0.5198246533256746,0.0845834894459463,200,0.3177410876201877,0.04554816140149999,0.2850364354610423,0.04691008928430598,0,nan,nan,nan,nan,-3.399954980488066,-2.639007215028655,-0.9092004648541234,0.24667995991965244,nan,nan
bi3.2,3.2,10.0,3,3,"Turing band, near its edge",nucl,3,i,t600,301,600.01,1,301,600.01,5.477225575051661,1,0.0,nan,nan,nan,nan,nan,0,0,nan,nan,nan,nan,0,nan,nan,nan,nan,0,nan,nan,nan,nan,nan,nan,nan,nan,nan,nan
bi3.2,3.2,10.0,3,3,"Turing band, near its edge",random,1,a,cov10,6,10.01,1,6,10.01,5.477225575051661,37,20.92494758794541,nan,20.92494758794541,10.469075982856804,0.5003155175828446,0.3894485202858797,16,200,0.5643870198186772,0.09868079174375598,0.5104963025503372,0.09364745455598786,97,0.485983217466262,0.06287458069573129,0.37252131355618,0.08101127867595671,0,nan,nan,nan,nan,-0.6492803827740539,-1.2925902026743092,0.2279506273917101,0.20894876622560307,nan,nan
bi3.2,3.2,10.0,3,3,"Turing band, near its edge",random,1,a,cov20,6,10.01,1,6,10.01,5.477225575051661,37,20.92494758794541,nan,20.92494758794541,10.469075982856804,0.5003155175828446,0.3894485202858797,16,200,0.5643870198186772,0.09868079174375598,0.5104963025503372,0.09364745455598786,97,0.485983217466262,0.06287458069573129,0.37252131355618,0.08101127867595671,0,nan,nan,nan,nan,-0.6492803827740539,-1.2925902026743092,0.2279506273917101,0.20894876622560307,nan,nan
bi3.2,3.2,10.0,3,3,"Turing band, near its edge",random,1,a,t600,301,600.01,1,301,600.01,5.477225575051661,82,14.280587410682944,10.325732860520095,14.280587410682944,4.167563840676678,0.2918342026714552,0.25603412575282225,48,200,0.5437741007722018,0.06232059884258117,0.521685608579824,0.059842801023886415,86,0.29887172485828495,0.025493077719606797,0.2780041760123371,0.026168236940025336,200,0.23929241431585482,0.026862662921122413,0.19897822669343362,0.021722861291862045,-4.042642445351571,-4.439155224718948,-0.2760562009904814,-0.8395693722075264,1.9559411704595449,2.6265370060049715
bi3.2,3.2,10.0,3,3,"Turing band, near its edge",random,1,i,cov10,6,10.01,1,6,10.01,5.477225575051661,1,0.0,nan,nan,nan,nan,nan,0,0,nan,nan,nan,nan,0,nan,nan,nan,nan,0,nan,nan,nan,nan,nan,nan,nan,nan,nan,nan
bi3.2,3.2,10.0,3,3,"Turing band, near its edge",random,1,i,cov20,6,10.01,1,6,10.01,5.477225575051661,1,0.0,nan,nan,nan,nan,nan,0,0,nan,nan,nan,nan,0,nan,nan,nan,nan,0,nan,nan,nan,nan,nan,nan,nan,nan,nan,nan
bi3.2,3.2,10.0,3,3,"Turing band, near its edge",random,1,i,t600,301,600.01,1,301,600.01,5.477225575051661,1,0.0,nan,nan,nan,nan,nan,0,0,nan,nan,nan,nan,0,nan,nan,nan,nan,0,nan,nan,nan,nan,nan,nan,nan,nan,nan,nan
bi3.2,3.2,10.0,3,3,"Turing band, near its edge",random,2,a,cov10,6,10.01,1,6,10.01,5.477225575051661,37,16.687604523896958,nan,16.687604523896958,8.291781468836387,0.4968826686276273,0.6369504242488774,19,200,0.5572196696339097,0.09072089355277545,0.5206452031629244,0.08945455595762095,91,0.5345876434971246,0.0467169380815173,0.3599399440209848,0.09822142620832391,0,nan,nan,nan,nan,-0.6650838483108885,1.3001598391595899,-0.8070943092140406,2.820265301792339,nan,nan
bi3.2,3.2,10.0,3,3,"Turing band, near its edge",random,2,a,cov20,6,10.01,1,6,10.01,5.477225575051661,37,16.687604523896958,nan,16.687604523896958,8.291781468836387,0.4968826686276273,0.6369504242488774,19,200,0.5572196696339097,0.09072089355277545,0.5206452031629244,0.08945455595762095,91,0.5345876434971246,0.0467169380815173,0.3599399440209848,0.09822142620832391,0,nan,nan,nan,nan,-0.6650838483108885,1.3001598391595899,-0.8070943092140406,2.820265301792339,nan,nan
bi3.2,3.2,10.0,3,3,"Turing band, near its edge",random,2,a,t600,301,600.01,1,301,600.01,5.477225575051661,88,13.434102936705921,7.884365671641791,13.434102936705921,4.1402104325001075,0.3081865943715404,0.3304276469606312,51,200,0.5502599141445543,0.05422743602202725,0.5252287114973254,0.05518965087282672,73,0.2949351470833608,0.022333023902540574,0.26667652849552187,0.03291387128971889,200,0.30372054851483155,0.030730687394147166,0.2661871753307955,0.027535629025865094,-4.464037718373471,-3.5296665489979904,0.5933566070590243,1.9369073271251105,0.14532853754385683,2.3329945202810722
bi3.2,3.2,10.0,3,3,"Turing band, near its edge",random,2,i,cov10,6,10.01,1,6,10.01,5.477225575051661,1,0.0,nan,nan,nan,nan,nan,0,0,nan,nan,nan,nan,0,nan,nan,nan,nan,0,nan,nan,nan,nan,nan,nan,nan,nan,nan,nan
bi3.2,3.2,10.0,3,3,"Turing band, near its edge",random,2,i,cov20,6,10.01,1,6,10.01,5.477225575051661,1,0.0,nan,nan,nan,nan,nan,0,0,nan,nan,nan,nan,0,nan,nan,nan,nan,0,nan,nan,nan,nan,nan,nan,nan,nan,nan,nan
bi3.2,3.2,10.0,3,3,"Turing band, near its edge",random,2,i,t600,301,600.01,1,301,600.01,5.477225575051661,1,0.0,nan,nan,nan,nan,nan,0,0,nan,nan,nan,nan,0,nan,nan,nan,nan,0,nan,nan,nan,nan,nan,nan,nan,nan,nan,nan
bi3.2,3.2,10.0,3,3,"Turing band, near its edge",random,3,a,cov10,6,10.01,1,6,10.01,5.477225575051661,46,17.387470123435996,6.915,17.387470123435996,6.786405203992794,0.3903043488106773,0.3721180800121742,21,200,0.553028825211138,0.08472344427383295,0.5201951797592501,0.0851090666350693,105,0.4692486051294088,0.04415556872450551,0.3309678951550364,0.06777816548987108,200,0.4185972057086786,0.06303148534515646,0.3600657571132,0.053826854907228217,-1.9206546404619977,-1.739851059370689,-1.7878663688215366,0.6071304019476216,-0.44886863673085525,0.2239091048463946
bi3.2,3.2,10.0,3,3,"Turing band, near its edge",random,3,a,cov20,6,10.01,1,6,10.01,5.477225575051661,46,17.387470123435996,6.915,17.387470123435996,6.786405203992794,0.3903043488106773,0.3721180800121742,21,200,0.553028825211138,0.08472344427383295,0.5201951797592501,0.0851090666350693,105,0.4692486051294088,0.04415556872450551,0.3309678951550364,0.06777816548987108,200,0.4185972057086786,0.06303148534515646,0.3600657571132,0.053826854907228217,-1.9206546404619977,-1.739851059370689,-1.7878663688215366,0.6071304019476216,-0.44886863673085525,0.2239091048463946
bi3.2,3.2,10.0,3,3,"Turing band, near its edge",random,3,a,t600,301,600.01,1,301,600.01,5.477225575051661,84,13.199176516998008,4.05,13.199176516998008,3.707237967347616,0.28086888318929626,0.32519282025039314,49,200,0.5548350391800461,0.06318983427578512,0.5322355322308688,0.05947254075850012,101,0.2768707556754044,0.021844461879778218,0.25081533790114524,0.03228725373236731,200,0.45586594221539023,0.04548512485353167,0.4173906802495084,0.042216392507042864,-4.335604913838743,-3.481316071919865,0.18302705444957512,2.3036174883677396,-3.8473470082715715,-2.1839350670177247
bi3.2,3.2,10.0,3,3,"Turing band, near its edge",random,3,i,cov10,6,10.01,1,6,10.01,5.477225575051661,1,0.0,nan,nan,nan,nan,nan,0,0,nan,nan,nan,nan,0,nan,nan,nan,nan,0,nan,nan,nan,nan,nan,nan,nan,nan,nan,nan
bi3.2,3.2,10.0,3,3,"Turing band, near its edge",random,3,i,cov20,6,10.01,1,6,10.01,5.477225575051661,1,0.0,nan,nan,nan,nan,nan,0,0,nan,nan,nan,nan,0,nan,nan,nan,nan,0,nan,nan,nan,nan,nan,nan,nan,nan,nan,nan
bi3.2,3.2,10.0,3,3,"Turing band, near its edge",random,3,i,t600,301,600.01,1,301,600.01,5.477225575051661,1,0.0,nan,nan,nan,nan,nan,0,0,nan,nan,nan,nan,0,nan,nan,nan,nan,0,nan,nan,nan,nan,nan,nan,nan,nan,nan,nan
bi3.2,3.2,10.0,3,3,"Turing band, near its edge",seed1,0,a,cov10,96,190.01,1,96,190.01,5.477225575051661,1,0.0,nan,nan,nan,nan,nan,0,0,nan,nan,nan,nan,0,nan,nan,nan,nan,0,nan,nan,nan,nan,nan,nan,nan,nan,nan,nan
bi3.2,3.2,10.0,3,3,"Turing band, near its edge",seed1,0,a,cov20,136,270.01,1,136,270.01,5.477225575051661,1,0.0,nan,nan,nan,nan,nan,0,0,nan,nan,nan,nan,0,nan,nan,nan,nan,0,nan,nan,nan,nan,nan,nan,nan,nan,nan,nan
bi3.2,3.2,10.0,3,3,"Turing band, near its edge",seed1,0,a,t600,301,600.01,1,301,600.01,5.477225575051661,12,35.468313488296566,nan,35.468313488296566,3.0799323298517076,0.08683616521174566,0.020173887549164105,4,200,0.5309086977399889,0.1510095132562569,0.42536239715750696,0.20050508500201028,200,0.1559884209601769,0.04582053805626826,0.07048861167554123,0.04666769440316187,0,nan,nan,nan,nan,-2.9406924302488853,-2.0208390705117547,-1.5091978113288698,-1.0781489158583364,nan,nan
bi3.2,3.2,10.0,3,3,"Turing band, near its edge",seed1,0,i,cov10,96,190.01,1,66,130.01,5.477225575051661,1,0.0,nan,nan,nan,nan,nan,0,0,nan,nan,nan,nan,0,nan,nan,nan,nan,0,nan,nan,nan,nan,nan,nan,nan,nan,nan,nan
bi3.2,3.2,10.0,3,3,"Turing band, near its edge",seed1,0,i,cov20,136,270.01,1,96,190.01,5.477225575051661,1,0.0,nan,nan,nan,nan,nan,0,0,nan,nan,nan,nan,0,nan,nan,nan,nan,0,nan,nan,nan,nan,nan,nan,nan,nan,nan,nan
bi3.2,3.2,10.0,3,3,"Turing band, near its edge",seed1,0,i,t600,301,600.01,1,301,600.01,5.477225575051661,1,0.0,nan,nan,nan,nan,nan,0,0,nan,nan,nan,nan,0,nan,nan,nan,nan,0,nan,nan,nan,nan,nan,nan,nan,nan,nan,nan
bi3.2,3.2,10.0,3,3,"Turing band, near its edge",seed36,1,a,cov10,6,10.01,1,6,10.01,5.477225575051661,33,20.133765045986628,nan,20.133765045986628,7.005920222970619,0.3479687086329214,0.3025159545026714,25,200,0.5589902985086096,0.10396722373811064,0.5154698615957121,0.10472316710636533,200,0.30388403956638443,0.057418343791280455,0.23956713917124056,0.047824381136692656,0,nan,nan,nan,nan,-2.029693419603502,-2.0334937624331726,0.7677802276357483,1.3162494492403192,nan,nan
bi3.2,3.2,10.0,3,3,"Turing band, near its edge",seed36,1,a,cov20,21,40.01,1,21,40.01,5.477225575051661,34,21.651326734987066,nan,21.651326734987066,5.445668801435443,0.2515166330493555,0.2225143984020883,21,200,0.5689420103110205,0.0864499665334871,0.5322378714220064,0.0962261665930326,200,0.2288926819989057,0.04042242588153811,0.17772733377416755,0.03721900626699744,0,nan,nan,nan,nan,-3.6717813781767945,-3.2187032278842134,0.5596881077041621,1.203338539095656,nan,nan
bi3.2,3.2,10.0,3,3,"Turing band, near its edge",seed36,1,a,t600,301,600.01,1,301,600.01,5.477225575051661,35,24.541937985091643,nan,24.541937985091643,5.774855586797092,0.23530560586963883,0.20641977648558055,19,200,0.5582157774794522,0.09766172906421779,0.5249663501022842,0.10616078994434079,200,0.1686834068218216,0.027880664743006524,0.1474141705155028,0.030643332372686564,0,nan,nan,nan,nan,-3.3064146488486057,-3.0006047786919727,2.3895484437661585,1.925561007936312,nan,nan
bi3.2,3.2,10.0,3,3,"Turing band, near its edge",seed36,1,i,cov10,6,10.01,1,6,10.01,5.477225575051661,19,32.075399864855235,nan,32.075399864855235,7.407349984253784,0.23093554610273026,0.12313149114098701,10,200,0.5612747278931008,0.15336612855365583,0.49888545732188855,0.16760038895907042,200,0.2956531800898869,0.06638182905077035,0.22280010898160846,0.07131229197023628,0,nan,nan,nan,nan,-2.1539252826271866,-2.241963568907135,-0.9749299606923921,-1.3976358785694378,nan,nan
bi3.2,3.2,10.0,3,3,"Turing band, near its edge",seed36,1,i,cov20,21,40.01,1,16,30.01,5.477225575051661,9,48.48518387828085,nan,48.48518387828085,13.616761467719675,0.28084376253792787,nan,2,200,0.5419320547992824,0.17750117585183942,0.4170582985688425,0.22153749153132396,200,0.24961857530917378,0.08333800441660545,0.14714510183961677,0.09862357990254365,0,nan,nan,nan,nan,-1.4709102123316944,nan,0.374681244737513,nan,nan,nan
bi3.2,3.2,10.0,3,3,"Turing band, near its edge",seed36,1,i,t600,301,600.01,1,301,600.01,5.477225575051661,1,0.0,nan,nan,nan,nan,nan,0,0,nan,nan,nan,nan,0,nan,nan,nan,nan,0,nan,nan,nan,nan,nan,nan,nan,nan,nan,nan
bi3.2,3.2,10.0,3,3,"Turing band, near its edge",seed36,2,a,cov10,6,10.01,1,6,10.01,5.477225575051661,32,20.803391465028785,nan,20.803391465028785,6.715417994428746,0.32280400076677856,0.23688823414996207,21,200,0.5541068272836297,0.0971463022725582,0.5191607960510151,0.10867139289141312,200,0.3172572473850226,0.052804574792107956,0.24657986043679203,0.05090631347894881,0,nan,nan,nan,nan,-2.3809740680391225,-2.5974872907270643,0.10504304605412673,-0.19038161721998817,nan,nan
bi3.2,3.2,10.0,3,3,"Turing band, near its edge",seed36,2,a,cov20,21,40.01,1,21,40.01,5.477225575051661,33,21.849063453728206,nan,21.849063453728206,3.888511777022274,0.17797155403284617,0.15276640044300743,21,200,0.5552126509529656,0.10060386883510976,0.5156102017701012,0.10388161791812961,200,0.2343165454118168,0.04429480856580941,0.1829102133994924,0.04022423271282084,0,nan,nan,nan,nan,-3.7497672931288504,-3.4928585884468557,-1.272045036502598,-0.7493943556784639,nan,nan
bi3.2,3.2,10.0,3,3,"Turing band, near its edge",seed36,2,a,t600,301,600.01,1,301,600.01,5.477225575051661,35,24.729877339651143,nan,24.729877339651143,5.6579568673080045,0.22879033282693265,0.21412216409806,18,200,0.557152607823982,0.09636378425168986,0.5274426970839069,0.09799155721647793,199,0.17894445512361354,0.02614037751748787,0.16060933249234083,0.03636337420902233,0,nan,nan,nan,nan,-3.40752781293239,-3.1974237565556307,1.9068537808978578,1.4716134783895218,nan,nan
bi3.2,3.2,10.0,3,3,"Turing band, near its edge",seed36,2,i,cov10,6,10.01,1,6,10.01,5.477225575051661,19,32.99787819081407,nan,32.99787819081407,8.740686056380412,0.26488630589628753,0.14015564933773572,7,200,0.5673032266883851,0.13444558665634468,0.4837885939010596,0.14260848690999006,200,0.3275881124832998,0.07284836888699066,0.23993338326656466,0.07405476435358949,0,nan,nan,nan,nan,-2.249362945360959,-2.409624784675081,-0.8607166851502368,-1.3473506370558403,nan,nan
bi3.2,3.2,10.0,3,3,"Turing band, near its edge",seed36,2,i,cov20,21,40.01,1,16,30.01,5.477225575051661,10,48.72205182043649,nan,48.72205182043649,12.49500973032331,0.25645491647956975,nan,2,200,0.5397062951253357,0.15771731013985038,0.4373078274443545,0.239388101785122,199,0.28707555705533855,0.08378039606667173,0.1634298670447379,0.10306142111072358,0,nan,nan,nan,nan,-1.7959435042012992,nan,-0.3654869398254116,nan,nan,nan
bi3.2,3.2,10.0,3,3,"Turing band, near its edge",seed36,2,i,t600,301,600.01,1,301,600.01,5.477225575051661,1,0.0,nan,nan,nan,nan,nan,0,0,nan,nan,nan,nan,0,nan,nan,nan,nan,0,nan,nan,nan,nan,nan,nan,nan,nan,nan,nan
bi3.2,3.2,10.0,3,3,"Turing band, near its edge",seed36,3,a,cov10,6,10.01,1,6,10.01,5.477225575051661,32,22.114287223573438,nan,22.114287223573438,6.440415148011117,0.29123322325061185,0.22746079193623758,20,200,0.5518230496361026,0.09026802384555294,0.5079460117893251,0.10282947520246659,200,0.30873758696470294,0.05525339896282104,0.23508888133801537,0.04662356040205087,0,nan,nan,nan,nan,-2.886845366542593,-2.727673357282285,-0.3168015731642037,-0.16361018626630322,nan,nan
bi3.2,3.2,10.0,3,3,"Turing band, near its edge",seed36,3,a,cov20,21,40.01,1,21,40.01,5.477225575051661,34,22.19422485989901,nan,22.19422485989901,5.269163919512701,0.23741148667161327,0.17980085379521005,20,200,0.5523586853774549,0.10077491534012896,0.5168949355121969,0.1045469663618193,200,0.22770214571539413,0.04457187187585023,0.17482555897475527,0.0356310001948036,0,nan,nan,nan,nan,-3.125253915052692,-3.2243315463632056,0.21783561128559695,0.1396338804202407,nan,nan
bi3.2,3.2,10.0,3,3,"Turing band, near its edge",seed36,3,a,t600,301,600.01,1,301,600.01,5.477225575051661,34,24.96951628404306,nan,24.96951628404306,5.454972241988151,0.2184652750151267,0.16429653240757447,19,200,0.5468353146826863,0.09888928613298804,0.51290627060924,0.10403182672109325,197,0.17709185869997826,0.026095480671124823,0.15177761657726616,0.031834356893938515,0,nan,nan,nan,nan,-3.3205825677208534,-3.3509912224869374,1.5854628943826643,0.3932517271203931,nan,nan
bi3.2,3.2,10.0,3,3,"Turing band, near its edge",seed36,3,i,cov10,6,10.01,1,6,10.01,5.477225575051661,26,27.692148664351045,nan,27.692148664351045,6.776665327244911,0.24471431991005885,0.15200624751410227,12,200,0.5642799735638543,0.09309978342620985,0.5130274217110872,0.11514609599465836,200,0.3013935742650752,0.0612282490486342,0.22084668117474082,0.0527725101358696,0,nan,nan,nan,nan,-3.432506949998231,-3.135331433327385,-0.9257043151764057,-1.3044752558367987,nan,nan
bi3.2,3.2,10.0,3,3,"Turing band, near its edge",seed36,3,i,cov20,21,40.01,1,16,30.01,5.477225575051661,7,58.10190908637537,nan,58.10190908637537,15.043656364577183,0.2589184520978993,nan,0,200,0.49419970542801506,0.21818521902262764,0.38927183297006196,0.265720371836135,200,0.23471271071257033,0.10290471482198882,nan,nan,0,nan,nan,nan,nan,-1.0783556025658874,nan,0.23522480410350138,nan,nan,nan
bi3.2,3.2,10.0,3,3,"Turing band, near its edge",seed36,3,i,t600,301,600.01,1,301,600.01,5.477225575051661,1,0.0,nan,nan,nan,nan,nan,0,0,nan,nan,nan,nan,0,nan,nan,nan,nan,0,nan,nan,nan,nan,nan,nan,nan,nan,nan,nan
bi3.2,3.2,10.0,3,3,"Turing band, near its edge",smallpert,1,a,cov10,6,10.01,1,6,10.01,5.477225575051661,76,13.476278934635777,6.354375,13.476278934635777,4.581015191272373,0.339931758127874,0.36029998849335154,47,200,0.5424672165492778,0.06285009018808564,0.521584213914122,0.0625282921910492,57,0.3771107514636164,0.032390296716804344,0.31648952440104544,0.04171393019692787,200,0.3882169254644006,0.045016096693391065,0.34068532668847346,0.03985712739250211,-3.2225165917072616,-2.579379985750802,-1.1478435551488362,1.0502598025523049,-1.072620037792292,0.49212432225027786
bi3.2,3.2,10.0,3,3,"Turing band, near its edge",smallpert,1,a,cov20,6,10.01,1,6,10.01,5.477225575051661,76,13.476278934635777,6.354375,13.476278934635777,4.581015191272373,0.339931758127874,0.36029998849335154,47,200,0.5424672165492778,0.06285009018808564,0.521584213914122,0.0625282921910492,57,0.3771107514636164,0.032390296716804344,0.31648952440104544,0.04171393019692787,200,0.3882169254644006,0.045016096693391065,0.34068532668847346,0.03985712739250211,-3.2225165917072616,-2.579379985750802,-1.1478435551488362,1.0502598025523049,-1.072620037792292,0.49212432225027786
bi3.2,3.2,10.0,3,3,"Turing band, near its edge",smallpert,1,a,t600,301,600.01,1,301,600.01,5.477225575051661,109,12.873627334696625,9.078104838709677,12.873627334696625,3.161901752090665,0.24561078784444845,0.2587216604519351,70,200,0.5484919443016809,0.04793801714243786,0.5286303676012338,0.04947562372427993,111,0.25052396668283466,0.016884401600071975,0.23520967193289039,0.01821599735050073,200,0.232052913051995,0.024222768123947108,0.197850756443595,0.019482516892933767,-6.318182822566149,-5.455387660263943,-0.2909892192072278,1.2907329786364086,0.5597161613849525,3.124386050470602
bi3.2,3.2,10.0,3,3,"Turing band, near its edge",smallpert,1,i,cov10,6,10.01,1,6,10.01,5.477225575051661,1,0.0,nan,nan,nan,nan,nan,0,0,nan,nan,nan,nan,0,nan,nan,nan,nan,0,nan,nan,nan,nan,nan,nan,nan,nan,nan,nan
bi3.2,3.2,10.0,3,3,"Turing band, near its edge",smallpert,1,i,cov20,6,10.01,1,6,10.01,5.477225575051661,1,0.0,nan,nan,nan,nan,nan,0,0,nan,nan,nan,nan,0,nan,nan,nan,nan,0,nan,nan,nan,nan,nan,nan,nan,nan,nan,nan
bi3.2,3.2,10.0,3,3,"Turing band, near its edge",smallpert,1,i,t600,301,600.01,1,301,600.01,5.477225575051661,1,0.0,nan,nan,nan,nan,nan,0,0,nan,nan,nan,nan,0,nan,nan,nan,nan,0,nan,nan,nan,nan,nan,nan,nan,nan,nan,nan
bi3.2,3.2,10.0,3,3,"Turing band, near its edge",smallpert,2,a,cov10,6,10.01,1,6,10.01,5.477225575051661,69,14.572325907075617,5.545,14.572325907075617,5.081768502653481,0.348727343531757,0.2684479898601325,35,200,0.5585823677690235,0.05797750008950499,0.5348727756340748,0.06816286491429124,41,0.3702099336552695,0.029750855055417736,0.3233810355158902,0.044523495902296005,200,0.4218263413831873,0.049240943406379634,0.3747197729489243,0.046672530408872405,-3.619594220400927,-3.9086500561405066,-0.7220831160481368,-1.2337990210001653,-1.484516599289193,-2.276966390247176
bi3.2,3.2,10.0,3,3,"Turing band, near its edge",smallpert,2,a,cov20,6,10.01,1,6,10.01,5.477225575051661,69,14.572325907075617,5.545,14.572325907075617,5.081768502653481,0.348727343531757,0.2684479898601325,35,200,0.5585823677690235,0.05797750008950499,0.5348727756340748,0.06816286491429124,41,0.3702099336552695,0.029750855055417736,0.3233810355158902,0.044523495902296005,200,0.4218263413831873,0.049240943406379634,0.3747197729489243,0.046672530408872405,-3.619594220400927,-3.9086500561405066,-0.7220831160481368,-1.2337990210001653,-1.484516599289193,-2.276966390247176
bi3.2,3.2,10.0,3,3,"Turing band, near its edge",smallpert,2,a,t600,301,600.01,1,301,600.01,5.477225575051661,131,12.136822326765826,9.852315405651778,12.136822326765826,2.3013933354176817,0.18962074861574976,0.19287180591828082,88,200,0.5499643512509409,0.05187336297015056,0.5323096690960029,0.049540065015500866,69,0.24463043798249662,0.016796645453032798,0.22482084999200788,0.020414510098976477,200,0.17300052542862962,0.01571546433278603,0.15011049358636325,0.013309335696241393,-6.9466019167205975,-6.85178477403115,-3.2750402168436747,-1.5650164475575092,1.057571245441764,3.2128810413876274
bi3.2,3.2,10.0,3,3,"Turing band, near its edge",smallpert,2,i,cov10,6,10.01,1,6,10.01,5.477225575051661,1,0.0,nan,nan,nan,nan,nan,0,0,nan,nan,nan,nan,0,nan,nan,nan,nan,0,nan,nan,nan,nan,nan,nan,nan,nan,nan,nan
bi3.2,3.2,10.0,3,3,"Turing band, near its edge",smallpert,2,i,cov20,6,10.01,1,6,10.01,5.477225575051661,1,0.0,nan,nan,nan,nan,nan,0,0,nan,nan,nan,nan,0,nan,nan,nan,nan,0,nan,nan,nan,nan,nan,nan,nan,nan,nan,nan
bi3.2,3.2,10.0,3,3,"Turing band, near its edge",smallpert,2,i,t600,301,600.01,1,301,600.01,5.477225575051661,1,0.0,nan,nan,nan,nan,nan,0,0,nan,nan,nan,nan,0,nan,nan,nan,nan,0,nan,nan,nan,nan,nan,nan,nan,nan,nan,nan
bi3.2,3.2,10.0,3,3,"Turing band, near its edge",smallpert,3,a,cov10,6,10.01,1,6,10.01,5.477225575051661,76,15.035777453548656,5.5575,15.035777453548656,6.091013416298126,0.4051013281565005,0.39358901646841293,42,200,0.5500948179982923,0.06393935222580971,0.5184974607465869,0.0655817918503518,73,0.3470710324811975,0.02858710790316202,0.2709086010466123,0.03839056963449048,200,0.4061738875257923,0.040985558531486575,0.3651139322489766,0.03505268081299415,-2.2676721736205487,-1.9046207911366162,2.029946361551471,3.195587265044989,-0.026169202219552865,0.8123511114984544
bi3.2,3.2,10.0,3,3,"Turing band, near its edge",smallpert,3,a,cov20,6,10.01,1,6,10.01,5.477225575051661,76,15.035777453548656,5.5575,15.035777453548656,6.091013416298126,0.4051013281565005,0.39358901646841293,42,200,0.5500948179982923,0.06393935222580971,0.5184974607465869,0.0655817918503518,73,0.3470710324811975,0.02858710790316202,0.2709086010466123,0.03839056963449048,200,0.4061738875257923,0.040985558531486575,0.3651139322489766,0.03505268081299415,-2.2676721736205487,-1.9046207911366162,2.029946361551471,3.195587265044989,-0.026169202219552865,0.8123511114984544
bi3.2,3.2,10.0,3,3,"Turing band, near its edge",smallpert,3,a,t600,301,600.01,1,301,600.01,5.477225575051661,118,12.402927502400674,10.115625,12.402927502400674,2.568057499806901,0.2070525284703821,0.2087042319401366,76,200,0.5485096191546108,0.04751262810815555,0.5264524851200324,0.048241292324126904,121,0.22457100162879673,0.01734676258154983,0.21107195760092187,0.01907601396660266,200,0.18147371951868294,0.018959730627509837,0.15529604360368082,0.015457510564804716,-7.186659721431354,-6.586644716003606,-1.0098987102669765,-0.12412056653609982,1.3491124665339553,3.455161043723376
bi3.2,3.2,10.0,3,3,"Turing band, near its edge",smallpert,3,i,cov10,6,10.01,1,6,10.01,5.477225575051661,1,0.0,nan,nan,nan,nan,nan,0,0,nan,nan,nan,nan,0,nan,nan,nan,nan,0,nan,nan,nan,nan,nan,nan,nan,nan,nan,nan
bi3.2,3.2,10.0,3,3,"Turing band, near its edge",smallpert,3,i,cov20,6,10.01,1,6,10.01,5.477225575051661,1,0.0,nan,nan,nan,nan,nan,0,0,nan,nan,nan,nan,0,nan,nan,nan,nan,0,nan,nan,nan,nan,nan,nan,nan,nan,nan,nan
bi3.2,3.2,10.0,3,3,"Turing band, near its edge",smallpert,3,i,t600,301,600.01,1,301,600.01,5.477225575051661,1,0.0,nan,nan,nan,nan,nan,0,0,nan,nan,nan,nan,0,nan,nan,nan,nan,0,nan,nan,nan,nan,nan,nan,nan,nan,nan,nan
bi5,5.0,10.0,3,3,replicating; Fig 1C regular spots,nucl,1,a,cov10,6,10.01,1,6,10.01,5.477225575051661,252,9.155363629491813,6.54363749835764,9.155363629491813,1.9125749522163513,0.20890212880845593,0.1948610166598203,195,200,0.5397207603137456,0.03407441498424401,0.521839759158457,0.035227665732507615,200,0.23998889429160214,0.01262899950663462,0.22633907159111583,0.012833040655600538,200,0.19255120334174985,0.012020812134481645,0.17260031188016023,0.009731580163613049,-9.708710528361529,-9.281873655253438,-2.4615382609536756,-2.4528913899729607,1.3602180355022373,2.2874707298712047
bi5,5.0,10.0,3,3,replicating; Fig 1C regular spots,nucl,1,a,cov20,6,10.01,1,6,10.01,5.477225575051661,252,9.155363629491813,6.54363749835764,9.155363629491813,1.9125749522163513,0.20890212880845593,0.1948610166598203,195,200,0.5397207603137456,0.03407441498424401,0.521839759158457,0.035227665732507615,200,0.23998889429160214,0.01262899950663462,0.22633907159111583,0.012833040655600538,200,0.19255120334174985,0.012020812134481645,0.17260031188016023,0.009731580163613049,-9.708710528361529,-9.281873655253438,-2.4615382609536756,-2.4528913899729607,1.3602180355022373,2.2874707298712047
bi5,5.0,10.0,3,3,replicating; Fig 1C regular spots,nucl,1,a,t600,301,600.01,1,301,600.01,5.477225575051661,276,10.927841612487486,9.868093922651934,10.927841612487486,0.7495541767937411,0.06859123726108997,0.06264571784512667,203,200,0.5415779645583144,0.03163766592181632,0.5278418474502357,0.03019311936113187,200,0.2056776557707868,0.012333645102031568,0.18727670776704017,0.010809991782541028,0,nan,nan,nan,nan,-14.950114476399094,-15.407355697204446,-11.114834047488223,-11.529240024326585,nan,nan
bi5,5.0,10.0,3,3,replicating; Fig 1C regular spots,nucl,1,i,cov10,6,10.01,1,6,10.01,5.477225575051661,4,89.41094572441611,nan,89.41094572441611,6.722219496679098,0.07518340670949207,nan,1,200,0.42539163367621285,0.2773384555887725,0.3649413808709555,0.31044111050639556,200,0.4209376606328522,0.2516856556026218,nan,nan,0,nan,nan,nan,nan,-1.2627467266421823,nan,-1.3737543091023834,nan,nan,nan
bi5,5.0,10.0,3,3,replicating; Fig 1C regular spots,nucl,1,i,cov20,6,10.01,1,6,10.01,5.477225575051661,4,89.41094572441611,nan,89.41094572441611,6.722219496679098,0.07518340670949207,nan,1,200,0.42539163367621285,0.2773384555887725,0.3649413808709555,0.31044111050639556,200,0.4209376606328522,0.2516856556026218,nan,nan,0,nan,nan,nan,nan,-1.2627467266421823,nan,-1.3737543091023834,nan,nan,nan
bi5,5.0,10.0,3,3,replicating; Fig 1C regular spots,nucl,1,i,t600,301,600.01,1,301,600.01,5.477225575051661,1,0.0,nan,nan,nan,nan,nan,0,0,nan,nan,nan,nan,0,nan,nan,nan,nan,0,nan,nan,nan,nan,nan,nan,nan,nan,nan,nan
bi5,5.0,10.0,3,3,replicating; Fig 1C regular spots,nucl,2,a,cov10,6,10.01,1,6,10.01,5.477225575051661,248,9.241316580725778,6.67733888128895,9.241316580725778,1.7523221821128832,0.18961823965295455,0.1908033467453897,189,200,0.5391311325433356,0.0340919113847204,0.525864152742287,0.035090267975685915,200,0.23470316510905476,0.013632692448642512,0.22105772714792515,0.013338901372583091,200,0.19065473348004025,0.012467296963225637,0.17119708893910535,0.009677539279158806,-10.252076774053469,-9.548539390723985,-3.307118210576927,-2.268131351860851,-0.08313701278978239,2.025954867319183
bi5,5.0,10.0,3,3,replicating; Fig 1C regular spots,nucl,2,a,cov20,6,10.01,1,6,10.01,5.477225575051661,248,9.241316580725778,6.67733888128895,9.241316580725778,1.7523221821128832,0.18961823965295455,0.1908033467453897,189,200,0.5391311325433356,0.0340919113847204,0.525864152742287,0.035090267975685915,200,0.23470316510905476,0.013632692448642512,0.22105772714792515,0.013338901372583091,200,0.19065473348004025,0.012467296963225637,0.17119708893910535,0.009677539279158806,-10.252076774053469,-9.548539390723985,-3.307118210576927,-2.268131351860851,-0.08313701278978239,2.025954867319183
bi5,5.0,10.0,3,3,replicating; Fig 1C regular spots,nucl,2,a,t600,301,600.01,1,301,600.01,5.477225575051661,274,11.044577557473794,10.01941389559725,11.044577557473794,0.7354961961662211,0.06659342037654628,0.05718158578113013,204,200,0.5409405920916545,0.033588238401042546,0.527222327659159,0.03255263650555249,200,0.2058587618683134,0.012686657227605813,0.1876233373130527,0.010908697673035733,0,nan,nan,nan,nan,-14.122418867325443,-14.439406215157232,-10.977307811921458,-11.957591588072905,nan,nan
bi5,5.0,10.0,3,3,replicating; Fig 1C regular spots,nucl,2,i,cov10,6,10.01,1,6,10.01,5.477225575051661,4,45.991572938652695,nan,45.991572938652695,30.53830766884832,0.663997896083763,nan,1,200,0.4072019783343488,0.26851814293386733,0.3014503125039587,0.23428130762124663,200,0.46881874940705315,0.23642234387007968,nan,nan,0,nan,nan,nan,nan,0.956344755492592,nan,0.8255528791473532,nan,nan,nan
bi5,5.0,10.0,3,3,replicating; Fig 1C regular spots,nucl,2,i,cov20,6,10.01,1,6,10.01,5.477225575051661,4,45.991572938652695,nan,45.991572938652695,30.53830766884832,0.663997896083763,nan,1,200,0.4072019783343488,0.26851814293386733,0.3014503125039587,0.23428130762124663,200,0.46881874940705315,0.23642234387007968,nan,nan,0,nan,nan,nan,nan,0.956344755492592,nan,0.8255528791473532,nan,nan,nan
bi5,5.0,10.0,3,3,replicating; Fig 1C regular spots,nucl,2,i,t600,301,600.01,1,301,600.01,5.477225575051661,1,0.0,nan,nan,nan,nan,nan,0,0,nan,nan,nan,nan,0,nan,nan,nan,nan,0,nan,nan,nan,nan,nan,nan,nan,nan,nan,nan
bi5,5.0,10.0,3,3,replicating; Fig 1C regular spots,nucl,3,a,cov10,6,10.01,1,6,10.01,5.477225575051661,245,9.159086841444191,6.829247397401703,9.159086841444191,1.8678578742106346,0.203934945322138,0.20826041358851782,186,200,0.541624805861726,0.035407771956473114,0.5263785426337204,0.0358097796168303,200,0.23611215052518142,0.01498612134263184,0.2207549818266763,0.013927531168749004,200,0.18378841719926725,0.011209568719443844,0.16549836203733492,0.009768246223605163,-9.537167742571073,-8.883554505196946,-2.147133635673106,-0.8971129259573405,1.7972616634148522,4.377659056939775
bi5,5.0,10.0,3,3,replicating; Fig 1C regular spots,nucl,3,a,cov20,6,10.01,1,6,10.01,5.477225575051661,245,9.159086841444191,6.829247397401703,9.159086841444191,1.8678578742106346,0.203934945322138,0.20826041358851782,186,200,0.541624805861726,0.035407771956473114,0.5263785426337204,0.0358097796168303,200,0.23611215052518142,0.01498612134263184,0.2207549818266763,0.013927531168749004,200,0.18378841719926725,0.011209568719443844,0.16549836203733492,0.009768246223605163,-9.537167742571073,-8.883554505196946,-2.147133635673106,-0.8971129259573405,1.7972616634148522,4.377659056939775
bi5,5.0,10.0,3,3,replicating; Fig 1C regular spots,nucl,3,a,t600,301,600.01,1,301,600.01,5.477225575051661,278,10.942615842490769,9.85018828065172,10.942615842490769,0.7317014712132501,0.06686714417699045,0.05811174257560882,209,200,0.538114973275294,0.028882792722156936,0.5246181418542192,0.028705545648228446,200,0.206220728331143,0.011982731325463505,0.18946286637858797,0.011721490332390946,0,nan,nan,nan,nan,-16.315867846698698,-16.251438136567895,-11.629534232986085,-11.20600879906934,nan,nan
bi5,5.0,10.0,3,3,replicating; Fig 1C regular spots,nucl,3,i,cov10,6,10.01,1,6,10.01,5.477225575051661,3,58.918629170732366,nan,58.918629170732366,14.138116591313187,0.23996003963948723,nan,2,200,0.33606002928591777,0.3011576219660003,nan,nan,200,0.2854292639918864,0.28842527114483413,nan,nan,0,nan,nan,nan,nan,-0.31910196733217633,nan,-0.15764646479110556,nan,nan,nan
bi5,5.0,10.0,3,3,replicating; Fig 1C regular spots,nucl,3,i,cov20,6,10.01,1,6,10.01,5.477225575051661,3,58.918629170732366,nan,58.918629170732366,14.138116591313187,0.23996003963948723,nan,2,200,0.33606002928591777,0.3011576219660003,nan,nan,200,0.2854292639918864,0.28842527114483413,nan,nan,0,nan,nan,nan,nan,-0.31910196733217633,nan,-0.15764646479110556,nan,nan,nan
bi5,5.0,10.0,3,3,replicating; Fig 1C regular spots,nucl,3,i,t600,301,600.01,1,301,600.01,5.477225575051661,1,0.0,nan,nan,nan,nan,nan,0,0,nan,nan,nan,nan,0,nan,nan,nan,nan,0,nan,nan,nan,nan,nan,nan,nan,nan,nan,nan
bi5,5.0,10.0,3,3,replicating; Fig 1C regular spots,random,1,a,cov10,6,10.01,1,6,10.01,5.477225575051661,326,8.477725116409689,6.662031989763276,8.477725116409689,1.4100628195603429,0.16632561214222333,0.16358408694718107,262,200,0.5411657579597527,0.025884961329012267,0.5280119713016395,0.02595484674715515,200,0.2307119428809348,0.011029224669398475,0.217276198863731,0.011503121093113633,200,0.14540308168451183,0.008390707996262937,0.13213878586578953,0.007263977211819986,-14.481000804022944,-14.040841308161546,-5.8377930152567155,-4.667612509851159,2.4935357620632255,4.328937187498822
bi5,5.0,10.0,3,3,replicating; Fig 1C regular spots,random,1,a,cov20,6,10.01,1,6,10.01,5.477225575051661,326,8.477725116409689,6.662031989763276,8.477725116409689,1.4100628195603429,0.16632561214222333,0.16358408694718107,262,200,0.5411657579597527,0.025884961329012267,0.5280119713016395,0.02595484674715515,200,0.2307119428809348,0.011029224669398475,0.217276198863731,0.011503121093113633,200,0.14540308168451183,0.008390707996262937,0.13213878586578953,0.007263977211819986,-14.481000804022944,-14.040841308161546,-5.8377930152567155,-4.667612509851159,2.4935357620632255,4.328937187498822
bi5,5.0,10.0,3,3,replicating; Fig 1C regular spots,random,1,a,t600,301,600.01,1,301,600.01,5.477225575051661,322,10.126953202473276,9.118514563830052,10.126953202473276,0.7579321029528144,0.07484305375951643,0.06628145573337901,248,200,0.5387703104474508,0.02871718922177836,0.5255508654681356,0.027787802729570824,200,0.20117158595318232,0.010667954182829849,0.18498585758643885,0.009571846895307056,0,nan,nan,nan,nan,-16.155037079189636,-16.527733919962582,-11.841870524434068,-12.401410422815994,nan,nan
bi5,5.0,10.0,3,3,replicating; Fig 1C regular spots,random,1,i,cov10,6,10.01,1,6,10.01,5.477225575051661,1,0.0,nan,nan,nan,nan,nan,0,0,nan,nan,nan,nan,0,nan,nan,nan,nan,0,nan,nan,nan,nan,nan,nan,nan,nan,nan,nan
bi5,5.0,10.0,3,3,replicating; Fig 1C regular spots,random,1,i,cov20,6,10.01,1,6,10.01,5.477225575051661,1,0.0,nan,nan,nan,nan,nan,0,0,nan,nan,nan,nan,0,nan,nan,nan,nan,0,nan,nan,nan,nan,nan,nan,nan,nan,nan,nan
bi5,5.0,10.0,3,3,replicating; Fig 1C regular spots,random,1,i,t600,301,600.01,1,301,600.01,5.477225575051661,1,0.0,nan,nan,nan,nan,nan,0,0,nan,nan,nan,nan,0,nan,nan,nan,nan,0,nan,nan,nan,nan,nan,nan,nan,nan,nan,nan
bi5,5.0,10.0,3,3,replicating; Fig 1C regular spots,random,2,a,cov10,6,10.01,1,6,10.01,5.477225575051661,346,8.219926304658278,6.633419141209143,8.219926304658278,1.254064801659935,0.15256399573184123,0.1483277783033316,274,200,0.538601513429472,0.030233776306315296,0.5276630198907537,0.030134639663231978,200,0.2254546820858647,0.01052582193630871,0.212912019702609,0.009591715533848974,200,0.13718663167173514,0.008288423926337324,0.1253543382499995,0.0070848831610375905,-12.76841879712507,-12.58801319102078,-6.924940094472605,-6.733335780378483,1.8552820411662254,3.242599705761077
bi5,5.0,10.0,3,3,replicating; Fig 1C regular spots,random,2,a,cov20,6,10.01,1,6,10.01,5.477225575051661,346,8.219926304658278,6.633419141209143,8.219926304658278,1.254064801659935,0.15256399573184123,0.1483277783033316,274,200,0.538601513429472,0.030233776306315296,0.5276630198907537,0.030134639663231978,200,0.2254546820858647,0.01052582193630871,0.212912019702609,0.009591715533848974,200,0.13718663167173514,0.008288423926337324,0.1253543382499995,0.0070848831610375905,-12.76841879712507,-12.58801319102078,-6.924940094472605,-6.733335780378483,1.8552820411662254,3.242599705761077
bi5,5.0,10.0,3,3,replicating; Fig 1C regular spots,random,2,a,t600,301,600.01,1,301,600.01,5.477225575051661,335,9.908312740971041,8.946998339864487,9.908312740971041,0.5849356141501981,0.059034835641741445,0.05626282011033977,261,200,0.5366901103773007,0.030564502004923246,0.5275301582618388,0.03178470745510633,200,0.1982770060017063,0.010671031111193403,0.18191086001120105,0.009244051036342269,0,nan,nan,nan,nan,-15.627778743413517,-14.826857815732017,-13.048614413082019,-13.592313522165309,nan,nan
bi5,5.0,10.0,3,3,replicating; Fig 1C regular spots,random,2,i,cov10,6,10.01,1,6,10.01,5.477225575051661,1,0.0,nan,nan,nan,nan,nan,0,0,nan,nan,nan,nan,0,nan,nan,nan,nan,0,nan,nan,nan,nan,nan,nan,nan,nan,nan,nan
bi5,5.0,10.0,3,3,replicating; Fig 1C regular spots,random,2,i,cov20,6,10.01,1,6,10.01,5.477225575051661,1,0.0,nan,nan,nan,nan,nan,0,0,nan,nan,nan,nan,0,nan,nan,nan,nan,0,nan,nan,nan,nan,nan,nan,nan,nan,nan,nan
bi5,5.0,10.0,3,3,replicating; Fig 1C regular spots,random,2,i,t600,301,600.01,1,301,600.01,5.477225575051661,1,0.0,nan,nan,nan,nan,nan,0,0,nan,nan,nan,nan,0,nan,nan,nan,nan,0,nan,nan,nan,nan,nan,nan,nan,nan,nan,nan
bi5,5.0,10.0,3,3,replicating; Fig 1C regular spots,random,3,a,cov10,6,10.01,1,6,10.01,5.477225575051661,335,8.27106826278548,6.488859076061596,8.27106826278548,1.2974730450501664,0.15686885947828114,0.15702860356223752,263,200,0.5393107004609472,0.03126245333225173,0.5265274209909672,0.02954853272409841,200,0.22816693880617797,0.012722453570202309,0.2148396816377113,0.011091063330700125,200,0.1491132747198997,0.007572034323034295,0.13622920854028256,0.007484546181946539,-12.233263874659581,-12.504811013082339,-5.604113934036001,-5.212401764531665,1.0242405709637057,2.7789787805872783
bi5,5.0,10.0,3,3,replicating; Fig 1C regular spots,random,3,a,cov20,6,10.01,1,6,10.01,5.477225575051661,335,8.27106826278548,6.488859076061596,8.27106826278548,1.2974730450501664,0.15686885947828114,0.15702860356223752,263,200,0.5393107004609472,0.03126245333225173,0.5265274209909672,0.02954853272409841,200,0.22816693880617797,0.012722453570202309,0.2148396816377113,0.011091063330700125,200,0.1491132747198997,0.007572034323034295,0.13622920854028256,0.007484546181946539,-12.233263874659581,-12.504811013082339,-5.604113934036001,-5.212401764531665,1.0242405709637057,2.7789787805872783
bi5,5.0,10.0,3,3,replicating; Fig 1C regular spots,random,3,a,t600,301,600.01,1,301,600.01,5.477225575051661,334,9.917577953314884,8.935072807804765,9.917577953314884,0.6667386366055168,0.06722797035163851,0.05939616619966207,256,200,0.5371292118764277,0.031027641278010522,0.5261165875943784,0.031213950618930758,200,0.1995546008055859,0.009811791831910258,0.18394896233576616,0.009881358935910379,0,nan,nan,nan,nan,-15.144600819457425,-14.952302164265548,-13.486489799303529,-12.604824593858247,nan,nan
bi5,5.0,10.0,3,3,replicating; Fig 1C regular spots,random,3,i,cov10,6,10.01,1,6,10.01,5.477225575051661,1,0.0,nan,nan,nan,nan,nan,0,0,nan,nan,nan,nan,0,nan,nan,nan,nan,0,nan,nan,nan,nan,nan,nan,nan,nan,nan,nan
bi5,5.0,10.0,3,3,replicating; Fig 1C regular spots,random,3,i,cov20,6,10.01,1,6,10.01,5.477225575051661,1,0.0,nan,nan,nan,nan,nan,0,0,nan,nan,nan,nan,0,nan,nan,nan,nan,0,nan,nan,nan,nan,nan,nan,nan,nan,nan,nan
bi5,5.0,10.0,3,3,replicating; Fig 1C regular spots,random,3,i,t600,301,600.01,1,301,600.01,5.477225575051661,1,0.0,nan,nan,nan,nan,nan,0,0,nan,nan,nan,nan,0,nan,nan,nan,nan,0,nan,nan,nan,nan,nan,nan,nan,nan,nan,nan
bi5,5.0,10.0,3,3,replicating; Fig 1C regular spots,seed1,0,a,cov10,261,520.01,1,261,520.01,5.477225575051661,72,12.19126615481391,9.850833333333334,12.19126615481391,2.0719721644103872,0.16995545319894742,0.16995545319894742,72,200,0.5541317620851174,0.060490371832917555,0.5309781253161828,0.062404070623780436,200,0.3491706118328461,0.037775895215532804,0.3014869549555161,0.033267326626925546,200,0.2787216251903359,0.037003423410437046,0.2316159401077234,0.02857626343321618,-6.351032358460549,-5.785242348912729,-4.7441670835694305,-3.9537743213219643,-2.939354307437141,-2.1577519066787336
bi5,5.0,10.0,3,3,replicating; Fig 1C regular spots,seed1,0,a,t600,301,600.01,1,301,600.01,5.477225575051661,114,11.630454066355796,8.947083333333333,11.630454066355796,1.4069168234230731,0.12096834873308661,0.1215660300889985,112,200,0.5477811818042833,0.05031350540624153,0.5249877708580124,0.052809383754909255,200,0.29581120369342373,0.02975494991306629,0.26232315628323566,0.024201149891617493,200,0.22684755454941274,0.020551032008286382,0.19556470276735546,0.017613164962131073,-8.483066914638973,-7.639205612421318,-5.87609306925966,-5.816133812839651,-5.15201405815701,-4.20132740694002
bi5,5.0,10.0,3,3,replicating; Fig 1C regular spots,seed1,0,i,cov10,261,520.01,1,146,290.01,5.477225575051661,1,0.0,nan,nan,nan,nan,nan,0,0,nan,nan,nan,nan,0,nan,nan,nan,nan,0,nan,nan,nan,nan,nan,nan,nan,nan,nan,nan
bi5,5.0,10.0,3,3,replicating; Fig 1C regular spots,seed1,0,i,t600,301,600.01,1,301,600.01,5.477225575051661,1,0.0,nan,nan,nan,nan,nan,0,0,nan,nan,nan,nan,0,nan,nan,nan,nan,0,nan,nan,nan,nan,nan,nan,nan,nan,nan,nan
bi5,5.0,10.0,3,3,replicating; Fig 1C regular spots,seed36,1,a,cov10,26,50.01,1,26,50.01,5.477225575051661,43,17.58680012545631,9.49,17.58680012545631,6.405365956388907,0.36421440573020175,0.3693592845000393,30,200,0.5500853897381304,0.09011853783499986,0.511546617917234,0.09344334155316175,200,0.34140901277421604,0.051831964051479294,0.2887430463890107,0.044673990193991604,200,0.3570180338623066,0.057277496589067556,0.2924250123458549,0.045673557581246915,-2.062516641673039,-1.5216422171322024,0.43998704994731613,1.8045452792768666,0.12564047481901786,1.6844379161252991
bi5,5.0,10.0,3,3,replicating; Fig 1C regular spots,seed36,1,a,cov20,76,150.01,1,76,150.01,5.477225575051661,80,13.847392851926495,9.91125,13.847392851926495,4.470056802338657,0.3228085496048282,0.3260822612717719,60,200,0.5446012622828527,0.060225157750560115,0.5162601868530419,0.06311037615753587,200,0.30231637339875517,0.03190795520029345,0.2740182179629247,0.029004615493974904,200,0.2522205788694249,0.029758570770475532,0.21487589876589097,0.026502007021328808,-3.6827253088591823,-3.013417716074906,0.6422278105080378,1.7950261509125138,2.3720215355717276,4.196148707393448
bi5,5.0,10.0,3,3,replicating; Fig 1C regular spots,seed36,1,a,t600,301,600.01,1,301,600.01,5.477225575051661,182,11.948152396499014,10.776937403364101,11.948152396499014,1.3116421412522088,0.10977782151795615,0.11539639047634448,132,200,0.5414070111161169,0.037381916413170235,0.5260867368882087,0.03770754794501968,200,0.2295711495371143,0.015246142868668914,0.2094756563093793,0.013774268050784093,193,0.0930844860198161,0.0073077239773865306,0.0823330413188421,0.007085784192704383,-11.546470352870701,-10.891462553085667,-7.8572875153449795,-6.830073691478613,2.2843412736711084,4.666152433988159
bi5,5.0,10.0,3,3,replicating; Fig 1C regular spots,seed36,1,i,cov10,26,50.01,1,6,10.01,5.477225575051661,18,32.39652606683282,nan,32.39652606683282,9.283306268644,0.2865525226221135,0.19524797439397862,10,200,0.5563834342710307,0.11498797151812516,0.502985202593465,0.16173042190844228,200,0.25674850274233507,0.05912182633425754,0.17862911818549448,0.06357078909176098,0,nan,nan,nan,nan,-2.346601197381629,-1.9027788623076771,0.5041119621588684,0.26142283973376074,nan,nan
bi5,5.0,10.0,3,3,replicating; Fig 1C regular spots,seed36,1,i,cov20,76,150.01,1,21,40.01,5.477225575051661,4,78.8206177438201,nan,78.8206177438201,14.844828092801887,0.18833686562886384,nan,0,200,0.43876830044092,0.2672890193085918,0.31032916202427385,0.2906966740245702,200,0.16088376588069353,0.08548084197476569,nan,nan,0,nan,nan,nan,nan,-0.9369312494013341,nan,0.3211608486059904,nan,nan,nan
bi5,5.0,10.0,3,3,replicating; Fig 1C regular spots,seed36,1,i,t600,301,600.01,1,301,600.01,5.477225575051661,1,0.0,nan,nan,nan,nan,nan,0,0,nan,nan,nan,nan,0,nan,nan,nan,nan,0,nan,nan,nan,nan,nan,nan,nan,nan,nan,nan
bi5,5.0,10.0,3,3,replicating; Fig 1C regular spots,seed36,2,a,cov10,26,50.01,1,26,50.01,5.477225575051661,41,17.518568025544543,8.8975,17.518568025544543,5.935801391318116,0.33882914303628475,0.2979443697237149,30,200,0.5530876465375109,0.08462309019046153,0.5161672995743352,0.09134862854858002,200,0.3434978328052628,0.055411568424518824,0.2870792566182891,0.05504238194819196,200,0.3802151058032161,0.054528992382741615,0.3155590718822121,0.05173981672896682,-2.5319153793485163,-2.3889020921049444,-0.08425478472672546,0.19739540188599553,-0.7589717131840855,-0.3404477107209294
bi5,5.0,10.0,3,3,replicating; Fig 1C regular spots,seed36,2,a,cov20,76,150.01,1,76,150.01,5.477225575051661,86,13.589736015191097,10.1475,13.589736015191097,3.4067193078079514,0.25068325860044655,0.19620398797707295,67,200,0.5533324165868178,0.06011783198606761,0.5306362197727588,0.05892442708276942,200,0.29732679040563037,0.02904473954867998,0.26681730135319,0.028873460704809843,200,0.2379639393953932,0.02775189054169344,0.19752682820329426,0.022768567775918406,-5.034266007072753,-5.6756127866278385,-1.6059201263281313,-2.4456130873274233,0.4583226207938625,-0.05809940437362237
bi5,5.0,10.0,3,3,replicating; Fig 1C regular spots,seed36,2,a,t600,301,600.01,1,301,600.01,5.477225575051661,191,12.025116115305913,10.758339638503573,12.025116115305913,0.8865974062257992,0.07372880209425275,0.06699764483697408,147,200,0.5426599997577466,0.04066687587367564,0.5253736136728668,0.03866428845914096,200,0.22418299676444048,0.014320979240416162,0.2050192407066431,0.012903155760101759,124,0.08560055030154738,0.007465062334889751,0.07454828259436669,0.006980048507557978,-11.531035703852554,-11.855280081522466,-10.50585942095225,-10.696731748092958,-1.5903079806593412,-1.0817457427719586
bi5,5.0,10.0,3,3,replicating; Fig 1C regular spots,seed36,2,i,cov10,26,50.01,1,6,10.01,5.477225575051661,19,32.11588809421642,nan,32.11588809421642,7.255947863066833,0.22593016396683477,0.14359354581228706,7,200,0.5487433844635894,0.13622586570111297,0.5020255534137488,0.15696040236476433,200,0.2569866316411334,0.054123494654484204,0.19305098226332051,0.05374113278830509,0,nan,nan,nan,nan,-2.369691092329151,-2.283582369829126,-0.573807509521663,-0.9202901741177321,nan,nan
bi5,5.0,10.0,3,3,replicating; Fig 1C regular spots,seed36,2,i,cov20,76,150.01,1,21,40.01,5.477225575051661,4,94.84334409928539,nan,94.84334409928539,3.9018632342553534,0.04114008496126775,nan,0,200,0.38252109252732536,0.23973491375622089,0.28417450130420874,0.19924953583799646,200,0.20781664878319578,0.10719782156367877,nan,nan,0,nan,nan,nan,nan,-1.4239937029497403,nan,-1.5548502888458147,nan,nan,nan
bi5,5.0,10.0,3,3,replicating; Fig 1C regular spots,seed36,2,i,t600,301,600.01,1,301,600.01,5.477225575051661,1,0.0,nan,nan,nan,nan,nan,0,0,nan,nan,nan,nan,0,nan,nan,nan,nan,0,nan,nan,nan,nan,nan,nan,nan,nan,nan,nan
bi5,5.0,10.0,3,3,replicating; Fig 1C regular spots,seed36,3,a,cov10,26,50.01,1,26,50.01,5.477225575051661,39,19.10911977907408,nan,19.10911977907408,6.84031476842772,0.35796074583814047,0.2649813045549397,24,200,0.5510286195292884,0.09018328913036935,0.5093474907562557,0.09009478317840076,200,0.3489497980876003,0.05757556671238129,0.2826382871718219,0.050961046239019044,0,nan,nan,nan,nan,-2.140838680346291,-2.7123233730130134,0.15650645343283134,-0.34647998657772616,nan,nan
bi5,5.0,10.0,3,3,replicating; Fig 1C regular spots,seed36,3,a,cov20,76,150.01,1,76,150.01,5.477225575051661,82,13.79397019253366,8.55,13.79397019253366,3.9351991765899172,0.2852840133524389,0.2849906212016546,55,200,0.5485615012001053,0.05728847143064381,0.5230281581305986,0.05662239484717211,200,0.3020941950273714,0.03235971490068064,0.2745667947020534,0.03141429208112428,200,0.29182009777068924,0.03497388751060462,0.24673775693266214,0.02732948772820585,-4.595645184326532,-4.2039468230092405,-0.5194786705175484,0.3318179659335525,-0.1868846983701334,1.3996919609112517
bi5,5.0,10.0,3,3,replicating; Fig 1C regular spots,seed36,3,a,t600,301,600.01,1,301,600.01,5.477225575051661,173,12.226746768959142,10.743571428571428,12.226746768959142,1.3673538002487213,0.11183300235841259,0.12474634600193756,124,200,0.5441781837310506,0.040942745260879314,0.525429687433959,0.04048927933434626,200,0.2396517903250038,0.015432714661399002,0.2192053647457132,0.015114542138914581,200,0.10075501521112887,0.008007554121104675,0.0892002641111466,0.008460212624445377,-10.559750661999276,-9.896035395525788,-8.282326912082247,-6.249545495696968,1.3834420573051924,4.20155892868251
bi5,5.0,10.0,3,3,replicating; Fig 1C regular spots,seed36,3,i,cov10,26,50.01,1,6,10.01,5.477225575051661,25,27.64076550436763,nan,27.64076550436763,5.717665821579222,0.20685627612866764,0.08977559727345005,13,200,0.5627619939584138,0.11781970806002269,0.5222898411020855,0.130865980450436,200,0.21824883386953786,0.04323421949414264,0.1610126690860813,0.0395274239706524,0,nan,nan,nan,nan,-3.0207655721607427,-3.3050166463425943,-0.2635078850541915,-1.802218931988132,nan,nan
bi5,5.0,10.0,3,3,replicating; Fig 1C regular spots,seed36,3,i,cov20,76,150.01,1,21,40.01,5.477225575051661,1,0.0,nan,nan,nan,nan,nan,0,0,nan,nan,nan,nan,0,nan,nan,nan,nan,0,nan,nan,nan,nan,nan,nan,nan,nan,nan,nan
bi5,5.0,10.0,3,3,replicating; Fig 1C regular spots,seed36,3,i,t600,301,600.01,1,301,600.01,5.477225575051661,1,0.0,nan,nan,nan,nan,nan,0,0,nan,nan,nan,nan,0,nan,nan,nan,nan,0,nan,nan,nan,nan,nan,nan,nan,nan,nan,nan
bi5,5.0,10.0,3,3,replicating; Fig 1C regular spots,smallpert,1,a,t600,301,600.01,1,301,600.01,5.477225575051661,0,0.0,nan,nan,nan,nan,nan,0,0,nan,nan,nan,nan,0,nan,nan,nan,nan,0,nan,nan,nan,nan,nan,nan,nan,nan,nan,nan
bi5,5.0,10.0,3,3,replicating; Fig 1C regular spots,smallpert,1,i,t600,301,600.01,1,301,600.01,5.477225575051661,0,0.0,nan,nan,nan,nan,nan,0,0,nan,nan,nan,nan,0,nan,nan,nan,nan,0,nan,nan,nan,nan,nan,nan,nan,nan,nan,nan
bi5,5.0,10.0,3,3,replicating; Fig 1C regular spots,smallpert,2,a,t600,301,600.01,1,301,600.01,5.477225575051661,0,0.0,nan,nan,nan,nan,nan,0,0,nan,nan,nan,nan,0,nan,nan,nan,nan,0,nan,nan,nan,nan,nan,nan,nan,nan,nan,nan
bi5,5.0,10.0,3,3,replicating; Fig 1C regular spots,smallpert,2,i,t600,301,600.01,1,301,600.01,5.477225575051661,0,0.0,nan,nan,nan,nan,nan,0,0,nan,nan,nan,nan,0,nan,nan,nan,nan,0,nan,nan,nan,nan,nan,nan,nan,nan,nan,nan
bi5,5.0,10.0,3,3,replicating; Fig 1C regular spots,smallpert,3,a,t600,301,600.01,1,301,600.01,5.477225575051661,0,0.0,nan,nan,nan,nan,nan,0,0,nan,nan,nan,nan,0,nan,nan,nan,nan,0,nan,nan,nan,nan,nan,nan,nan,nan,nan,nan
bi5,5.0,10.0,3,3,replicating; Fig 1C regular spots,smallpert,3,i,t600,301,600.01,1,301,600.01,5.477225575051661,0,0.0,nan,nan,nan,nan,nan,0,0,nan,nan,nan,nan,0,nan,nan,nan,nan,0,nan,nan,nan,nan,nan,nan,nan,nan,nan,nan
bi9,9.0,10.0,3,3,divides late,nucl,1,a,cov10,6,10.01,1,6,10.01,5.477225575051661,263,8.679207170090509,6.5575308226854965,8.679207170090509,1.8350882810101252,0.21143501301985726,0.2028767687892671,210,200,0.5394161506210169,0.03205795832951331,0.5259330747731662,0.03154026756839574,200,0.3281679220121596,0.018756574037870354,0.3058808606887923,0.01680435275765166,200,0.18511797295967256,0.011693858371347746,0.16712495535180671,0.009596778331320081,-10.230880401987813,-10.242662186785344,-6.22357306598814,-6.129607809656548,2.2505010086890254,3.7253974410121202
bi9,9.0,10.0,3,3,divides late,nucl,1,a,t600,301,600.01,1,301,600.01,5.477225575051661,259,10.953986619179654,9.783274112195523,10.953986619179654,0.7207172180615407,0.06579496973271959,0.0622609338169995,195,200,0.5380531875435446,0.031044207161277957,0.525251579774446,0.03247014651944196,200,0.32457740738158675,0.018275555465746236,0.30128911358883614,0.015144420532347868,0,nan,nan,nan,nan,-15.21244254547695,-14.258963866400306,-14.160031312531187,-15.78325029084356,nan,nan
bi9,9.0,10.0,3,3,divides late,nucl,1,i,cov10,6,10.01,1,6,10.01,5.477225575051661,47,16.470340878609427,5.8975,16.470340878609427,5.811273720149123,0.3528326318793083,0.4353180516964635,22,200,0.5515688677207521,0.08481867199569405,0.521329149300155,0.09155413655193939,79,0.4341309940247968,0.04538696050729662,0.35426790362929245,0.05851228403379465,200,0.4524548475071157,0.06186690873235983,0.3977888898590878,0.05440665700022115,-2.3430717690502503,-0.9394561605077962,-1.7912272872385588,1.385181751243197,-1.6102665814252881,0.689789887976818
bi9,9.0,10.0,3,3,divides late,nucl,1,i,t600,301,600.01,1,301,600.01,5.477225575051661,5,63.57949651650854,nan,63.57949651650854,18.27731086505693,0.28747177732543366,nan,1,200,0.45184483292721295,0.2448279083500784,0.32172077158990053,0.25148564026587883,197,0.5186414321474575,0.19121136725243562,nan,nan,0,nan,nan,nan,nan,-0.6713820197603573,nan,-1.2089744356926,nan,nan,nan
bi9,9.0,10.0,3,3,divides late,nucl,2,a,cov10,6,10.01,1,6,10.01,5.477225575051661,254,8.610180397480585,6.016716725842049,8.610180397480585,1.847735386325609,0.21459891675048676,0.20769131329349103,200,200,0.5419193154550065,0.03361453496687039,0.5276043845519728,0.03384268014961356,200,0.33160049614076414,0.019721540384695035,0.3073674653905905,0.017473616254239082,200,0.21655125380819393,0.013608249548761314,0.19613128609481975,0.0111602264581499,-9.737466218917447,-9.452947279712857,-5.932679552814081,-5.704380286646054,-0.14346717046241128,1.035823712181881
bi9,9.0,10.0,3,3,divides late,nucl,2,a,t600,301,600.01,1,301,600.01,5.477225575051661,256,11.024037470751907,9.843320704413106,11.024037470751907,0.7367989278359384,0.06683566976171428,0.060718677013995324,196,200,0.5449483627798408,0.03433986164306947,0.5332072326811585,0.03359422764582629,200,0.3238433534856037,0.018413923992488503,0.29956718103228924,0.016941669823627256,0,nan,nan,nan,nan,-13.922965036599676,-14.064575636280916,-13.957246908846221,-14.098285854041974,nan,nan
bi9,9.0,10.0,3,3,divides late,nucl,2,i,cov10,6,10.01,1,6,10.01,5.477225575051661,36,17.994634265452518,nan,17.994634265452518,6.72710249676102,0.37383935663956386,0.352666503059578,17,200,0.5538562000828936,0.09641976373369872,0.5174747114627957,0.1049021790648198,104,0.40709550510354475,0.050698903422066524,0.3153084559072458,0.08277146491172632,0,nan,nan,nan,nan,-1.8670118705177228,-1.5710656334543969,-0.6559539993818934,0.4513396880455549,nan,nan
bi9,9.0,10.0,3,3,divides late,nucl,2,i,t600,301,600.01,1,301,600.01,5.477225575051661,4,56.86883157710875,nan,56.86883157710875,44.17740201573146,0.7768297816323355,nan,0,200,0.4212750766148596,0.2750882458911872,0.36604575443271636,0.27060338774897735,200,0.43511638594776564,0.2199166171858718,nan,nan,0,nan,nan,nan,nan,1.2925114407037142,nan,1.5538316297206245,nan,nan,nan
bi9,9.0,10.0,3,3,divides late,nucl,3,a,cov10,6,10.01,1,6,10.01,5.477225575051661,244,8.730007407691712,6.284502772002773,8.730007407691712,1.9064589484583183,0.21837999206949152,0.21125120052258092,191,200,0.5414886830225545,0.03319705776677632,0.5266913697013088,0.034889684138996575,200,0.33609192463685744,0.021736334980008237,0.31301497018584895,0.01895818439921451,200,0.2099393629895988,0.012896305676739724,0.18972377015747088,0.011209017213199121,-9.733052044040805,-9.041072654084505,-5.415445275186927,-5.367801447668395,0.654499768497001,1.9205457495203524
bi9,9.0,10.0,3,3,divides late,nucl,3,a,t600,301,600.01,1,301,600.01,5.477225575051661,256,11.04340137691905,9.767358847350982,11.04340137691905,0.7886731199012121,0.07141577970257933,0.07197625801406475,192,200,0.5401752681885612,0.033242926954249005,0.5274708867496848,0.031336620401027804,200,0.32618526563399636,0.01838472686313053,0.3033498623419944,0.0158523239108057,0,nan,nan,nan,nan,-14.101029344711973,-14.535537748055319,-13.857670436341483,-14.595563756441688,nan,nan
bi9,9.0,10.0,3,3,divides late,nucl,3,i,cov10,6,10.01,1,6,10.01,5.477225575051661,55,18.58137192504192,10.015,18.58137192504192,5.83374454615992,0.3139566103995714,0.2591209782724319,32,200,0.554763212296043,0.07124539131349214,0.5214032547037067,0.06830187513695579,118,0.31840127017118863,0.03401112408203473,0.2779051510154054,0.03921725695904755,200,0.31171262716915543,0.044200225848506455,0.2561423512001478,0.03351346830251154,-3.379960408061773,-3.840045033981255,-0.13068253083599135,-0.4789772207319037,0.050768591954871066,0.08887850834766967
bi9,9.0,10.0,3,3,divides late,nucl,3,i,t600,301,600.01,1,301,600.01,5.477225575051661,1,0.0,nan,nan,nan,nan,nan,0,0,nan,nan,nan,nan,0,nan,nan,nan,nan,0,nan,nan,nan,nan,nan,nan,nan,nan,nan,nan
bi9,9.0,10.0,3,3,divides late,random,1,a,cov10,6,10.01,1,6,10.01,5.477225575051661,278,8.546174186999092,6.774963074453141,8.546174186999092,1.610853598011816,0.18848827121524558,0.16927468485344258,226,200,0.5381265977936872,0.031516628470910836,0.524126106905958,0.03168310889551777,200,0.3236910671857976,0.017999688614467307,0.3000986247916547,0.01655965427568492,200,0.16540487967021236,0.009622523951619994,0.14942428281919398,0.008969875085056494,-11.09377314585379,-11.200019014002645,-7.511396383928683,-7.900161305318143,2.398891565361813,2.213007633441706
bi9,9.0,10.0,3,3,divides late,random,1,a,t600,301,600.01,1,301,600.01,5.477225575051661,265,10.80038586904589,9.704455968688846,10.80038586904589,0.6447282412722826,0.059694926559993186,0.05489771001801702,210,200,0.5405421730476898,0.03275466095580823,0.5273588708042891,0.03289746336550195,200,0.314166541741868,0.017738756042447235,0.289711908265242,0.015142836893231041,0,nan,nan,nan,nan,-14.680269386285016,-14.361628905459023,-14.345516369521475,-15.506618733520709,nan,nan
bi9,9.0,10.0,3,3,divides late,random,1,i,cov10,6,10.01,1,6,10.01,5.477225575051661,24,20.22865003586386,nan,20.22865003586386,10.106502704972328,0.4996133052405507,0.3391502413716077,9,200,0.5550224141278751,0.1169115971535693,0.5152061618088863,0.13863040782676458,109,0.5614053436430413,0.061867018975024675,0.34927196568855057,0.10535827071247067,0,nan,nan,nan,nan,-0.4739402269437971,-1.269966114918177,-0.9987880364404764,-0.09606957525494776,nan,nan
bi9,9.0,10.0,3,3,divides late,random,1,i,t600,301,600.01,1,301,600.01,5.477225575051661,2,100.79215007070779,nan,100.79215007070779,0.0,0.0,nan,0,0,nan,nan,nan,nan,0,nan,nan,nan,nan,0,nan,nan,nan,nan,nan,nan,nan,nan,nan,nan
bi9,9.0,10.0,3,3,divides late,random,2,a,cov10,6,10.01,1,6,10.01,5.477225575051661,281,8.715700450451793,7.07285370982277,8.715700450451793,1.3479935875494147,0.15466267974819387,0.15256227504103168,233,200,0.543045311121943,0.030325164991862354,0.5316507165135229,0.03182690115381387,200,0.3247872827539118,0.017548949985707413,0.30169442390446943,0.015765828745525255,200,0.15182975312743896,0.008624696551100411,0.13755988681736708,0.008345361554488158,-12.807271831100348,-11.910944129949153,-9.694289581101684,-9.459201369656212,0.32846681665495314,1.7976918226624068
bi9,9.0,10.0,3,3,divides late,random,2,a,t600,301,600.01,1,301,600.01,5.477225575051661,272,10.809566698062078,9.685536564257896,10.809566698062078,0.7264821216194455,0.06720733049824172,0.0619017102018054,211,200,0.5382855374783742,0.03037782783385741,0.52461150666237,0.030085395830081352,200,0.31334594152489503,0.017724091131765353,0.28863870034196754,0.01573531331957162,0,nan,nan,nan,nan,-15.507303865060926,-15.379880626264422,-13.88723456660186,-14.409435995033293,nan,nan
bi9,9.0,10.0,3,3,divides late,random,2,i,cov10,6,10.01,1,6,10.01,5.477225575051661,25,25.438769281100896,nan,25.438769281100896,13.46857270598792,0.529450641151656,0.5723427789649999,9,200,0.5548010676806825,0.11501977702235103,0.5117466499104536,0.11903489783277144,107,0.5201172170160167,0.06027466367683688,0.36172621083934764,0.12309591971501012,0,nan,nan,nan,nan,-0.2204005883622983,0.5090618814969367,0.1548482159217104,1.7109955278230882,nan,nan
bi9,9.0,10.0,3,3,divides late,random,2,i,t600,301,600.01,1,301,600.01,5.477225575051661,2,86.3943148455065,nan,86.3943148455065,0.0,0.0,nan,0,0,nan,nan,nan,nan,0,nan,nan,nan,nan,0,nan,nan,nan,nan,nan,nan,nan,nan,nan,nan
bi9,9.0,10.0,3,3,divides late,random,3,a,cov10,6,10.01,1,6,10.01,5.477225575051661,283,8.63235923095871,6.245451821115721,8.63235923095871,1.6087489043453007,0.18636259929681276,0.17224380788666782,234,200,0.5394467023608903,0.03207812061384067,0.5271485421693383,0.03137488695982649,200,0.322074994581217,0.01786532416738153,0.2997149640646734,0.015929202173166658,200,0.18800217279212775,0.010329037969558027,0.1709767722360133,0.009476481071497171,-11.00700715339705,-11.311745433126276,-7.596413813312588,-8.002356602186616,-0.1587343855397934,0.13370317959748254
bi9,9.0,10.0,3,3,divides late,random,3,a,t600,301,600.01,1,301,600.01,5.477225575051661,272,10.672630664224531,9.690412621359224,10.672630664224531,0.7540931098121392,0.07065672312075003,0.06638132190039858,211,200,0.5396685305542325,0.0297721725652187,0.5267582283439048,0.030087666516416218,200,0.31303896370077927,0.01750643752494633,0.29012532646330125,0.014071564173414729,0,nan,nan,nan,nan,-15.753361848419651,-15.301183499634933,-13.845320627605663,-15.900435929192582,nan,nan
bi9,9.0,10.0,3,3,divides late,random,3,i,cov10,6,10.01,1,6,10.01,5.477225575051661,21,30.091265676579354,nan,30.091265676579354,20.80057490363897,0.6912495847533752,0.5293254744025294,10,200,0.5561332493434539,0.11952427591486209,0.4982646859524678,0.12991651000939136,129,0.6871612717335004,0.0966786868295088,0.3527839555426353,0.1066073638646502,0,nan,nan,nan,nan,1.1304509847536373,0.23908268816500916,0.042287634989131045,1.6559974138750213,nan,nan
bi9,9.0,10.0,3,3,divides late,random,3,i,t600,301,600.01,1,301,600.01,5.477225575051661,1,0.0,nan,nan,nan,nan,nan,0,0,nan,nan,nan,nan,0,nan,nan,nan,nan,0,nan,nan,nan,nan,nan,nan,nan,nan,nan,nan
bi9,9.0,10.0,3,3,divides late,seed1,0,a,t600,301,600.01,1,301,600.01,5.477225575051661,4,12.43411206548913,nan,12.43411206548913,7.105427357601002e-15,5.714463019295211e-16,5.714463019295211e-16,4,200,0.40163723027888115,0.26879254332146213,0.5047893178019135,0.32299757711844945,200,0.4063941529281504,0.25025441402947235,0.3246672468936865,0.28702986750535814,0,nan,nan,nan,nan,-1.4942275753481116,-1.5628269484411548,-1.623924015503235,-1.131127048608017,nan,nan
bi9,9.0,10.0,3,3,divides late,seed1,0,i,t600,301,600.01,1,301,600.01,5.477225575051661,4,11.02376494273624,nan,11.02376494273624,7.105427357601002e-15,6.445554122852463e-16,6.445554122852463e-16,4,200,0.40821733222921497,0.2622065855207805,0.3522894774875022,0.32922997727788605,200,0.3774392756613548,0.2514024317378219,nan,nan,0,nan,nan,nan,nan,-1.5568538502510727,-1.0700407065002837,-1.5013350231034015,nan,nan,nan
bi9,9.0,10.0,3,3,divides late,seed36,1,a,t600,301,600.01,1,301,600.01,5.477225575051661,135,14.449595933661428,13.028,14.449595933661428,1.3758126039056449,0.09521460739954571,0.09534717409816387,99,200,0.5443033149032178,0.046333169917906473,0.5258583573872221,0.04747101239688419,200,0.34904564848606595,0.029163484373623778,0.310733946072842,0.02387221664274533,81,0.08398046668493271,0.007805831457965086,0.07289488653595393,0.008380188415750368,-9.692596217771664,-9.068927784597138,-8.703728190863629,-9.022487320637369,1.4391984729762077,2.679210352837819
bi9,9.0,10.0,3,3,divides late,seed36,1,i,t600,301,600.01,1,301,600.01,5.477225575051661,132,14.662440197726061,13.084854857819906,14.662440197726061,0.9875224393791603,0.06735048368908683,0.06495573550103213,95,200,0.5488036887712606,0.042121501332049255,0.5294356699289495,0.045443819157225306,200,0.1955922417738284,0.01652550955979786,0.17148749201324148,0.014696362594637663,112,0.08557043050616377,0.008386692017063834,0.0734674199738419,0.00944504988598786,-11.430105524653925,-10.22097048711778,-7.760230183565377,-7.248851940484929,-2.17248311730132,-0.9011794088496262
bi9,9.0,10.0,3,3,divides late,seed36,2,a,t600,301,600.01,1,301,600.01,5.477225575051661,138,14.255383611541603,12.960112551159618,14.255383611541603,1.508815850317199,0.10584182730064272,0.0962255005641737,98,200,0.5526277459652649,0.04335545648670932,0.5325679555444195,0.047146616666193616,200,0.3477671549598513,0.028753382125185148,0.3129829975520349,0.02587777012858245,62,0.08038770818591556,0.007731938936137372,0.06957547232766965,0.007198648489628172,-10.305183127332198,-9.25501098137386,-8.413804212872254,-8.37620459223605,3.2920745139049448,3.7020877286759397
bi9,9.0,10.0,3,3,divides late,seed36,2,i,t600,301,600.01,1,301,600.01,5.477225575051661,133,14.590429828636973,12.929375,14.590429828636973,1.122689240695319,0.07694696139052676,0.07317330874820191,94,200,0.5457572626134833,0.050283177426458166,0.5262789287188085,0.04845324329043231,200,0.1985127948832192,0.017420429970417046,0.17309747745701742,0.014974275096754992,153,0.08708326432475086,0.008741861900564606,0.07676066135679736,0.009516456529734313,-9.323402482045147,-9.35139918817525,-6.978348622802802,-6.673055494383807,-1.1595130476231195,-0.3769630636557542
bi9,9.0,10.0,3,3,divides late,seed36,3,a,t600,301,600.01,1,301,600.01,5.477225575051661,135,14.409670074762374,12.644410159031569,14.409670074762374,1.6732038864747247,0.11611673812055111,0.12929801708512376,100,200,0.5453163252909914,0.04549707441217046,0.5259368208988796,0.04336092342789205,200,0.3523284770354243,0.02988879664465877,0.31711426935555503,0.026153530074431535,179,0.09305138153934718,0.009456276831564562,0.08031643480949395,0.00842038036571451,-9.43356452509899,-9.147379079076915,-7.903019372882148,-7.181296434397818,2.4391583486867647,5.817027277659503
bi9,9.0,10.0,3,3,divides late,seed36,3,i,t600,301,600.01,1,301,600.01,5.477225575051661,133,14.610407343580166,13.365326481257558,14.610407343580166,1.0448898098910242,0.07151681574094855,0.07260198358389627,97,200,0.5455903166151572,0.050407589657608186,0.5277659625421307,0.04708832455324108,200,0.2047791997326637,0.01854165758669876,0.1783895289388672,0.015342910906545817,21,0.0799126832732515,0.012025898346146906,0.06910416743058366,0.007305460818523921,-9.40480400063436,-9.666174859196719,-7.187188274219542,-6.894881030029204,-0.6981488858994875,0.4787947318043863
bi9,9.0,10.0,3,3,divides late,smallpert,1,a,t600,301,600.01,1,301,600.01,5.477225575051661,0,0.0,nan,nan,nan,nan,nan,0,0,nan,nan,nan,nan,0,nan,nan,nan,nan,0,nan,nan,nan,nan,nan,nan,nan,nan,nan,nan
bi9,9.0,10.0,3,3,divides late,smallpert,1,i,t600,301,600.01,1,301,600.01,5.477225575051661,0,0.0,nan,nan,nan,nan,nan,0,0,nan,nan,nan,nan,0,nan,nan,nan,nan,0,nan,nan,nan,nan,nan,nan,nan,nan,nan,nan
bi9,9.0,10.0,3,3,divides late,smallpert,2,a,t600,301,600.01,1,301,600.01,5.477225575051661,0,0.0,nan,nan,nan,nan,nan,0,0,nan,nan,nan,nan,0,nan,nan,nan,nan,0,nan,nan,nan,nan,nan,nan,nan,nan,nan,nan
bi9,9.0,10.0,3,3,divides late,smallpert,2,i,t600,301,600.01,1,301,600.01,5.477225575051661,0,0.0,nan,nan,nan,nan,nan,0,0,nan,nan,nan,nan,0,nan,nan,nan,nan,0,nan,nan,nan,nan,nan,nan,nan,nan,nan,nan
bi9,9.0,10.0,3,3,divides late,smallpert,3,a,t600,301,600.01,1,301,600.01,5.477225575051661,0,0.0,nan,nan,nan,nan,nan,0,0,nan,nan,nan,nan,0,nan,nan,nan,nan,0,nan,nan,nan,nan,nan,nan,nan,nan,nan,nan
bi9,9.0,10.0,3,3,divides late,smallpert,3,i,t600,301,600.01,1,301,600.01,5.477225575051661,0,0.0,nan,nan,nan,nan,nan,0,0,nan,nan,nan,nan,0,nan,nan,nan,nan,0,nan,nan,nan,nan,nan,nan,nan,nan,nan,nan
