set,b_i,D_i,n_a,n_i,anchor,condition,replicate,channel,point,frame,t,reached,own_channel_frame,own_channel_t,lambda_i,n_real,field_mean,field_var,fft_peak_k,fft_peak_wavelength,fft_peak_power,fft_peak_prominence,fft_peak_prominence_rel,fft_peak_width_k,fft_peak_width_rel,fft_peak_fwhm_k,fft_peak_fwhm_rel,fft_peak_fwhm_border,fft_total_power,fft_power_in_band
bi0,0.0,10.0,3,3,"JA, no inhibitor",nucl,1,a,cov10,6,10.01,1,6,10.01,5.477225575051661,1,4.390467773343413,1.1051013915871826,0.10995574287564278,57.14285714285713,113.00828684495295,52.6546202346771,0.46593592120300953,0.1077383546019343,0.9798338111705881,0.17589008107912296,1.5996443339758095,1,36205.22004034911,0.31607857180830007
bi0,0.0,10.0,3,3,"JA, no inhibitor",nucl,1,a,cov20,6,10.01,1,6,10.01,5.477225575051661,1,4.390467773343413,1.1051013915871826,0.10995574287564278,57.14285714285713,113.00828684495295,52.6546202346771,0.46593592120300953,0.1077383546019343,0.9798338111705881,0.17589008107912296,1.5996443339758095,1,36205.22004034911,0.31607857180830007
bi0,0.0,10.0,3,3,"JA, no inhibitor",nucl,1,a,t600,301,600.01,1,301,600.01,5.477225575051661,1,4.959341441174117,7.888609052210118e-31,0.26703537555513246,23.529411764705877,1.6720774160003398e-35,3.044240421520123e-36,0.1820633657502557,0.021070213243130735,0.07890420210928403,0.21794821682766857,0.8161773187338272,1,1.7669478336669142e-26,4.163756558185058e-08
bi0,0.0,10.0,3,3,"JA, no inhibitor",nucl,1,i,cov10,6,10.01,1,,,5.477225575051661,0,0.0,0.0,nan,nan,nan,nan,nan,nan,nan,nan,nan,nan,0.0,nan
bi0,0.0,10.0,3,3,"JA, no inhibitor",nucl,1,i,cov20,6,10.01,1,,,5.477225575051661,0,0.0,0.0,nan,nan,nan,nan,nan,nan,nan,nan,nan,nan,0.0,nan
bi0,0.0,10.0,3,3,"JA, no inhibitor",nucl,1,i,t600,301,600.01,1,301,600.01,5.477225575051661,0,0.0,0.0,nan,nan,nan,nan,nan,nan,nan,nan,nan,nan,0.0,nan
bi0,0.0,10.0,3,3,"JA, no inhibitor",nucl,2,a,cov10,6,10.01,1,6,10.01,5.477225575051661,1,4.462745875370069,0.9479057753810226,0.17278759594743864,36.36363636363636,81.4140157621756,30.407187617513998,0.3734883647840029,0.045743286380948406,0.26473709602894957,0.20816557989034012,1.2047484007686717,1,28490.7385338354,0.2160458938703534
bi0,0.0,10.0,3,3,"JA, no inhibitor",nucl,2,a,cov20,6,10.01,1,6,10.01,5.477225575051661,1,4.462745875370069,0.9479057753810226,0.17278759594743864,36.36363636363636,81.4140157621756,30.407187617513998,0.3734883647840029,0.045743286380948406,0.26473709602894957,0.20816557989034012,1.2047484007686717,1,28490.7385338354,0.2160458938703534
bi0,0.0,10.0,3,3,"JA, no inhibitor",nucl,2,a,t600,301,600.01,1,301,600.01,5.477225575051661,1,4.959341441174117,7.888609052210118e-31,0.26703537555513246,23.529411764705877,1.6720774160003398e-35,3.044240421520123e-36,0.1820633657502557,0.021070213243130735,0.07890420210928403,0.21794821682766857,0.8161773187338272,1,1.7669478336669142e-26,4.163756558185058e-08
bi0,0.0,10.0,3,3,"JA, no inhibitor",nucl,2,i,cov10,6,10.01,1,,,5.477225575051661,0,0.0,0.0,nan,nan,nan,nan,nan,nan,nan,nan,nan,nan,0.0,nan
bi0,0.0,10.0,3,3,"JA, no inhibitor",nucl,2,i,cov20,6,10.01,1,,,5.477225575051661,0,0.0,0.0,nan,nan,nan,nan,nan,nan,nan,nan,nan,nan,0.0,nan
bi0,0.0,10.0,3,3,"JA, no inhibitor",nucl,2,i,t600,301,600.01,1,301,600.01,5.477225575051661,0,0.0,0.0,nan,nan,nan,nan,nan,nan,nan,nan,nan,nan,0.0,nan
bi0,0.0,10.0,3,3,"JA, no inhibitor",nucl,3,a,cov10,6,10.01,1,6,10.01,5.477225575051661,1,4.368739101354333,1.230425854622549,0.10995574287564278,57.14285714285713,188.05921290035505,105.83637407993236,0.5627821814611697,0.05435124842044813,0.49430113424742217,0.08405979797995776,0.764487563646651,0,58378.542225237456,0.12052059662026544
bi0,0.0,10.0,3,3,"JA, no inhibitor",nucl,3,a,cov20,6,10.01,1,6,10.01,5.477225575051661,1,4.368739101354333,1.230425854622549,0.10995574287564278,57.14285714285713,188.05921290035505,105.83637407993236,0.5627821814611697,0.05435124842044813,0.49430113424742217,0.08405979797995776,0.764487563646651,0,58378.542225237456,0.12052059662026544
bi0,0.0,10.0,3,3,"JA, no inhibitor",nucl,3,a,t600,301,600.01,1,301,600.01,5.477225575051661,1,4.959341441174117,7.888609052210118e-31,0.26703537555513246,23.529411764705877,1.6720774160003398e-35,3.044240421520123e-36,0.1820633657502557,0.021070213243130735,0.07890420210928403,0.21794821682766857,0.8161773187338272,1,1.7669478336669142e-26,4.163756558185058e-08
bi0,0.0,10.0,3,3,"JA, no inhibitor",nucl,3,i,cov10,6,10.01,1,,,5.477225575051661,0,0.0,0.0,nan,nan,nan,nan,nan,nan,nan,nan,nan,nan,0.0,nan
bi0,0.0,10.0,3,3,"JA, no inhibitor",nucl,3,i,cov20,6,10.01,1,,,5.477225575051661,0,0.0,0.0,nan,nan,nan,nan,nan,nan,nan,nan,nan,nan,0.0,nan
bi0,0.0,10.0,3,3,"JA, no inhibitor",nucl,3,i,t600,301,600.01,1,301,600.01,5.477225575051661,0,0.0,0.0,nan,nan,nan,nan,nan,nan,nan,nan,nan,nan,0.0,nan
bi0,0.0,10.0,3,3,"JA, no inhibitor",random,1,a,cov10,6,10.01,1,6,10.01,5.477225575051661,1,4.958259850988547,8.77797553038688e-07,0.39269908169872414,16.0,3.0402007834107838e-05,1.718273435840018e-05,0.5651841961280916,0.07321764260876594,0.186447195883534,0.2559447344210748,0.6517579142633028,0,0.028586008150727264,0.21938741819176008
bi0,0.0,10.0,3,3,"JA, no inhibitor",random,1,a,cov20,6,10.01,1,6,10.01,5.477225575051661,1,4.958259850988547,8.77797553038688e-07,0.39269908169872414,16.0,3.0402007834107838e-05,1.718273435840018e-05,0.5651841961280916,0.07321764260876594,0.186447195883534,0.2559447344210748,0.6517579142633028,0,0.028586008150727264,0.21938741819176008
bi0,0.0,10.0,3,3,"JA, no inhibitor",random,1,a,t600,301,600.01,1,301,600.01,5.477225575051661,1,4.959341441174117,7.888609052210118e-31,0.26703537555513246,23.529411764705877,1.6720774160003398e-35,3.044240421520123e-36,0.1820633657502557,0.021070213243130735,0.07890420210928403,0.21794821682766857,0.8161773187338272,1,1.7669478336669142e-26,4.163756558185058e-08
bi0,0.0,10.0,3,3,"JA, no inhibitor",random,1,i,cov10,6,10.01,1,,,5.477225575051661,0,0.0,0.0,nan,nan,nan,nan,nan,nan,nan,nan,nan,nan,0.0,nan
bi0,0.0,10.0,3,3,"JA, no inhibitor",random,1,i,cov20,6,10.01,1,,,5.477225575051661,0,0.0,0.0,nan,nan,nan,nan,nan,nan,nan,nan,nan,nan,0.0,nan
bi0,0.0,10.0,3,3,"JA, no inhibitor",random,1,i,t600,301,600.01,1,301,600.01,5.477225575051661,0,0.0,0.0,nan,nan,nan,nan,nan,nan,nan,nan,nan,nan,0.0,nan
bi0,0.0,10.0,3,3,"JA, no inhibitor",random,2,a,cov10,6,10.01,1,6,10.01,5.477225575051661,1,4.958282272533598,7.762831020645924e-07,0.10995574287564278,57.14285714285713,2.9784452297439998e-05,1.1570680988645058e-05,0.38848056942915715,0.04756139561262593,0.4325503549770628,0.17299738648049023,1.573336525734231,1,0.01848375258037383,0.07408962478113075
bi0,0.0,10.0,3,3,"JA, no inhibitor",random,2,a,cov20,6,10.01,1,6,10.01,5.477225575051661,1,4.958282272533598,7.762831020645924e-07,0.10995574287564278,57.14285714285713,2.9784452297439998e-05,1.1570680988645058e-05,0.38848056942915715,0.04756139561262593,0.4325503549770628,0.17299738648049023,1.573336525734231,1,0.01848375258037383,0.07408962478113075
bi0,0.0,10.0,3,3,"JA, no inhibitor",random,2,a,t600,301,600.01,1,301,600.01,5.477225575051661,1,4.959341441174117,7.888609052210118e-31,0.26703537555513246,23.529411764705877,1.6720774160003398e-35,3.044240421520123e-36,0.1820633657502557,0.021070213243130735,0.07890420210928403,0.21794821682766857,0.8161773187338272,1,1.7669478336669142e-26,4.163756558185058e-08
bi0,0.0,10.0,3,3,"JA, no inhibitor",random,2,i,cov10,6,10.01,1,,,5.477225575051661,0,0.0,0.0,nan,nan,nan,nan,nan,nan,nan,nan,nan,nan,0.0,nan
bi0,0.0,10.0,3,3,"JA, no inhibitor",random,2,i,cov20,6,10.01,1,,,5.477225575051661,0,0.0,0.0,nan,nan,nan,nan,nan,nan,nan,nan,nan,nan,0.0,nan
bi0,0.0,10.0,3,3,"JA, no inhibitor",random,2,i,t600,301,600.01,1,301,600.01,5.477225575051661,0,0.0,0.0,nan,nan,nan,nan,nan,nan,nan,nan,nan,nan,0.0,nan
bi0,0.0,10.0,3,3,"JA, no inhibitor",random,3,a,cov10,6,10.01,1,6,10.01,5.477225575051661,1,4.95827854985931,8.360118998083009e-07,0.2356194490192345,26.666666666666664,2.4238330223354653e-05,1.3688872721331442e-05,0.5647613756883977,0.04746615702498944,0.201452627202751,0.16676722601139077,0.7077820897449638,0,0.02110351334708826,0.09799397105157244
bi0,0.0,10.0,3,3,"JA, no inhibitor",random,3,a,cov20,6,10.01,1,6,10.01,5.477225575051661,1,4.95827854985931,8.360118998083009e-07,0.2356194490192345,26.666666666666664,2.4238330223354653e-05,1.3688872721331442e-05,0.5647613756883977,0.04746615702498944,0.201452627202751,0.16676722601139077,0.7077820897449638,0,0.02110351334708826,0.09799397105157244
bi0,0.0,10.0,3,3,"JA, no inhibitor",random,3,a,t600,301,600.01,1,301,600.01,5.477225575051661,1,4.959341441174117,7.888609052210118e-31,0.26703537555513246,23.529411764705877,1.6720774160003398e-35,3.044240421520123e-36,0.1820633657502557,0.021070213243130735,0.07890420210928403,0.21794821682766857,0.8161773187338272,1,1.7669478336669142e-26,4.163756558185058e-08
bi0,0.0,10.0,3,3,"JA, no inhibitor",random,3,i,cov10,6,10.01,1,,,5.477225575051661,0,0.0,0.0,nan,nan,nan,nan,nan,nan,nan,nan,nan,nan,0.0,nan
bi0,0.0,10.0,3,3,"JA, no inhibitor",random,3,i,cov20,6,10.01,1,,,5.477225575051661,0,0.0,0.0,nan,nan,nan,nan,nan,nan,nan,nan,nan,nan,0.0,nan
bi0,0.0,10.0,3,3,"JA, no inhibitor",random,3,i,t600,301,600.01,1,301,600.01,5.477225575051661,0,0.0,0.0,nan,nan,nan,nan,nan,nan,nan,nan,nan,nan,0.0,nan
bi0,0.0,10.0,3,3,"JA, no inhibitor",seed1,0,a,cov10,26,50.01,1,26,50.01,5.477225575051661,1,1.231649575941871,4.444794828560555,0.17278759594743864,36.36363636363636,222.5987660399538,83.4374748358592,0.3748335011923794,0.02299699721256306,0.13309402845999815,0.11369383744784689,0.6579976810513188,1,400482.5436851144,0.025014408563019817
bi0,0.0,10.0,3,3,"JA, no inhibitor",seed1,0,a,cov20,31,60.01,1,31,60.01,5.477225575051661,1,1.7944745769312633,5.502088545881979,0.20420352248333656,30.769230769230766,45.96302568790801,10.567433288750209,0.2299116111394359,0.026253336580481235,0.12856456275196507,0.1669507135054675,0.8175701940650462,1,291402.27312158543,0.005993758927926244
bi0,0.0,10.0,3,3,"JA, no inhibitor",seed1,0,a,t600,301,600.01,1,301,600.01,5.477225575051661,1,4.959341441174117,7.888609052210118e-31,0.26703537555513246,23.529411764705877,1.6720774160003398e-35,3.044240421520123e-36,0.1820633657502557,0.021070213243130735,0.07890420210928403,0.21794821682766857,0.8161773187338272,1,1.7669478336669142e-26,4.163756558185058e-08
bi0,0.0,10.0,3,3,"JA, no inhibitor",seed1,0,i,cov10,26,50.01,1,,,5.477225575051661,0,0.0,0.0,nan,nan,nan,nan,nan,nan,nan,nan,nan,nan,0.0,nan
bi0,0.0,10.0,3,3,"JA, no inhibitor",seed1,0,i,cov20,31,60.01,1,,,5.477225575051661,0,0.0,0.0,nan,nan,nan,nan,nan,nan,nan,nan,nan,nan,0.0,nan
bi0,0.0,10.0,3,3,"JA, no inhibitor",seed1,0,i,t600,301,600.01,1,301,600.01,5.477225575051661,0,0.0,0.0,nan,nan,nan,nan,nan,nan,nan,nan,nan,nan,0.0,nan
bi0,0.0,10.0,3,3,"JA, no inhibitor",seed36,1,a,cov10,6,10.01,1,6,10.01,5.477225575051661,14,1.3166226153121774,4.117548931409076,0.1413716694115407,44.44444444444444,922.224826238331,390.19118019724954,0.4230976754212993,0.05575497872883502,0.3943857985190032,0.12493258916340441,0.8837172941611009,1,150964.4122407603,0.3117991514430632
bi0,0.0,10.0,3,3,"JA, no inhibitor",seed36,1,a,cov20,6,10.01,1,6,10.01,5.477225575051661,14,1.3166226153121774,4.117548931409076,0.1413716694115407,44.44444444444444,922.224826238331,390.19118019724954,0.4230976754212993,0.05575497872883502,0.3943857985190032,0.12493258916340441,0.8837172941611009,1,150964.4122407603,0.3117991514430632
bi0,0.0,10.0,3,3,"JA, no inhibitor",seed36,1,a,t600,301,600.01,1,301,600.01,5.477225575051661,1,4.959341441174117,7.888609052210118e-31,0.26703537555513246,23.529411764705877,1.6720774160003398e-35,3.044240421520123e-36,0.1820633657502557,0.021070213243130735,0.07890420210928403,0.21794821682766857,0.8161773187338272,1,1.7669478336669142e-26,4.163756558185058e-08
bi0,0.0,10.0,3,3,"JA, no inhibitor",seed36,1,i,cov10,6,10.01,1,,,5.477225575051661,0,0.0,0.0,nan,nan,nan,nan,nan,nan,nan,nan,nan,nan,0.0,nan
bi0,0.0,10.0,3,3,"JA, no inhibitor",seed36,1,i,cov20,6,10.01,1,,,5.477225575051661,0,0.0,0.0,nan,nan,nan,nan,nan,nan,nan,nan,nan,nan,0.0,nan
bi0,0.0,10.0,3,3,"JA, no inhibitor",seed36,1,i,t600,301,600.01,1,301,600.01,5.477225575051661,0,0.0,0.0,nan,nan,nan,nan,nan,nan,nan,nan,nan,nan,0.0,nan
bi0,0.0,10.0,3,3,"JA, no inhibitor",seed36,2,a,cov10,6,10.01,1,6,10.01,5.477225575051661,16,1.2623185788260585,4.021159841989154,0.5183627878423159,12.12121212121212,27.67000718880711,11.995219524329567,0.433509808742724,0.09408785153300146,0.18150965644089143,0.539407163693769,1.040597775042939,1,197908.70938204677,0.046016915683348064
bi0,0.0,10.0,3,3,"JA, no inhibitor",seed36,2,a,cov20,6,10.01,1,6,10.01,5.477225575051661,16,1.2623185788260585,4.021159841989154,0.5183627878423159,12.12121212121212,27.67000718880711,11.995219524329567,0.433509808742724,0.09408785153300146,0.18150965644089143,0.539407163693769,1.040597775042939,1,197908.70938204677,0.046016915683348064
bi0,0.0,10.0,3,3,"JA, no inhibitor",seed36,2,a,t600,301,600.01,1,301,600.01,5.477225575051661,1,4.959341441174117,7.888609052210118e-31,0.26703537555513246,23.529411764705877,1.6720774160003398e-35,3.044240421520123e-36,0.1820633657502557,0.021070213243130735,0.07890420210928403,0.21794821682766857,0.8161773187338272,1,1.7669478336669142e-26,4.163756558185058e-08
bi0,0.0,10.0,3,3,"JA, no inhibitor",seed36,2,i,cov10,6,10.01,1,,,5.477225575051661,0,0.0,0.0,nan,nan,nan,nan,nan,nan,nan,nan,nan,nan,0.0,nan
bi0,0.0,10.0,3,3,"JA, no inhibitor",seed36,2,i,cov20,6,10.01,1,,,5.477225575051661,0,0.0,0.0,nan,nan,nan,nan,nan,nan,nan,nan,nan,nan,0.0,nan
bi0,0.0,10.0,3,3,"JA, no inhibitor",seed36,2,i,t600,301,600.01,1,301,600.01,5.477225575051661,0,0.0,0.0,nan,nan,nan,nan,nan,nan,nan,nan,nan,nan,0.0,nan
bi0,0.0,10.0,3,3,"JA, no inhibitor",seed36,3,a,cov10,6,10.01,1,6,10.01,5.477225575051661,21,1.293427110093819,4.0430717362825845,0.1413716694115407,44.44444444444444,1084.5042953892437,752.1262146056711,0.6935207336691299,0.09169889385897281,0.648636988165092,0.11790747678359316,0.834024789226744,0,162393.2655513705,0.5604237548800147
bi0,0.0,10.0,3,3,"JA, no inhibitor",seed36,3,a,cov20,6,10.01,1,6,10.01,5.477225575051661,21,1.293427110093819,4.0430717362825845,0.1413716694115407,44.44444444444444,1084.5042953892437,752.1262146056711,0.6935207336691299,0.09169889385897281,0.648636988165092,0.11790747678359316,0.834024789226744,0,162393.2655513705,0.5604237548800147
bi0,0.0,10.0,3,3,"JA, no inhibitor",seed36,3,a,t600,301,600.01,1,301,600.01,5.477225575051661,1,4.959341441174117,7.888609052210118e-31,0.26703537555513246,23.529411764705877,1.6720774160003398e-35,3.044240421520123e-36,0.1820633657502557,0.021070213243130735,0.07890420210928403,0.21794821682766857,0.8161773187338272,1,1.7669478336669142e-26,4.163756558185058e-08
bi0,0.0,10.0,3,3,"JA, no inhibitor",seed36,3,i,cov10,6,10.01,1,,,5.477225575051661,0,0.0,0.0,nan,nan,nan,nan,nan,nan,nan,nan,nan,nan,0.0,nan
bi0,0.0,10.0,3,3,"JA, no inhibitor",seed36,3,i,cov20,6,10.01,1,,,5.477225575051661,0,0.0,0.0,nan,nan,nan,nan,nan,nan,nan,nan,nan,nan,0.0,nan
bi0,0.0,10.0,3,3,"JA, no inhibitor",seed36,3,i,t600,301,600.01,1,301,600.01,5.477225575051661,0,0.0,0.0,nan,nan,nan,nan,nan,nan,nan,nan,nan,nan,0.0,nan
bi0,0.0,10.0,3,3,"JA, no inhibitor",smallpert,1,a,cov10,6,10.01,1,6,10.01,5.477225575051661,1,4.959341416127665,3.8232843153120954e-11,0.3612831551628263,17.391304347826082,9.573954484592967e-11,6.584099874447651e-11,0.6877095441641397,0.18099962046445137,0.5009910312117288,0.293147940210046,0.8114077172458469,0,1.137836859583056e-06,0.02697899250427291
bi0,0.0,10.0,3,3,"JA, no inhibitor",smallpert,1,a,cov20,6,10.01,1,6,10.01,5.477225575051661,1,4.959341416127665,3.8232843153120954e-11,0.3612831551628263,17.391304347826082,9.573954484592967e-11,6.584099874447651e-11,0.6877095441641397,0.18099962046445137,0.5009910312117288,0.293147940210046,0.8114077172458469,0,1.137836859583056e-06,0.02697899250427291
bi0,0.0,10.0,3,3,"JA, no inhibitor",smallpert,1,a,t600,301,600.01,1,301,600.01,5.477225575051661,1,4.95934144117416,1.898627350128401e-27,0.39269908169872414,16.0,5.8069636299136326e-27,3.4636287483711344e-27,0.5964612436228827,0.166059507678764,0.42286706391170953,0.44564644454645175,1.1348293523343362,0,5.804204010783165e-23,0.03236575771381223
bi0,0.0,10.0,3,3,"JA, no inhibitor",smallpert,1,i,cov10,6,10.01,1,6,10.01,5.477225575051661,1,6.620267246248085e-15,7.400297445665796e-36,0.48694686130641796,12.903225806451612,6.403484750210994e-41,4.0102733084224296e-41,0.6262642084515453,0.046516163222151276,0.09552615884483615,0.0778275787229733,0.1598276627436751,0,1.9496750566335117e-31,5.7580155136850696e-08
bi0,0.0,10.0,3,3,"JA, no inhibitor",smallpert,1,i,cov20,6,10.01,1,6,10.01,5.477225575051661,1,6.620267246248085e-15,7.400297445665796e-36,0.48694686130641796,12.903225806451612,6.403484750210994e-41,4.0102733084224296e-41,0.6262642084515453,0.046516163222151276,0.09552615884483615,0.0778275787229733,0.1598276627436751,0,1.9496750566335117e-31,5.7580155136850696e-08
bi0,0.0,10.0,3,3,"JA, no inhibitor",smallpert,1,i,t600,301,600.01,1,301,600.01,5.477225575051661,1,2.413456742418074e-143,6.362938689558313e-296,0.6440264939859076,9.75609756097561,1.521287860144382e-301,1.865302936726971e-302,0.12261341101807907,0.019967197415033295,0.031003689446773303,0.5999974449994904,0.9316347240407462,1,8.375840690953693e-292,1.997908876139669e-08
bi0,0.0,10.0,3,3,"JA, no inhibitor",smallpert,2,a,cov10,6,10.01,1,6,10.01,5.477225575051661,1,4.959341449231731,3.845874623412625e-11,0.10995574287564278,57.14285714285713,1.0440847868780304e-10,4.8439805988491256e-11,0.46394513738039916,0.03353441781561684,0.3049810490893908,0.2597888721815761,2.3626676095980805,1,1.135891112526744e-06,0.0029586978034662056
bi0,0.0,10.0,3,3,"JA, no inhibitor",smallpert,2,a,cov20,6,10.01,1,6,10.01,5.477225575051661,1,4.959341449231731,3.845874623412625e-11,0.10995574287564278,57.14285714285713,1.0440847868780304e-10,4.8439805988491256e-11,0.46394513738039916,0.03353441781561684,0.3049810490893908,0.2597888721815761,2.3626676095980805,1,1.135891112526744e-06,0.0029586978034662056
bi0,0.0,10.0,3,3,"JA, no inhibitor",smallpert,2,a,t600,301,600.01,1,301,600.01,5.477225575051661,1,4.95934144117416,1.8997705476307247e-27,0.10995574287564278,57.14285714285713,7.758561838487854e-27,4.817034484168691e-27,0.62086693184204,0.05053556075955807,0.45959910267454185,0.07983415781905204,0.7260571911131781,0,5.857564340638338e-23,0.005383595247710462
bi0,0.0,10.0,3,3,"JA, no inhibitor",smallpert,2,i,cov10,6,10.01,1,6,10.01,5.477225575051661,1,6.619403961555323e-15,8.998366961256007e-36,0.6440264939859076,9.75609756097561,2.3936649824568045e-41,4.2802968663293923e-44,0.0017881770831339107,0.015761718532193256,0.024473711375821362,0.5955481658227827,0.924726189658611,1,2.0837445326212077e-31,2.4790847277857963e-08
bi0,0.0,10.0,3,3,"JA, no inhibitor",smallpert,2,i,cov20,6,10.01,1,6,10.01,5.477225575051661,1,6.619403961555323e-15,8.998366961256007e-36,0.6440264939859076,9.75609756097561,2.3936649824568045e-41,4.2802968663293923e-44,0.0017881770831339107,0.015761718532193256,0.024473711375821362,0.5955481658227827,0.924726189658611,1,2.0837445326212077e-31,2.4790847277857963e-08
bi0,0.0,10.0,3,3,"JA, no inhibitor",smallpert,2,i,t600,301,600.01,1,301,600.01,5.477225575051661,1,2.4131420269866754e-143,9.67761711124128e-296,0.6440264939859076,9.75609756097561,2.255964839777462e-301,5.427325173288154e-302,0.2405766737846645,0.023537412092219726,0.03654727299578263,0.5981291409047171,0.9287337500711659,1,1.2776590517827869e-291,1.942271938896806e-08
bi0,0.0,10.0,3,3,"JA, no inhibitor",smallpert,3,a,cov10,6,10.01,1,6,10.01,5.477225575051661,1,4.959341456219228,3.834843238426355e-11,0.2356194490192345,26.666666666666664,8.723394291078277e-11,5.4386697170465076e-11,0.6234579723868297,0.05827453650625354,0.24732481443624957,0.13659564998580492,0.5797299440024329,0,1.1440935526028766e-06,0.00666311571436462
bi0,0.0,10.0,3,3,"JA, no inhibitor",smallpert,3,a,cov20,6,10.01,1,6,10.01,5.477225575051661,1,4.959341456219228,3.834843238426355e-11,0.2356194490192345,26.666666666666664,8.723394291078277e-11,5.4386697170465076e-11,0.6234579723868297,0.05827453650625354,0.24732481443624957,0.13659564998580492,0.5797299440024329,0,1.1440935526028766e-06,0.00666311571436462
bi0,0.0,10.0,3,3,"JA, no inhibitor",smallpert,3,a,t600,301,600.01,1,301,600.01,5.477225575051661,1,4.9593414411741605,1.8996584504960928e-27,0.48694686130641796,12.903225806451612,4.284482633188768e-27,2.1034287578726455e-27,0.4909411329104042,0.18588375727232814,0.38173314594045255,1.7889666432784745,3.6738436684423825,1,5.879627897405047e-23,0.0308623901326486
bi0,0.0,10.0,3,3,"JA, no inhibitor",smallpert,3,i,cov10,6,10.01,1,6,10.01,5.477225575051661,1,6.622240390449879e-15,1.8555544726131727e-35,0.48694686130641796,12.903225806451612,8.675092763041e-40,2.7356410181222315e-40,0.31534429577249495,0.0331393848322079,0.06805544396219959,0.463626581089848,0.9521091887644485,1,2.083294335531857e-31,8.309505712341301e-07
bi0,0.0,10.0,3,3,"JA, no inhibitor",smallpert,3,i,cov20,6,10.01,1,6,10.01,5.477225575051661,1,6.622240390449879e-15,1.8555544726131727e-35,0.48694686130641796,12.903225806451612,8.675092763041e-40,2.7356410181222315e-40,0.31534429577249495,0.0331393848322079,0.06805544396219959,0.463626581089848,0.9521091887644485,1,2.083294335531857e-31,8.309505712341301e-07
bi0,0.0,10.0,3,3,"JA, no inhibitor",smallpert,3,i,t600,301,600.01,1,301,600.01,5.477225575051661,1,2.4141760635573053e-143,1.5222567343412576e-295,0.26703537555513246,23.529411764705877,3.118427232143056e-298,2.0721175561620774e-298,0.664475199165725,0.031690336052037096,0.11867467366882359,0.047692278194619686,0.17859910169382437,0,2.0089307009817605e-291,9.8458580794064e-06
bi12,12.0,10.0,3,3,arrests; Fig 1C irregular spots,nucl,1,a,t600,301,600.01,1,301,600.01,5.477225575051661,231,0.2930236720572502,0.5315842241526307,0.5183627878423159,12.12121212121212,13.81915988260165,13.683144369547948,0.9901574687456257,0.197162912024724,0.3803569944621492,0.19837721650295786,0.38269957094856794,0,20582.262736621517,0.34891130716004237
bi12,12.0,10.0,3,3,arrests; Fig 1C irregular spots,nucl,1,i,t600,301,600.01,1,301,600.01,5.477225575051661,128,1.2159634377561324,0.06623227092093181,0.5183627878423159,12.12121212121212,4.127178403357174,3.854411213563151,0.9339095228904701,0.15726951569409414,0.3033966160046484,0.16963528395511057,0.32725204805155306,0,2539.5011730407905,0.6196760663494641
bi12,12.0,10.0,3,3,arrests; Fig 1C irregular spots,nucl,2,a,t600,301,600.01,1,301,600.01,5.477225575051661,229,0.28967941697595906,0.5310514728793215,0.5497787143782138,11.428571428571429,14.131435811053949,13.99184874552182,0.9901222305080323,0.1916472211844432,0.3485897437866278,0.1953711040033504,0.3553631650223314,0,21020.964424762373,0.34739222537943154
bi12,12.0,10.0,3,3,arrests; Fig 1C irregular spots,nucl,2,i,t600,301,600.01,1,301,600.01,5.477225575051661,136,1.2072456395530933,0.06860768585819207,0.5183627878423159,12.12121212121212,3.8229123267733964,3.4968810148123595,0.9147165082291561,0.17441816386710723,0.33647894478136153,0.19218749600247248,0.3707586665363317,0,2583.7142533995875,0.6721586504959867
bi12,12.0,10.0,3,3,arrests; Fig 1C irregular spots,nucl,3,a,t600,301,600.01,1,301,600.01,5.477225575051661,228,0.2919674140894836,0.5382676529334417,0.5497787143782138,11.428571428571429,15.23243721915884,15.095258504664717,0.9909943029785421,0.17863632826414255,0.32492405324599705,0.1798850563236306,0.3271953817402265,0,21075.551202075374,0.3522875885645743
bi12,12.0,10.0,3,3,arrests; Fig 1C irregular spots,nucl,3,i,t600,301,600.01,1,301,600.01,5.477225575051661,157,1.2105728051845834,0.06837617748848394,0.5183627878423159,12.12121212121212,4.3592446518438726,4.076750974377925,0.935196645284302,0.15405802371486552,0.2972011636022943,0.16014218746046888,0.308938433113728,0,2684.261622665589,0.6097417627186712
bi12,12.0,10.0,3,3,arrests; Fig 1C irregular spots,random,1,a,t600,301,600.01,1,301,600.01,5.477225575051661,61,0.10578581059237208,0.25507246344885454,0.3298672286269283,19.047619047619047,10.055442207571238,8.360669483544868,0.831457166274568,0.13110375693604517,0.39744401855790373,0.15934690450538452,0.48306376225569814,0,8934.938880912276,0.23221628236994463
bi12,12.0,10.0,3,3,arrests; Fig 1C irregular spots,random,1,i,t600,301,600.01,1,301,600.01,5.477225575051661,61,0.5077494501896443,0.1935304697815174,0.26703537555513246,23.529411764705877,14.078495297818108,4.232074879111607,0.3006056250746837,0.044890220430057436,0.16810589359831593,0.28222804367329557,1.0568938407002424,1,7562.826458256042,0.1692860935887499
bi12,12.0,10.0,3,3,arrests; Fig 1C irregular spots,random,2,a,t600,301,600.01,1,301,600.01,5.477225575051661,61,0.10900423157811763,0.2625317267747088,0.3298672286269283,19.047619047619047,10.922634655311155,10.65704653120138,0.9756846097584493,0.19921744603257463,0.6039322149757551,0.20179140921981892,0.6117352428726408,0,11497.416438096148,0.3000322426966028
bi12,12.0,10.0,3,3,arrests; Fig 1C irregular spots,random,2,i,t600,301,600.01,1,301,600.01,5.477225575051661,61,0.5232057517915449,0.18144947736443698,0.26703537555513246,23.529411764705877,19.77301566842294,14.919360515303172,0.754531365649452,0.16724304511187496,0.6262954665246057,0.1957390726314868,0.733008022718227,0,7154.845422627201,0.5976097713464017
bi12,12.0,10.0,3,3,arrests; Fig 1C irregular spots,random,3,a,t600,301,600.01,1,301,600.01,5.477225575051661,56,0.09939848864188527,0.24027455554075933,0.2356194490192345,26.666666666666664,9.076248445233364,8.30970042298813,0.9155435170301218,0.17036568352273557,0.7230544177566087,0.17800494308576315,0.7554764423170853,0,9028.727886231383,0.23966061486086146
bi12,12.0,10.0,3,3,arrests; Fig 1C irregular spots,random,3,i,t600,301,600.01,1,301,600.01,5.477225575051661,56,0.47709827184422354,0.18815676117795802,0.2356194490192345,26.666666666666664,29.24609523744503,19.68374165398175,0.6730382806378818,0.07224927382444542,0.30663544170560997,0.1066863373483995,0.45279087864979384,0,6801.853369765298,0.39522686791726447
bi12,12.0,10.0,3,3,arrests; Fig 1C irregular spots,seed1,0,a,t600,301,600.01,1,301,600.01,5.477225575051661,1,0.001971881169483096,0.004941893991910122,1.932079481957723,3.2520325203252027,0.0038082559585485114,0.0037965209495718407,0.9969185345984088,0.5112645314917684,0.2646187883397624,0.5123055382333077,0.2651575895388127,0,1410.5088937381017,0.01281397201471685
bi12,12.0,10.0,3,3,arrests; Fig 1C irregular spots,seed1,0,i,t600,301,600.01,1,301,600.01,5.477225575051661,1,0.009465029613518732,0.0068923478248199685,1.8378317023500292,3.418803418803418,1.1995962195012935e-05,1.1917941726734528e-05,0.9934961058554483,0.46165190791861954,0.25119378848906937,0.4637051468106006,0.2523109957335388,0,1912.9592078742367,2.5672050941333275e-05
bi12,12.0,10.0,3,3,arrests; Fig 1C irregular spots,seed36,1,a,t600,301,600.01,1,301,600.01,5.477225575051661,36,0.06756011355108374,0.16539900219721404,0.2984513020910303,21.05263157894737,5.642610768865554,4.429684139971632,0.7850415918130428,0.16377065085147405,0.5487349182397687,0.26384544562313483,0.8840485659622273,0,5973.150406789982,0.23421155257017107
bi12,12.0,10.0,3,3,arrests; Fig 1C irregular spots,seed36,1,i,t600,301,600.01,1,301,600.01,5.477225575051661,36,0.3242761430823307,0.15929880833553764,0.1413716694115407,44.44444444444444,18.752183159004264,3.5828697136012124,0.19106413814440695,0.051884743018376665,0.3670094809967712,0.228436969410022,1.6158610162905374,1,5962.196149230012,0.1627948382567195
bi12,12.0,10.0,3,3,arrests; Fig 1C irregular spots,seed36,2,a,t600,301,600.01,1,301,600.01,5.477225575051661,35,0.06612879945441708,0.16194624359070814,0.2984513020910303,21.05263157894737,8.63276825015066,7.171042028555615,0.8306769996322402,0.15107215761708437,0.5061869610171981,0.18270816791731226,0.6121875382590377,0,8600.42960020704,0.24377838352996473
bi12,12.0,10.0,3,3,arrests; Fig 1C irregular spots,seed36,2,i,t600,301,600.01,1,301,600.01,5.477225575051661,35,0.31740807477123845,0.15551317742317947,0.20420352248333656,30.769230769230766,18.073449537468445,0.5892420074447564,0.03260263107068667,0.0208967565002163,0.10233298743375752,0.25656586258308445,1.256422315653349,1,7278.294464944149,0.166428730543785
bi12,12.0,10.0,3,3,arrests; Fig 1C irregular spots,seed36,3,a,t600,301,600.01,1,301,600.01,5.477225575051661,34,0.06416416895409044,0.157240706362621,0.26703537555513246,23.529411764705877,7.350853227009341,6.655756587433021,0.9054400056550828,0.13244162253931224,0.49597032701747107,0.1795004633627753,0.672197318387561,0,6462.837723070111,0.1800384936790748
bi12,12.0,10.0,3,3,arrests; Fig 1C irregular spots,seed36,3,i,t600,301,600.01,1,301,600.01,5.477225575051661,34,0.3079804538301459,0.15395327290809938,0.1413716694115407,44.44444444444444,27.330917328977232,15.905437785098876,0.5819576999062286,0.07953810346751496,0.5626169924893167,0.1374132181811875,0.9719996853200488,0,5926.198292560591,0.40238696203731467
bi12,12.0,10.0,3,3,arrests; Fig 1C irregular spots,smallpert,1,a,t600,301,600.01,1,301,600.01,5.477225575051661,0,6.525605052882788e-262,0.0,nan,nan,nan,nan,nan,nan,nan,nan,nan,nan,0.0,nan
bi12,12.0,10.0,3,3,arrests; Fig 1C irregular spots,smallpert,1,i,t600,301,600.01,1,301,600.01,5.477225575051661,0,1.5015337896521843e-130,3.5592796062553196e-270,0.4241150082346221,14.814814814814813,1.2660978694848848e-274,1.8532189681441055e-276,0.014637248926878713,0.01639982587066187,0.03866834597277307,0.388959966191781,0.9171096486559769,1,4.688578240384187e-266,3.700447610653978e-07
bi12,12.0,10.0,3,3,arrests; Fig 1C irregular spots,smallpert,2,a,t600,301,600.01,1,301,600.01,5.477225575051661,0,6.52704348138421e-262,0.0,nan,nan,nan,nan,nan,nan,nan,nan,nan,nan,0.0,nan
bi12,12.0,10.0,3,3,arrests; Fig 1C irregular spots,smallpert,2,i,t600,301,600.01,1,301,600.01,5.477225575051661,0,1.5017492804042812e-130,4.220337620286606e-270,0.26703537555513246,23.529411764705877,9.903981315190253e-273,9.879148522708126e-273,0.9974926454632906,0.03954990654887815,0.14810736767238775,0.03964932145490552,0.14847965881853534,0,5.5688507031608016e-266,1.1239446674999485e-05
bi12,12.0,10.0,3,3,arrests; Fig 1C irregular spots,smallpert,3,a,t600,301,600.01,1,301,600.01,5.477225575051661,0,6.525789451119288e-262,0.0,nan,nan,nan,nan,nan,nan,nan,nan,nan,nan,0.0,nan
bi12,12.0,10.0,3,3,arrests; Fig 1C irregular spots,smallpert,3,i,t600,301,600.01,1,301,600.01,5.477225575051661,0,1.5016061277392426e-130,1.5415475917285987e-270,0.26703537555513246,23.529411764705877,3.2606726699482265e-273,2.435207708493876e-273,0.7468421258404153,0.03364350305747511,0.1259889368123402,0.0450476772713059,0.1686955414714531,0,2.0346193481227642e-266,1.015584851041959e-05
bi2.5,2.5,10.0,3,3,inside the Turing band,nucl,1,a,cov10,6,10.01,1,6,10.01,5.477225575051661,13,2.391510532806248,2.5635187158412416,0.4241150082346221,14.814814814814813,91.0142614766979,89.51342835662902,0.9835099126695311,0.30863701891345,0.7277201063884794,0.34768455313680013,0.8197883743469405,0,102687.06470849774,0.5745697600749456
bi2.5,2.5,10.0,3,3,inside the Turing band,nucl,1,a,cov20,6,10.01,1,6,10.01,5.477225575051661,13,2.391510532806248,2.5635187158412416,0.4241150082346221,14.814814814814813,91.0142614766979,89.51342835662902,0.9835099126695311,0.30863701891345,0.7277201063884794,0.34768455313680013,0.8197883743469405,0,102687.06470849774,0.5745697600749456
bi2.5,2.5,10.0,3,3,inside the Turing band,nucl,1,a,t600,301,600.01,1,301,600.01,5.477225575051661,7,2.2700218166123896,2.77983982949723,0.5183627878423159,12.12121212121212,194.0531387665308,193.76476350852326,0.9985139366472475,0.15407279703488697,0.29722966356480696,0.15423951277918024,0.29755128338051023,0,110682.24072765213,0.7152941414194185
bi2.5,2.5,10.0,3,3,inside the Turing band,nucl,1,i,cov10,6,10.01,1,6,10.01,5.477225575051661,1,2.3096209322057506,0.0572933578213299,0.2356194490192345,26.666666666666664,5.214174624442574,3.618415791408162,0.6939575392135993,0.12066785404628531,0.5121302785002045,0.1785688572742156,0.7578697684656683,0,2199.2490063431087,0.4240298942723835
bi2.5,2.5,10.0,3,3,inside the Turing band,nucl,1,i,cov20,6,10.01,1,6,10.01,5.477225575051661,1,2.3096209322057506,0.0572933578213299,0.2356194490192345,26.666666666666664,5.214174624442574,3.618415791408162,0.6939575392135993,0.12066785404628531,0.5121302785002045,0.1785688572742156,0.7578697684656683,0,2199.2490063431087,0.4240298942723835
bi2.5,2.5,10.0,3,3,inside the Turing band,nucl,1,i,t600,301,600.01,1,301,600.01,5.477225575051661,1,2.24782598400349,0.037621371122403775,0.48694686130641796,12.903225806451612,2.9744687115058515,2.877995067973928,0.9675660923381901,0.14020671141575997,0.28793020872873637,0.14490806118031524,0.2975849578156124,0,1411.5338875490945,0.6617228043960012
bi2.5,2.5,10.0,3,3,inside the Turing band,nucl,2,a,cov10,6,10.01,1,6,10.01,5.477225575051661,12,2.3925348185716144,2.4964945366934908,0.3612831551628263,17.391304347826082,83.13691398084886,80.21764168086062,0.9648859674938053,0.328104116713317,0.9081633395430356,0.3339317773997166,0.9242937918022147,0,98107.37606362978,0.5313194275738276
bi2.5,2.5,10.0,3,3,inside the Turing band,nucl,2,a,cov20,6,10.01,1,6,10.01,5.477225575051661,12,2.3925348185716144,2.4964945366934908,0.3612831551628263,17.391304347826082,83.13691398084886,80.21764168086062,0.9648859674938053,0.328104116713317,0.9081633395430356,0.3339317773997166,0.9242937918022147,0,98107.37606362978,0.5313194275738276
bi2.5,2.5,10.0,3,3,inside the Turing band,nucl,2,a,t600,301,600.01,1,301,600.01,5.477225575051661,4,2.2735005279686322,2.7775544575979336,0.5183627878423159,12.12121212121212,232.3379075397773,231.8685791707001,0.997979975054235,0.12859574657176198,0.24808059063622512,0.12884479466785814,0.24856104197636242,0,110738.55412173968,0.6818934437025501
bi2.5,2.5,10.0,3,3,inside the Turing band,nucl,2,i,cov10,6,10.01,1,6,10.01,5.477225575051661,1,2.31972419501972,0.05811748126699167,0.2356194490192345,26.666666666666664,5.312522105126739,2.418511872078592,0.45524739929922503,0.14571169939299847,0.6184196593257608,0.2505559646310303,1.0633925411249752,1,2369.6674501066914,0.44211217584230944
bi2.5,2.5,10.0,3,3,inside the Turing band,nucl,2,i,cov20,6,10.01,1,6,10.01,5.477225575051661,1,2.31972419501972,0.05811748126699167,0.2356194490192345,26.666666666666664,5.312522105126739,2.418511872078592,0.45524739929922503,0.14571169939299847,0.6184196593257608,0.2505559646310303,1.0633925411249752,1,2369.6674501066914,0.44211217584230944
bi2.5,2.5,10.0,3,3,inside the Turing band,nucl,2,i,t600,301,600.01,1,301,600.01,5.477225575051661,1,2.250021952517047,0.03777279932382616,0.48694686130641796,12.903225806451612,3.3250576031862766,3.1295487862740115,0.9412013744589217,0.11831303714835043,0.2429690928306453,0.12500238949182307,0.25670642820544565,0,1462.3426240352396,0.6977955103248753
bi2.5,2.5,10.0,3,3,inside the Turing band,nucl,3,a,cov10,6,10.01,1,6,10.01,5.477225575051661,10,2.3883586876734286,2.5758285443153204,0.4241150082346221,14.814814814814813,107.01781728793702,106.15768077648349,0.9919626793626403,0.33520556705296506,0.7903647844207579,0.33724869411544406,0.7951821736260669,0,106072.13750798168,0.6423615850561474
bi2.5,2.5,10.0,3,3,inside the Turing band,nucl,3,a,cov20,6,10.01,1,6,10.01,5.477225575051661,10,2.3883586876734286,2.5758285443153204,0.4241150082346221,14.814814814814813,107.01781728793702,106.15768077648349,0.9919626793626403,0.33520556705296506,0.7903647844207579,0.33724869411544406,0.7951821736260669,0,106072.13750798168,0.6423615850561474
bi2.5,2.5,10.0,3,3,inside the Turing band,nucl,3,a,t600,301,600.01,1,301,600.01,5.477225575051661,5,2.267316926131678,2.8016157258836376,0.5183627878423159,12.12121212121212,257.2839359349782,256.9334555008969,0.9986377679087983,0.1104494169283306,0.21307358382741184,0.11061216266701446,0.21338754490351702,0,112181.91570229208,0.5924258830524521
bi2.5,2.5,10.0,3,3,inside the Turing band,nucl,3,i,cov10,6,10.01,1,6,10.01,5.477225575051661,1,2.3082865968742032,0.05711313215909556,0.20420352248333656,30.769230769230766,5.378758009138596,4.629589767216555,0.8607172435255143,0.24989423500020494,1.2237508538600104,0.2618052794761897,1.2820801340366377,0,2572.3065236235198,0.6001117745483912
bi2.5,2.5,10.0,3,3,inside the Turing band,nucl,3,i,cov20,6,10.01,1,6,10.01,5.477225575051661,1,2.3082865968742032,0.05711313215909556,0.20420352248333656,30.769230769230766,5.378758009138596,4.629589767216555,0.8607172435255143,0.24989423500020494,1.2237508538600104,0.2618052794761897,1.2820801340366377,0,2572.3065236235198,0.6001117745483912
bi2.5,2.5,10.0,3,3,inside the Turing band,nucl,3,i,t600,301,600.01,1,301,600.01,5.477225575051661,1,2.243603029123237,0.0381471781130948,0.48694686130641796,12.903225806451612,3.4345651061775326,3.2953483804508195,0.9594659814494962,0.12539608832466698,0.2575149329194665,0.12995044137508494,0.2668678077653977,0,1523.5628023884096,0.7211341812797908
bi2.5,2.5,10.0,3,3,inside the Turing band,random,1,a,cov10,6,10.01,1,6,10.01,5.477225575051661,1,2.2733911353053626,1.8678412865661849,0.39269908169872414,16.0,70.85086016207468,70.59926261100502,0.9964489132454549,0.3279859834978371,0.8352094486166014,0.3282815064164035,0.83596199154919,0,72498.67802095847,0.6892205245985614
bi2.5,2.5,10.0,3,3,inside the Turing band,random,1,a,cov20,6,10.01,1,6,10.01,5.477225575051661,1,2.2733911353053626,1.8678412865661849,0.39269908169872414,16.0,70.85086016207468,70.59926261100502,0.9964489132454549,0.3279859834978371,0.8352094486166014,0.3282815064164035,0.83596199154919,0,72498.67802095847,0.6892205245985614
bi2.5,2.5,10.0,3,3,inside the Turing band,random,1,a,t600,301,600.01,1,301,600.01,5.477225575051661,1,2.2271793017487975,2.904289514500192,0.48694686130641796,12.903225806451612,267.98984429021635,267.64560815084747,0.9987154881175418,0.12501671257907251,0.2567358422717177,0.12514875422758248,0.25700700460790304,0,116653.83712595538,0.6823316271601276
bi2.5,2.5,10.0,3,3,inside the Turing band,random,1,i,cov10,6,10.01,1,6,10.01,5.477225575051661,1,2.3139399823794338,0.029035861409017757,0.39269908169872414,16.0,2.438087863029391,2.2936042745106624,0.940738973886198,0.17054684391279445,0.4342939717990905,0.17568821294947676,0.4473863605422522,0,1216.1110215352523,0.5721966986884488
bi2.5,2.5,10.0,3,3,inside the Turing band,random,1,i,cov20,6,10.01,1,6,10.01,5.477225575051661,1,2.3139399823794338,0.029035861409017757,0.39269908169872414,16.0,2.438087863029391,2.2936042745106624,0.940738973886198,0.17054684391279445,0.4342939717990905,0.17568821294947676,0.4473863605422522,0,1216.1110215352523,0.5721966986884488
bi2.5,2.5,10.0,3,3,inside the Turing band,random,1,i,t600,301,600.01,1,301,600.01,5.477225575051661,1,2.227180514027494,0.03809152795603731,0.48694686130641796,12.903225806451612,4.28558097190275,4.151873261386637,0.968800563705894,0.11556064784732632,0.23731675266843585,0.11907404801846022,0.24453191401418903,0,1567.7697581171115,0.7887351415405095
bi2.5,2.5,10.0,3,3,inside the Turing band,random,2,a,cov10,6,10.01,1,6,10.01,5.477225575051661,1,2.272556639732496,1.870599352687956,0.48694686130641796,12.903225806451612,65.72752854494749,65.37892105529414,0.994696172252773,0.29484165803012913,0.6054904168374873,0.29563436254494824,0.6071183244754838,0,74432.28942939492,0.6605792532982924
bi2.5,2.5,10.0,3,3,inside the Turing band,random,2,a,cov20,6,10.01,1,6,10.01,5.477225575051661,1,2.272556639732496,1.870599352687956,0.48694686130641796,12.903225806451612,65.72752854494749,65.37892105529414,0.994696172252773,0.29484165803012913,0.6054904168374873,0.29563436254494824,0.6071183244754838,0,74432.28942939492,0.6605792532982924
bi2.5,2.5,10.0,3,3,inside the Turing band,random,2,a,t600,301,600.01,1,301,600.01,5.477225575051661,2,2.227353190715769,2.8984209067681044,0.5183627878423159,12.12121212121212,237.42121715387867,237.2948586469624,0.9994677876373855,0.139487248540833,0.2690919406492283,0.13953318683893612,0.2691805625549294,0,115721.53933432543,0.7249814246710989
bi2.5,2.5,10.0,3,3,inside the Turing band,random,2,i,cov10,6,10.01,1,6,10.01,5.477225575051661,1,2.312580761659328,0.0290127224964467,0.2984513020910303,21.05263157894737,1.7779860387779551,1.529296945582765,0.8601287705464105,0.1736376055792217,0.5817954365173473,0.20150635548605306,0.6751733166323791,0,1087.4375600860892,0.4369529532763815
bi2.5,2.5,10.0,3,3,inside the Turing band,random,2,i,cov20,6,10.01,1,6,10.01,5.477225575051661,1,2.312580761659328,0.0290127224964467,0.2984513020910303,21.05263157894737,1.7779860387779551,1.529296945582765,0.8601287705464105,0.1736376055792217,0.5817954365173473,0.20150635548605306,0.6751733166323791,0,1087.4375600860892,0.4369529532763815
bi2.5,2.5,10.0,3,3,inside the Turing band,random,2,i,t600,301,600.01,1,301,600.01,5.477225575051661,1,2.227353715431331,0.037669914868017906,0.48694686130641796,12.903225806451612,3.1530139492750777,3.0698354393143434,0.9736193650586741,0.13586158039323537,0.27900699478529467,0.1383866776667686,0.28419256527394865,0,1431.6478870779451,0.8071130071247895
bi2.5,2.5,10.0,3,3,inside the Turing band,random,3,a,cov10,6,10.01,1,6,10.01,5.477225575051661,3,2.27501266279029,1.8398767715210131,0.48694686130641796,12.903225806451612,61.002450417478556,60.79312440360743,0.9965685638455738,0.3396541464565818,0.6975178883899814,0.34117633533705854,0.7006438739983348,0,73205.95005285752,0.6660521637787116
bi2.5,2.5,10.0,3,3,inside the Turing band,random,3,a,cov20,6,10.01,1,6,10.01,5.477225575051661,3,2.27501266279029,1.8398767715210131,0.48694686130641796,12.903225806451612,61.002450417478556,60.79312440360743,0.9965685638455738,0.3396541464565818,0.6975178883899814,0.34117633533705854,0.7006438739983348,0,73205.95005285752,0.6660521637787116
bi2.5,2.5,10.0,3,3,inside the Turing band,random,3,a,t600,301,600.01,1,301,600.01,5.477225575051661,1,2.225858800052583,2.9030981018036286,0.5183627878423159,12.12121212121212,207.8120380740723,207.69154013037283,0.9994201589820484,0.14283111428668954,0.27554276201272815,0.14287772052146935,0.27563267246902035,0,115269.94776696089,0.7303791541258708
bi2.5,2.5,10.0,3,3,inside the Turing band,random,3,i,cov10,6,10.01,1,6,10.01,5.477225575051661,1,2.3153977356242916,0.028987870903114173,0.4241150082346221,14.814814814814813,1.5323107827641402,1.4209045025389717,0.9272952448822409,0.2919089419453585,0.6882777932345023,0.30488794128187485,0.7188803399129172,0,1031.043842951829,0.7298717771183554
bi2.5,2.5,10.0,3,3,inside the Turing band,random,3,i,cov20,6,10.01,1,6,10.01,5.477225575051661,1,2.3153977356242916,0.028987870903114173,0.4241150082346221,14.814814814814813,1.5323107827641402,1.4209045025389717,0.9272952448822409,0.2919089419453585,0.6882777932345023,0.30488794128187485,0.7188803399129172,0,1031.043842951829,0.7298717771183554
bi2.5,2.5,10.0,3,3,inside the Turing band,random,3,i,t600,301,600.01,1,301,600.01,5.477225575051661,1,2.225860214136823,0.03774636831873762,0.48694686130641796,12.903225806451612,2.6788765315806913,2.6232547308307907,0.9792368927443325,0.17850562149862445,0.366581316531574,0.18049721702613047,0.37067128134244226,0,1433.2287847053665,0.8089501832731477
bi2.5,2.5,10.0,3,3,inside the Turing band,seed1,0,a,cov10,61,120.01,1,61,120.01,5.477225575051661,3,0.49558880103542813,1.5002917477972595,0.17278759594743864,36.36363636363636,209.76591310912156,19.114598848819412,0.09112347456984528,0.019519943962172794,0.11297074801660352,0.13754884561804379,0.7960574071525692,1,184468.31024726908,0.0589185693789473
bi2.5,2.5,10.0,3,3,inside the Turing band,seed1,0,a,cov20,91,180.01,1,91,180.01,5.477225575051661,3,0.9717608470480813,2.530672868587106,0.5183627878423159,12.12121212121212,372.79837348714665,367.89945485254674,0.9868590665008123,0.06594554568830945,0.12721890389317422,0.06675528808506709,0.1287810191062052,0,161009.29952496168,0.4329159411120269
bi2.5,2.5,10.0,3,3,inside the Turing band,seed1,0,a,t600,301,600.01,1,301,600.01,5.477225575051661,3,2.205394715335872,2.9985099653373846,0.5183627878423159,12.12121212121212,501.64271315015196,501.6312829930105,0.999977214545648,0.060947174608598345,0.11757629219931245,0.0609481908880497,0.11757825275565482,0,121428.67425490465,0.7129914705397069
bi2.5,2.5,10.0,3,3,inside the Turing band,seed1,0,i,cov10,61,120.01,1,46,90.01,5.477225575051661,1,0.48919517567558685,0.7829387997934586,0.26703537555513246,23.529411764705877,16.510631798668022,9.57815280188651,0.5801203078527387,0.027757216180821463,0.10394583909760179,0.047847344430265115,0.1791797971740508,0,85021.42464273059,0.008544526302565393
bi2.5,2.5,10.0,3,3,inside the Turing band,seed1,0,i,cov20,91,180.01,1,71,140.01,5.477225575051661,1,0.9621437237647902,1.1137258517827353,0.2356194490192345,26.666666666666664,8.850291819426573,4.263046562000514,0.481684293465108,0.024539645714138577,0.10414949112343995,0.17541463460088685,0.744482831663727,1,45282.441019025086,0.010494691340580144
bi2.5,2.5,10.0,3,3,inside the Turing band,seed1,0,i,t600,301,600.01,1,301,600.01,5.477225575051661,1,2.2054006461349105,0.04109250695675977,0.5183627878423159,12.12121212121212,6.182648749786787,6.171388747182492,0.9981787736842267,0.06004421345627063,0.11583434394703476,0.06012589828820497,0.11599192630797998,0,1494.9269189765068,0.7087543235157145
bi2.5,2.5,10.0,3,3,inside the Turing band,seed36,1,a,cov10,6,10.01,1,6,10.01,5.477225575051661,29,0.7167024390669506,2.3758836463654434,0.17278759594743864,36.36363636363636,353.2586192261102,172.01013038650242,0.4869240862780022,0.06702633105180943,0.3879117056076097,0.15603508870327729,0.9030456604694158,1,86508.46821901173,0.31603905859513004
bi2.5,2.5,10.0,3,3,inside the Turing band,seed36,1,a,cov20,16,30.01,1,16,30.01,5.477225575051661,29,1.5548097826358254,3.1496222318907656,0.3298672286269283,19.047619047619047,146.46730382724866,61.76376841588585,0.4216898024471955,0.06891171715078077,0.2089074365999486,0.3111429966058117,0.9432370651093284,1,125370.39478204475,0.18628227568206548
bi2.5,2.5,10.0,3,3,inside the Turing band,seed36,1,a,t600,301,600.01,1,301,600.01,5.477225575051661,29,2.1900633526743873,3.054145551349731,0.48694686130641796,12.903225806451612,244.17069276076896,244.0534852733892,0.9995199772501174,0.14922510926305876,0.3064505002921804,0.1492683127628272,0.30653922352504515,0,122483.01158490726,0.7581210602867875
bi2.5,2.5,10.0,3,3,inside the Turing band,seed36,1,i,cov10,6,10.01,1,6,10.01,5.477225575051661,17,0.6361782005954355,0.5184165173933436,0.1413716694115407,44.44444444444444,127.99882202758083,37.91585052245249,0.2962203082953567,0.03701185352984375,0.26180530854523765,0.11744873668575673,0.830779866819405,1,18845.65354606144,0.32226228586049127
bi2.5,2.5,10.0,3,3,inside the Turing band,seed36,1,i,cov20,16,30.01,1,6,10.01,5.477225575051661,9,1.5257320452502234,0.7987901044055752,0.2984513020910303,21.05263157894737,9.13651889189177,0.32520552391151014,0.035594029603563206,0.032515776685199525,0.10894834921940438,0.2914374213633772,0.9764990781460426,1,32409.690150440896,0.043555901933646446
bi2.5,2.5,10.0,3,3,inside the Turing band,seed36,1,i,t600,301,600.01,1,301,600.01,5.477225575051661,1,2.190065001880181,0.04346237040155072,0.48694686130641796,12.903225806451612,3.905244439994609,3.838101090065404,0.9828068765064812,0.14261984858707158,0.29288585658903366,0.14457851863957283,0.29690820524376443,0,1683.593995840412,0.7204144377795803
bi2.5,2.5,10.0,3,3,inside the Turing band,seed36,2,a,cov10,6,10.01,1,6,10.01,5.477225575051661,28,0.6849491828017668,2.2889479945525966,0.1413716694115407,44.44444444444444,423.75237130306635,51.625588531707365,0.12182961566198507,0.02493797105694644,0.1764000606398064,0.1250879831207983,0.8848164815586942,1,117770.71812776572,0.14323033152313913
bi2.5,2.5,10.0,3,3,inside the Turing band,seed36,2,a,cov20,16,30.01,1,16,30.01,5.477225575051661,28,1.5240055959763124,3.152506370904515,0.1413716694115407,44.44444444444444,377.2217916648123,17.921827226560765,0.04751005276621333,0.017687982207544178,0.12511688007342892,0.18282989592696858,1.2932569636335036,1,129595.02966090557,0.11976325327024559
bi2.5,2.5,10.0,3,3,inside the Turing band,seed36,2,a,t600,301,600.01,1,301,600.01,5.477225575051661,28,2.190802167994659,3.044590137646281,0.48694686130641796,12.903225806451612,239.19432646692184,238.98330377569158,0.9991177771883338,0.1493985564776949,0.30680669360282375,0.14947323890409586,0.30696006234248585,0,122695.50912984158,0.7490206185023381
bi2.5,2.5,10.0,3,3,inside the Turing band,seed36,2,i,cov10,6,10.01,1,6,10.01,5.477225575051661,18,0.609113725097434,0.5175088761281991,0.6440264939859076,9.75609756097561,0.07923727368016689,0.014950757725765887,0.18868339395564118,0.07079552791688346,0.10992642162704658,0.650860006666804,1.010610608018008,1,24403.36360817378,0.001000480388193603
bi2.5,2.5,10.0,3,3,inside the Turing band,seed36,2,i,cov20,16,30.01,1,16,30.01,5.477225575051661,10,1.4931285532258323,0.7962135986095824,1.0210176124166828,6.153846153846154,0.00296951971490721,0.00028833006475309985,0.09709653157231503,0.02741804884189532,0.02685364924998558,1.0035991680398637,0.9829401137012801,1,25147.154756650234,2.0310742742336246e-05
bi2.5,2.5,10.0,3,3,inside the Turing band,seed36,2,i,t600,301,600.01,1,301,600.01,5.477225575051661,1,2.190803421884373,0.04252112850148283,0.4555309347705201,13.79310344827586,4.413864582916997,4.280338823974801,0.9697485601486323,0.1251633228455151,0.27476360723683413,0.13074427614002188,0.2870151424642238,0,1705.9476925027484,0.7498777398724885
bi2.5,2.5,10.0,3,3,inside the Turing band,seed36,3,a,cov10,6,10.01,1,6,10.01,5.477225575051661,30,0.7160098106218713,2.3823308359736934,0.1413716694115407,44.44444444444444,412.8337962232385,301.8984121223062,0.7312831819589102,0.11608628884359881,0.8211425197623241,0.19818405880215617,1.401865448905689,0,100528.51736264749,0.3848005831770534
bi2.5,2.5,10.0,3,3,inside the Turing band,seed36,3,a,cov20,16,30.01,1,16,30.01,5.477225575051661,30,1.5861747664632997,3.162098571950307,0.1413716694115407,44.44444444444444,529.411295460194,362.16709808144105,0.6840940138359253,0.07719711460047267,0.5460578836043,0.11094474917256593,0.7847735662624148,0,130078.49496726901,0.32503235009869236
bi2.5,2.5,10.0,3,3,inside the Turing band,seed36,3,a,t600,301,600.01,1,301,600.01,5.477225575051661,29,2.191012681797792,3.0475957673681653,0.48694686130641796,12.903225806451612,263.57099363743697,263.5205451556781,0.9998085962303263,0.12230469121170899,0.2511664021893081,0.12234000029157155,0.25123891334538745,0,122688.41253045731,0.6355203685378856
bi2.5,2.5,10.0,3,3,inside the Turing band,seed36,3,i,cov10,6,10.01,1,6,10.01,5.477225575051661,23,0.6331177514506173,0.49409950661683977,0.1413716694115407,44.44444444444444,156.56979436567778,93.87982366242963,0.5996036722330227,0.0802328152714107,0.5675310732721742,0.11074376250980987,0.7833518764458294,0,17809.20604563146,0.5526405636419417
bi2.5,2.5,10.0,3,3,inside the Turing band,seed36,3,i,cov20,16,30.01,1,16,30.01,5.477225575051661,8,1.558203426222733,0.7804681909032408,0.1413716694115407,44.44444444444444,211.9699333637711,89.80088171425892,0.4236491482032388,0.0519921988488175,0.36776957551138023,0.10720025975247,0.7582867217929227,1,21775.71834894821,0.561610561967217
bi2.5,2.5,10.0,3,3,inside the Turing band,seed36,3,i,t600,301,600.01,1,301,600.01,5.477225575051661,1,2.1910142878957632,0.04246802124644821,0.48694686130641796,12.903225806451612,4.114423209053953,4.080653131039067,0.9917922692200029,0.14916137989218833,0.3063196248806428,0.14986696839175473,0.30776863000960775,0,1727.00212567214,0.7920814870191545
bi2.5,2.5,10.0,3,3,inside the Turing band,smallpert,1,a,cov10,6,10.01,1,6,10.01,5.477225575051661,1,2.406507614531238,0.03599835304629919,0.6440264939859076,9.75609756097561,1.4788136151323508,1.4752982750788837,0.9976228646953913,0.23730126731342738,0.36846507019417735,0.23768235496229945,0.36905679685826764,0,1375.3825768843733,0.5515753404477961
bi2.5,2.5,10.0,3,3,inside the Turing band,smallpert,1,a,cov20,6,10.01,1,6,10.01,5.477225575051661,1,2.406507614531238,0.03599835304629919,0.6440264939859076,9.75609756097561,1.4788136151323508,1.4752982750788837,0.9976228646953913,0.23730126731342738,0.36846507019417735,0.23768235496229945,0.36905679685826764,0,1375.3825768843733,0.5515753404477961
bi2.5,2.5,10.0,3,3,inside the Turing band,smallpert,1,a,t600,301,600.01,1,301,600.01,5.477225575051661,2,2.2371810617310044,2.8510961517959696,0.5183627878423159,12.12121212121212,202.58979443688506,202.4683732844467,0.9994006551377582,0.13877905701576113,0.26772573238412556,0.13887368924272114,0.26790829222287077,0,113741.12601161293,0.6488303635273173
bi2.5,2.5,10.0,3,3,inside the Turing band,smallpert,1,i,cov10,6,10.01,1,6,10.01,5.477225575051661,1,2.408385831273657,0.0004618849957601295,0.4555309347705201,13.79310344827586,0.023719535044265515,0.02255488679858418,0.9508991958102104,0.2440928082302586,0.5358424414210721,0.260569098837735,0.5720118634072573,0,18.651828365721393,0.6147455589151836
bi2.5,2.5,10.0,3,3,inside the Turing band,smallpert,1,i,cov20,6,10.01,1,6,10.01,5.477225575051661,1,2.408385831273657,0.0004618849957601295,0.4555309347705201,13.79310344827586,0.023719535044265515,0.02255488679858418,0.9508991958102104,0.2440928082302586,0.5358424414210721,0.260569098837735,0.5720118634072573,0,18.651828365721393,0.6147455589151836
bi2.5,2.5,10.0,3,3,inside the Turing band,smallpert,1,i,t600,301,600.01,1,301,600.01,5.477225575051661,1,2.2371810203878906,0.03447366391654326,0.48694686130641796,12.903225806451612,3.1615271799627926,3.0849310101974385,0.975772414594185,0.14077811396762527,0.2891036479626033,0.1436639529247546,0.29503004196252963,0,1376.9946755946924,0.7087254919568156
bi2.5,2.5,10.0,3,3,inside the Turing band,smallpert,2,a,cov10,6,10.01,1,6,10.01,5.477225575051661,1,2.4066699427798652,0.0353089137751444,0.5497787143782138,11.428571428571429,1.1896552972448322,1.1875135543917994,0.9981996946022995,0.33088807807586385,0.6018568369822941,0.3311478823575002,0.6023293985326811,0,1450.2329279835171,0.7820838299776558
bi2.5,2.5,10.0,3,3,inside the Turing band,smallpert,2,a,cov20,6,10.01,1,6,10.01,5.477225575051661,1,2.4066699427798652,0.0353089137751444,0.5497787143782138,11.428571428571429,1.1896552972448322,1.1875135543917994,0.9981996946022995,0.33088807807586385,0.6018568369822941,0.3311478823575002,0.6023293985326811,0,1450.2329279835171,0.7820838299776558
bi2.5,2.5,10.0,3,3,inside the Turing band,smallpert,2,a,t600,301,600.01,1,301,600.01,5.477225575051661,2,2.2362928353748264,2.86233772049006,0.5183627878423159,12.12121212121212,334.10965417854544,333.998398635345,0.9996670088942087,0.08778856048666588,0.16935737391969355,0.08781511440615153,0.16940860043538575,0,114670.20795948367,0.6138937374169529
bi2.5,2.5,10.0,3,3,inside the Turing band,smallpert,2,i,cov10,6,10.01,1,6,10.01,5.477225575051661,1,2.408491694068946,0.0004347475917681107,0.48694686130641796,12.903225806451612,0.02264868199865628,0.02164820044214546,0.9558260583741616,0.14044234328305005,0.28841410519879046,0.145425288529894,0.29864714219480953,0,16.94259390771241,0.49683792658471343
bi2.5,2.5,10.0,3,3,inside the Turing band,smallpert,2,i,cov20,6,10.01,1,6,10.01,5.477225575051661,1,2.408491694068946,0.0004347475917681107,0.48694686130641796,12.903225806451612,0.02264868199865628,0.02164820044214546,0.9558260583741616,0.14044234328305005,0.28841410519879046,0.145425288529894,0.29864714219480953,0,16.94259390771241,0.49683792658471343
bi2.5,2.5,10.0,3,3,inside the Turing band,smallpert,2,i,t600,301,600.01,1,301,600.01,5.477225575051661,1,2.236293325065176,0.034783854003110966,0.5183627878423159,12.12121212121212,4.2397216769290855,4.170179038063768,0.9835973575237872,0.09026158284050197,0.17412820703472104,0.09158251499626996,0.17667648439326056,0,1384.3852597499908,0.7292716076629397
bi2.5,2.5,10.0,3,3,inside the Turing band,smallpert,3,a,cov10,6,10.01,1,6,10.01,5.477225575051661,1,2.4063519443874415,0.03714975029763895,0.6440264939859076,9.75609756097561,1.377861716953261,1.3743580239580668,0.9974571519390628,0.1718245670535735,0.266797357962937,0.1721360400444799,0.26728099177896014,0,1483.323990177742,0.520952850425266
bi2.5,2.5,10.0,3,3,inside the Turing band,smallpert,3,a,cov20,6,10.01,1,6,10.01,5.477225575051661,1,2.4063519443874415,0.03714975029763895,0.6440264939859076,9.75609756097561,1.377861716953261,1.3743580239580668,0.9974571519390628,0.1718245670535735,0.266797357962937,0.1721360400444799,0.26728099177896014,0,1483.323990177742,0.520952850425266
bi2.5,2.5,10.0,3,3,inside the Turing band,smallpert,3,a,t600,301,600.01,1,301,600.01,5.477225575051661,1,2.239948292346022,2.836915897689294,0.5183627878423159,12.12121212121212,198.4167779966957,198.26815072477785,0.9992509339511584,0.14985341854259757,0.2890898460639162,0.1499447357468885,0.28926601072394326,0,112697.34616990184,0.7243940264189878
bi2.5,2.5,10.0,3,3,inside the Turing band,smallpert,3,i,cov10,6,10.01,1,6,10.01,5.477225575051661,1,2.4082756807595898,0.00046321368385191837,0.48694686130641796,12.903225806451612,0.021574837990547716,0.020226741970338604,0.9375153583633057,0.21814680334448286,0.4479889299609039,0.2355414440875826,0.4837107758650588,0,17.983727165572,0.5567498718743554
bi2.5,2.5,10.0,3,3,inside the Turing band,smallpert,3,i,cov20,6,10.01,1,6,10.01,5.477225575051661,1,2.4082756807595898,0.00046321368385191837,0.48694686130641796,12.903225806451612,0.021574837990547716,0.020226741970338604,0.9375153583633057,0.21814680334448286,0.4479889299609039,0.2355414440875826,0.4837107758650588,0,17.983727165572,0.5567498718743554
bi2.5,2.5,10.0,3,3,inside the Turing band,smallpert,3,i,t600,301,600.01,1,301,600.01,5.477225575051661,1,2.2399494281715766,0.033694830036964774,0.48694686130641796,12.903225806451612,2.9863282507595312,2.880368058161706,0.9645182365431946,0.1349427427322757,0.2771200585834788,0.14103584603988778,0.2896329296825245,0,1310.536252780387,0.7955245022111813
bi20,20.0,10.0,3,3,"arrests, small domains",nucl,1,a,t600,301,600.01,1,301,600.01,5.477225575051661,0,0.12547758192613506,0.13915134684071973,0.48694686130641796,12.903225806451612,0.8115104567655709,0.597908744784633,0.736785015892108,0.32983399442626,0.6773511046797926,0.6700158276256837,1.375952656986256,0,5109.831884637311,0.15859446548014572
bi20,20.0,10.0,3,3,"arrests, small domains",nucl,1,i,t600,301,600.01,1,301,600.01,5.477225575051661,36,0.6701496162115362,0.03670281447391087,0.17278759594743864,36.36363636363636,4.3950436839158895,2.4578511383868626,0.5592324707446298,0.054415672110855434,0.3149281162949248,0.0909085692732059,0.5261290243360984,0,1497.0476712957302,0.2069319770004258
bi20,20.0,10.0,3,3,"arrests, small domains",nucl,2,a,t600,301,600.01,1,301,600.01,5.477225575051661,0,0.12331170395794713,0.14001738811371225,0.6126105674500097,10.256410256410255,0.8896393007866328,0.5054115319573715,0.5681083687630244,0.214219030026318,0.34968223110809904,0.9575526831276794,1.5630691568274613,0,5376.953902626834,0.12522738044427956
bi20,20.0,10.0,3,3,"arrests, small domains",nucl,2,i,t600,301,600.01,1,301,600.01,5.477225575051661,32,0.6675161615237788,0.03784211713899672,0.10995574287564278,57.14285714285713,7.123367554101195,2.9600266537760263,0.4155375433451873,0.036367310092634206,0.3307449810399147,0.11541809704166389,1.0496777523680496,1,1658.3573269545714,0.18298452969806409
bi20,20.0,10.0,3,3,"arrests, small domains",nucl,3,a,t600,301,600.01,1,301,600.01,5.477225575051661,0,0.12302500773478955,0.14107823598392508,0.2984513020910303,21.05263157894737,0.7805359389775681,0.5354881352975868,0.6860518632864337,0.12994015581343626,0.43538143376504135,0.7781008400094368,2.607128313925429,0,4795.18761209804,0.041274845889320406
bi20,20.0,10.0,3,3,"arrests, small domains",nucl,3,i,t600,301,600.01,1,301,600.01,5.477225575051661,32,0.6496665605563258,0.0388538884599042,0.10995574287564278,57.14285714285713,6.149889452665644,0.9292866202310446,0.1511062316458793,0.025789950367097105,0.2345484618867511,0.08892252676597787,0.8087119821158141,1,1580.6193740689478,0.11627495703089433
bi20,20.0,10.0,3,3,"arrests, small domains",random,1,a,t600,301,600.01,1,301,600.01,5.477225575051661,0,1.9492801063568073e-262,0.0,nan,nan,nan,nan,nan,nan,nan,nan,nan,nan,0.0,nan
bi20,20.0,10.0,3,3,"arrests, small domains",random,1,i,t600,301,600.01,1,301,600.01,5.477225575051661,0,6.28776383417911e-131,8.936930911261573e-268,0.4241150082346221,14.814814814814813,3.034668212086031e-272,4.0959597969959484e-273,0.13497224443460282,0.024572896511363785,0.05793922882769091,0.3913764355618261,0.9228073233977966,1,1.1692696684239754e-263,3.350389471196397e-07
bi20,20.0,10.0,3,3,"arrests, small domains",random,2,a,t600,301,600.01,1,301,600.01,5.477225575051661,0,1.961313235014456e-262,0.0,nan,nan,nan,nan,nan,nan,nan,nan,nan,nan,0.0,nan
bi20,20.0,10.0,3,3,"arrests, small domains",random,2,i,t600,301,600.01,1,301,600.01,5.477225575051661,0,6.330070544729634e-131,2.0942646225499191e-268,0.26703537555513246,23.529411764705877,4.635894715406177e-271,3.992688065503717e-271,0.8612551213113335,0.036346413304333275,0.13611085508342752,0.04220168032091673,0.15803778893783202,0,2.7601069482198967e-264,1.0630540825833258e-05
bi20,20.0,10.0,3,3,"arrests, small domains",random,3,a,t600,301,600.01,1,301,600.01,5.477225575051661,0,1.9628424679499768e-262,0.0,nan,nan,nan,nan,nan,nan,nan,nan,nan,nan,0.0,nan
bi20,20.0,10.0,3,3,"arrests, small domains",random,3,i,t600,301,600.01,1,301,600.01,5.477225575051661,0,6.334762561973089e-131,7.685055286357678e-268,0.26703537555513246,23.529411764705877,1.7833033641205181e-270,1.7328895571560055e-270,0.9717301004535617,0.03894537996740085,0.1458435231153864,0.04007839208564473,0.1500864520377754,0,1.0138678912914099e-263,1.1119030930577994e-05
bi20,20.0,10.0,3,3,"arrests, small domains",seed1,0,a,t600,301,600.01,1,301,600.01,5.477225575051661,1,0.0007503959067781899,0.0014181369873013778,2.7488935718910694,2.285714285714285,0.0001078086265872465,6.243008182001765e-05,0.5790824333477129,0.4192786284537803,0.15252632285990703,0.5851100178848911,0.2128529179404976,0,405.29717463743714,0.0015834425446014822
bi20,20.0,10.0,3,3,"arrests, small domains",seed1,0,i,t600,301,600.01,1,301,600.01,5.477225575051661,1,0.006003167254225444,0.002968849617283948,2.7174776453551712,2.312138728323699,3.563887123957716e-07,2.314460289993445e-07,0.6494202003298085,0.43092945547826667,0.1585770010711329,0.5635509657153333,0.20738016619146016,0,825.9440508898853,2.518413501839716e-06
bi20,20.0,10.0,3,3,"arrests, small domains",seed36,1,a,t600,301,600.01,1,301,600.01,5.477225575051661,36,0.025455959145703616,0.04675110025703468,0.3612831551628263,17.391304347826082,0.7868300445492387,0.5815214335884088,0.7390686687892712,0.202357790109802,0.560108566419604,0.37065716006104943,1.0259464211499105,0,1660.168912960475,0.17157226382954976
bi20,20.0,10.0,3,3,"arrests, small domains",seed36,1,i,t600,301,600.01,1,301,600.01,5.477225575051661,36,0.20364015507740965,0.07296727472045517,0.1413716694115407,44.44444444444444,10.073969404856152,2.9161911215817984,0.28947786164369826,0.041411780685942236,0.2929284265957861,0.14046742030912085,0.9936037460250432,1,2672.9665209590516,0.23171655666578486
bi20,20.0,10.0,3,3,"arrests, small domains",seed36,2,a,t600,301,600.01,1,301,600.01,5.477225575051661,35,0.024945775672908545,0.045937076686746965,0.2984513020910303,21.05263157894737,1.172233773764659,0.8153442825292934,0.6955475100421259,0.16012739676605947,0.5365277204159061,0.351793206372355,1.1787290050591066,0,2478.37131704497,0.14576893961017143
bi20,20.0,10.0,3,3,"arrests, small domains",seed36,2,i,t600,301,600.01,1,301,600.01,5.477225575051661,35,0.19955831483100686,0.07125663079457373,0.2984513020910303,21.05263157894737,5.613665176620464,0.20548785019128069,0.036604935229676165,0.01808285837937987,0.06058897465913698,0.29288394814272184,0.9813458547196742,1,3438.244881237023,0.1606415689783308
bi20,20.0,10.0,3,3,"arrests, small domains",seed36,3,a,t600,301,600.01,1,301,600.01,5.477225575051661,33,0.02376757229665722,0.04392635836563204,0.26703537555513246,23.529411764705877,0.9833527718744896,0.8789346565649703,0.8938141852079442,0.24798119213034597,0.9286454710909546,0.27551253828904715,1.0317454671175748,0,1819.3403357167408,0.14923843164752157
bi20,20.0,10.0,3,3,"arrests, small domains",seed36,3,i,t600,301,600.01,1,301,600.01,5.477225575051661,33,0.19013696700301438,0.06798358561169844,0.1413716694115407,44.44444444444444,12.733530844367229,8.189763625252095,0.643165177463319,0.08386067566616423,0.5931929361465005,0.12511434560633244,0.8850029579980251,0,2631.185360477066,0.4039748741217221
bi20,20.0,10.0,3,3,"arrests, small domains",smallpert,1,a,t600,301,600.01,1,301,600.01,5.477225575051661,0,4.7478036719769394e-262,0.0,nan,nan,nan,nan,nan,nan,nan,nan,nan,nan,0.0,nan
bi20,20.0,10.0,3,3,"arrests, small domains",smallpert,1,i,t600,301,600.01,1,301,600.01,5.477225575051661,0,1.5224540890032035e-130,3.09664942388594e-270,0.5183627878423159,12.12121212121212,3.033739808930834e-275,1.474091501078273e-278,0.0004858991192121317,0.01572783247683568,0.03034136100375328,0.49818942975763025,0.9610825496007203,1,4.075773778244085e-266,1.3245902425604646e-07
bi20,20.0,10.0,3,3,"arrests, small domains",smallpert,2,a,t600,301,600.01,1,301,600.01,5.477225575051661,0,4.748622659316785e-262,0.0,nan,nan,nan,nan,nan,nan,nan,nan,nan,nan,0.0,nan
bi20,20.0,10.0,3,3,"arrests, small domains",smallpert,2,i,t600,301,600.01,1,301,600.01,5.477225575051661,0,1.5226332768121848e-130,3.4548957043031912e-270,0.26703537555513246,23.529411764705877,8.052296568668447e-273,7.904981502160715e-273,0.9817052110225377,0.03917953028441271,0.14672037441842103,0.039909669261716074,0.14945461506270083,0,4.5589434045876096e-266,1.1164297022993827e-05
bi20,20.0,10.0,3,3,"arrests, small domains",smallpert,3,a,t600,301,600.01,1,301,600.01,5.477225575051661,0,4.7481795037712425e-262,0.0,nan,nan,nan,nan,nan,nan,nan,nan,nan,nan,0.0,nan
bi20,20.0,10.0,3,3,"arrests, small domains",smallpert,3,i,t600,301,600.01,1,301,600.01,5.477225575051661,0,1.5225705926828012e-130,2.1077844080622834e-270,0.26703537555513246,23.529411764705877,4.4093043386005744e-273,3.1682813300653007e-273,0.7185444883740664,0.032973172657059645,0.12347866865396627,0.045888839439394785,0.17184554422423526,0,2.7821358117838667e-266,1.0046580840873612e-05
bi3.2,3.2,10.0,3,3,"Turing band, near its edge",nucl,1,a,cov10,6,10.01,1,6,10.01,5.477225575051661,103,0.8932628051360836,2.3836714631645357,0.17278759594743864,36.36363636363636,279.49405782831343,198.22581583068833,0.7092308772891829,0.050436489411777606,0.2918987855304162,0.08937647996549744,0.5172621302786424,0,97685.7298349266,0.18185262980781539
bi3.2,3.2,10.0,3,3,"Turing band, near its edge",nucl,1,a,cov20,6,10.01,1,6,10.01,5.477225575051661,103,0.8932628051360836,2.3836714631645357,0.17278759594743864,36.36363636363636,279.49405782831343,198.22581583068833,0.7092308772891829,0.050436489411777606,0.2918987855304162,0.08937647996549744,0.5172621302786424,0,97685.7298349266,0.18185262980781539
bi3.2,3.2,10.0,3,3,"Turing band, near its edge",nucl,1,a,t600,301,600.01,1,301,600.01,5.477225575051661,116,1.6298525780635504,2.830227451815454,0.5497787143782138,11.428571428571429,213.99969164807112,213.82393896584125,0.9991787246005994,0.1227625130339656,0.2232944088655869,0.12283662384484062,0.2234292100300133,0,112931.85303604571,0.6692257844142186
bi3.2,3.2,10.0,3,3,"Turing band, near its edge",nucl,1,i,cov10,6,10.01,1,6,10.01,5.477225575051661,49,0.9207759136343124,0.4177151132182198,0.17278759594743864,36.36363636363636,131.80628957228814,49.7846531823303,0.37771075525972,0.07709427168973257,0.44617943358147283,0.12106266014799685,0.7006443922330147,1,17783.374390803016,0.47969519819905293
bi3.2,3.2,10.0,3,3,"Turing band, near its edge",nucl,1,i,cov20,6,10.01,1,6,10.01,5.477225575051661,49,0.9207759136343124,0.4177151132182198,0.17278759594743864,36.36363636363636,131.80628957228814,49.7846531823303,0.37771075525972,0.07709427168973257,0.44617943358147283,0.12106266014799685,0.7006443922330147,1,17783.374390803016,0.47969519819905293
bi3.2,3.2,10.0,3,3,"Turing band, near its edge",nucl,1,i,t600,301,600.01,1,301,600.01,5.477225575051661,1,2.0644922542340556,0.050815231229924034,0.5497787143782138,11.428571428571429,3.7162224999483695,3.610595812674192,0.9715768667576699,0.17054906133723222,0.31021401316003844,0.17358476044185217,0.3157356876542088,0,1961.5776470932674,0.8091761722564745
bi3.2,3.2,10.0,3,3,"Turing band, near its edge",nucl,2,a,cov10,6,10.01,1,6,10.01,5.477225575051661,115,0.9346990794772677,2.487661488876972,0.20420352248333656,30.769230769230766,269.9910918699215,203.05776535473973,0.7520906113916179,0.08156390631406216,0.39942458054668445,0.10321081243891003,0.5054311070825541,0,101750.09088920549,0.2884545268516509
bi3.2,3.2,10.0,3,3,"Turing band, near its edge",nucl,2,a,cov20,6,10.01,1,6,10.01,5.477225575051661,115,0.9346990794772677,2.487661488876972,0.20420352248333656,30.769230769230766,269.9910918699215,203.05776535473973,0.7520906113916179,0.08156390631406216,0.39942458054668445,0.10321081243891003,0.5054311070825541,0,101750.09088920549,0.2884545268516509
bi3.2,3.2,10.0,3,3,"Turing band, near its edge",nucl,2,a,t600,301,600.01,1,301,600.01,5.477225575051661,118,1.6282561353603797,2.833632421524557,0.5497787143782138,11.428571428571429,253.42860497048764,252.98495542688286,0.9982494101498273,0.09908144874843332,0.18022059813736513,0.09924835394235482,0.18052418427039735,0,112755.8668005967,0.5949422608548093
bi3.2,3.2,10.0,3,3,"Turing band, near its edge",nucl,2,i,cov10,6,10.01,1,6,10.01,5.477225575051661,52,0.9635563992509578,0.3911179848637491,0.20420352248333656,30.769230769230766,83.99461259060016,44.549523095503744,0.5303854821337587,0.05322557438359797,0.26064963883246084,0.08647388298520445,0.42346910539832094,0,15607.112511866504,0.35252064658595095
bi3.2,3.2,10.0,3,3,"Turing band, near its edge",nucl,2,i,cov20,6,10.01,1,6,10.01,5.477225575051661,52,0.9635563992509578,0.3911179848637491,0.20420352248333656,30.769230769230766,83.99461259060016,44.549523095503744,0.5303854821337587,0.05322557438359797,0.26064963883246084,0.08647388298520445,0.42346910539832094,0,15607.112511866504,0.35252064658595095
bi3.2,3.2,10.0,3,3,"Turing band, near its edge",nucl,2,i,t600,301,600.01,1,301,600.01,5.477225575051661,1,2.0639782403626867,0.050037198302059833,0.5497787143782138,11.428571428571429,4.423295162361064,4.198478073066779,0.9491742963012484,0.10116914926364123,0.1840179450709747,0.10919695341479896,0.198619827503322,0,1948.3722728277435,0.64373320425488
bi3.2,3.2,10.0,3,3,"Turing band, near its edge",nucl,3,a,cov10,6,10.01,1,6,10.01,5.477225575051661,104,0.8539377970928764,2.3151365563447843,0.10995574287564278,57.14285714285713,215.6964483126425,114.15150171595961,0.5292229084389096,0.05354175797526156,0.4869391682053021,0.08060482625720412,0.7330660877655675,0,88215.16777234199,0.11005481699912534
bi3.2,3.2,10.0,3,3,"Turing band, near its edge",nucl,3,a,cov20,6,10.01,1,6,10.01,5.477225575051661,104,0.8539377970928764,2.3151365563447843,0.10995574287564278,57.14285714285713,215.6964483126425,114.15150171595961,0.5292229084389096,0.05354175797526156,0.4869391682053021,0.08060482625720412,0.7330660877655675,0,88215.16777234199,0.11005481699912534
bi3.2,3.2,10.0,3,3,"Turing band, near its edge",nucl,3,a,t600,301,600.01,1,301,600.01,5.477225575051661,124,1.6279120814873327,2.8402642415042187,0.5183627878423159,12.12121212121212,251.30917755709345,251.09899269474425,0.9991636403238738,0.10051065690081558,0.19390021671731297,0.10057509817062216,0.19402453364614733,0,113559.3247741675,0.6368556312136282
bi3.2,3.2,10.0,3,3,"Turing band, near its edge",nucl,3,i,cov10,6,10.01,1,6,10.01,5.477225575051661,44,0.8842091764411071,0.44061366457364304,0.10995574287564278,57.14285714285713,169.79764480563495,72.26471596720862,0.4255931585501616,0.041626368932004075,0.37857385019973416,0.07619604314755646,0.6929701091986827,1,17012.642906727928,0.43766566921650557
bi3.2,3.2,10.0,3,3,"Turing band, near its edge",nucl,3,i,cov20,6,10.01,1,6,10.01,5.477225575051661,44,0.8842091764411071,0.44061366457364304,0.10995574287564278,57.14285714285713,169.79764480563495,72.26471596720862,0.4255931585501616,0.041626368932004075,0.37857385019973416,0.07619604314755646,0.6929701091986827,1,17012.642906727928,0.43766566921650557
bi3.2,3.2,10.0,3,3,"Turing band, near its edge",nucl,3,i,t600,301,600.01,1,301,600.01,5.477225575051661,1,2.063172679440182,0.049829239143692305,0.5183627878423159,12.12121212121212,5.156650832935686,5.006748706530958,0.970930332252225,0.09614327104721344,0.18547487069318694,0.09902761414571931,0.1910392035622803,0,2005.6586155682103,0.6915641514099761
bi3.2,3.2,10.0,3,3,"Turing band, near its edge",random,1,a,cov10,6,10.01,1,6,10.01,5.477225575051661,37,1.5912111127377953,2.2601154677406345,0.6440264939859076,9.75609756097561,73.72272943258902,73.53628971265555,0.99747106867355,0.3171958447543734,0.4925198694718826,0.3173880496937794,0.4928183120688888,0,89381.97336563624,0.6086169972204993
bi3.2,3.2,10.0,3,3,"Turing band, near its edge",random,1,a,cov20,6,10.01,1,6,10.01,5.477225575051661,37,1.5912111127377953,2.2601154677406345,0.6440264939859076,9.75609756097561,73.72272943258902,73.53628971265555,0.99747106867355,0.3171958447543734,0.4925198694718826,0.3173880496937794,0.4928183120688888,0,89381.97336563624,0.6086169972204993
bi3.2,3.2,10.0,3,3,"Turing band, near its edge",random,1,a,t600,301,600.01,1,301,600.01,5.477225575051661,82,1.6024419489947734,2.9024950841827724,0.5497787143782138,11.428571428571429,217.05465148276937,216.86285416559738,0.9991163639393961,0.13459571848539637,0.244817987610926,0.13466974047229452,0.2449526272122097,0,115997.98033621738,0.6872079700882164
bi3.2,3.2,10.0,3,3,"Turing band, near its edge",random,1,i,cov10,6,10.01,1,6,10.01,5.477225575051661,1,2.068523508566119,0.04083278626762766,0.39269908169872414,16.0,2.88054564364669,2.6960200150121563,0.9359407378107263,0.17381201019560877,0.44260864946192074,0.18395159402378003,0.4684288876562903,0,1668.263174818399,0.5907477409791848
bi3.2,3.2,10.0,3,3,"Turing band, near its edge",random,1,i,cov20,6,10.01,1,6,10.01,5.477225575051661,1,2.068523508566119,0.04083278626762766,0.39269908169872414,16.0,2.88054564364669,2.6960200150121563,0.9359407378107263,0.17381201019560877,0.44260864946192074,0.18395159402378003,0.4684288876562903,0,1668.263174818399,0.5907477409791848
bi3.2,3.2,10.0,3,3,"Turing band, near its edge",random,1,i,t600,301,600.01,1,301,600.01,5.477225575051661,1,2.0511238116006822,0.052879189145094076,0.5183627878423159,12.12121212121212,4.003252497231191,3.801893372899021,0.9497011181604363,0.13023920128038832,0.2512510626438073,0.1344414645293175,0.2593578622588435,0,2042.0901503618466,0.6913395423011877
bi3.2,3.2,10.0,3,3,"Turing band, near its edge",random,2,a,cov10,6,10.01,1,6,10.01,5.477225575051661,37,1.587740262631585,2.2308097928703123,0.5497787143782138,11.428571428571429,71.08265824278092,70.87638660552588,0.9970981440149504,0.310139123628883,0.5641162808197162,0.31082810147897644,0.5653694720256957,0,89541.77315271946,0.6553419293675626
bi3.2,3.2,10.0,3,3,"Turing band, near its edge",random,2,a,cov20,6,10.01,1,6,10.01,5.477225575051661,37,1.587740262631585,2.2308097928703123,0.5497787143782138,11.428571428571429,71.08265824278092,70.87638660552588,0.9970981440149504,0.310139123628883,0.5641162808197162,0.31082810147897644,0.5653694720256957,0,89541.77315271946,0.6553419293675626
bi3.2,3.2,10.0,3,3,"Turing band, near its edge",random,2,a,t600,301,600.01,1,301,600.01,5.477225575051661,88,1.6033258786181332,2.895519309738243,0.5497787143782138,11.428571428571429,260.271423992913,259.9888088307325,0.9989141521652866,0.10650505528079193,0.19372349728244123,0.10663638700789257,0.1939623783516168,0,115753.65213296458,0.7043994228903511
bi3.2,3.2,10.0,3,3,"Turing band, near its edge",random,2,i,cov10,6,10.01,1,6,10.01,5.477225575051661,1,2.064206994983792,0.038350288866020245,0.48694686130641796,12.903225806451612,1.7075535283389096,1.5321734185545455,0.8972915888880086,0.313818428256558,0.6444613431014261,0.3259872827074893,0.6694514506837684,0,1451.918808421423,0.7136106749717124
bi3.2,3.2,10.0,3,3,"Turing band, near its edge",random,2,i,cov20,6,10.01,1,6,10.01,5.477225575051661,1,2.064206994983792,0.038350288866020245,0.48694686130641796,12.903225806451612,1.7075535283389096,1.5321734185545455,0.8972915888880086,0.313818428256558,0.6444613431014261,0.3259872827074893,0.6694514506837684,0,1451.918808421423,0.7136106749717124
bi3.2,3.2,10.0,3,3,"Turing band, near its edge",random,2,i,t600,301,600.01,1,301,600.01,5.477225575051661,1,2.052256480306084,0.050980978775150745,0.5497787143782138,11.428571428571429,4.493400465785218,4.297810334214157,0.9564716893007039,0.1077772563027658,0.19603752106819783,0.11340303522666029,0.2062703270622551,0,2000.4193373014778,0.6437029701209243
bi3.2,3.2,10.0,3,3,"Turing band, near its edge",random,3,a,cov10,6,10.01,1,6,10.01,5.477225575051661,46,1.5877099953954872,2.26088385081812,0.48694686130641796,12.903225806451612,68.73411241382266,68.64596795048186,0.9987176023629998,0.33761338632101645,0.6933269585417219,0.33785254244246815,0.6938180924630086,0,90409.52012824058,0.6542519439975951
bi3.2,3.2,10.0,3,3,"Turing band, near its edge",random,3,a,cov20,6,10.01,1,6,10.01,5.477225575051661,46,1.5877099953954872,2.26088385081812,0.48694686130641796,12.903225806451612,68.73411241382266,68.64596795048186,0.9987176023629998,0.33761338632101645,0.6933269585417219,0.33785254244246815,0.6938180924630086,0,90409.52012824058,0.6542519439975951
bi3.2,3.2,10.0,3,3,"Turing band, near its edge",random,3,a,t600,301,600.01,1,301,600.01,5.477225575051661,84,1.601845997566981,2.9011202008138506,0.5183627878423159,12.12121212121212,209.2142135792574,209.07812418043025,0.9993495212562334,0.14762840582184422,0.2847974609372466,0.14768346074375843,0.28490367018529733,0,115955.15079612615,0.7285213533749959
bi3.2,3.2,10.0,3,3,"Turing band, near its edge",random,3,i,cov10,6,10.01,1,6,10.01,5.477225575051661,1,2.063606293172758,0.03984154734759257,0.48694686130641796,12.903225806451612,1.9468173177257067,1.8645262895312913,0.9577304827498921,0.2280042388452081,0.468232279459613,0.23853191966770326,0.4898520529072756,0,1453.3198353940447,0.5997795160437389
bi3.2,3.2,10.0,3,3,"Turing band, near its edge",random,3,i,cov20,6,10.01,1,6,10.01,5.477225575051661,1,2.063606293172758,0.03984154734759257,0.48694686130641796,12.903225806451612,1.9468173177257067,1.8645262895312913,0.9577304827498921,0.2280042388452081,0.468232279459613,0.23853191966770326,0.4898520529072756,0,1453.3198353940447,0.5997795160437389
bi3.2,3.2,10.0,3,3,"Turing band, near its edge",random,3,i,t600,301,600.01,1,301,600.01,5.477225575051661,1,2.0503607744160863,0.05361222183517457,0.48694686130641796,12.903225806451612,4.813419104530274,4.673655495794804,0.9709637565937428,0.1224018893153118,0.2513660093976635,0.12737224963190086,0.26157320182776606,0,2121.8054956168453,0.7244204633242004
bi3.2,3.2,10.0,3,3,"Turing band, near its edge",seed1,0,a,cov10,96,190.01,1,96,190.01,5.477225575051661,1,0.4376663556008358,1.2987484820257411,0.4555309347705201,13.79310344827586,201.44238898095466,184.59671253241135,0.9163747186788179,0.10036475677756727,0.2203247883222846,0.10728539544877708,0.23551725527229792,0,144063.18955423427,0.34940812719172526
bi3.2,3.2,10.0,3,3,"Turing band, near its edge",seed1,0,a,cov20,136,270.01,1,136,270.01,5.477225575051661,1,0.8468613962385664,2.1644241540480342,0.4241150082346221,14.814814814814813,249.12049973200615,245.30643771148942,0.9846898909378403,0.12299011155953414,0.2899923586092372,0.1246004507451392,0.2937892984824761,0,129219.28739456538,0.5006900319406883
bi3.2,3.2,10.0,3,3,"Turing band, near its edge",seed1,0,a,t600,301,600.01,1,301,600.01,5.477225575051661,12,1.611197311492688,2.881166911206542,0.5183627878423159,12.12121212121212,231.39774905590636,231.37849124321346,0.9999167761450944,0.1472810758725021,0.2841274090788023,0.1472876464222101,0.2841400846601945,0,115176.94696573608,0.7388917988885062
bi3.2,3.2,10.0,3,3,"Turing band, near its edge",seed1,0,i,cov10,96,190.01,1,66,130.01,5.477225575051661,1,0.5552013075878184,0.7731929052451046,0.17278759594743864,36.36363636363636,37.59162052330534,26.008187194654766,0.6918612933574041,0.03011910891926631,0.17431291149179734,0.04353344985250862,0.2519477721407232,0,66575.17663798176,0.021115242746269785
bi3.2,3.2,10.0,3,3,"Turing band, near its edge",seed1,0,i,cov20,136,270.01,1,96,190.01,5.477225575051661,1,1.0770375847441163,0.9831105449751916,0.4241150082346221,14.814814814814813,9.574497586709207,8.440051454844765,0.8815137690943473,0.07942450760661819,0.18727115538123149,0.08995887605433056,0.21210962665241254,0,28022.43946956715,0.06717428348566003
bi3.2,3.2,10.0,3,3,"Turing band, near its edge",seed1,0,i,t600,301,600.01,1,301,600.01,5.477225575051661,1,2.062318965925643,0.055612187968931776,0.4555309347705201,13.79310344827586,6.0418999176733985,6.0260147729249045,0.9973708361666125,0.13984948074186326,0.3070032572262394,0.14006188615066828,0.30746953820211215,0,2388.240480361864,0.7843160511126859
bi3.2,3.2,10.0,3,3,"Turing band, near its edge",seed36,1,a,cov10,6,10.01,1,6,10.01,5.477225575051661,33,0.5316257244367677,1.7530336697695315,0.17278759594743864,36.36363636363636,217.80644301192004,113.84157106985404,0.5226731105636933,0.06841282488716859,0.3959359727881133,0.1777150270471256,1.0285172733185424,0,63393.780111087726,0.2652479646571288
bi3.2,3.2,10.0,3,3,"Turing band, near its edge",seed36,1,a,cov20,21,40.01,1,21,40.01,5.477225575051661,34,1.128626761327007,2.6022906573505993,0.3298672286269283,19.047619047619047,138.28735950749925,80.70758542451046,0.5836222899326798,0.08013721633321048,0.24293779247723846,0.18766865465078042,0.5689217914490955,0,102106.50762204271,0.2666121966709845
bi3.2,3.2,10.0,3,3,"Turing band, near its edge",seed36,1,a,t600,301,600.01,1,301,600.01,5.477225575051661,35,1.6108553941371022,2.8871862242163204,0.5497787143782138,11.428571428571429,243.51848046616757,243.4729982716626,0.9998132289819733,0.11422456521262703,0.20776461915556735,0.11425754792295051,0.20782461185710507,0,115421.17331175052,0.6631594445638671
bi3.2,3.2,10.0,3,3,"Turing band, near its edge",seed36,1,i,cov10,6,10.01,1,6,10.01,5.477225575051661,19,0.6160938268150877,0.5281902700480366,0.1413716694115407,44.44444444444444,124.77683913075168,38.66849775371982,0.309901244678908,0.04103930377376524,0.2902936914064272,0.11945592779028263,0.8449778395311996,1,19252.54567822091,0.31261316787953525
bi3.2,3.2,10.0,3,3,"Turing band, near its edge",seed36,1,i,cov20,21,40.01,1,16,30.01,5.477225575051661,9,1.4265045922098183,0.710714284229105,0.3298672286269283,19.047619047619047,13.255047309223936,3.434412750476797,0.259102262734804,0.04635374618074339,0.1405224349617595,0.2992248816230574,0.9071070286932726,1,28990.578194055128,0.04899986845669444
bi3.2,3.2,10.0,3,3,"Turing band, near its edge",seed36,1,i,t600,301,600.01,1,301,600.01,5.477225575051661,1,2.0618893655915764,0.055611178397016396,0.5183627878423159,12.12121212121212,4.596717064630367,4.556005466998747,0.9911433318476621,0.13656515396893587,0.26345477949408375,0.13716842855988964,0.2646185871691387,0,2157.639780607926,0.7720651389760476
bi3.2,3.2,10.0,3,3,"Turing band, near its edge",seed36,2,a,cov10,6,10.01,1,6,10.01,5.477225575051661,32,0.5064940679677842,1.6776849847916797,0.1413716694115407,44.44444444444444,247.4794931229336,36.12324392953656,0.14596459477793017,0.02830586621032482,0.20022304559426887,0.2632400630147344,1.8620425443829776,1,87595.0287156917,0.06780644885942491
bi3.2,3.2,10.0,3,3,"Turing band, near its edge",seed36,2,a,cov20,21,40.01,1,21,40.01,5.477225575051661,33,1.1093329793776978,2.5910131018082714,0.1413716694115407,44.44444444444444,179.65976556073463,6.422455559451805,0.03574787899453576,0.017069585662280125,0.12074261931921892,0.3867875960060062,2.7359625702660852,1,112911.71140686324,0.038187662906998855
bi3.2,3.2,10.0,3,3,"Turing band, near its edge",seed36,2,a,t600,301,600.01,1,301,600.01,5.477225575051661,35,1.6100637141236773,2.8833946899705234,0.5497787143782138,11.428571428571429,215.48078591207127,215.43442558330932,0.9997848516814819,0.14329200241736842,0.26063577703154284,0.14331252313450077,0.26067310244374176,0,115668.67479708925,0.6946267885731623
bi3.2,3.2,10.0,3,3,"Turing band, near its edge",seed36,2,i,cov10,6,10.01,1,6,10.01,5.477225575051661,19,0.5880084163066296,0.5227652889508355,0.7382742735936014,8.51063829787234,0.036086614295235214,0.0034084259816173496,0.09445125424435813,0.04979787669431839,0.06745172962877842,0.771221667856728,1.0446275800763758,1,24911.208314049025,0.0005443622614200095
bi3.2,3.2,10.0,3,3,"Turing band, near its edge",seed36,2,i,cov20,21,40.01,1,16,30.01,5.477225575051661,10,1.4003929927529013,0.7103824565724264,1.0210176124166828,6.153846153846154,0.005149196095484652,0.0007076847747140447,0.1374359728375107,0.03500646196767714,0.034285855152703104,1.053052047676972,1.0313750075128145,1,22188.281924732,7.701514501008121e-05
bi3.2,3.2,10.0,3,3,"Turing band, near its edge",seed36,2,i,t600,301,600.01,1,301,600.01,5.477225575051661,1,2.0608771971763975,0.0563320660702331,0.4555309347705201,13.79310344827586,4.415244217730454,4.371758551807946,0.990151016845709,0.16500799570840724,0.36223225057488634,0.16566473046914554,0.3636739413813936,0,2268.2170700784927,0.8460289805774968
bi3.2,3.2,10.0,3,3,"Turing band, near its edge",seed36,3,a,cov10,6,10.01,1,6,10.01,5.477225575051661,32,0.530930097089153,1.7559353331402374,0.17278759594743864,36.36363636363636,246.49126531245167,182.83934288011338,0.7417680405362304,0.1296144067168203,0.7501372190874659,0.23160848610061718,1.3404231063615912,0,74920.46108266007,0.3853865597617267
bi3.2,3.2,10.0,3,3,"Turing band, near its edge",seed36,3,a,cov20,21,40.01,1,21,40.01,5.477225575051661,34,1.1477558627850775,2.6336637926171473,0.1413716694115407,44.44444444444444,270.05567789250546,184.90418451938635,0.6846891202672165,0.0781989391802129,0.5531443428921496,0.11385429627931785,0.8053544020045611,0,112457.12332125905,0.19273664599546125
bi3.2,3.2,10.0,3,3,"Turing band, near its edge",seed36,3,a,t600,301,600.01,1,301,600.01,5.477225575051661,34,1.6113692480487989,2.882198362281481,0.48694686130641796,12.903225806451612,217.72743628565368,217.70173491431234,0.9998819562119511,0.12020947770269959,0.2468636462307047,0.1202205046501485,0.2468862913041719,0,115185.02616565532,0.6148676141090319
bi3.2,3.2,10.0,3,3,"Turing band, near its edge",seed36,3,i,cov10,6,10.01,1,6,10.01,5.477225575051661,26,0.6129309394305222,0.507481341256038,0.1413716694115407,44.44444444444444,154.01860115506142,93.70196001547217,0.6083808014925144,0.08214142217253219,0.5810317053936316,0.11224655775108426,0.7939819782726648,0,18887.646916064026,0.5158431877131341
bi3.2,3.2,10.0,3,3,"Turing band, near its edge",seed36,3,i,cov20,21,40.01,1,16,30.01,5.477225575051661,7,1.451542694470696,0.6971852392170783,0.1413716694115407,44.44444444444444,176.3899759442194,75.6003722141394,0.42859789400984355,0.05278787470970055,0.3733978309050885,0.10723961121334433,0.7585650764380799,1,20165.115713069667,0.5043624252618307
bi3.2,3.2,10.0,3,3,"Turing band, near its edge",seed36,3,i,t600,301,600.01,1,301,600.01,5.477225575051661,1,2.0625699170495206,0.05511473545525127,0.48694686130641796,12.903225806451612,5.406965465161635,5.378201117995497,0.994680131147226,0.11140548399598352,0.22878365761942984,0.11354379464342024,0.23317491838595353,0,2215.0852440476206,0.6049091172374267
bi3.2,3.2,10.0,3,3,"Turing band, near its edge",smallpert,1,a,cov10,6,10.01,1,6,10.01,5.477225575051661,76,1.6007934117901645,1.9378237416085835,0.6440264939859076,9.75609756097561,79.31670736767883,78.63230839243536,0.9913713138384467,0.20999622374991955,0.32606767844323287,0.21178669741561046,0.32884780268099456,0,76619.1519062891,0.5285451670276463
bi3.2,3.2,10.0,3,3,"Turing band, near its edge",smallpert,1,a,cov20,6,10.01,1,6,10.01,5.477225575051661,76,1.6007934117901645,1.9378237416085835,0.6440264939859076,9.75609756097561,79.31670736767883,78.63230839243536,0.9913713138384467,0.20999622374991955,0.32606767844323287,0.21178669741561046,0.32884780268099456,0,76619.1519062891,0.5285451670276463
bi3.2,3.2,10.0,3,3,"Turing band, near its edge",smallpert,1,a,t600,301,600.01,1,301,600.01,5.477225575051661,109,1.5971279673007812,2.9116760368053733,0.5183627878423159,12.12121212121212,202.73165363920828,202.6620204412681,0.9996565252801416,0.15003269696606172,0.28943570118251066,0.15006299737576684,0.2894941552429019,0,116440.84329598965,0.7167809396126608
bi3.2,3.2,10.0,3,3,"Turing band, near its edge",smallpert,1,i,cov10,6,10.01,1,6,10.01,5.477225575051661,1,2.0083030496973877,0.03274421478724514,0.48694686130641796,12.903225806451612,1.4769752724526903,1.1725375097485822,0.7938775493522288,0.2341486027801629,0.48085042000675654,0.34947825108449315,0.7176927892026789,0,1319.5488513068854,0.5598781119568611
bi3.2,3.2,10.0,3,3,"Turing band, near its edge",smallpert,1,i,cov20,6,10.01,1,6,10.01,5.477225575051661,1,2.0083030496973877,0.03274421478724514,0.48694686130641796,12.903225806451612,1.4769752724526903,1.1725375097485822,0.7938775493522288,0.2341486027801629,0.48085042000675654,0.34947825108449315,0.7176927892026789,0,1319.5488513068854,0.5598781119568611
bi3.2,3.2,10.0,3,3,"Turing band, near its edge",smallpert,1,i,t600,301,600.01,1,301,600.01,5.477225575051661,1,2.0443246712732077,0.05168695048910071,0.5183627878423159,12.12121212121212,4.399734076609993,4.327671910688097,0.9836212451327468,0.1250987944747011,0.24133444261194864,0.12660208029256054,0.2442345076882186,0,2074.5082448316907,0.6813115504154252
bi3.2,3.2,10.0,3,3,"Turing band, near its edge",smallpert,2,a,cov10,6,10.01,1,6,10.01,5.477225575051661,69,1.6027378339199339,1.9253450943893307,0.5497787143782138,11.428571428571429,60.28168866287348,60.10039962116557,0.9969926349820463,0.3338587984392947,0.6072603207581087,0.3343262544396077,0.6081105828509975,0,76972.96934182804,0.7523528260322775
bi3.2,3.2,10.0,3,3,"Turing band, near its edge",smallpert,2,a,cov20,6,10.01,1,6,10.01,5.477225575051661,69,1.6027378339199339,1.9253450943893307,0.5497787143782138,11.428571428571429,60.28168866287348,60.10039962116557,0.9969926349820463,0.3338587984392947,0.6072603207581087,0.3343262544396077,0.6081105828509975,0,76972.96934182804,0.7523528260322775
bi3.2,3.2,10.0,3,3,"Turing band, near its edge",smallpert,2,a,t600,301,600.01,1,301,600.01,5.477225575051661,131,1.5938055239666749,2.915919424473997,0.5497787143782138,11.428571428571429,229.26965936092577,229.01412785638544,0.9988854543368163,0.13142485685233857,0.23905046415079356,0.13156347831351745,0.239302604616682,0,116349.75260815193,0.6779925248257892
bi3.2,3.2,10.0,3,3,"Turing band, near its edge",smallpert,2,i,cov10,6,10.01,1,6,10.01,5.477225575051661,1,2.0102960553481948,0.02996641705934672,0.48694686130641796,12.903225806451612,1.356986206798089,1.2051532763972443,0.8881101888580683,0.14409706750623455,0.29591949133759693,0.16112358377857572,0.3308853523489219,0,1127.5843296045955,0.48290561086634265
bi3.2,3.2,10.0,3,3,"Turing band, near its edge",smallpert,2,i,cov20,6,10.01,1,6,10.01,5.477225575051661,1,2.0102960553481948,0.02996641705934672,0.48694686130641796,12.903225806451612,1.356986206798089,1.2051532763972443,0.8881101888580683,0.14409706750623455,0.29591949133759693,0.16112358377857572,0.3308853523489219,0,1127.5843296045955,0.48290561086634265
bi3.2,3.2,10.0,3,3,"Turing band, near its edge",smallpert,2,i,t600,301,600.01,1,301,600.01,5.477225575051661,1,2.0400738543892585,0.05022861838263821,0.5497787143782138,11.428571428571429,3.932586151265251,3.7148906659166996,0.9446431744976492,0.1328867062024007,0.24170944186642856,0.13878702715658953,0.25244161610286103,0,2004.6593963786158,0.6686573005402761
bi3.2,3.2,10.0,3,3,"Turing band, near its edge",smallpert,3,a,cov10,6,10.01,1,6,10.01,5.477225575051661,76,1.5979820879727824,1.952912480228859,0.6440264939859076,9.75609756097561,71.3957800937222,71.13822715810821,0.9963926028222412,0.2801647751538241,0.43502057410693196,0.28095048275542167,0.4362405667763869,0,77413.32079361082,0.6342482747156357
bi3.2,3.2,10.0,3,3,"Turing band, near its edge",smallpert,3,a,cov20,6,10.01,1,6,10.01,5.477225575051661,76,1.5979820879727824,1.952912480228859,0.6440264939859076,9.75609756097561,71.3957800937222,71.13822715810821,0.9963926028222412,0.2801647751538241,0.43502057410693196,0.28095048275542167,0.4362405667763869,0,77413.32079361082,0.6342482747156357
bi3.2,3.2,10.0,3,3,"Turing band, near its edge",smallpert,3,a,t600,301,600.01,1,301,600.01,5.477225575051661,118,1.5954252963741749,2.9150335244627623,0.5183627878423159,12.12121212121212,225.30037473912571,225.26700664344975,0.9998518950724578,0.1319588076531222,0.25456844269705486,0.1319705736094991,0.2545911410015104,0,116910.19356787845,0.7278849811472458
bi3.2,3.2,10.0,3,3,"Turing band, near its edge",smallpert,3,i,cov10,6,10.01,1,6,10.01,5.477225575051661,1,2.005723951933545,0.032434166087094166,0.48694686130641796,12.903225806451612,1.3205242740424674,1.0438677501486353,0.7904949349799419,0.18877520627630492,0.38767106080085306,0.23006441410875378,0.4724630804509542,0,1200.6945338407918,0.48932044904491295
bi3.2,3.2,10.0,3,3,"Turing band, near its edge",smallpert,3,i,cov20,6,10.01,1,6,10.01,5.477225575051661,1,2.005723951933545,0.032434166087094166,0.48694686130641796,12.903225806451612,1.3205242740424674,1.0438677501486353,0.7904949349799419,0.18877520627630492,0.38767106080085306,0.23006441410875378,0.4724630804509542,0,1200.6945338407918,0.48932044904491295
bi3.2,3.2,10.0,3,3,"Turing band, near its edge",smallpert,3,i,t600,301,600.01,1,301,600.01,5.477225575051661,1,2.0421431515194315,0.051589437480874516,0.5183627878423159,12.12121212121212,4.703624941309133,4.667790913983814,0.992381614654134,0.12543783638820785,0.24198850559922055,0.126137245596055,0.24333777144980068,0,2070.7251972420318,0.7210400647221498
bi5,5.0,10.0,3,3,replicating; Fig 1C regular spots,nucl,1,a,cov10,6,10.01,1,6,10.01,5.477225575051661,252,0.9271479803625768,1.9032015689694104,0.4555309347705201,13.79310344827586,63.11240086148934,61.74653284568326,0.9783581673781718,0.2844945921244553,0.624534077510616,0.2893313232345247,0.6351518659874972,0,75909.99707878527,0.44366540015307526
bi5,5.0,10.0,3,3,replicating; Fig 1C regular spots,nucl,1,a,cov20,6,10.01,1,6,10.01,5.477225575051661,252,0.9271479803625768,1.9032015689694104,0.4555309347705201,13.79310344827586,63.11240086148934,61.74653284568326,0.9783581673781718,0.2844945921244553,0.624534077510616,0.2893313232345247,0.6351518659874972,0,75909.99707878527,0.44366540015307526
bi5,5.0,10.0,3,3,replicating; Fig 1C regular spots,nucl,1,a,t600,301,600.01,1,301,600.01,5.477225575051661,276,0.9310432927887689,1.9833615980328585,0.5811946409141118,10.81081081081081,136.93696397534427,136.8403922025145,0.9992947720613466,0.1459673947907312,0.25115062066152477,0.14605029642445533,0.2512932607133906,0,78851.77627046706,0.6582305937869272
bi5,5.0,10.0,3,3,replicating; Fig 1C regular spots,nucl,1,i,cov10,6,10.01,1,6,10.01,5.477225575051661,4,1.703282686365115,0.16863616501626771,0.17278759594743864,36.36363636363636,14.744335406478815,9.330262157119508,0.6328031681251427,0.1752783785783439,1.014415286104582,0.2630959069909897,1.522655058358602,0,6376.540222564369,0.36075160770429066
bi5,5.0,10.0,3,3,replicating; Fig 1C regular spots,nucl,1,i,cov20,6,10.01,1,6,10.01,5.477225575051661,4,1.703282686365115,0.16863616501626771,0.17278759594743864,36.36363636363636,14.744335406478815,9.330262157119508,0.6328031681251427,0.1752783785783439,1.014415286104582,0.2630959069909897,1.522655058358602,0,6376.540222564369,0.36075160770429066
bi5,5.0,10.0,3,3,replicating; Fig 1C regular spots,nucl,1,i,t600,301,600.01,1,301,600.01,5.477225575051661,1,1.7965598532619094,0.0631909336857217,0.5497787143782138,11.428571428571429,5.444831915398271,5.395408569135584,0.9909228885242692,0.12859788807429345,0.2339084520937383,0.12932888288169692,0.23523806851628423,0,2575.3008984980734,0.7612014089776636
bi5,5.0,10.0,3,3,replicating; Fig 1C regular spots,nucl,2,a,cov10,6,10.01,1,6,10.01,5.477225575051661,248,0.9259888373026384,1.921650525090059,0.4555309347705201,13.79310344827586,59.60447006435417,58.37866940441965,0.9794344172742239,0.34355381502472515,0.7541832810932918,0.350870458429966,0.7702450737110133,0,76100.70002283469,0.4852056349743999
bi5,5.0,10.0,3,3,replicating; Fig 1C regular spots,nucl,2,a,cov20,6,10.01,1,6,10.01,5.477225575051661,248,0.9259888373026384,1.921650525090059,0.4555309347705201,13.79310344827586,59.60447006435417,58.37866940441965,0.9794344172742239,0.34355381502472515,0.7541832810932918,0.350870458429966,0.7702450737110133,0,76100.70002283469,0.4852056349743999
bi5,5.0,10.0,3,3,replicating; Fig 1C regular spots,nucl,2,a,t600,301,600.01,1,301,600.01,5.477225575051661,274,0.9316157623319732,1.9884529550822265,0.5811946409141118,10.81081081081081,152.64495061614676,152.49246979892,0.9990010752624882,0.1255759432564378,0.2160652119209669,0.12565356598677113,0.2161987691234408,0,78821.90964800201,0.731359295720676
bi5,5.0,10.0,3,3,replicating; Fig 1C regular spots,nucl,2,i,cov10,6,10.01,1,6,10.01,5.477225575051661,4,1.71657962385389,0.1635874343438906,0.2356194490192345,26.666666666666664,15.61511722401403,11.566738095438167,0.7407397542715862,0.14833139806332632,0.629538005800266,0.18880910496652298,0.8013307294980975,0,5981.083568715243,0.40844507822782306
bi5,5.0,10.0,3,3,replicating; Fig 1C regular spots,nucl,2,i,cov20,6,10.01,1,6,10.01,5.477225575051661,4,1.71657962385389,0.1635874343438906,0.2356194490192345,26.666666666666664,15.61511722401403,11.566738095438167,0.7407397542715862,0.14833139806332632,0.629538005800266,0.18880910496652298,0.8013307294980975,0,5981.083568715243,0.40844507822782306
bi5,5.0,10.0,3,3,replicating; Fig 1C regular spots,nucl,2,i,t600,301,600.01,1,301,600.01,5.477225575051661,1,1.7989528206617338,0.06294283617414231,0.5497787143782138,11.428571428571429,5.520265319622755,5.426084055388252,0.9829389968087731,0.11707380175062093,0.21294713434482185,0.11905531741333242,0.21655134020235953,0,2460.8980173195305,0.8142615126346531
bi5,5.0,10.0,3,3,replicating; Fig 1C regular spots,nucl,3,a,cov10,6,10.01,1,6,10.01,5.477225575051661,245,0.9165834520376549,1.9014637931908387,0.48694686130641796,12.903225806451612,64.07647539233821,62.47323785623117,0.9749793114198235,0.2944897534817515,0.604767741374638,0.29817483988704463,0.6123354796600979,0,75320.21722291125,0.47713439973648364
bi5,5.0,10.0,3,3,replicating; Fig 1C regular spots,nucl,3,a,cov20,6,10.01,1,6,10.01,5.477225575051661,245,0.9165834520376549,1.9014637931908387,0.48694686130641796,12.903225806451612,64.07647539233821,62.47323785623117,0.9749793114198235,0.2944897534817515,0.604767741374638,0.29817483988704463,0.6123354796600979,0,75320.21722291125,0.47713439973648364
bi5,5.0,10.0,3,3,replicating; Fig 1C regular spots,nucl,3,a,t600,301,600.01,1,301,600.01,5.477225575051661,278,0.9314584714901186,1.9894414221812498,0.5497787143782138,11.428571428571429,139.48134665529145,139.4171381910708,0.9995396627164825,0.13235385168510982,0.24074022551927785,0.1323891873696883,0.24080449807777154,0,79079.11919351449,0.68572414392449
bi5,5.0,10.0,3,3,replicating; Fig 1C regular spots,nucl,3,i,cov10,6,10.01,1,6,10.01,5.477225575051661,3,1.687860763792014,0.18025416839448138,0.20420352248333656,30.769230769230766,19.698213358324807,12.699692267923316,0.6447129004497357,0.14447492594676853,0.7075045728388842,0.1789402732242328,0.8762839692877223,0,7996.855279438019,0.48872086354614563
bi5,5.0,10.0,3,3,replicating; Fig 1C regular spots,nucl,3,i,cov20,6,10.01,1,6,10.01,5.477225575051661,3,1.687860763792014,0.18025416839448138,0.20420352248333656,30.769230769230766,19.698213358324807,12.699692267923316,0.6447129004497357,0.14447492594676853,0.7075045728388842,0.1789402732242328,0.8762839692877223,0,7996.855279438019,0.48872086354614563
bi5,5.0,10.0,3,3,replicating; Fig 1C regular spots,nucl,3,i,t600,301,600.01,1,301,600.01,5.477225575051661,1,1.7964483070162292,0.06262306435946742,0.5497787143782138,11.428571428571429,5.809071715029675,5.769189566557997,0.9931345057475376,0.1236882447401727,0.22497823488866983,0.12425221245031409,0.22600404344653519,0,2519.636187265029,0.8029698581933441
bi5,5.0,10.0,3,3,replicating; Fig 1C regular spots,random,1,a,cov10,6,10.01,1,6,10.01,5.477225575051661,326,0.865250321747025,1.7397790582487862,0.6440264939859076,9.75609756097561,50.5400338125616,50.391900166604096,0.997068984035371,0.2878669822729766,0.44698003104089007,0.28878887613269294,0.4484114843558162,0,69652.55899593585,0.49013372838181923
bi5,5.0,10.0,3,3,replicating; Fig 1C regular spots,random,1,a,cov20,6,10.01,1,6,10.01,5.477225575051661,326,0.865250321747025,1.7397790582487862,0.6440264939859076,9.75609756097561,50.5400338125616,50.391900166604096,0.997068984035371,0.2878669822729766,0.44698003104089007,0.28878887613269294,0.4484114843558162,0,69652.55899593585,0.49013372838181923
bi5,5.0,10.0,3,3,replicating; Fig 1C regular spots,random,1,a,t600,301,600.01,1,301,600.01,5.477225575051661,322,0.8850593783707568,2.0073462972741667,0.6440264939859076,9.75609756097561,115.59325959063288,115.58403708719406,0.9999202159064337,0.15917277096751078,0.2471525200498875,0.1591810176743199,0.2471653249684524,0,80288.15526510516,0.7381865207084894
bi5,5.0,10.0,3,3,replicating; Fig 1C regular spots,random,1,i,cov10,6,10.01,1,6,10.01,5.477225575051661,1,1.729996113096393,0.05508092891226098,0.39269908169872414,16.0,2.894600193446227,2.584021579399082,0.8927041410588109,0.17358917919008574,0.4420412149658707,0.18722994242439245,0.47677713330644833,0,2099.1392589926063,0.4661940914933817
bi5,5.0,10.0,3,3,replicating; Fig 1C regular spots,random,1,i,cov20,6,10.01,1,6,10.01,5.477225575051661,1,1.729996113096393,0.05508092891226098,0.39269908169872414,16.0,2.894600193446227,2.584021579399082,0.8927041410588109,0.17358917919008574,0.4420412149658707,0.18722994242439245,0.47677713330644833,0,2099.1392589926063,0.4661940914933817
bi5,5.0,10.0,3,3,replicating; Fig 1C regular spots,random,1,i,t600,301,600.01,1,301,600.01,5.477225575051661,1,1.770112819213857,0.04986848707661954,0.5811946409141118,10.81081081081081,3.570400336800638,3.5602503016597264,0.9971571716940832,0.14434692758745662,0.24836245454780104,0.1446056980025877,0.24880769336611513,0,1854.3385199135423,0.7791521724157703
bi5,5.0,10.0,3,3,replicating; Fig 1C regular spots,random,2,a,cov10,6,10.01,1,6,10.01,5.477225575051661,346,0.8651042102555065,1.744864340835985,0.7068583470577035,8.88888888888889,45.65570875049798,45.49720737079295,0.9965283338263082,0.3360003168123965,0.4753432115656513,0.336920737315172,0.47664534021222776,0,69322.94291266115,0.5924295579571534
bi5,5.0,10.0,3,3,replicating; Fig 1C regular spots,random,2,a,cov20,6,10.01,1,6,10.01,5.477225575051661,346,0.8651042102555065,1.744864340835985,0.7068583470577035,8.88888888888889,45.65570875049798,45.49720737079295,0.9965283338263082,0.3360003168123965,0.4753432115656513,0.336920737315172,0.47664534021222776,0,69322.94291266115,0.5924295579571534
bi5,5.0,10.0,3,3,replicating; Fig 1C regular spots,random,2,a,t600,301,600.01,1,301,600.01,5.477225575051661,335,0.887485791777936,2.001673192771607,0.6754424205218056,9.302325581395348,113.91666958784937,113.90870130150124,0.9999300516212688,0.1563527901152891,0.2314820410517013,0.15636017528770785,0.2314929748814318,0,79934.7390539455,0.7166121188799145
bi5,5.0,10.0,3,3,replicating; Fig 1C regular spots,random,2,i,cov10,6,10.01,1,6,10.01,5.477225575051661,1,1.7278499827924185,0.051071396630752386,0.5183627878423159,12.12121212121212,1.9166656346855375,1.526538471300571,0.796455283422988,0.21400676922640882,0.4128513354849633,0.31587498398548813,0.6093704860650146,0,1874.04900060739,0.5293911671729028
bi5,5.0,10.0,3,3,replicating; Fig 1C regular spots,random,2,i,cov20,6,10.01,1,6,10.01,5.477225575051661,1,1.7278499827924185,0.051071396630752386,0.5183627878423159,12.12121212121212,1.9166656346855375,1.526538471300571,0.796455283422988,0.21400676922640882,0.4128513354849633,0.31587498398548813,0.6093704860650146,0,1874.04900060739,0.5293911671729028
bi5,5.0,10.0,3,3,replicating; Fig 1C regular spots,random,2,i,t600,301,600.01,1,301,600.01,5.477225575051661,1,1.7749643407505682,0.04556821161116991,0.6126105674500097,10.256410256410255,2.6921173737080673,2.68257758085647,0.996456397873003,0.16643303588269792,0.27167836261048367,0.16681978517667184,0.2723096760655939,0,1687.5175733305687,0.810952565018406
bi5,5.0,10.0,3,3,replicating; Fig 1C regular spots,random,3,a,cov10,6,10.01,1,6,10.01,5.477225575051661,335,0.867888940187423,1.7502365494284027,0.6440264939859076,9.75609756097561,51.4034423172477,51.26124305749104,0.9972336627014384,0.3151459317862538,0.4893369057471566,0.31589594061299736,0.49050146781680337,0,70104.03372064934,0.5808127015101578
bi5,5.0,10.0,3,3,replicating; Fig 1C regular spots,random,3,a,cov20,6,10.01,1,6,10.01,5.477225575051661,335,0.867888940187423,1.7502365494284027,0.6440264939859076,9.75609756097561,51.4034423172477,51.26124305749104,0.9972336627014384,0.3151459317862538,0.4893369057471566,0.31589594061299736,0.49050146781680337,0,70104.03372064934,0.5808127015101578
bi5,5.0,10.0,3,3,replicating; Fig 1C regular spots,random,3,a,t600,301,600.01,1,301,600.01,5.477225575051661,334,0.8872351850610294,2.0015550229024286,0.6126105674500097,10.256410256410255,111.9231184398324,111.91248515787382,0.9999049947668829,0.1608651103511422,0.2625895126503333,0.16087562164500546,0.26260667084906797,0,80187.13904350565,0.7054720140862871
bi5,5.0,10.0,3,3,replicating; Fig 1C regular spots,random,3,i,cov10,6,10.01,1,6,10.01,5.477225575051661,1,1.7339064103686221,0.051697985561501694,0.48694686130641796,12.903225806451612,2.181585181418634,1.8659805101603761,0.8553324096870573,0.20647441093192395,0.4240183628619738,0.2907340062722658,0.597054893201822,0,1998.9369002562303,0.5347073320868371
bi5,5.0,10.0,3,3,replicating; Fig 1C regular spots,random,3,i,cov20,6,10.01,1,6,10.01,5.477225575051661,1,1.7339064103686221,0.051697985561501694,0.48694686130641796,12.903225806451612,2.181585181418634,1.8659805101603761,0.8553324096870573,0.20647441093192395,0.4240183628619738,0.2907340062722658,0.597054893201822,0,1998.9369002562303,0.5347073320868371
bi5,5.0,10.0,3,3,replicating; Fig 1C regular spots,random,3,i,t600,301,600.01,1,301,600.01,5.477225575051661,1,1.774462996398437,0.04589074499534078,0.6126105674500097,10.256410256410255,3.0808883573494636,3.068143975475236,0.9958634067853106,0.1585668303369837,0.2588378959850755,0.1589433866361828,0.25945257081963885,0,1829.0553259974367,0.8069113061404652
bi5,5.0,10.0,3,3,replicating; Fig 1C regular spots,seed1,0,a,cov10,261,520.01,1,261,520.01,5.477225575051661,72,0.4035907443003876,1.1048075348573183,0.5183627878423159,12.12121212121212,103.42947194082807,102.18042920633572,0.9879237251137961,0.2250896148581539,0.4342318162827408,0.22734118687685878,0.4385754383009745,0,84066.41874757393,0.6039116549173154
bi5,5.0,10.0,3,3,replicating; Fig 1C regular spots,seed1,0,a,t600,301,600.01,1,301,600.01,5.477225575051661,114,0.5498528796556396,1.4337844155059403,0.4241150082346221,14.814814814814813,113.68104974029515,113.41975330180796,0.9977014952000872,0.14962842089950543,0.3528015231583844,0.14975711401753056,0.35310496235654154,0,81734.79280127276,0.4939600860045789
bi5,5.0,10.0,3,3,replicating; Fig 1C regular spots,seed1,0,i,cov10,261,520.01,1,146,290.01,5.477225575051661,1,0.8047383465784779,0.7156046786598358,0.4241150082346221,14.814814814814813,8.073361547111519,7.015674425467581,0.868990492315762,0.12757224208561196,0.3007963396924602,0.1408997753809586,0.33222067751729334,0,26820.855727349197,0.08165138199156824
bi5,5.0,10.0,3,3,replicating; Fig 1C regular spots,seed1,0,i,t600,301,600.01,1,301,600.01,5.477225575051661,1,1.0947959056779952,0.6599611444306703,0.4241150082346221,14.814814814814813,10.172564639333933,9.781263045968645,0.9615336341189463,0.13095081277292925,0.30876250599574806,0.13358922498136472,0.3149834888829556,0,13479.218152874575,0.19284157346580325
bi5,5.0,10.0,3,3,replicating; Fig 1C regular spots,seed36,1,a,cov10,26,50.01,1,26,50.01,5.477225575051661,43,0.49055871175700283,1.2895830829568518,0.1413716694115407,44.44444444444444,83.7707934643958,20.745024268963235,0.24764029814018976,0.05744412453686774,0.40633406096128594,0.1462814243342507,1.0347294117919583,1,48433.003194777586,0.11525406238457887
bi5,5.0,10.0,3,3,replicating; Fig 1C regular spots,seed36,1,a,cov20,76,150.01,1,76,150.01,5.477225575051661,80,0.7605023349985011,1.7645869273413668,0.4241150082346221,14.814814814814813,75.23866343787353,61.810540255720575,0.8215262928847628,0.2150133121601624,0.5069693549755641,0.29748427152330625,0.7014235897040851,0,69766.23044281811,0.5073367363181099
bi5,5.0,10.0,3,3,replicating; Fig 1C regular spots,seed36,1,a,t600,301,600.01,1,301,600.01,5.477225575051661,182,0.8773637950931312,1.9775439419911982,0.5183627878423159,12.12121212121212,157.76540876890556,157.64768739679897,0.9992538201306281,0.12078856316965673,0.23301935633234572,0.12086630571467682,0.2331693334272365,0,79112.57568599159,0.6279504088447811
bi5,5.0,10.0,3,3,replicating; Fig 1C regular spots,seed36,1,i,cov10,26,50.01,1,6,10.01,5.477225575051661,18,0.97152167661133,0.5987019563844133,0.8011061266653974,7.84313725490196,0.05659244850847316,0.012093163377029606,0.21368864037079058,0.0376431642702863,0.04698898562538261,0.8271132899610878,1.0324640674063312,1,23857.72135449502,0.0008637389287646597
bi5,5.0,10.0,3,3,replicating; Fig 1C regular spots,seed36,1,i,cov20,76,150.01,1,21,40.01,5.477225575051661,4,1.5175308622324142,0.3394779390863311,0.26703537555513246,23.529411764705877,14.095478044690127,2.790116953835188,0.19794411689969224,0.0675246471620827,0.25286779709133134,0.30374638397083104,1.1374761989469788,1,13525.646383025742,0.13075395355345387
bi5,5.0,10.0,3,3,replicating; Fig 1C regular spots,seed36,1,i,t600,301,600.01,1,301,600.01,5.477225575051661,1,1.7547191890978429,0.08107549801493864,0.5183627878423159,12.12121212121212,8.086834540835445,7.9965253200501545,0.9888325623172747,0.12152680576246794,0.23444353763958062,0.12291937792021201,0.23713001936706082,0,3276.20524425913,0.7651339117240656
bi5,5.0,10.0,3,3,replicating; Fig 1C regular spots,seed36,2,a,cov10,26,50.01,1,26,50.01,5.477225575051661,41,0.4768541314377071,1.2571346357774762,0.1413716694115407,44.44444444444444,77.70910743421291,7.542655440506735,0.09706269560350063,0.02185058310872182,0.15456125827526002,0.25235861027510087,1.7850720114259322,1,60966.58653226189,0.03059083154399979
bi5,5.0,10.0,3,3,replicating; Fig 1C regular spots,seed36,2,a,cov20,76,150.01,1,76,150.01,5.477225575051661,86,0.7705221256464618,1.7858460445046698,0.48694686130641796,12.903225806451612,88.68386162073459,84.2877548615402,0.9504294616985131,0.23973750964860072,0.4923278671627839,0.24835946781817397,0.510034025379805,0,76104.24514407723,0.6053706535269113
bi5,5.0,10.0,3,3,replicating; Fig 1C regular spots,seed36,2,a,t600,301,600.01,1,301,600.01,5.477225575051661,191,0.876693842046017,1.9848236866284463,0.5497787143782138,11.428571428571429,181.55543139536272,181.4189705904952,0.9992483793857406,0.10203728992365589,0.1855970179548649,0.10212396984779454,0.1857546812507906,0,79783.49567330102,0.6201561566120982
bi5,5.0,10.0,3,3,replicating; Fig 1C regular spots,seed36,2,i,cov10,26,50.01,1,6,10.01,5.477225575051661,19,0.9438714709150045,0.5957757980647662,0.4241150082346221,14.814814814814813,4.928663594258778,1.051901283577997,0.21342525483040042,0.04617066519124387,0.10886354949670178,0.4297405506629245,1.0132641908894446,1,22668.23451377602,0.04009996636550797
bi5,5.0,10.0,3,3,replicating; Fig 1C regular spots,seed36,2,i,cov20,76,150.01,1,21,40.01,5.477225575051661,4,1.5375655471824001,0.3053519591057762,0.3612831551628263,17.391304347826082,9.910535263249427,6.1877075998412945,0.6243565494173413,0.10972205761843337,0.30370100584673776,0.19987570884180555,0.5532383837594748,0,6923.051235833285,0.3163912124031086
bi5,5.0,10.0,3,3,replicating; Fig 1C regular spots,seed36,2,i,t600,301,600.01,1,301,600.01,5.477225575051661,1,1.7533965018588387,0.0795521651478338,0.5497787143782138,11.428571428571429,7.729339548088199,7.61583433146064,0.9853150174188383,0.11326410336501093,0.20601762200471846,0.11434592944111899,0.2079853702056134,0,3104.6676280685833,0.8074161095262177
bi5,5.0,10.0,3,3,replicating; Fig 1C regular spots,seed36,3,a,cov10,26,50.01,1,26,50.01,5.477225575051661,39,0.5008414117897908,1.3019287113768925,0.1413716694115407,44.44444444444444,122.56206174262199,90.59656361498462,0.7391892917502945,0.1056033470666806,0.74699087523161,0.13138275801066496,0.9293429055308283,0,56672.362731803965,0.20010694897005923
bi5,5.0,10.0,3,3,replicating; Fig 1C regular spots,seed36,3,a,cov20,76,150.01,1,76,150.01,5.477225575051661,82,0.7558869353925813,1.7562049382525886,0.4241150082346221,14.814814814814813,101.41394865694721,98.38482609640178,0.9701311052309772,0.1616253980970457,0.3810886079457813,0.1651778099398834,0.38946466579297845,0,74657.023582374,0.44243853415506895
bi5,5.0,10.0,3,3,replicating; Fig 1C regular spots,seed36,3,a,t600,301,600.01,1,301,600.01,5.477225575051661,173,0.8781485401448045,1.9717207005709454,0.5183627878423159,12.12121212121212,147.89364307654057,147.79234347501327,0.9993150510094956,0.14100716719936485,0.2720240929838095,0.1410780366973337,0.27216081093430866,0,78787.1195228787,0.6953046792333683
bi5,5.0,10.0,3,3,replicating; Fig 1C regular spots,seed36,3,i,cov10,26,50.01,1,6,10.01,5.477225575051661,25,0.9919903849494356,0.5985783883477176,0.1413716694115407,44.44444444444444,192.17128904999103,105.00985261160135,0.5464388209639595,0.07572726329984575,0.5356608124885299,0.11321911560414655,0.8008614178174517,0,21712.77868420438,0.5504134135037769
bi5,5.0,10.0,3,3,replicating; Fig 1C regular spots,seed36,3,i,cov20,76,150.01,1,21,40.01,5.477225575051661,1,1.5089547116330795,0.35849545471090305,0.10995574287564278,57.14285714285713,12.995041307817015,3.237531614230626,0.24913592327583653,0.04940233323647969,0.4492928877062156,0.0929398587849947,0.845247882051121,1,7392.884019831121,0.08834614660839075
bi5,5.0,10.0,3,3,replicating; Fig 1C regular spots,seed36,3,i,t600,301,600.01,1,301,600.01,5.477225575051661,1,1.7563367504285343,0.08217816345011458,0.5183627878423159,12.12121212121212,7.5229791752683814,7.3688505934477675,0.9795122945006537,0.14438150623382562,0.2785337019171715,0.14770963321924224,0.28495416083797853,0,3310.5986577985996,0.7863495072402186
bi5,5.0,10.0,3,3,replicating; Fig 1C regular spots,smallpert,1,a,t600,301,600.01,1,301,600.01,5.477225575051661,0,3.003104195994359e-261,0.0,nan,nan,nan,nan,nan,nan,nan,nan,nan,nan,0.0,nan
bi5,5.0,10.0,3,3,replicating; Fig 1C regular spots,smallpert,1,i,t600,301,600.01,1,301,600.01,5.477225575051661,0,2.123093286580099e-130,1.4828218498061263e-269,0.2356194490192345,26.666666666666664,4.476823435829442e-272,8.767035362785443e-273,0.19583160891761045,0.020371998818190674,0.08646144833539454,0.18089619414278202,0.7677472929155978,1,1.957534007609562e-265,1.4764318365741547e-05
bi5,5.0,10.0,3,3,replicating; Fig 1C regular spots,smallpert,2,a,t600,301,600.01,1,301,600.01,5.477225575051661,0,3.0046684970437665e-261,0.0,nan,nan,nan,nan,nan,nan,nan,nan,nan,nan,0.0,nan
bi5,5.0,10.0,3,3,replicating; Fig 1C regular spots,smallpert,2,i,t600,301,600.01,1,301,600.01,5.477225575051661,0,2.1237118681069456e-130,1.6676822717347906e-269,0.26703537555513246,23.529411764705877,3.5975542284802254e-272,2.8661054797822914e-272,0.7966816614166975,0.034822400893529254,0.13040369958900735,0.043709303954111794,0.16368357137418865,0,2.2007422007243533e-265,1.0353657963464502e-05
bi5,5.0,10.0,3,3,replicating; Fig 1C regular spots,smallpert,3,a,t600,301,600.01,1,301,600.01,5.477225575051661,0,3.0027165029096044e-261,0.0,nan,nan,nan,nan,nan,nan,nan,nan,nan,nan,0.0,nan
bi5,5.0,10.0,3,3,replicating; Fig 1C regular spots,smallpert,3,i,t600,301,600.01,1,301,600.01,5.477225575051661,0,2.122928980331008e-130,1.4852453643153943e-270,0.2356194490192345,26.666666666666664,4.417807401081219e-273,7.085541230652594e-274,0.1603859242238236,0.019585320143438202,0.08312268034307889,0.18125480200468708,0.7692692719516994,1,1.950217593227749e-266,1.4929466189435926e-05
bi9,9.0,10.0,3,3,divides late,nucl,1,a,cov10,6,10.01,1,6,10.01,5.477225575051661,263,0.4158816173243016,0.7978486999972975,0.4555309347705201,13.79310344827586,15.812735438595624,15.582041624522171,0.9854108851078115,0.45392432188039444,0.9964730981641565,0.4559977481183495,1.0010247676111492,0,31955.133241995652,0.5168659574109765
bi9,9.0,10.0,3,3,divides late,nucl,1,a,t600,301,600.01,1,301,600.01,5.477225575051661,259,0.43416320290826227,0.8958658300850362,0.5497787143782138,11.428571428571429,37.88042192139758,37.76905594157643,0.9970600649577708,0.14165047521113017,0.2576499808133412,0.14201482255878273,0.2583126971719849,0,35287.391216622316,0.44870701880932684
bi9,9.0,10.0,3,3,divides late,nucl,1,i,cov10,6,10.01,1,6,10.01,5.477225575051661,47,1.3207204451421857,0.12301522077020773,0.17278759594743864,36.36363636363636,9.047901417877421,6.175381588610774,0.6825208745542984,0.11944235073003405,0.691266928480028,0.29753715862890506,1.7219821654293679,0,4685.147028911516,0.21755868172503504
bi9,9.0,10.0,3,3,divides late,nucl,1,i,t600,301,600.01,1,301,600.01,5.477225575051661,5,1.4259238356936699,0.07261057699497872,0.5497787143782138,11.428571428571429,5.225374756008875,5.076795496359265,0.9715658174605081,0.1308733192096249,0.2380472648120606,0.13466315105024756,0.24494064162259951,0,2753.6691008149173,0.6621631346891443
bi9,9.0,10.0,3,3,divides late,nucl,2,a,cov10,6,10.01,1,6,10.01,5.477225575051661,254,0.4139812832984275,0.8064120536937142,0.4555309347705201,13.79310344827586,17.567921186968103,17.343264928672507,0.9872121319361197,0.4680158055840455,1.0274072952253284,0.4703214753891332,1.0324687951786722,0,32126.78898095842,0.5616834989006902
bi9,9.0,10.0,3,3,divides late,nucl,2,a,t600,301,600.01,1,301,600.01,5.477225575051661,256,0.43163942977069875,0.8898326004157306,0.5497787143782138,11.428571428571429,38.98147154940979,38.88701829347886,0.9975769704893975,0.13912973682073482,0.2530649753839363,0.13937961408519167,0.2535194805474173,0,35107.08163172064,0.4668250332891756
bi9,9.0,10.0,3,3,divides late,nucl,2,i,cov10,6,10.01,1,6,10.01,5.477225575051661,36,1.3302564516190283,0.12282915313071817,0.2356194490192345,26.666666666666664,9.23238857366179,7.435561308341558,0.8053778552555477,0.17092553822099726,0.7254305148937173,0.23122116340471835,0.9813330960885275,0,4576.944880406971,0.413982093462695
bi9,9.0,10.0,3,3,divides late,nucl,2,i,t600,301,600.01,1,301,600.01,5.477225575051661,4,1.4219844702975692,0.07260960081342226,0.5497787143782138,11.428571428571429,5.357877265172072,5.194027207382662,0.9694188482340781,0.13581037956714123,0.24702735121482364,0.14026930581467412,0.2551377529654186,0,2834.4510911849043,0.6852613956184241
bi9,9.0,10.0,3,3,divides late,nucl,3,a,cov10,6,10.01,1,6,10.01,5.477225575051661,244,0.4078181574344107,0.7879089421366225,0.48694686130641796,12.903225806451612,16.844933725019338,16.298110742408277,0.9675378371006067,0.49340177073507113,1.0132558805520082,0.502374484509026,1.0316823547465068,0,30637.8070814858,0.5863530959070318
bi9,9.0,10.0,3,3,divides late,nucl,3,a,t600,301,600.01,1,301,600.01,5.477225575051661,256,0.4317010639985433,0.8954914611732271,0.5497787143782138,11.428571428571429,41.345913464256505,41.216936960287036,0.9968805501399559,0.13968685865880515,0.25407833189174583,0.14012877581413669,0.2548821410312673,0,35405.757394659646,0.4558316383801276
bi9,9.0,10.0,3,3,divides late,nucl,3,i,cov10,6,10.01,1,6,10.01,5.477225575051661,55,1.3006871355439762,0.1340641997483216,0.20420352248333656,30.769230769230766,12.226968395166946,6.877893187197836,0.562518276396013,0.10573825194706582,0.5178081683468231,0.1954581641361991,0.9571733227674801,0,5768.654077261196,0.3384479050147629
bi9,9.0,10.0,3,3,divides late,nucl,3,i,t600,301,600.01,1,301,600.01,5.477225575051661,1,1.4186480469109979,0.07347348036496901,0.5497787143782138,11.428571428571429,5.780802357634112,5.609361810454584,0.9703431225333065,0.11977292729014177,0.2178566105921398,0.12465318184273322,0.2267333721417587,0,2965.0031782560263,0.5842049134297574
bi9,9.0,10.0,3,3,divides late,random,1,a,cov10,6,10.01,1,6,10.01,5.477225575051661,278,0.36757560668282996,0.8354321729979957,0.6440264939859076,9.75609756097561,18.04697232625682,17.64781525252764,0.9778823247183439,0.30516877811755305,0.473845068436316,0.31331328277212694,0.48649129453202705,0,33819.11725081915,0.4310645338553303
bi9,9.0,10.0,3,3,divides late,random,1,a,t600,301,600.01,1,301,600.01,5.477225575051661,265,0.3852798333093304,0.8855842780722177,0.5811946409141118,10.81081081081081,36.21334500880321,36.19631950784311,0.9995298556110748,0.15838586037687638,0.2725177577820826,0.1584377130587039,0.2726069751942493,0,35554.60152193262,0.4716662894991403
bi9,9.0,10.0,3,3,divides late,random,1,i,cov10,6,10.01,1,6,10.01,5.477225575051661,24,1.2680393876952665,0.11783587898321304,0.2356194490192345,26.666666666666664,9.297344846963401,6.607642301278286,0.7107020778557442,0.07639757692875518,0.324241386892126,0.14966777763424086,0.6352097768551479,0,4460.200668066577,0.19258769872163722
bi9,9.0,10.0,3,3,divides late,random,1,i,t600,301,600.01,1,301,600.01,5.477225575051661,2,1.386995351196893,0.07046654209810459,0.5497787143782138,11.428571428571429,4.61099123554557,4.531356838610053,0.9827294408365765,0.1565382286128716,0.28472951847528777,0.15836841865970286,0.2880584761067253,0,2753.612721796767,0.735890794453045
bi9,9.0,10.0,3,3,divides late,random,2,a,cov10,6,10.01,1,6,10.01,5.477225575051661,281,0.37111616235971423,0.8437958888927475,0.5183627878423159,12.12121212121212,17.089277019933657,16.4738034441679,0.9639848090093077,0.47008832294164593,0.9068712761932384,0.478795879299816,0.9236694657284387,0,33499.98854704879,0.6118426055828232
bi9,9.0,10.0,3,3,divides late,random,2,a,t600,301,600.01,1,301,600.01,5.477225575051661,272,0.38740993590919204,0.8869458309297527,0.5497787143782138,11.428571428571429,40.03230447631869,40.023405433921354,0.9997777034693918,0.15722123377526695,0.28597184587817354,0.1572419113240322,0.28600945655356796,0,35492.174335089105,0.472503667558629
bi9,9.0,10.0,3,3,divides late,random,2,i,cov10,6,10.01,1,6,10.01,5.477225575051661,25,1.2809934622636465,0.11092402459745704,0.2356194490192345,26.666666666666664,10.146164297723718,6.5345824335365155,0.6440446105335139,0.07742496808568503,0.32860177038850696,0.13299649202149577,0.5644546431760765,0,4749.8752155867915,0.2697421905118058
bi9,9.0,10.0,3,3,divides late,random,2,i,t600,301,600.01,1,301,600.01,5.477225575051661,2,1.394662107186026,0.06747414737475944,0.5497787143782138,11.428571428571429,5.573801963451161,5.502947441798062,0.9872879370100139,0.11344592895098601,0.2063483470423015,0.11507408757301302,0.2093098269603962,0,2822.5135985741235,0.6445593426311541
bi9,9.0,10.0,3,3,divides late,random,3,a,cov10,6,10.01,1,6,10.01,5.477225575051661,283,0.37060541241943706,0.8421646894689784,0.6440264939859076,9.75609756097561,19.177791343638084,18.59959039086557,0.9698504930827541,0.35144829096068597,0.5457047097326034,0.3567855412578833,0.5539920245357024,0,34308.17892490803,0.47915953490966684
bi9,9.0,10.0,3,3,divides late,random,3,a,t600,301,600.01,1,301,600.01,5.477225575051661,272,0.3875980855379783,0.886658770931209,0.6126105674500097,10.256410256410255,42.57488644866513,42.567355888084364,0.9998231220043335,0.11611027842380604,0.18953358722999972,0.1161297113426526,0.1895653087181344,0,35623.927987903226,0.4351060061044335
bi9,9.0,10.0,3,3,divides late,random,3,i,cov10,6,10.01,1,6,10.01,5.477225575051661,21,1.2768488645516893,0.11020476595696564,0.10995574287564278,57.14285714285713,6.407427978519282,0.7191127792256253,0.11223111389412886,0.021581504989821844,0.1962744684852886,0.1024230947962223,0.9314938184907748,1,3989.378752285169,0.04887230030284209
bi9,9.0,10.0,3,3,divides late,random,3,i,t600,301,600.01,1,301,600.01,5.477225575051661,1,1.3953419115764882,0.06694473274231438,0.6126105674500097,10.256410256410255,3.917054772612949,3.8820832504163367,0.9910719854005811,0.18257077598874139,0.2980209380792954,0.1835005890143293,0.2995387261733831,0,2556.640219112181,0.7614387731734782
bi9,9.0,10.0,3,3,divides late,seed1,0,a,t600,301,600.01,1,301,600.01,5.477225575051661,4,0.010653943701155145,0.029390554222119572,0.3612831551628263,17.391304347826082,6.304537475038427,5.314903907063033,0.8430283630014647,0.30570457430551257,0.8461633761134945,0.3427475363920981,0.9486950373803772,0,7824.179751833988,0.5283358214914634
bi9,9.0,10.0,3,3,divides late,seed1,0,i,t600,301,600.01,1,301,600.01,5.477225575051661,4,0.03819153093350099,0.03901242769138293,0.3298672286269283,19.047619047619047,4.5556895940489825,2.526863560157122,0.5546610470252231,0.08337762822955823,0.25276117478119137,0.16469986519391888,0.4992913842320189,0,9876.361967810693,0.07133754399943851
bi9,9.0,10.0,3,3,divides late,seed36,1,a,t600,301,600.01,1,301,600.01,5.477225575051661,135,0.31019622454594875,0.7617446225011291,0.39269908169872414,16.0,41.59358575113058,41.5421079286371,0.9987623615140687,0.1670430637808904,0.4253716689590953,0.1673424430947239,0.4261340321215923,0,30366.229081695885,0.4744111165130686
bi9,9.0,10.0,3,3,divides late,seed36,1,i,t600,301,600.01,1,301,600.01,5.477225575051661,132,1.116471883586414,0.16652893658504378,0.39269908169872414,16.0,18.09736878256024,17.739273712225835,0.9802128654923866,0.1331095740617607,0.3389607469565752,0.1376763217276858,0.3505898743947409,0,6440.254180132317,0.6902001700683588
bi9,9.0,10.0,3,3,divides late,seed36,2,a,t600,301,600.01,1,301,600.01,5.477225575051661,138,0.3124769485509223,0.7672771701254038,0.4241150082346221,14.814814814814813,46.60375806775828,46.55594572217768,0.9989740667370413,0.14340632713588042,0.33813075310116697,0.14354703980637656,0.3384625326132429,0,31031.453392287614,0.4037158241382547
bi9,9.0,10.0,3,3,divides late,seed36,2,i,t600,301,600.01,1,301,600.01,5.477225575051661,133,1.1247735563254628,0.16207817893122992,0.4241150082346221,14.814814814814813,15.614964328172025,15.258182119614226,0.9771512632972139,0.15178049656637266,0.3578757969404541,0.15399017847492247,0.36308589765758653,0,6155.608437975695,0.7796879766201461
bi9,9.0,10.0,3,3,divides late,seed36,3,a,t600,301,600.01,1,301,600.01,5.477225575051661,135,0.30719617310359876,0.7547213866141116,0.4241150082346221,14.814814814814813,54.7008148838289,54.65906512740528,0.9992367617098157,0.08498230495109589,0.2003756134564409,0.08502564363656445,0.20047779961969167,0,30848.416930723484,0.339459974175692
bi9,9.0,10.0,3,3,divides late,seed36,3,i,t600,301,600.01,1,301,600.01,5.477225575051661,133,1.1056558922016666,0.17818106416632903,0.39269908169872414,16.0,21.050873311429427,20.720536220650356,0.9843076776012083,0.09096395290325157,0.23163780396369363,0.09254913423136418,0.2356744350687512,0,6199.3457410414685,0.6472360894010942
bi9,9.0,10.0,3,3,divides late,smallpert,1,a,t600,301,600.01,1,301,600.01,5.477225575051661,0,8.638315925743714e-262,0.0,nan,nan,nan,nan,nan,nan,nan,nan,nan,nan,0.0,nan
bi9,9.0,10.0,3,3,divides late,smallpert,1,i,t600,301,600.01,1,301,600.01,5.477225575051661,0,1.5457123531324376e-130,4.426831305053786e-270,0.4241150082346221,14.814814814814813,1.5209118509681026e-274,1.7593423156808518e-275,0.11567681023466163,0.022810578205920695,0.053783944833430165,0.39102084061027237,0.9219688834825626,1,5.8351949981262346e-266,3.3979014619695353e-07
bi9,9.0,10.0,3,3,divides late,smallpert,2,a,t600,301,600.01,1,301,600.01,5.477225575051661,0,8.640645657371514e-262,0.0,nan,nan,nan,nan,nan,nan,nan,nan,nan,nan,0.0,nan
bi9,9.0,10.0,3,3,divides late,smallpert,2,i,t600,301,600.01,1,301,600.01,5.477225575051661,0,1.5459737093440802e-130,5.497755552577032e-270,0.26703537555513246,23.529411764705877,1.2861582505380056e-272,1.2737981524327144e-272,0.9903899087844588,0.0393833041182642,0.14748347119325048,0.03976545375608753,0.14891455363702366,0,7.254372474053841e-266,1.1205444089378513e-05
bi9,9.0,10.0,3,3,divides late,smallpert,3,a,t600,301,600.01,1,301,600.01,5.477225575051661,0,8.638141464811039e-262,0.0,nan,nan,nan,nan,nan,nan,nan,nan,nan,nan,0.0,nan
bi9,9.0,10.0,3,3,divides late,smallpert,3,i,t600,301,600.01,1,301,600.01,5.477225575051661,0,1.5457439717676357e-130,1.1488024088657728e-270,0.26703537555513246,23.529411764705877,2.4759608765136672e-273,1.966380534730509e-273,0.7941888554795404,0.03476347113337373,0.13018301811550217,0.043772297852735675,0.163919472323615,0,1.5159838041920212e-266,1.034466544036746e-05
