set,b_i,D_i,n_a,n_i,anchor,condition,replicate,channel,point,frame,t,reached,own_channel_frame,own_channel_t,lambda_i,n_points,margin,psi6,frac6,n_interior,null_csr_n,null_csr_psi6_mean,null_csr_psi6_sd,null_csr_frac6_mean,null_csr_frac6_sd,null_disc_n,null_disc_psi6_mean,null_disc_psi6_sd,null_disc_frac6_mean,null_disc_frac6_sd,null_hole_n,null_hole_psi6_mean,null_hole_psi6_sd,null_hole_frac6_mean,null_hole_frac6_sd,z_csr_psi6,z_csr_frac6,z_disc_psi6,z_disc_frac6,z_hole_psi6,z_hole_frac6
bi0,0.0,10.0,3,3,"JA, no inhibitor",nucl,1,a,cov10,6,10.01,1,6,10.01,5.477225575051661,1,0.0,nan,nan,0,0,nan,nan,nan,nan,0,nan,nan,nan,nan,0,nan,nan,nan,nan,nan,nan,nan,nan,nan,nan
bi0,0.0,10.0,3,3,"JA, no inhibitor",nucl,1,a,cov20,6,10.01,1,6,10.01,5.477225575051661,1,0.0,nan,nan,0,0,nan,nan,nan,nan,0,nan,nan,nan,nan,0,nan,nan,nan,nan,nan,nan,nan,nan,nan,nan
bi0,0.0,10.0,3,3,"JA, no inhibitor",nucl,1,a,t600,301,600.01,1,301,600.01,5.477225575051661,1,0.0,nan,nan,0,0,nan,nan,nan,nan,0,nan,nan,nan,nan,0,nan,nan,nan,nan,nan,nan,nan,nan,nan,nan
bi0,0.0,10.0,3,3,"JA, no inhibitor",nucl,1,i,cov10,6,10.01,1,,,5.477225575051661,0,0.0,nan,nan,0,0,nan,nan,nan,nan,0,nan,nan,nan,nan,0,nan,nan,nan,nan,nan,nan,nan,nan,nan,nan
bi0,0.0,10.0,3,3,"JA, no inhibitor",nucl,1,i,cov20,6,10.01,1,,,5.477225575051661,0,0.0,nan,nan,0,0,nan,nan,nan,nan,0,nan,nan,nan,nan,0,nan,nan,nan,nan,nan,nan,nan,nan,nan,nan
bi0,0.0,10.0,3,3,"JA, no inhibitor",nucl,1,i,t600,301,600.01,1,301,600.01,5.477225575051661,0,0.0,nan,nan,0,0,nan,nan,nan,nan,0,nan,nan,nan,nan,0,nan,nan,nan,nan,nan,nan,nan,nan,nan,nan
bi0,0.0,10.0,3,3,"JA, no inhibitor",nucl,2,a,cov10,6,10.01,1,6,10.01,5.477225575051661,1,0.0,nan,nan,0,0,nan,nan,nan,nan,0,nan,nan,nan,nan,0,nan,nan,nan,nan,nan,nan,nan,nan,nan,nan
bi0,0.0,10.0,3,3,"JA, no inhibitor",nucl,2,a,cov20,6,10.01,1,6,10.01,5.477225575051661,1,0.0,nan,nan,0,0,nan,nan,nan,nan,0,nan,nan,nan,nan,0,nan,nan,nan,nan,nan,nan,nan,nan,nan,nan
bi0,0.0,10.0,3,3,"JA, no inhibitor",nucl,2,a,t600,301,600.01,1,301,600.01,5.477225575051661,1,0.0,nan,nan,0,0,nan,nan,nan,nan,0,nan,nan,nan,nan,0,nan,nan,nan,nan,nan,nan,nan,nan,nan,nan
bi0,0.0,10.0,3,3,"JA, no inhibitor",nucl,2,i,cov10,6,10.01,1,,,5.477225575051661,0,0.0,nan,nan,0,0,nan,nan,nan,nan,0,nan,nan,nan,nan,0,nan,nan,nan,nan,nan,nan,nan,nan,nan,nan
bi0,0.0,10.0,3,3,"JA, no inhibitor",nucl,2,i,cov20,6,10.01,1,,,5.477225575051661,0,0.0,nan,nan,0,0,nan,nan,nan,nan,0,nan,nan,nan,nan,0,nan,nan,nan,nan,nan,nan,nan,nan,nan,nan
bi0,0.0,10.0,3,3,"JA, no inhibitor",nucl,2,i,t600,301,600.01,1,301,600.01,5.477225575051661,0,0.0,nan,nan,0,0,nan,nan,nan,nan,0,nan,nan,nan,nan,0,nan,nan,nan,nan,nan,nan,nan,nan,nan,nan
bi0,0.0,10.0,3,3,"JA, no inhibitor",nucl,3,a,cov10,6,10.01,1,6,10.01,5.477225575051661,1,0.0,nan,nan,0,0,nan,nan,nan,nan,0,nan,nan,nan,nan,0,nan,nan,nan,nan,nan,nan,nan,nan,nan,nan
bi0,0.0,10.0,3,3,"JA, no inhibitor",nucl,3,a,cov20,6,10.01,1,6,10.01,5.477225575051661,1,0.0,nan,nan,0,0,nan,nan,nan,nan,0,nan,nan,nan,nan,0,nan,nan,nan,nan,nan,nan,nan,nan,nan,nan
bi0,0.0,10.0,3,3,"JA, no inhibitor",nucl,3,a,t600,301,600.01,1,301,600.01,5.477225575051661,1,0.0,nan,nan,0,0,nan,nan,nan,nan,0,nan,nan,nan,nan,0,nan,nan,nan,nan,nan,nan,nan,nan,nan,nan
bi0,0.0,10.0,3,3,"JA, no inhibitor",nucl,3,i,cov10,6,10.01,1,,,5.477225575051661,0,0.0,nan,nan,0,0,nan,nan,nan,nan,0,nan,nan,nan,nan,0,nan,nan,nan,nan,nan,nan,nan,nan,nan,nan
bi0,0.0,10.0,3,3,"JA, no inhibitor",nucl,3,i,cov20,6,10.01,1,,,5.477225575051661,0,0.0,nan,nan,0,0,nan,nan,nan,nan,0,nan,nan,nan,nan,0,nan,nan,nan,nan,nan,nan,nan,nan,nan,nan
bi0,0.0,10.0,3,3,"JA, no inhibitor",nucl,3,i,t600,301,600.01,1,301,600.01,5.477225575051661,0,0.0,nan,nan,0,0,nan,nan,nan,nan,0,nan,nan,nan,nan,0,nan,nan,nan,nan,nan,nan,nan,nan,nan,nan
bi0,0.0,10.0,3,3,"JA, no inhibitor",random,1,a,cov10,6,10.01,1,6,10.01,5.477225575051661,1,0.0,nan,nan,0,0,nan,nan,nan,nan,0,nan,nan,nan,nan,0,nan,nan,nan,nan,nan,nan,nan,nan,nan,nan
bi0,0.0,10.0,3,3,"JA, no inhibitor",random,1,a,cov20,6,10.01,1,6,10.01,5.477225575051661,1,0.0,nan,nan,0,0,nan,nan,nan,nan,0,nan,nan,nan,nan,0,nan,nan,nan,nan,nan,nan,nan,nan,nan,nan
bi0,0.0,10.0,3,3,"JA, no inhibitor",random,1,a,t600,301,600.01,1,301,600.01,5.477225575051661,1,0.0,nan,nan,0,0,nan,nan,nan,nan,0,nan,nan,nan,nan,0,nan,nan,nan,nan,nan,nan,nan,nan,nan,nan
bi0,0.0,10.0,3,3,"JA, no inhibitor",random,1,i,cov10,6,10.01,1,,,5.477225575051661,0,0.0,nan,nan,0,0,nan,nan,nan,nan,0,nan,nan,nan,nan,0,nan,nan,nan,nan,nan,nan,nan,nan,nan,nan
bi0,0.0,10.0,3,3,"JA, no inhibitor",random,1,i,cov20,6,10.01,1,,,5.477225575051661,0,0.0,nan,nan,0,0,nan,nan,nan,nan,0,nan,nan,nan,nan,0,nan,nan,nan,nan,nan,nan,nan,nan,nan,nan
bi0,0.0,10.0,3,3,"JA, no inhibitor",random,1,i,t600,301,600.01,1,301,600.01,5.477225575051661,0,0.0,nan,nan,0,0,nan,nan,nan,nan,0,nan,nan,nan,nan,0,nan,nan,nan,nan,nan,nan,nan,nan,nan,nan
bi0,0.0,10.0,3,3,"JA, no inhibitor",random,2,a,cov10,6,10.01,1,6,10.01,5.477225575051661,1,0.0,nan,nan,0,0,nan,nan,nan,nan,0,nan,nan,nan,nan,0,nan,nan,nan,nan,nan,nan,nan,nan,nan,nan
bi0,0.0,10.0,3,3,"JA, no inhibitor",random,2,a,cov20,6,10.01,1,6,10.01,5.477225575051661,1,0.0,nan,nan,0,0,nan,nan,nan,nan,0,nan,nan,nan,nan,0,nan,nan,nan,nan,nan,nan,nan,nan,nan,nan
bi0,0.0,10.0,3,3,"JA, no inhibitor",random,2,a,t600,301,600.01,1,301,600.01,5.477225575051661,1,0.0,nan,nan,0,0,nan,nan,nan,nan,0,nan,nan,nan,nan,0,nan,nan,nan,nan,nan,nan,nan,nan,nan,nan
bi0,0.0,10.0,3,3,"JA, no inhibitor",random,2,i,cov10,6,10.01,1,,,5.477225575051661,0,0.0,nan,nan,0,0,nan,nan,nan,nan,0,nan,nan,nan,nan,0,nan,nan,nan,nan,nan,nan,nan,nan,nan,nan
bi0,0.0,10.0,3,3,"JA, no inhibitor",random,2,i,cov20,6,10.01,1,,,5.477225575051661,0,0.0,nan,nan,0,0,nan,nan,nan,nan,0,nan,nan,nan,nan,0,nan,nan,nan,nan,nan,nan,nan,nan,nan,nan
bi0,0.0,10.0,3,3,"JA, no inhibitor",random,2,i,t600,301,600.01,1,301,600.01,5.477225575051661,0,0.0,nan,nan,0,0,nan,nan,nan,nan,0,nan,nan,nan,nan,0,nan,nan,nan,nan,nan,nan,nan,nan,nan,nan
bi0,0.0,10.0,3,3,"JA, no inhibitor",random,3,a,cov10,6,10.01,1,6,10.01,5.477225575051661,1,0.0,nan,nan,0,0,nan,nan,nan,nan,0,nan,nan,nan,nan,0,nan,nan,nan,nan,nan,nan,nan,nan,nan,nan
bi0,0.0,10.0,3,3,"JA, no inhibitor",random,3,a,cov20,6,10.01,1,6,10.01,5.477225575051661,1,0.0,nan,nan,0,0,nan,nan,nan,nan,0,nan,nan,nan,nan,0,nan,nan,nan,nan,nan,nan,nan,nan,nan,nan
bi0,0.0,10.0,3,3,"JA, no inhibitor",random,3,a,t600,301,600.01,1,301,600.01,5.477225575051661,1,0.0,nan,nan,0,0,nan,nan,nan,nan,0,nan,nan,nan,nan,0,nan,nan,nan,nan,nan,nan,nan,nan,nan,nan
bi0,0.0,10.0,3,3,"JA, no inhibitor",random,3,i,cov10,6,10.01,1,,,5.477225575051661,0,0.0,nan,nan,0,0,nan,nan,nan,nan,0,nan,nan,nan,nan,0,nan,nan,nan,nan,nan,nan,nan,nan,nan,nan
bi0,0.0,10.0,3,3,"JA, no inhibitor",random,3,i,cov20,6,10.01,1,,,5.477225575051661,0,0.0,nan,nan,0,0,nan,nan,nan,nan,0,nan,nan,nan,nan,0,nan,nan,nan,nan,nan,nan,nan,nan,nan,nan
bi0,0.0,10.0,3,3,"JA, no inhibitor",random,3,i,t600,301,600.01,1,301,600.01,5.477225575051661,0,0.0,nan,nan,0,0,nan,nan,nan,nan,0,nan,nan,nan,nan,0,nan,nan,nan,nan,nan,nan,nan,nan,nan,nan
bi0,0.0,10.0,3,3,"JA, no inhibitor",seed1,0,a,cov10,26,50.01,1,26,50.01,5.477225575051661,1,0.0,nan,nan,0,0,nan,nan,nan,nan,0,nan,nan,nan,nan,0,nan,nan,nan,nan,nan,nan,nan,nan,nan,nan
bi0,0.0,10.0,3,3,"JA, no inhibitor",seed1,0,a,cov20,31,60.01,1,31,60.01,5.477225575051661,1,0.0,nan,nan,0,0,nan,nan,nan,nan,0,nan,nan,nan,nan,0,nan,nan,nan,nan,nan,nan,nan,nan,nan,nan
bi0,0.0,10.0,3,3,"JA, no inhibitor",seed1,0,a,t600,301,600.01,1,301,600.01,5.477225575051661,1,0.0,nan,nan,0,0,nan,nan,nan,nan,0,nan,nan,nan,nan,0,nan,nan,nan,nan,nan,nan,nan,nan,nan,nan
bi0,0.0,10.0,3,3,"JA, no inhibitor",seed1,0,i,cov10,26,50.01,1,,,5.477225575051661,0,0.0,nan,nan,0,0,nan,nan,nan,nan,0,nan,nan,nan,nan,0,nan,nan,nan,nan,nan,nan,nan,nan,nan,nan
bi0,0.0,10.0,3,3,"JA, no inhibitor",seed1,0,i,cov20,31,60.01,1,,,5.477225575051661,0,0.0,nan,nan,0,0,nan,nan,nan,nan,0,nan,nan,nan,nan,0,nan,nan,nan,nan,nan,nan,nan,nan,nan,nan
bi0,0.0,10.0,3,3,"JA, no inhibitor",seed1,0,i,t600,301,600.01,1,301,600.01,5.477225575051661,0,0.0,nan,nan,0,0,nan,nan,nan,nan,0,nan,nan,nan,nan,0,nan,nan,nan,nan,nan,nan,nan,nan,nan,nan
bi0,0.0,10.0,3,3,"JA, no inhibitor",seed36,1,a,cov10,6,10.01,1,6,10.01,5.477225575051661,14,38.127574594576735,0.49519135506818523,0.0,4,200,0.3734601110618878,0.09997791368743589,0.2717003968253968,0.2147202954919833,200,0.3904194050878964,0.0940377873550747,0.29073809523809524,0.23889075525083303,0,nan,nan,nan,nan,1.2175813588876205,-1.2653689591980881,1.114147332972471,-1.21703368107662,nan,nan
bi0,0.0,10.0,3,3,"JA, no inhibitor",seed36,1,a,cov20,6,10.01,1,6,10.01,5.477225575051661,14,38.127574594576735,0.49519135506818523,0.0,4,200,0.3734601110618878,0.09997791368743589,0.2717003968253968,0.2147202954919833,200,0.3904194050878964,0.0940377873550747,0.29073809523809524,0.23889075525083303,0,nan,nan,nan,nan,1.2175813588876205,-1.2653689591980881,1.114147332972471,-1.21703368107662,nan,nan
bi0,0.0,10.0,3,3,"JA, no inhibitor",seed36,1,a,t600,301,600.01,1,301,600.01,5.477225575051661,1,0.0,nan,nan,0,0,nan,nan,nan,nan,0,nan,nan,nan,nan,0,nan,nan,nan,nan,nan,nan,nan,nan,nan,nan
bi0,0.0,10.0,3,3,"JA, no inhibitor",seed36,1,i,cov10,6,10.01,1,,,5.477225575051661,0,0.0,nan,nan,0,0,nan,nan,nan,nan,0,nan,nan,nan,nan,0,nan,nan,nan,nan,nan,nan,nan,nan,nan,nan
bi0,0.0,10.0,3,3,"JA, no inhibitor",seed36,1,i,cov20,6,10.01,1,,,5.477225575051661,0,0.0,nan,nan,0,0,nan,nan,nan,nan,0,nan,nan,nan,nan,0,nan,nan,nan,nan,nan,nan,nan,nan,nan,nan
bi0,0.0,10.0,3,3,"JA, no inhibitor",seed36,1,i,t600,301,600.01,1,301,600.01,5.477225575051661,0,0.0,nan,nan,0,0,nan,nan,nan,nan,0,nan,nan,nan,nan,0,nan,nan,nan,nan,nan,nan,nan,nan,nan,nan
bi0,0.0,10.0,3,3,"JA, no inhibitor",seed36,2,a,cov10,6,10.01,1,6,10.01,5.477225575051661,16,35.68978962574487,0.3766079116235132,0.5,6,200,0.3855693094872952,0.08375523926100306,0.2297175740925741,0.18162726229543721,200,0.379836492905065,0.07745675486039001,0.331109126984127,0.21010195313036958,0,nan,nan,nan,nan,-0.10699507210356037,1.4881159496187366,-0.041682372149092296,0.8038519894723453,nan,nan
bi0,0.0,10.0,3,3,"JA, no inhibitor",seed36,2,a,cov20,6,10.01,1,6,10.01,5.477225575051661,16,35.68978962574487,0.3766079116235132,0.5,6,200,0.3855693094872952,0.08375523926100306,0.2297175740925741,0.18162726229543721,200,0.379836492905065,0.07745675486039001,0.331109126984127,0.21010195313036958,0,nan,nan,nan,nan,-0.10699507210356037,1.4881159496187366,-0.041682372149092296,0.8038519894723453,nan,nan
bi0,0.0,10.0,3,3,"JA, no inhibitor",seed36,2,a,t600,301,600.01,1,301,600.01,5.477225575051661,1,0.0,nan,nan,0,0,nan,nan,nan,nan,0,nan,nan,nan,nan,0,nan,nan,nan,nan,nan,nan,nan,nan,nan,nan
bi0,0.0,10.0,3,3,"JA, no inhibitor",seed36,2,i,cov10,6,10.01,1,,,5.477225575051661,0,0.0,nan,nan,0,0,nan,nan,nan,nan,0,nan,nan,nan,nan,0,nan,nan,nan,nan,nan,nan,nan,nan,nan,nan
bi0,0.0,10.0,3,3,"JA, no inhibitor",seed36,2,i,cov20,6,10.01,1,,,5.477225575051661,0,0.0,nan,nan,0,0,nan,nan,nan,nan,0,nan,nan,nan,nan,0,nan,nan,nan,nan,nan,nan,nan,nan,nan,nan
bi0,0.0,10.0,3,3,"JA, no inhibitor",seed36,2,i,t600,301,600.01,1,301,600.01,5.477225575051661,0,0.0,nan,nan,0,0,nan,nan,nan,nan,0,nan,nan,nan,nan,0,nan,nan,nan,nan,nan,nan,nan,nan,nan,nan
bi0,0.0,10.0,3,3,"JA, no inhibitor",seed36,3,a,cov10,6,10.01,1,6,10.01,5.477225575051661,21,30.418715705366747,0.34524976930575385,0.3333333333333333,9,200,0.37506812322549576,0.06482041226821184,0.27710828754578753,0.14537207435526547,200,0.38625474562999856,0.0628011310007412,0.33099722499722495,0.16404161183757077,0,nan,nan,nan,nan,-0.46001487612205366,0.38676648205583836,-0.6529337238171835,0.014240949658684854,nan,nan
bi0,0.0,10.0,3,3,"JA, no inhibitor",seed36,3,a,cov20,6,10.01,1,6,10.01,5.477225575051661,21,30.418715705366747,0.34524976930575385,0.3333333333333333,9,200,0.37506812322549576,0.06482041226821184,0.27710828754578753,0.14537207435526547,200,0.38625474562999856,0.0628011310007412,0.33099722499722495,0.16404161183757077,0,nan,nan,nan,nan,-0.46001487612205366,0.38676648205583836,-0.6529337238171835,0.014240949658684854,nan,nan
bi0,0.0,10.0,3,3,"JA, no inhibitor",seed36,3,a,t600,301,600.01,1,301,600.01,5.477225575051661,1,0.0,nan,nan,0,0,nan,nan,nan,nan,0,nan,nan,nan,nan,0,nan,nan,nan,nan,nan,nan,nan,nan,nan,nan
bi0,0.0,10.0,3,3,"JA, no inhibitor",seed36,3,i,cov10,6,10.01,1,,,5.477225575051661,0,0.0,nan,nan,0,0,nan,nan,nan,nan,0,nan,nan,nan,nan,0,nan,nan,nan,nan,nan,nan,nan,nan,nan,nan
bi0,0.0,10.0,3,3,"JA, no inhibitor",seed36,3,i,cov20,6,10.01,1,,,5.477225575051661,0,0.0,nan,nan,0,0,nan,nan,nan,nan,0,nan,nan,nan,nan,0,nan,nan,nan,nan,nan,nan,nan,nan,nan,nan
bi0,0.0,10.0,3,3,"JA, no inhibitor",seed36,3,i,t600,301,600.01,1,301,600.01,5.477225575051661,0,0.0,nan,nan,0,0,nan,nan,nan,nan,0,nan,nan,nan,nan,0,nan,nan,nan,nan,nan,nan,nan,nan,nan,nan
bi0,0.0,10.0,3,3,"JA, no inhibitor",smallpert,1,a,cov10,6,10.01,1,6,10.01,5.477225575051661,1,0.0,nan,nan,0,0,nan,nan,nan,nan,0,nan,nan,nan,nan,0,nan,nan,nan,nan,nan,nan,nan,nan,nan,nan
bi0,0.0,10.0,3,3,"JA, no inhibitor",smallpert,1,a,cov20,6,10.01,1,6,10.01,5.477225575051661,1,0.0,nan,nan,0,0,nan,nan,nan,nan,0,nan,nan,nan,nan,0,nan,nan,nan,nan,nan,nan,nan,nan,nan,nan
bi0,0.0,10.0,3,3,"JA, no inhibitor",smallpert,1,a,t600,301,600.01,1,301,600.01,5.477225575051661,1,0.0,nan,nan,0,0,nan,nan,nan,nan,0,nan,nan,nan,nan,0,nan,nan,nan,nan,nan,nan,nan,nan,nan,nan
bi0,0.0,10.0,3,3,"JA, no inhibitor",smallpert,1,i,cov10,6,10.01,1,6,10.01,5.477225575051661,1,0.0,nan,nan,0,0,nan,nan,nan,nan,0,nan,nan,nan,nan,0,nan,nan,nan,nan,nan,nan,nan,nan,nan,nan
bi0,0.0,10.0,3,3,"JA, no inhibitor",smallpert,1,i,cov20,6,10.01,1,6,10.01,5.477225575051661,1,0.0,nan,nan,0,0,nan,nan,nan,nan,0,nan,nan,nan,nan,0,nan,nan,nan,nan,nan,nan,nan,nan,nan,nan
bi0,0.0,10.0,3,3,"JA, no inhibitor",smallpert,1,i,t600,301,600.01,1,301,600.01,5.477225575051661,1,0.0,nan,nan,0,0,nan,nan,nan,nan,0,nan,nan,nan,nan,0,nan,nan,nan,nan,nan,nan,nan,nan,nan,nan
bi0,0.0,10.0,3,3,"JA, no inhibitor",smallpert,2,a,cov10,6,10.01,1,6,10.01,5.477225575051661,1,0.0,nan,nan,0,0,nan,nan,nan,nan,0,nan,nan,nan,nan,0,nan,nan,nan,nan,nan,nan,nan,nan,nan,nan
bi0,0.0,10.0,3,3,"JA, no inhibitor",smallpert,2,a,cov20,6,10.01,1,6,10.01,5.477225575051661,1,0.0,nan,nan,0,0,nan,nan,nan,nan,0,nan,nan,nan,nan,0,nan,nan,nan,nan,nan,nan,nan,nan,nan,nan
bi0,0.0,10.0,3,3,"JA, no inhibitor",smallpert,2,a,t600,301,600.01,1,301,600.01,5.477225575051661,1,0.0,nan,nan,0,0,nan,nan,nan,nan,0,nan,nan,nan,nan,0,nan,nan,nan,nan,nan,nan,nan,nan,nan,nan
bi0,0.0,10.0,3,3,"JA, no inhibitor",smallpert,2,i,cov10,6,10.01,1,6,10.01,5.477225575051661,1,0.0,nan,nan,0,0,nan,nan,nan,nan,0,nan,nan,nan,nan,0,nan,nan,nan,nan,nan,nan,nan,nan,nan,nan
bi0,0.0,10.0,3,3,"JA, no inhibitor",smallpert,2,i,cov20,6,10.01,1,6,10.01,5.477225575051661,1,0.0,nan,nan,0,0,nan,nan,nan,nan,0,nan,nan,nan,nan,0,nan,nan,nan,nan,nan,nan,nan,nan,nan,nan
bi0,0.0,10.0,3,3,"JA, no inhibitor",smallpert,2,i,t600,301,600.01,1,301,600.01,5.477225575051661,1,0.0,nan,nan,0,0,nan,nan,nan,nan,0,nan,nan,nan,nan,0,nan,nan,nan,nan,nan,nan,nan,nan,nan,nan
bi0,0.0,10.0,3,3,"JA, no inhibitor",smallpert,3,a,cov10,6,10.01,1,6,10.01,5.477225575051661,1,0.0,nan,nan,0,0,nan,nan,nan,nan,0,nan,nan,nan,nan,0,nan,nan,nan,nan,nan,nan,nan,nan,nan,nan
bi0,0.0,10.0,3,3,"JA, no inhibitor",smallpert,3,a,cov20,6,10.01,1,6,10.01,5.477225575051661,1,0.0,nan,nan,0,0,nan,nan,nan,nan,0,nan,nan,nan,nan,0,nan,nan,nan,nan,nan,nan,nan,nan,nan,nan
bi0,0.0,10.0,3,3,"JA, no inhibitor",smallpert,3,a,t600,301,600.01,1,301,600.01,5.477225575051661,1,0.0,nan,nan,0,0,nan,nan,nan,nan,0,nan,nan,nan,nan,0,nan,nan,nan,nan,nan,nan,nan,nan,nan,nan
bi0,0.0,10.0,3,3,"JA, no inhibitor",smallpert,3,i,cov10,6,10.01,1,6,10.01,5.477225575051661,1,0.0,nan,nan,0,0,nan,nan,nan,nan,0,nan,nan,nan,nan,0,nan,nan,nan,nan,nan,nan,nan,nan,nan,nan
bi0,0.0,10.0,3,3,"JA, no inhibitor",smallpert,3,i,cov20,6,10.01,1,6,10.01,5.477225575051661,1,0.0,nan,nan,0,0,nan,nan,nan,nan,0,nan,nan,nan,nan,0,nan,nan,nan,nan,nan,nan,nan,nan,nan,nan
bi0,0.0,10.0,3,3,"JA, no inhibitor",smallpert,3,i,t600,301,600.01,1,301,600.01,5.477225575051661,1,0.0,nan,nan,0,0,nan,nan,nan,nan,0,nan,nan,nan,nan,0,nan,nan,nan,nan,nan,nan,nan,nan,nan,nan
bi12,12.0,10.0,3,3,arrests; Fig 1C irregular spots,nucl,1,a,t600,301,600.01,1,301,600.01,5.477225575051661,231,11.201104045971165,0.4610645149626764,0.5277777777777778,180,200,0.3617168059452203,0.013042282573753066,0.29134644552104594,0.034578670992891546,200,0.35608710791047016,0.013634285366753705,0.3184088118527353,0.033186481004685166,15,nan,nan,nan,nan,7.617355969375202,6.83749043753983,7.699516639734317,6.30886311493781,nan,nan
bi12,12.0,10.0,3,3,arrests; Fig 1C irregular spots,nucl,1,i,t600,301,600.01,1,301,600.01,5.477225575051661,128,13.029007667977673,0.40563219737041306,0.3258426966292135,89,200,0.3614271930225307,0.019998311908059424,0.29422502516374044,0.047717103202643454,45,0.39126679114897,0.0190300847831696,0.3906542447221366,0.04540147546519046,200,0.38291312977362324,0.019952392782532122,0.40456374119828,0.05233161595859902,2.210436788420503,0.6626066827904484,0.7548787293973575,-1.4275207452809424,1.138663810622246,-1.504273145918996
bi12,12.0,10.0,3,3,arrests; Fig 1C irregular spots,nucl,2,a,t600,301,600.01,1,301,600.01,5.477225575051661,229,11.189303608653617,0.47191880577512113,0.4943820224719101,178,200,0.36138620906215907,0.013883210311153544,0.29385270193727897,0.035599583259909674,200,0.3562008134944133,0.013588093379738781,0.3219051546018171,0.034610737294635846,38,0.42562364755149606,0.01310486944043456,0.4873613114783152,0.034999214782883654,7.9616021248458635,5.632912022328543,8.51613166371487,4.983334113972323,3.5326684049810653,0.20059624300566847
bi12,12.0,10.0,3,3,arrests; Fig 1C irregular spots,nucl,2,i,t600,301,600.01,1,301,600.01,5.477225575051661,136,12.748755237127757,0.3789264271730817,0.42105263157894735,95,200,0.36215668994669337,0.018968184852542404,0.29678592587029373,0.0450677661632543,80,0.3888863553686018,0.01847867605273638,0.4032465954155232,0.052624741386770986,200,0.39152437819659297,0.020753761997185212,0.42332282932807147,0.05316058852523631,0.8840981547130286,2.7573300451259914,-0.5389957682625836,0.33835864451203335,-0.6070201164116596,-0.04270452626848593
bi12,12.0,10.0,3,3,arrests; Fig 1C irregular spots,nucl,3,a,t600,301,600.01,1,301,600.01,5.477225575051661,228,11.283371124389904,0.4597505591467996,0.4715909090909091,176,200,0.3625413555703148,0.013330709224519,0.2936039814744994,0.03395936662373076,200,0.3561374202016529,0.014922973752707099,0.318872326240617,0.0371470777968079,30,0.42524466948513845,0.01729755841612551,0.4998389218351841,0.03904015230443489,7.292125418030208,5.241173358399232,6.943196487653861,4.111186987187871,1.9948416320706446,-0.7235630774182723
bi12,12.0,10.0,3,3,arrests; Fig 1C irregular spots,nucl,3,i,t600,301,600.01,1,301,600.01,5.477225575051661,157,12.28862080895385,0.41335052895714164,0.4351851851851852,108,200,0.36351459665184566,0.01686839225459065,0.29502072383447037,0.04429214163969963,145,0.38825489645141315,0.017653337200335958,0.4036390180578329,0.04635765671999985,200,0.399022854273502,0.01747232591799104,0.44617682717805596,0.05238235276159207,2.9543972865424313,3.1645446835897313,1.4215800797851923,0.6804952915953245,0.820021029305928,-0.2098348282082149
bi12,12.0,10.0,3,3,arrests; Fig 1C irregular spots,random,1,a,t600,301,600.01,1,301,600.01,5.477225575051661,61,19.00213315141734,0.3555309077894529,0.34210526315789475,38,200,0.3659463076712409,0.02878521000545502,0.300055860695737,0.07598985632731535,200,0.3659190549566149,0.02714186565845754,0.29089905472862915,0.07438917114858931,200,0.38712597699928025,0.031762790591084354,0.4135811909002631,0.09252888134816709,-0.36183164478613233,0.5533554673539062,-0.38273519211546986,0.6883556791751759,-0.9947195640516523,-0.7724715429490514
bi12,12.0,10.0,3,3,arrests; Fig 1C irregular spots,random,1,i,t600,301,600.01,1,301,600.01,5.477225575051661,61,18.988874063007287,0.34843472189232844,0.2894736842105263,38,200,0.36855966002999835,0.029370813300976226,0.29308190896627395,0.07959628882904529,200,0.3598238253215231,0.028910427388898447,0.3148890200693226,0.07725275675235115,200,0.38131297830597527,0.03292000873272165,0.38309263350774175,0.08099965286321355,-0.6852019360662717,-0.045331570212994096,-0.39394448501194024,-0.32898937108833715,-0.9987317038882401,-1.155794450814653
bi12,12.0,10.0,3,3,arrests; Fig 1C irregular spots,random,2,a,t600,301,600.01,1,301,600.01,5.477225575051661,61,20.255698138336903,0.3877965727887942,0.4166666666666667,36,200,0.36766573626267685,0.030627518797257718,0.2929950011113058,0.07428123748320621,200,0.36006086841092627,0.02901153947803313,0.3054243505910544,0.0703311315729764,200,0.3912659666215316,0.033326494767313135,0.4153410981481013,0.09376288092045357,0.65727937869782,1.664911217766412,0.9560231851490945,1.581693818763402,-0.10410317247465906,0.014137455094729823
bi12,12.0,10.0,3,3,arrests; Fig 1C irregular spots,random,2,i,t600,301,600.01,1,301,600.01,5.477225575051661,61,20.21208869961228,0.39471191545871437,0.43243243243243246,37,200,0.3653969908160011,0.027992933649061878,0.29313987993829066,0.07156156017683533,200,0.35834816329778446,0.028911341828275833,0.3207475285837597,0.0774001969441143,200,0.3750731836072987,0.03340362102705209,0.404477664419326,0.09025653941687117,1.0472258824396463,1.9464717112083194,1.2577677084972056,1.4429537424732035,0.5879222445827401,0.3097256796428985
bi12,12.0,10.0,3,3,arrests; Fig 1C irregular spots,random,3,a,t600,301,600.01,1,301,600.01,5.477225575051661,56,20.417771344997135,0.42827982432970507,0.3611111111111111,36,200,0.36837176970829716,0.031594424372464264,0.28415404196882593,0.0780842569829578,200,0.36362675740205197,0.03073991921348066,0.30149930698322314,0.08254866543837318,200,0.37485224585871896,0.03091069557743797,0.3865349320271437,0.08232962973766195,1.8961590790563683,0.9855644673558379,2.103228264155626,0.7221413430649736,1.7284495697335083,-0.3088052381268315
bi12,12.0,10.0,3,3,arrests; Fig 1C irregular spots,random,3,i,t600,301,600.01,1,301,600.01,5.477225575051661,56,20.391198947810626,0.4312186310066952,0.3611111111111111,36,200,0.3609272510360262,0.0323045468229536,0.28563886473119304,0.0810800287144849,200,0.35934352903839434,0.0307940895135395,0.3212364522889889,0.08386578739305699,200,0.378404164392756,0.03224440938466816,0.3940337573152605,0.07832747647969084,2.1758974164195473,0.9308364535203352,2.334055109396852,0.47545799141239947,1.637941820669598,-0.42032052714842383
bi12,12.0,10.0,3,3,arrests; Fig 1C irregular spots,seed1,0,a,t600,301,600.01,1,301,600.01,5.477225575051661,1,0.0,nan,nan,0,0,nan,nan,nan,nan,0,nan,nan,nan,nan,0,nan,nan,nan,nan,nan,nan,nan,nan,nan,nan
bi12,12.0,10.0,3,3,arrests; Fig 1C irregular spots,seed1,0,i,t600,301,600.01,1,301,600.01,5.477225575051661,1,0.0,nan,nan,0,0,nan,nan,nan,nan,0,nan,nan,nan,nan,0,nan,nan,nan,nan,nan,nan,nan,nan,nan,nan
bi12,12.0,10.0,3,3,arrests; Fig 1C irregular spots,seed36,1,a,t600,301,600.01,1,301,600.01,5.477225575051661,36,22.76933975012026,0.37154708514036916,0.35,20,200,0.373878158813054,0.041826461674735825,0.29110034649971084,0.09956767222206679,200,0.3685872723912106,0.04224528741768669,0.2843224428648258,0.10216536254977765,0,nan,nan,nan,nan,-0.05573203133491058,0.5915539872110763,0.07006255443108667,0.6428554208200883,nan,nan
bi12,12.0,10.0,3,3,arrests; Fig 1C irregular spots,seed36,1,i,t600,301,600.01,1,301,600.01,5.477225575051661,36,22.7061587616723,0.3701680140846175,0.35,20,200,0.3724716998730284,0.04233109608828539,0.29076110977834785,0.10154200522397494,200,0.3616827013493426,0.04047925874902212,0.31596535568836936,0.10675589757535926,0,nan,nan,nan,nan,-0.05442065056870589,0.5833929524139958,0.20962124795528533,0.31880809477158367,nan,nan
bi12,12.0,10.0,3,3,arrests; Fig 1C irregular spots,seed36,2,a,t600,301,600.01,1,301,600.01,5.477225575051661,35,22.759206436250125,0.41910568389011077,0.2727272727272727,22,200,0.36577113738643696,0.04015740961970935,0.28954745917069075,0.09875189407519774,200,0.36617785438925965,0.043462800548247825,0.2786689423962391,0.1127667851721192,0,nan,nan,nan,nan,1.3281371236031392,-0.1703277349861237,1.2177731032793484,-0.05268989144185922,nan,nan
bi12,12.0,10.0,3,3,arrests; Fig 1C irregular spots,seed36,2,i,t600,301,600.01,1,301,600.01,5.477225575051661,35,22.707684614675863,0.40075762455276887,0.2727272727272727,22,200,0.36827051161015345,0.037918079595321,0.2829492094346802,0.09671852671799339,200,0.35964784874752753,0.03950531633502865,0.3061953798455835,0.10156889380485093,0,nan,nan,nan,nan,0.8567710519449473,-0.10568747327192106,1.040613760857043,-0.3295113874392943,nan,nan
bi12,12.0,10.0,3,3,arrests; Fig 1C irregular spots,seed36,3,a,t600,301,600.01,1,301,600.01,5.477225575051661,34,23.272977239682355,0.3093080691136984,0.35,20,200,0.37471597495955594,0.04268990621267387,0.2790630031996316,0.10943347557854106,200,0.36621163296594456,0.04093424374793699,0.270459386582667,0.09798983510470129,0,nan,nan,nan,nan,-1.532163259389853,0.6482202673847862,-1.3901212931315967,0.8117231071196775,nan,nan
bi12,12.0,10.0,3,3,arrests; Fig 1C irregular spots,seed36,3,i,t600,301,600.01,1,301,600.01,5.477225575051661,34,23.223424223682144,0.3240017700825566,0.35,20,200,0.3669413606963191,0.04073940828534636,0.27303477682398464,0.10491131602987887,200,0.3696315156497106,0.04341085380214958,0.3002527473694774,0.11209286883448404,0,nan,nan,nan,nan,-1.0540062416470477,0.733621749193343,-1.0511137554473655,0.4438039024942722,nan,nan
bi12,12.0,10.0,3,3,arrests; Fig 1C irregular spots,smallpert,1,a,t600,301,600.01,1,301,600.01,5.477225575051661,0,0.0,nan,nan,0,0,nan,nan,nan,nan,0,nan,nan,nan,nan,0,nan,nan,nan,nan,nan,nan,nan,nan,nan,nan
bi12,12.0,10.0,3,3,arrests; Fig 1C irregular spots,smallpert,1,i,t600,301,600.01,1,301,600.01,5.477225575051661,0,0.0,nan,nan,0,0,nan,nan,nan,nan,0,nan,nan,nan,nan,0,nan,nan,nan,nan,nan,nan,nan,nan,nan,nan
bi12,12.0,10.0,3,3,arrests; Fig 1C irregular spots,smallpert,2,a,t600,301,600.01,1,301,600.01,5.477225575051661,0,0.0,nan,nan,0,0,nan,nan,nan,nan,0,nan,nan,nan,nan,0,nan,nan,nan,nan,nan,nan,nan,nan,nan,nan
bi12,12.0,10.0,3,3,arrests; Fig 1C irregular spots,smallpert,2,i,t600,301,600.01,1,301,600.01,5.477225575051661,0,0.0,nan,nan,0,0,nan,nan,nan,nan,0,nan,nan,nan,nan,0,nan,nan,nan,nan,nan,nan,nan,nan,nan,nan
bi12,12.0,10.0,3,3,arrests; Fig 1C irregular spots,smallpert,3,a,t600,301,600.01,1,301,600.01,5.477225575051661,0,0.0,nan,nan,0,0,nan,nan,nan,nan,0,nan,nan,nan,nan,0,nan,nan,nan,nan,nan,nan,nan,nan,nan,nan
bi12,12.0,10.0,3,3,arrests; Fig 1C irregular spots,smallpert,3,i,t600,301,600.01,1,301,600.01,5.477225575051661,0,0.0,nan,nan,0,0,nan,nan,nan,nan,0,nan,nan,nan,nan,0,nan,nan,nan,nan,nan,nan,nan,nan,nan,nan
bi2.5,2.5,10.0,3,3,inside the Turing band,nucl,1,a,cov10,6,10.01,1,6,10.01,5.477225575051661,13,34.34095359033126,0.27467602436512073,0.5,2,200,0.3958540221571479,0.088727995017323,0.22125992063492064,0.19975922779487285,147,0.39079966433191066,0.09717951157703823,0.24417449519490333,0.24481995670176762,0,nan,nan,nan,nan,-1.3657245130848354,1.3953802407131337,-1.1949395307953765,1.0449536396117238,nan,nan
bi2.5,2.5,10.0,3,3,inside the Turing band,nucl,1,a,cov20,6,10.01,1,6,10.01,5.477225575051661,13,34.34095359033126,0.27467602436512073,0.5,2,200,0.3958540221571479,0.088727995017323,0.22125992063492064,0.19975922779487285,147,0.39079966433191066,0.09717951157703823,0.24417449519490333,0.24481995670176762,0,nan,nan,nan,nan,-1.3657245130848354,1.3953802407131337,-1.1949395307953765,1.0449536396117238,nan,nan
bi2.5,2.5,10.0,3,3,inside the Turing band,nucl,1,a,t600,301,600.01,1,301,600.01,5.477225575051661,7,43.22359629903944,0.37806763942820504,1.0,1,200,0.4161457978665231,0.16587739600400642,0.12094972067039106,0.2872829440937105,191,0.42499881361249375,0.15594886396779697,0.11531007751937984,0.30178928308644243,0,nan,nan,nan,nan,-0.22955604172492786,3.0598763254210675,-0.3009395066448184,2.9314822363232023,nan,nan
bi2.5,2.5,10.0,3,3,inside the Turing band,nucl,1,i,cov10,6,10.01,1,6,10.01,5.477225575051661,1,0.0,nan,nan,0,0,nan,nan,nan,nan,0,nan,nan,nan,nan,0,nan,nan,nan,nan,nan,nan,nan,nan,nan,nan
bi2.5,2.5,10.0,3,3,inside the Turing band,nucl,1,i,cov20,6,10.01,1,6,10.01,5.477225575051661,1,0.0,nan,nan,0,0,nan,nan,nan,nan,0,nan,nan,nan,nan,0,nan,nan,nan,nan,nan,nan,nan,nan,nan,nan
bi2.5,2.5,10.0,3,3,inside the Turing band,nucl,1,i,t600,301,600.01,1,301,600.01,5.477225575051661,1,0.0,nan,nan,0,0,nan,nan,nan,nan,0,nan,nan,nan,nan,0,nan,nan,nan,nan,nan,nan,nan,nan,nan,nan
bi2.5,2.5,10.0,3,3,inside the Turing band,nucl,2,a,cov10,6,10.01,1,6,10.01,5.477225575051661,12,27.289112717860466,0.35080970776804166,0.0,3,200,0.4033454309074469,0.09066807912730748,0.2151334776334776,0.16243475555771217,161,0.4013420156614371,0.0907353298366828,0.20153061224489793,0.16761656425448787,0,nan,nan,nan,nan,-0.5794290961611703,-1.3244300882211248,-0.5569198677554825,-1.202331124857799,nan,nan
bi2.5,2.5,10.0,3,3,inside the Turing band,nucl,2,a,cov20,6,10.01,1,6,10.01,5.477225575051661,12,27.289112717860466,0.35080970776804166,0.0,3,200,0.4033454309074469,0.09066807912730748,0.2151334776334776,0.16243475555771217,161,0.4013420156614371,0.0907353298366828,0.20153061224489793,0.16761656425448787,0,nan,nan,nan,nan,-0.5794290961611703,-1.3244300882211248,-0.5569198677554825,-1.202331124857799,nan,nan
bi2.5,2.5,10.0,3,3,inside the Turing band,nucl,2,a,t600,301,600.01,1,301,600.01,5.477225575051661,4,73.0331991365855,0.4649096687521286,0.0,1,200,0.5490978530675359,0.2741425724360242,0.0,0.0,200,0.536491900506207,0.26419384516761024,0.0,0.0,0,nan,nan,nan,nan,-0.3070963534314031,nan,-0.2709458719928358,nan,nan,nan
bi2.5,2.5,10.0,3,3,inside the Turing band,nucl,2,i,cov10,6,10.01,1,6,10.01,5.477225575051661,1,0.0,nan,nan,0,0,nan,nan,nan,nan,0,nan,nan,nan,nan,0,nan,nan,nan,nan,nan,nan,nan,nan,nan,nan
bi2.5,2.5,10.0,3,3,inside the Turing band,nucl,2,i,cov20,6,10.01,1,6,10.01,5.477225575051661,1,0.0,nan,nan,0,0,nan,nan,nan,nan,0,nan,nan,nan,nan,0,nan,nan,nan,nan,nan,nan,nan,nan,nan,nan
bi2.5,2.5,10.0,3,3,inside the Turing band,nucl,2,i,t600,301,600.01,1,301,600.01,5.477225575051661,1,0.0,nan,nan,0,0,nan,nan,nan,nan,0,nan,nan,nan,nan,0,nan,nan,nan,nan,nan,nan,nan,nan,nan,nan
bi2.5,2.5,10.0,3,3,inside the Turing band,nucl,3,a,cov10,6,10.01,1,6,10.01,5.477225575051661,10,36.75522295271801,0.5622573432521523,0.0,1,200,0.4109230178540818,0.12626975977685428,0.17812275664034458,0.20467115058009752,171,0.3867372230901201,0.11474914351891156,0.23393574297188752,0.2629596605021339,0,nan,nan,nan,nan,1.1985001449714534,-0.870287561952395,1.5295985205598077,-0.8896259697216531,nan,nan
bi2.5,2.5,10.0,3,3,inside the Turing band,nucl,3,a,cov20,6,10.01,1,6,10.01,5.477225575051661,10,36.75522295271801,0.5622573432521523,0.0,1,200,0.4109230178540818,0.12626975977685428,0.17812275664034458,0.20467115058009752,171,0.3867372230901201,0.11474914351891156,0.23393574297188752,0.2629596605021339,0,nan,nan,nan,nan,1.1985001449714534,-0.870287561952395,1.5295985205598077,-0.8896259697216531,nan,nan
bi2.5,2.5,10.0,3,3,inside the Turing band,nucl,3,a,t600,301,600.01,1,301,600.01,5.477225575051661,5,81.99154102068906,0.4674820169102454,0.0,1,200,nan,nan,nan,nan,200,nan,nan,nan,nan,0,nan,nan,nan,nan,nan,nan,nan,nan,nan,nan
bi2.5,2.5,10.0,3,3,inside the Turing band,nucl,3,i,cov10,6,10.01,1,6,10.01,5.477225575051661,1,0.0,nan,nan,0,0,nan,nan,nan,nan,0,nan,nan,nan,nan,0,nan,nan,nan,nan,nan,nan,nan,nan,nan,nan
bi2.5,2.5,10.0,3,3,inside the Turing band,nucl,3,i,cov20,6,10.01,1,6,10.01,5.477225575051661,1,0.0,nan,nan,0,0,nan,nan,nan,nan,0,nan,nan,nan,nan,0,nan,nan,nan,nan,nan,nan,nan,nan,nan,nan
bi2.5,2.5,10.0,3,3,inside the Turing band,nucl,3,i,t600,301,600.01,1,301,600.01,5.477225575051661,1,0.0,nan,nan,0,0,nan,nan,nan,nan,0,nan,nan,nan,nan,0,nan,nan,nan,nan,nan,nan,nan,nan,nan,nan
bi2.5,2.5,10.0,3,3,inside the Turing band,random,1,a,cov10,6,10.01,1,6,10.01,5.477225575051661,1,0.0,nan,nan,0,0,nan,nan,nan,nan,0,nan,nan,nan,nan,0,nan,nan,nan,nan,nan,nan,nan,nan,nan,nan
bi2.5,2.5,10.0,3,3,inside the Turing band,random,1,a,cov20,6,10.01,1,6,10.01,5.477225575051661,1,0.0,nan,nan,0,0,nan,nan,nan,nan,0,nan,nan,nan,nan,0,nan,nan,nan,nan,nan,nan,nan,nan,nan,nan
bi2.5,2.5,10.0,3,3,inside the Turing band,random,1,a,t600,301,600.01,1,301,600.01,5.477225575051661,1,0.0,nan,nan,0,0,nan,nan,nan,nan,0,nan,nan,nan,nan,0,nan,nan,nan,nan,nan,nan,nan,nan,nan,nan
bi2.5,2.5,10.0,3,3,inside the Turing band,random,1,i,cov10,6,10.01,1,6,10.01,5.477225575051661,1,0.0,nan,nan,0,0,nan,nan,nan,nan,0,nan,nan,nan,nan,0,nan,nan,nan,nan,nan,nan,nan,nan,nan,nan
bi2.5,2.5,10.0,3,3,inside the Turing band,random,1,i,cov20,6,10.01,1,6,10.01,5.477225575051661,1,0.0,nan,nan,0,0,nan,nan,nan,nan,0,nan,nan,nan,nan,0,nan,nan,nan,nan,nan,nan,nan,nan,nan,nan
bi2.5,2.5,10.0,3,3,inside the Turing band,random,1,i,t600,301,600.01,1,301,600.01,5.477225575051661,1,0.0,nan,nan,0,0,nan,nan,nan,nan,0,nan,nan,nan,nan,0,nan,nan,nan,nan,nan,nan,nan,nan,nan,nan
bi2.5,2.5,10.0,3,3,inside the Turing band,random,2,a,cov10,6,10.01,1,6,10.01,5.477225575051661,1,0.0,nan,nan,0,0,nan,nan,nan,nan,0,nan,nan,nan,nan,0,nan,nan,nan,nan,nan,nan,nan,nan,nan,nan
bi2.5,2.5,10.0,3,3,inside the Turing band,random,2,a,cov20,6,10.01,1,6,10.01,5.477225575051661,1,0.0,nan,nan,0,0,nan,nan,nan,nan,0,nan,nan,nan,nan,0,nan,nan,nan,nan,nan,nan,nan,nan,nan,nan
bi2.5,2.5,10.0,3,3,inside the Turing band,random,2,a,t600,301,600.01,1,301,600.01,5.477225575051661,2,113.17554288142864,nan,nan,0,0,nan,nan,nan,nan,0,nan,nan,nan,nan,0,nan,nan,nan,nan,nan,nan,nan,nan,nan,nan
bi2.5,2.5,10.0,3,3,inside the Turing band,random,2,i,cov10,6,10.01,1,6,10.01,5.477225575051661,1,0.0,nan,nan,0,0,nan,nan,nan,nan,0,nan,nan,nan,nan,0,nan,nan,nan,nan,nan,nan,nan,nan,nan,nan
bi2.5,2.5,10.0,3,3,inside the Turing band,random,2,i,cov20,6,10.01,1,6,10.01,5.477225575051661,1,0.0,nan,nan,0,0,nan,nan,nan,nan,0,nan,nan,nan,nan,0,nan,nan,nan,nan,nan,nan,nan,nan,nan,nan
bi2.5,2.5,10.0,3,3,inside the Turing band,random,2,i,t600,301,600.01,1,301,600.01,5.477225575051661,1,0.0,nan,nan,0,0,nan,nan,nan,nan,0,nan,nan,nan,nan,0,nan,nan,nan,nan,nan,nan,nan,nan,nan,nan
bi2.5,2.5,10.0,3,3,inside the Turing band,random,3,a,cov10,6,10.01,1,6,10.01,5.477225575051661,3,129.82528434787451,nan,nan,0,200,nan,nan,nan,nan,200,nan,nan,nan,nan,0,nan,nan,nan,nan,nan,nan,nan,nan,nan,nan
bi2.5,2.5,10.0,3,3,inside the Turing band,random,3,a,cov20,6,10.01,1,6,10.01,5.477225575051661,3,129.82528434787451,nan,nan,0,200,nan,nan,nan,nan,200,nan,nan,nan,nan,0,nan,nan,nan,nan,nan,nan,nan,nan,nan,nan
bi2.5,2.5,10.0,3,3,inside the Turing band,random,3,a,t600,301,600.01,1,301,600.01,5.477225575051661,1,0.0,nan,nan,0,0,nan,nan,nan,nan,0,nan,nan,nan,nan,0,nan,nan,nan,nan,nan,nan,nan,nan,nan,nan
bi2.5,2.5,10.0,3,3,inside the Turing band,random,3,i,cov10,6,10.01,1,6,10.01,5.477225575051661,1,0.0,nan,nan,0,0,nan,nan,nan,nan,0,nan,nan,nan,nan,0,nan,nan,nan,nan,nan,nan,nan,nan,nan,nan
bi2.5,2.5,10.0,3,3,inside the Turing band,random,3,i,cov20,6,10.01,1,6,10.01,5.477225575051661,1,0.0,nan,nan,0,0,nan,nan,nan,nan,0,nan,nan,nan,nan,0,nan,nan,nan,nan,nan,nan,nan,nan,nan,nan
bi2.5,2.5,10.0,3,3,inside the Turing band,random,3,i,t600,301,600.01,1,301,600.01,5.477225575051661,1,0.0,nan,nan,0,0,nan,nan,nan,nan,0,nan,nan,nan,nan,0,nan,nan,nan,nan,nan,nan,nan,nan,nan,nan
bi2.5,2.5,10.0,3,3,inside the Turing band,seed1,0,a,cov10,61,120.01,1,61,120.01,5.477225575051661,3,3.600083194517841e-13,nan,nan,0,200,nan,nan,nan,nan,200,nan,nan,nan,nan,0,nan,nan,nan,nan,nan,nan,nan,nan,nan,nan
bi2.5,2.5,10.0,3,3,inside the Turing band,seed1,0,a,cov20,91,180.01,1,91,180.01,5.477225575051661,3,7.200166389035682e-13,nan,nan,0,200,nan,nan,nan,nan,200,nan,nan,nan,nan,0,nan,nan,nan,nan,nan,nan,nan,nan,nan,nan
bi2.5,2.5,10.0,3,3,inside the Turing band,seed1,0,a,t600,301,600.01,1,301,600.01,5.477225575051661,3,0.9384515198248468,nan,nan,0,200,nan,nan,nan,nan,200,nan,nan,nan,nan,0,nan,nan,nan,nan,nan,nan,nan,nan,nan,nan
bi2.5,2.5,10.0,3,3,inside the Turing band,seed1,0,i,cov10,61,120.01,1,46,90.01,5.477225575051661,1,0.0,nan,nan,0,0,nan,nan,nan,nan,0,nan,nan,nan,nan,0,nan,nan,nan,nan,nan,nan,nan,nan,nan,nan
bi2.5,2.5,10.0,3,3,inside the Turing band,seed1,0,i,cov20,91,180.01,1,71,140.01,5.477225575051661,1,0.0,nan,nan,0,0,nan,nan,nan,nan,0,nan,nan,nan,nan,0,nan,nan,nan,nan,nan,nan,nan,nan,nan,nan
bi2.5,2.5,10.0,3,3,inside the Turing band,seed1,0,i,t600,301,600.01,1,301,600.01,5.477225575051661,1,0.0,nan,nan,0,0,nan,nan,nan,nan,0,nan,nan,nan,nan,0,nan,nan,nan,nan,nan,nan,nan,nan,nan,nan
bi2.5,2.5,10.0,3,3,inside the Turing band,seed36,1,a,cov10,6,10.01,1,6,10.01,5.477225575051661,29,22.581710894689188,0.41414884300905724,0.5263157894736842,19,200,0.3798593247112785,0.04789990691343395,0.2737116550034372,0.11858806809062332,200,0.3674394761250184,0.04728211591807148,0.31500065122356147,0.1063164529314901,0,nan,nan,nan,nan,0.7158577230587888,2.1300973912249797,0.9878865608505106,1.9876052334655423,nan,nan
bi2.5,2.5,10.0,3,3,inside the Turing band,seed36,1,a,cov20,16,30.01,1,16,30.01,5.477225575051661,29,23.620221143010895,0.4101455388465135,0.29411764705882354,17,200,0.37505635848220537,0.048971771340136215,0.27409364642346035,0.10110552395163519,200,0.38528189674434415,0.04897605273208062,0.34744951118712736,0.1253022898077218,0,nan,nan,nan,nan,0.7165185045195577,0.19805051052345932,0.5076693754432153,-0.4256256147444899,nan,nan
bi2.5,2.5,10.0,3,3,inside the Turing band,seed36,1,a,t600,301,600.01,1,301,600.01,5.477225575051661,29,27.22498246184797,0.3992543554814606,0.38461538461538464,13,200,0.3673405515075119,0.050038636134031735,0.2901091753580396,0.11644825913964243,97,0.4260098494747009,0.05907846043449601,0.4544998529534612,0.1530039530595754,0,nan,nan,nan,nan,0.6377832498964505,0.811572538358131,-0.45288069114302293,-0.45674942993705214,nan,nan
bi2.5,2.5,10.0,3,3,inside the Turing band,seed36,1,i,cov10,6,10.01,1,6,10.01,5.477225575051661,17,34.14632250487172,0.3797322464644994,0.42857142857142855,7,200,0.38445202774396997,0.08141306754072493,0.2639085497835498,0.1873155627386336,200,0.37807539558678976,0.07994913346043149,0.31497276334776336,0.1982719555016594,0,nan,nan,nan,nan,-0.057973264268781355,0.8790667277210559,0.02072381282943642,0.5729436870496516,nan,nan
bi2.5,2.5,10.0,3,3,inside the Turing band,seed36,1,i,cov20,16,30.01,1,6,10.01,5.477225575051661,9,48.62050797867192,0.6755948790598124,0.0,1,200,0.42556392126101245,0.16141899270815777,0.1941340782122905,0.30291145193735713,199,0.3992981639202949,0.1588837453931615,0.3106060606060606,0.3805636122566427,0,nan,nan,nan,nan,1.5489562510828625,-0.6408938221736098,1.7389866688742448,-0.8161738290328071,nan,nan
bi2.5,2.5,10.0,3,3,inside the Turing band,seed36,1,i,t600,301,600.01,1,301,600.01,5.477225575051661,1,0.0,nan,nan,0,0,nan,nan,nan,nan,0,nan,nan,nan,nan,0,nan,nan,nan,nan,nan,nan,nan,nan,nan,nan
bi2.5,2.5,10.0,3,3,inside the Turing band,seed36,2,a,cov10,6,10.01,1,6,10.01,5.477225575051661,28,23.79141623266828,0.40372403739949536,0.16666666666666666,18,200,0.3785136542439811,0.04724952235391305,0.28137543264698833,0.11589160343156386,200,0.3762330921749472,0.04846049474047389,0.3190025429721637,0.11711997299503488,0,nan,nan,nan,nan,0.533558476352014,-0.9897935880062211,0.5672856905769038,-1.3006823038795874,nan,nan
bi2.5,2.5,10.0,3,3,inside the Turing band,seed36,2,a,cov20,16,30.01,1,16,30.01,5.477225575051661,28,24.719582958308163,0.39396535194904797,0.23529411764705882,17,200,0.3756962996247424,0.04912739459554867,0.2702627896913887,0.12046992551546505,200,0.3812726226512261,0.05613901278468509,0.3386843026899141,0.12361961769936163,0,nan,nan,nan,nan,0.37187097900691257,-0.29026889403895983,0.2260946295315779,-0.8363574242261163,nan,nan
bi2.5,2.5,10.0,3,3,inside the Turing band,seed36,2,a,t600,301,600.01,1,301,600.01,5.477225575051661,28,29.19247971517569,0.40656604940911106,0.26666666666666666,15,200,0.3702150893382723,0.05382465862715562,0.2886758565007404,0.12864265377934042,113,0.41278639014950913,0.06200903872168609,0.43752943221969776,0.1506832203654064,0,nan,nan,nan,nan,0.6753588596379686,-0.17108780942770274,-0.10031345217778163,-1.1339203206481077,nan,nan
bi2.5,2.5,10.0,3,3,inside the Turing band,seed36,2,i,cov10,6,10.01,1,6,10.01,5.477225575051661,18,32.61581632948819,0.3941068378221946,0.5714285714285714,7,200,0.383875251491192,0.07460149913100127,0.2719693778443778,0.16771828512676235,200,0.36910242179750413,0.06718303200345785,0.2641879509379509,0.16179308436967615,0,nan,nan,nan,nan,0.1371498756752296,1.785489240829411,0.3721835004916642,1.8989725159612858,nan,nan
bi2.5,2.5,10.0,3,3,inside the Turing band,seed36,2,i,cov20,16,30.01,1,16,30.01,5.477225575051661,10,49.05999522552599,0.3115432852767752,1.0,2,200,0.3747562716018287,0.139327429479117,0.2813186813186813,0.3596843576076721,200,0.3859348577753977,0.1557153824308517,0.3065953654188948,0.3482734264856958,0,nan,nan,nan,nan,-0.45370094432502356,1.9980888895513902,-0.4777406787775604,1.9909777256852654,nan,nan
bi2.5,2.5,10.0,3,3,inside the Turing band,seed36,2,i,t600,301,600.01,1,301,600.01,5.477225575051661,1,0.0,nan,nan,0,0,nan,nan,nan,nan,0,nan,nan,nan,nan,0,nan,nan,nan,nan,nan,nan,nan,nan,nan,nan
bi2.5,2.5,10.0,3,3,inside the Turing band,seed36,3,a,cov10,6,10.01,1,6,10.01,5.477225575051661,30,23.70374969433793,0.3723724560063679,0.2777777777777778,18,200,0.37176512720194876,0.0451384878673162,0.27923082861467063,0.10208235173930973,200,0.37114903290504586,0.04415474642807965,0.325638587161033,0.11549730952735476,0,nan,nan,nan,nan,0.013454788432532186,-0.01423410425147274,0.027707623761690153,-0.41438895485197164,nan,nan
bi2.5,2.5,10.0,3,3,inside the Turing band,seed36,3,a,cov20,16,30.01,1,16,30.01,5.477225575051661,30,24.402451915990888,0.3707631306363924,0.3333333333333333,18,200,0.3731842865822253,0.04513779936314187,0.2696241959224948,0.11441401353229501,200,0.3849478891249828,0.05070943836558475,0.37083053109601094,0.12042912591673954,0,nan,nan,nan,nan,-0.05363921103805431,0.556829844911049,-0.27972619981169533,-0.3113631978745895,nan,nan
bi2.5,2.5,10.0,3,3,inside the Turing band,seed36,3,a,t600,301,600.01,1,301,600.01,5.477225575051661,29,27.879844757025005,0.4029696097114878,0.5,14,200,0.37032364722423894,0.051602566441511635,0.28082017962687467,0.11875341481369321,106,0.4171010447225604,0.05955149696900979,0.4623209599624694,0.15451515624294276,0,nan,nan,nan,nan,0.632642225736022,1.8456717284044968,-0.23729772936566923,0.24385336010849432,nan,nan
bi2.5,2.5,10.0,3,3,inside the Turing band,seed36,3,i,cov10,6,10.01,1,6,10.01,5.477225575051661,23,29.866084764361847,0.34294783271655843,0.3333333333333333,9,200,0.3745182487313303,0.0666448914465519,0.28803226634476636,0.14814828450023965,200,0.3683235075191667,0.05905237175500406,0.31125818625818624,0.1414292141921752,0,nan,nan,nan,nan,-0.4737109676304424,0.30578192073829696,-0.4297147438529081,0.1560861891316965,nan,nan
bi2.5,2.5,10.0,3,3,inside the Turing band,seed36,3,i,cov20,16,30.01,1,16,30.01,5.477225575051661,8,51.84766143787574,nan,nan,0,200,0.4290888686439413,0.16868630847019495,0.18263473053892215,0.3028111999292424,199,0.41195791688253725,0.15988240311227914,0.2646198830409357,0.39794903328508696,0,nan,nan,nan,nan,nan,nan,nan,nan,nan,nan
bi2.5,2.5,10.0,3,3,inside the Turing band,seed36,3,i,t600,301,600.01,1,301,600.01,5.477225575051661,1,0.0,nan,nan,0,0,nan,nan,nan,nan,0,nan,nan,nan,nan,0,nan,nan,nan,nan,nan,nan,nan,nan,nan,nan
bi2.5,2.5,10.0,3,3,inside the Turing band,smallpert,1,a,cov10,6,10.01,1,6,10.01,5.477225575051661,1,0.0,nan,nan,0,0,nan,nan,nan,nan,0,nan,nan,nan,nan,0,nan,nan,nan,nan,nan,nan,nan,nan,nan,nan
bi2.5,2.5,10.0,3,3,inside the Turing band,smallpert,1,a,cov20,6,10.01,1,6,10.01,5.477225575051661,1,0.0,nan,nan,0,0,nan,nan,nan,nan,0,nan,nan,nan,nan,0,nan,nan,nan,nan,nan,nan,nan,nan,nan,nan
bi2.5,2.5,10.0,3,3,inside the Turing band,smallpert,1,a,t600,301,600.01,1,301,600.01,5.477225575051661,2,117.7551896027011,nan,nan,0,0,nan,nan,nan,nan,0,nan,nan,nan,nan,0,nan,nan,nan,nan,nan,nan,nan,nan,nan,nan
bi2.5,2.5,10.0,3,3,inside the Turing band,smallpert,1,i,cov10,6,10.01,1,6,10.01,5.477225575051661,1,0.0,nan,nan,0,0,nan,nan,nan,nan,0,nan,nan,nan,nan,0,nan,nan,nan,nan,nan,nan,nan,nan,nan,nan
bi2.5,2.5,10.0,3,3,inside the Turing band,smallpert,1,i,cov20,6,10.01,1,6,10.01,5.477225575051661,1,0.0,nan,nan,0,0,nan,nan,nan,nan,0,nan,nan,nan,nan,0,nan,nan,nan,nan,nan,nan,nan,nan,nan,nan
bi2.5,2.5,10.0,3,3,inside the Turing band,smallpert,1,i,t600,301,600.01,1,301,600.01,5.477225575051661,1,0.0,nan,nan,0,0,nan,nan,nan,nan,0,nan,nan,nan,nan,0,nan,nan,nan,nan,nan,nan,nan,nan,nan,nan
bi2.5,2.5,10.0,3,3,inside the Turing band,smallpert,2,a,cov10,6,10.01,1,6,10.01,5.477225575051661,1,0.0,nan,nan,0,0,nan,nan,nan,nan,0,nan,nan,nan,nan,0,nan,nan,nan,nan,nan,nan,nan,nan,nan,nan
bi2.5,2.5,10.0,3,3,inside the Turing band,smallpert,2,a,cov20,6,10.01,1,6,10.01,5.477225575051661,1,0.0,nan,nan,0,0,nan,nan,nan,nan,0,nan,nan,nan,nan,0,nan,nan,nan,nan,nan,nan,nan,nan,nan,nan
bi2.5,2.5,10.0,3,3,inside the Turing band,smallpert,2,a,t600,301,600.01,1,301,600.01,5.477225575051661,2,129.6824490084371,nan,nan,0,0,nan,nan,nan,nan,0,nan,nan,nan,nan,0,nan,nan,nan,nan,nan,nan,nan,nan,nan,nan
bi2.5,2.5,10.0,3,3,inside the Turing band,smallpert,2,i,cov10,6,10.01,1,6,10.01,5.477225575051661,1,0.0,nan,nan,0,0,nan,nan,nan,nan,0,nan,nan,nan,nan,0,nan,nan,nan,nan,nan,nan,nan,nan,nan,nan
bi2.5,2.5,10.0,3,3,inside the Turing band,smallpert,2,i,cov20,6,10.01,1,6,10.01,5.477225575051661,1,0.0,nan,nan,0,0,nan,nan,nan,nan,0,nan,nan,nan,nan,0,nan,nan,nan,nan,nan,nan,nan,nan,nan,nan
bi2.5,2.5,10.0,3,3,inside the Turing band,smallpert,2,i,t600,301,600.01,1,301,600.01,5.477225575051661,1,0.0,nan,nan,0,0,nan,nan,nan,nan,0,nan,nan,nan,nan,0,nan,nan,nan,nan,nan,nan,nan,nan,nan,nan
bi2.5,2.5,10.0,3,3,inside the Turing band,smallpert,3,a,cov10,6,10.01,1,6,10.01,5.477225575051661,1,0.0,nan,nan,0,0,nan,nan,nan,nan,0,nan,nan,nan,nan,0,nan,nan,nan,nan,nan,nan,nan,nan,nan,nan
bi2.5,2.5,10.0,3,3,inside the Turing band,smallpert,3,a,cov20,6,10.01,1,6,10.01,5.477225575051661,1,0.0,nan,nan,0,0,nan,nan,nan,nan,0,nan,nan,nan,nan,0,nan,nan,nan,nan,nan,nan,nan,nan,nan,nan
bi2.5,2.5,10.0,3,3,inside the Turing band,smallpert,3,a,t600,301,600.01,1,301,600.01,5.477225575051661,1,0.0,nan,nan,0,0,nan,nan,nan,nan,0,nan,nan,nan,nan,0,nan,nan,nan,nan,nan,nan,nan,nan,nan,nan
bi2.5,2.5,10.0,3,3,inside the Turing band,smallpert,3,i,cov10,6,10.01,1,6,10.01,5.477225575051661,1,0.0,nan,nan,0,0,nan,nan,nan,nan,0,nan,nan,nan,nan,0,nan,nan,nan,nan,nan,nan,nan,nan,nan,nan
bi2.5,2.5,10.0,3,3,inside the Turing band,smallpert,3,i,cov20,6,10.01,1,6,10.01,5.477225575051661,1,0.0,nan,nan,0,0,nan,nan,nan,nan,0,nan,nan,nan,nan,0,nan,nan,nan,nan,nan,nan,nan,nan,nan,nan
bi2.5,2.5,10.0,3,3,inside the Turing band,smallpert,3,i,t600,301,600.01,1,301,600.01,5.477225575051661,1,0.0,nan,nan,0,0,nan,nan,nan,nan,0,nan,nan,nan,nan,0,nan,nan,nan,nan,nan,nan,nan,nan,nan,nan
bi20,20.0,10.0,3,3,"arrests, small domains",nucl,1,a,t600,301,600.01,1,301,600.01,5.477225575051661,0,0.0,nan,nan,0,0,nan,nan,nan,nan,0,nan,nan,nan,nan,0,nan,nan,nan,nan,nan,nan,nan,nan,nan,nan
bi20,20.0,10.0,3,3,"arrests, small domains",nucl,1,i,t600,301,600.01,1,301,600.01,5.477225575051661,36,19.596899132588938,0.358275526449113,0.5217391304347826,23,200,0.3749501033498515,0.041392866233619326,0.28282944715494,0.09558257752834719,200,0.36604320103622406,0.041462124058400156,0.27513618263421724,0.08702702188785479,0,nan,nan,nan,nan,-0.4028369721156306,2.499510783845398,-0.18734386535938616,2.833636524048176,nan,nan
bi20,20.0,10.0,3,3,"arrests, small domains",nucl,2,a,t600,301,600.01,1,301,600.01,5.477225575051661,0,0.0,nan,nan,0,0,nan,nan,nan,nan,0,nan,nan,nan,nan,0,nan,nan,nan,nan,nan,nan,nan,nan,nan,nan
bi20,20.0,10.0,3,3,"arrests, small domains",nucl,2,i,t600,301,600.01,1,301,600.01,5.477225575051661,32,19.03181933667215,0.36144297998965413,0.3333333333333333,24,200,0.37089234246199254,0.04201072216688301,0.2705804860166904,0.09902587442734018,200,0.3706245270568087,0.04511433134643214,0.2737650383573068,0.09525001935563074,0,nan,nan,nan,nan,-0.2249273991244865,0.6337015217440728,-0.20351730355149536,0.6253887965483663,nan,nan
bi20,20.0,10.0,3,3,"arrests, small domains",nucl,3,a,t600,301,600.01,1,301,600.01,5.477225575051661,0,0.0,nan,nan,0,0,nan,nan,nan,nan,0,nan,nan,nan,nan,0,nan,nan,nan,nan,nan,nan,nan,nan,nan,nan
bi20,20.0,10.0,3,3,"arrests, small domains",nucl,3,i,t600,301,600.01,1,301,600.01,5.477225575051661,32,20.93758473520891,0.4211840141996243,0.5238095238095238,21,200,0.36842034610756025,0.04099871096657573,0.2657350850658945,0.1090235137932962,200,0.37531649340976614,0.044126736417912295,0.2841837317023698,0.10924639720956947,0,nan,nan,nan,nan,1.286959195743489,2.3671447540475277,1.0394496514643499,2.1934434290540055,nan,nan
bi20,20.0,10.0,3,3,"arrests, small domains",random,1,a,t600,301,600.01,1,301,600.01,5.477225575051661,0,0.0,nan,nan,0,0,nan,nan,nan,nan,0,nan,nan,nan,nan,0,nan,nan,nan,nan,nan,nan,nan,nan,nan,nan
bi20,20.0,10.0,3,3,"arrests, small domains",random,1,i,t600,301,600.01,1,301,600.01,5.477225575051661,0,0.0,nan,nan,0,0,nan,nan,nan,nan,0,nan,nan,nan,nan,0,nan,nan,nan,nan,nan,nan,nan,nan,nan,nan
bi20,20.0,10.0,3,3,"arrests, small domains",random,2,a,t600,301,600.01,1,301,600.01,5.477225575051661,0,0.0,nan,nan,0,0,nan,nan,nan,nan,0,nan,nan,nan,nan,0,nan,nan,nan,nan,nan,nan,nan,nan,nan,nan
bi20,20.0,10.0,3,3,"arrests, small domains",random,2,i,t600,301,600.01,1,301,600.01,5.477225575051661,0,0.0,nan,nan,0,0,nan,nan,nan,nan,0,nan,nan,nan,nan,0,nan,nan,nan,nan,nan,nan,nan,nan,nan,nan
bi20,20.0,10.0,3,3,"arrests, small domains",random,3,a,t600,301,600.01,1,301,600.01,5.477225575051661,0,0.0,nan,nan,0,0,nan,nan,nan,nan,0,nan,nan,nan,nan,0,nan,nan,nan,nan,nan,nan,nan,nan,nan,nan
bi20,20.0,10.0,3,3,"arrests, small domains",random,3,i,t600,301,600.01,1,301,600.01,5.477225575051661,0,0.0,nan,nan,0,0,nan,nan,nan,nan,0,nan,nan,nan,nan,0,nan,nan,nan,nan,nan,nan,nan,nan,nan,nan
bi20,20.0,10.0,3,3,"arrests, small domains",seed1,0,a,t600,301,600.01,1,301,600.01,5.477225575051661,1,0.0,nan,nan,0,0,nan,nan,nan,nan,0,nan,nan,nan,nan,0,nan,nan,nan,nan,nan,nan,nan,nan,nan,nan
bi20,20.0,10.0,3,3,"arrests, small domains",seed1,0,i,t600,301,600.01,1,301,600.01,5.477225575051661,1,0.0,nan,nan,0,0,nan,nan,nan,nan,0,nan,nan,nan,nan,0,nan,nan,nan,nan,nan,nan,nan,nan,nan,nan
bi20,20.0,10.0,3,3,"arrests, small domains",seed36,1,a,t600,301,600.01,1,301,600.01,5.477225575051661,36,20.69881640372678,0.32235415453522287,0.36363636363636365,22,200,0.3735772727224701,0.041686803783063706,0.2900771626017975,0.09751865146354396,200,0.37751230497238125,0.041835867961594365,0.28807224096902384,0.10552893819284334,0,nan,nan,nan,nan,-1.2287609876211687,0.7543090468397757,-1.3184416416983142,0.7160511984803078,nan,nan
bi20,20.0,10.0,3,3,"arrests, small domains",seed36,1,i,t600,301,600.01,1,301,600.01,5.477225575051661,36,20.69914920991315,0.32040802122789,0.36363636363636365,22,200,0.37339211519029386,0.04195056096339367,0.28626191160027425,0.09771599333449461,200,0.36363885289322,0.038017837252795374,0.2884625568807549,0.10151044230203787,0,nan,nan,nan,nan,-1.2630127642068505,0.7918299696471031,-1.1371196993103891,0.7405524500812819,nan,nan
bi20,20.0,10.0,3,3,"arrests, small domains",seed36,2,a,t600,301,600.01,1,301,600.01,5.477225575051661,35,20.821843970286796,0.44335279656861104,0.21739130434782608,23,200,0.36875073549928644,0.03923817317124752,0.2846520909508946,0.09449279629708202,200,0.36912547088789255,0.0418832174635862,0.27657526955218037,0.10088450549283907,0,nan,nan,nan,nan,1.9012623432731728,-0.7118086165172104,1.77224507036148,-0.5866506944275526,nan,nan
bi20,20.0,10.0,3,3,"arrests, small domains",seed36,2,i,t600,301,600.01,1,301,600.01,5.477225575051661,35,20.76551102191736,0.43328060514528827,0.2608695652173913,23,200,0.37017081919232914,0.037490319142315966,0.27973155389528115,0.09407794702226245,200,0.3700065997775337,0.03691499848349442,0.28746754421780835,0.09922271097693809,0,nan,nan,nan,nan,1.6833621958081981,-0.2004932003185229,1.7140459966711332,-0.26806341752342466,nan,nan
bi20,20.0,10.0,3,3,"arrests, small domains",seed36,3,a,t600,301,600.01,1,301,600.01,5.477225575051661,33,22.567491235349912,0.3656208786674385,0.35,20,200,0.3752548644190427,0.04515084581067054,0.27447985841184286,0.09878448478530746,200,0.370961450442063,0.0445083797169884,0.2826820140314958,0.10420795626325398,0,nan,nan,nan,nan,-0.21337331734608228,0.7644939562350127,-0.11999025371364182,0.6459966050811228,nan,nan
bi20,20.0,10.0,3,3,"arrests, small domains",seed36,3,i,t600,301,600.01,1,301,600.01,5.477225575051661,33,22.56277274020473,0.3690134561567448,0.35,20,200,0.37372570998956306,0.043976690490920754,0.27535653080000566,0.10636513974159961,200,0.3686967526466745,0.04094574891881062,0.28923787459791966,0.10753639953586351,0,nan,nan,nan,nan,-0.1071534437952108,0.7017662871626079,0.007734710401762815,0.565037751536549,nan,nan
bi20,20.0,10.0,3,3,"arrests, small domains",smallpert,1,a,t600,301,600.01,1,301,600.01,5.477225575051661,0,0.0,nan,nan,0,0,nan,nan,nan,nan,0,nan,nan,nan,nan,0,nan,nan,nan,nan,nan,nan,nan,nan,nan,nan
bi20,20.0,10.0,3,3,"arrests, small domains",smallpert,1,i,t600,301,600.01,1,301,600.01,5.477225575051661,0,0.0,nan,nan,0,0,nan,nan,nan,nan,0,nan,nan,nan,nan,0,nan,nan,nan,nan,nan,nan,nan,nan,nan,nan
bi20,20.0,10.0,3,3,"arrests, small domains",smallpert,2,a,t600,301,600.01,1,301,600.01,5.477225575051661,0,0.0,nan,nan,0,0,nan,nan,nan,nan,0,nan,nan,nan,nan,0,nan,nan,nan,nan,nan,nan,nan,nan,nan,nan
bi20,20.0,10.0,3,3,"arrests, small domains",smallpert,2,i,t600,301,600.01,1,301,600.01,5.477225575051661,0,0.0,nan,nan,0,0,nan,nan,nan,nan,0,nan,nan,nan,nan,0,nan,nan,nan,nan,nan,nan,nan,nan,nan,nan
bi20,20.0,10.0,3,3,"arrests, small domains",smallpert,3,a,t600,301,600.01,1,301,600.01,5.477225575051661,0,0.0,nan,nan,0,0,nan,nan,nan,nan,0,nan,nan,nan,nan,0,nan,nan,nan,nan,nan,nan,nan,nan,nan,nan
bi20,20.0,10.0,3,3,"arrests, small domains",smallpert,3,i,t600,301,600.01,1,301,600.01,5.477225575051661,0,0.0,nan,nan,0,0,nan,nan,nan,nan,0,nan,nan,nan,nan,0,nan,nan,nan,nan,nan,nan,nan,nan,nan,nan
bi3.2,3.2,10.0,3,3,"Turing band, near its edge",nucl,1,a,cov10,6,10.01,1,6,10.01,5.477225575051661,103,12.66811985967215,0.3999945373082868,0.37142857142857144,70,200,0.3646125927582913,0.019766917038955695,0.2936801556649701,0.054987368429845654,200,0.36718096337845807,0.02080857729543868,0.34785061593108746,0.057875261237584394,200,0.36169155312789825,0.0212392469168228,0.3287757978241659,0.05213168323642808,1.789957659065726,1.4139322899730118,1.576925393021541,0.4073926405393463,1.8034059460954917,0.8181737276919742
bi3.2,3.2,10.0,3,3,"Turing band, near its edge",nucl,1,a,cov20,6,10.01,1,6,10.01,5.477225575051661,103,12.66811985967215,0.3999945373082868,0.37142857142857144,70,200,0.3646125927582913,0.019766917038955695,0.2936801556649701,0.054987368429845654,200,0.36718096337845807,0.02080857729543868,0.34785061593108746,0.057875261237584394,200,0.36169155312789825,0.0212392469168228,0.3287757978241659,0.05213168323642808,1.789957659065726,1.4139322899730118,1.576925393021541,0.4073926405393463,1.8034059460954917,0.8181737276919742
bi3.2,3.2,10.0,3,3,"Turing band, near its edge",nucl,1,a,t600,301,600.01,1,301,600.01,5.477225575051661,116,14.203026560257005,0.35943585071909695,0.3013698630136986,73,200,0.3631589584463647,0.019732855869891833,0.2902258583626033,0.04930538426994817,166,0.39807660452821414,0.02291265260504048,0.42594761874210224,0.05844955105832711,200,0.3848061379316188,0.02145390348600689,0.4087895978981249,0.054257181579361054,-0.1886755648455541,0.22602003444657556,-1.6864373791717477,-2.131372328319286,-1.1825487715589547,-1.9798251910174376
bi3.2,3.2,10.0,3,3,"Turing band, near its edge",nucl,1,i,cov10,6,10.01,1,6,10.01,5.477225575051661,49,18.71400881188454,0.398535822310397,0.4074074074074074,27,200,0.3674595716896357,0.03374475948234662,0.2824762788590067,0.07331751117916498,200,0.36994085375379443,0.034080556452119874,0.33494332883573946,0.08556919174994415,200,0.359867697779537,0.03271533850036446,0.3234582524241225,0.08417280516108794,0.9209207917756435,1.7039739420928817,0.8390405419810548,0.8468477624917524,1.1819570361599427,0.997342963949282
bi3.2,3.2,10.0,3,3,"Turing band, near its edge",nucl,1,i,cov20,6,10.01,1,6,10.01,5.477225575051661,49,18.71400881188454,0.398535822310397,0.4074074074074074,27,200,0.3674595716896357,0.03374475948234662,0.2824762788590067,0.07331751117916498,200,0.36994085375379443,0.034080556452119874,0.33494332883573946,0.08556919174994415,200,0.359867697779537,0.03271533850036446,0.3234582524241225,0.08417280516108794,0.9209207917756435,1.7039739420928817,0.8390405419810548,0.8468477624917524,1.1819570361599427,0.997342963949282
bi3.2,3.2,10.0,3,3,"Turing band, near its edge",nucl,1,i,t600,301,600.01,1,301,600.01,5.477225575051661,1,0.0,nan,nan,0,0,nan,nan,nan,nan,0,nan,nan,nan,nan,0,nan,nan,nan,nan,nan,nan,nan,nan,nan,nan
bi3.2,3.2,10.0,3,3,"Turing band, near its edge",nucl,2,a,cov10,6,10.01,1,6,10.01,5.477225575051661,115,12.513183539795534,0.3338201616165211,0.345679012345679,81,200,0.3671521365915136,0.019383154154719594,0.2917093756818504,0.048791157392554525,200,0.36699160173505363,0.01875128476988589,0.35856824108776775,0.052690608816299105,200,0.363162069764671,0.02058052593006131,0.3525899964433459,0.05033267582104149,-1.7196362732778698,1.106135610385506,-1.7690222577071115,-0.2446209871483142,-1.4257122606031718,-0.13730611347266694
bi3.2,3.2,10.0,3,3,"Turing band, near its edge",nucl,2,a,cov20,6,10.01,1,6,10.01,5.477225575051661,115,12.513183539795534,0.3338201616165211,0.345679012345679,81,200,0.3671521365915136,0.019383154154719594,0.2917093756818504,0.048791157392554525,200,0.36699160173505363,0.01875128476988589,0.35856824108776775,0.052690608816299105,200,0.363162069764671,0.02058052593006131,0.3525899964433459,0.05033267582104149,-1.7196362732778698,1.106135610385506,-1.7690222577071115,-0.2446209871483142,-1.4257122606031718,-0.13730611347266694
bi3.2,3.2,10.0,3,3,"Turing band, near its edge",nucl,2,a,t600,301,600.01,1,301,600.01,5.477225575051661,118,13.917576442800254,0.35462577630103714,0.3466666666666667,75,200,0.36564892673114796,0.02029956641401923,0.2968433923817847,0.050579931305599304,169,0.3968418209419559,0.020106930023619074,0.41240541799163155,0.05309349284646107,200,0.38263007767823354,0.021458880050078996,0.3987199607592695,0.05058478541771436,-0.5430239348608963,0.9850403707323034,-2.0995768419807854,-1.2381696475512003,-1.3050215720411422,-1.029030639603627
bi3.2,3.2,10.0,3,3,"Turing band, near its edge",nucl,2,i,cov10,6,10.01,1,6,10.01,5.477225575051661,52,19.637056856344152,0.3318327374052773,0.34615384615384615,26,200,0.3693514909911877,0.03181792028261118,0.294044564280532,0.08009601070074356,200,0.3732338443869728,0.03193249490119073,0.33881637415969496,0.0825615944643773,200,0.3610392562833971,0.030070841644160805,0.3271589330523157,0.09494624364680447,-1.1791705194011306,0.6505852341136686,-1.2965196458906103,0.08887270215350644,-0.971257114241469,0.2000596587284762
bi3.2,3.2,10.0,3,3,"Turing band, near its edge",nucl,2,i,cov20,6,10.01,1,6,10.01,5.477225575051661,52,19.637056856344152,0.3318327374052773,0.34615384615384615,26,200,0.3693514909911877,0.03181792028261118,0.294044564280532,0.08009601070074356,200,0.3732338443869728,0.03193249490119073,0.33881637415969496,0.0825615944643773,200,0.3610392562833971,0.030070841644160805,0.3271589330523157,0.09494624364680447,-1.1791705194011306,0.6505852341136686,-1.2965196458906103,0.08887270215350644,-0.971257114241469,0.2000596587284762
bi3.2,3.2,10.0,3,3,"Turing band, near its edge",nucl,2,i,t600,301,600.01,1,301,600.01,5.477225575051661,1,0.0,nan,nan,0,0,nan,nan,nan,nan,0,nan,nan,nan,nan,0,nan,nan,nan,nan,nan,nan,nan,nan,nan,nan
bi3.2,3.2,10.0,3,3,"Turing band, near its edge",nucl,3,a,cov10,6,10.01,1,6,10.01,5.477225575051661,104,12.645793859723007,0.3892816666737515,0.328125,64,200,0.36674500051707587,0.020195282334438847,0.2948652170749015,0.05340263271017972,200,0.36573254825447166,0.018621087561486376,0.338361552056408,0.05579854142627329,200,0.3588168171317352,0.019003044044495213,0.32660183505480744,0.051595460708390925,1.1159371670800595,0.6228116712073348,1.26464785375834,-0.18345554910128922,1.603156287523386,0.029521297499429937
bi3.2,3.2,10.0,3,3,"Turing band, near its edge",nucl,3,a,cov20,6,10.01,1,6,10.01,5.477225575051661,104,12.645793859723007,0.3892816666737515,0.328125,64,200,0.36674500051707587,0.020195282334438847,0.2948652170749015,0.05340263271017972,200,0.36573254825447166,0.018621087561486376,0.338361552056408,0.05579854142627329,200,0.3588168171317352,0.019003044044495213,0.32660183505480744,0.051595460708390925,1.1159371670800595,0.6228116712073348,1.26464785375834,-0.18345554910128922,1.603156287523386,0.029521297499429937
bi3.2,3.2,10.0,3,3,"Turing band, near its edge",nucl,3,a,t600,301,600.01,1,301,600.01,5.477225575051661,124,13.67366839491672,0.4171876002669196,0.40789473684210525,76,200,0.36219542114908365,0.018252540615858914,0.29559505856656126,0.04514539816081337,150,0.39419786765921505,0.02266304775550667,0.41258017855573553,0.05406959791446386,200,0.3795822819668105,0.01861049590151155,0.3960605582955424,0.04973430932389713,3.0128506642004345,2.4875110830902174,1.0144148684555674,-0.08665575285102872,2.020651061590185,0.23794798213627963
bi3.2,3.2,10.0,3,3,"Turing band, near its edge",nucl,3,i,cov10,6,10.01,1,6,10.01,5.477225575051661,44,19.11071560018671,0.40399165326632114,0.28,25,200,0.37290521606530513,0.036722029007101115,0.2895963386655045,0.09423150877836983,200,0.3700912425950738,0.03579518389120013,0.3256539741472423,0.08984190038017323,0,nan,nan,nan,nan,0.8465337575710936,-0.10183789679177076,0.9470662526637107,-0.5081590433200299,nan,nan
bi3.2,3.2,10.0,3,3,"Turing band, near its edge",nucl,3,i,cov20,6,10.01,1,6,10.01,5.477225575051661,44,19.11071560018671,0.40399165326632114,0.28,25,200,0.37290521606530513,0.036722029007101115,0.2895963386655045,0.09423150877836983,200,0.3700912425950738,0.03579518389120013,0.3256539741472423,0.08984190038017323,0,nan,nan,nan,nan,0.8465337575710936,-0.10183789679177076,0.9470662526637107,-0.5081590433200299,nan,nan
bi3.2,3.2,10.0,3,3,"Turing band, near its edge",nucl,3,i,t600,301,600.01,1,301,600.01,5.477225575051661,1,0.0,nan,nan,0,0,nan,nan,nan,nan,0,nan,nan,nan,nan,0,nan,nan,nan,nan,nan,nan,nan,nan,nan,nan
bi3.2,3.2,10.0,3,3,"Turing band, near its edge",random,1,a,cov10,6,10.01,1,6,10.01,5.477225575051661,37,20.92494758794541,0.4138889226547775,0.14285714285714285,14,200,0.3763107373112426,0.03915228368048195,0.2742392534113287,0.0956630589386267,97,0.3740183056645221,0.04431483881295491,0.3062797631047961,0.08969927244368234,0,nan,nan,nan,nan,0.9597954911189062,-1.3733839583623912,0.899712558101412,-1.8218946017679027,nan,nan
bi3.2,3.2,10.0,3,3,"Turing band, near its edge",random,1,a,cov20,6,10.01,1,6,10.01,5.477225575051661,37,20.92494758794541,0.4138889226547775,0.14285714285714285,14,200,0.3763107373112426,0.03915228368048195,0.2742392534113287,0.0956630589386267,97,0.3740183056645221,0.04431483881295491,0.3062797631047961,0.08969927244368234,0,nan,nan,nan,nan,0.9597954911189062,-1.3733839583623912,0.899712558101412,-1.8218946017679027,nan,nan
bi3.2,3.2,10.0,3,3,"Turing band, near its edge",random,1,a,t600,301,600.01,1,301,600.01,5.477225575051661,82,14.280587410682944,0.3480718814446297,0.4090909090909091,44,200,0.36834276863445836,0.02535025293374226,0.29041565723218765,0.058382277958410486,86,0.38257492617892047,0.028231643281229613,0.35427182333182006,0.06932882599104506,200,0.36611372460414743,0.024880231174414163,0.35053427257426123,0.061342751605485364,-0.7996325418452633,2.0327273276877205,-1.2221408577102146,0.7907112946953672,-0.7251477300609347,0.9545811849661413
bi3.2,3.2,10.0,3,3,"Turing band, near its edge",random,1,i,cov10,6,10.01,1,6,10.01,5.477225575051661,1,0.0,nan,nan,0,0,nan,nan,nan,nan,0,nan,nan,nan,nan,0,nan,nan,nan,nan,nan,nan,nan,nan,nan,nan
bi3.2,3.2,10.0,3,3,"Turing band, near its edge",random,1,i,cov20,6,10.01,1,6,10.01,5.477225575051661,1,0.0,nan,nan,0,0,nan,nan,nan,nan,0,nan,nan,nan,nan,0,nan,nan,nan,nan,nan,nan,nan,nan,nan,nan
bi3.2,3.2,10.0,3,3,"Turing band, near its edge",random,1,i,t600,301,600.01,1,301,600.01,5.477225575051661,1,0.0,nan,nan,0,0,nan,nan,nan,nan,0,nan,nan,nan,nan,0,nan,nan,nan,nan,nan,nan,nan,nan,nan,nan
bi3.2,3.2,10.0,3,3,"Turing band, near its edge",random,2,a,cov10,6,10.01,1,6,10.01,5.477225575051661,37,16.687604523896958,0.3446350210269255,0.23529411764705882,17,200,0.3693510843103713,0.03763517438100455,0.26956818886394457,0.09042368782290819,91,0.37198792944604797,0.03722286605244817,0.2944387487722791,0.09184141979950222,0,nan,nan,nan,nan,-0.6567277471131001,-0.37903863514182684,-0.7348415455322912,-0.6439864633445143,nan,nan
bi3.2,3.2,10.0,3,3,"Turing band, near its edge",random,2,a,cov20,6,10.01,1,6,10.01,5.477225575051661,37,16.687604523896958,0.3446350210269255,0.23529411764705882,17,200,0.3693510843103713,0.03763517438100455,0.26956818886394457,0.09042368782290819,91,0.37198792944604797,0.03722286605244817,0.2944387487722791,0.09184141979950222,0,nan,nan,nan,nan,-0.6567277471131001,-0.37903863514182684,-0.7348415455322912,-0.6439864633445143,nan,nan
bi3.2,3.2,10.0,3,3,"Turing band, near its edge",random,2,a,t600,301,600.01,1,301,600.01,5.477225575051661,88,13.434102936705921,0.3288957598818608,0.40816326530612246,49,200,0.3665610731100875,0.02386870530889216,0.29288267917289734,0.05268130797578321,73,0.3829083162640472,0.02168607035027508,0.3679477219828424,0.06745708659924689,200,0.3591287388560332,0.024166947262870563,0.32552625563678705,0.05527072545224723,-1.5780207908551571,2.1882635523441794,-2.490656698506064,0.5961648412448487,-1.251005294351823,1.4951316269718964
bi3.2,3.2,10.0,3,3,"Turing band, near its edge",random,2,i,cov10,6,10.01,1,6,10.01,5.477225575051661,1,0.0,nan,nan,0,0,nan,nan,nan,nan,0,nan,nan,nan,nan,0,nan,nan,nan,nan,nan,nan,nan,nan,nan,nan
bi3.2,3.2,10.0,3,3,"Turing band, near its edge",random,2,i,cov20,6,10.01,1,6,10.01,5.477225575051661,1,0.0,nan,nan,0,0,nan,nan,nan,nan,0,nan,nan,nan,nan,0,nan,nan,nan,nan,nan,nan,nan,nan,nan,nan
bi3.2,3.2,10.0,3,3,"Turing band, near its edge",random,2,i,t600,301,600.01,1,301,600.01,5.477225575051661,1,0.0,nan,nan,0,0,nan,nan,nan,nan,0,nan,nan,nan,nan,0,nan,nan,nan,nan,nan,nan,nan,nan,nan,nan
bi3.2,3.2,10.0,3,3,"Turing band, near its edge",random,3,a,cov10,6,10.01,1,6,10.01,5.477225575051661,46,17.387470123435996,0.38825154395676703,0.47368421052631576,19,200,0.37482726519351783,0.0359232924018375,0.28984331854678547,0.08524954824349823,105,0.37118096155398256,0.03381482646779696,0.3190478288849699,0.08682907191855083,200,0.36455029752594426,0.03387684573691964,0.30703523176773084,0.08060409071765126,0.3736928846355557,2.1565028292516657,0.5048253735396627,1.7809286477966852,0.6996296708047025,2.067500263011973
bi3.2,3.2,10.0,3,3,"Turing band, near its edge",random,3,a,cov20,6,10.01,1,6,10.01,5.477225575051661,46,17.387470123435996,0.38825154395676703,0.47368421052631576,19,200,0.37482726519351783,0.0359232924018375,0.28984331854678547,0.08524954824349823,105,0.37118096155398256,0.03381482646779696,0.3190478288849699,0.08682907191855083,200,0.36455029752594426,0.03387684573691964,0.30703523176773084,0.08060409071765126,0.3736928846355557,2.1565028292516657,0.5048253735396627,1.7809286477966852,0.6996296708047025,2.067500263011973
bi3.2,3.2,10.0,3,3,"Turing band, near its edge",random,3,a,t600,301,600.01,1,301,600.01,5.477225575051661,84,13.199176516998008,0.3654973212473818,0.2916666666666667,48,200,0.36747404426377933,0.02618370088522689,0.28905816675113644,0.05620671288422204,101,0.3810939627048582,0.024581884803949676,0.3647257821318998,0.0675676023738574,200,0.36248804017340996,0.023858653109362735,0.3038437231379808,0.06045099706599381,-0.07549440871870008,0.04640904585371135,-0.6344770379434199,-1.081274351885253,0.12612954554383213,-0.20143681762635834
bi3.2,3.2,10.0,3,3,"Turing band, near its edge",random,3,i,cov10,6,10.01,1,6,10.01,5.477225575051661,1,0.0,nan,nan,0,0,nan,nan,nan,nan,0,nan,nan,nan,nan,0,nan,nan,nan,nan,nan,nan,nan,nan,nan,nan
bi3.2,3.2,10.0,3,3,"Turing band, near its edge",random,3,i,cov20,6,10.01,1,6,10.01,5.477225575051661,1,0.0,nan,nan,0,0,nan,nan,nan,nan,0,nan,nan,nan,nan,0,nan,nan,nan,nan,nan,nan,nan,nan,nan,nan
bi3.2,3.2,10.0,3,3,"Turing band, near its edge",random,3,i,t600,301,600.01,1,301,600.01,5.477225575051661,1,0.0,nan,nan,0,0,nan,nan,nan,nan,0,nan,nan,nan,nan,0,nan,nan,nan,nan,nan,nan,nan,nan,nan,nan
bi3.2,3.2,10.0,3,3,"Turing band, near its edge",seed1,0,a,cov10,96,190.01,1,96,190.01,5.477225575051661,1,0.0,nan,nan,0,0,nan,nan,nan,nan,0,nan,nan,nan,nan,0,nan,nan,nan,nan,nan,nan,nan,nan,nan,nan
bi3.2,3.2,10.0,3,3,"Turing band, near its edge",seed1,0,a,cov20,136,270.01,1,136,270.01,5.477225575051661,1,0.0,nan,nan,0,0,nan,nan,nan,nan,0,nan,nan,nan,nan,0,nan,nan,nan,nan,nan,nan,nan,nan,nan,nan
bi3.2,3.2,10.0,3,3,"Turing band, near its edge",seed1,0,a,t600,301,600.01,1,301,600.01,5.477225575051661,12,35.468313488296566,0.4035193990420789,0.0,3,200,0.39347586718712224,0.09683083333638884,0.23653186567759432,0.22047386380369371,200,0.42405411086225064,0.09755721399806687,0.2663333333333333,0.24517658491166058,0,nan,nan,nan,nan,0.10372245604936166,-1.0728340384518247,-0.21048891187666194,-1.086291879908906,nan,nan
bi3.2,3.2,10.0,3,3,"Turing band, near its edge",seed1,0,i,cov10,96,190.01,1,66,130.01,5.477225575051661,1,0.0,nan,nan,0,0,nan,nan,nan,nan,0,nan,nan,nan,nan,0,nan,nan,nan,nan,nan,nan,nan,nan,nan,nan
bi3.2,3.2,10.0,3,3,"Turing band, near its edge",seed1,0,i,cov20,136,270.01,1,96,190.01,5.477225575051661,1,0.0,nan,nan,0,0,nan,nan,nan,nan,0,nan,nan,nan,nan,0,nan,nan,nan,nan,nan,nan,nan,nan,nan,nan
bi3.2,3.2,10.0,3,3,"Turing band, near its edge",seed1,0,i,t600,301,600.01,1,301,600.01,5.477225575051661,1,0.0,nan,nan,0,0,nan,nan,nan,nan,0,nan,nan,nan,nan,0,nan,nan,nan,nan,nan,nan,nan,nan,nan,nan
bi3.2,3.2,10.0,3,3,"Turing band, near its edge",seed36,1,a,cov10,6,10.01,1,6,10.01,5.477225575051661,33,20.133765045986628,0.3833926591728804,0.3,20,200,0.3747428199406574,0.042529089150724744,0.28214219898147747,0.09561114810049177,200,0.3698778445531133,0.041575846725354394,0.31070615683149505,0.10979532331530023,0,nan,nan,nan,nan,0.20338642103449817,0.1867753015553494,0.3250640861037548,-0.09751013529738506,nan,nan
bi3.2,3.2,10.0,3,3,"Turing band, near its edge",seed36,1,a,cov20,21,40.01,1,21,40.01,5.477225575051661,34,21.651326734987066,0.3626076531160086,0.3157894736842105,19,200,0.3744195556351768,0.04391906956840724,0.27839427370837383,0.1053617268436032,200,0.3782790558537513,0.04294807949019204,0.33675932138336234,0.10375765815463987,0,nan,nan,nan,nan,-0.2689470117478302,0.3549220489841188,-0.3648918164389992,-0.20210409594922124,nan,nan
bi3.2,3.2,10.0,3,3,"Turing band, near its edge",seed36,1,a,t600,301,600.01,1,301,600.01,5.477225575051661,35,24.541937985091643,0.39494888374904286,0.3125,16,200,0.3743625282151888,0.042149144264660585,0.27763316872232774,0.09608783453297236,200,0.3911841237791956,0.044368945323520294,0.40339091908693303,0.11034806470527123,0,nan,nan,nan,nan,0.48841692738977954,0.3628641591013041,0.0848512386849894,-0.8236747905791886,nan,nan
bi3.2,3.2,10.0,3,3,"Turing band, near its edge",seed36,1,i,cov10,6,10.01,1,6,10.01,5.477225575051661,19,32.075399864855235,0.41206347463476567,0.3333333333333333,9,200,0.38029450507415496,0.07128409966544719,0.25130200355200355,0.16337596594369838,200,0.374323137020899,0.06382246644239979,0.291129329004329,0.1693197938791923,0,nan,nan,nan,nan,0.4456669819736778,0.5021015747787462,0.5913331106989982,0.24925617591476876,nan,nan
bi3.2,3.2,10.0,3,3,"Turing band, near its edge",seed36,1,i,cov20,21,40.01,1,16,30.01,5.477225575051661,9,48.48518387828085,0.6724842220640369,0.0,1,200,0.4125966241224562,0.13675663312835598,0.17357274401473294,0.2880809285191245,200,0.38957199094791845,0.15622375739989883,0.2792792792792792,0.3771157185509797,0,nan,nan,nan,nan,1.9003655764006522,-0.602513831467362,1.8109424317066238,-0.7405665304866504,nan,nan
bi3.2,3.2,10.0,3,3,"Turing band, near its edge",seed36,1,i,t600,301,600.01,1,301,600.01,5.477225575051661,1,0.0,nan,nan,0,0,nan,nan,nan,nan,0,nan,nan,nan,nan,0,nan,nan,nan,nan,nan,nan,nan,nan,nan,nan
bi3.2,3.2,10.0,3,3,"Turing band, near its edge",seed36,2,a,cov10,6,10.01,1,6,10.01,5.477225575051661,32,20.803391465028785,0.3813512825201986,0.2727272727272727,22,200,0.3766802381591623,0.04212768318034809,0.2707716925089687,0.09478820775976193,200,0.369256804902261,0.042143016888697205,0.30597249728405335,0.10795067033343961,0,nan,nan,nan,nan,0.11087826361206815,0.02063104962655652,0.28698651664829883,-0.3079668190488517,nan,nan
bi3.2,3.2,10.0,3,3,"Turing band, near its edge",seed36,2,a,cov20,21,40.01,1,21,40.01,5.477225575051661,33,21.849063453728206,0.4009948278516672,0.3333333333333333,21,200,0.37235181354501523,0.04344007048944133,0.28778092083579365,0.10653921503996762,200,0.38214759918441826,0.04701899071322192,0.3323097013934526,0.1154390259879108,0,nan,nan,nan,nan,0.6593685043309034,0.4275647467503014,0.400842901588464,0.008867295363250004,nan,nan
bi3.2,3.2,10.0,3,3,"Turing band, near its edge",seed36,2,a,t600,301,600.01,1,301,600.01,5.477225575051661,35,24.729877339651143,0.40051653964260125,0.2777777777777778,18,200,0.36408666996077843,0.04195450770149667,0.29220783504931774,0.0994518822508684,199,0.3946661549328456,0.045902270935911225,0.4073482598676291,0.1266506918682934,0,nan,nan,nan,nan,0.868318368577192,-0.145095868926241,0.1274530560355922,-1.0230538829159677,nan,nan
bi3.2,3.2,10.0,3,3,"Turing band, near its edge",seed36,2,i,cov10,6,10.01,1,6,10.01,5.477225575051661,19,32.99787819081407,0.2930764619092511,0.25,8,200,0.3738741326519543,0.07695646641048941,0.27974746087246083,0.1760435183724168,200,0.3805219984369343,0.07284763597080643,0.30947016872016875,0.16697454264410366,0,nan,nan,nan,nan,-1.0499139904855384,-0.16897788198898994,-1.2003894891349236,-0.3561630879680017,nan,nan
bi3.2,3.2,10.0,3,3,"Turing band, near its edge",seed36,2,i,cov20,21,40.01,1,16,30.01,5.477225575051661,10,48.72205182043649,0.3077362327492734,1.0,2,200,0.39290926939096293,0.14798362787397454,0.21481481481481485,0.30642250466009,199,0.3770247023694714,0.16030096114778003,0.30958549222797926,0.370308540613623,0,nan,nan,nan,nan,-0.5755571603787438,2.5624266274312313,-0.43223988879468755,1.8644304196386163,nan,nan
bi3.2,3.2,10.0,3,3,"Turing band, near its edge",seed36,2,i,t600,301,600.01,1,301,600.01,5.477225575051661,1,0.0,nan,nan,0,0,nan,nan,nan,nan,0,nan,nan,nan,nan,0,nan,nan,nan,nan,nan,nan,nan,nan,nan,nan
bi3.2,3.2,10.0,3,3,"Turing band, near its edge",seed36,3,a,cov10,6,10.01,1,6,10.01,5.477225575051661,32,22.114287223573438,0.34368225078285114,0.3157894736842105,19,200,0.3712616296919811,0.044730413837221566,0.27302257729949714,0.10230880105203248,200,0.36658595802622557,0.042855637800948775,0.31261957571283355,0.10710581233323174,0,nan,nan,nan,nan,-0.616568829644503,0.4180177652845611,-0.5344386040818033,0.02959594724434419,nan,nan
bi3.2,3.2,10.0,3,3,"Turing band, near its edge",seed36,3,a,cov20,21,40.01,1,21,40.01,5.477225575051661,34,22.19422485989901,0.3545222168630343,0.38095238095238093,21,200,0.3740484071855842,0.04156945501915628,0.2729206831465648,0.10026298822854941,200,0.3749062849352888,0.03911068886509613,0.3419063915091728,0.11413505048496438,0,nan,nan,nan,nan,-0.46972447229706765,1.0774833237521102,-0.5211891854568185,0.342103405371971,nan,nan
bi3.2,3.2,10.0,3,3,"Turing band, near its edge",seed36,3,a,t600,301,600.01,1,301,600.01,5.477225575051661,34,24.96951628404306,0.40144900625803537,0.47058823529411764,17,200,0.3752303668808835,0.04319207686595564,0.280304367449143,0.11348552807999242,197,0.3958777287764368,0.05135771713454072,0.40740084064367826,0.12718171120122027,0,nan,nan,nan,nan,0.6070242803679025,1.6767236410165838,0.10847985059389657,0.4968276810686057,nan,nan
bi3.2,3.2,10.0,3,3,"Turing band, near its edge",seed36,3,i,cov10,6,10.01,1,6,10.01,5.477225575051661,26,27.692148664351045,0.37732273893380125,0.15384615384615385,13,200,0.3743730103668962,0.054959483686702976,0.2818908721996957,0.13367625944528058,200,0.3739929419555172,0.05750012269758848,0.32784588246720603,0.12355541937666231,0,nan,nan,nan,nan,0.05367096575579234,-0.9578717932779683,0.05790938909463771,-1.4082727370347787,nan,nan
bi3.2,3.2,10.0,3,3,"Turing band, near its edge",seed36,3,i,cov20,21,40.01,1,16,30.01,5.477225575051661,7,58.10190908637537,nan,nan,0,200,0.4319357334053864,0.17888997082347816,0.1124661246612466,0.2976042277810354,200,0.39978553132880973,0.19611334570501077,0.20229007633587787,0.40085785872396634,0,nan,nan,nan,nan,nan,nan,nan,nan,nan,nan
bi3.2,3.2,10.0,3,3,"Turing band, near its edge",seed36,3,i,t600,301,600.01,1,301,600.01,5.477225575051661,1,0.0,nan,nan,0,0,nan,nan,nan,nan,0,nan,nan,nan,nan,0,nan,nan,nan,nan,nan,nan,nan,nan,nan,nan
bi3.2,3.2,10.0,3,3,"Turing band, near its edge",smallpert,1,a,cov10,6,10.01,1,6,10.01,5.477225575051661,76,13.476278934635777,0.3059440420209716,0.11627906976744186,43,200,0.36214262291193045,0.02408905447389549,0.2905138513033435,0.06651578352629603,57,0.3744662102811365,0.02826636783657436,0.3661344481155878,0.07439169325215855,200,0.3613626280429131,0.02422525385187811,0.312652811687724,0.06079404724758258,-2.332950882395961,-2.619450186090351,-2.424158938861005,-3.3586462066568994,-2.2876369577297564,-3.2301475360005876
bi3.2,3.2,10.0,3,3,"Turing band, near its edge",smallpert,1,a,cov20,6,10.01,1,6,10.01,5.477225575051661,76,13.476278934635777,0.3059440420209716,0.11627906976744186,43,200,0.36214262291193045,0.02408905447389549,0.2905138513033435,0.06651578352629603,57,0.3744662102811365,0.02826636783657436,0.3661344481155878,0.07439169325215855,200,0.3613626280429131,0.02422525385187811,0.312652811687724,0.06079404724758258,-2.332950882395961,-2.619450186090351,-2.424158938861005,-3.3586462066568994,-2.2876369577297564,-3.2301475360005876
bi3.2,3.2,10.0,3,3,"Turing band, near its edge",smallpert,1,a,t600,301,600.01,1,301,600.01,5.477225575051661,109,12.873627334696625,0.3538922165027885,0.32857142857142857,70,200,0.36728024531441333,0.019539269514615636,0.291914527046003,0.05499117114064429,111,0.3871649273787255,0.022182013221599774,0.38345221160757514,0.05754315985164574,200,0.36553976164450985,0.01847126575944097,0.3591071320087476,0.04929637936874012,-0.6851857384745317,0.6665961237972658,-1.4999860717573468,-0.9537325231641234,-0.6305764474082176,-0.6194309567627674
bi3.2,3.2,10.0,3,3,"Turing band, near its edge",smallpert,1,i,cov10,6,10.01,1,6,10.01,5.477225575051661,1,0.0,nan,nan,0,0,nan,nan,nan,nan,0,nan,nan,nan,nan,0,nan,nan,nan,nan,nan,nan,nan,nan,nan,nan
bi3.2,3.2,10.0,3,3,"Turing band, near its edge",smallpert,1,i,cov20,6,10.01,1,6,10.01,5.477225575051661,1,0.0,nan,nan,0,0,nan,nan,nan,nan,0,nan,nan,nan,nan,0,nan,nan,nan,nan,nan,nan,nan,nan,nan,nan
bi3.2,3.2,10.0,3,3,"Turing band, near its edge",smallpert,1,i,t600,301,600.01,1,301,600.01,5.477225575051661,1,0.0,nan,nan,0,0,nan,nan,nan,nan,0,nan,nan,nan,nan,0,nan,nan,nan,nan,nan,nan,nan,nan,nan,nan
bi3.2,3.2,10.0,3,3,"Turing band, near its edge",smallpert,2,a,cov10,6,10.01,1,6,10.01,5.477225575051661,69,14.572325907075617,0.33518552515274413,0.42857142857142855,35,200,0.36586913870189947,0.025834184747267775,0.2868438580009966,0.06661385240481774,41,0.3812652363616336,0.02617100334394795,0.3412699264177944,0.06611475297538086,200,0.3626256235985106,0.024907630157776275,0.29297903027169975,0.06133205908623156,-1.1877136379308595,2.1275990721740894,-1.7607162630830286,1.3204541834428782,-1.101674397441602,2.21079155534447
bi3.2,3.2,10.0,3,3,"Turing band, near its edge",smallpert,2,a,cov20,6,10.01,1,6,10.01,5.477225575051661,69,14.572325907075617,0.33518552515274413,0.42857142857142855,35,200,0.36586913870189947,0.025834184747267775,0.2868438580009966,0.06661385240481774,41,0.3812652363616336,0.02617100334394795,0.3412699264177944,0.06611475297538086,200,0.3626256235985106,0.024907630157776275,0.29297903027169975,0.06133205908623156,-1.1877136379308595,2.1275990721740894,-1.7607162630830286,1.3204541834428782,-1.101674397441602,2.21079155534447
bi3.2,3.2,10.0,3,3,"Turing band, near its edge",smallpert,2,a,t600,301,600.01,1,301,600.01,5.477225575051661,131,12.136822326765826,0.3587377946222258,0.5119047619047619,84,200,0.363839472498795,0.0184189183921104,0.29293619404621674,0.047530172668190596,69,0.3872526137201482,0.02386962695552697,0.38260235526537667,0.055308902498064756,200,0.37609703444370707,0.0184271841724849,0.3912081235459125,0.051205951629007256,-0.27698031816865215,4.606938194547925,-1.1946068177374596,2.3378226795208863,-0.9420451686482685,2.357082224217016
bi3.2,3.2,10.0,3,3,"Turing band, near its edge",smallpert,2,i,cov10,6,10.01,1,6,10.01,5.477225575051661,1,0.0,nan,nan,0,0,nan,nan,nan,nan,0,nan,nan,nan,nan,0,nan,nan,nan,nan,nan,nan,nan,nan,nan,nan
bi3.2,3.2,10.0,3,3,"Turing band, near its edge",smallpert,2,i,cov20,6,10.01,1,6,10.01,5.477225575051661,1,0.0,nan,nan,0,0,nan,nan,nan,nan,0,nan,nan,nan,nan,0,nan,nan,nan,nan,nan,nan,nan,nan,nan,nan
bi3.2,3.2,10.0,3,3,"Turing band, near its edge",smallpert,2,i,t600,301,600.01,1,301,600.01,5.477225575051661,1,0.0,nan,nan,0,0,nan,nan,nan,nan,0,nan,nan,nan,nan,0,nan,nan,nan,nan,nan,nan,nan,nan,nan,nan
bi3.2,3.2,10.0,3,3,"Turing band, near its edge",smallpert,3,a,cov10,6,10.01,1,6,10.01,5.477225575051661,76,15.035777453548656,0.37202591349316094,0.4358974358974359,39,200,0.3646214755885875,0.02619491874693899,0.2887699300883528,0.0694376237068043,73,0.3789136293513417,0.02353052608821076,0.34965526902065364,0.06998879532490315,200,0.36150757228736824,0.025039067489477606,0.3057960749042068,0.06113448696227641,0.2826669544618726,2.118844193607764,-0.29271406140093237,1.2322281941906192,0.42007719377780023,2.128117327188978
bi3.2,3.2,10.0,3,3,"Turing band, near its edge",smallpert,3,a,cov20,6,10.01,1,6,10.01,5.477225575051661,76,15.035777453548656,0.37202591349316094,0.4358974358974359,39,200,0.3646214755885875,0.02619491874693899,0.2887699300883528,0.0694376237068043,73,0.3789136293513417,0.02353052608821076,0.34965526902065364,0.06998879532490315,200,0.36150757228736824,0.025039067489477606,0.3057960749042068,0.06113448696227641,0.2826669544618726,2.118844193607764,-0.29271406140093237,1.2322281941906192,0.42007719377780023,2.128117327188978
bi3.2,3.2,10.0,3,3,"Turing band, near its edge",smallpert,3,a,t600,301,600.01,1,301,600.01,5.477225575051661,118,12.402927502400674,0.3584059753524731,0.3972602739726027,73,200,0.3659837030485456,0.020581192960192552,0.29430103940564306,0.04443566112994178,121,0.39158664191758236,0.02094683159365412,0.39092785665508534,0.0472882079768183,200,0.37542431103118445,0.01938515694391114,0.38457399413121107,0.05206400258615628,-0.368187000176768,2.3170406819396536,-1.5840422651395833,0.133911128977898,-0.8779054886144114,0.24366701004975946
bi3.2,3.2,10.0,3,3,"Turing band, near its edge",smallpert,3,i,cov10,6,10.01,1,6,10.01,5.477225575051661,1,0.0,nan,nan,0,0,nan,nan,nan,nan,0,nan,nan,nan,nan,0,nan,nan,nan,nan,nan,nan,nan,nan,nan,nan
bi3.2,3.2,10.0,3,3,"Turing band, near its edge",smallpert,3,i,cov20,6,10.01,1,6,10.01,5.477225575051661,1,0.0,nan,nan,0,0,nan,nan,nan,nan,0,nan,nan,nan,nan,0,nan,nan,nan,nan,nan,nan,nan,nan,nan,nan
bi3.2,3.2,10.0,3,3,"Turing band, near its edge",smallpert,3,i,t600,301,600.01,1,301,600.01,5.477225575051661,1,0.0,nan,nan,0,0,nan,nan,nan,nan,0,nan,nan,nan,nan,0,nan,nan,nan,nan,nan,nan,nan,nan,nan,nan
bi5,5.0,10.0,3,3,replicating; Fig 1C regular spots,nucl,1,a,cov10,6,10.01,1,6,10.01,5.477225575051661,252,9.155363629491813,0.3755726596513588,0.41847826086956524,184,200,0.3619412607762609,0.013402286759532724,0.2953125437495168,0.03339657554468756,200,0.3693670678050088,0.013097676511498768,0.36577988924701615,0.033477098490160194,200,0.36880078812097866,0.014156740549308598,0.37877147670194616,0.03190651156062062,1.0170950017467888,3.6879744438240936,0.4737933358563224,1.5741618598767912,0.478349624816063,1.244472749463017
bi5,5.0,10.0,3,3,replicating; Fig 1C regular spots,nucl,1,a,cov20,6,10.01,1,6,10.01,5.477225575051661,252,9.155363629491813,0.3755726596513588,0.41847826086956524,184,200,0.3619412607762609,0.013402286759532724,0.2953125437495168,0.03339657554468756,200,0.3693670678050088,0.013097676511498768,0.36577988924701615,0.033477098490160194,200,0.36880078812097866,0.014156740549308598,0.37877147670194616,0.03190651156062062,1.0170950017467888,3.6879744438240936,0.4737933358563224,1.5741618598767912,0.478349624816063,1.244472749463017
bi5,5.0,10.0,3,3,replicating; Fig 1C regular spots,nucl,1,a,t600,301,600.01,1,301,600.01,5.477225575051661,276,10.927841612487486,0.6081941581066389,0.7208121827411168,197,200,0.3612457542759845,0.012574310586319705,0.2948339443424064,0.0314738711157908,200,0.3660149324240352,0.012572655554175244,0.379074894336522,0.03312047340485872,0,nan,nan,nan,nan,19.639120740291194,13.53434526155228,19.26237656309439,10.318007361406329,nan,nan
bi5,5.0,10.0,3,3,replicating; Fig 1C regular spots,nucl,1,i,cov10,6,10.01,1,6,10.01,5.477225575051661,4,89.41094572441611,nan,nan,0,200,nan,nan,nan,nan,200,nan,nan,nan,nan,0,nan,nan,nan,nan,nan,nan,nan,nan,nan,nan
bi5,5.0,10.0,3,3,replicating; Fig 1C regular spots,nucl,1,i,cov20,6,10.01,1,6,10.01,5.477225575051661,4,89.41094572441611,nan,nan,0,200,nan,nan,nan,nan,200,nan,nan,nan,nan,0,nan,nan,nan,nan,nan,nan,nan,nan,nan,nan
bi5,5.0,10.0,3,3,replicating; Fig 1C regular spots,nucl,1,i,t600,301,600.01,1,301,600.01,5.477225575051661,1,0.0,nan,nan,0,0,nan,nan,nan,nan,0,nan,nan,nan,nan,0,nan,nan,nan,nan,nan,nan,nan,nan,nan,nan
bi5,5.0,10.0,3,3,replicating; Fig 1C regular spots,nucl,2,a,cov10,6,10.01,1,6,10.01,5.477225575051661,248,9.241316580725778,0.3772852475976506,0.3989071038251366,183,200,0.3635245208583671,0.013431705215031918,0.29428912858294154,0.031540217326313846,200,0.36790407943292425,0.01292189870459852,0.36670270568030844,0.03448406972317485,200,0.36878171970087725,0.01265022229059427,0.37473753950136696,0.03558161734551936,1.0244958863364073,3.316970652415664,0.7259899167440355,0.9338920377830393,0.672203831793209,0.6792710991484265
bi5,5.0,10.0,3,3,replicating; Fig 1C regular spots,nucl,2,a,cov20,6,10.01,1,6,10.01,5.477225575051661,248,9.241316580725778,0.3772852475976506,0.3989071038251366,183,200,0.3635245208583671,0.013431705215031918,0.29428912858294154,0.031540217326313846,200,0.36790407943292425,0.01292189870459852,0.36670270568030844,0.03448406972317485,200,0.36878171970087725,0.01265022229059427,0.37473753950136696,0.03558161734551936,1.0244958863364073,3.316970652415664,0.7259899167440355,0.9338920377830393,0.672203831793209,0.6792710991484265
bi5,5.0,10.0,3,3,replicating; Fig 1C regular spots,nucl,2,a,t600,301,600.01,1,301,600.01,5.477225575051661,274,11.044577557473794,0.6181345540857509,0.6919191919191919,198,200,0.36285884493607534,0.01341425536693838,0.29824307041945725,0.03289379969156132,200,0.3666038324275348,0.012734381236909427,0.37958451700127344,0.034047574694939395,0,nan,nan,nan,nan,19.03018111455103,11.968095057158434,19.75209607587195,9.173477926589051,nan,nan
bi5,5.0,10.0,3,3,replicating; Fig 1C regular spots,nucl,2,i,cov10,6,10.01,1,6,10.01,5.477225575051661,4,45.991572938652695,0.7632349521437005,0.0,1,200,0.5481133008641157,0.2338905995357815,0.0,0.0,200,0.5585026399231661,0.2267923545734627,0.0,0.0,0,nan,nan,nan,nan,0.9197533022128778,nan,0.902730220362069,nan,nan,nan
bi5,5.0,10.0,3,3,replicating; Fig 1C regular spots,nucl,2,i,cov20,6,10.01,1,6,10.01,5.477225575051661,4,45.991572938652695,0.7632349521437005,0.0,1,200,0.5481133008641157,0.2338905995357815,0.0,0.0,200,0.5585026399231661,0.2267923545734627,0.0,0.0,0,nan,nan,nan,nan,0.9197533022128778,nan,0.902730220362069,nan,nan,nan
bi5,5.0,10.0,3,3,replicating; Fig 1C regular spots,nucl,2,i,t600,301,600.01,1,301,600.01,5.477225575051661,1,0.0,nan,nan,0,0,nan,nan,nan,nan,0,nan,nan,nan,nan,0,nan,nan,nan,nan,nan,nan,nan,nan,nan,nan
bi5,5.0,10.0,3,3,replicating; Fig 1C regular spots,nucl,3,a,cov10,6,10.01,1,6,10.01,5.477225575051661,245,9.159086841444191,0.3720170083758072,0.40555555555555556,180,200,0.3640598155421481,0.01399070698176009,0.2959924606406703,0.031148461232538168,200,0.36829701718734925,0.01219517384244055,0.3661261298379911,0.03426682839670283,200,0.3693607305573325,0.013795134494464085,0.38447697575455453,0.03621410244545216,0.568748444523426,3.51744807221597,0.30503797949250794,1.150658743817633,0.19255178842516305,0.5820544588327391
bi5,5.0,10.0,3,3,replicating; Fig 1C regular spots,nucl,3,a,cov20,6,10.01,1,6,10.01,5.477225575051661,245,9.159086841444191,0.3720170083758072,0.40555555555555556,180,200,0.3640598155421481,0.01399070698176009,0.2959924606406703,0.031148461232538168,200,0.36829701718734925,0.01219517384244055,0.3661261298379911,0.03426682839670283,200,0.3693607305573325,0.013795134494464085,0.38447697575455453,0.03621410244545216,0.568748444523426,3.51744807221597,0.30503797949250794,1.150658743817633,0.19255178842516305,0.5820544588327391
bi5,5.0,10.0,3,3,replicating; Fig 1C regular spots,nucl,3,a,t600,301,600.01,1,301,600.01,5.477225575051661,278,10.942615842490769,0.5656302027723894,0.6354679802955665,203,200,0.36254088899280873,0.012202541443113288,0.2993700114666267,0.03145707979496014,200,0.3663546591229992,0.012850124065563068,0.37349315237943587,0.03435861821142675,0,nan,nan,nan,nan,16.64319803594665,10.684334687760414,15.507674683346206,7.6247195479183985,nan,nan
bi5,5.0,10.0,3,3,replicating; Fig 1C regular spots,nucl,3,i,cov10,6,10.01,1,6,10.01,5.477225575051661,3,58.918629170732366,nan,nan,0,200,nan,nan,nan,nan,200,nan,nan,nan,nan,0,nan,nan,nan,nan,nan,nan,nan,nan,nan,nan
bi5,5.0,10.0,3,3,replicating; Fig 1C regular spots,nucl,3,i,cov20,6,10.01,1,6,10.01,5.477225575051661,3,58.918629170732366,nan,nan,0,200,nan,nan,nan,nan,200,nan,nan,nan,nan,0,nan,nan,nan,nan,nan,nan,nan,nan,nan,nan
bi5,5.0,10.0,3,3,replicating; Fig 1C regular spots,nucl,3,i,t600,301,600.01,1,301,600.01,5.477225575051661,1,0.0,nan,nan,0,0,nan,nan,nan,nan,0,nan,nan,nan,nan,0,nan,nan,nan,nan,nan,nan,nan,nan,nan,nan
bi5,5.0,10.0,3,3,replicating; Fig 1C regular spots,random,1,a,cov10,6,10.01,1,6,10.01,5.477225575051661,326,8.477725116409689,0.39386307195769504,0.42857142857142855,259,200,0.36290018830623993,0.010877425003080227,0.2951153348461684,0.02728545314848108,200,0.36778232199183875,0.01142265395629851,0.3715500864301369,0.030972937919827782,200,0.3809512698967555,0.011548596627271217,0.4096984175863325,0.03016231596845047,2.846526971474146,4.891107836803118,2.2832478393933346,1.84100527657044,1.1180407869168472,0.6257149154208529
bi5,5.0,10.0,3,3,replicating; Fig 1C regular spots,random,1,a,cov20,6,10.01,1,6,10.01,5.477225575051661,326,8.477725116409689,0.39386307195769504,0.42857142857142855,259,200,0.36290018830623993,0.010877425003080227,0.2951153348461684,0.02728545314848108,200,0.36778232199183875,0.01142265395629851,0.3715500864301369,0.030972937919827782,200,0.3809512698967555,0.011548596627271217,0.4096984175863325,0.03016231596845047,2.846526971474146,4.891107836803118,2.2832478393933346,1.84100527657044,1.1180407869168472,0.6257149154208529
bi5,5.0,10.0,3,3,replicating; Fig 1C regular spots,random,1,a,t600,301,600.01,1,301,600.01,5.477225575051661,322,10.126953202473276,0.5631745609704751,0.6099585062240664,241,200,0.3624083403933655,0.011632113934446365,0.29713635850215325,0.028110603175893516,200,0.36832447206410607,0.01194351724064163,0.378408433488745,0.029795385367969256,0,nan,nan,nan,nan,17.259650456360937,11.128261665696895,16.314297118718883,7.771340087590989,nan,nan
bi5,5.0,10.0,3,3,replicating; Fig 1C regular spots,random,1,i,cov10,6,10.01,1,6,10.01,5.477225575051661,1,0.0,nan,nan,0,0,nan,nan,nan,nan,0,nan,nan,nan,nan,0,nan,nan,nan,nan,nan,nan,nan,nan,nan,nan
bi5,5.0,10.0,3,3,replicating; Fig 1C regular spots,random,1,i,cov20,6,10.01,1,6,10.01,5.477225575051661,1,0.0,nan,nan,0,0,nan,nan,nan,nan,0,nan,nan,nan,nan,0,nan,nan,nan,nan,nan,nan,nan,nan,nan,nan
bi5,5.0,10.0,3,3,replicating; Fig 1C regular spots,random,1,i,t600,301,600.01,1,301,600.01,5.477225575051661,1,0.0,nan,nan,0,0,nan,nan,nan,nan,0,nan,nan,nan,nan,0,nan,nan,nan,nan,nan,nan,nan,nan,nan,nan
bi5,5.0,10.0,3,3,replicating; Fig 1C regular spots,random,2,a,cov10,6,10.01,1,6,10.01,5.477225575051661,346,8.219926304658278,0.398615921057562,0.4111111111111111,270,200,0.36264039225683997,0.011480316988174548,0.29307618338875796,0.024017093260498716,200,0.36630751255967864,0.010855816375346179,0.36917193952361005,0.02991461223758621,200,0.3863088376101351,0.010809222365263884,0.42027026469126094,0.031237150057741626,3.133670336609964,4.914621700557203,2.976138079422247,1.4019627349475243,1.1385725107271785,-0.29321348340739234
bi5,5.0,10.0,3,3,replicating; Fig 1C regular spots,random,2,a,cov20,6,10.01,1,6,10.01,5.477225575051661,346,8.219926304658278,0.398615921057562,0.4111111111111111,270,200,0.36264039225683997,0.011480316988174548,0.29307618338875796,0.024017093260498716,200,0.36630751255967864,0.010855816375346179,0.36917193952361005,0.02991461223758621,200,0.3863088376101351,0.010809222365263884,0.42027026469126094,0.031237150057741626,3.133670336609964,4.914621700557203,2.976138079422247,1.4019627349475243,1.1385725107271785,-0.29321348340739234
bi5,5.0,10.0,3,3,replicating; Fig 1C regular spots,random,2,a,t600,301,600.01,1,301,600.01,5.477225575051661,335,9.908312740971041,0.5630857629028143,0.62109375,256,200,0.36277047929187217,0.01070668467190785,0.2950249755342496,0.031068274104551662,200,0.3685266490355123,0.011642772113990812,0.37848058396486095,0.030394709903722852,0,nan,nan,nan,nan,18.709366134273896,10.495232962360777,16.7107207770137,7.982085264298671,nan,nan
bi5,5.0,10.0,3,3,replicating; Fig 1C regular spots,random,2,i,cov10,6,10.01,1,6,10.01,5.477225575051661,1,0.0,nan,nan,0,0,nan,nan,nan,nan,0,nan,nan,nan,nan,0,nan,nan,nan,nan,nan,nan,nan,nan,nan,nan
bi5,5.0,10.0,3,3,replicating; Fig 1C regular spots,random,2,i,cov20,6,10.01,1,6,10.01,5.477225575051661,1,0.0,nan,nan,0,0,nan,nan,nan,nan,0,nan,nan,nan,nan,0,nan,nan,nan,nan,nan,nan,nan,nan,nan,nan
bi5,5.0,10.0,3,3,replicating; Fig 1C regular spots,random,2,i,t600,301,600.01,1,301,600.01,5.477225575051661,1,0.0,nan,nan,0,0,nan,nan,nan,nan,0,nan,nan,nan,nan,0,nan,nan,nan,nan,nan,nan,nan,nan,nan,nan
bi5,5.0,10.0,3,3,replicating; Fig 1C regular spots,random,3,a,cov10,6,10.01,1,6,10.01,5.477225575051661,335,8.27106826278548,0.38432910770926854,0.40458015267175573,262,200,0.3634566016215031,0.011865770192381973,0.29654550867034396,0.02619497422418278,200,0.36816654668838905,0.010617190970798196,0.36925341585117877,0.0273258892591581,200,0.3821149913120962,0.012047186053545073,0.4100576100250785,0.032146504655453864,1.7590519409490946,4.124250822956562,1.5223010554612253,1.2927936758265766,0.18378701775928832,-0.17039044872934553
bi5,5.0,10.0,3,3,replicating; Fig 1C regular spots,random,3,a,cov20,6,10.01,1,6,10.01,5.477225575051661,335,8.27106826278548,0.38432910770926854,0.40458015267175573,262,200,0.3634566016215031,0.011865770192381973,0.29654550867034396,0.02619497422418278,200,0.36816654668838905,0.010617190970798196,0.36925341585117877,0.0273258892591581,200,0.3821149913120962,0.012047186053545073,0.4100576100250785,0.032146504655453864,1.7590519409490946,4.124250822956562,1.5223010554612253,1.2927936758265766,0.18378701775928832,-0.17039044872934553
bi5,5.0,10.0,3,3,replicating; Fig 1C regular spots,random,3,a,t600,301,600.01,1,301,600.01,5.477225575051661,334,9.917577953314884,0.550059276508327,0.6086956521739131,253,200,0.36263934377570656,0.010408123397759383,0.2960013491986755,0.02585728971144522,200,0.36653573229252473,0.01271000128795075,0.381992448494012,0.028661200926934347,0,nan,nan,nan,nan,18.007082119430617,12.093081156793847,14.439301779598166,7.90975940812225,nan,nan
bi5,5.0,10.0,3,3,replicating; Fig 1C regular spots,random,3,i,cov10,6,10.01,1,6,10.01,5.477225575051661,1,0.0,nan,nan,0,0,nan,nan,nan,nan,0,nan,nan,nan,nan,0,nan,nan,nan,nan,nan,nan,nan,nan,nan,nan
bi5,5.0,10.0,3,3,replicating; Fig 1C regular spots,random,3,i,cov20,6,10.01,1,6,10.01,5.477225575051661,1,0.0,nan,nan,0,0,nan,nan,nan,nan,0,nan,nan,nan,nan,0,nan,nan,nan,nan,nan,nan,nan,nan,nan,nan
bi5,5.0,10.0,3,3,replicating; Fig 1C regular spots,random,3,i,t600,301,600.01,1,301,600.01,5.477225575051661,1,0.0,nan,nan,0,0,nan,nan,nan,nan,0,nan,nan,nan,nan,0,nan,nan,nan,nan,nan,nan,nan,nan,nan,nan
bi5,5.0,10.0,3,3,replicating; Fig 1C regular spots,seed1,0,a,cov10,261,520.01,1,261,520.01,5.477225575051661,72,12.19126615481391,0.249413353762082,0.3472222222222222,72,200,0.37144707355448503,0.02515992677355401,0.2849583249512786,0.05777331327756381,200,0.36255432763428547,0.02118537026077141,0.3120716434756899,0.06400199030881787,200,0.36474870214761446,0.02512511620279194,0.3348491735117409,0.06655072254849805,-4.850320944521768,1.0777276520701766,-5.340523789744882,0.5492107132438576,-4.590440396558891,0.18591907400351018
bi5,5.0,10.0,3,3,replicating; Fig 1C regular spots,seed1,0,a,t600,301,600.01,1,301,600.01,5.477225575051661,114,11.630454066355796,0.33550171724051053,0.22321428571428573,112,200,0.36637203716094047,0.019533226380377813,0.293807738382763,0.04519005147084206,200,0.35910545600095,0.01822557187220076,0.3369365537386775,0.05154985031373101,200,0.3641761210621756,0.01881252644716617,0.3533651097058415,0.05212273187595984,-1.5804004581363398,-1.5621458788119815,-1.2950890609057908,-2.20606398141374,-1.524218658360183,-2.497006954686967
bi5,5.0,10.0,3,3,replicating; Fig 1C regular spots,seed1,0,i,cov10,261,520.01,1,146,290.01,5.477225575051661,1,0.0,nan,nan,0,0,nan,nan,nan,nan,0,nan,nan,nan,nan,0,nan,nan,nan,nan,nan,nan,nan,nan,nan,nan
bi5,5.0,10.0,3,3,replicating; Fig 1C regular spots,seed1,0,i,t600,301,600.01,1,301,600.01,5.477225575051661,1,0.0,nan,nan,0,0,nan,nan,nan,nan,0,nan,nan,nan,nan,0,nan,nan,nan,nan,nan,nan,nan,nan,nan,nan
bi5,5.0,10.0,3,3,replicating; Fig 1C regular spots,seed36,1,a,cov10,26,50.01,1,26,50.01,5.477225575051661,43,17.58680012545631,0.3342706524798713,0.3793103448275862,29,200,0.3764670524158721,0.03233015441439347,0.28783336823089484,0.08428638539761608,200,0.36551702423986837,0.03658349758557985,0.30143255776970257,0.08687733395866322,200,0.36389285129803556,0.03456950717688698,0.29622916286249906,0.0832999320085444,-1.305171617652863,1.0853114196931577,-0.8541111108062416,0.8964108762239223,-0.85688808540405,0.9973739469146886
bi5,5.0,10.0,3,3,replicating; Fig 1C regular spots,seed36,1,a,cov20,76,150.01,1,76,150.01,5.477225575051661,80,13.847392851926495,0.3859400505072701,0.16666666666666666,60,200,0.3679334425201597,0.023922075931650917,0.28714306444929294,0.05738110944227702,200,0.36600522057578067,0.022596785930201792,0.3374683058531993,0.05943746849370914,200,0.36475374863122745,0.0218201354694968,0.34320886980573106,0.06080901366937102,0.7527192890181469,-2.099582928138057,0.8821975830131435,-2.87363583132095,0.9709518946690219,-2.9032242505848638
bi5,5.0,10.0,3,3,replicating; Fig 1C regular spots,seed36,1,a,t600,301,600.01,1,301,600.01,5.477225575051661,182,11.948152396499014,0.49180754491572254,0.4696969696969697,132,200,0.3622982682493412,0.015882298015521913,0.2966060685498789,0.04217220584740386,200,0.3676138696834842,0.01573599275898171,0.3666095320691927,0.04142761799442213,193,0.41637141225894203,0.019874928041946505,0.47880719084594164,0.04816200933200592,8.154315990029325,4.104383388751441,7.892331747633253,2.488374727256992,3.7955424290126114,-0.18915782948693857
bi5,5.0,10.0,3,3,replicating; Fig 1C regular spots,seed36,1,i,cov10,26,50.01,1,6,10.01,5.477225575051661,18,32.39652606683282,0.3494049086925837,0.5,8,200,0.3848073001049546,0.07436424345222957,0.2546271367521368,0.14675102608460394,200,0.38620175193057393,0.07425610746301127,0.3203030303030303,0.17634919371393407,0,nan,nan,nan,nan,-0.47606739165056977,1.6720350773316057,-0.4955396195029424,1.0189837895628049,nan,nan
bi5,5.0,10.0,3,3,replicating; Fig 1C regular spots,seed36,1,i,cov20,76,150.01,1,21,40.01,5.477225575051661,4,78.8206177438201,nan,nan,0,200,nan,nan,nan,nan,200,nan,nan,nan,nan,0,nan,nan,nan,nan,nan,nan,nan,nan,nan,nan
bi5,5.0,10.0,3,3,replicating; Fig 1C regular spots,seed36,1,i,t600,301,600.01,1,301,600.01,5.477225575051661,1,0.0,nan,nan,0,0,nan,nan,nan,nan,0,nan,nan,nan,nan,0,nan,nan,nan,nan,nan,nan,nan,nan,nan,nan
bi5,5.0,10.0,3,3,replicating; Fig 1C regular spots,seed36,2,a,cov10,26,50.01,1,26,50.01,5.477225575051661,41,17.518568025544543,0.37802501828854446,0.16129032258064516,31,200,0.36900967859491873,0.03698259045803545,0.2687013898070494,0.09318046989821843,200,0.3674182611165534,0.03418978672594105,0.30114057064398836,0.0871921899641444,200,0.3627058699293572,0.03579490943293907,0.2978594241950772,0.08077889424370528,0.2437725313984029,-1.1527208152494826,0.31023174426365513,-1.6039309039129892,0.4279700270757021,-1.6906532689394203
bi5,5.0,10.0,3,3,replicating; Fig 1C regular spots,seed36,2,a,cov20,76,150.01,1,76,150.01,5.477225575051661,86,13.589736015191097,0.38901768857572316,0.28169014084507044,71,200,0.36583539305849155,0.023130045361336123,0.2952569009090022,0.05650626070869553,200,0.3655536335077541,0.024267718934558088,0.33673205390527017,0.06121826334238916,200,0.36690644606132894,0.02393931406332402,0.35573276383601077,0.061729519974540965,1.00225897334308,-0.24009304267843765,0.9668834195436233,-0.8991093516056546,0.9236372627847983,-1.199468633831555
bi5,5.0,10.0,3,3,replicating; Fig 1C regular spots,seed36,2,a,t600,301,600.01,1,301,600.01,5.477225575051661,191,12.025116115305913,0.5239509665829633,0.4657534246575342,146,200,0.3611225561987876,0.015400213233919711,0.29453594781675746,0.036283185811977536,200,0.3681482333987715,0.014852741859686389,0.37000561367154106,0.03906301635448048,124,0.42317860333302365,0.016824700905260535,0.4869176010185014,0.050701714357681,10.573127002263725,4.718920706909252,10.489829733530526,2.4511115607950487,5.989548570128303,-0.4174252612379553
bi5,5.0,10.0,3,3,replicating; Fig 1C regular spots,seed36,2,i,cov10,26,50.01,1,6,10.01,5.477225575051661,19,32.11588809421642,0.2216825334403882,0.25,8,200,0.38244447359828243,0.06853836238658226,0.26887456987456987,0.17333405066813978,200,0.37561481452905326,0.06680435527189808,0.33175523088023084,0.16336751259867338,0,nan,nan,nan,nan,-2.345576033041702,-0.10889129863298792,-2.304225232953011,-0.5004375079216009,nan,nan
bi5,5.0,10.0,3,3,replicating; Fig 1C regular spots,seed36,2,i,cov20,76,150.01,1,21,40.01,5.477225575051661,4,94.84334409928539,nan,nan,0,200,nan,nan,nan,nan,200,nan,nan,nan,nan,0,nan,nan,nan,nan,nan,nan,nan,nan,nan,nan
bi5,5.0,10.0,3,3,replicating; Fig 1C regular spots,seed36,2,i,t600,301,600.01,1,301,600.01,5.477225575051661,1,0.0,nan,nan,0,0,nan,nan,nan,nan,0,nan,nan,nan,nan,0,nan,nan,nan,nan,nan,nan,nan,nan,nan,nan
bi5,5.0,10.0,3,3,replicating; Fig 1C regular spots,seed36,3,a,cov10,26,50.01,1,26,50.01,5.477225575051661,39,19.10911977907408,0.3612398275413858,0.43478260869565216,23,200,0.3741393424465111,0.03704888244072592,0.2858623782482551,0.09467969860165147,200,0.36647991192680607,0.04026380814475177,0.3073049117549453,0.08298381792497207,0,nan,nan,nan,nan,-0.3481755468808835,1.5728845005512035,-0.13014378487453898,1.5361753668162499,nan,nan
bi5,5.0,10.0,3,3,replicating; Fig 1C regular spots,seed36,3,a,cov20,76,150.01,1,76,150.01,5.477225575051661,82,13.79397019253366,0.3869685398119319,0.22413793103448276,58,200,0.36637705709348667,0.0240609764837701,0.29159515376606754,0.05541211545794415,200,0.3657700681462672,0.023979594056795457,0.331723262321496,0.05906825446712962,200,0.36062293789648225,0.022336765157839104,0.3356726104793503,0.06104392450929608,0.8558041163597353,-1.2173731714462777,0.8840212897456184,-1.8213731260144563,1.1794725748908923,-1.8271217052547546
bi5,5.0,10.0,3,3,replicating; Fig 1C regular spots,seed36,3,a,t600,301,600.01,1,301,600.01,5.477225575051661,173,12.226746768959142,0.502324144822356,0.45161290322580644,124,200,0.3624983478990626,0.016380853431445425,0.29859179510967276,0.038444851737699605,200,0.3678440692317429,0.016096359993087662,0.36708708586637867,0.042660426462238214,200,0.410624459011477,0.019104176507694397,0.4690833536393131,0.04744573901451169,8.535928699226226,3.980275672804295,8.354688615833862,1.9813636282855165,4.799981081306805,-0.36821958676127176
bi5,5.0,10.0,3,3,replicating; Fig 1C regular spots,seed36,3,i,cov10,26,50.01,1,6,10.01,5.477225575051661,25,27.64076550436763,0.4181859602095855,0.46153846153846156,13,200,0.3716637980909614,0.060726230727422885,0.27656394093952147,0.12580619053190176,200,0.3750504617535227,0.05755679458875858,0.341741341991342,0.14506351859140912,0,nan,nan,nan,nan,0.7660966531488592,1.470313343221648,0.7494423336856147,0.8258252709597115,nan,nan
bi5,5.0,10.0,3,3,replicating; Fig 1C regular spots,seed36,3,i,cov20,76,150.01,1,21,40.01,5.477225575051661,1,0.0,nan,nan,0,0,nan,nan,nan,nan,0,nan,nan,nan,nan,0,nan,nan,nan,nan,nan,nan,nan,nan,nan,nan
bi5,5.0,10.0,3,3,replicating; Fig 1C regular spots,seed36,3,i,t600,301,600.01,1,301,600.01,5.477225575051661,1,0.0,nan,nan,0,0,nan,nan,nan,nan,0,nan,nan,nan,nan,0,nan,nan,nan,nan,nan,nan,nan,nan,nan,nan
bi5,5.0,10.0,3,3,replicating; Fig 1C regular spots,smallpert,1,a,t600,301,600.01,1,301,600.01,5.477225575051661,0,0.0,nan,nan,0,0,nan,nan,nan,nan,0,nan,nan,nan,nan,0,nan,nan,nan,nan,nan,nan,nan,nan,nan,nan
bi5,5.0,10.0,3,3,replicating; Fig 1C regular spots,smallpert,1,i,t600,301,600.01,1,301,600.01,5.477225575051661,0,0.0,nan,nan,0,0,nan,nan,nan,nan,0,nan,nan,nan,nan,0,nan,nan,nan,nan,nan,nan,nan,nan,nan,nan
bi5,5.0,10.0,3,3,replicating; Fig 1C regular spots,smallpert,2,a,t600,301,600.01,1,301,600.01,5.477225575051661,0,0.0,nan,nan,0,0,nan,nan,nan,nan,0,nan,nan,nan,nan,0,nan,nan,nan,nan,nan,nan,nan,nan,nan,nan
bi5,5.0,10.0,3,3,replicating; Fig 1C regular spots,smallpert,2,i,t600,301,600.01,1,301,600.01,5.477225575051661,0,0.0,nan,nan,0,0,nan,nan,nan,nan,0,nan,nan,nan,nan,0,nan,nan,nan,nan,nan,nan,nan,nan,nan,nan
bi5,5.0,10.0,3,3,replicating; Fig 1C regular spots,smallpert,3,a,t600,301,600.01,1,301,600.01,5.477225575051661,0,0.0,nan,nan,0,0,nan,nan,nan,nan,0,nan,nan,nan,nan,0,nan,nan,nan,nan,nan,nan,nan,nan,nan,nan
bi5,5.0,10.0,3,3,replicating; Fig 1C regular spots,smallpert,3,i,t600,301,600.01,1,301,600.01,5.477225575051661,0,0.0,nan,nan,0,0,nan,nan,nan,nan,0,nan,nan,nan,nan,0,nan,nan,nan,nan,nan,nan,nan,nan,nan,nan
bi9,9.0,10.0,3,3,divides late,nucl,1,a,cov10,6,10.01,1,6,10.01,5.477225575051661,263,8.679207170090509,0.3830986997634377,0.3951219512195122,205,200,0.3636722470973415,0.011686403870672135,0.2958429081955423,0.02966669212703942,200,0.35790407903447613,0.012021666695318957,0.3315146517108559,0.03117620014080124,200,0.37030559801322627,0.012139831717997663,0.3815955705017036,0.03629404001487805,1.66231228024288,3.3464817243134086,2.095767697400223,2.0402518338150992,1.0538121159657647,0.37268875860234113
bi9,9.0,10.0,3,3,divides late,nucl,1,a,t600,301,600.01,1,301,600.01,5.477225575051661,259,10.953986619179654,0.4926862134270037,0.558974358974359,195,200,0.3616370229725557,0.0136376835280538,0.2929580140536914,0.031287282445448594,200,0.3554510705040401,0.011988746397262643,0.33505282414527265,0.03290286339669517,0,nan,nan,nan,nan,9.60934385849836,8.502379373615602,11.446996906557144,6.8055333704353975,nan,nan
bi9,9.0,10.0,3,3,divides late,nucl,1,i,cov10,6,10.01,1,6,10.01,5.477225575051661,47,16.470340878609427,0.34291071290780334,0.3181818181818182,22,200,0.3691083545482142,0.03372967068336916,0.28166142359885965,0.07278643481507406,79,0.3819862589977478,0.03748461659162752,0.31604043411781824,0.08228705348065045,200,0.36742850642302544,0.034738839949731426,0.2931371386957806,0.08196659898330313,-0.7766942608582289,0.5017472647993354,-1.042442197439263,0.026023341138390384,-0.7057746761463648,0.3055473790139718
bi9,9.0,10.0,3,3,divides late,nucl,1,i,t600,301,600.01,1,301,600.01,5.477225575051661,5,63.57949651650854,0.5133359284962546,0.0,1,200,0.4611855635934576,0.2111374718234852,0.0,0.0,197,0.45536861131989115,0.22088289776491488,0.0,0.0,0,nan,nan,nan,nan,0.24699720259223207,nan,0.2624346102071604,nan,nan,nan
bi9,9.0,10.0,3,3,divides late,nucl,2,a,cov10,6,10.01,1,6,10.01,5.477225575051661,254,8.610180397480585,0.36422986022459863,0.3480392156862745,204,200,0.36352505225321763,0.0131821912152861,0.2960659583559674,0.034797744262265326,200,0.3572907808927131,0.01193268476487162,0.32692694860607224,0.030483089968393128,200,0.3647928628444963,0.011398204960081159,0.36548319903420173,0.03428156554396616,0.05346667787398715,1.493581220052442,0.5815186999922551,0.6925894685247735,-0.04939397228505874,-0.5088444203505031
bi9,9.0,10.0,3,3,divides late,nucl,2,a,t600,301,600.01,1,301,600.01,5.477225575051661,256,11.024037470751907,0.5264359425361166,0.612565445026178,191,200,0.3639874259118073,0.012452075085734267,0.2929968782125313,0.03438487969810864,200,0.3554945680699225,0.011911706244676747,0.3322450543839788,0.036499455764860494,0,nan,nan,nan,nan,13.045899218068365,9.293868980185055,14.350704336969903,7.680125217430641,nan,nan
bi9,9.0,10.0,3,3,divides late,nucl,2,i,cov10,6,10.01,1,6,10.01,5.477225575051661,36,17.994634265452518,0.4002601592700616,0.21052631578947367,19,200,0.37203662301865026,0.039229026938107356,0.2708313586929967,0.08799703798739338,104,0.37798466070347997,0.04105203669185033,0.3154693527257712,0.10005302506800495,0,nan,nan,nan,nan,0.719455425084602,-0.6853076453796368,0.54261616138046,-1.0488742031034932,nan,nan
bi9,9.0,10.0,3,3,divides late,nucl,2,i,t600,301,600.01,1,301,600.01,5.477225575051661,4,56.86883157710875,0.6879313241840622,0.0,1,200,0.5358610723113738,0.2507285780834231,0.0,0.0,200,0.5622204942229238,0.24438059062133527,0.0,0.0,0,nan,nan,nan,nan,0.6065134378981369,nan,0.5144059503314887,nan,nan,nan
bi9,9.0,10.0,3,3,divides late,nucl,3,a,cov10,6,10.01,1,6,10.01,5.477225575051661,244,8.730007407691712,0.3861518944582032,0.4021164021164021,189,200,0.3637489116809387,0.012476999235661706,0.2985131784444532,0.03027179490652625,200,0.356954908101755,0.012388401558591026,0.3237982273441807,0.03380405932015871,200,0.36632147422099576,0.012670255420049091,0.3649358846435433,0.035825806735185005,1.7955425302289336,3.422434117033914,2.3568001261793823,2.316827515608966,1.565116059604314,1.0378138236408028
bi9,9.0,10.0,3,3,divides late,nucl,3,a,t600,301,600.01,1,301,600.01,5.477225575051661,256,11.04340137691905,0.5301296675603246,0.5751295336787565,193,200,0.3625484269398383,0.013269258273013855,0.2910149936542765,0.03257328623493435,200,0.35639723785847705,0.01296452269671847,0.32818025198150635,0.03476059740868693,0,nan,nan,nan,nan,12.629284710005386,8.722317360775577,13.400603613877902,7.104287616056211,nan,nan
bi9,9.0,10.0,3,3,divides late,nucl,3,i,cov10,6,10.01,1,6,10.01,5.477225575051661,55,18.58137192504192,0.3279047281618918,0.40625,32,200,0.3701784439230431,0.03138246972547131,0.29853667072429224,0.07802325563764084,118,0.37974311683836665,0.031427560918553275,0.35300415521479556,0.081197245009698,200,0.36131006438065244,0.02967379433581309,0.3372573129796747,0.07859160110792525,-1.3470487227727714,1.38052851544615,-1.649456310364576,0.6557592536402546,-1.1257520976494728,0.877863360050162
bi9,9.0,10.0,3,3,divides late,nucl,3,i,t600,301,600.01,1,301,600.01,5.477225575051661,1,0.0,nan,nan,0,0,nan,nan,nan,nan,0,nan,nan,nan,nan,0,nan,nan,nan,nan,nan,nan,nan,nan,nan,nan
bi9,9.0,10.0,3,3,divides late,random,1,a,cov10,6,10.01,1,6,10.01,5.477225575051661,278,8.546174186999092,0.36288696277682125,0.3744493392070485,227,200,0.364173932093859,0.012928247742400138,0.2941818452529716,0.0322648624323056,200,0.35694573964370674,0.012034022755559181,0.3334516539851818,0.03234796006984727,200,0.37531253203810566,0.011689200234566191,0.39414846171004814,0.03361846154462862,-0.09954708036859056,2.4877680517772194,0.493702168742363,1.2673963097933387,-1.0629956722394656,-0.5859614508786788
bi9,9.0,10.0,3,3,divides late,random,1,a,t600,301,600.01,1,301,600.01,5.477225575051661,265,10.80038586904589,0.47820813229409564,0.529126213592233,206,200,0.36118499549106375,0.012589792258466504,0.2964805151841127,0.034216930488809326,200,0.35751899860068387,0.011786711636399605,0.3353740391932212,0.029163248298210553,0,nan,nan,nan,nan,9.295080840141349,6.799139931157976,10.239423633704654,6.643710344533204,nan,nan
bi9,9.0,10.0,3,3,divides late,random,1,i,cov10,6,10.01,1,6,10.01,5.477225575051661,24,20.22865003586386,0.4510434045050131,0.0,8,200,0.37805897680150286,0.04765857499171736,0.25303077585469225,0.10101532907898485,109,0.37659763401201574,0.05038274864958445,0.28489980139439053,0.12864781937549785,0,nan,nan,nan,nan,1.5314018036878843,-2.5048750339351473,1.477604388176059,-2.2145715549427516,nan,nan
bi9,9.0,10.0,3,3,divides late,random,1,i,t600,301,600.01,1,301,600.01,5.477225575051661,2,100.79215007070779,nan,nan,0,0,nan,nan,nan,nan,0,nan,nan,nan,nan,0,nan,nan,nan,nan,nan,nan,nan,nan,nan,nan
bi9,9.0,10.0,3,3,divides late,random,2,a,cov10,6,10.01,1,6,10.01,5.477225575051661,281,8.715700450451793,0.38651758056918356,0.40948275862068967,232,200,0.3631476639451414,0.012167736921206812,0.2969711355283111,0.030441741612317694,200,0.35693971473843145,0.01223050395779415,0.32809674853115584,0.03135555351633796,200,0.38005884295484443,0.012879688069678383,0.40510689815313605,0.03466578044090892,1.9206461131906427,3.6959653795515033,2.4183685261720544,2.5955851822908267,0.5014669283446713,0.1262299712251591
bi9,9.0,10.0,3,3,divides late,random,2,a,t600,301,600.01,1,301,600.01,5.477225575051661,272,10.809566698062078,0.5543622931492467,0.6473429951690821,207,200,0.3618041742915048,0.01291129529267868,0.2939528107537137,0.032164446081616435,200,0.3557994343598365,0.011236586102559879,0.33730282576653864,0.03212003276548239,0,nan,nan,nan,nan,14.913927262350782,10.98698182206061,17.6711019678988,9.652548354051692,nan,nan
bi9,9.0,10.0,3,3,divides late,random,2,i,cov10,6,10.01,1,6,10.01,5.477225575051661,25,25.438769281100896,0.40239837599524675,0.2222222222222222,9,200,0.38196536853782675,0.05209380008678449,0.28543201202392376,0.13391466728322085,107,0.38480305842788387,0.05971943868584144,0.3126166302087137,0.14437061285335412,0,nan,nan,nan,nan,0.39223491899957547,-0.4720154340376842,0.29463300316542423,-0.6261274798238234,nan,nan
bi9,9.0,10.0,3,3,divides late,random,2,i,t600,301,600.01,1,301,600.01,5.477225575051661,2,86.3943148455065,nan,nan,0,0,nan,nan,nan,nan,0,nan,nan,nan,nan,0,nan,nan,nan,nan,nan,nan,nan,nan,nan,nan
bi9,9.0,10.0,3,3,divides late,random,3,a,cov10,6,10.01,1,6,10.01,5.477225575051661,283,8.63235923095871,0.3774052072652328,0.4434782608695652,230,200,0.3645430915581916,0.01177633301657297,0.29062949778795916,0.03067122976181288,200,0.35527448908616827,0.01198359695136756,0.3295584773253013,0.02725670186977205,200,0.3687183636567194,0.011951301765539869,0.3768210639375883,0.0328980955062699,1.0922004064372335,4.983457274736011,1.8467508769592749,4.179514604831998,0.7268533402412168,2.0261719077103724
bi9,9.0,10.0,3,3,divides late,random,3,a,t600,301,600.01,1,301,600.01,5.477225575051661,272,10.672630664224531,0.49365069592715793,0.6047619047619047,210,200,0.3633536518372019,0.013424544898326873,0.2926743995099861,0.0295653988523078,200,0.3570690057025908,0.013052682177281342,0.33544668605206207,0.029180193634426824,0,nan,nan,nan,nan,9.705881657574492,10.555836124888195,10.463879252518108,9.229384221498252,nan,nan
bi9,9.0,10.0,3,3,divides late,random,3,i,cov10,6,10.01,1,6,10.01,5.477225575051661,21,30.091265676579354,0.3524189964149878,0.2727272727272727,11,200,0.381286473544031,0.06802447526430558,0.27131052281052276,0.15153929993541668,129,0.37133012780025154,0.06768765933517995,0.29300572381967727,0.14851465687406792,0,nan,nan,nan,nan,-0.42436897920755884,0.009349059401447294,-0.27938817165501945,-0.13654174961060944,nan,nan
bi9,9.0,10.0,3,3,divides late,random,3,i,t600,301,600.01,1,301,600.01,5.477225575051661,1,0.0,nan,nan,0,0,nan,nan,nan,nan,0,nan,nan,nan,nan,0,nan,nan,nan,nan,nan,nan,nan,nan,nan,nan
bi9,9.0,10.0,3,3,divides late,seed1,0,a,t600,301,600.01,1,301,600.01,5.477225575051661,4,12.43411206548913,0.18728295557812474,0.0,4,200,0.5425432530979023,0.14820215147771384,0.0,0.0,200,0.5540941400789179,0.15844044032612617,0.0,0.0,0,nan,nan,nan,nan,-2.3971331993328073,nan,-2.3151361088480105,nan,nan,nan
bi9,9.0,10.0,3,3,divides late,seed1,0,i,t600,301,600.01,1,301,600.01,5.477225575051661,4,11.02376494273624,0.1919925580087561,0.0,4,200,0.5834956685493853,0.17611703162977957,0.0,0.0,200,0.5279962166686474,0.1671297377002971,0.0,0.0,0,nan,nan,nan,nan,-2.2229713214995503,nan,-2.0104361036120624,nan,nan,nan
bi9,9.0,10.0,3,3,divides late,seed36,1,a,t600,301,600.01,1,301,600.01,5.477225575051661,135,14.449595933661428,0.4334488736094775,0.5052631578947369,95,200,0.36580363125579624,0.017233554691698877,0.3003846100352753,0.04564141557593437,200,0.3572628256171124,0.017976489437429216,0.32257116670854485,0.045096102149709,81,0.42755698163035316,0.021230077152617,0.48601031279669676,0.056136166047239366,3.9252054241754815,4.488873652891019,4.238093775625431,4.051170333517858,0.27752569794114174,0.3429668688424243
bi9,9.0,10.0,3,3,divides late,seed36,1,i,t600,301,600.01,1,301,600.01,5.477225575051661,132,14.662440197726061,0.4264928581035865,0.48936170212765956,94,200,0.36269099236422725,0.018380511546480478,0.295950176810928,0.05009717972952323,200,0.3682218463871527,0.01903527280775137,0.37954935280848273,0.04780110100068436,112,0.420733544447415,0.02156715006351278,0.49366282779705006,0.05332582211771366,3.471169209737044,3.8607268185747876,3.0612123243489946,2.2972765693745143,0.2670410155820763,-0.08065746571887854
bi9,9.0,10.0,3,3,divides late,seed36,2,a,t600,301,600.01,1,301,600.01,5.477225575051661,138,14.255383611541603,0.41102823364672836,0.35714285714285715,98,200,0.3637163779003458,0.018839925926187228,0.2965457909629425,0.04283986082638381,200,0.35422437402904194,0.016321349690744964,0.3252034129047644,0.0509894855183531,62,0.4297933258957996,0.02202434529531605,0.49034109425264083,0.05398215025129781,2.5112548707327864,1.414501938404868,3.480340823154907,0.6263927535922382,-0.8520158941143211,-2.4674496382548488
bi9,9.0,10.0,3,3,divides late,seed36,2,i,t600,301,600.01,1,301,600.01,5.477225575051661,133,14.590429828636973,0.40305398998131176,0.3541666666666667,96,200,0.36253279388591464,0.018310109211208316,0.2949769411559292,0.04962527614177693,200,0.36983068552309917,0.01854158382704313,0.37782212230921397,0.04674111993256936,153,0.4189537803496789,0.021257938574214874,0.4836417085450524,0.05578999292037801,2.213050486372443,1.1927334236213698,1.7918266728517545,-0.5060951829282997,-0.7479460114563047,-2.320757453100398
bi9,9.0,10.0,3,3,divides late,seed36,3,a,t600,301,600.01,1,301,600.01,5.477225575051661,135,14.409670074762374,0.43469635663353373,0.4895833333333333,96,200,0.3643450321797803,0.018476371347797223,0.29687255710179694,0.048928201673130646,200,0.35533964433686216,0.019146098846634086,0.3213380615403355,0.046754744681213684,179,0.41956268955754444,0.022774797077432376,0.48438602336652203,0.05467636981251949,3.80763750248724,3.9386441692453453,4.1447980046662405,3.598464133215547,0.6644918514327968,0.09505587120418572
bi9,9.0,10.0,3,3,divides late,seed36,3,i,t600,301,600.01,1,301,600.01,5.477225575051661,133,14.610407343580166,0.4314220178355634,0.5,96,200,0.363067167208184,0.01920008706872574,0.29581859962745943,0.04615395533952257,200,0.3674038595006073,0.017730823663098534,0.3751598605851646,0.05484796978598644,21,0.42790302215878384,0.025155926353341396,0.5119211791876361,0.06200959675017637,3.560132325583038,4.423919875783557,3.610557498701596,2.276112313763924,0.13988734214560647,-0.19224732642052259
bi9,9.0,10.0,3,3,divides late,smallpert,1,a,t600,301,600.01,1,301,600.01,5.477225575051661,0,0.0,nan,nan,0,0,nan,nan,nan,nan,0,nan,nan,nan,nan,0,nan,nan,nan,nan,nan,nan,nan,nan,nan,nan
bi9,9.0,10.0,3,3,divides late,smallpert,1,i,t600,301,600.01,1,301,600.01,5.477225575051661,0,0.0,nan,nan,0,0,nan,nan,nan,nan,0,nan,nan,nan,nan,0,nan,nan,nan,nan,nan,nan,nan,nan,nan,nan
bi9,9.0,10.0,3,3,divides late,smallpert,2,a,t600,301,600.01,1,301,600.01,5.477225575051661,0,0.0,nan,nan,0,0,nan,nan,nan,nan,0,nan,nan,nan,nan,0,nan,nan,nan,nan,nan,nan,nan,nan,nan,nan
bi9,9.0,10.0,3,3,divides late,smallpert,2,i,t600,301,600.01,1,301,600.01,5.477225575051661,0,0.0,nan,nan,0,0,nan,nan,nan,nan,0,nan,nan,nan,nan,0,nan,nan,nan,nan,nan,nan,nan,nan,nan,nan
bi9,9.0,10.0,3,3,divides late,smallpert,3,a,t600,301,600.01,1,301,600.01,5.477225575051661,0,0.0,nan,nan,0,0,nan,nan,nan,nan,0,nan,nan,nan,nan,0,nan,nan,nan,nan,nan,nan,nan,nan,nan,nan
bi9,9.0,10.0,3,3,divides late,smallpert,3,i,t600,301,600.01,1,301,600.01,5.477225575051661,0,0.0,nan,nan,0,0,nan,nan,nan,nan,0,nan,nan,nan,nan,0,nan,nan,nan,nan,nan,nan,nan,nan,nan,nan
