set,b_i,D_i,n_a,n_i,anchor,condition,replicate,channel,point,frame,t,reached,own_channel_frame,own_channel_t,lambda_i,n_real,field_mean,field_var,fft_peak_k,fft_peak_wavelength,fft_peak_power,fft_peak_prominence,fft_peak_prominence_rel,fft_peak_width_k,fft_peak_width_rel,fft_peak_fwhm_k,fft_peak_fwhm_rel,fft_peak_fwhm_border,fft_total_power,fft_power_in_band
bi0,0.0,10.0,3,3,"JA, no inhibitor",nucl,1,a,cov10,6,10.01,1,6,10.01,5.477225575051661,1,4.390467773343413,1.1051013915871826,0.10995574287564278,57.14285714285713,113.00828684495295,52.6546202346771,0.46593592120300953,0.1077383546019343,0.9798338111705881,0.17589008107912296,1.5996443339758095,1,36205.22004034911,0.31607857180830007
bi0,0.0,10.0,3,3,"JA, no inhibitor",nucl,1,a,cov20,6,10.01,1,6,10.01,5.477225575051661,1,4.390467773343413,1.1051013915871826,0.10995574287564278,57.14285714285713,113.00828684495295,52.6546202346771,0.46593592120300953,0.1077383546019343,0.9798338111705881,0.17589008107912296,1.5996443339758095,1,36205.22004034911,0.31607857180830007
bi0,0.0,10.0,3,3,"JA, no inhibitor",nucl,1,a,t600,301,600.01,1,301,600.01,5.477225575051661,1,4.959341441174117,7.888609052210118e-31,0.26703537555513246,23.529411764705877,1.6720774160003398e-35,3.044240421520123e-36,0.1820633657502557,0.021070213243130735,0.07890420210928403,0.21794821682766857,0.8161773187338272,1,1.7669478336669142e-26,4.163756558185058e-08
bi0,0.0,10.0,3,3,"JA, no inhibitor",nucl,1,i,cov10,6,10.01,1,,,5.477225575051661,0,0.0,0.0,nan,nan,nan,nan,nan,nan,nan,nan,nan,nan,0.0,nan
bi0,0.0,10.0,3,3,"JA, no inhibitor",nucl,1,i,cov20,6,10.01,1,,,5.477225575051661,0,0.0,0.0,nan,nan,nan,nan,nan,nan,nan,nan,nan,nan,0.0,nan
bi0,0.0,10.0,3,3,"JA, no inhibitor",nucl,1,i,t600,301,600.01,1,301,600.01,5.477225575051661,0,0.0,0.0,nan,nan,nan,nan,nan,nan,nan,nan,nan,nan,0.0,nan
bi0,0.0,10.0,3,3,"JA, no inhibitor",nucl,1,a,,,50,,,,,,4.959341441174117,7.888609052210118e-31,0.26703537555513246,23.529411764705877,1.6720774160003398e-35,3.044240421520123e-36,0.1820633657502557,0.021070213243130735,0.07890420210928403,0.21794821682766857,0.8161773187338272,1,1.7669478336669142e-26,4.163756558185058e-08
bi0,0.0,10.0,3,3,"JA, no inhibitor",nucl,1,a,,,100,,,,,,4.959341441174117,7.888609052210118e-31,0.26703537555513246,23.529411764705877,1.6720774160003398e-35,3.044240421520123e-36,0.1820633657502557,0.021070213243130735,0.07890420210928403,0.21794821682766857,0.8161773187338272,1,1.7669478336669142e-26,4.163756558185058e-08
bi0,0.0,10.0,3,3,"JA, no inhibitor",nucl,1,a,,,200,,,,,,4.959341441174117,7.888609052210118e-31,0.26703537555513246,23.529411764705877,1.6720774160003398e-35,3.044240421520123e-36,0.1820633657502557,0.021070213243130735,0.07890420210928403,0.21794821682766857,0.8161773187338272,1,1.7669478336669142e-26,4.163756558185058e-08
bi0,0.0,10.0,3,3,"JA, no inhibitor",nucl,1,a,,,400,,,,,,4.959341441174117,7.888609052210118e-31,0.26703537555513246,23.529411764705877,1.6720774160003398e-35,3.044240421520123e-36,0.1820633657502557,0.021070213243130735,0.07890420210928403,0.21794821682766857,0.8161773187338272,1,1.7669478336669142e-26,4.163756558185058e-08
bi0,0.0,10.0,3,3,"JA, no inhibitor",nucl,1,a,,,600,,,,,,4.959341441174117,7.888609052210118e-31,0.26703537555513246,23.529411764705877,1.6720774160003398e-35,3.044240421520123e-36,0.1820633657502557,0.021070213243130735,0.07890420210928403,0.21794821682766857,0.8161773187338272,1,1.7669478336669142e-26,4.163756558185058e-08
bi0,0.0,10.0,3,3,"JA, no inhibitor",nucl,1,i,,,50,,,,,,0.0,0.0,nan,nan,nan,nan,nan,nan,nan,nan,nan,nan,0.0,nan
bi0,0.0,10.0,3,3,"JA, no inhibitor",nucl,1,i,,,100,,,,,,0.0,0.0,nan,nan,nan,nan,nan,nan,nan,nan,nan,nan,0.0,nan
bi0,0.0,10.0,3,3,"JA, no inhibitor",nucl,1,i,,,200,,,,,,0.0,0.0,nan,nan,nan,nan,nan,nan,nan,nan,nan,nan,0.0,nan
bi0,0.0,10.0,3,3,"JA, no inhibitor",nucl,1,i,,,400,,,,,,0.0,0.0,nan,nan,nan,nan,nan,nan,nan,nan,nan,nan,0.0,nan
bi0,0.0,10.0,3,3,"JA, no inhibitor",nucl,1,i,,,600,,,,,,0.0,0.0,nan,nan,nan,nan,nan,nan,nan,nan,nan,nan,0.0,nan
bi0,0.0,10.0,3,3,"JA, no inhibitor",nucl,2,a,cov10,6,10.01,1,6,10.01,5.477225575051661,1,4.462745875370069,0.9479057753810226,0.17278759594743864,36.36363636363636,81.4140157621756,30.407187617513998,0.3734883647840029,0.045743286380948406,0.26473709602894957,0.20816557989034012,1.2047484007686717,1,28490.7385338354,0.2160458938703534
bi0,0.0,10.0,3,3,"JA, no inhibitor",nucl,2,a,cov20,6,10.01,1,6,10.01,5.477225575051661,1,4.462745875370069,0.9479057753810226,0.17278759594743864,36.36363636363636,81.4140157621756,30.407187617513998,0.3734883647840029,0.045743286380948406,0.26473709602894957,0.20816557989034012,1.2047484007686717,1,28490.7385338354,0.2160458938703534
bi0,0.0,10.0,3,3,"JA, no inhibitor",nucl,2,a,t600,301,600.01,1,301,600.01,5.477225575051661,1,4.959341441174117,7.888609052210118e-31,0.26703537555513246,23.529411764705877,1.6720774160003398e-35,3.044240421520123e-36,0.1820633657502557,0.021070213243130735,0.07890420210928403,0.21794821682766857,0.8161773187338272,1,1.7669478336669142e-26,4.163756558185058e-08
bi0,0.0,10.0,3,3,"JA, no inhibitor",nucl,2,i,cov10,6,10.01,1,,,5.477225575051661,0,0.0,0.0,nan,nan,nan,nan,nan,nan,nan,nan,nan,nan,0.0,nan
bi0,0.0,10.0,3,3,"JA, no inhibitor",nucl,2,i,cov20,6,10.01,1,,,5.477225575051661,0,0.0,0.0,nan,nan,nan,nan,nan,nan,nan,nan,nan,nan,0.0,nan
bi0,0.0,10.0,3,3,"JA, no inhibitor",nucl,2,i,t600,301,600.01,1,301,600.01,5.477225575051661,0,0.0,0.0,nan,nan,nan,nan,nan,nan,nan,nan,nan,nan,0.0,nan
bi0,0.0,10.0,3,3,"JA, no inhibitor",nucl,2,a,,,50,,,,,,4.959341441174117,7.888609052210118e-31,0.26703537555513246,23.529411764705877,1.6720774160003398e-35,3.044240421520123e-36,0.1820633657502557,0.021070213243130735,0.07890420210928403,0.21794821682766857,0.8161773187338272,1,1.7669478336669142e-26,4.163756558185058e-08
bi0,0.0,10.0,3,3,"JA, no inhibitor",nucl,2,a,,,100,,,,,,4.959341441174117,7.888609052210118e-31,0.26703537555513246,23.529411764705877,1.6720774160003398e-35,3.044240421520123e-36,0.1820633657502557,0.021070213243130735,0.07890420210928403,0.21794821682766857,0.8161773187338272,1,1.7669478336669142e-26,4.163756558185058e-08
bi0,0.0,10.0,3,3,"JA, no inhibitor",nucl,2,a,,,200,,,,,,4.959341441174117,7.888609052210118e-31,0.26703537555513246,23.529411764705877,1.6720774160003398e-35,3.044240421520123e-36,0.1820633657502557,0.021070213243130735,0.07890420210928403,0.21794821682766857,0.8161773187338272,1,1.7669478336669142e-26,4.163756558185058e-08
bi0,0.0,10.0,3,3,"JA, no inhibitor",nucl,2,a,,,400,,,,,,4.959341441174117,7.888609052210118e-31,0.26703537555513246,23.529411764705877,1.6720774160003398e-35,3.044240421520123e-36,0.1820633657502557,0.021070213243130735,0.07890420210928403,0.21794821682766857,0.8161773187338272,1,1.7669478336669142e-26,4.163756558185058e-08
bi0,0.0,10.0,3,3,"JA, no inhibitor",nucl,2,a,,,600,,,,,,4.959341441174117,7.888609052210118e-31,0.26703537555513246,23.529411764705877,1.6720774160003398e-35,3.044240421520123e-36,0.1820633657502557,0.021070213243130735,0.07890420210928403,0.21794821682766857,0.8161773187338272,1,1.7669478336669142e-26,4.163756558185058e-08
bi0,0.0,10.0,3,3,"JA, no inhibitor",nucl,2,i,,,50,,,,,,0.0,0.0,nan,nan,nan,nan,nan,nan,nan,nan,nan,nan,0.0,nan
bi0,0.0,10.0,3,3,"JA, no inhibitor",nucl,2,i,,,100,,,,,,0.0,0.0,nan,nan,nan,nan,nan,nan,nan,nan,nan,nan,0.0,nan
bi0,0.0,10.0,3,3,"JA, no inhibitor",nucl,2,i,,,200,,,,,,0.0,0.0,nan,nan,nan,nan,nan,nan,nan,nan,nan,nan,0.0,nan
bi0,0.0,10.0,3,3,"JA, no inhibitor",nucl,2,i,,,400,,,,,,0.0,0.0,nan,nan,nan,nan,nan,nan,nan,nan,nan,nan,0.0,nan
bi0,0.0,10.0,3,3,"JA, no inhibitor",nucl,2,i,,,600,,,,,,0.0,0.0,nan,nan,nan,nan,nan,nan,nan,nan,nan,nan,0.0,nan
bi0,0.0,10.0,3,3,"JA, no inhibitor",nucl,3,a,cov10,6,10.01,1,6,10.01,5.477225575051661,1,4.368739101354333,1.230425854622549,0.10995574287564278,57.14285714285713,188.05921290035505,105.83637407993236,0.5627821814611697,0.05435124842044813,0.49430113424742217,0.08405979797995776,0.764487563646651,0,58378.542225237456,0.12052059662026544
bi0,0.0,10.0,3,3,"JA, no inhibitor",nucl,3,a,cov20,6,10.01,1,6,10.01,5.477225575051661,1,4.368739101354333,1.230425854622549,0.10995574287564278,57.14285714285713,188.05921290035505,105.83637407993236,0.5627821814611697,0.05435124842044813,0.49430113424742217,0.08405979797995776,0.764487563646651,0,58378.542225237456,0.12052059662026544
bi0,0.0,10.0,3,3,"JA, no inhibitor",nucl,3,a,t600,301,600.01,1,301,600.01,5.477225575051661,1,4.959341441174117,7.888609052210118e-31,0.26703537555513246,23.529411764705877,1.6720774160003398e-35,3.044240421520123e-36,0.1820633657502557,0.021070213243130735,0.07890420210928403,0.21794821682766857,0.8161773187338272,1,1.7669478336669142e-26,4.163756558185058e-08
bi0,0.0,10.0,3,3,"JA, no inhibitor",nucl,3,i,cov10,6,10.01,1,,,5.477225575051661,0,0.0,0.0,nan,nan,nan,nan,nan,nan,nan,nan,nan,nan,0.0,nan
bi0,0.0,10.0,3,3,"JA, no inhibitor",nucl,3,i,cov20,6,10.01,1,,,5.477225575051661,0,0.0,0.0,nan,nan,nan,nan,nan,nan,nan,nan,nan,nan,0.0,nan
bi0,0.0,10.0,3,3,"JA, no inhibitor",nucl,3,i,t600,301,600.01,1,301,600.01,5.477225575051661,0,0.0,0.0,nan,nan,nan,nan,nan,nan,nan,nan,nan,nan,0.0,nan
bi0,0.0,10.0,3,3,"JA, no inhibitor",nucl,3,a,,,50,,,,,,4.959341441174117,7.888609052210118e-31,0.26703537555513246,23.529411764705877,1.6720774160003398e-35,3.044240421520123e-36,0.1820633657502557,0.021070213243130735,0.07890420210928403,0.21794821682766857,0.8161773187338272,1,1.7669478336669142e-26,4.163756558185058e-08
bi0,0.0,10.0,3,3,"JA, no inhibitor",nucl,3,a,,,100,,,,,,4.959341441174117,7.888609052210118e-31,0.26703537555513246,23.529411764705877,1.6720774160003398e-35,3.044240421520123e-36,0.1820633657502557,0.021070213243130735,0.07890420210928403,0.21794821682766857,0.8161773187338272,1,1.7669478336669142e-26,4.163756558185058e-08
bi0,0.0,10.0,3,3,"JA, no inhibitor",nucl,3,a,,,200,,,,,,4.959341441174117,7.888609052210118e-31,0.26703537555513246,23.529411764705877,1.6720774160003398e-35,3.044240421520123e-36,0.1820633657502557,0.021070213243130735,0.07890420210928403,0.21794821682766857,0.8161773187338272,1,1.7669478336669142e-26,4.163756558185058e-08
bi0,0.0,10.0,3,3,"JA, no inhibitor",nucl,3,a,,,400,,,,,,4.959341441174117,7.888609052210118e-31,0.26703537555513246,23.529411764705877,1.6720774160003398e-35,3.044240421520123e-36,0.1820633657502557,0.021070213243130735,0.07890420210928403,0.21794821682766857,0.8161773187338272,1,1.7669478336669142e-26,4.163756558185058e-08
bi0,0.0,10.0,3,3,"JA, no inhibitor",nucl,3,a,,,600,,,,,,4.959341441174117,7.888609052210118e-31,0.26703537555513246,23.529411764705877,1.6720774160003398e-35,3.044240421520123e-36,0.1820633657502557,0.021070213243130735,0.07890420210928403,0.21794821682766857,0.8161773187338272,1,1.7669478336669142e-26,4.163756558185058e-08
bi0,0.0,10.0,3,3,"JA, no inhibitor",nucl,3,i,,,50,,,,,,0.0,0.0,nan,nan,nan,nan,nan,nan,nan,nan,nan,nan,0.0,nan
bi0,0.0,10.0,3,3,"JA, no inhibitor",nucl,3,i,,,100,,,,,,0.0,0.0,nan,nan,nan,nan,nan,nan,nan,nan,nan,nan,0.0,nan
bi0,0.0,10.0,3,3,"JA, no inhibitor",nucl,3,i,,,200,,,,,,0.0,0.0,nan,nan,nan,nan,nan,nan,nan,nan,nan,nan,0.0,nan
bi0,0.0,10.0,3,3,"JA, no inhibitor",nucl,3,i,,,400,,,,,,0.0,0.0,nan,nan,nan,nan,nan,nan,nan,nan,nan,nan,0.0,nan
bi0,0.0,10.0,3,3,"JA, no inhibitor",nucl,3,i,,,600,,,,,,0.0,0.0,nan,nan,nan,nan,nan,nan,nan,nan,nan,nan,0.0,nan
bi0,0.0,10.0,3,3,"JA, no inhibitor",random,1,a,cov10,6,10.01,1,6,10.01,5.477225575051661,1,4.958259850988547,8.77797553038688e-07,0.39269908169872414,16.0,3.0402007834107838e-05,1.718273435840018e-05,0.5651841961280916,0.07321764260876594,0.186447195883534,0.2559447344210748,0.6517579142633028,0,0.028586008150727264,0.21938741819176008
bi0,0.0,10.0,3,3,"JA, no inhibitor",random,1,a,cov20,6,10.01,1,6,10.01,5.477225575051661,1,4.958259850988547,8.77797553038688e-07,0.39269908169872414,16.0,3.0402007834107838e-05,1.718273435840018e-05,0.5651841961280916,0.07321764260876594,0.186447195883534,0.2559447344210748,0.6517579142633028,0,0.028586008150727264,0.21938741819176008
bi0,0.0,10.0,3,3,"JA, no inhibitor",random,1,a,t600,301,600.01,1,301,600.01,5.477225575051661,1,4.959341441174117,7.888609052210118e-31,0.26703537555513246,23.529411764705877,1.6720774160003398e-35,3.044240421520123e-36,0.1820633657502557,0.021070213243130735,0.07890420210928403,0.21794821682766857,0.8161773187338272,1,1.7669478336669142e-26,4.163756558185058e-08
bi0,0.0,10.0,3,3,"JA, no inhibitor",random,1,i,cov10,6,10.01,1,,,5.477225575051661,0,0.0,0.0,nan,nan,nan,nan,nan,nan,nan,nan,nan,nan,0.0,nan
bi0,0.0,10.0,3,3,"JA, no inhibitor",random,1,i,cov20,6,10.01,1,,,5.477225575051661,0,0.0,0.0,nan,nan,nan,nan,nan,nan,nan,nan,nan,nan,0.0,nan
bi0,0.0,10.0,3,3,"JA, no inhibitor",random,1,i,t600,301,600.01,1,301,600.01,5.477225575051661,0,0.0,0.0,nan,nan,nan,nan,nan,nan,nan,nan,nan,nan,0.0,nan
bi0,0.0,10.0,3,3,"JA, no inhibitor",random,1,a,,,50,,,,,,4.959341441174117,7.888609052210118e-31,0.26703537555513246,23.529411764705877,1.6720774160003398e-35,3.044240421520123e-36,0.1820633657502557,0.021070213243130735,0.07890420210928403,0.21794821682766857,0.8161773187338272,1,1.7669478336669142e-26,4.163756558185058e-08
bi0,0.0,10.0,3,3,"JA, no inhibitor",random,1,a,,,100,,,,,,4.959341441174117,7.888609052210118e-31,0.26703537555513246,23.529411764705877,1.6720774160003398e-35,3.044240421520123e-36,0.1820633657502557,0.021070213243130735,0.07890420210928403,0.21794821682766857,0.8161773187338272,1,1.7669478336669142e-26,4.163756558185058e-08
bi0,0.0,10.0,3,3,"JA, no inhibitor",random,1,a,,,200,,,,,,4.959341441174117,7.888609052210118e-31,0.26703537555513246,23.529411764705877,1.6720774160003398e-35,3.044240421520123e-36,0.1820633657502557,0.021070213243130735,0.07890420210928403,0.21794821682766857,0.8161773187338272,1,1.7669478336669142e-26,4.163756558185058e-08
bi0,0.0,10.0,3,3,"JA, no inhibitor",random,1,a,,,400,,,,,,4.959341441174117,7.888609052210118e-31,0.26703537555513246,23.529411764705877,1.6720774160003398e-35,3.044240421520123e-36,0.1820633657502557,0.021070213243130735,0.07890420210928403,0.21794821682766857,0.8161773187338272,1,1.7669478336669142e-26,4.163756558185058e-08
bi0,0.0,10.0,3,3,"JA, no inhibitor",random,1,a,,,600,,,,,,4.959341441174117,7.888609052210118e-31,0.26703537555513246,23.529411764705877,1.6720774160003398e-35,3.044240421520123e-36,0.1820633657502557,0.021070213243130735,0.07890420210928403,0.21794821682766857,0.8161773187338272,1,1.7669478336669142e-26,4.163756558185058e-08
bi0,0.0,10.0,3,3,"JA, no inhibitor",random,1,i,,,50,,,,,,0.0,0.0,nan,nan,nan,nan,nan,nan,nan,nan,nan,nan,0.0,nan
bi0,0.0,10.0,3,3,"JA, no inhibitor",random,1,i,,,100,,,,,,0.0,0.0,nan,nan,nan,nan,nan,nan,nan,nan,nan,nan,0.0,nan
bi0,0.0,10.0,3,3,"JA, no inhibitor",random,1,i,,,200,,,,,,0.0,0.0,nan,nan,nan,nan,nan,nan,nan,nan,nan,nan,0.0,nan
bi0,0.0,10.0,3,3,"JA, no inhibitor",random,1,i,,,400,,,,,,0.0,0.0,nan,nan,nan,nan,nan,nan,nan,nan,nan,nan,0.0,nan
bi0,0.0,10.0,3,3,"JA, no inhibitor",random,1,i,,,600,,,,,,0.0,0.0,nan,nan,nan,nan,nan,nan,nan,nan,nan,nan,0.0,nan
bi0,0.0,10.0,3,3,"JA, no inhibitor",random,2,a,cov10,6,10.01,1,6,10.01,5.477225575051661,1,4.958282272533598,7.762831020645924e-07,0.10995574287564278,57.14285714285713,2.9784452297439998e-05,1.1570680988645058e-05,0.38848056942915715,0.04756139561262593,0.4325503549770628,0.17299738648049023,1.573336525734231,1,0.01848375258037383,0.07408962478113075
bi0,0.0,10.0,3,3,"JA, no inhibitor",random,2,a,cov20,6,10.01,1,6,10.01,5.477225575051661,1,4.958282272533598,7.762831020645924e-07,0.10995574287564278,57.14285714285713,2.9784452297439998e-05,1.1570680988645058e-05,0.38848056942915715,0.04756139561262593,0.4325503549770628,0.17299738648049023,1.573336525734231,1,0.01848375258037383,0.07408962478113075
bi0,0.0,10.0,3,3,"JA, no inhibitor",random,2,a,t600,301,600.01,1,301,600.01,5.477225575051661,1,4.959341441174117,7.888609052210118e-31,0.26703537555513246,23.529411764705877,1.6720774160003398e-35,3.044240421520123e-36,0.1820633657502557,0.021070213243130735,0.07890420210928403,0.21794821682766857,0.8161773187338272,1,1.7669478336669142e-26,4.163756558185058e-08
bi0,0.0,10.0,3,3,"JA, no inhibitor",random,2,i,cov10,6,10.01,1,,,5.477225575051661,0,0.0,0.0,nan,nan,nan,nan,nan,nan,nan,nan,nan,nan,0.0,nan
bi0,0.0,10.0,3,3,"JA, no inhibitor",random,2,i,cov20,6,10.01,1,,,5.477225575051661,0,0.0,0.0,nan,nan,nan,nan,nan,nan,nan,nan,nan,nan,0.0,nan
bi0,0.0,10.0,3,3,"JA, no inhibitor",random,2,i,t600,301,600.01,1,301,600.01,5.477225575051661,0,0.0,0.0,nan,nan,nan,nan,nan,nan,nan,nan,nan,nan,0.0,nan
bi0,0.0,10.0,3,3,"JA, no inhibitor",random,2,a,,,50,,,,,,4.959341441174117,7.888609052210118e-31,0.26703537555513246,23.529411764705877,1.6720774160003398e-35,3.044240421520123e-36,0.1820633657502557,0.021070213243130735,0.07890420210928403,0.21794821682766857,0.8161773187338272,1,1.7669478336669142e-26,4.163756558185058e-08
bi0,0.0,10.0,3,3,"JA, no inhibitor",random,2,a,,,100,,,,,,4.959341441174117,7.888609052210118e-31,0.26703537555513246,23.529411764705877,1.6720774160003398e-35,3.044240421520123e-36,0.1820633657502557,0.021070213243130735,0.07890420210928403,0.21794821682766857,0.8161773187338272,1,1.7669478336669142e-26,4.163756558185058e-08
bi0,0.0,10.0,3,3,"JA, no inhibitor",random,2,a,,,200,,,,,,4.959341441174117,7.888609052210118e-31,0.26703537555513246,23.529411764705877,1.6720774160003398e-35,3.044240421520123e-36,0.1820633657502557,0.021070213243130735,0.07890420210928403,0.21794821682766857,0.8161773187338272,1,1.7669478336669142e-26,4.163756558185058e-08
bi0,0.0,10.0,3,3,"JA, no inhibitor",random,2,a,,,400,,,,,,4.959341441174117,7.888609052210118e-31,0.26703537555513246,23.529411764705877,1.6720774160003398e-35,3.044240421520123e-36,0.1820633657502557,0.021070213243130735,0.07890420210928403,0.21794821682766857,0.8161773187338272,1,1.7669478336669142e-26,4.163756558185058e-08
bi0,0.0,10.0,3,3,"JA, no inhibitor",random,2,a,,,600,,,,,,4.959341441174117,7.888609052210118e-31,0.26703537555513246,23.529411764705877,1.6720774160003398e-35,3.044240421520123e-36,0.1820633657502557,0.021070213243130735,0.07890420210928403,0.21794821682766857,0.8161773187338272,1,1.7669478336669142e-26,4.163756558185058e-08
bi0,0.0,10.0,3,3,"JA, no inhibitor",random,2,i,,,50,,,,,,0.0,0.0,nan,nan,nan,nan,nan,nan,nan,nan,nan,nan,0.0,nan
bi0,0.0,10.0,3,3,"JA, no inhibitor",random,2,i,,,100,,,,,,0.0,0.0,nan,nan,nan,nan,nan,nan,nan,nan,nan,nan,0.0,nan
bi0,0.0,10.0,3,3,"JA, no inhibitor",random,2,i,,,200,,,,,,0.0,0.0,nan,nan,nan,nan,nan,nan,nan,nan,nan,nan,0.0,nan
bi0,0.0,10.0,3,3,"JA, no inhibitor",random,2,i,,,400,,,,,,0.0,0.0,nan,nan,nan,nan,nan,nan,nan,nan,nan,nan,0.0,nan
bi0,0.0,10.0,3,3,"JA, no inhibitor",random,2,i,,,600,,,,,,0.0,0.0,nan,nan,nan,nan,nan,nan,nan,nan,nan,nan,0.0,nan
bi0,0.0,10.0,3,3,"JA, no inhibitor",random,3,a,cov10,6,10.01,1,6,10.01,5.477225575051661,1,4.95827854985931,8.360118998083009e-07,0.2356194490192345,26.666666666666664,2.4238330223354653e-05,1.3688872721331442e-05,0.5647613756883977,0.04746615702498944,0.201452627202751,0.16676722601139077,0.7077820897449638,0,0.02110351334708826,0.09799397105157244
bi0,0.0,10.0,3,3,"JA, no inhibitor",random,3,a,cov20,6,10.01,1,6,10.01,5.477225575051661,1,4.95827854985931,8.360118998083009e-07,0.2356194490192345,26.666666666666664,2.4238330223354653e-05,1.3688872721331442e-05,0.5647613756883977,0.04746615702498944,0.201452627202751,0.16676722601139077,0.7077820897449638,0,0.02110351334708826,0.09799397105157244
bi0,0.0,10.0,3,3,"JA, no inhibitor",random,3,a,t600,301,600.01,1,301,600.01,5.477225575051661,1,4.959341441174117,7.888609052210118e-31,0.26703537555513246,23.529411764705877,1.6720774160003398e-35,3.044240421520123e-36,0.1820633657502557,0.021070213243130735,0.07890420210928403,0.21794821682766857,0.8161773187338272,1,1.7669478336669142e-26,4.163756558185058e-08
bi0,0.0,10.0,3,3,"JA, no inhibitor",random,3,i,cov10,6,10.01,1,,,5.477225575051661,0,0.0,0.0,nan,nan,nan,nan,nan,nan,nan,nan,nan,nan,0.0,nan
bi0,0.0,10.0,3,3,"JA, no inhibitor",random,3,i,cov20,6,10.01,1,,,5.477225575051661,0,0.0,0.0,nan,nan,nan,nan,nan,nan,nan,nan,nan,nan,0.0,nan
bi0,0.0,10.0,3,3,"JA, no inhibitor",random,3,i,t600,301,600.01,1,301,600.01,5.477225575051661,0,0.0,0.0,nan,nan,nan,nan,nan,nan,nan,nan,nan,nan,0.0,nan
bi0,0.0,10.0,3,3,"JA, no inhibitor",random,3,a,,,50,,,,,,4.959341441174117,7.888609052210118e-31,0.26703537555513246,23.529411764705877,1.6720774160003398e-35,3.044240421520123e-36,0.1820633657502557,0.021070213243130735,0.07890420210928403,0.21794821682766857,0.8161773187338272,1,1.7669478336669142e-26,4.163756558185058e-08
bi0,0.0,10.0,3,3,"JA, no inhibitor",random,3,a,,,100,,,,,,4.959341441174117,7.888609052210118e-31,0.26703537555513246,23.529411764705877,1.6720774160003398e-35,3.044240421520123e-36,0.1820633657502557,0.021070213243130735,0.07890420210928403,0.21794821682766857,0.8161773187338272,1,1.7669478336669142e-26,4.163756558185058e-08
bi0,0.0,10.0,3,3,"JA, no inhibitor",random,3,a,,,200,,,,,,4.959341441174117,7.888609052210118e-31,0.26703537555513246,23.529411764705877,1.6720774160003398e-35,3.044240421520123e-36,0.1820633657502557,0.021070213243130735,0.07890420210928403,0.21794821682766857,0.8161773187338272,1,1.7669478336669142e-26,4.163756558185058e-08
bi0,0.0,10.0,3,3,"JA, no inhibitor",random,3,a,,,400,,,,,,4.959341441174117,7.888609052210118e-31,0.26703537555513246,23.529411764705877,1.6720774160003398e-35,3.044240421520123e-36,0.1820633657502557,0.021070213243130735,0.07890420210928403,0.21794821682766857,0.8161773187338272,1,1.7669478336669142e-26,4.163756558185058e-08
bi0,0.0,10.0,3,3,"JA, no inhibitor",random,3,a,,,600,,,,,,4.959341441174117,7.888609052210118e-31,0.26703537555513246,23.529411764705877,1.6720774160003398e-35,3.044240421520123e-36,0.1820633657502557,0.021070213243130735,0.07890420210928403,0.21794821682766857,0.8161773187338272,1,1.7669478336669142e-26,4.163756558185058e-08
bi0,0.0,10.0,3,3,"JA, no inhibitor",random,3,i,,,50,,,,,,0.0,0.0,nan,nan,nan,nan,nan,nan,nan,nan,nan,nan,0.0,nan
bi0,0.0,10.0,3,3,"JA, no inhibitor",random,3,i,,,100,,,,,,0.0,0.0,nan,nan,nan,nan,nan,nan,nan,nan,nan,nan,0.0,nan
bi0,0.0,10.0,3,3,"JA, no inhibitor",random,3,i,,,200,,,,,,0.0,0.0,nan,nan,nan,nan,nan,nan,nan,nan,nan,nan,0.0,nan
bi0,0.0,10.0,3,3,"JA, no inhibitor",random,3,i,,,400,,,,,,0.0,0.0,nan,nan,nan,nan,nan,nan,nan,nan,nan,nan,0.0,nan
bi0,0.0,10.0,3,3,"JA, no inhibitor",random,3,i,,,600,,,,,,0.0,0.0,nan,nan,nan,nan,nan,nan,nan,nan,nan,nan,0.0,nan
bi0,0.0,10.0,3,3,"JA, no inhibitor",seed1,0,a,cov10,26,50.01,1,26,50.01,5.477225575051661,1,1.231649575941871,4.444794828560555,0.17278759594743864,36.36363636363636,222.5987660399538,83.4374748358592,0.3748335011923794,0.02299699721256306,0.13309402845999815,0.11369383744784689,0.6579976810513188,1,400482.5436851144,0.025014408563019817
bi0,0.0,10.0,3,3,"JA, no inhibitor",seed1,0,a,cov20,31,60.01,1,31,60.01,5.477225575051661,1,1.7944745769312633,5.502088545881979,0.20420352248333656,30.769230769230766,45.96302568790801,10.567433288750209,0.2299116111394359,0.026253336580481235,0.12856456275196507,0.1669507135054675,0.8175701940650462,1,291402.27312158543,0.005993758927926244
bi0,0.0,10.0,3,3,"JA, no inhibitor",seed1,0,a,t600,301,600.01,1,301,600.01,5.477225575051661,1,4.959341441174117,7.888609052210118e-31,0.26703537555513246,23.529411764705877,1.6720774160003398e-35,3.044240421520123e-36,0.1820633657502557,0.021070213243130735,0.07890420210928403,0.21794821682766857,0.8161773187338272,1,1.7669478336669142e-26,4.163756558185058e-08
bi0,0.0,10.0,3,3,"JA, no inhibitor",seed1,0,i,cov10,26,50.01,1,,,5.477225575051661,0,0.0,0.0,nan,nan,nan,nan,nan,nan,nan,nan,nan,nan,0.0,nan
bi0,0.0,10.0,3,3,"JA, no inhibitor",seed1,0,i,cov20,31,60.01,1,,,5.477225575051661,0,0.0,0.0,nan,nan,nan,nan,nan,nan,nan,nan,nan,nan,0.0,nan
bi0,0.0,10.0,3,3,"JA, no inhibitor",seed1,0,i,t600,301,600.01,1,301,600.01,5.477225575051661,0,0.0,0.0,nan,nan,nan,nan,nan,nan,nan,nan,nan,nan,0.0,nan
bi0,0.0,10.0,3,3,"JA, no inhibitor",seed1,0,a,,,50,,,,,,1.231649575941871,4.444794828560555,0.17278759594743864,36.36363636363636,222.5987660399538,83.4374748358592,0.3748335011923794,0.02299699721256306,0.13309402845999815,0.11369383744784689,0.6579976810513188,1,400482.5436851144,0.025014408563019817
bi0,0.0,10.0,3,3,"JA, no inhibitor",seed1,0,a,,,100,,,,,,4.523615003035333,1.8534310119273716,0.1413716694115407,44.44444444444444,0.01306441628345415,0.005993200573865252,0.4587423152962091,0.05606015360687537,0.39654446920111824,0.11908293142518894,0.8423394299640898,1,4298.062397693144,0.0001570935970898068
bi0,0.0,10.0,3,3,"JA, no inhibitor",seed1,0,a,,,200,,,,,,4.959341441174117,7.888609052210118e-31,0.26703537555513246,23.529411764705877,1.6720774160003398e-35,3.044240421520123e-36,0.1820633657502557,0.021070213243130735,0.07890420210928403,0.21794821682766857,0.8161773187338272,1,1.7669478336669142e-26,4.163756558185058e-08
bi0,0.0,10.0,3,3,"JA, no inhibitor",seed1,0,a,,,400,,,,,,4.959341441174117,7.888609052210118e-31,0.26703537555513246,23.529411764705877,1.6720774160003398e-35,3.044240421520123e-36,0.1820633657502557,0.021070213243130735,0.07890420210928403,0.21794821682766857,0.8161773187338272,1,1.7669478336669142e-26,4.163756558185058e-08
bi0,0.0,10.0,3,3,"JA, no inhibitor",seed1,0,a,,,600,,,,,,4.959341441174117,7.888609052210118e-31,0.26703537555513246,23.529411764705877,1.6720774160003398e-35,3.044240421520123e-36,0.1820633657502557,0.021070213243130735,0.07890420210928403,0.21794821682766857,0.8161773187338272,1,1.7669478336669142e-26,4.163756558185058e-08
bi0,0.0,10.0,3,3,"JA, no inhibitor",seed1,0,i,,,50,,,,,,0.0,0.0,nan,nan,nan,nan,nan,nan,nan,nan,nan,nan,0.0,nan
bi0,0.0,10.0,3,3,"JA, no inhibitor",seed1,0,i,,,100,,,,,,0.0,0.0,nan,nan,nan,nan,nan,nan,nan,nan,nan,nan,0.0,nan
bi0,0.0,10.0,3,3,"JA, no inhibitor",seed1,0,i,,,200,,,,,,0.0,0.0,nan,nan,nan,nan,nan,nan,nan,nan,nan,nan,0.0,nan
bi0,0.0,10.0,3,3,"JA, no inhibitor",seed1,0,i,,,400,,,,,,0.0,0.0,nan,nan,nan,nan,nan,nan,nan,nan,nan,nan,0.0,nan
bi0,0.0,10.0,3,3,"JA, no inhibitor",seed1,0,i,,,600,,,,,,0.0,0.0,nan,nan,nan,nan,nan,nan,nan,nan,nan,nan,0.0,nan
bi0,0.0,10.0,3,3,"JA, no inhibitor",seed36,1,a,cov10,6,10.01,1,6,10.01,5.477225575051661,14,1.3166226153121774,4.117548931409076,0.1413716694115407,44.44444444444444,922.224826238331,390.19118019724954,0.4230976754212993,0.05575497872883502,0.3943857985190032,0.12493258916340441,0.8837172941611009,1,150964.4122407603,0.3117991514430632
bi0,0.0,10.0,3,3,"JA, no inhibitor",seed36,1,a,cov20,6,10.01,1,6,10.01,5.477225575051661,14,1.3166226153121774,4.117548931409076,0.1413716694115407,44.44444444444444,922.224826238331,390.19118019724954,0.4230976754212993,0.05575497872883502,0.3943857985190032,0.12493258916340441,0.8837172941611009,1,150964.4122407603,0.3117991514430632
bi0,0.0,10.0,3,3,"JA, no inhibitor",seed36,1,a,t600,301,600.01,1,301,600.01,5.477225575051661,1,4.959341441174117,7.888609052210118e-31,0.26703537555513246,23.529411764705877,1.6720774160003398e-35,3.044240421520123e-36,0.1820633657502557,0.021070213243130735,0.07890420210928403,0.21794821682766857,0.8161773187338272,1,1.7669478336669142e-26,4.163756558185058e-08
bi0,0.0,10.0,3,3,"JA, no inhibitor",seed36,1,i,cov10,6,10.01,1,,,5.477225575051661,0,0.0,0.0,nan,nan,nan,nan,nan,nan,nan,nan,nan,nan,0.0,nan
bi0,0.0,10.0,3,3,"JA, no inhibitor",seed36,1,i,cov20,6,10.01,1,,,5.477225575051661,0,0.0,0.0,nan,nan,nan,nan,nan,nan,nan,nan,nan,nan,0.0,nan
bi0,0.0,10.0,3,3,"JA, no inhibitor",seed36,1,i,t600,301,600.01,1,301,600.01,5.477225575051661,0,0.0,0.0,nan,nan,nan,nan,nan,nan,nan,nan,nan,nan,0.0,nan
bi0,0.0,10.0,3,3,"JA, no inhibitor",seed36,1,a,,,50,,,,,,4.958515834589444,0.00064205563093034,3.000220984178253,2.0942408376963346,3.158592742422965e-12,4.2573868448171186e-13,0.13478745732668485,0.027029354568473562,0.009009121231740462,0.23961410918585857,0.07986548672563458,1,0.015304187359746629,1.9854961042520972e-07
bi0,0.0,10.0,3,3,"JA, no inhibitor",seed36,1,a,,,100,,,,,,4.959341441174117,7.888609052210118e-31,0.26703537555513246,23.529411764705877,1.6720774160003398e-35,3.044240421520123e-36,0.1820633657502557,0.021070213243130735,0.07890420210928403,0.21794821682766857,0.8161773187338272,1,1.7669478336669142e-26,4.163756558185058e-08
bi0,0.0,10.0,3,3,"JA, no inhibitor",seed36,1,a,,,200,,,,,,4.959341441174117,7.888609052210118e-31,0.26703537555513246,23.529411764705877,1.6720774160003398e-35,3.044240421520123e-36,0.1820633657502557,0.021070213243130735,0.07890420210928403,0.21794821682766857,0.8161773187338272,1,1.7669478336669142e-26,4.163756558185058e-08
bi0,0.0,10.0,3,3,"JA, no inhibitor",seed36,1,a,,,400,,,,,,4.959341441174117,7.888609052210118e-31,0.26703537555513246,23.529411764705877,1.6720774160003398e-35,3.044240421520123e-36,0.1820633657502557,0.021070213243130735,0.07890420210928403,0.21794821682766857,0.8161773187338272,1,1.7669478336669142e-26,4.163756558185058e-08
bi0,0.0,10.0,3,3,"JA, no inhibitor",seed36,1,a,,,600,,,,,,4.959341441174117,7.888609052210118e-31,0.26703537555513246,23.529411764705877,1.6720774160003398e-35,3.044240421520123e-36,0.1820633657502557,0.021070213243130735,0.07890420210928403,0.21794821682766857,0.8161773187338272,1,1.7669478336669142e-26,4.163756558185058e-08
bi0,0.0,10.0,3,3,"JA, no inhibitor",seed36,1,i,,,50,,,,,,0.0,0.0,nan,nan,nan,nan,nan,nan,nan,nan,nan,nan,0.0,nan
bi0,0.0,10.0,3,3,"JA, no inhibitor",seed36,1,i,,,100,,,,,,0.0,0.0,nan,nan,nan,nan,nan,nan,nan,nan,nan,nan,0.0,nan
bi0,0.0,10.0,3,3,"JA, no inhibitor",seed36,1,i,,,200,,,,,,0.0,0.0,nan,nan,nan,nan,nan,nan,nan,nan,nan,nan,0.0,nan
bi0,0.0,10.0,3,3,"JA, no inhibitor",seed36,1,i,,,400,,,,,,0.0,0.0,nan,nan,nan,nan,nan,nan,nan,nan,nan,nan,0.0,nan
bi0,0.0,10.0,3,3,"JA, no inhibitor",seed36,1,i,,,600,,,,,,0.0,0.0,nan,nan,nan,nan,nan,nan,nan,nan,nan,nan,0.0,nan
bi0,0.0,10.0,3,3,"JA, no inhibitor",seed36,2,a,cov10,6,10.01,1,6,10.01,5.477225575051661,16,1.2623185788260585,4.021159841989154,0.5183627878423159,12.12121212121212,27.67000718880711,11.995219524329567,0.433509808742724,0.09408785153300146,0.18150965644089143,0.539407163693769,1.040597775042939,1,197908.70938204677,0.046016915683348064
bi0,0.0,10.0,3,3,"JA, no inhibitor",seed36,2,a,cov20,6,10.01,1,6,10.01,5.477225575051661,16,1.2623185788260585,4.021159841989154,0.5183627878423159,12.12121212121212,27.67000718880711,11.995219524329567,0.433509808742724,0.09408785153300146,0.18150965644089143,0.539407163693769,1.040597775042939,1,197908.70938204677,0.046016915683348064
bi0,0.0,10.0,3,3,"JA, no inhibitor",seed36,2,a,t600,301,600.01,1,301,600.01,5.477225575051661,1,4.959341441174117,7.888609052210118e-31,0.26703537555513246,23.529411764705877,1.6720774160003398e-35,3.044240421520123e-36,0.1820633657502557,0.021070213243130735,0.07890420210928403,0.21794821682766857,0.8161773187338272,1,1.7669478336669142e-26,4.163756558185058e-08
bi0,0.0,10.0,3,3,"JA, no inhibitor",seed36,2,i,cov10,6,10.01,1,,,5.477225575051661,0,0.0,0.0,nan,nan,nan,nan,nan,nan,nan,nan,nan,nan,0.0,nan
bi0,0.0,10.0,3,3,"JA, no inhibitor",seed36,2,i,cov20,6,10.01,1,,,5.477225575051661,0,0.0,0.0,nan,nan,nan,nan,nan,nan,nan,nan,nan,nan,0.0,nan
bi0,0.0,10.0,3,3,"JA, no inhibitor",seed36,2,i,t600,301,600.01,1,301,600.01,5.477225575051661,0,0.0,0.0,nan,nan,nan,nan,nan,nan,nan,nan,nan,nan,0.0,nan
bi0,0.0,10.0,3,3,"JA, no inhibitor",seed36,2,a,,,50,,,,,,4.95933420157309,1.0049697428323261e-07,0.2984513020910303,21.05263157894737,1.6059830387650542e-15,1.4021503652428856e-17,0.008730791866401598,0.01679811162075741,0.05628426313795687,0.2978060701710317,0.9978380663261378,1,1.1738996802995653e-06,7.661221114558331e-08
bi0,0.0,10.0,3,3,"JA, no inhibitor",seed36,2,a,,,100,,,,,,4.959341441174117,7.888609052210118e-31,0.26703537555513246,23.529411764705877,1.6720774160003398e-35,3.044240421520123e-36,0.1820633657502557,0.021070213243130735,0.07890420210928403,0.21794821682766857,0.8161773187338272,1,1.7669478336669142e-26,4.163756558185058e-08
bi0,0.0,10.0,3,3,"JA, no inhibitor",seed36,2,a,,,200,,,,,,4.959341441174117,7.888609052210118e-31,0.26703537555513246,23.529411764705877,1.6720774160003398e-35,3.044240421520123e-36,0.1820633657502557,0.021070213243130735,0.07890420210928403,0.21794821682766857,0.8161773187338272,1,1.7669478336669142e-26,4.163756558185058e-08
bi0,0.0,10.0,3,3,"JA, no inhibitor",seed36,2,a,,,400,,,,,,4.959341441174117,7.888609052210118e-31,0.26703537555513246,23.529411764705877,1.6720774160003398e-35,3.044240421520123e-36,0.1820633657502557,0.021070213243130735,0.07890420210928403,0.21794821682766857,0.8161773187338272,1,1.7669478336669142e-26,4.163756558185058e-08
bi0,0.0,10.0,3,3,"JA, no inhibitor",seed36,2,a,,,600,,,,,,4.959341441174117,7.888609052210118e-31,0.26703537555513246,23.529411764705877,1.6720774160003398e-35,3.044240421520123e-36,0.1820633657502557,0.021070213243130735,0.07890420210928403,0.21794821682766857,0.8161773187338272,1,1.7669478336669142e-26,4.163756558185058e-08
bi0,0.0,10.0,3,3,"JA, no inhibitor",seed36,2,i,,,50,,,,,,0.0,0.0,nan,nan,nan,nan,nan,nan,nan,nan,nan,nan,0.0,nan
bi0,0.0,10.0,3,3,"JA, no inhibitor",seed36,2,i,,,100,,,,,,0.0,0.0,nan,nan,nan,nan,nan,nan,nan,nan,nan,nan,0.0,nan
bi0,0.0,10.0,3,3,"JA, no inhibitor",seed36,2,i,,,200,,,,,,0.0,0.0,nan,nan,nan,nan,nan,nan,nan,nan,nan,nan,0.0,nan
bi0,0.0,10.0,3,3,"JA, no inhibitor",seed36,2,i,,,400,,,,,,0.0,0.0,nan,nan,nan,nan,nan,nan,nan,nan,nan,nan,0.0,nan
bi0,0.0,10.0,3,3,"JA, no inhibitor",seed36,2,i,,,600,,,,,,0.0,0.0,nan,nan,nan,nan,nan,nan,nan,nan,nan,nan,0.0,nan
bi0,0.0,10.0,3,3,"JA, no inhibitor",seed36,3,a,cov10,6,10.01,1,6,10.01,5.477225575051661,21,1.293427110093819,4.0430717362825845,0.1413716694115407,44.44444444444444,1084.5042953892437,752.1262146056711,0.6935207336691299,0.09169889385897281,0.648636988165092,0.11790747678359316,0.834024789226744,0,162393.2655513705,0.5604237548800147
bi0,0.0,10.0,3,3,"JA, no inhibitor",seed36,3,a,cov20,6,10.01,1,6,10.01,5.477225575051661,21,1.293427110093819,4.0430717362825845,0.1413716694115407,44.44444444444444,1084.5042953892437,752.1262146056711,0.6935207336691299,0.09169889385897281,0.648636988165092,0.11790747678359316,0.834024789226744,0,162393.2655513705,0.5604237548800147
bi0,0.0,10.0,3,3,"JA, no inhibitor",seed36,3,a,t600,301,600.01,1,301,600.01,5.477225575051661,1,4.959341441174117,7.888609052210118e-31,0.26703537555513246,23.529411764705877,1.6720774160003398e-35,3.044240421520123e-36,0.1820633657502557,0.021070213243130735,0.07890420210928403,0.21794821682766857,0.8161773187338272,1,1.7669478336669142e-26,4.163756558185058e-08
bi0,0.0,10.0,3,3,"JA, no inhibitor",seed36,3,i,cov10,6,10.01,1,,,5.477225575051661,0,0.0,0.0,nan,nan,nan,nan,nan,nan,nan,nan,nan,nan,0.0,nan
bi0,0.0,10.0,3,3,"JA, no inhibitor",seed36,3,i,cov20,6,10.01,1,,,5.477225575051661,0,0.0,0.0,nan,nan,nan,nan,nan,nan,nan,nan,nan,nan,0.0,nan
bi0,0.0,10.0,3,3,"JA, no inhibitor",seed36,3,i,t600,301,600.01,1,301,600.01,5.477225575051661,0,0.0,0.0,nan,nan,nan,nan,nan,nan,nan,nan,nan,nan,0.0,nan
bi0,0.0,10.0,3,3,"JA, no inhibitor",seed36,3,a,,,50,,,,,,4.939162520873533,0.08692105933927191,3.000220984178253,2.0942408376963346,6.333006372856362e-11,2.0423669649068946e-11,0.322495643405729,0.06187455610078988,0.02062333289017277,0.30761445969719103,0.10253060068555092,1,9.129529644995777,9.09734444878858e-09
bi0,0.0,10.0,3,3,"JA, no inhibitor",seed36,3,a,,,100,,,,,,4.959341441174117,7.888609052210118e-31,0.26703537555513246,23.529411764705877,1.6720774160003398e-35,3.044240421520123e-36,0.1820633657502557,0.021070213243130735,0.07890420210928403,0.21794821682766857,0.8161773187338272,1,1.7669478336669142e-26,4.163756558185058e-08
bi0,0.0,10.0,3,3,"JA, no inhibitor",seed36,3,a,,,200,,,,,,4.959341441174117,7.888609052210118e-31,0.26703537555513246,23.529411764705877,1.6720774160003398e-35,3.044240421520123e-36,0.1820633657502557,0.021070213243130735,0.07890420210928403,0.21794821682766857,0.8161773187338272,1,1.7669478336669142e-26,4.163756558185058e-08
bi0,0.0,10.0,3,3,"JA, no inhibitor",seed36,3,a,,,400,,,,,,4.959341441174117,7.888609052210118e-31,0.26703537555513246,23.529411764705877,1.6720774160003398e-35,3.044240421520123e-36,0.1820633657502557,0.021070213243130735,0.07890420210928403,0.21794821682766857,0.8161773187338272,1,1.7669478336669142e-26,4.163756558185058e-08
bi0,0.0,10.0,3,3,"JA, no inhibitor",seed36,3,a,,,600,,,,,,4.959341441174117,7.888609052210118e-31,0.26703537555513246,23.529411764705877,1.6720774160003398e-35,3.044240421520123e-36,0.1820633657502557,0.021070213243130735,0.07890420210928403,0.21794821682766857,0.8161773187338272,1,1.7669478336669142e-26,4.163756558185058e-08
bi0,0.0,10.0,3,3,"JA, no inhibitor",seed36,3,i,,,50,,,,,,0.0,0.0,nan,nan,nan,nan,nan,nan,nan,nan,nan,nan,0.0,nan
bi0,0.0,10.0,3,3,"JA, no inhibitor",seed36,3,i,,,100,,,,,,0.0,0.0,nan,nan,nan,nan,nan,nan,nan,nan,nan,nan,0.0,nan
bi0,0.0,10.0,3,3,"JA, no inhibitor",seed36,3,i,,,200,,,,,,0.0,0.0,nan,nan,nan,nan,nan,nan,nan,nan,nan,nan,0.0,nan
bi0,0.0,10.0,3,3,"JA, no inhibitor",seed36,3,i,,,400,,,,,,0.0,0.0,nan,nan,nan,nan,nan,nan,nan,nan,nan,nan,0.0,nan
bi0,0.0,10.0,3,3,"JA, no inhibitor",seed36,3,i,,,600,,,,,,0.0,0.0,nan,nan,nan,nan,nan,nan,nan,nan,nan,nan,0.0,nan
bi0,0.0,10.0,3,3,"JA, no inhibitor",smallpert,1,a,cov10,6,10.01,1,6,10.01,5.477225575051661,1,4.959341416127665,3.8232843153120954e-11,0.3612831551628263,17.391304347826082,9.573954484592967e-11,6.584099874447651e-11,0.6877095441641397,0.18099962046445137,0.5009910312117288,0.293147940210046,0.8114077172458469,0,1.137836859583056e-06,0.02697899250427291
bi0,0.0,10.0,3,3,"JA, no inhibitor",smallpert,1,a,cov20,6,10.01,1,6,10.01,5.477225575051661,1,4.959341416127665,3.8232843153120954e-11,0.3612831551628263,17.391304347826082,9.573954484592967e-11,6.584099874447651e-11,0.6877095441641397,0.18099962046445137,0.5009910312117288,0.293147940210046,0.8114077172458469,0,1.137836859583056e-06,0.02697899250427291
bi0,0.0,10.0,3,3,"JA, no inhibitor",smallpert,1,a,t600,301,600.01,1,301,600.01,5.477225575051661,1,4.95934144117416,1.898627350128401e-27,0.39269908169872414,16.0,5.8069636299136326e-27,3.4636287483711344e-27,0.5964612436228827,0.166059507678764,0.42286706391170953,0.44564644454645175,1.1348293523343362,0,5.804204010783165e-23,0.03236575771381223
bi0,0.0,10.0,3,3,"JA, no inhibitor",smallpert,1,i,cov10,6,10.01,1,6,10.01,5.477225575051661,1,6.620267246248085e-15,7.400297445665796e-36,0.48694686130641796,12.903225806451612,6.403484750210994e-41,4.0102733084224296e-41,0.6262642084515453,0.046516163222151276,0.09552615884483615,0.0778275787229733,0.1598276627436751,0,1.9496750566335117e-31,5.7580155136850696e-08
bi0,0.0,10.0,3,3,"JA, no inhibitor",smallpert,1,i,cov20,6,10.01,1,6,10.01,5.477225575051661,1,6.620267246248085e-15,7.400297445665796e-36,0.48694686130641796,12.903225806451612,6.403484750210994e-41,4.0102733084224296e-41,0.6262642084515453,0.046516163222151276,0.09552615884483615,0.0778275787229733,0.1598276627436751,0,1.9496750566335117e-31,5.7580155136850696e-08
bi0,0.0,10.0,3,3,"JA, no inhibitor",smallpert,1,i,t600,301,600.01,1,301,600.01,5.477225575051661,1,2.413456742418074e-143,6.362938689558313e-296,0.6440264939859076,9.75609756097561,1.521287860144382e-301,1.865302936726971e-302,0.12261341101807907,0.019967197415033295,0.031003689446773303,0.5999974449994904,0.9316347240407462,1,8.375840690953693e-292,1.997908876139669e-08
bi0,0.0,10.0,3,3,"JA, no inhibitor",smallpert,1,a,,,50,,,,,,4.95934144117416,1.898627350128401e-27,0.39269908169872414,16.0,5.8069636299136326e-27,3.4636287483711344e-27,0.5964612436228827,0.166059507678764,0.42286706391170953,0.44564644454645175,1.1348293523343362,0,5.804204010783165e-23,0.03236575771381223
bi0,0.0,10.0,3,3,"JA, no inhibitor",smallpert,1,a,,,100,,,,,,4.95934144117416,1.898627350128401e-27,0.39269908169872414,16.0,5.8069636299136326e-27,3.4636287483711344e-27,0.5964612436228827,0.166059507678764,0.42286706391170953,0.44564644454645175,1.1348293523343362,0,5.804204010783165e-23,0.03236575771381223
bi0,0.0,10.0,3,3,"JA, no inhibitor",smallpert,1,a,,,200,,,,,,4.95934144117416,1.898627350128401e-27,0.39269908169872414,16.0,5.8069636299136326e-27,3.4636287483711344e-27,0.5964612436228827,0.166059507678764,0.42286706391170953,0.44564644454645175,1.1348293523343362,0,5.804204010783165e-23,0.03236575771381223
bi0,0.0,10.0,3,3,"JA, no inhibitor",smallpert,1,a,,,400,,,,,,4.95934144117416,1.898627350128401e-27,0.39269908169872414,16.0,5.8069636299136326e-27,3.4636287483711344e-27,0.5964612436228827,0.166059507678764,0.42286706391170953,0.44564644454645175,1.1348293523343362,0,5.804204010783165e-23,0.03236575771381223
bi0,0.0,10.0,3,3,"JA, no inhibitor",smallpert,1,a,,,600,,,,,,4.95934144117416,1.898627350128401e-27,0.39269908169872414,16.0,5.8069636299136326e-27,3.4636287483711344e-27,0.5964612436228827,0.166059507678764,0.42286706391170953,0.44564644454645175,1.1348293523343362,0,5.804204010783165e-23,0.03236575771381223
bi0,0.0,10.0,3,3,"JA, no inhibitor",smallpert,1,i,,,50,,,,,,1.2977723120286157e-23,4.422208198575272e-54,0.7382742735936014,8.51063829787234,2.479421213775268e-60,1.3888610073778035e-60,0.56015532966384,0.039934574556534506,0.054091786731440855,0.07785018339534189,0.10544886389769577,0,3.8237973333847776e-50,1.7726941366916265e-08
bi0,0.0,10.0,3,3,"JA, no inhibitor",smallpert,1,i,,,100,,,,,,1.6927866793490415e-34,3.5189519669421395e-76,0.26703537555513246,23.529411764705877,4.4943226992080136e-79,2.8179832706476005e-80,0.06270095538854349,0.01722991022552027,0.06452295015108574,0.21276866555228635,0.7967808201814739,1,3.001483515669349e-72,1.1360249877700343e-05
bi0,0.0,10.0,3,3,"JA, no inhibitor",smallpert,1,i,,,200,,,,,,2.880114078842244e-56,3.3744225298329254e-120,0.26703537555513246,23.529411764705877,5.560299781561166e-123,1.7404918166808455e-123,0.31302121918904297,0.02328474238172289,0.08719721996876587,0.2127008802904361,0.7965269764287152,1,3.859308518617286e-116,6.339301178138143e-06
bi0,0.0,10.0,3,3,"JA, no inhibitor",smallpert,1,i,,,400,,,,,,8.337284175626399e-100,4.306516015688435e-208,0.26703537555513246,23.529411764705877,7.313585610151549e-211,1.1392239294243014e-211,0.15576818132039272,0.01949081056465691,0.07298961991136194,0.21278066843757948,0.7968257688526684,1,5.5759165072932314e-204,5.7712084896852485e-06
bi0,0.0,10.0,3,3,"JA, no inhibitor",smallpert,1,i,,,600,,,,,,2.413456742418074e-143,6.362938689558313e-296,0.6440264939859076,9.75609756097561,1.521287860144382e-301,1.865302936726971e-302,0.12261341101807907,0.019967197415033295,0.031003689446773303,0.5999974449994904,0.9316347240407462,1,8.375840690953693e-292,1.997908876139669e-08
bi0,0.0,10.0,3,3,"JA, no inhibitor",smallpert,2,a,cov10,6,10.01,1,6,10.01,5.477225575051661,1,4.959341449231731,3.845874623412625e-11,0.10995574287564278,57.14285714285713,1.0440847868780304e-10,4.8439805988491256e-11,0.46394513738039916,0.03353441781561684,0.3049810490893908,0.2597888721815761,2.3626676095980805,1,1.135891112526744e-06,0.0029586978034662056
bi0,0.0,10.0,3,3,"JA, no inhibitor",smallpert,2,a,cov20,6,10.01,1,6,10.01,5.477225575051661,1,4.959341449231731,3.845874623412625e-11,0.10995574287564278,57.14285714285713,1.0440847868780304e-10,4.8439805988491256e-11,0.46394513738039916,0.03353441781561684,0.3049810490893908,0.2597888721815761,2.3626676095980805,1,1.135891112526744e-06,0.0029586978034662056
bi0,0.0,10.0,3,3,"JA, no inhibitor",smallpert,2,a,t600,301,600.01,1,301,600.01,5.477225575051661,1,4.95934144117416,1.8997705476307247e-27,0.10995574287564278,57.14285714285713,7.758561838487854e-27,4.817034484168691e-27,0.62086693184204,0.05053556075955807,0.45959910267454185,0.07983415781905204,0.7260571911131781,0,5.857564340638338e-23,0.005383595247710462
bi0,0.0,10.0,3,3,"JA, no inhibitor",smallpert,2,i,cov10,6,10.01,1,6,10.01,5.477225575051661,1,6.619403961555323e-15,8.998366961256007e-36,0.6440264939859076,9.75609756097561,2.3936649824568045e-41,4.2802968663293923e-44,0.0017881770831339107,0.015761718532193256,0.024473711375821362,0.5955481658227827,0.924726189658611,1,2.0837445326212077e-31,2.4790847277857963e-08
bi0,0.0,10.0,3,3,"JA, no inhibitor",smallpert,2,i,cov20,6,10.01,1,6,10.01,5.477225575051661,1,6.619403961555323e-15,8.998366961256007e-36,0.6440264939859076,9.75609756097561,2.3936649824568045e-41,4.2802968663293923e-44,0.0017881770831339107,0.015761718532193256,0.024473711375821362,0.5955481658227827,0.924726189658611,1,2.0837445326212077e-31,2.4790847277857963e-08
bi0,0.0,10.0,3,3,"JA, no inhibitor",smallpert,2,i,t600,301,600.01,1,301,600.01,5.477225575051661,1,2.4131420269866754e-143,9.67761711124128e-296,0.6440264939859076,9.75609756097561,2.255964839777462e-301,5.427325173288154e-302,0.2405766737846645,0.023537412092219726,0.03654727299578263,0.5981291409047171,0.9287337500711659,1,1.2776590517827869e-291,1.942271938896806e-08
bi0,0.0,10.0,3,3,"JA, no inhibitor",smallpert,2,a,,,50,,,,,,4.95934144117416,1.8997705476307247e-27,0.10995574287564278,57.14285714285713,7.758561838487854e-27,4.817034484168691e-27,0.62086693184204,0.05053556075955807,0.45959910267454185,0.07983415781905204,0.7260571911131781,0,5.857564340638338e-23,0.005383595247710462
bi0,0.0,10.0,3,3,"JA, no inhibitor",smallpert,2,a,,,100,,,,,,4.95934144117416,1.8997705476307247e-27,0.10995574287564278,57.14285714285713,7.758561838487854e-27,4.817034484168691e-27,0.62086693184204,0.05053556075955807,0.45959910267454185,0.07983415781905204,0.7260571911131781,0,5.857564340638338e-23,0.005383595247710462
bi0,0.0,10.0,3,3,"JA, no inhibitor",smallpert,2,a,,,200,,,,,,4.95934144117416,1.8997705476307247e-27,0.10995574287564278,57.14285714285713,7.758561838487854e-27,4.817034484168691e-27,0.62086693184204,0.05053556075955807,0.45959910267454185,0.07983415781905204,0.7260571911131781,0,5.857564340638338e-23,0.005383595247710462
bi0,0.0,10.0,3,3,"JA, no inhibitor",smallpert,2,a,,,400,,,,,,4.95934144117416,1.8997705476307247e-27,0.10995574287564278,57.14285714285713,7.758561838487854e-27,4.817034484168691e-27,0.62086693184204,0.05053556075955807,0.45959910267454185,0.07983415781905204,0.7260571911131781,0,5.857564340638338e-23,0.005383595247710462
bi0,0.0,10.0,3,3,"JA, no inhibitor",smallpert,2,a,,,600,,,,,,4.95934144117416,1.8997705476307247e-27,0.10995574287564278,57.14285714285713,7.758561838487854e-27,4.817034484168691e-27,0.62086693184204,0.05053556075955807,0.45959910267454185,0.07983415781905204,0.7260571911131781,0,5.857564340638338e-23,0.005383595247710462
bi0,0.0,10.0,3,3,"JA, no inhibitor",smallpert,2,i,,,50,,,,,,1.2976030821576763e-23,5.864218881846891e-54,0.5183627878423159,12.12121212121212,4.924553626968482e-59,3.218711567845806e-60,0.06536047348980176,0.01843752277635958,0.03556876228153979,0.5022216679632341,0.9688613452630942,1,6.434131863628836e-50,6.735340965312638e-08
bi0,0.0,10.0,3,3,"JA, no inhibitor",smallpert,2,i,,,100,,,,,,1.692565939494586e-34,4.0073699367373504e-76,0.6440264939859076,9.75609756097561,8.224482540082298e-82,1.5505521613136294e-82,0.18852884102519035,0.021903779617583528,0.03401068096130657,0.5986233128982836,0.9295010663200799,1,4.51225119066574e-72,2.0049705594416914e-08
bi0,0.0,10.0,3,3,"JA, no inhibitor",smallpert,2,i,,,200,,,,,,2.8797385111642047e-56,4.155053445989339e-120,0.26703537555513246,23.529411764705877,6.593862116868044e-123,2.5882353603783895e-124,0.03925219112115361,0.0166632918177901,0.06240106496433007,0.21283378142806747,0.7970246675580462,1,5.218048490089286e-116,5.560123362081473e-06
bi0,0.0,10.0,3,3,"JA, no inhibitor",smallpert,2,i,,,400,,,,,,8.336196991447827e-100,6.113679200444282e-208,0.6440264939859076,9.75609756097561,1.465751751626906e-213,1.554906957075395e-214,0.10608255834247045,0.01942865843393101,0.03016748319418695,0.6002369654938287,0.9320066349738756,1,8.041972656226417e-204,2.0048898394864208e-08
bi0,0.0,10.0,3,3,"JA, no inhibitor",smallpert,2,i,,,600,,,,,,2.4131420269866754e-143,9.67761711124128e-296,0.6440264939859076,9.75609756097561,2.255964839777462e-301,5.427325173288154e-302,0.2405766737846645,0.023537412092219726,0.03654727299578263,0.5981291409047171,0.9287337500711659,1,1.2776590517827869e-291,1.942271938896806e-08
bi0,0.0,10.0,3,3,"JA, no inhibitor",smallpert,3,a,cov10,6,10.01,1,6,10.01,5.477225575051661,1,4.959341456219228,3.834843238426355e-11,0.2356194490192345,26.666666666666664,8.723394291078277e-11,5.4386697170465076e-11,0.6234579723868297,0.05827453650625354,0.24732481443624957,0.13659564998580492,0.5797299440024329,0,1.1440935526028766e-06,0.00666311571436462
bi0,0.0,10.0,3,3,"JA, no inhibitor",smallpert,3,a,cov20,6,10.01,1,6,10.01,5.477225575051661,1,4.959341456219228,3.834843238426355e-11,0.2356194490192345,26.666666666666664,8.723394291078277e-11,5.4386697170465076e-11,0.6234579723868297,0.05827453650625354,0.24732481443624957,0.13659564998580492,0.5797299440024329,0,1.1440935526028766e-06,0.00666311571436462
bi0,0.0,10.0,3,3,"JA, no inhibitor",smallpert,3,a,t600,301,600.01,1,301,600.01,5.477225575051661,1,4.9593414411741605,1.8996584504960928e-27,0.48694686130641796,12.903225806451612,4.284482633188768e-27,2.1034287578726455e-27,0.4909411329104042,0.18588375727232814,0.38173314594045255,1.7889666432784745,3.6738436684423825,1,5.879627897405047e-23,0.0308623901326486
bi0,0.0,10.0,3,3,"JA, no inhibitor",smallpert,3,i,cov10,6,10.01,1,6,10.01,5.477225575051661,1,6.622240390449879e-15,1.8555544726131727e-35,0.48694686130641796,12.903225806451612,8.675092763041e-40,2.7356410181222315e-40,0.31534429577249495,0.0331393848322079,0.06805544396219959,0.463626581089848,0.9521091887644485,1,2.083294335531857e-31,8.309505712341301e-07
bi0,0.0,10.0,3,3,"JA, no inhibitor",smallpert,3,i,cov20,6,10.01,1,6,10.01,5.477225575051661,1,6.622240390449879e-15,1.8555544726131727e-35,0.48694686130641796,12.903225806451612,8.675092763041e-40,2.7356410181222315e-40,0.31534429577249495,0.0331393848322079,0.06805544396219959,0.463626581089848,0.9521091887644485,1,2.083294335531857e-31,8.309505712341301e-07
bi0,0.0,10.0,3,3,"JA, no inhibitor",smallpert,3,i,t600,301,600.01,1,301,600.01,5.477225575051661,1,2.4141760635573053e-143,1.5222567343412576e-295,0.26703537555513246,23.529411764705877,3.118427232143056e-298,2.0721175561620774e-298,0.664475199165725,0.031690336052037096,0.11867467366882359,0.047692278194619686,0.17859910169382437,0,2.0089307009817605e-291,9.8458580794064e-06
bi0,0.0,10.0,3,3,"JA, no inhibitor",smallpert,3,a,,,50,,,,,,4.9593414411741605,1.8996584504960928e-27,0.48694686130641796,12.903225806451612,4.284482633188768e-27,2.1034287578726455e-27,0.4909411329104042,0.18588375727232814,0.38173314594045255,1.7889666432784745,3.6738436684423825,1,5.879627897405047e-23,0.0308623901326486
bi0,0.0,10.0,3,3,"JA, no inhibitor",smallpert,3,a,,,100,,,,,,4.9593414411741605,1.8996584504960928e-27,0.48694686130641796,12.903225806451612,4.284482633188768e-27,2.1034287578726455e-27,0.4909411329104042,0.18588375727232814,0.38173314594045255,1.7889666432784745,3.6738436684423825,1,5.879627897405047e-23,0.0308623901326486
bi0,0.0,10.0,3,3,"JA, no inhibitor",smallpert,3,a,,,200,,,,,,4.9593414411741605,1.8996584504960928e-27,0.48694686130641796,12.903225806451612,4.284482633188768e-27,2.1034287578726455e-27,0.4909411329104042,0.18588375727232814,0.38173314594045255,1.7889666432784745,3.6738436684423825,1,5.879627897405047e-23,0.0308623901326486
bi0,0.0,10.0,3,3,"JA, no inhibitor",smallpert,3,a,,,400,,,,,,4.9593414411741605,1.8996584504960928e-27,0.48694686130641796,12.903225806451612,4.284482633188768e-27,2.1034287578726455e-27,0.4909411329104042,0.18588375727232814,0.38173314594045255,1.7889666432784745,3.6738436684423825,1,5.879627897405047e-23,0.0308623901326486
bi0,0.0,10.0,3,3,"JA, no inhibitor",smallpert,3,a,,,600,,,,,,4.9593414411741605,1.8996584504960928e-27,0.48694686130641796,12.903225806451612,4.284482633188768e-27,2.1034287578726455e-27,0.4909411329104042,0.18588375727232814,0.38173314594045255,1.7889666432784745,3.6738436684423825,1,5.879627897405047e-23,0.0308623901326486
bi0,0.0,10.0,3,3,"JA, no inhibitor",smallpert,3,i,,,50,,,,,,1.2981591078810306e-23,1.40040611387261e-53,0.26703537555513246,23.529411764705877,5.783044162307493e-56,2.1200087452154933e-56,0.3665904471270004,0.024470480390349436,0.09163759797546835,0.21239830188386966,0.7953938740974701,1,1.71713276893134e-49,1.4818536326686578e-05
bi0,0.0,10.0,3,3,"JA, no inhibitor",smallpert,3,i,,,100,,,,,,1.693291207655376e-34,9.835736227313728e-76,0.26703537555513246,23.529411764705877,2.9352704691859206e-78,1.9558176621356226e-78,0.6663159946136264,0.031695208489303406,0.11869292008001979,0.047567833798860454,0.1781330795591146,0,1.6062075894838099e-71,1.1574753494985529e-05
bi0,0.0,10.0,3,3,"JA, no inhibitor",smallpert,3,i,,,200,,,,,,2.8809724853360905e-56,9.830456616417762e-120,0.26703537555513246,23.529411764705877,2.3173748692476965e-122,1.9308557142111337e-122,0.8332081873477635,0.03568264588765914,0.13362516413220335,0.04282560640845684,0.16037428119562014,0,1.388072784483655e-115,1.0569069615302926e-05
bi0,0.0,10.0,3,3,"JA, no inhibitor",smallpert,3,i,,,400,,,,,,8.339769069863737e-100,1.2001534452669289e-207,0.26703537555513246,23.529411764705877,2.5831194546507783e-210,2.0250150196600576e-210,0.7839416857064503,0.034521168047084834,0.1292756361411657,0.0440353774732313,0.1649046587242884,0,1.5874497884689272e-203,1.0307642492697359e-05
bi0,0.0,10.0,3,3,"JA, no inhibitor",smallpert,3,i,,,600,,,,,,2.4141760635573053e-143,1.5222567343412576e-295,0.26703537555513246,23.529411764705877,3.118427232143056e-298,2.0721175561620774e-298,0.664475199165725,0.031690336052037096,0.11867467366882359,0.047692278194619686,0.17859910169382437,0,2.0089307009817605e-291,9.8458580794064e-06
bi12,12.0,10.0,3,3,arrests; Fig 1C irregular spots,nucl,1,a,t600,301,600.01,1,301,600.01,5.477225575051661,231,0.2930236720572502,0.5315842241526307,0.5183627878423159,12.12121212121212,13.81915988260165,13.683144369547948,0.9901574687456257,0.197162912024724,0.3803569944621492,0.19837721650295786,0.38269957094856794,0,20582.262736621517,0.34891130716004237
bi12,12.0,10.0,3,3,arrests; Fig 1C irregular spots,nucl,1,i,t600,301,600.01,1,301,600.01,5.477225575051661,128,1.2159634377561324,0.06623227092093181,0.5183627878423159,12.12121212121212,4.127178403357174,3.854411213563151,0.9339095228904701,0.15726951569409414,0.3033966160046484,0.16963528395511057,0.32725204805155306,0,2539.5011730407905,0.6196760663494641
bi12,12.0,10.0,3,3,arrests; Fig 1C irregular spots,nucl,1,a,,,50,,,,,,0.2819684413635503,0.49957787856779395,0.48694686130641796,12.903225806451612,10.585976461544522,10.347696258759651,0.9774909566774055,0.3217889730948606,0.660829750974348,0.325538712094993,0.6685302606153227,0,19458.54549680728,0.4047574916910203
bi12,12.0,10.0,3,3,arrests; Fig 1C irregular spots,nucl,1,a,,,100,,,,,,0.2864335592763302,0.5195046595700991,0.48694686130641796,12.903225806451612,12.586675288645877,12.441513091622276,0.988466994365498,0.22246031857206502,0.4568472173231215,0.22769737029022374,0.46760209046083584,0,20342.065082977206,0.3137622654079391
bi12,12.0,10.0,3,3,arrests; Fig 1C irregular spots,nucl,1,a,,,200,,,,,,0.284921304786679,0.5211378366501457,0.48694686130641796,12.903225806451612,11.736501677813918,11.593893582738659,0.987849182065484,0.25803787918699783,0.5299097287427097,0.26050858221973633,0.534983594556548,0,20391.964395981384,0.3715315284049684
bi12,12.0,10.0,3,3,arrests; Fig 1C irregular spots,nucl,1,a,,,400,,,,,,0.28714449546950255,0.5267207556208018,0.5183627878423159,12.12121212121212,12.215651643738676,12.097638759183507,0.9903392067818455,0.22191913589769519,0.4281154841793971,0.22337529493420416,0.43092463458652847,0,20102.020110726327,0.36087430141468785
bi12,12.0,10.0,3,3,arrests; Fig 1C irregular spots,nucl,1,a,,,600,,,,,,0.2930236720572502,0.5315842241526307,0.5183627878423159,12.12121212121212,13.81915988260165,13.683144369547948,0.9901574687456257,0.197162912024724,0.3803569944621492,0.19837721650295786,0.38269957094856794,0,20582.262736621517,0.34891130716004237
bi12,12.0,10.0,3,3,arrests; Fig 1C irregular spots,nucl,1,i,,,50,,,,,,1.180614715436382,0.07642602192790084,0.4555309347705201,13.79310344827586,4.464462915539198,3.378872732125055,0.7568374507859407,0.08776416737279562,0.19266346294792913,0.13311475030583092,0.2922189035809155,0,2864.2534696031853,0.37863826457804683
bi12,12.0,10.0,3,3,arrests; Fig 1C irregular spots,nucl,1,i,,,100,,,,,,1.1922878346201555,0.07277806028278387,0.48694686130641796,12.903225806451612,4.636396346125659,4.115333650751797,0.8876147213321655,0.12706830579902378,0.26094901907389917,0.1428802058488795,0.29342052943015107,0,2785.7951005121063,0.5172639281273492
bi12,12.0,10.0,3,3,arrests; Fig 1C irregular spots,nucl,1,i,,,200,,,,,,1.1951692232559692,0.07165861152627372,0.4555309347705201,13.79310344827586,4.316291228327145,3.750589426645586,0.8689379905672382,0.13602905047116204,0.2986164936080324,0.15981189396577555,0.35082555709697955,0,2741.0784854032618,0.5151477880358233
bi12,12.0,10.0,3,3,arrests; Fig 1C irregular spots,nucl,1,i,,,400,,,,,,1.202666603147195,0.06909056731271457,0.48694686130641796,12.903225806451612,4.125236508015926,3.785224699385648,0.917577620587429,0.1691039271027981,0.3472738825117658,0.18576093866120535,0.38148092414608,0,2612.289065239541,0.6219050378247426
bi12,12.0,10.0,3,3,arrests; Fig 1C irregular spots,nucl,1,i,,,600,,,,,,1.2159634377561324,0.06623227092093181,0.5183627878423159,12.12121212121212,4.127178403357174,3.854411213563151,0.9339095228904701,0.15726951569409414,0.3033966160046484,0.16963528395511057,0.32725204805155306,0,2539.5011730407905,0.6196760663494641
bi12,12.0,10.0,3,3,arrests; Fig 1C irregular spots,nucl,2,a,t600,301,600.01,1,301,600.01,5.477225575051661,229,0.28967941697595906,0.5310514728793215,0.5497787143782138,11.428571428571429,14.131435811053949,13.99184874552182,0.9901222305080323,0.1916472211844432,0.3485897437866278,0.1953711040033504,0.3553631650223314,0,21020.964424762373,0.34739222537943154
bi12,12.0,10.0,3,3,arrests; Fig 1C irregular spots,nucl,2,i,t600,301,600.01,1,301,600.01,5.477225575051661,136,1.2072456395530933,0.06860768585819207,0.5183627878423159,12.12121212121212,3.8229123267733964,3.4968810148123595,0.9147165082291561,0.17441816386710723,0.33647894478136153,0.19218749600247248,0.3707586665363317,0,2583.7142533995875,0.6721586504959867
bi12,12.0,10.0,3,3,arrests; Fig 1C irregular spots,nucl,2,a,,,50,,,,,,0.2807396291147714,0.5005904443283203,0.4555309347705201,13.79310344827586,8.067158620977702,7.873537420188616,0.9759988355397405,0.4309547481768627,0.9460493575347677,0.4346023075334614,0.9540566279047509,0,19807.129922096072,0.4801603516682096
bi12,12.0,10.0,3,3,arrests; Fig 1C irregular spots,nucl,2,a,,,100,,,,,,0.28547759200485034,0.5196570073152489,0.4555309347705201,13.79310344827586,8.932991232222918,8.742742308130573,0.9787026630669823,0.3303942411004625,0.7252948502101249,0.333309256627877,0.7316940106291269,0,20093.073812314284,0.4044083283040212
bi12,12.0,10.0,3,3,arrests; Fig 1C irregular spots,nucl,2,a,,,200,,,,,,0.2889292713787374,0.5259669255948093,0.5497787143782138,11.428571428571429,10.99060141429264,10.698548256978267,0.9734270085589153,0.299253303005803,0.5443159132565747,0.30298451035705876,0.5511026571840395,0,20691.242858673984,0.389291106127476
bi12,12.0,10.0,3,3,arrests; Fig 1C irregular spots,nucl,2,a,,,400,,,,,,0.28617901776280663,0.5227848093294195,0.5497787143782138,11.428571428571429,13.311119612205092,13.220460072734928,0.9931891875280696,0.23872985935255,0.434228996338186,0.23986568066347158,0.4362949572079264,0,20028.645867283754,0.4031412093972491
bi12,12.0,10.0,3,3,arrests; Fig 1C irregular spots,nucl,2,a,,,600,,,,,,0.28967941697595906,0.5310514728793215,0.5497787143782138,11.428571428571429,14.131435811053949,13.99184874552182,0.9901222305080323,0.1916472211844432,0.3485897437866278,0.1953711040033504,0.3553631650223314,0,21020.964424762373,0.34739222537943154
bi12,12.0,10.0,3,3,arrests; Fig 1C irregular spots,nucl,2,i,,,50,,,,,,1.170503075429518,0.07759088783066403,0.4555309347705201,13.79310344827586,3.841016510166285,2.7474638833678786,0.7152960358530028,0.14103931706851508,0.3096152342311627,0.23061029764535512,0.5062450868710556,0,2903.4620929538123,0.41152175265070684
bi12,12.0,10.0,3,3,arrests; Fig 1C irregular spots,nucl,2,i,,,100,,,,,,1.1857758980601338,0.07644694946066038,0.4555309347705201,13.79310344827586,4.113692625144417,3.580807008884152,0.8704605169080768,0.1728224706597578,0.3793869032117862,0.24428982966841795,0.5362749508800808,0,2957.229708977052,0.4763307938025191
bi12,12.0,10.0,3,3,arrests; Fig 1C irregular spots,nucl,2,i,,,200,,,,,,1.1989218089055766,0.0729230134889954,0.4555309347705201,13.79310344827586,4.103580403207698,3.343064499762849,0.8146701590517473,0.08646387023177676,0.18980899787922004,0.18553479213875573,0.4072935073711765,0,2815.291050684522,0.31057906422100995
bi12,12.0,10.0,3,3,arrests; Fig 1C irregular spots,nucl,2,i,,,400,,,,,,1.2061340840543948,0.07077918998279924,0.5183627878423159,12.12121212121212,3.4111681919797756,3.1352630472366014,0.9191171090912863,0.19422244292984767,0.3746843860808338,0.20556792735167345,0.3965715367172662,0,2551.7734455164637,0.6817406027683884
bi12,12.0,10.0,3,3,arrests; Fig 1C irregular spots,nucl,2,i,,,600,,,,,,1.2072456395530933,0.06860768585819207,0.5183627878423159,12.12121212121212,3.8229123267733964,3.4968810148123595,0.9147165082291561,0.17441816386710723,0.33647894478136153,0.19218749600247248,0.3707586665363317,0,2583.7142533995875,0.6721586504959867
bi12,12.0,10.0,3,3,arrests; Fig 1C irregular spots,nucl,3,a,t600,301,600.01,1,301,600.01,5.477225575051661,228,0.2919674140894836,0.5382676529334417,0.5497787143782138,11.428571428571429,15.23243721915884,15.095258504664717,0.9909943029785421,0.17863632826414255,0.32492405324599705,0.1798850563236306,0.3271953817402265,0,21075.551202075374,0.3522875885645743
bi12,12.0,10.0,3,3,arrests; Fig 1C irregular spots,nucl,3,i,t600,301,600.01,1,301,600.01,5.477225575051661,157,1.2105728051845834,0.06837617748848394,0.5183627878423159,12.12121212121212,4.3592446518438726,4.076750974377925,0.935196645284302,0.15405802371486552,0.2972011636022943,0.16014218746046888,0.308938433113728,0,2684.261622665589,0.6097417627186712
bi12,12.0,10.0,3,3,arrests; Fig 1C irregular spots,nucl,3,a,,,50,,,,,,0.28261087133183066,0.5122628757013047,0.48694686130641796,12.903225806451612,10.027790373517984,9.773593156304555,0.974650724861109,0.3873115682091522,0.7953877496407787,0.3926597912799425,0.8063709256210935,0,20026.132724458013,0.4303784679284426
bi12,12.0,10.0,3,3,arrests; Fig 1C irregular spots,nucl,3,a,,,100,,,,,,0.28852135281660446,0.5215493823750942,0.48694686130641796,12.903225806451612,11.54416818531905,11.38590284665597,0.9862904510639104,0.2448727367819147,0.5028736320939652,0.2485667079194699,0.5104596161737162,0,20116.37223216282,0.348313697954594
bi12,12.0,10.0,3,3,arrests; Fig 1C irregular spots,nucl,3,a,,,200,,,,,,0.28900929460724145,0.5279839944096526,0.5183627878423159,12.12121212121212,13.675594567540964,13.587240902870233,0.9935393182187165,0.20477738918441243,0.39504646935941895,0.20574043054712188,0.3969043213991421,0,20388.922804740956,0.3427497319957329
bi12,12.0,10.0,3,3,arrests; Fig 1C irregular spots,nucl,3,a,,,400,,,,,,0.28810309283018837,0.5279553521378195,0.5497787143782138,11.428571428571429,14.822267482943348,14.702315493743527,0.9919073117970746,0.17788755117157287,0.3235620923824949,0.17901730194011983,0.3256170114599362,0,20669.308792365366,0.3504652089279054
bi12,12.0,10.0,3,3,arrests; Fig 1C irregular spots,nucl,3,a,,,600,,,,,,0.2919674140894836,0.5382676529334417,0.5497787143782138,11.428571428571429,15.23243721915884,15.095258504664717,0.9909943029785421,0.17863632826414255,0.32492405324599705,0.1798850563236306,0.3271953817402265,0,21075.551202075374,0.3522875885645743
bi12,12.0,10.0,3,3,arrests; Fig 1C irregular spots,nucl,3,i,,,50,,,,,,1.1705917485073916,0.08150676563134689,0.4555309347705201,13.79310344827586,3.7421126302983283,2.9183169026331215,0.7798581151739593,0.3074608485749828,0.674950535971548,0.32910039077899333,0.7224545374613958,0,3257.8521785839694,0.69649702845992
bi12,12.0,10.0,3,3,arrests; Fig 1C irregular spots,nucl,3,i,,,100,,,,,,1.1948108472184873,0.07563111939508803,0.48694686130641796,12.903225806451612,4.309777410437745,3.6612393335771127,0.8495193567793192,0.16888629595051619,0.3468269525291019,0.2269306552353325,0.46602755509401117,0,3014.7797179991367,0.5559974483995376
bi12,12.0,10.0,3,3,arrests; Fig 1C irregular spots,nucl,3,i,,,200,,,,,,1.2035878719383803,0.07222763126661658,0.5183627878423159,12.12121212121212,3.974073176852477,3.634628889468434,0.9145852951673911,0.16906791708844565,0.3261575117924466,0.18805866618828782,0.36279353109254164,0,2780.8976617084777,0.5902306174473233
bi12,12.0,10.0,3,3,arrests; Fig 1C irregular spots,nucl,3,i,,,400,,,,,,1.205743898160552,0.06947739685171002,0.48694686130641796,12.903225806451612,4.320395920414591,3.9305040733278425,0.9097555283661748,0.147233970700584,0.302361473910261,0.15674096280349853,0.3218851485827057,0,2695.435732604563,0.5849818648252438
bi12,12.0,10.0,3,3,arrests; Fig 1C irregular spots,nucl,3,i,,,600,,,,,,1.2105728051845834,0.06837617748848394,0.5183627878423159,12.12121212121212,4.3592446518438726,4.076750974377925,0.935196645284302,0.15405802371486552,0.2972011636022943,0.16014218746046888,0.308938433113728,0,2684.261622665589,0.6097417627186712
bi12,12.0,10.0,3,3,arrests; Fig 1C irregular spots,random,1,a,t600,301,600.01,1,301,600.01,5.477225575051661,61,0.10578581059237208,0.25507246344885454,0.3298672286269283,19.047619047619047,10.055442207571238,8.360669483544868,0.831457166274568,0.13110375693604517,0.39744401855790373,0.15934690450538452,0.48306376225569814,0,8934.938880912276,0.23221628236994463
bi12,12.0,10.0,3,3,arrests; Fig 1C irregular spots,random,1,i,t600,301,600.01,1,301,600.01,5.477225575051661,61,0.5077494501896443,0.1935304697815174,0.26703537555513246,23.529411764705877,14.078495297818108,4.232074879111607,0.3006056250746837,0.044890220430057436,0.16810589359831593,0.28222804367329557,1.0568938407002424,1,7562.826458256042,0.1692860935887499
bi12,12.0,10.0,3,3,arrests; Fig 1C irregular spots,random,1,a,,,50,,,,,,0.09688901217914117,0.23373762723020608,0.3298672286269283,19.047619047619047,6.694362723452757,4.914726739891209,0.7341590145202553,0.10569929945673012,0.3204298283788397,0.249123114727965,0.7552223837600949,0,7993.243850785097,0.17745577008667213
bi12,12.0,10.0,3,3,arrests; Fig 1C irregular spots,random,1,a,,,100,,,,,,0.09971465151309515,0.2406447830681551,0.3298672286269283,19.047619047619047,7.711416120746101,6.138143013238313,0.7959812980037226,0.17676970088235083,0.5358813654152744,0.21716734791163833,0.6583477504437073,0,8198.05702466231,0.2584359909965044
bi12,12.0,10.0,3,3,arrests; Fig 1C irregular spots,random,1,a,,,200,,,,,,0.10244309770416413,0.24721160621221702,0.3298672286269283,19.047619047619047,8.807965138795891,7.258249501428381,0.8240552031091068,0.12832504501532058,0.3890202902224429,0.19904466675192978,0.6034084306599744,0,8431.21001507918,0.23076445817005722
bi12,12.0,10.0,3,3,arrests; Fig 1C irregular spots,random,1,a,,,400,,,,,,0.10466264099999735,0.2524589046471207,0.3298672286269283,19.047619047619047,9.569588155296017,7.690505458732782,0.8036401707085681,0.12029788075421916,0.36468575934311165,0.17272098529375052,0.5236075920991039,0,8715.857732999735,0.2253585499738167
bi12,12.0,10.0,3,3,arrests; Fig 1C irregular spots,random,1,a,,,600,,,,,,0.10578581059237208,0.25507246344885454,0.3298672286269283,19.047619047619047,10.055442207571238,8.360669483544868,0.831457166274568,0.13110375693604517,0.39744401855790373,0.15934690450538452,0.48306376225569814,0,8934.938880912276,0.23221628236994463
bi12,12.0,10.0,3,3,arrests; Fig 1C irregular spots,random,1,i,,,50,,,,,,0.46467484090771266,0.2133863296483642,0.2356194490192345,26.666666666666664,11.062718279292802,3.2464805562788124,0.2934613785072675,0.0590884117630142,0.25077900830754674,0.2781700718019779,1.1805904519336594,1,7966.106148036564,0.14084825911621707
bi12,12.0,10.0,3,3,arrests; Fig 1C irregular spots,random,1,i,,,100,,,,,,0.4784288330616071,0.21091743843791505,0.3298672286269283,19.047619047619047,10.242387320600589,3.434108662873623,0.3352840070758284,0.11842114112581863,0.35899638050965654,0.28782353914828224,0.8725435998791004,1,7943.263701667176,0.2335497081164165
bi12,12.0,10.0,3,3,arrests; Fig 1C irregular spots,random,1,i,,,200,,,,,,0.4916382835643042,0.20539074685267047,0.3298672286269283,19.047619047619047,11.659668221300665,4.858080388145992,0.41665682898857487,0.10136102042403972,0.3072782369014187,0.28514055601560284,0.8644100755400889,1,7854.486391045875,0.25533668868699744
bi12,12.0,10.0,3,3,arrests; Fig 1C irregular spots,random,1,i,,,400,,,,,,0.5023467765895346,0.198183715677602,0.26703537555513246,23.529411764705877,13.235141044108262,4.590443260841088,0.34683750218775067,0.08710715415537516,0.3262008038234279,0.28205482620109723,1.0562451720665895,1,7694.36133375487,0.2512790743348754
bi12,12.0,10.0,3,3,arrests; Fig 1C irregular spots,random,1,i,,,600,,,,,,0.5077494501896443,0.1935304697815174,0.26703537555513246,23.529411764705877,14.078495297818108,4.232074879111607,0.3006056250746837,0.044890220430057436,0.16810589359831593,0.28222804367329557,1.0568938407002424,1,7562.826458256042,0.1692860935887499
bi12,12.0,10.0,3,3,arrests; Fig 1C irregular spots,random,2,a,t600,301,600.01,1,301,600.01,5.477225575051661,61,0.10900423157811763,0.2625317267747088,0.3298672286269283,19.047619047619047,10.922634655311155,10.65704653120138,0.9756846097584493,0.19921744603257463,0.6039322149757551,0.20179140921981892,0.6117352428726408,0,11497.416438096148,0.3000322426966028
bi12,12.0,10.0,3,3,arrests; Fig 1C irregular spots,random,2,i,t600,301,600.01,1,301,600.01,5.477225575051661,61,0.5232057517915449,0.18144947736443698,0.26703537555513246,23.529411764705877,19.77301566842294,14.919360515303172,0.754531365649452,0.16724304511187496,0.6262954665246057,0.1957390726314868,0.733008022718227,0,7154.845422627201,0.5976097713464017
bi12,12.0,10.0,3,3,arrests; Fig 1C irregular spots,random,2,a,,,50,,,,,,0.10174292636967412,0.2454341410096982,0.3298672286269283,19.047619047619047,8.031450735756515,6.736938975690101,0.8388196849290044,0.3557568615091139,1.0784850104387487,0.4458960005895028,1.3517438590233533,0,10890.938820154955,0.4499446079568222
bi12,12.0,10.0,3,3,arrests; Fig 1C irregular spots,random,2,a,,,100,,,,,,0.10408747789569134,0.2510711789941651,0.3298672286269283,19.047619047619047,9.194748135392684,8.041881102860799,0.8746167904160161,0.19022836023854828,0.5766815971091565,0.34368483924072535,1.0418884005886635,0,11120.26133355928,0.2592147100915515
bi12,12.0,10.0,3,3,arrests; Fig 1C irregular spots,random,2,a,,,200,,,,,,0.10632417644513448,0.2563469318863091,0.3298672286269283,19.047619047619047,10.280055592128729,9.40196530195252,0.9145831185145975,0.1868901925623243,0.566561865936954,0.20529288393160658,0.6223500430343984,0,11324.834395894079,0.2849160882009524
bi12,12.0,10.0,3,3,arrests; Fig 1C irregular spots,random,2,a,,,400,,,,,,0.10817578496120622,0.2606209963454716,0.3298672286269283,19.047619047619047,10.7101097644773,10.224948626787077,0.9547006381485109,0.20001040199900036,0.6063360790083431,0.20606279630704777,0.6246840498972382,0,11458.698166968416,0.3179431405962294
bi12,12.0,10.0,3,3,arrests; Fig 1C irregular spots,random,2,a,,,600,,,,,,0.10900423157811763,0.2625317267747088,0.3298672286269283,19.047619047619047,10.922634655311155,10.65704653120138,0.9756846097584493,0.19921744603257463,0.6039322149757551,0.20179140921981892,0.6117352428726408,0,11497.416438096148,0.3000322426966028
bi12,12.0,10.0,3,3,arrests; Fig 1C irregular spots,random,2,i,,,50,,,,,,0.48804198997067605,0.19898090160570575,0.10995574287564278,57.14285714285713,38.857836291349834,18.98189125586876,0.48849583681256925,0.06073436381550117,0.552352812387346,0.12374786410715591,1.1254333868410282,1,7969.138045847014,0.21625819719073963
bi12,12.0,10.0,3,3,arrests; Fig 1C irregular spots,random,2,i,,,100,,,,,,0.4994534944301631,0.19564031969776402,0.10995574287564278,57.14285714285713,30.867316944893034,12.81341502264696,0.4151126917030904,0.06601902321226169,0.6004145075617158,0.16562191158979422,1.5062597665054067,1,7785.427753432255,0.27408044206260895
bi12,12.0,10.0,3,3,arrests; Fig 1C irregular spots,random,2,i,,,200,,,,,,0.5102837935606752,0.19038664317417156,0.10995574287564278,57.14285714285713,20.381112886913094,6.159934607187948,0.3022374019204467,0.09854634806661448,0.8962364810546364,0.27281668446918966,2.4811499366407683,1,7543.841731271072,0.29211201578251106
bi12,12.0,10.0,3,3,arrests; Fig 1C irregular spots,random,2,i,,,400,,,,,,0.5192161232791886,0.18459429117608733,0.26703537555513246,23.529411764705877,17.589989989470443,9.2491901036336,0.5258212261161186,0.18216876039973326,0.6821896163421332,0.27506632374737217,1.0300744730002322,0,7290.308631549938,0.6007143177617986
bi12,12.0,10.0,3,3,arrests; Fig 1C irregular spots,random,2,i,,,600,,,,,,0.5232057517915449,0.18144947736443698,0.26703537555513246,23.529411764705877,19.77301566842294,14.919360515303172,0.754531365649452,0.16724304511187496,0.6262954665246057,0.1957390726314868,0.733008022718227,0,7154.845422627201,0.5976097713464017
bi12,12.0,10.0,3,3,arrests; Fig 1C irregular spots,random,3,a,t600,301,600.01,1,301,600.01,5.477225575051661,56,0.09939848864188527,0.24027455554075933,0.2356194490192345,26.666666666666664,9.076248445233364,8.30970042298813,0.9155435170301218,0.17036568352273557,0.7230544177566087,0.17800494308576315,0.7554764423170853,0,9028.727886231383,0.23966061486086146
bi12,12.0,10.0,3,3,arrests; Fig 1C irregular spots,random,3,i,t600,301,600.01,1,301,600.01,5.477225575051661,56,0.47709827184422354,0.18815676117795802,0.2356194490192345,26.666666666666664,29.24609523744503,19.68374165398175,0.6730382806378818,0.07224927382444542,0.30663544170560997,0.1066863373483995,0.45279087864979384,0,6801.853369765298,0.39522686791726447
bi12,12.0,10.0,3,3,arrests; Fig 1C irregular spots,random,3,a,,,50,,,,,,0.09231311009276057,0.22323106529364176,0.3298672286269283,19.047619047619047,6.638788951119347,5.3330598372105,0.8033181769261256,0.19623709191763297,0.5948972037460935,0.20886664363831184,0.6331839768009657,0,8398.216129240285,0.24377214587741977
bi12,12.0,10.0,3,3,arrests; Fig 1C irregular spots,random,3,a,,,100,,,,,,0.09477423431911416,0.22926877873295654,0.3298672286269283,19.047619047619047,7.022620185114006,5.685858710720693,0.8096491851820672,0.1931469187591936,0.5855292735903693,0.20534368381515045,0.6225040440358175,0,8522.64827005563,0.24459790919294258
bi12,12.0,10.0,3,3,arrests; Fig 1C irregular spots,random,3,a,,,200,,,,,,0.09695756089127137,0.23453841299227138,0.3298672286269283,19.047619047619047,7.494284544518098,6.141927850185246,0.819548258903237,0.18702735250187877,0.5669776694107498,0.1990808129982983,0.6035180088272842,0,8680.353512211033,0.2546081839193943
bi12,12.0,10.0,3,3,arrests; Fig 1C irregular spots,random,3,a,,,400,,,,,,0.09860893686453404,0.23842466645019852,0.2356194490192345,26.666666666666664,8.135422345940956,7.067095374837819,0.8686820516901421,0.179316926637602,0.7610446734512297,0.18947862836006432,0.8041722750340379,0,8880.812625456287,0.2621131710130591
bi12,12.0,10.0,3,3,arrests; Fig 1C irregular spots,random,3,a,,,600,,,,,,0.09939848864188527,0.24027455554075933,0.2356194490192345,26.666666666666664,9.076248445233364,8.30970042298813,0.9155435170301218,0.17036568352273557,0.7230544177566087,0.17800494308576315,0.7554764423170853,0,9028.727886231383,0.23966061486086146
bi12,12.0,10.0,3,3,arrests; Fig 1C irregular spots,random,3,i,,,50,,,,,,0.44275792535802627,0.2023466620196853,0.10995574287564278,57.14285714285713,33.53023487135927,1.265099665301996,0.037730116420467245,0.01668904249168948,0.15177963474417497,0.05741847613864448,0.5221962458439606,1,7029.55254431328,0.08585812878982148
bi12,12.0,10.0,3,3,arrests; Fig 1C irregular spots,random,3,i,,,100,,,,,,0.454745954008032,0.2007293526223929,0.10995574287564278,57.14285714285713,29.82350341473824,0.32770953914375767,0.01098829787320726,0.016016717009319757,0.14566512480784444,0.05951434040614803,0.5412572263138387,1,6998.503162235424,0.07670541100303215
bi12,12.0,10.0,3,3,arrests; Fig 1C irregular spots,random,3,i,,,200,,,,,,0.46532822146955116,0.1964840822949749,0.20420352248333656,30.769230769230766,23.361053976645138,13.41823009984649,0.5743846195150768,0.0827558091201183,0.40526141818572864,0.1186921889052854,0.5812445714053289,0,6935.726994870058,0.35289024512446876
bi12,12.0,10.0,3,3,arrests; Fig 1C irregular spots,random,3,i,,,400,,,,,,0.47329790190377397,0.19122382174779004,0.2356194490192345,26.666666666666664,26.41212901043161,16.5374353724132,0.6261303420819144,0.07735104958894852,0.32828805054473265,0.11477626320717949,0.48712559037437464,0,6851.341650928121,0.37287763054831097
bi12,12.0,10.0,3,3,arrests; Fig 1C irregular spots,random,3,i,,,600,,,,,,0.47709827184422354,0.18815676117795802,0.2356194490192345,26.666666666666664,29.24609523744503,19.68374165398175,0.6730382806378818,0.07224927382444542,0.30663544170560997,0.1066863373483995,0.45279087864979384,0,6801.853369765298,0.39522686791726447
bi12,12.0,10.0,3,3,arrests; Fig 1C irregular spots,seed1,0,a,t600,301,600.01,1,301,600.01,5.477225575051661,1,0.001971881169483096,0.004941893991910122,1.932079481957723,3.2520325203252027,0.0038082559585485114,0.0037965209495718407,0.9969185345984088,0.5112645314917684,0.2646187883397624,0.5123055382333077,0.2651575895388127,0,1410.5088937381017,0.01281397201471685
bi12,12.0,10.0,3,3,arrests; Fig 1C irregular spots,seed1,0,i,t600,301,600.01,1,301,600.01,5.477225575051661,1,0.009465029613518732,0.0068923478248199685,1.8378317023500292,3.418803418803418,1.1995962195012935e-05,1.1917941726734528e-05,0.9934961058554483,0.46165190791861954,0.25119378848906937,0.4637051468106006,0.2523109957335388,0,1912.9592078742367,2.5672050941333275e-05
bi12,12.0,10.0,3,3,arrests; Fig 1C irregular spots,seed1,0,a,,,50,,,,,,0.0019718811676485764,0.004941894036919762,1.932079481957723,3.2520325203252027,0.0038082559392129387,0.003796520921571635,0.9969185323075399,0.5112645321199646,0.2646187886649023,0.5123055396301288,0.2651575902617752,0,1410.5089066142434,0.01281397183308921
bi12,12.0,10.0,3,3,arrests; Fig 1C irregular spots,seed1,0,a,,,100,,,,,,0.001971881169483096,0.004941893991910122,1.932079481957723,3.2520325203252027,0.0038082559585485114,0.0037965209495718407,0.9969185345984088,0.5112645314917684,0.2646187883397624,0.5123055382333077,0.2651575895388127,0,1410.5088937381017,0.01281397201471685
bi12,12.0,10.0,3,3,arrests; Fig 1C irregular spots,seed1,0,a,,,200,,,,,,0.001971881169483096,0.004941893991910122,1.932079481957723,3.2520325203252027,0.0038082559585485114,0.0037965209495718407,0.9969185345984088,0.5112645314917684,0.2646187883397624,0.5123055382333077,0.2651575895388127,0,1410.5088937381017,0.01281397201471685
bi12,12.0,10.0,3,3,arrests; Fig 1C irregular spots,seed1,0,a,,,400,,,,,,0.001971881169483096,0.004941893991910122,1.932079481957723,3.2520325203252027,0.0038082559585485114,0.0037965209495718407,0.9969185345984088,0.5112645314917684,0.2646187883397624,0.5123055382333077,0.2651575895388127,0,1410.5088937381017,0.01281397201471685
bi12,12.0,10.0,3,3,arrests; Fig 1C irregular spots,seed1,0,a,,,600,,,,,,0.001971881169483096,0.004941893991910122,1.932079481957723,3.2520325203252027,0.0038082559585485114,0.0037965209495718407,0.9969185345984088,0.5112645314917684,0.2646187883397624,0.5123055382333077,0.2651575895388127,0,1410.5088937381017,0.01281397201471685
bi12,12.0,10.0,3,3,arrests; Fig 1C irregular spots,seed1,0,i,,,50,,,,,,0.009465029592019794,0.0068923478169581,1.8378317023500292,3.418803418803418,1.1995962002693849e-05,1.1917941493263832e-05,0.9934961023207228,0.4616519080564579,0.2511937885640699,0.46370514804317464,0.25231099640420634,0,1912.9592058535509,2.5672050617897112e-05
bi12,12.0,10.0,3,3,arrests; Fig 1C irregular spots,seed1,0,i,,,100,,,,,,0.009465029613518732,0.0068923478248199685,1.8378317023500292,3.418803418803418,1.1995962195012935e-05,1.1917941726734528e-05,0.9934961058554483,0.46165190791861954,0.25119378848906937,0.4637051468106006,0.2523109957335388,0,1912.9592078742367,2.5672050941333275e-05
bi12,12.0,10.0,3,3,arrests; Fig 1C irregular spots,seed1,0,i,,,200,,,,,,0.009465029613518732,0.0068923478248199685,1.8378317023500292,3.418803418803418,1.1995962195012935e-05,1.1917941726734528e-05,0.9934961058554483,0.46165190791861954,0.25119378848906937,0.4637051468106006,0.2523109957335388,0,1912.9592078742367,2.5672050941333275e-05
bi12,12.0,10.0,3,3,arrests; Fig 1C irregular spots,seed1,0,i,,,400,,,,,,0.009465029613518732,0.0068923478248199685,1.8378317023500292,3.418803418803418,1.1995962195012935e-05,1.1917941726734528e-05,0.9934961058554483,0.46165190791861954,0.25119378848906937,0.4637051468106006,0.2523109957335388,0,1912.9592078742367,2.5672050941333275e-05
bi12,12.0,10.0,3,3,arrests; Fig 1C irregular spots,seed1,0,i,,,600,,,,,,0.009465029613518732,0.0068923478248199685,1.8378317023500292,3.418803418803418,1.1995962195012935e-05,1.1917941726734528e-05,0.9934961058554483,0.46165190791861954,0.25119378848906937,0.4637051468106006,0.2523109957335388,0,1912.9592078742367,2.5672050941333275e-05
bi12,12.0,10.0,3,3,arrests; Fig 1C irregular spots,seed36,1,a,t600,301,600.01,1,301,600.01,5.477225575051661,36,0.06756011355108374,0.16539900219721404,0.2984513020910303,21.05263157894737,5.642610768865554,4.429684139971632,0.7850415918130428,0.16377065085147405,0.5487349182397687,0.26384544562313483,0.8840485659622273,0,5973.150406789982,0.23421155257017107
bi12,12.0,10.0,3,3,arrests; Fig 1C irregular spots,seed36,1,i,t600,301,600.01,1,301,600.01,5.477225575051661,36,0.3242761430823307,0.15929880833553764,0.1413716694115407,44.44444444444444,18.752183159004264,3.5828697136012124,0.19106413814440695,0.051884743018376665,0.3670094809967712,0.228436969410022,1.6158610162905374,1,5962.196149230012,0.1627948382567195
bi12,12.0,10.0,3,3,arrests; Fig 1C irregular spots,seed36,1,a,,,50,,,,,,0.06334534810251195,0.15542397429580637,0.3612831551628263,17.391304347826082,3.745939604933247,2.155286205352443,0.5753659782752558,0.15507183806670552,0.4292252097854282,0.43439841174704996,1.202376600014112,0,5442.436643949913,0.18857889453269555
bi12,12.0,10.0,3,3,arrests; Fig 1C irregular spots,seed36,1,a,,,100,,,,,,0.06452142635146393,0.15826152551166278,0.3612831551628263,17.391304347826082,4.271928169843746,2.742047494040122,0.6418758427158707,0.2762451779994399,0.7646223579810668,0.42161862231217356,1.1670032667926484,0,5568.088697410069,0.37631261347455447
bi12,12.0,10.0,3,3,arrests; Fig 1C irregular spots,seed36,1,a,,,200,,,,,,0.06567047357499207,0.16097933569159037,0.3612831551628263,17.391304347826082,4.687985031223354,3.2671428160719467,0.696918354967394,0.19354903061185688,0.5357266948264624,0.39934605254442873,1.1053547524640277,0,5701.1888101228005,0.26189917015922154
bi12,12.0,10.0,3,3,arrests; Fig 1C irregular spots,seed36,1,a,,,400,,,,,,0.06689291565693657,0.1638431064672918,0.2984513020910303,21.05263157894737,4.706899684427737,3.417375539918832,0.7260353457765089,0.21757562183163207,0.729015488648361,0.30824589424298776,1.032818058032697,0,5862.253645484076,0.29302459146435994
bi12,12.0,10.0,3,3,arrests; Fig 1C irregular spots,seed36,1,a,,,600,,,,,,0.06756011355108374,0.16539900219721404,0.2984513020910303,21.05263157894737,5.642610768865554,4.429684139971632,0.7850415918130428,0.16377065085147405,0.5487349182397687,0.26384544562313483,0.8840485659622273,0,5973.150406789982,0.23421155257017107
bi12,12.0,10.0,3,3,arrests; Fig 1C irregular spots,seed36,1,i,,,50,,,,,,0.3038853089863837,0.16608886941122827,0.1413716694115407,44.44444444444444,30.652481324832696,10.871840999614594,0.3546806173504433,0.0432064074727176,0.30562281433447164,0.11984874654108785,0.8477564637947478,1,5996.0311247080635,0.3043639212919836
bi12,12.0,10.0,3,3,arrests; Fig 1C irregular spots,seed36,1,i,,,100,,,,,,0.30962152006361876,0.16594056998100068,0.1413716694115407,44.44444444444444,28.929508264140665,9.856318839164985,0.3407012227505541,0.041646331212878765,0.2945875321854197,0.12095857530381757,0.8556068963980366,1,6026.970017526472,0.22948967762831468
bi12,12.0,10.0,3,3,arrests; Fig 1C irregular spots,seed36,1,i,,,200,,,,,,0.315176478995522,0.16432994109917107,0.1413716694115407,44.44444444444444,25.639267209249898,7.82414713033587,0.3051626657845021,0.04044481054464163,0.2860885120264412,0.12816690872331965,0.9065954250721815,1,6018.388162994078,0.2052825065258217
bi12,12.0,10.0,3,3,arrests; Fig 1C irregular spots,seed36,1,i,,,400,,,,,,0.3210649350335771,0.1614430225509508,0.1413716694115407,44.44444444444444,21.320249583228126,5.118614498755484,0.24008229729084007,0.04259817674028069,0.30132046199634993,0.1812202014010238,1.281870704048078,1,5986.639182257368,0.17732688208313624
bi12,12.0,10.0,3,3,arrests; Fig 1C irregular spots,seed36,1,i,,,600,,,,,,0.3242761430823307,0.15929880833553764,0.1413716694115407,44.44444444444444,18.752183159004264,3.5828697136012124,0.19106413814440695,0.051884743018376665,0.3670094809967712,0.228436969410022,1.6158610162905374,1,5962.196149230012,0.1627948382567195
bi12,12.0,10.0,3,3,arrests; Fig 1C irregular spots,seed36,2,a,t600,301,600.01,1,301,600.01,5.477225575051661,35,0.06612879945441708,0.16194624359070814,0.2984513020910303,21.05263157894737,8.63276825015066,7.171042028555615,0.8306769996322402,0.15107215761708437,0.5061869610171981,0.18270816791731226,0.6121875382590377,0,8600.42960020704,0.24377838352996473
bi12,12.0,10.0,3,3,arrests; Fig 1C irregular spots,seed36,2,i,t600,301,600.01,1,301,600.01,5.477225575051661,35,0.31740807477123845,0.15551317742317947,0.20420352248333656,30.769230769230766,18.073449537468445,0.5892420074447564,0.03260263107068667,0.0208967565002163,0.10233298743375752,0.25656586258308445,1.256422315653349,1,7278.294464944149,0.166428730543785
bi12,12.0,10.0,3,3,arrests; Fig 1C irregular spots,seed36,2,a,,,50,,,,,,0.06131203575001267,0.1505981315404652,0.3298672286269283,19.047619047619047,5.962233119899436,3.3160581964163383,0.5561772124187372,0.09836053892388096,0.2981822090460653,0.43196027867358305,1.3094974013381593,0,8174.40433361127,0.1419303460276971
bi12,12.0,10.0,3,3,arrests; Fig 1C irregular spots,seed36,2,a,,,100,,,,,,0.06292186412680494,0.15448833185822683,0.3298672286269283,19.047619047619047,6.471679183469843,3.720463782876101,0.5748838404071421,0.13789269718808436,0.418024845214429,0.3845260253655203,1.1656993844648016,0,8369.715310085572,0.22654725605006154
bi12,12.0,10.0,3,3,arrests; Fig 1C irregular spots,seed36,2,a,,,200,,,,,,0.06436151158049265,0.15786067601477086,0.2984513020910303,21.05263157894737,6.995766579937199,4.38699119581317,0.6270922772629947,0.14587935479835742,0.48878779813084183,0.23190551259508604,0.7770296559951103,0,8521.955082604974,0.24838357610542477
bi12,12.0,10.0,3,3,arrests; Fig 1C irregular spots,seed36,2,a,,,400,,,,,,0.06556574359882936,0.160640980118399,0.2984513020910303,21.05263157894737,7.9849019610045735,6.102601288204578,0.7642675286443736,0.16013328741528798,0.5365474578041743,0.20720568311073337,0.6942696569222331,0,8604.995770983198,0.24360087422896246
bi12,12.0,10.0,3,3,arrests; Fig 1C irregular spots,seed36,2,a,,,600,,,,,,0.06612879945441708,0.16194624359070814,0.2984513020910303,21.05263157894737,8.63276825015066,7.171042028555615,0.8306769996322402,0.15107215761708437,0.5061869610171981,0.18270816791731226,0.6121875382590377,0,8600.42960020704,0.24377838352996473
bi12,12.0,10.0,3,3,arrests; Fig 1C irregular spots,seed36,2,i,,,50,,,,,,0.2940642766989517,0.16324819264384868,1.932079481957723,3.2520325203252027,4.507680800232083e-05,2.6259594343892526e-05,0.5825522149336865,0.3041338470531944,0.15741269957746457,0.42215003164464293,0.21849516833380475,0,7952.332140096947,1.760982199856894e-05
bi12,12.0,10.0,3,3,arrests; Fig 1C irregular spots,seed36,2,i,,,100,,,,,,0.3019142544460372,0.1628831782045266,0.8953539062730911,7.017543859649122,0.0690302297603993,0.005294856016397231,0.07670343898282578,0.019383742820710634,0.02164925253009218,0.8754834367785546,0.9778071337430723,1,7878.196558160322,0.0013493767646721307
bi12,12.0,10.0,3,3,arrests; Fig 1C irregular spots,seed36,2,i,,,200,,,,,,0.3088886901534878,0.16079613069844897,0.2984513020910303,21.05263157894737,11.92003989367077,0.2953076538574404,0.024774049121617542,0.017461724385596285,0.058507784228967116,0.28904030408783615,0.9684672241760777,1,7705.612130638995,0.08662806052634889
bi12,12.0,10.0,3,3,arrests; Fig 1C irregular spots,seed36,2,i,,,400,,,,,,0.31469761764525545,0.15759617430647355,0.5183627878423159,12.12121212121212,1.3541761914146717,0.3177492422511854,0.23464394387206086,0.03175002138472719,0.06125057995942686,0.4933154063011703,0.9516798232268846,1,7449.813434902706,0.029436948223231098
bi12,12.0,10.0,3,3,arrests; Fig 1C irregular spots,seed36,2,i,,,600,,,,,,0.31740807477123845,0.15551317742317947,0.20420352248333656,30.769230769230766,18.073449537468445,0.5892420074447564,0.03260263107068667,0.0208967565002163,0.10233298743375752,0.25656586258308445,1.256422315653349,1,7278.294464944149,0.166428730543785
bi12,12.0,10.0,3,3,arrests; Fig 1C irregular spots,seed36,3,a,t600,301,600.01,1,301,600.01,5.477225575051661,34,0.06416416895409044,0.157240706362621,0.26703537555513246,23.529411764705877,7.350853227009341,6.655756587433021,0.9054400056550828,0.13244162253931224,0.49597032701747107,0.1795004633627753,0.672197318387561,0,6462.837723070111,0.1800384936790748
bi12,12.0,10.0,3,3,arrests; Fig 1C irregular spots,seed36,3,i,t600,301,600.01,1,301,600.01,5.477225575051661,34,0.3079804538301459,0.15395327290809938,0.1413716694115407,44.44444444444444,27.330917328977232,15.905437785098876,0.5819576999062286,0.07953810346751496,0.5626169924893167,0.1374132181811875,0.9719996853200488,0,5926.198292560591,0.40238696203731467
bi12,12.0,10.0,3,3,arrests; Fig 1C irregular spots,seed36,3,a,,,50,,,,,,0.061280133966875,0.1503340887102663,0.26703537555513246,23.529411764705877,4.96583776423762,4.159336411926077,0.8375900722895724,0.292100364362834,1.0938639262891465,0.31424725547288357,1.1768000955663782,0,6149.860543863973,0.314198599613982
bi12,12.0,10.0,3,3,arrests; Fig 1C irregular spots,seed36,3,a,,,100,,,,,,0.062114062090642776,0.15236354900724866,0.26703537555513246,23.529411764705877,5.3775392056040126,4.594203265793879,0.8543318960847728,0.2798571859353293,1.0480154000328308,0.299780433023046,1.1226244178316853,0,6193.241426372551,0.3100617037474545
bi12,12.0,10.0,3,3,arrests; Fig 1C irregular spots,seed36,3,a,,,200,,,,,,0.06296901260305994,0.15443150294535354,0.26703537555513246,23.529411764705877,6.005513480989271,5.250848320271226,0.8743379457715027,0.2614443231559004,0.9790625029076804,0.27942818320076446,1.046408861072691,0,6261.208081589122,0.28326828696781114
bi12,12.0,10.0,3,3,arrests; Fig 1C irregular spots,seed36,3,a,,,400,,,,,,0.06376298589455812,0.15630477094074935,0.26703537555513246,23.529411764705877,6.827799738177922,6.106452175059033,0.8943513883271291,0.17994086701488077,0.6738465517566977,0.2452705802198269,0.918494711458887,0,6370.299226352678,0.23201660426961454
bi12,12.0,10.0,3,3,arrests; Fig 1C irregular spots,seed36,3,a,,,600,,,,,,0.06416416895409044,0.157240706362621,0.26703537555513246,23.529411764705877,7.350853227009341,6.655756587433021,0.9054400056550828,0.13244162253931224,0.49597032701747107,0.1795004633627753,0.672197318387561,0,6462.837723070111,0.1800384936790748
bi12,12.0,10.0,3,3,arrests; Fig 1C irregular spots,seed36,3,i,,,50,,,,,,0.29403154461733366,0.1572774875568266,0.1413716694115407,44.44444444444444,33.72378588343821,21.413148500305308,0.6349568394935555,0.08579293318997343,0.6068608622016444,0.11602654038609347,0.8207198858799202,0,5910.366564539439,0.36166322905403797
bi12,12.0,10.0,3,3,arrests; Fig 1C irregular spots,seed36,3,i,,,100,,,,,,0.29808614741388484,0.15726878934982888,0.1413716694115407,44.44444444444444,32.68820600898683,20.570301757070375,0.6292881827597105,0.08502180153683071,0.601406221562876,0.11840506149502057,0.8375444810681052,0,5902.258238514627,0.3485934351760489
bi12,12.0,10.0,3,3,arrests; Fig 1C irregular spots,seed36,3,i,,,200,,,,,,0.3022214436372069,0.15652955449983175,0.1413716694115407,44.44444444444444,31.009146028341288,19.080848439103306,0.6153296972984703,0.08304890690840389,0.5874508467933838,0.12408632949019328,0.8777312314886172,0,5894.99665960468,0.3280800601442375
bi12,12.0,10.0,3,3,arrests; Fig 1C irregular spots,seed36,3,i,,,400,,,,,,0.30604959131183646,0.15507799734418354,0.1413716694115407,44.44444444444444,28.79566410688823,17.090477885782867,0.5935087248671804,0.07843325664285418,0.5548017998891324,0.13241707622350762,0.9366592102554454,0,5904.787259640336,0.4160543378769341
bi12,12.0,10.0,3,3,arrests; Fig 1C irregular spots,seed36,3,i,,,600,,,,,,0.3079804538301459,0.15395327290809938,0.1413716694115407,44.44444444444444,27.330917328977232,15.905437785098876,0.5819576999062286,0.07953810346751496,0.5626169924893167,0.1374132181811875,0.9719996853200488,0,5926.198292560591,0.40238696203731467
bi12,12.0,10.0,3,3,arrests; Fig 1C irregular spots,smallpert,1,a,t600,301,600.01,1,301,600.01,5.477225575051661,0,6.525605052882788e-262,0.0,nan,nan,nan,nan,nan,nan,nan,nan,nan,nan,0.0,nan
bi12,12.0,10.0,3,3,arrests; Fig 1C irregular spots,smallpert,1,i,t600,301,600.01,1,301,600.01,5.477225575051661,0,1.5015337896521843e-130,3.5592796062553196e-270,0.4241150082346221,14.814814814814813,1.2660978694848848e-274,1.8532189681441055e-276,0.014637248926878713,0.01639982587066187,0.03866834597277307,0.388959966191781,0.9171096486559769,1,4.688578240384187e-266,3.700447610653978e-07
bi12,12.0,10.0,3,3,arrests; Fig 1C irregular spots,smallpert,1,a,,,50,,,,,,7.5668987059164245e-22,3.862822460059997e-46,0.6440264939859076,9.75609756097561,4.5347139496500017e-45,3.6644811084746264e-45,0.8080953174030875,0.09124574944413472,0.14168011766008393,0.44291994700508663,0.6877355996083889,0,1.5318811623220342e-41,0.0941784851598132
bi12,12.0,10.0,3,3,arrests; Fig 1C irregular spots,smallpert,1,a,,,100,,,,,,1.1347257442319118e-43,8.686617997489141e-90,0.6440264939859076,9.75609756097561,1.0197550681084894e-88,8.240592954365394e-89,0.80809531740309,0.09124574944413483,0.1416801176600841,0.44291994700508625,0.6877355996083883,0,3.444855830737434e-85,0.09417848515981296
bi12,12.0,10.0,3,3,arrests; Fig 1C irregular spots,smallpert,1,a,,,200,,,,,,2.5517427150680135e-87,4.392812579848953e-177,0.6440264939859076,9.75609756097561,5.156889473954571e-176,4.167258236267939e-176,0.8080953174030834,0.09124574944413762,0.14168011766008842,0.44291994700508736,0.68773559960839,0,1.7420595717923193e-172,0.0941784851598127
bi12,12.0,10.0,3,3,arrests; Fig 1C irregular spots,smallpert,1,a,,,400,,,,,,1.290413311892925e-174,0.0,nan,nan,nan,nan,nan,nan,nan,nan,nan,nan,0.0,nan
bi12,12.0,10.0,3,3,arrests; Fig 1C irregular spots,smallpert,1,a,,,600,,,,,,6.525605052882788e-262,0.0,nan,nan,nan,nan,nan,nan,nan,nan,nan,nan,0.0,nan
bi12,12.0,10.0,3,3,arrests; Fig 1C irregular spots,smallpert,1,i,,,50,,,,,,8.074099458826958e-11,3.032229100212517e-28,0.48694686130641796,12.903225806451612,7.209740631297608e-33,1.3991550669485364e-33,0.19406454940622692,0.0273670753575514,0.05620135898222844,0.46572628728924903,0.9564211709667113,1,7.556515708251216e-24,1.3815844702771496e-07
bi12,12.0,10.0,3,3,arrests; Fig 1C irregular spots,smallpert,1,i,,,100,,,,,,1.0531684090467948e-21,1.8017336062049578e-50,0.26703537555513246,23.529411764705877,4.1656902141585445e-53,5.278376121932672e-54,0.1267107214067978,0.018782385424014423,0.07033669372444847,0.21275887428400914,0.7967441536227573,1,3.5016548917966104e-46,5.234392739626444e-06
bi12,12.0,10.0,3,3,arrests; Fig 1C irregular spots,smallpert,1,i,,,200,,,,,,1.7918649758361705e-43,1.5641109873428405e-94,0.6440264939859076,9.75609756097561,3.9660339438497047e-100,9.564064488535191e-102,0.024114933517819702,0.016589662167123626,0.025759285249973948,0.6013160606864777,0.9336821796956004,1,2.1536152608590535e-90,2.025727351362874e-08
bi12,12.0,10.0,3,3,arrests; Fig 1C irregular spots,smallpert,1,i,,,400,,,,,,5.18704714429347e-87,2.1705187047569366e-182,0.6440264939859076,9.75609756097561,5.01648332530084e-188,1.1989451087784071e-188,0.23900111513009084,0.023485368854324257,0.03646646383904535,0.5981340854941174,0.9287414276891621,1,2.828877178433996e-178,1.9506437748158586e-08
bi12,12.0,10.0,3,3,arrests; Fig 1C irregular spots,smallpert,1,i,,,600,,,,,,1.5015337896521843e-130,3.5592796062553196e-270,0.4241150082346221,14.814814814814813,1.2660978694848848e-274,1.8532189681441055e-276,0.014637248926878713,0.01639982587066187,0.03866834597277307,0.388959966191781,0.9171096486559769,1,4.688578240384187e-266,3.700447610653978e-07
bi12,12.0,10.0,3,3,arrests; Fig 1C irregular spots,smallpert,2,a,t600,301,600.01,1,301,600.01,5.477225575051661,0,6.52704348138421e-262,0.0,nan,nan,nan,nan,nan,nan,nan,nan,nan,nan,0.0,nan
bi12,12.0,10.0,3,3,arrests; Fig 1C irregular spots,smallpert,2,i,t600,301,600.01,1,301,600.01,5.477225575051661,0,1.5017492804042812e-130,4.220337620286606e-270,0.26703537555513246,23.529411764705877,9.903981315190253e-273,9.879148522708126e-273,0.9974926454632906,0.03954990654887815,0.14810736767238775,0.03964932145490552,0.14847965881853534,0,5.5688507031608016e-266,1.1239446674999485e-05
bi12,12.0,10.0,3,3,arrests; Fig 1C irregular spots,smallpert,2,a,,,50,,,,,,7.568566665083085e-22,3.935224505870202e-46,0.7068583470577035,8.88888888888889,4.011933509885522e-45,3.42512670452735e-45,0.853734663370601,0.4319329675177902,0.6110601499093989,0.6249462340469346,0.8841180650243039,0,1.5371244406321088e-41,0.3903593134150607
bi12,12.0,10.0,3,3,arrests; Fig 1C irregular spots,smallpert,2,a,,,100,,,,,,1.1349758699809531e-43,8.849433897182407e-90,0.7068583470577035,8.88888888888889,9.02193517616648e-89,7.702338790575805e-89,0.8537346633705933,0.4319329675177857,0.6110601499093926,0.6249462340469345,0.8841180650243037,0,3.456646783131712e-85,0.39035931341505975
bi12,12.0,10.0,3,3,arrests; Fig 1C irregular spots,smallpert,2,a,,,200,,,,,,2.5523051915617487e-87,4.475148390238985e-177,0.7068583470577035,8.88888888888889,4.5623820856288546e-176,3.89506373404235e-176,0.8537346633705877,0.43193296751778393,0.6110601499093901,0.6249462340469336,0.8841180650243025,0,1.7480222426523594e-172,0.3903593134150591
bi12,12.0,10.0,3,3,arrests; Fig 1C irregular spots,smallpert,2,a,,,400,,,,,,1.2906977555991253e-174,0.0,nan,nan,nan,nan,nan,nan,nan,nan,nan,nan,0.0,nan
bi12,12.0,10.0,3,3,arrests; Fig 1C irregular spots,smallpert,2,a,,,600,,,,,,6.52704348138421e-262,0.0,nan,nan,nan,nan,nan,nan,nan,nan,nan,nan,0.0,nan
bi12,12.0,10.0,3,3,arrests; Fig 1C irregular spots,smallpert,2,i,,,50,,,,,,8.075258203156839e-11,3.4363551234236774e-28,0.26703537555513246,23.529411764705877,9.941303612171946e-31,9.25685948507812e-31,0.9311514712963996,0.03790492290512198,0.14194719642040865,0.04070757988745766,0.15244264847993189,0,4.973561366549569e-24,1.2612474921815854e-05
bi12,12.0,10.0,3,3,arrests; Fig 1C irregular spots,smallpert,2,i,,,100,,,,,,1.0533195531996031e-21,3.0622623692166495e-50,0.26703537555513246,23.529411764705877,7.9695653872195535e-53,7.898866942753443e-53,0.9911289460552659,0.039385715190924625,0.1474925002316519,0.03973823521922282,0.14881262505618253,0,4.405475749751032e-46,1.1429135831820984e-05
bi12,12.0,10.0,3,3,arrests; Fig 1C irregular spots,smallpert,2,i,,,200,,,,,,1.7921221331069293e-43,3.158079857094631e-94,0.26703537555513246,23.529411764705877,7.603368661212356e-97,7.583784937904547e-97,0.9974243359515483,0.03954792461894678,0.14809994569720095,0.03965004982680498,0.1484823864417873,0,4.285105870923759e-90,1.1213507587840777e-05
bi12,12.0,10.0,3,3,arrests; Fig 1C irregular spots,smallpert,2,i,,,400,,,,,,5.18779155690542e-87,3.6437421281326104e-182,0.26703537555513246,23.529411764705877,8.562731625759177e-185,8.541547310892932e-185,0.9975259863566766,0.03955067497810378,0.14811024530320366,0.039648766567532745,0.1484775808639886,0,4.81503604497752e-178,1.123862503334813e-05
bi12,12.0,10.0,3,3,arrests; Fig 1C irregular spots,smallpert,2,i,,,600,,,,,,1.5017492804042812e-130,4.220337620286606e-270,0.26703537555513246,23.529411764705877,9.903981315190253e-273,9.879148522708126e-273,0.9974926454632906,0.03954990654887815,0.14810736767238775,0.03964932145490552,0.14847965881853534,0,5.5688507031608016e-266,1.1239446674999485e-05
bi12,12.0,10.0,3,3,arrests; Fig 1C irregular spots,smallpert,3,a,t600,301,600.01,1,301,600.01,5.477225575051661,0,6.525789451119288e-262,0.0,nan,nan,nan,nan,nan,nan,nan,nan,nan,nan,0.0,nan
bi12,12.0,10.0,3,3,arrests; Fig 1C irregular spots,smallpert,3,i,t600,301,600.01,1,301,600.01,5.477225575051661,0,1.5016061277392426e-130,1.5415475917285987e-270,0.26703537555513246,23.529411764705877,3.2606726699482265e-273,2.435207708493876e-273,0.7468421258404153,0.03364350305747511,0.1259889368123402,0.0450476772713059,0.1686955414714531,0,2.0346193481227642e-266,1.015584851041959e-05
bi12,12.0,10.0,3,3,arrests; Fig 1C irregular spots,smallpert,3,a,,,50,,,,,,7.567112528660193e-22,3.942040874225202e-46,0.6440264939859076,9.75609756097561,4.328840173746347e-45,3.703644857020797e-45,0.8555744052374006,0.359353299738106,0.5579790631190543,0.4456367249997363,0.6919540254340648,0,1.5299759896726982e-41,0.3421049227145968
bi12,12.0,10.0,3,3,arrests; Fig 1C irregular spots,smallpert,3,a,,,100,,,,,,1.1347578089101223e-43,8.864762374906205e-90,0.6440264939859076,9.75609756097561,9.734586911596099e-89,8.328663407120587e-89,0.8555744052373976,0.3593532997381041,0.5579790631190513,0.44563672499973483,0.6919540254340625,0,3.4405715263990417e-85,0.3421049227145979
bi12,12.0,10.0,3,3,arrests; Fig 1C irregular spots,smallpert,3,a,,,200,,,,,,2.551814821309941e-87,4.482899983528153e-177,0.6440264939859076,9.75609756097561,4.9227692362266514e-176,4.211795361405684e-176,0.8555744052374197,0.35935329973810576,0.557979063119054,0.4456367249997336,0.6919540254340606,0,1.739893004090246e-172,0.34210492271459625
bi12,12.0,10.0,3,3,arrests; Fig 1C irregular spots,smallpert,3,a,,,400,,,,,,1.2904497759352845e-174,0.0,nan,nan,nan,nan,nan,nan,nan,nan,nan,nan,0.0,nan
bi12,12.0,10.0,3,3,arrests; Fig 1C irregular spots,smallpert,3,a,,,600,,,,,,6.525789451119288e-262,0.0,nan,nan,nan,nan,nan,nan,nan,nan,nan,nan,0.0,nan
bi12,12.0,10.0,3,3,arrests; Fig 1C irregular spots,smallpert,3,i,,,50,,,,,,8.074488437692162e-11,1.384184813222337e-28,0.26703537555513246,23.529411764705877,3.0218441056811475e-31,1.971713443919832e-31,0.6524868176399167,0.031524583736555534,0.11805396071969847,0.04831451438449247,0.18092926558532837,0,4.641183915228023e-24,4.1482302361679085e-06
bi12,12.0,10.0,3,3,arrests; Fig 1C irregular spots,smallpert,3,i,,,100,,,,,,1.0532191466249867e-21,1.043768454068054e-50,0.26703537555513246,23.529411764705877,2.819091691888725e-53,2.4948154540967144e-53,0.8849713761616768,0.03692285337562114,0.13826952065382064,0.04172208770837757,0.15624179988004464,0,2.0618578516396407e-46,8.655548803325476e-06
bi12,12.0,10.0,3,3,arrests; Fig 1C irregular spots,smallpert,3,i,,,200,,,,,,1.791951300956199e-43,1.035891527107689e-94,0.26703537555513246,23.529411764705877,2.478319472193679e-97,2.2267765639072627e-97,0.8985026300649755,0.03722374280824091,0.1393962980779513,0.041428640899525276,0.15514289375855322,0,1.486174135427752e-90,1.0550106299541002e-05
bi12,12.0,10.0,3,3,arrests; Fig 1C irregular spots,smallpert,3,i,,,400,,,,,,5.1872970361510395e-87,1.2406115597080904e-182,0.26703537555513246,23.529411764705877,2.7321642209890813e-185,2.2937384683499015e-185,0.8395316982518483,0.03583413889972277,0.1341924785254694,0.04268348529822036,0.15984206290828262,0,1.6430384898402173e-178,1.0527142279225825e-05
bi12,12.0,10.0,3,3,arrests; Fig 1C irregular spots,smallpert,3,i,,,600,,,,,,1.5016061277392426e-130,1.5415475917285987e-270,0.26703537555513246,23.529411764705877,3.2606726699482265e-273,2.435207708493876e-273,0.7468421258404153,0.03364350305747511,0.1259889368123402,0.0450476772713059,0.1686955414714531,0,2.0346193481227642e-266,1.015584851041959e-05
bi2.5,2.5,10.0,3,3,inside the Turing band,nucl,1,a,cov10,6,10.01,1,6,10.01,5.477225575051661,13,2.391510532806248,2.5635187158412416,0.4241150082346221,14.814814814814813,91.0142614766979,89.51342835662902,0.9835099126695311,0.30863701891345,0.7277201063884794,0.34768455313680013,0.8197883743469405,0,102687.06470849774,0.5745697600749456
bi2.5,2.5,10.0,3,3,inside the Turing band,nucl,1,a,cov20,6,10.01,1,6,10.01,5.477225575051661,13,2.391510532806248,2.5635187158412416,0.4241150082346221,14.814814814814813,91.0142614766979,89.51342835662902,0.9835099126695311,0.30863701891345,0.7277201063884794,0.34768455313680013,0.8197883743469405,0,102687.06470849774,0.5745697600749456
bi2.5,2.5,10.0,3,3,inside the Turing band,nucl,1,a,t600,301,600.01,1,301,600.01,5.477225575051661,7,2.2700218166123896,2.77983982949723,0.5183627878423159,12.12121212121212,194.0531387665308,193.76476350852326,0.9985139366472475,0.15407279703488697,0.29722966356480696,0.15423951277918024,0.29755128338051023,0,110682.24072765213,0.7152941414194185
bi2.5,2.5,10.0,3,3,inside the Turing band,nucl,1,i,cov10,6,10.01,1,6,10.01,5.477225575051661,1,2.3096209322057506,0.0572933578213299,0.2356194490192345,26.666666666666664,5.214174624442574,3.618415791408162,0.6939575392135993,0.12066785404628531,0.5121302785002045,0.1785688572742156,0.7578697684656683,0,2199.2490063431087,0.4240298942723835
bi2.5,2.5,10.0,3,3,inside the Turing band,nucl,1,i,cov20,6,10.01,1,6,10.01,5.477225575051661,1,2.3096209322057506,0.0572933578213299,0.2356194490192345,26.666666666666664,5.214174624442574,3.618415791408162,0.6939575392135993,0.12066785404628531,0.5121302785002045,0.1785688572742156,0.7578697684656683,0,2199.2490063431087,0.4240298942723835
bi2.5,2.5,10.0,3,3,inside the Turing band,nucl,1,i,t600,301,600.01,1,301,600.01,5.477225575051661,1,2.24782598400349,0.037621371122403775,0.48694686130641796,12.903225806451612,2.9744687115058515,2.877995067973928,0.9675660923381901,0.14020671141575997,0.28793020872873637,0.14490806118031524,0.2975849578156124,0,1411.5338875490945,0.6617228043960012
bi2.5,2.5,10.0,3,3,inside the Turing band,nucl,1,a,,,50,,,,,,2.265337392245717,2.730193562917301,0.5497787143782138,11.428571428571429,137.92061839948562,137.55104528276962,0.997320392548955,0.2145805088806846,0.3903034134804035,0.21490555227095243,0.39089463933503743,0,109594.53813612454,0.670172800796263
bi2.5,2.5,10.0,3,3,inside the Turing band,nucl,1,a,,,100,,,,,,2.2650275130596715,2.7690084059886857,0.5497787143782138,11.428571428571429,153.43214460870323,153.2021934503109,0.9985012843366116,0.19407031980980632,0.35299715091606465,0.1942868909478067,0.35339107511199375,0,110736.42770313105,0.6939976157024513
bi2.5,2.5,10.0,3,3,inside the Turing band,nucl,1,a,,,200,,,,,,2.26651112454023,2.7727324982356136,0.5183627878423159,12.12121212121212,167.6070518692107,167.34537092916727,0.998438723567266,0.17257069136108166,0.3329148916715392,0.17274093651112704,0.33324332024326214,0,110533.100188855,0.7276043428007688
bi2.5,2.5,10.0,3,3,inside the Turing band,nucl,1,a,,,400,,,,,,2.2660001437544954,2.781581825325811,0.5183627878423159,12.12121212121212,196.30786837086623,196.03527571665995,0.9986114023015558,0.15304017021265776,0.2952375706784184,0.15320347638620052,0.2955526129178942,0,110480.1949482663,0.7116872018841489
bi2.5,2.5,10.0,3,3,inside the Turing band,nucl,1,a,,,600,,,,,,2.2700218166123896,2.77983982949723,0.5183627878423159,12.12121212121212,194.0531387665308,193.76476350852326,0.9985139366472475,0.15407279703488697,0.29722966356480696,0.15423951277918024,0.29755128338051023,0,110682.24072765213,0.7152941414194185
bi2.5,2.5,10.0,3,3,inside the Turing band,nucl,1,i,,,50,,,,,,2.246321305153454,0.0413157339146121,0.4241150082346221,14.814814814814813,2.3132667352866405,2.1543797069994852,0.9313148692005605,0.29875435158764685,0.7044182492650077,0.3148719216384717,0.7424210780682473,0,1578.1070021356754,0.8675059369496884
bi2.5,2.5,10.0,3,3,inside the Turing band,nucl,1,i,,,100,,,,,,2.244527969993272,0.04028213021563838,0.48694686130641796,12.903225806451612,2.1891243416435024,2.070310709907816,0.9457254987871151,0.22193774233574612,0.45577404840502456,0.22781532062712434,0.46784431470802407,0,1475.5358844546372,0.7750491918055821
bi2.5,2.5,10.0,3,3,inside the Turing band,nucl,1,i,,,200,,,,,,2.2460354915759706,0.03931801553023296,0.48694686130641796,12.903225806451612,2.4756463926294847,2.3249499134103093,0.9391284313996416,0.19113345730002235,0.39251399380054536,0.1993468274312405,0.4093810706499221,0,1439.2528345339772,0.7549992717125027
bi2.5,2.5,10.0,3,3,inside the Turing band,nucl,1,i,,,400,,,,,,2.246210537903186,0.03809591352861654,0.48694686130641796,12.903225806451612,2.7583893999224887,2.645964172726428,0.9592424379243845,0.14850549722073125,0.3049726962451497,0.1548429660953634,0.3179873994462947,0,1424.5040767619707,0.7308659261036581
bi2.5,2.5,10.0,3,3,inside the Turing band,nucl,1,i,,,600,,,,,,2.24782598400349,0.037621371122403775,0.48694686130641796,12.903225806451612,2.9744687115058515,2.877995067973928,0.9675660923381901,0.14020671141575997,0.28793020872873637,0.14490806118031524,0.2975849578156124,0,1411.5338875490945,0.6617228043960012
bi2.5,2.5,10.0,3,3,inside the Turing band,nucl,2,a,cov10,6,10.01,1,6,10.01,5.477225575051661,12,2.3925348185716144,2.4964945366934908,0.3612831551628263,17.391304347826082,83.13691398084886,80.21764168086062,0.9648859674938053,0.328104116713317,0.9081633395430356,0.3339317773997166,0.9242937918022147,0,98107.37606362978,0.5313194275738276
bi2.5,2.5,10.0,3,3,inside the Turing band,nucl,2,a,cov20,6,10.01,1,6,10.01,5.477225575051661,12,2.3925348185716144,2.4964945366934908,0.3612831551628263,17.391304347826082,83.13691398084886,80.21764168086062,0.9648859674938053,0.328104116713317,0.9081633395430356,0.3339317773997166,0.9242937918022147,0,98107.37606362978,0.5313194275738276
bi2.5,2.5,10.0,3,3,inside the Turing band,nucl,2,a,t600,301,600.01,1,301,600.01,5.477225575051661,4,2.2735005279686322,2.7775544575979336,0.5183627878423159,12.12121212121212,232.3379075397773,231.8685791707001,0.997979975054235,0.12859574657176198,0.24808059063622512,0.12884479466785814,0.24856104197636242,0,110738.55412173968,0.6818934437025501
bi2.5,2.5,10.0,3,3,inside the Turing band,nucl,2,i,cov10,6,10.01,1,6,10.01,5.477225575051661,1,2.31972419501972,0.05811748126699167,0.2356194490192345,26.666666666666664,5.312522105126739,2.418511872078592,0.45524739929922503,0.14571169939299847,0.6184196593257608,0.2505559646310303,1.0633925411249752,1,2369.6674501066914,0.44211217584230944
bi2.5,2.5,10.0,3,3,inside the Turing band,nucl,2,i,cov20,6,10.01,1,6,10.01,5.477225575051661,1,2.31972419501972,0.05811748126699167,0.2356194490192345,26.666666666666664,5.312522105126739,2.418511872078592,0.45524739929922503,0.14571169939299847,0.6184196593257608,0.2505559646310303,1.0633925411249752,1,2369.6674501066914,0.44211217584230944
bi2.5,2.5,10.0,3,3,inside the Turing band,nucl,2,i,t600,301,600.01,1,301,600.01,5.477225575051661,1,2.250021952517047,0.03777279932382616,0.48694686130641796,12.903225806451612,3.3250576031862766,3.1295487862740115,0.9412013744589217,0.11831303714835043,0.2429690928306453,0.12500238949182307,0.25670642820544565,0,1462.3426240352396,0.6977955103248753
bi2.5,2.5,10.0,3,3,inside the Turing band,nucl,2,a,,,50,,,,,,2.267719008197001,2.7292570541602137,0.5183627878423159,12.12121212121212,160.93202363564217,159.94467832849077,0.9938648301012681,0.14250579257602417,0.2749151673660917,0.1433170591393883,0.2764802229263896,0,109234.48192897401,0.5342891693712783
bi2.5,2.5,10.0,3,3,inside the Turing band,nucl,2,a,,,100,,,,,,2.2701891473093045,2.759344548763289,0.5183627878423159,12.12121212121212,195.39527848104578,195.19976845576412,0.9989994127452746,0.12817308637278313,0.24726521536451979,0.12832090862832163,0.2475503867907979,0,109834.6776164436,0.5618136044089399
bi2.5,2.5,10.0,3,3,inside the Turing band,nucl,2,a,,,200,,,,,,2.2656215654431775,2.7814401430590876,0.5183627878423159,12.12121212121212,217.80051845504394,217.20319352358632,0.9972574678164464,0.11829758131057791,0.2282138766229562,0.11869431834541322,0.22897924220115815,0,111466.86444186524,0.6111582785536351
bi2.5,2.5,10.0,3,3,inside the Turing band,nucl,2,a,,,400,,,,,,2.2663294554644375,2.7872608326267057,0.5183627878423159,12.12121212121212,238.0733792891134,237.8501492594827,0.9990623477925282,0.12010264959032053,0.23169612558464617,0.12022569080011564,0.23193349063607524,0,111201.67828658721,0.6631377442581659
bi2.5,2.5,10.0,3,3,inside the Turing band,nucl,2,a,,,600,,,,,,2.2735005279686322,2.7775544575979336,0.5183627878423159,12.12121212121212,232.3379075397773,231.8685791707001,0.997979975054235,0.12859574657176198,0.24808059063622512,0.12884479466785814,0.24856104197636242,0,110738.55412173968,0.6818934437025501
bi2.5,2.5,10.0,3,3,inside the Turing band,nucl,2,i,,,50,,,,,,2.2474321571807594,0.04221660082116716,0.39269908169872414,16.0,2.5764825710869914,2.2152601345787173,0.8598001629966866,0.20746388720129483,0.5283024505783276,0.2181891706760124,0.5556141606753375,0,1630.7107349041346,0.7548033366459959
bi2.5,2.5,10.0,3,3,inside the Turing band,nucl,2,i,,,100,,,,,,2.247004542221235,0.04029022605302241,0.48694686130641796,12.903225806451612,2.8538825132065413,2.7217647314371893,0.9537059492961019,0.20419022549716323,0.4193275318570618,0.20853206843764138,0.42824399335520047,0,1566.8244348880542,0.8012393817953645
bi2.5,2.5,10.0,3,3,inside the Turing band,nucl,2,i,,,200,,,,,,2.2456993559023917,0.038911181494488786,0.48694686130641796,12.903225806451612,3.180525798248447,2.9913420806077133,0.9405180999490966,0.11902865216166236,0.24443868853025003,0.1273646205864612,0.2615575347272138,0,1535.0960829774103,0.629636423920587
bi2.5,2.5,10.0,3,3,inside the Turing band,nucl,2,i,,,400,,,,,,2.2461377040282677,0.03819868986298578,0.5183627878423159,12.12121212121212,3.25942288242872,3.1163233296752644,0.9560966594654245,0.11288348184809781,0.2177692621763516,0.11842997674448014,0.22846928738354208,0,1463.739386434366,0.6095260585389816
bi2.5,2.5,10.0,3,3,inside the Turing band,nucl,2,i,,,600,,,,,,2.250021952517047,0.03777279932382616,0.48694686130641796,12.903225806451612,3.3250576031862766,3.1295487862740115,0.9412013744589217,0.11831303714835043,0.2429690928306453,0.12500238949182307,0.25670642820544565,0,1462.3426240352396,0.6977955103248753
bi2.5,2.5,10.0,3,3,inside the Turing band,nucl,3,a,cov10,6,10.01,1,6,10.01,5.477225575051661,10,2.3883586876734286,2.5758285443153204,0.4241150082346221,14.814814814814813,107.01781728793702,106.15768077648349,0.9919626793626403,0.33520556705296506,0.7903647844207579,0.33724869411544406,0.7951821736260669,0,106072.13750798168,0.6423615850561474
bi2.5,2.5,10.0,3,3,inside the Turing band,nucl,3,a,cov20,6,10.01,1,6,10.01,5.477225575051661,10,2.3883586876734286,2.5758285443153204,0.4241150082346221,14.814814814814813,107.01781728793702,106.15768077648349,0.9919626793626403,0.33520556705296506,0.7903647844207579,0.33724869411544406,0.7951821736260669,0,106072.13750798168,0.6423615850561474
bi2.5,2.5,10.0,3,3,inside the Turing band,nucl,3,a,t600,301,600.01,1,301,600.01,5.477225575051661,5,2.267316926131678,2.8016157258836376,0.5183627878423159,12.12121212121212,257.2839359349782,256.9334555008969,0.9986377679087983,0.1104494169283306,0.21307358382741184,0.11061216266701446,0.21338754490351702,0,112181.91570229208,0.5924258830524521
bi2.5,2.5,10.0,3,3,inside the Turing band,nucl,3,i,cov10,6,10.01,1,6,10.01,5.477225575051661,1,2.3082865968742032,0.05711313215909556,0.20420352248333656,30.769230769230766,5.378758009138596,4.629589767216555,0.8607172435255143,0.24989423500020494,1.2237508538600104,0.2618052794761897,1.2820801340366377,0,2572.3065236235198,0.6001117745483912
bi2.5,2.5,10.0,3,3,inside the Turing band,nucl,3,i,cov20,6,10.01,1,6,10.01,5.477225575051661,1,2.3082865968742032,0.05711313215909556,0.20420352248333656,30.769230769230766,5.378758009138596,4.629589767216555,0.8607172435255143,0.24989423500020494,1.2237508538600104,0.2618052794761897,1.2820801340366377,0,2572.3065236235198,0.6001117745483912
bi2.5,2.5,10.0,3,3,inside the Turing band,nucl,3,i,t600,301,600.01,1,301,600.01,5.477225575051661,1,2.243603029123237,0.0381471781130948,0.48694686130641796,12.903225806451612,3.4345651061775326,3.2953483804508195,0.9594659814494962,0.12539608832466698,0.2575149329194665,0.12995044137508494,0.2668678077653977,0,1523.5628023884096,0.7211341812797908
bi2.5,2.5,10.0,3,3,inside the Turing band,nucl,3,a,,,50,,,,,,2.2640017203990843,2.7385824607655205,0.5183627878423159,12.12121212121212,131.59326232600188,131.1559567987508,0.9966768395317404,0.2455570203634481,0.47371652850618134,0.2460422959514162,0.4746526983072353,0,110366.50523247411,0.7160816520894051
bi2.5,2.5,10.0,3,3,inside the Turing band,nucl,3,a,,,100,,,,,,2.264292907986416,2.7688912629171116,0.5183627878423159,12.12121212121212,164.3806389382476,163.88706413823272,0.9969973665803774,0.205709559229829,0.3968447659719067,0.20613065478692588,0.39765712281343407,0,111902.70513129362,0.7401925980666287
bi2.5,2.5,10.0,3,3,inside the Turing band,nucl,3,a,,,200,,,,,,2.266176966450692,2.7868967092161934,0.5183627878423159,12.12121212121212,191.09391110626404,190.70316449290002,0.9979552115967382,0.16128993475868128,0.3111526107613749,0.161608498233888,0.3117671677524983,0,112695.05046688029,0.662106663037596
bi2.5,2.5,10.0,3,3,inside the Turing band,nucl,3,a,,,400,,,,,,2.2666400223293888,2.790822000238133,0.5183627878423159,12.12121212121212,229.5533271744135,229.21027495153217,0.9985055663226319,0.1245658189098889,0.24030625236119643,0.12475598216107897,0.2406731059541822,0,111169.45943923175,0.634486080369877
bi2.5,2.5,10.0,3,3,inside the Turing band,nucl,3,a,,,600,,,,,,2.267316926131678,2.8016157258836376,0.5183627878423159,12.12121212121212,257.2839359349782,256.9334555008969,0.9986377679087983,0.1104494169283306,0.21307358382741184,0.11061216266701446,0.21338754490351702,0,112181.91570229208,0.5924258830524521
bi2.5,2.5,10.0,3,3,inside the Turing band,nucl,3,i,,,50,,,,,,2.244001088268244,0.04243298214631487,0.39269908169872414,16.0,3.1937189981360024,3.0969856234841875,0.9697113695011137,0.20617453816442802,0.5250191502169175,0.21213642580328218,0.5402009724230312,0,1721.7818061279454,0.6940452494932806
bi2.5,2.5,10.0,3,3,inside the Turing band,nucl,3,i,,,100,,,,,,2.2436123281743057,0.04054268790329938,0.4555309347705201,13.79310344827586,2.8392764260710885,2.6127216635033927,0.9202068666201706,0.18753219794920314,0.4116782936897031,0.20268365801430277,0.4449393938886004,0,1651.9375123588034,0.745949980085005
bi2.5,2.5,10.0,3,3,inside the Turing band,nucl,3,i,,,200,,,,,,2.2442277280671235,0.03906598925051965,0.48694686130641796,12.903225806451612,3.01394351985902,2.8868102367176802,0.9578182927770038,0.16781247815544692,0.34462174723793654,0.17344691221104858,0.3561926895795407,0,1571.9231809591151,0.7178868159522191
bi2.5,2.5,10.0,3,3,inside the Turing band,nucl,3,i,,,400,,,,,,2.2446478250833195,0.03835770712418737,0.48694686130641796,12.903225806451612,3.2368602247154703,3.1502117557074727,0.9732307041415067,0.14667021963559668,0.30120374786295717,0.15011745924905867,0.30828304108237226,0,1540.8962756526523,0.7507324298854804
bi2.5,2.5,10.0,3,3,inside the Turing band,nucl,3,i,,,600,,,,,,2.243603029123237,0.0381471781130948,0.48694686130641796,12.903225806451612,3.4345651061775326,3.2953483804508195,0.9594659814494962,0.12539608832466698,0.2575149329194665,0.12995044137508494,0.2668678077653977,0,1523.5628023884096,0.7211341812797908
bi2.5,2.5,10.0,3,3,inside the Turing band,random,1,a,cov10,6,10.01,1,6,10.01,5.477225575051661,1,2.2733911353053626,1.8678412865661849,0.39269908169872414,16.0,70.85086016207468,70.59926261100502,0.9964489132454549,0.3279859834978371,0.8352094486166014,0.3282815064164035,0.83596199154919,0,72498.67802095847,0.6892205245985614
bi2.5,2.5,10.0,3,3,inside the Turing band,random,1,a,cov20,6,10.01,1,6,10.01,5.477225575051661,1,2.2733911353053626,1.8678412865661849,0.39269908169872414,16.0,70.85086016207468,70.59926261100502,0.9964489132454549,0.3279859834978371,0.8352094486166014,0.3282815064164035,0.83596199154919,0,72498.67802095847,0.6892205245985614
bi2.5,2.5,10.0,3,3,inside the Turing band,random,1,a,t600,301,600.01,1,301,600.01,5.477225575051661,1,2.2271793017487975,2.904289514500192,0.48694686130641796,12.903225806451612,267.98984429021635,267.64560815084747,0.9987154881175418,0.12501671257907251,0.2567358422717177,0.12514875422758248,0.25700700460790304,0,116653.83712595538,0.6823316271601276
bi2.5,2.5,10.0,3,3,inside the Turing band,random,1,i,cov10,6,10.01,1,6,10.01,5.477225575051661,1,2.3139399823794338,0.029035861409017757,0.39269908169872414,16.0,2.438087863029391,2.2936042745106624,0.940738973886198,0.17054684391279445,0.4342939717990905,0.17568821294947676,0.4473863605422522,0,1216.1110215352523,0.5721966986884488
bi2.5,2.5,10.0,3,3,inside the Turing band,random,1,i,cov20,6,10.01,1,6,10.01,5.477225575051661,1,2.3139399823794338,0.029035861409017757,0.39269908169872414,16.0,2.438087863029391,2.2936042745106624,0.940738973886198,0.17054684391279445,0.4342939717990905,0.17568821294947676,0.4473863605422522,0,1216.1110215352523,0.5721966986884488
bi2.5,2.5,10.0,3,3,inside the Turing band,random,1,i,t600,301,600.01,1,301,600.01,5.477225575051661,1,2.227180514027494,0.03809152795603731,0.48694686130641796,12.903225806451612,4.28558097190275,4.151873261386637,0.968800563705894,0.11556064784732632,0.23731675266843585,0.11907404801846022,0.24453191401418903,0,1567.7697581171115,0.7887351415405095
bi2.5,2.5,10.0,3,3,inside the Turing band,random,1,a,,,50,,,,,,2.2310312183869954,2.8336983119533268,0.4555309347705201,13.79310344827586,160.37921778301626,160.02289922248394,0.9977782747324881,0.19864370501045264,0.43607072505519767,0.19910812235905528,0.43709023287158033,0,114160.89784524735,0.6014896666584247
bi2.5,2.5,10.0,3,3,inside the Turing band,random,1,a,,,100,,,,,,2.229194316815718,2.8658702664294977,0.48694686130641796,12.903225806451612,192.1559851836492,191.81769050200717,0.9982394788207158,0.16281006745143747,0.3343487357422087,0.163068754004975,0.3348799775964913,0,115212.36408223351,0.6236132884067433
bi2.5,2.5,10.0,3,3,inside the Turing band,random,1,a,,,200,,,,,,2.2282164178808417,2.885041441044433,0.48694686130641796,12.903225806451612,226.0300583970334,225.6714718733991,0.9984135449675263,0.14364394691509755,0.29498895737764624,0.14384755497799862,0.29540708937331167,0,115899.14348079648,0.6034071116267001
bi2.5,2.5,10.0,3,3,inside the Turing band,random,1,a,,,400,,,,,,2.2276497549833834,2.897571169463877,0.48694686130641796,12.903225806451612,258.1238631204955,257.766211759209,0.9986144196163702,0.12884238587484104,0.26459229150624963,0.12899669979328543,0.26490919244700195,0,116476.5255707234,0.6571536971614245
bi2.5,2.5,10.0,3,3,inside the Turing band,random,1,a,,,600,,,,,,2.2271793017487975,2.904289514500192,0.48694686130641796,12.903225806451612,267.98984429021635,267.64560815084747,0.9987154881175418,0.12501671257907251,0.2567358422717177,0.12514875422758248,0.25700700460790304,0,116653.83712595538,0.6823316271601276
bi2.5,2.5,10.0,3,3,inside the Turing band,random,1,i,,,50,,,,,,2.2311484361891267,0.037927870388762004,0.4555309347705201,13.79310344827586,3.2321275024363807,3.0381331797991793,0.9399793719489815,0.1551376678857756,0.3405645062588961,0.1632816144243761,0.35844242829881895,0,1596.4496518248125,0.6693786656724179
bi2.5,2.5,10.0,3,3,inside the Turing band,random,1,i,,,100,,,,,,2.229192279550401,0.0382266366065606,0.4555309347705201,13.79310344827586,3.6222911146293257,3.4519653048320063,0.9529784314934199,0.13082842207544226,0.28719986303751,0.1377708542990813,0.30244017207851154,0,1578.2123350868728,0.6565974909898847
bi2.5,2.5,10.0,3,3,inside the Turing band,random,1,i,,,200,,,,,,2.2282310326376917,0.03828011204925505,0.4555309347705201,13.79310344827586,3.773960161085566,3.6273963019269773,0.9611644392355138,0.1275407844165552,0.27998270738913833,0.1318955153994777,0.2895423896204148,0,1571.5795631609915,0.6958626133306226
bi2.5,2.5,10.0,3,3,inside the Turing band,random,1,i,,,400,,,,,,2.2276498044813073,0.03818452964188096,0.48694686130641796,12.903225806451612,4.142886179533441,4.004853732468611,0.9666820566428462,0.11929849910964192,0.24499284950636885,0.12308506823531118,0.25276899394132907,0,1566.76269145956,0.7677656984099682
bi2.5,2.5,10.0,3,3,inside the Turing band,random,1,i,,,600,,,,,,2.227180514027494,0.03809152795603731,0.48694686130641796,12.903225806451612,4.28558097190275,4.151873261386637,0.968800563705894,0.11556064784732632,0.23731675266843585,0.11907404801846022,0.24453191401418903,0,1567.7697581171115,0.7887351415405095
bi2.5,2.5,10.0,3,3,inside the Turing band,random,2,a,cov10,6,10.01,1,6,10.01,5.477225575051661,1,2.272556639732496,1.870599352687956,0.48694686130641796,12.903225806451612,65.72752854494749,65.37892105529414,0.994696172252773,0.29484165803012913,0.6054904168374873,0.29563436254494824,0.6071183244754838,0,74432.28942939492,0.6605792532982924
bi2.5,2.5,10.0,3,3,inside the Turing band,random,2,a,cov20,6,10.01,1,6,10.01,5.477225575051661,1,2.272556639732496,1.870599352687956,0.48694686130641796,12.903225806451612,65.72752854494749,65.37892105529414,0.994696172252773,0.29484165803012913,0.6054904168374873,0.29563436254494824,0.6071183244754838,0,74432.28942939492,0.6605792532982924
bi2.5,2.5,10.0,3,3,inside the Turing band,random,2,a,t600,301,600.01,1,301,600.01,5.477225575051661,2,2.227353190715769,2.8984209067681044,0.5183627878423159,12.12121212121212,237.42121715387867,237.2948586469624,0.9994677876373855,0.139487248540833,0.2690919406492283,0.13953318683893612,0.2691805625549294,0,115721.53933432543,0.7249814246710989
bi2.5,2.5,10.0,3,3,inside the Turing band,random,2,i,cov10,6,10.01,1,6,10.01,5.477225575051661,1,2.312580761659328,0.0290127224964467,0.2984513020910303,21.05263157894737,1.7779860387779551,1.529296945582765,0.8601287705464105,0.1736376055792217,0.5817954365173473,0.20150635548605306,0.6751733166323791,0,1087.4375600860892,0.4369529532763815
bi2.5,2.5,10.0,3,3,inside the Turing band,random,2,i,cov20,6,10.01,1,6,10.01,5.477225575051661,1,2.312580761659328,0.0290127224964467,0.2984513020910303,21.05263157894737,1.7779860387779551,1.529296945582765,0.8601287705464105,0.1736376055792217,0.5817954365173473,0.20150635548605306,0.6751733166323791,0,1087.4375600860892,0.4369529532763815
bi2.5,2.5,10.0,3,3,inside the Turing band,random,2,i,t600,301,600.01,1,301,600.01,5.477225575051661,1,2.227353715431331,0.037669914868017906,0.48694686130641796,12.903225806451612,3.1530139492750777,3.0698354393143434,0.9736193650586741,0.13586158039323537,0.27900699478529467,0.1383866776667686,0.28419256527394865,0,1431.6478870779451,0.8071130071247895
bi2.5,2.5,10.0,3,3,inside the Turing band,random,2,a,,,50,,,,,,2.2315898362894244,2.8283514385912487,0.48694686130641796,12.903225806451612,158.06503416777835,157.9106166200648,0.9990230758590818,0.16328689674266728,0.33532795817717936,0.16342116828865721,0.335603699857965,0,113092.97808334128,0.6046451113995082
bi2.5,2.5,10.0,3,3,inside the Turing band,random,2,a,,,100,,,,,,2.2290345507447547,2.862382711234498,0.5183627878423159,12.12121212121212,180.35695316090002,180.20143766069543,0.9991377349335356,0.15721007399360554,0.3032819439990902,0.15731941915416692,0.3034928873058359,0,114139.09393335633,0.6611173037929177
bi2.5,2.5,10.0,3,3,inside the Turing band,random,2,a,,,200,,,,,,2.227818345408939,2.8822953510095903,0.5183627878423159,12.12121212121212,203.5697364095821,203.4228773311627,0.9992785809864984,0.14917702295112503,0.2877849769503596,0.1492621750777125,0.28794924824564666,0,114792.33456798852,0.6335412848787558
bi2.5,2.5,10.0,3,3,inside the Turing band,random,2,a,,,400,,,,,,2.2273072073179385,2.894095841829394,0.5183627878423159,12.12121212121212,227.03337866616775,226.91208827692134,0.9994657596607204,0.14171582578335504,0.27339120227601,0.14176648829280808,0.27348893789793594,0,115422.24110793183,0.6922529331872253
bi2.5,2.5,10.0,3,3,inside the Turing band,random,2,a,,,600,,,,,,2.227353190715769,2.8984209067681044,0.5183627878423159,12.12121212121212,237.42121715387867,237.2948586469624,0.9994677876373855,0.139487248540833,0.2690919406492283,0.13953318683893612,0.2691805625549294,0,115721.53933432543,0.7249814246710989
bi2.5,2.5,10.0,3,3,inside the Turing band,random,2,i,,,50,,,,,,2.231706449527585,0.03777305213521755,0.48694686130641796,12.903225806451612,2.4990211152338913,2.403200712723609,0.9616568255761561,0.13481614464145716,0.2768600752036109,0.1388025347758261,0.28504657449364423,0,1382.5470052147025,0.5582446117086952
bi2.5,2.5,10.0,3,3,inside the Turing band,random,2,i,,,100,,,,,,2.2290549626691747,0.03808486495970799,0.48694686130641796,12.903225806451612,2.737348647530982,2.6372700256676804,0.9634395779457725,0.13586562879689726,0.27901530863631946,0.13971476472237454,0.2869199410127363,0,1415.9850485024558,0.6065725134006238
bi2.5,2.5,10.0,3,3,inside the Turing band,random,2,i,,,200,,,,,,2.227823018171335,0.038094516044416694,0.48694686130641796,12.903225806451612,2.933695708119992,2.839554011608832,0.9679102040983353,0.13450331486190228,0.27621764416151406,0.13785619421453632,0.28310315800102964,0,1437.2865752685098,0.6448458273578495
bi2.5,2.5,10.0,3,3,inside the Turing band,random,2,i,,,400,,,,,,2.2273059861889704,0.03777020722667183,0.48694686130641796,12.903225806451612,3.0504211442449507,2.972149525862839,0.9743407173367579,0.13640235414469506,0.280117534341929,0.13886811591523163,0.28518125271957956,0,1434.3585565426665,0.7782386469652074
bi2.5,2.5,10.0,3,3,inside the Turing band,random,2,i,,,600,,,,,,2.227353715431331,0.037669914868017906,0.48694686130641796,12.903225806451612,3.1530139492750777,3.0698354393143434,0.9736193650586741,0.13586158039323537,0.27900699478529467,0.1383866776667686,0.28419256527394865,0,1431.6478870779451,0.8071130071247895
bi2.5,2.5,10.0,3,3,inside the Turing band,random,3,a,cov10,6,10.01,1,6,10.01,5.477225575051661,3,2.27501266279029,1.8398767715210131,0.48694686130641796,12.903225806451612,61.002450417478556,60.79312440360743,0.9965685638455738,0.3396541464565818,0.6975178883899814,0.34117633533705854,0.7006438739983348,0,73205.95005285752,0.6660521637787116
bi2.5,2.5,10.0,3,3,inside the Turing band,random,3,a,cov20,6,10.01,1,6,10.01,5.477225575051661,3,2.27501266279029,1.8398767715210131,0.48694686130641796,12.903225806451612,61.002450417478556,60.79312440360743,0.9965685638455738,0.3396541464565818,0.6975178883899814,0.34117633533705854,0.7006438739983348,0,73205.95005285752,0.6660521637787116
bi2.5,2.5,10.0,3,3,inside the Turing band,random,3,a,t600,301,600.01,1,301,600.01,5.477225575051661,1,2.225858800052583,2.9030981018036286,0.5183627878423159,12.12121212121212,207.8120380740723,207.69154013037283,0.9994201589820484,0.14283111428668954,0.27554276201272815,0.14287772052146935,0.27563267246902035,0,115269.94776696089,0.7303791541258708
bi2.5,2.5,10.0,3,3,inside the Turing band,random,3,i,cov10,6,10.01,1,6,10.01,5.477225575051661,1,2.3153977356242916,0.028987870903114173,0.4241150082346221,14.814814814814813,1.5323107827641402,1.4209045025389717,0.9272952448822409,0.2919089419453585,0.6882777932345023,0.30488794128187485,0.7188803399129172,0,1031.043842951829,0.7298717771183554
bi2.5,2.5,10.0,3,3,inside the Turing band,random,3,i,cov20,6,10.01,1,6,10.01,5.477225575051661,1,2.3153977356242916,0.028987870903114173,0.4241150082346221,14.814814814814813,1.5323107827641402,1.4209045025389717,0.9272952448822409,0.2919089419453585,0.6882777932345023,0.30488794128187485,0.7188803399129172,0,1031.043842951829,0.7298717771183554
bi2.5,2.5,10.0,3,3,inside the Turing band,random,3,i,t600,301,600.01,1,301,600.01,5.477225575051661,1,2.225860214136823,0.03774636831873762,0.48694686130641796,12.903225806451612,2.6788765315806913,2.6232547308307907,0.9792368927443325,0.17850562149862445,0.366581316531574,0.18049721702613047,0.37067128134244226,0,1433.2287847053665,0.8089501832731477
bi2.5,2.5,10.0,3,3,inside the Turing band,random,3,a,,,50,,,,,,2.2303178288199446,2.8290693368674003,0.48694686130641796,12.903225806451612,135.53925299839042,135.45973542233207,0.9994133243743103,0.253572055665674,0.5207386592150356,0.25363358197510594,0.5208650103927943,0,112755.87200311795,0.7202322467013876
bi2.5,2.5,10.0,3,3,inside the Turing band,random,3,a,,,100,,,,,,2.227955701540953,2.86364541941736,0.48694686130641796,12.903225806451612,152.66990778876234,152.56585628253654,0.999318454384804,0.2311212436156407,0.47463339838677904,0.23121599606069548,0.4748279831609792,0,114104.0260721476,0.7739700414561879
bi2.5,2.5,10.0,3,3,inside the Turing band,random,3,a,,,200,,,,,,2.2265279602311536,2.8852663006418378,0.48694686130641796,12.903225806451612,158.98450451841038,158.88057059279825,0.9993462638014506,0.21548030615797611,0.44251297889028224,0.21556159063699482,0.44267990568554,0,114669.12789057402,0.7213442864078273
bi2.5,2.5,10.0,3,3,inside the Turing band,random,3,a,,,400,,,,,,2.226051650568263,2.898065933140841,0.5183627878423159,12.12121212121212,179.7189739162404,179.60510599244265,0.9993664112290624,0.17590979641308793,0.3393565289385685,0.17616220979667963,0.3398434724258554,0,115005.02244385926,0.7592915202892946
bi2.5,2.5,10.0,3,3,inside the Turing band,random,3,a,,,600,,,,,,2.225858800052583,2.9030981018036286,0.5183627878423159,12.12121212121212,207.8120380740723,207.69154013037283,0.9994201589820484,0.14283111428668954,0.27554276201272815,0.14287772052146935,0.27563267246902035,0,115269.94776696089,0.7303791541258708
bi2.5,2.5,10.0,3,3,inside the Turing band,random,3,i,,,50,,,,,,2.230402678979151,0.03876327994886245,0.4241150082346221,14.814814814814813,2.778071135783668,2.7139600971132256,0.9769224632714967,0.16890110415692772,0.3982436388185795,0.1742807694311772,0.41092808801230724,0,1431.4869741231332,0.610270271552817
bi2.5,2.5,10.0,3,3,inside the Turing band,random,3,i,,,100,,,,,,2.2279875542415413,0.03851771273756692,0.4241150082346221,14.814814814814813,2.7340188750840433,2.6786617921816527,0.9797524869316461,0.18687061763330348,0.440613074295937,0.19335972915174882,0.4559134324357167,0,1451.8730221245464,0.7132161226302272
bi2.5,2.5,10.0,3,3,inside the Turing band,random,3,i,,,200,,,,,,2.226534977354713,0.03779887324608012,0.48694686130641796,12.903225806451612,2.517995701415883,2.4714399723907694,0.9815107988472994,0.20568910399399223,0.4224056469778939,0.2105850003806488,0.4324599193753409,0,1432.7367854716722,0.7586855580482946
bi2.5,2.5,10.0,3,3,inside the Turing band,random,3,i,,,400,,,,,,2.2260527457210637,0.03760667267431291,0.48694686130641796,12.903225806451612,2.5759565276850744,2.5265057090980774,0.980802929686303,0.19051783575477912,0.3912497459037798,0.1923462549574173,0.3950046098282186,0,1427.4131126047832,0.7883352285422011
bi2.5,2.5,10.0,3,3,inside the Turing band,random,3,i,,,600,,,,,,2.225860214136823,0.03774636831873762,0.48694686130641796,12.903225806451612,2.6788765315806913,2.6232547308307907,0.9792368927443325,0.17850562149862445,0.366581316531574,0.18049721702613047,0.37067128134244226,0,1433.2287847053665,0.8089501832731477
bi2.5,2.5,10.0,3,3,inside the Turing band,seed1,0,a,cov10,61,120.01,1,61,120.01,5.477225575051661,3,0.49558880103542813,1.5002917477972595,0.17278759594743864,36.36363636363636,209.76591310912156,19.114598848819412,0.09112347456984528,0.019519943962172794,0.11297074801660352,0.13754884561804379,0.7960574071525692,1,184468.31024726908,0.0589185693789473
bi2.5,2.5,10.0,3,3,inside the Turing band,seed1,0,a,cov20,91,180.01,1,91,180.01,5.477225575051661,3,0.9717608470480813,2.530672868587106,0.5183627878423159,12.12121212121212,372.79837348714665,367.89945485254674,0.9868590665008123,0.06594554568830945,0.12721890389317422,0.06675528808506709,0.1287810191062052,0,161009.29952496168,0.4329159411120269
bi2.5,2.5,10.0,3,3,inside the Turing band,seed1,0,a,t600,301,600.01,1,301,600.01,5.477225575051661,3,2.205394715335872,2.9985099653373846,0.5183627878423159,12.12121212121212,501.64271315015196,501.6312829930105,0.999977214545648,0.060947174608598345,0.11757629219931245,0.0609481908880497,0.11757825275565482,0,121428.67425490465,0.7129914705397069
bi2.5,2.5,10.0,3,3,inside the Turing band,seed1,0,i,cov10,61,120.01,1,46,90.01,5.477225575051661,1,0.48919517567558685,0.7829387997934586,0.26703537555513246,23.529411764705877,16.510631798668022,9.57815280188651,0.5801203078527387,0.027757216180821463,0.10394583909760179,0.047847344430265115,0.1791797971740508,0,85021.42464273059,0.008544526302565393
bi2.5,2.5,10.0,3,3,inside the Turing band,seed1,0,i,cov20,91,180.01,1,71,140.01,5.477225575051661,1,0.9621437237647902,1.1137258517827353,0.2356194490192345,26.666666666666664,8.850291819426573,4.263046562000514,0.481684293465108,0.024539645714138577,0.10414949112343995,0.17541463460088685,0.744482831663727,1,45282.441019025086,0.010494691340580144
bi2.5,2.5,10.0,3,3,inside the Turing band,seed1,0,i,t600,301,600.01,1,301,600.01,5.477225575051661,1,2.2054006461349105,0.04109250695675977,0.5183627878423159,12.12121212121212,6.182648749786787,6.171388747182492,0.9981787736842267,0.06004421345627063,0.11583434394703476,0.06012589828820497,0.11599192630797998,0,1494.9269189765068,0.7087543235157145
bi2.5,2.5,10.0,3,3,inside the Turing band,seed1,0,a,,,50,,,,,,0.1550808356496103,0.5211690002857166,0.2356194490192345,26.666666666666664,252.8074895799251,179.7590558105603,0.7110511484816177,0.07072861698944523,0.30018157365129644,0.08784425824758943,0.3728226112625294,0,116767.1906295538,0.20299532590982716
bi2.5,2.5,10.0,3,3,inside the Turing band,seed1,0,a,,,100,,,,,,0.37492382979363065,1.1947377566531492,0.1413716694115407,44.44444444444444,371.532388974953,199.48305891486328,0.5369197002318726,0.026614485938713957,0.18825897755538082,0.0495688385567158,0.35062780798335336,0,179415.510750981,0.049699032698320475
bi2.5,2.5,10.0,3,3,inside the Turing band,seed1,0,a,,,200,,,,,,1.1831235624193102,2.780404884422195,0.5183627878423159,12.12121212121212,450.5875617654434,440.1301880831814,0.9767916947345615,0.0557585900187445,0.1075667299553649,0.0570703644008938,0.11009734058736947,0,145390.67385558697,0.5220172913012515
bi2.5,2.5,10.0,3,3,inside the Turing band,seed1,0,a,,,400,,,,,,2.2062743302572816,2.982459040183653,0.5183627878423159,12.12121212121212,508.1564803692497,508.1469020255736,0.9999811507989248,0.05794947677035062,0.11179328094048804,0.057950406282032074,0.11179507410871549,0,121286.15227469156,0.696097616372147
bi2.5,2.5,10.0,3,3,inside the Turing band,seed1,0,a,,,600,,,,,,2.205394715335872,2.9985099653373846,0.5183627878423159,12.12121212121212,501.64271315015196,501.6312829930105,0.999977214545648,0.060947174608598345,0.11757629219931245,0.0609481908880497,0.11757825275565482,0,121428.67425490465,0.7129914705397069
bi2.5,2.5,10.0,3,3,inside the Turing band,seed1,0,i,,,50,,,,,,0.151387805256187,0.27762207467567934,0.20420352248333656,30.769230769230766,45.608543597007824,29.148984859164013,0.6391123802750928,0.05787266055127205,0.2834067691265932,0.07817320964602115,0.38282008407763995,0,60640.13105242424,0.05031983143559644
bi2.5,2.5,10.0,3,3,inside the Turing band,seed1,0,i,,,100,,,,,,0.3697022185208338,0.6199159107940083,0.1413716694115407,44.44444444444444,164.34697735753792,97.77006046208822,0.5949002654876263,0.027125099514832322,0.19187082976200603,0.045596045401994384,0.3225260449408841,0,85977.18512554784,0.04587644327761163
bi2.5,2.5,10.0,3,3,inside the Turing band,seed1,0,i,,,200,,,,,,1.1720310811628887,1.1226855618518565,0.1413716694115407,44.44444444444444,10.987411726242327,2.686404624081778,0.2444984033560489,0.029306128903450773,0.20729845679433143,0.11263127457244354,0.7967032931086617,1,30073.48423685036,0.008768451282631736
bi2.5,2.5,10.0,3,3,inside the Turing band,seed1,0,i,,,400,,,,,,2.206258606407745,0.04447656173331054,0.5183627878423159,12.12121212121212,6.380907521531734,6.370809636694241,0.9984174845343834,0.05650292257248087,0.10900265971574498,0.05658169123150031,0.10915461633930454,0,1516.6413806414582,0.6903961746291125
bi2.5,2.5,10.0,3,3,inside the Turing band,seed1,0,i,,,600,,,,,,2.2054006461349105,0.04109250695675977,0.5183627878423159,12.12121212121212,6.182648749786787,6.171388747182492,0.9981787736842267,0.06004421345627063,0.11583434394703476,0.06012589828820497,0.11599192630797998,0,1494.9269189765068,0.7087543235157145
bi2.5,2.5,10.0,3,3,inside the Turing band,seed36,1,a,cov10,6,10.01,1,6,10.01,5.477225575051661,29,0.7167024390669506,2.3758836463654434,0.17278759594743864,36.36363636363636,353.2586192261102,172.01013038650242,0.4869240862780022,0.06702633105180943,0.3879117056076097,0.15603508870327729,0.9030456604694158,1,86508.46821901173,0.31603905859513004
bi2.5,2.5,10.0,3,3,inside the Turing band,seed36,1,a,cov20,16,30.01,1,16,30.01,5.477225575051661,29,1.5548097826358254,3.1496222318907656,0.3298672286269283,19.047619047619047,146.46730382724866,61.76376841588585,0.4216898024471955,0.06891171715078077,0.2089074365999486,0.3111429966058117,0.9432370651093284,1,125370.39478204475,0.18628227568206548
bi2.5,2.5,10.0,3,3,inside the Turing band,seed36,1,a,t600,301,600.01,1,301,600.01,5.477225575051661,29,2.1900633526743873,3.054145551349731,0.48694686130641796,12.903225806451612,244.17069276076896,244.0534852733892,0.9995199772501174,0.14922510926305876,0.3064505002921804,0.1492683127628272,0.30653922352504515,0,122483.01158490726,0.7581210602867875
bi2.5,2.5,10.0,3,3,inside the Turing band,seed36,1,i,cov10,6,10.01,1,6,10.01,5.477225575051661,17,0.6361782005954355,0.5184165173933436,0.1413716694115407,44.44444444444444,127.99882202758083,37.91585052245249,0.2962203082953567,0.03701185352984375,0.26180530854523765,0.11744873668575673,0.830779866819405,1,18845.65354606144,0.32226228586049127
bi2.5,2.5,10.0,3,3,inside the Turing band,seed36,1,i,cov20,16,30.01,1,6,10.01,5.477225575051661,9,1.5257320452502234,0.7987901044055752,0.2984513020910303,21.05263157894737,9.13651889189177,0.32520552391151014,0.035594029603563206,0.032515776685199525,0.10894834921940438,0.2914374213633772,0.9764990781460426,1,32409.690150440896,0.043555901933646446
bi2.5,2.5,10.0,3,3,inside the Turing band,seed36,1,i,t600,301,600.01,1,301,600.01,5.477225575051661,1,2.190065001880181,0.04346237040155072,0.48694686130641796,12.903225806451612,3.905244439994609,3.838101090065404,0.9828068765064812,0.14261984858707158,0.29288585658903366,0.14457851863957283,0.29690820524376443,0,1683.593995840412,0.7204144377795803
bi2.5,2.5,10.0,3,3,inside the Turing band,seed36,1,a,,,50,,,,,,1.9578534534225547,3.0723511364690803,0.2356194490192345,26.666666666666664,174.56455740168377,71.53577293354378,0.40979551633116207,0.05670810643998765,0.24067667875481005,0.3548664667193823,1.5061000617585403,1,123861.57409382536,0.1307284872423505
bi2.5,2.5,10.0,3,3,inside the Turing band,seed36,1,a,,,100,,,,,,2.1772316567835706,2.988867303440102,0.4241150082346221,14.814814814814813,177.13340566965883,177.01182629545107,0.9993136282015912,0.22829589524554264,0.5382877069024835,0.22842065500816883,0.5385818718346455,0,118735.87075119038,0.6676596733805743
bi2.5,2.5,10.0,3,3,inside the Turing band,seed36,1,a,,,200,,,,,,2.1914063958758403,3.0378036007114613,0.4555309347705201,13.79310344827586,200.1749480832325,200.05809122687134,0.9994162263685835,0.18770832384741476,0.41206493241117725,0.18777094666370492,0.41220240455963125,0,121714.31055955982,0.7252830366497899
bi2.5,2.5,10.0,3,3,inside the Turing band,seed36,1,a,,,400,,,,,,2.190379519418385,3.0500439883869213,0.48694686130641796,12.903225806451612,229.6709315656543,229.5454194972527,0.9994535134788456,0.15977221391969604,0.3281101627620045,0.1598298764543633,0.32822857924488846,0,122294.89778134122,0.7419620624924667
bi2.5,2.5,10.0,3,3,inside the Turing band,seed36,1,a,,,600,,,,,,2.1900633526743873,3.054145551349731,0.48694686130641796,12.903225806451612,244.17069276076896,244.0534852733892,0.9995199772501174,0.14922510926305876,0.3064505002921804,0.1492683127628272,0.30653922352504515,0,122483.01158490726,0.7581210602867875
bi2.5,2.5,10.0,3,3,inside the Turing band,seed36,1,i,,,50,,,,,,1.9433480259908356,0.4532694021198198,0.2356194490192345,26.666666666666664,26.219180137038695,4.87173665204698,0.1858081231596136,0.02286604582427768,0.09704651258398893,0.2027850507543717,0.8606464856719769,1,18172.659681924244,0.09369321865321545
bi2.5,2.5,10.0,3,3,inside the Turing band,seed36,1,i,,,100,,,,,,2.176167457347364,0.09245744246112876,0.3612831551628263,17.391304347826082,5.604817750473685,5.530475329653957,0.9867359789150245,0.17722935511151633,0.4905552682954206,0.17938115335360572,0.49651125658698547,0,2489.0455186246163,0.7479850099420062
bi2.5,2.5,10.0,3,3,inside the Turing band,seed36,1,i,,,200,,,,,,2.191423033044954,0.04779237746820269,0.4555309347705201,13.79310344827586,4.037440149768027,3.96891512292434,0.9830276055367351,0.17166190414575289,0.37683918048777504,0.17344888116810847,0.3807620249884581,0,1925.96929115579,0.7334500091126426
bi2.5,2.5,10.0,3,3,inside the Turing band,seed36,1,i,,,400,,,,,,2.190382246743158,0.044442168907267786,0.4555309347705201,13.79310344827586,3.7783903787215887,3.7063924712302865,0.9809448203402258,0.15266286191449127,0.3351317117275411,0.15473165322634802,0.339673206396611,0,1717.054170552668,0.7651743867613727
bi2.5,2.5,10.0,3,3,inside the Turing band,seed36,1,i,,,600,,,,,,2.190065001880181,0.04346237040155072,0.48694686130641796,12.903225806451612,3.905244439994609,3.838101090065404,0.9828068765064812,0.14261984858707158,0.29288585658903366,0.14457851863957283,0.29690820524376443,0,1683.593995840412,0.7204144377795803
bi2.5,2.5,10.0,3,3,inside the Turing band,seed36,2,a,cov10,6,10.01,1,6,10.01,5.477225575051661,28,0.6849491828017668,2.2889479945525966,0.1413716694115407,44.44444444444444,423.75237130306635,51.625588531707365,0.12182961566198507,0.02493797105694644,0.1764000606398064,0.1250879831207983,0.8848164815586942,1,117770.71812776572,0.14323033152313913
bi2.5,2.5,10.0,3,3,inside the Turing band,seed36,2,a,cov20,16,30.01,1,16,30.01,5.477225575051661,28,1.5240055959763124,3.152506370904515,0.1413716694115407,44.44444444444444,377.2217916648123,17.921827226560765,0.04751005276621333,0.017687982207544178,0.12511688007342892,0.18282989592696858,1.2932569636335036,1,129595.02966090557,0.11976325327024559
bi2.5,2.5,10.0,3,3,inside the Turing band,seed36,2,a,t600,301,600.01,1,301,600.01,5.477225575051661,28,2.190802167994659,3.044590137646281,0.48694686130641796,12.903225806451612,239.19432646692184,238.98330377569158,0.9991177771883338,0.1493985564776949,0.30680669360282375,0.14947323890409586,0.30696006234248585,0,122695.50912984158,0.7490206185023381
bi2.5,2.5,10.0,3,3,inside the Turing band,seed36,2,i,cov10,6,10.01,1,6,10.01,5.477225575051661,18,0.609113725097434,0.5175088761281991,0.6440264939859076,9.75609756097561,0.07923727368016689,0.014950757725765887,0.18868339395564118,0.07079552791688346,0.10992642162704658,0.650860006666804,1.010610608018008,1,24403.36360817378,0.001000480388193603
bi2.5,2.5,10.0,3,3,inside the Turing band,seed36,2,i,cov20,16,30.01,1,16,30.01,5.477225575051661,10,1.4931285532258323,0.7962135986095824,1.0210176124166828,6.153846153846154,0.00296951971490721,0.00028833006475309985,0.09709653157231503,0.02741804884189532,0.02685364924998558,1.0035991680398637,0.9829401137012801,1,25147.154756650234,2.0310742742336246e-05
bi2.5,2.5,10.0,3,3,inside the Turing band,seed36,2,i,t600,301,600.01,1,301,600.01,5.477225575051661,1,2.190803421884373,0.04252112850148283,0.4555309347705201,13.79310344827586,4.413864582916997,4.280338823974801,0.9697485601486323,0.1251633228455151,0.27476360723683413,0.13074427614002188,0.2870151424642238,0,1705.9476925027484,0.7498777398724885
bi2.5,2.5,10.0,3,3,inside the Turing band,seed36,2,a,,,50,,,,,,1.9699296159981368,3.0626945616927133,0.39269908169872414,16.0,183.33722568692278,130.68580535252244,0.7128165317374718,0.10520749316498536,0.2679086814002274,0.1523358469648755,0.387920048872807,0,119955.74155985223,0.3826698029004421
bi2.5,2.5,10.0,3,3,inside the Turing band,seed36,2,a,,,100,,,,,,2.1932148265146143,2.964567317638742,0.4555309347705201,13.79310344827586,212.76984894503389,212.64098489601577,0.9993943500469777,0.15195029167236354,0.33356744860568155,0.1520280594055673,0.33373816749054264,0,120130.69282786621,0.5809447111228824
bi2.5,2.5,10.0,3,3,inside the Turing band,seed36,2,a,,,200,,,,,,2.1922166308329114,3.0290455409163597,0.4555309347705201,13.79310344827586,251.60049866562215,251.41080404185666,0.9992460482996991,0.11952540655278973,0.2623870245233779,0.1196137593191059,0.26258098010262015,0,121940.2870898748,0.5395546137864369
bi2.5,2.5,10.0,3,3,inside the Turing band,seed36,2,a,,,400,,,,,,2.191288534963623,3.04009031929071,0.4555309347705201,13.79310344827586,248.46555496810646,248.252706360961,0.9991433476275101,0.15238586290355421,0.33452363225413145,0.15246298292362248,0.334692929252824,0,122492.9451330876,0.7199923084628193
bi2.5,2.5,10.0,3,3,inside the Turing band,seed36,2,a,,,600,,,,,,2.190802167994659,3.044590137646281,0.48694686130641796,12.903225806451612,239.19432646692184,238.98330377569158,0.9991177771883338,0.1493985564776949,0.30680669360282375,0.14947323890409586,0.30696006234248585,0,122695.50912984158,0.7490206185023381
bi2.5,2.5,10.0,3,3,inside the Turing band,seed36,2,i,,,50,,,,,,1.9538734344599746,0.4270612412074268,0.20420352248333656,30.769230769230766,18.727994604736004,2.131281705127954,0.11380191793674414,0.01980663003597481,0.09699455619131678,0.1923487911714209,0.9419464896209955,1,8669.863219181705,0.08208477769354448
bi2.5,2.5,10.0,3,3,inside the Turing band,seed36,2,i,,,100,,,,,,2.1928155258147624,0.06810263613263141,0.39269908169872414,16.0,5.822031261847086,5.731419791780465,0.9844364507864436,0.1463464931072569,0.37266828451494277,0.1478221561487686,0.3764260295932565,0,2299.094089463373,0.7591922680711448
bi2.5,2.5,10.0,3,3,inside the Turing band,seed36,2,i,,,200,,,,,,2.192234838531089,0.04693160266935244,0.4555309347705201,13.79310344827586,5.080998859751297,4.964394583162111,0.977050914631598,0.12504385518147798,0.2745013469710252,0.12781560090998467,0.28058599571151743,0,1944.0705981109984,0.6831580484936808
bi2.5,2.5,10.0,3,3,inside the Turing band,seed36,2,i,,,400,,,,,,2.1912908445323604,0.043351920988537504,0.4555309347705201,13.79310344827586,4.882438900998608,4.748746932565211,0.972617789767722,0.10472962578806287,0.22990672596323639,0.10740983687317046,0.23579043413874765,0,1768.1983036147344,0.6875270469385206
bi2.5,2.5,10.0,3,3,inside the Turing band,seed36,2,i,,,600,,,,,,2.190803421884373,0.04252112850148283,0.4555309347705201,13.79310344827586,4.413864582916997,4.280338823974801,0.9697485601486323,0.1251633228455151,0.27476360723683413,0.13074427614002188,0.2870151424642238,0,1705.9476925027484,0.7498777398724885
bi2.5,2.5,10.0,3,3,inside the Turing band,seed36,3,a,cov10,6,10.01,1,6,10.01,5.477225575051661,30,0.7160098106218713,2.3823308359736934,0.1413716694115407,44.44444444444444,412.8337962232385,301.8984121223062,0.7312831819589102,0.11608628884359881,0.8211425197623241,0.19818405880215617,1.401865448905689,0,100528.51736264749,0.3848005831770534
bi2.5,2.5,10.0,3,3,inside the Turing band,seed36,3,a,cov20,16,30.01,1,16,30.01,5.477225575051661,30,1.5861747664632997,3.162098571950307,0.1413716694115407,44.44444444444444,529.411295460194,362.16709808144105,0.6840940138359253,0.07719711460047267,0.5460578836043,0.11094474917256593,0.7847735662624148,0,130078.49496726901,0.32503235009869236
bi2.5,2.5,10.0,3,3,inside the Turing band,seed36,3,a,t600,301,600.01,1,301,600.01,5.477225575051661,29,2.191012681797792,3.0475957673681653,0.48694686130641796,12.903225806451612,263.57099363743697,263.5205451556781,0.9998085962303263,0.12230469121170899,0.2511664021893081,0.12234000029157155,0.25123891334538745,0,122688.41253045731,0.6355203685378856
bi2.5,2.5,10.0,3,3,inside the Turing band,seed36,3,i,cov10,6,10.01,1,6,10.01,5.477225575051661,23,0.6331177514506173,0.49409950661683977,0.1413716694115407,44.44444444444444,156.56979436567778,93.87982366242963,0.5996036722330227,0.0802328152714107,0.5675310732721742,0.11074376250980987,0.7833518764458294,0,17809.20604563146,0.5526405636419417
bi2.5,2.5,10.0,3,3,inside the Turing band,seed36,3,i,cov20,16,30.01,1,16,30.01,5.477225575051661,8,1.558203426222733,0.7804681909032408,0.1413716694115407,44.44444444444444,211.9699333637711,89.80088171425892,0.4236491482032388,0.0519921988488175,0.36776957551138023,0.10720025975247,0.7582867217929227,1,21775.71834894821,0.561610561967217
bi2.5,2.5,10.0,3,3,inside the Turing band,seed36,3,i,t600,301,600.01,1,301,600.01,5.477225575051661,1,2.1910142878957632,0.04246802124644821,0.48694686130641796,12.903225806451612,4.114423209053953,4.080653131039067,0.9917922692200029,0.14916137989218833,0.3063196248806428,0.14986696839175473,0.30776863000960775,0,1727.00212567214,0.7920814870191545
bi2.5,2.5,10.0,3,3,inside the Turing band,seed36,3,a,,,50,,,,,,1.9491759797684178,3.0705677394197424,0.2984513020910303,21.05263157894737,180.7047468887361,147.61729122505542,0.8168976950890319,0.1777189172119783,0.5954704032679088,0.26548599209364626,0.8895454308075715,0,119839.05994906406,0.4968737394491276
bi2.5,2.5,10.0,3,3,inside the Turing band,seed36,3,a,,,100,,,,,,2.1610754925216877,2.9927169215239964,0.4241150082346221,14.814814814814813,211.33189592439288,211.2232949579121,0.999486111805292,0.16550854347527838,0.3902444861930432,0.1655534126181174,0.39035028094674873,0,119812.69302560137,0.6125992861058196
bi2.5,2.5,10.0,3,3,inside the Turing band,seed36,3,a,,,200,,,,,,2.1927732906724273,3.030178730217175,0.48694686130641796,12.903225806451612,220.3475825859647,220.28558998226387,0.9997186599327604,0.1620758642041504,0.33284096701911375,0.16209967123849373,0.33288985743454724,0,121818.4343822645,0.6614835557562282
bi2.5,2.5,10.0,3,3,inside the Turing band,seed36,3,a,,,400,,,,,,2.1915115654924207,3.042821186908483,0.48694686130641796,12.903225806451612,250.67721069923877,250.6241228813967,0.9997882224008556,0.13950712992338554,0.2864935396628397,0.13953057498479426,0.28654168672624986,0,122416.84740030779,0.617587280794313
bi2.5,2.5,10.0,3,3,inside the Turing band,seed36,3,a,,,600,,,,,,2.191012681797792,3.0475957673681653,0.48694686130641796,12.903225806451612,263.57099363743697,263.5205451556781,0.9998085962303263,0.12230469121170899,0.2511664021893081,0.12234000029157155,0.25123891334538745,0,122688.41253045731,0.6355203685378856
bi2.5,2.5,10.0,3,3,inside the Turing band,seed36,3,i,,,50,,,,,,1.9370065313097213,0.48759746441236385,0.1413716694115407,44.44444444444444,35.91525822185343,9.11224104706579,0.25371503639980086,0.027731756348672667,0.1961620490449469,0.09354788298757413,0.6617159108113175,1,7684.639952123479,0.17947790998341262
bi2.5,2.5,10.0,3,3,inside the Turing band,seed36,3,i,,,100,,,,,,2.159625586848923,0.1255814766566863,0.39269908169872414,16.0,6.133376369790335,6.068031524841944,0.9893460239501615,0.1689552609858314,0.4302410391564212,0.17276940611999364,0.4399536799847703,0,2416.545268048859,0.7960060906664909
bi2.5,2.5,10.0,3,3,inside the Turing band,seed36,3,i,,,200,,,,,,2.192791676837964,0.04747973254332843,0.4241150082346221,14.814814814814813,5.184223563489016,5.144023231087521,0.9922456406616772,0.1386018153191789,0.3268024300675156,0.13933395697146017,0.3285287110009087,0,2006.299246043459,0.7765975090667342
bi2.5,2.5,10.0,3,3,inside the Turing band,seed36,3,i,,,400,,,,,,2.191515802197359,0.04354925424190475,0.48694686130641796,12.903225806451612,3.954576392488648,3.919515096351184,0.9911339944768649,0.15621906205879021,0.3208133668624003,0.15690699916373363,0.32222612287256897,0,1796.0875974563132,0.7896081380085538
bi2.5,2.5,10.0,3,3,inside the Turing band,seed36,3,i,,,600,,,,,,2.1910142878957632,0.04246802124644821,0.48694686130641796,12.903225806451612,4.114423209053953,4.080653131039067,0.9917922692200029,0.14916137989218833,0.3063196248806428,0.14986696839175473,0.30776863000960775,0,1727.00212567214,0.7920814870191545
bi2.5,2.5,10.0,3,3,inside the Turing band,smallpert,1,a,cov10,6,10.01,1,6,10.01,5.477225575051661,1,2.406507614531238,0.03599835304629919,0.6440264939859076,9.75609756097561,1.4788136151323508,1.4752982750788837,0.9976228646953913,0.23730126731342738,0.36846507019417735,0.23768235496229945,0.36905679685826764,0,1375.3825768843733,0.5515753404477961
bi2.5,2.5,10.0,3,3,inside the Turing band,smallpert,1,a,cov20,6,10.01,1,6,10.01,5.477225575051661,1,2.406507614531238,0.03599835304629919,0.6440264939859076,9.75609756097561,1.4788136151323508,1.4752982750788837,0.9976228646953913,0.23730126731342738,0.36846507019417735,0.23768235496229945,0.36905679685826764,0,1375.3825768843733,0.5515753404477961
bi2.5,2.5,10.0,3,3,inside the Turing band,smallpert,1,a,t600,301,600.01,1,301,600.01,5.477225575051661,2,2.2371810617310044,2.8510961517959696,0.5183627878423159,12.12121212121212,202.58979443688506,202.4683732844467,0.9994006551377582,0.13877905701576113,0.26772573238412556,0.13887368924272114,0.26790829222287077,0,113741.12601161293,0.6488303635273173
bi2.5,2.5,10.0,3,3,inside the Turing band,smallpert,1,i,cov10,6,10.01,1,6,10.01,5.477225575051661,1,2.408385831273657,0.0004618849957601295,0.4555309347705201,13.79310344827586,0.023719535044265515,0.02255488679858418,0.9508991958102104,0.2440928082302586,0.5358424414210721,0.260569098837735,0.5720118634072573,0,18.651828365721393,0.6147455589151836
bi2.5,2.5,10.0,3,3,inside the Turing band,smallpert,1,i,cov20,6,10.01,1,6,10.01,5.477225575051661,1,2.408385831273657,0.0004618849957601295,0.4555309347705201,13.79310344827586,0.023719535044265515,0.02255488679858418,0.9508991958102104,0.2440928082302586,0.5358424414210721,0.260569098837735,0.5720118634072573,0,18.651828365721393,0.6147455589151836
bi2.5,2.5,10.0,3,3,inside the Turing band,smallpert,1,i,t600,301,600.01,1,301,600.01,5.477225575051661,1,2.2371810203878906,0.03447366391654326,0.48694686130641796,12.903225806451612,3.1615271799627926,3.0849310101974385,0.975772414594185,0.14077811396762527,0.2891036479626033,0.1436639529247546,0.29503004196252963,0,1376.9946755946924,0.7087254919568156
bi2.5,2.5,10.0,3,3,inside the Turing band,smallpert,1,a,,,50,,,,,,2.2419201880409547,2.7741395976749432,0.6440264939859076,9.75609756097561,134.6594757374912,134.4928975920944,0.9987629675187395,0.2414084494704998,0.3748424198768789,0.24153002806751162,0.3750311987518897,0,111107.0178343206,0.7776716788680356
bi2.5,2.5,10.0,3,3,inside the Turing band,smallpert,1,a,,,100,,,,,,2.23938504106594,2.81499800807262,0.5183627878423159,12.12121212121212,143.72601920224727,143.56170598739007,0.9988567608302991,0.23676198224103814,0.45674957345329403,0.23688047448756616,0.45697816286848186,0,112298.92126108479,0.8120053996215183
bi2.5,2.5,10.0,3,3,inside the Turing band,smallpert,1,a,,,200,,,,,,2.238321473666972,2.8336429531515686,0.5183627878423159,12.12121212121212,175.84452506874436,175.69643942436085,0.9991578603637183,0.20604620484592984,0.39749420614006026,0.20616240305455896,0.39771837001014204,0,113018.5312602637,0.7859362824257512
bi2.5,2.5,10.0,3,3,inside the Turing band,smallpert,1,a,,,400,,,,,,2.237535089493634,2.845628562168619,0.5183627878423159,12.12121212121212,199.02060294219007,198.8930999822809,0.9993593479367249,0.14259157093010008,0.27508064674865496,0.14271160827108575,0.275312216884091,0,113515.45625281722,0.6201617559306818
bi2.5,2.5,10.0,3,3,inside the Turing band,smallpert,1,a,,,600,,,,,,2.2371810617310044,2.8510961517959696,0.5183627878423159,12.12121212121212,202.58979443688506,202.4683732844467,0.9994006551377582,0.13877905701576113,0.26772573238412556,0.13887368924272114,0.26790829222287077,0,113741.12601161293,0.6488303635273173
bi2.5,2.5,10.0,3,3,inside the Turing band,smallpert,1,i,,,50,,,,,,2.2420625693138487,0.02967155980711093,0.48694686130641796,12.903225806451612,1.8001054081062635,1.6992295227990688,0.9439611231359404,0.17263900126099851,0.35453355382110796,0.18047031471534558,0.37061603442964214,0,1197.159636473265,0.6480991621425375
bi2.5,2.5,10.0,3,3,inside the Turing band,smallpert,1,i,,,100,,,,,,2.2394038679916934,0.032067223218624166,0.48694686130641796,12.903225806451612,2.2224024288811104,2.1201229601051588,0.953977971115049,0.15652369993166076,0.3214389749052435,0.16266731692115116,0.3340555815160918,0,1266.359479136663,0.6317418169615622
bi2.5,2.5,10.0,3,3,inside the Turing band,smallpert,1,i,,,200,,,,,,2.2383304062160336,0.033379849772274234,0.48694686130641796,12.903225806451612,2.6222484968916584,2.530154577234045,0.9648797893232548,0.14841908425166403,0.3047952375203201,0.15282155947053544,0.31383621420319696,0,1317.7347204079329,0.6436690557338555
bi2.5,2.5,10.0,3,3,inside the Turing band,smallpert,1,i,,,400,,,,,,2.2375375796391213,0.03422897758927765,0.48694686130641796,12.903225806451612,3.0422846650398663,2.9631474090437218,0.9739875571456074,0.13842138753422606,0.28426384588014114,0.14167646798171968,0.29094851869795263,0,1360.2979507844466,0.6903285264662861
bi2.5,2.5,10.0,3,3,inside the Turing band,smallpert,1,i,,,600,,,,,,2.2371810203878906,0.03447366391654326,0.48694686130641796,12.903225806451612,3.1615271799627926,3.0849310101974385,0.975772414594185,0.14077811396762527,0.2891036479626033,0.1436639529247546,0.29503004196252963,0,1376.9946755946924,0.7087254919568156
bi2.5,2.5,10.0,3,3,inside the Turing band,smallpert,2,a,cov10,6,10.01,1,6,10.01,5.477225575051661,1,2.4066699427798652,0.0353089137751444,0.5497787143782138,11.428571428571429,1.1896552972448322,1.1875135543917994,0.9981996946022995,0.33088807807586385,0.6018568369822941,0.3311478823575002,0.6023293985326811,0,1450.2329279835171,0.7820838299776558
bi2.5,2.5,10.0,3,3,inside the Turing band,smallpert,2,a,cov20,6,10.01,1,6,10.01,5.477225575051661,1,2.4066699427798652,0.0353089137751444,0.5497787143782138,11.428571428571429,1.1896552972448322,1.1875135543917994,0.9981996946022995,0.33088807807586385,0.6018568369822941,0.3311478823575002,0.6023293985326811,0,1450.2329279835171,0.7820838299776558
bi2.5,2.5,10.0,3,3,inside the Turing band,smallpert,2,a,t600,301,600.01,1,301,600.01,5.477225575051661,2,2.2362928353748264,2.86233772049006,0.5183627878423159,12.12121212121212,334.10965417854544,333.998398635345,0.9996670088942087,0.08778856048666588,0.16935737391969355,0.08781511440615153,0.16940860043538575,0,114670.20795948367,0.6138937374169529
bi2.5,2.5,10.0,3,3,inside the Turing band,smallpert,2,i,cov10,6,10.01,1,6,10.01,5.477225575051661,1,2.408491694068946,0.0004347475917681107,0.48694686130641796,12.903225806451612,0.02264868199865628,0.02164820044214546,0.9558260583741616,0.14044234328305005,0.28841410519879046,0.145425288529894,0.29864714219480953,0,16.94259390771241,0.49683792658471343
bi2.5,2.5,10.0,3,3,inside the Turing band,smallpert,2,i,cov20,6,10.01,1,6,10.01,5.477225575051661,1,2.408491694068946,0.0004347475917681107,0.48694686130641796,12.903225806451612,0.02264868199865628,0.02164820044214546,0.9558260583741616,0.14044234328305005,0.28841410519879046,0.145425288529894,0.29864714219480953,0,16.94259390771241,0.49683792658471343
bi2.5,2.5,10.0,3,3,inside the Turing band,smallpert,2,i,t600,301,600.01,1,301,600.01,5.477225575051661,1,2.236293325065176,0.034783854003110966,0.5183627878423159,12.12121212121212,4.2397216769290855,4.170179038063768,0.9835973575237872,0.09026158284050197,0.17412820703472104,0.09158251499626996,0.17667648439326056,0,1384.3852597499908,0.7292716076629397
bi2.5,2.5,10.0,3,3,inside the Turing band,smallpert,2,a,,,50,,,,,,2.2414828177312347,2.779715482460683,0.5183627878423159,12.12121212121212,157.00712283831606,156.81282758730222,0.9987625067735689,0.17914989154163316,0.3456071611300345,0.17941516698194687,0.34611891746466245,0,111847.84141502893,0.674753440072486
bi2.5,2.5,10.0,3,3,inside the Turing band,smallpert,2,a,,,100,,,,,,2.238811131063284,2.822447295462709,0.5183627878423159,12.12121212121212,187.7592005250256,187.5653838273406,0.9989677379476318,0.14861197279897184,0.28669490998296554,0.14879315864830284,0.28704444481374536,0,113019.26155979742,0.6701485138493851
bi2.5,2.5,10.0,3,3,inside the Turing band,smallpert,2,a,,,200,,,,,,2.2371648998424294,2.845190412187152,0.5183627878423159,12.12121212121212,229.29001691728928,229.12363851409947,0.9992743757210771,0.11633157547402727,0.22442115484071923,0.11639690588944801,0.22454718706554902,0,113597.04365262008,0.6428593823945001
bi2.5,2.5,10.0,3,3,inside the Turing band,smallpert,2,a,,,400,,,,,,2.236511855376391,2.8574284965115035,0.5183627878423159,12.12121212121212,297.99662317128417,297.875841459664,0.9995946876500317,0.0930410927755426,0.17949030091999071,0.0930756710826241,0.17955700768963642,0,114184.92304647164,0.6603600114095849
bi2.5,2.5,10.0,3,3,inside the Turing band,smallpert,2,a,,,600,,,,,,2.2362928353748264,2.86233772049006,0.5183627878423159,12.12121212121212,334.10965417854544,333.998398635345,0.9996670088942087,0.08778856048666588,0.16935737391969355,0.08781511440615153,0.16940860043538575,0,114670.20795948367,0.6138937374169529
bi2.5,2.5,10.0,3,3,inside the Turing band,smallpert,2,i,,,50,,,,,,2.2416440656060432,0.03077922357403192,0.48694686130641796,12.903225806451612,2.245199173176613,2.1344658174121753,0.9506799409658757,0.1343275044858495,0.2758565978338283,0.13964760914142282,0.2867820294944825,0,1227.4797333798087,0.6578084291760188
bi2.5,2.5,10.0,3,3,inside the Turing band,smallpert,2,i,,,100,,,,,,2.2388331676963107,0.033125352200652505,0.48694686130641796,12.903225806451612,2.461221859463854,2.3458262934138863,0.9531145209009703,0.14277429428917834,0.2932030281623187,0.14790862384469505,0.30374694981681283,0,1333.1478049526354,0.6974675548444506
bi2.5,2.5,10.0,3,3,inside the Turing band,smallpert,2,i,,,200,,,,,,2.2371703850324995,0.0342191984006449,0.5183627878423159,12.12121212121212,2.9054837488377956,2.8013883540722153,0.9641727836862901,0.12797412543867673,0.24688138971427476,0.13269126409197335,0.2559814616406021,0,1376.332956261272,0.6698892489793155
bi2.5,2.5,10.0,3,3,inside the Turing band,smallpert,2,i,,,400,,,,,,2.2365138851986908,0.03462339707165237,0.5183627878423159,12.12121212121212,3.7697288146774857,3.6953042516780044,0.9802573164653892,0.09543424220474865,0.18410704711654455,0.09714456513968933,0.1874065180181112,0,1382.0524267107219,0.6662842117191078
bi2.5,2.5,10.0,3,3,inside the Turing band,smallpert,2,i,,,600,,,,,,2.236293325065176,0.034783854003110966,0.5183627878423159,12.12121212121212,4.2397216769290855,4.170179038063768,0.9835973575237872,0.09026158284050197,0.17412820703472104,0.09158251499626996,0.17667648439326056,0,1384.3852597499908,0.7292716076629397
bi2.5,2.5,10.0,3,3,inside the Turing band,smallpert,3,a,cov10,6,10.01,1,6,10.01,5.477225575051661,1,2.4063519443874415,0.03714975029763895,0.6440264939859076,9.75609756097561,1.377861716953261,1.3743580239580668,0.9974571519390628,0.1718245670535735,0.266797357962937,0.1721360400444799,0.26728099177896014,0,1483.323990177742,0.520952850425266
bi2.5,2.5,10.0,3,3,inside the Turing band,smallpert,3,a,cov20,6,10.01,1,6,10.01,5.477225575051661,1,2.4063519443874415,0.03714975029763895,0.6440264939859076,9.75609756097561,1.377861716953261,1.3743580239580668,0.9974571519390628,0.1718245670535735,0.266797357962937,0.1721360400444799,0.26728099177896014,0,1483.323990177742,0.520952850425266
bi2.5,2.5,10.0,3,3,inside the Turing band,smallpert,3,a,t600,301,600.01,1,301,600.01,5.477225575051661,1,2.239948292346022,2.836915897689294,0.5183627878423159,12.12121212121212,198.4167779966957,198.26815072477785,0.9992509339511584,0.14985341854259757,0.2890898460639162,0.1499447357468885,0.28926601072394326,0,112697.34616990184,0.7243940264189878
bi2.5,2.5,10.0,3,3,inside the Turing band,smallpert,3,i,cov10,6,10.01,1,6,10.01,5.477225575051661,1,2.4082756807595898,0.00046321368385191837,0.48694686130641796,12.903225806451612,0.021574837990547716,0.020226741970338604,0.9375153583633057,0.21814680334448286,0.4479889299609039,0.2355414440875826,0.4837107758650588,0,17.983727165572,0.5567498718743554
bi2.5,2.5,10.0,3,3,inside the Turing band,smallpert,3,i,cov20,6,10.01,1,6,10.01,5.477225575051661,1,2.4082756807595898,0.00046321368385191837,0.48694686130641796,12.903225806451612,0.021574837990547716,0.020226741970338604,0.9375153583633057,0.21814680334448286,0.4479889299609039,0.2355414440875826,0.4837107758650588,0,17.983727165572,0.5567498718743554
bi2.5,2.5,10.0,3,3,inside the Turing band,smallpert,3,i,t600,301,600.01,1,301,600.01,5.477225575051661,1,2.2399494281715766,0.033694830036964774,0.48694686130641796,12.903225806451612,2.9863282507595312,2.880368058161706,0.9645182365431946,0.1349427427322757,0.2771200585834788,0.14103584603988778,0.2896329296825245,0,1310.536252780387,0.7955245022111813
bi2.5,2.5,10.0,3,3,inside the Turing band,smallpert,3,a,,,50,,,,,,2.2453191743289005,2.75315179299353,0.6440264939859076,9.75609756097561,119.99802812849649,119.8118263047387,0.9984482926372891,0.2754640182472588,0.42772156241958337,0.2756502314484614,0.4280107014580259,0,109858.25860762666,0.7994716800532212
bi2.5,2.5,10.0,3,3,inside the Turing band,smallpert,3,a,,,100,,,,,,2.2432279040772993,2.7911220291527914,0.5183627878423159,12.12121212121212,142.7654154808256,142.56105559442653,0.9985685616806368,0.24482186294808375,0.47229829897156445,0.2449621468457645,0.47256892776855947,0,111398.56125167552,0.7903592087438462
bi2.5,2.5,10.0,3,3,inside the Turing band,smallpert,3,a,,,200,,,,,,2.241621280738394,2.813394634285844,0.48694686130641796,12.903225806451612,168.7103970264879,168.54115198265885,0.998996830978932,0.1959997024256457,0.40250737400751047,0.1963476587004664,0.40322194124773697,0,112139.81958907159,0.6998620541247397
bi2.5,2.5,10.0,3,3,inside the Turing band,smallpert,3,a,,,400,,,,,,2.2408661224614157,2.8261581687085062,0.5183627878423159,12.12121212121212,190.49176028445564,190.3368035131214,0.999186543443649,0.16018232030843815,0.3090158554305118,0.16029411122942083,0.3092315169779929,0,112606.60019113595,0.7014254334617832
bi2.5,2.5,10.0,3,3,inside the Turing band,smallpert,3,a,,,600,,,,,,2.239948292346022,2.836915897689294,0.5183627878423159,12.12121212121212,198.4167779966957,198.26815072477785,0.9992509339511584,0.14985341854259757,0.2890898460639162,0.1499447357468885,0.28926601072394326,0,112697.34616990184,0.7243940264189878
bi2.5,2.5,10.0,3,3,inside the Turing band,smallpert,3,i,,,50,,,,,,2.2454442848863523,0.028890467323590595,0.48694686130641796,12.903225806451612,1.7949156713384329,1.6705868639096506,0.9307327862728655,0.1599511255394429,0.32847757784147924,0.16864196352847793,0.34632518849394056,0,1108.401951242579,0.5842177803057964
bi2.5,2.5,10.0,3,3,inside the Turing band,smallpert,3,i,,,100,,,,,,2.2432444612365403,0.031140101199201502,0.48694686130641796,12.903225806451612,2.271235668344061,2.1291472592234855,0.9374400415152995,0.15317893994075069,0.3145701350857681,0.16053326403215107,0.32967306453410594,0,1227.8013216268832,0.6448448490431617
bi2.5,2.5,10.0,3,3,inside the Turing band,smallpert,3,i,,,200,,,,,,2.241628396991861,0.032697912399890956,0.48694686130641796,12.903225806451612,2.6885426642001646,2.5712534162102934,0.95637441445447,0.1498941973141954,0.3078245476560787,0.1553558061850434,0.31904057409517556,0,1299.7995310733154,0.654740526383092
bi2.5,2.5,10.0,3,3,inside the Turing band,smallpert,3,i,,,400,,,,,,2.2408692304925784,0.033377537488795,0.48694686130641796,12.903225806451612,2.9574022963361313,2.856795235120466,0.9659812730448254,0.14059879329649022,0.2887353928502201,0.1455914658795146,0.29898840602219057,0,1318.059001074134,0.6862208718470054
bi2.5,2.5,10.0,3,3,inside the Turing band,smallpert,3,i,,,600,,,,,,2.2399494281715766,0.033694830036964774,0.48694686130641796,12.903225806451612,2.9863282507595312,2.880368058161706,0.9645182365431946,0.1349427427322757,0.2771200585834788,0.14103584603988778,0.2896329296825245,0,1310.536252780387,0.7955245022111813
bi20,20.0,10.0,3,3,"arrests, small domains",nucl,1,a,t600,301,600.01,1,301,600.01,5.477225575051661,0,0.12547758192613506,0.13915134684071973,0.48694686130641796,12.903225806451612,0.8115104567655709,0.597908744784633,0.736785015892108,0.32983399442626,0.6773511046797926,0.6700158276256837,1.375952656986256,0,5109.831884637311,0.15859446548014572
bi20,20.0,10.0,3,3,"arrests, small domains",nucl,1,i,t600,301,600.01,1,301,600.01,5.477225575051661,36,0.6701496162115362,0.03670281447391087,0.17278759594743864,36.36363636363636,4.3950436839158895,2.4578511383868626,0.5592324707446298,0.054415672110855434,0.3149281162949248,0.0909085692732059,0.5261290243360984,0,1497.0476712957302,0.2069319770004258
bi20,20.0,10.0,3,3,"arrests, small domains",nucl,1,a,,,50,,,,,,0.12118327974508251,0.13330723294595898,0.4241150082346221,14.814814814814813,0.8625180478615635,0.7059961105379972,0.8185290873488035,0.20708023362373554,0.4882643377458077,0.25863655055091883,0.6098264516209718,0,4709.097294825052,0.05850834047634645
bi20,20.0,10.0,3,3,"arrests, small domains",nucl,1,a,,,100,,,,,,0.1230359667397534,0.14292312185947575,0.4241150082346221,14.814814814814813,0.9517843915886718,0.6319594959771342,0.6639733762835703,0.12881186054044122,0.30371917531666787,0.4206769616792111,0.9918935984611299,0,5035.89970594063,0.050168975103839344
bi20,20.0,10.0,3,3,"arrests, small domains",nucl,1,a,,,200,,,,,,0.1186872450440241,0.1312072680537077,0.5811946409141118,10.81081081081081,0.771651909626495,0.5105660591371348,0.6616533345770708,0.5521265015493633,0.9499855344174721,0.9484862711280111,1.631959767619704,0,4962.460723959431,0.2703853656270128
bi20,20.0,10.0,3,3,"arrests, small domains",nucl,1,a,,,400,,,,,,0.11765236772200906,0.1303428061414381,0.48694686130641796,12.903225806451612,0.7539092170643239,0.5547444788832187,0.7358239776446288,0.20552147153983497,0.4220613949301293,0.8355720361538823,1.7159409014612936,0,4265.0203258309475,0.09599731853813069
bi20,20.0,10.0,3,3,"arrests, small domains",nucl,1,a,,,600,,,,,,0.12547758192613506,0.13915134684071973,0.48694686130641796,12.903225806451612,0.8115104567655709,0.597908744784633,0.736785015892108,0.32983399442626,0.6773511046797926,0.6700158276256837,1.375952656986256,0,5109.831884637311,0.15859446548014572
bi20,20.0,10.0,3,3,"arrests, small domains",nucl,1,i,,,50,,,,,,0.6647985674824374,0.03878844036854819,0.17278759594743864,36.36363636363636,3.731305710008627,1.7317559761578032,0.4641152751200864,0.05310755206003429,0.3073574336678046,0.23251547344024331,1.3456722524860736,1,1440.1677667846363,0.12960377274914034
bi20,20.0,10.0,3,3,"arrests, small domains",nucl,1,i,,,100,,,,,,0.6585506878104171,0.04044857987200343,0.10995574287564278,57.14285714285713,8.299749685123567,1.444975429251813,0.1740986757518459,0.022844789231463766,0.2077634931474262,0.08160967023163776,0.74220470979798,1,1745.7452271541968,0.08557691695698305
bi20,20.0,10.0,3,3,"arrests, small domains",nucl,1,i,,,200,,,,,,0.6539983948748125,0.03593347031395032,0.10995574287564278,57.14285714285713,5.159472749475592,0.4432073579657301,0.0859016762925587,0.019540949224208053,0.17771649495659705,0.1918499034828166,1.7447920269139021,1,1528.9378703829052,0.060741846539063275
bi20,20.0,10.0,3,3,"arrests, small domains",nucl,1,i,,,400,,,,,,0.6414154476150826,0.03693447373788521,0.1413716694115407,44.44444444444444,3.8246407498034256,0.6965090985413851,0.18211098613044466,0.023426854829518493,0.16571109987618263,0.18674851818102095,1.3209755459376076,1,1250.3633591743874,0.07341176252628828
bi20,20.0,10.0,3,3,"arrests, small domains",nucl,1,i,,,600,,,,,,0.6701496162115362,0.03670281447391087,0.17278759594743864,36.36363636363636,4.3950436839158895,2.4578511383868626,0.5592324707446298,0.054415672110855434,0.3149281162949248,0.0909085692732059,0.5261290243360984,0,1497.0476712957302,0.2069319770004258
bi20,20.0,10.0,3,3,"arrests, small domains",nucl,2,a,t600,301,600.01,1,301,600.01,5.477225575051661,0,0.12331170395794713,0.14001738811371225,0.6126105674500097,10.256410256410255,0.8896393007866328,0.5054115319573715,0.5681083687630244,0.214219030026318,0.34968223110809904,0.9575526831276794,1.5630691568274613,0,5376.953902626834,0.12522738044427956
bi20,20.0,10.0,3,3,"arrests, small domains",nucl,2,i,t600,301,600.01,1,301,600.01,5.477225575051661,32,0.6675161615237788,0.03784211713899672,0.10995574287564278,57.14285714285713,7.123367554101195,2.9600266537760263,0.4155375433451873,0.036367310092634206,0.3307449810399147,0.11541809704166389,1.0496777523680496,1,1658.3573269545714,0.18298452969806409
bi20,20.0,10.0,3,3,"arrests, small domains",nucl,2,a,,,50,,,,,,0.12422982380829425,0.13945173130051017,0.5811946409141118,10.81081081081081,0.9363909029764685,0.7517621892669982,0.8028294453495881,0.3629084250043188,0.6244180511257483,0.599863097876913,1.0321208346543582,0,5362.6704750104445,0.1676154935155639
bi20,20.0,10.0,3,3,"arrests, small domains",nucl,2,a,,,100,,,,,,0.12202614662938986,0.14190165341914532,0.39269908169872414,16.0,0.930100771339256,0.6828765231453487,0.7341962765626697,0.26068274922841406,0.663823169895793,0.5660435283861551,1.4414180087653465,0,5002.6869513937945,0.1157698936509585
bi20,20.0,10.0,3,3,"arrests, small domains",nucl,2,a,,,200,,,,,,0.12496062331530486,0.14665162411524185,0.5183627878423159,12.12121212121212,0.9610956375518167,0.49730791868125845,0.5174385349912136,0.07757170802930818,0.14964752456903835,0.6437847071381118,1.2419577991272566,0,5441.143434296064,0.049266229859881314
bi20,20.0,10.0,3,3,"arrests, small domains",nucl,2,a,,,400,,,,,,0.11626036029702345,0.12906735218701865,0.26703537555513246,23.529411764705877,0.6557651908731061,0.37733808252488765,0.575416456647368,0.05429103609656081,0.2033102767140746,0.9753711986166187,3.652591708454157,0,3919.8595008940424,0.017467861354692027
bi20,20.0,10.0,3,3,"arrests, small domains",nucl,2,a,,,600,,,,,,0.12331170395794713,0.14001738811371225,0.6126105674500097,10.256410256410255,0.8896393007866328,0.5054115319573715,0.5681083687630244,0.214219030026318,0.34968223110809904,0.9575526831276794,1.5630691568274613,0,5376.953902626834,0.12522738044427956
bi20,20.0,10.0,3,3,"arrests, small domains",nucl,2,i,,,50,,,,,,0.677419484403318,0.04126736648747797,0.26703537555513246,23.529411764705877,3.999881548277932,2.3205145309783095,0.5801458125622145,0.055578701935473956,0.2081323563214534,0.16384997065914608,0.6135890060203556,0,1525.4391677281167,0.27269303138370654
bi20,20.0,10.0,3,3,"arrests, small domains",nucl,2,i,,,100,,,,,,0.6518475501963705,0.04058826983273139,0.6440264939859076,9.75609756097561,0.19317185177578983,0.004301281032066062,0.022266603506283417,0.017198259575108565,0.026704273404449246,0.6834149527251174,1.061159686918209,1,1679.9548207332623,0.01264849711021527
bi20,20.0,10.0,3,3,"arrests, small domains",nucl,2,i,,,200,,,,,,0.6613509739014244,0.04276948178923435,0.17278759594743864,36.36363636363636,6.221514574883366,0.8279405022219644,0.13307700114766438,0.024996023655846987,0.14466329899890895,0.14705861508592297,0.8510947460062912,1,1953.4430405085368,0.1618123530789447
bi20,20.0,10.0,3,3,"arrests, small domains",nucl,2,i,,,400,,,,,,0.6379079290872904,0.03968915544722819,0.10995574287564278,57.14285714285713,5.101913702461843,0.854179752823919,0.1674234027932987,0.024832421749116294,0.2258401525894027,0.08789760166732286,0.7993907309301058,1,1240.4202308502322,0.12197698665035103
bi20,20.0,10.0,3,3,"arrests, small domains",nucl,2,i,,,600,,,,,,0.6675161615237788,0.03784211713899672,0.10995574287564278,57.14285714285713,7.123367554101195,2.9600266537760263,0.4155375433451873,0.036367310092634206,0.3307449810399147,0.11541809704166389,1.0496777523680496,1,1658.3573269545714,0.18298452969806409
bi20,20.0,10.0,3,3,"arrests, small domains",nucl,3,a,t600,301,600.01,1,301,600.01,5.477225575051661,0,0.12302500773478955,0.14107823598392508,0.2984513020910303,21.05263157894737,0.7805359389775681,0.5354881352975868,0.6860518632864337,0.12994015581343626,0.43538143376504135,0.7781008400094368,2.607128313925429,0,4795.18761209804,0.041274845889320406
bi20,20.0,10.0,3,3,"arrests, small domains",nucl,3,i,t600,301,600.01,1,301,600.01,5.477225575051661,32,0.6496665605563258,0.0388538884599042,0.10995574287564278,57.14285714285713,6.149889452665644,0.9292866202310446,0.1511062316458793,0.025789950367097105,0.2345484618867511,0.08892252676597787,0.8087119821158141,1,1580.6193740689478,0.11627495703089433
bi20,20.0,10.0,3,3,"arrests, small domains",nucl,3,a,,,50,,,,,,0.12437908023429954,0.1446447010905089,0.10995574287564278,57.14285714285713,1.3360077017232583,0.5993895493249154,0.44864228593277483,0.04913518296414108,0.44686327134101356,0.08699093260033577,0.7911449672867052,1,5898.264840788515,0.008430000819035718
bi20,20.0,10.0,3,3,"arrests, small domains",nucl,3,a,,,100,,,,,,0.12608336334709155,0.1410029966879449,0.39269908169872414,16.0,0.9284394211771961,0.8029337767741498,0.864820857946861,0.13674523922908782,0.3482188922814894,0.26973754645260273,0.6868810216865834,0,4809.295527503148,0.057958467511572985
bi20,20.0,10.0,3,3,"arrests, small domains",nucl,3,a,,,200,,,,,,0.12355964410543997,0.13944714089095228,0.4241150082346221,14.814814814814813,0.8659351679345524,0.6441268098907585,0.7438510800146205,0.10030991802942217,0.23651584141519066,0.15857941984149004,0.37390664504323146,0,4394.371619589081,0.0436849598298901
bi20,20.0,10.0,3,3,"arrests, small domains",nucl,3,a,,,400,,,,,,0.12069792107053627,0.13521869513848858,0.5811946409141118,10.81081081081081,0.998137960839021,0.8318415666707162,0.8333933777766369,0.2213877981637336,0.38091851262690846,0.5084358646386834,0.8748116875940352,0,4883.269392774129,0.12883124165288534
bi20,20.0,10.0,3,3,"arrests, small domains",nucl,3,a,,,600,,,,,,0.12302500773478955,0.14107823598392508,0.2984513020910303,21.05263157894737,0.7805359389775681,0.5354881352975868,0.6860518632864337,0.12994015581343626,0.43538143376504135,0.7781008400094368,2.607128313925429,0,4795.18761209804,0.041274845889320406
bi20,20.0,10.0,3,3,"arrests, small domains",nucl,3,i,,,50,,,,,,0.670885689081702,0.04126662490732935,0.10995574287564278,57.14285714285713,15.679387031160578,6.627953145605195,0.42271761851614925,0.037095997693964176,0.3373720801097113,0.07793142703241707,0.7087526762522589,1,2244.104961280478,0.24139165493493558
bi20,20.0,10.0,3,3,"arrests, small domains",nucl,3,i,,,100,,,,,,0.6754008031907268,0.04292353159894327,0.1413716694115407,44.44444444444444,7.170408521739951,6.297404270906492,0.8782490219090588,0.06369027371633304,0.4505165283924543,0.0725865098366336,0.5134445263239432,0,1582.4797294776722,0.23108223177463555
bi20,20.0,10.0,3,3,"arrests, small domains",nucl,3,i,,,200,,,,,,0.660281133196567,0.04000850649912095,0.1413716694115407,44.44444444444444,5.361194003852618,0.3046282633580306,0.05682097367473013,0.018491462465115648,0.13080034028095108,0.1478620747185558,1.0459102261013922,1,1518.070580372702,0.14471450949759532
bi20,20.0,10.0,3,3,"arrests, small domains",nucl,3,i,,,400,,,,,,0.6595544390951826,0.04189899738736323,0.1413716694115407,44.44444444444444,5.634822242191649,2.729424443507169,0.48438519019644655,0.031696024686857824,0.2242035113456074,0.10540636765487127,0.7455975309170859,1,1535.6985853714837,0.1457526824769835
bi20,20.0,10.0,3,3,"arrests, small domains",nucl,3,i,,,600,,,,,,0.6496665605563258,0.0388538884599042,0.10995574287564278,57.14285714285713,6.149889452665644,0.9292866202310446,0.1511062316458793,0.025789950367097105,0.2345484618867511,0.08892252676597787,0.8087119821158141,1,1580.6193740689478,0.11627495703089433
bi20,20.0,10.0,3,3,"arrests, small domains",random,1,a,t600,301,600.01,1,301,600.01,5.477225575051661,0,1.9492801063568073e-262,0.0,nan,nan,nan,nan,nan,nan,nan,nan,nan,nan,0.0,nan
bi20,20.0,10.0,3,3,"arrests, small domains",random,1,i,t600,301,600.01,1,301,600.01,5.477225575051661,0,6.28776383417911e-131,8.936930911261573e-268,0.4241150082346221,14.814814814814813,3.034668212086031e-272,4.0959597969959484e-273,0.13497224443460282,0.024572896511363785,0.05793922882769091,0.3913764355618261,0.9228073233977966,1,1.1692696684239754e-263,3.350389471196397e-07
bi20,20.0,10.0,3,3,"arrests, small domains",random,1,a,,,50,,,,,,2.2603275856763524e-22,1.8882080331836846e-44,0.6440264939859076,9.75609756097561,2.302411217541575e-43,1.8637980685029307e-43,0.8094983443022927,0.09846478106348912,0.1528893329435663,0.27227310343282213,0.4227669295834589,0,7.113969658049615e-40,0.10632016121383267
bi20,20.0,10.0,3,3,"arrests, small domains",random,1,a,,,100,,,,,,3.38956817257129e-44,4.246154736244915e-88,0.6440264939859076,9.75609756097561,5.17760443994284e-87,4.191262221585929e-87,0.8094983443022928,0.09846478106348934,0.15288933294356663,0.27227310343282224,0.4227669295834591,0,1.5997716049379534e-83,0.10632016121383275
bi20,20.0,10.0,3,3,"arrests, small domains",random,1,a,,,200,,,,,,7.622375658216729e-88,2.14727549280437e-175,0.6440264939859076,9.75609756097561,2.618308520512451e-174,2.1195164122274153e-174,0.809498344302293,0.09846478106348912,0.1528893329435663,0.27227310343282224,0.4227669295834591,0,8.090026329105132e-171,0.10632016121383275
bi20,20.0,10.0,3,3,"arrests, small domains",random,1,a,,,400,,,,,,3.8546264713640215e-175,0.0,nan,nan,nan,nan,nan,nan,nan,nan,nan,nan,0.0,nan
bi20,20.0,10.0,3,3,"arrests, small domains",random,1,a,,,600,,,,,,1.9492801063568073e-262,0.0,nan,nan,nan,nan,nan,nan,nan,nan,nan,nan,0.0,nan
bi20,20.0,10.0,3,3,"arrests, small domains",random,1,i,,,50,,,,,,3.381078129619526e-11,9.754893382463082e-26,0.7382742735936014,8.51063829787234,9.093097300203536e-32,4.980863365416764e-32,0.5477631219568359,0.041139315272715915,0.05572362026441397,0.08254477946092387,0.11180774193733096,0,1.378457288299361e-21,1.8355317641714467e-08
bi20,20.0,10.0,3,3,"arrests, small domains",random,1,i,,,100,,,,,,4.410206602968506e-22,6.501267688161387e-48,0.48694686130641796,12.903225806451612,9.795078326516302e-53,2.5021530790741373e-54,0.025545003272720617,0.017360199725496534,0.03565111741129468,0.46718377023614144,0.9594142756824542,1,7.934432782752353e-44,1.1110523883985396e-07
bi20,20.0,10.0,3,3,"arrests, small domains",random,1,i,,,200,,,,,,7.503543289162177e-44,4.871234425204171e-92,0.6440264939859076,9.75609756097561,1.0319505596952203e-97,4.811521517148994e-99,0.04662550421572565,0.017373383318364063,0.02697619349607723,0.6010645141959665,0.9332915956235782,1,5.320877824169542e-88,2.1333803428232456e-08
bi20,20.0,10.0,3,3,"arrests, small domains",random,1,i,,,400,,,,,,2.1721074587089675e-87,5.511658418915612e-180,0.5183627878423159,12.12121212121212,4.9131383081866823e-185,3.6720689210421224e-186,0.07473978322416476,0.01878602854512662,0.03624108247299816,0.5018695838051344,0.9681821218189012,1,6.872337708051585e-176,6.291253274906477e-08
bi20,20.0,10.0,3,3,"arrests, small domains",random,1,i,,,600,,,,,,6.28776383417911e-131,8.936930911261573e-268,0.4241150082346221,14.814814814814813,3.034668212086031e-272,4.0959597969959484e-273,0.13497224443460282,0.024572896511363785,0.05793922882769091,0.3913764355618261,0.9228073233977966,1,1.1692696684239754e-263,3.350389471196397e-07
bi20,20.0,10.0,3,3,"arrests, small domains",random,2,a,t600,301,600.01,1,301,600.01,5.477225575051661,0,1.961313235014456e-262,0.0,nan,nan,nan,nan,nan,nan,nan,nan,nan,nan,0.0,nan
bi20,20.0,10.0,3,3,"arrests, small domains",random,2,i,t600,301,600.01,1,301,600.01,5.477225575051661,0,6.330070544729634e-131,2.0942646225499191e-268,0.26703537555513246,23.529411764705877,4.635894715406177e-271,3.992688065503717e-271,0.8612551213113335,0.036346413304333275,0.13611085508342752,0.04220168032091673,0.15803778893783202,0,2.7601069482198967e-264,1.0630540825833258e-05
bi20,20.0,10.0,3,3,"arrests, small domains",random,2,a,,,50,,,,,,2.274280845938013e-22,1.945224828087367e-44,0.7068583470577035,8.88888888888889,2.24896736650545e-43,1.9770229672261494e-43,0.8790803266737213,0.5412077789476983,0.7656523845272178,0.5998659635019756,0.848636740301528,0,7.53830343858828e-40,0.5004538651293876
bi20,20.0,10.0,3,3,"arrests, small domains",random,2,a,,,100,,,,,,3.4104923639080863e-44,4.374372670641461e-88,0.7068583470577035,8.88888888888889,5.057421251855464e-87,4.445879526207722e-87,0.8790803266737213,0.5412077789476982,0.7656523845272176,0.5998659635019756,0.848636740301528,0,1.6951947182982433e-83,0.5004538651293875
bi20,20.0,10.0,3,3,"arrests, small domains",random,2,a,,,200,,,,,,7.669429453447665e-88,2.2121151525364082e-175,0.7068583470577035,8.88888888888889,2.5575320226085256e-174,2.248276085913209e-174,0.8790803266737226,0.5412077789476984,0.765652384527218,0.5998659635019759,0.8486367403015284,0,8.572579899319215e-171,0.5004538651293874
bi20,20.0,10.0,3,3,"arrests, small domains",random,2,a,,,400,,,,,,3.878421520677786e-175,0.0,nan,nan,nan,nan,nan,nan,nan,nan,nan,nan,0.0,nan
bi20,20.0,10.0,3,3,"arrests, small domains",random,2,a,,,600,,,,,,1.961313235014456e-262,0.0,nan,nan,nan,nan,nan,nan,nan,nan,nan,nan,0.0,nan
bi20,20.0,10.0,3,3,"arrests, small domains",random,2,i,,,50,,,,,,3.403827440431896e-11,2.520351725846635e-26,0.26703537555513246,23.529411764705877,7.725624648095551e-29,6.899889760701892e-29,0.8931173950319717,0.03682174562072762,0.13789089008967412,0.041228337758900585,0.15439279411273557,0,2.696493953906478e-22,1.7989956891348693e-05
bi20,20.0,10.0,3,3,"arrests, small domains",random,2,i,,,100,,,,,,4.439880321501886e-22,1.6512171445840463e-48,0.26703537555513246,23.529411764705877,4.2994145412438754e-51,4.051874439509983e-51,0.9424246954185823,0.038208452103799216,0.14308385929904877,0.0405427110405131,0.15182524396338867,0,2.4656082274090713e-44,1.1012915230653531e-05
bi20,20.0,10.0,3,3,"arrests, small domains",random,2,i,,,200,,,,,,7.554030273471653e-44,1.5316571459101844e-92,0.26703537555513246,23.529411764705877,3.602372627268453e-95,3.3535272357469356e-95,0.9309218070229986,0.03798368076543622,0.14224213060338164,0.040802224718426594,0.1527970765431508,0,2.0782809674729584e-88,1.0961453672252521e-05
bi20,20.0,10.0,3,3,"arrests, small domains",random,2,i,,,400,,,,,,2.186722308115479e-87,1.7508773343745442e-180,0.26703537555513246,23.529411764705877,3.954784804827831e-183,3.5955987586973014e-183,0.9091768417608841,0.03747475759436918,0.14033630381916234,0.04121833715186632,0.1543553436175962,0,2.3018956791464532e-176,1.0868090729677687e-05
bi20,20.0,10.0,3,3,"arrests, small domains",random,2,i,,,600,,,,,,6.330070544729634e-131,2.0942646225499191e-268,0.26703537555513246,23.529411764705877,4.635894715406177e-271,3.992688065503717e-271,0.8612551213113335,0.036346413304333275,0.13611085508342752,0.04220168032091673,0.15803778893783202,0,2.7601069482198967e-264,1.0630540825833258e-05
bi20,20.0,10.0,3,3,"arrests, small domains",random,3,a,t600,301,600.01,1,301,600.01,5.477225575051661,0,1.9628424679499768e-262,0.0,nan,nan,nan,nan,nan,nan,nan,nan,nan,nan,0.0,nan
bi20,20.0,10.0,3,3,"arrests, small domains",random,3,i,t600,301,600.01,1,301,600.01,5.477225575051661,0,6.334762561973089e-131,7.685055286357678e-268,0.26703537555513246,23.529411764705877,1.7833033641205181e-270,1.7328895571560055e-270,0.9717301004535617,0.03894537996740085,0.1458435231153864,0.04007839208564473,0.1500864520377754,0,1.0138678912914099e-263,1.1119030930577994e-05
bi20,20.0,10.0,3,3,"arrests, small domains",random,3,a,,,50,,,,,,2.276054099242046e-22,1.9570618873548484e-44,0.6440264939859076,9.75609756097561,2.3554862457854136e-43,2.0957089682583637e-43,0.889713948450406,0.3642878344515482,0.5656410688898141,0.548375652244145,0.8514799583014427,0,7.553875092587874e-40,0.3633712754023862
bi20,20.0,10.0,3,3,"arrests, small domains",random,3,a,,,100,,,,,,3.413151519598325e-44,4.400991551817961e-88,0.6440264939859076,9.75609756097561,5.296958228610887e-87,4.71277762035426e-87,0.8897139484504059,0.364287834451548,0.5656410688898138,0.5483756522441449,0.8514799583014425,0,1.6986964326866763e-83,0.36337127540238623
bi20,20.0,10.0,3,3,"arrests, small domains",random,3,a,,,200,,,,,,7.675409295885622e-88,2.2255762896702658e-175,0.6440264939859076,9.75609756097561,2.6786655920983275e-174,2.383246140524047e-174,0.8897139484504057,0.3642878344515482,0.5656410688898141,0.5483756522441451,0.851479958301443,0,8.5902880280996e-171,0.3633712754023861
bi20,20.0,10.0,3,3,"arrests, small domains",random,3,a,,,400,,,,,,3.8814455200172944e-175,0.0,nan,nan,nan,nan,nan,nan,nan,nan,nan,nan,0.0,nan
bi20,20.0,10.0,3,3,"arrests, small domains",random,3,a,,,600,,,,,,1.9628424679499768e-262,0.0,nan,nan,nan,nan,nan,nan,nan,nan,nan,nan,0.0,nan
bi20,20.0,10.0,3,3,"arrests, small domains",random,3,i,,,50,,,,,,3.406350448182189e-11,7.111749506653584e-26,0.26703537555513246,23.529411764705877,2.3847964462723943e-28,1.797573982321303e-28,0.7537641148078019,0.03373899322584986,0.12634653051383474,0.044760678524013775,0.16762078219397725,0,1.3328848924564826e-21,1.1312663588609617e-05
bi20,20.0,10.0,3,3,"arrests, small domains",random,3,i,,,100,,,,,,4.443171279300882e-22,5.800570748041007e-48,0.26703537555513246,23.529411764705877,1.6795713039290932e-50,1.5603737678260755e-50,0.9290309760447956,0.03791899856510201,0.14199990726424636,0.040815645056891614,0.15284733332443726,0,9.698350599363519e-44,1.0946199511144593e-05
bi20,20.0,10.0,3,3,"arrests, small domains",random,3,i,,,200,,,,,,7.559629522334723e-44,5.749823572886873e-92,0.26703537555513246,23.529411764705877,1.416086964045024e-94,1.386423553272117e-94,0.9790525500720846,0.03911577966909975,0.14648163969954556,0.03995268657052142,0.14961570723528628,0,8.087081846161632e-88,1.1068030910798382e-05
bi20,20.0,10.0,3,3,"arrests, small domains",random,3,i,,,400,,,,,,2.1883431650559863e-87,6.595069325480431e-180,0.26703537555513246,23.529411764705877,1.540379166972776e-182,1.51079317563961e-182,0.9807930463047551,0.03915800397532797,0.14663976221848313,0.039924838499681425,0.1495114211616449,0,8.720731511527371e-176,1.116486788364611e-05
bi20,20.0,10.0,3,3,"arrests, small domains",random,3,i,,,600,,,,,,6.334762561973089e-131,7.685055286357678e-268,0.26703537555513246,23.529411764705877,1.7833033641205181e-270,1.7328895571560055e-270,0.9717301004535617,0.03894537996740085,0.1458435231153864,0.04007839208564473,0.1500864520377754,0,1.0138678912914099e-263,1.1119030930577994e-05
bi20,20.0,10.0,3,3,"arrests, small domains",seed1,0,a,t600,301,600.01,1,301,600.01,5.477225575051661,1,0.0007503959067781899,0.0014181369873013778,2.7488935718910694,2.285714285714285,0.0001078086265872465,6.243008182001765e-05,0.5790824333477129,0.4192786284537803,0.15252632285990703,0.5851100178848911,0.2128529179404976,0,405.29717463743714,0.0015834425446014822
bi20,20.0,10.0,3,3,"arrests, small domains",seed1,0,i,t600,301,600.01,1,301,600.01,5.477225575051661,1,0.006003167254225444,0.002968849617283948,2.7174776453551712,2.312138728323699,3.563887123957716e-07,2.314460289993445e-07,0.6494202003298085,0.43092945547826667,0.1585770010711329,0.5635509657153333,0.20738016619146016,0,825.9440508898853,2.518413501839716e-06
bi20,20.0,10.0,3,3,"arrests, small domains",seed1,0,a,,,50,,,,,,0.0007503959068316626,0.0014181369873067702,2.7488935718910694,2.285714285714285,0.00010780862661777525,6.243008187535002e-05,0.5790824336969772,0.4192786286053094,0.15252632291503068,0.5851100178612705,0.2128529179319048,0,405.2971746390418,0.0015834425450379983
bi20,20.0,10.0,3,3,"arrests, small domains",seed1,0,a,,,100,,,,,,0.0007503959067781899,0.0014181369873013778,2.7488935718910694,2.285714285714285,0.0001078086265872465,6.243008182001765e-05,0.5790824333477129,0.4192786284537803,0.15252632285990703,0.5851100178848911,0.2128529179404976,0,405.29717463743714,0.0015834425446014822
bi20,20.0,10.0,3,3,"arrests, small domains",seed1,0,a,,,200,,,,,,0.0007503959067781899,0.0014181369873013778,2.7488935718910694,2.285714285714285,0.0001078086265872465,6.243008182001765e-05,0.5790824333477129,0.4192786284537803,0.15252632285990703,0.5851100178848911,0.2128529179404976,0,405.29717463743714,0.0015834425446014822
bi20,20.0,10.0,3,3,"arrests, small domains",seed1,0,a,,,400,,,,,,0.0007503959067781899,0.0014181369873013778,2.7488935718910694,2.285714285714285,0.0001078086265872465,6.243008182001765e-05,0.5790824333477129,0.4192786284537803,0.15252632285990703,0.5851100178848911,0.2128529179404976,0,405.29717463743714,0.0015834425446014822
bi20,20.0,10.0,3,3,"arrests, small domains",seed1,0,a,,,600,,,,,,0.0007503959067781899,0.0014181369873013778,2.7488935718910694,2.285714285714285,0.0001078086265872465,6.243008182001765e-05,0.5790824333477129,0.4192786284537803,0.15252632285990703,0.5851100178848911,0.2128529179404976,0,405.29717463743714,0.0015834425446014822
bi20,20.0,10.0,3,3,"arrests, small domains",seed1,0,i,,,50,,,,,,0.0060031672554809986,0.002968849617838066,2.7174776453551712,2.312138728323699,3.563887124269965e-07,2.3144602907207043e-07,0.6494202004769731,0.4309294555295665,0.15857700109001063,0.5635509656969862,0.20738016618470864,0,825.9440510385618,2.5184135016233854e-06
bi20,20.0,10.0,3,3,"arrests, small domains",seed1,0,i,,,100,,,,,,0.006003167254225444,0.002968849617283948,2.7174776453551712,2.312138728323699,3.563887123957716e-07,2.314460289993445e-07,0.6494202003298085,0.43092945547826667,0.1585770010711329,0.5635509657153333,0.20738016619146016,0,825.9440508898853,2.518413501839716e-06
bi20,20.0,10.0,3,3,"arrests, small domains",seed1,0,i,,,200,,,,,,0.006003167254225444,0.002968849617283948,2.7174776453551712,2.312138728323699,3.563887123957716e-07,2.314460289993445e-07,0.6494202003298085,0.43092945547826667,0.1585770010711329,0.5635509657153333,0.20738016619146016,0,825.9440508898853,2.518413501839716e-06
bi20,20.0,10.0,3,3,"arrests, small domains",seed1,0,i,,,400,,,,,,0.006003167254225444,0.002968849617283948,2.7174776453551712,2.312138728323699,3.563887123957716e-07,2.314460289993445e-07,0.6494202003298085,0.43092945547826667,0.1585770010711329,0.5635509657153333,0.20738016619146016,0,825.9440508898853,2.518413501839716e-06
bi20,20.0,10.0,3,3,"arrests, small domains",seed1,0,i,,,600,,,,,,0.006003167254225444,0.002968849617283948,2.7174776453551712,2.312138728323699,3.563887123957716e-07,2.314460289993445e-07,0.6494202003298085,0.43092945547826667,0.1585770010711329,0.5635509657153333,0.20738016619146016,0,825.9440508898853,2.518413501839716e-06
bi20,20.0,10.0,3,3,"arrests, small domains",seed36,1,a,t600,301,600.01,1,301,600.01,5.477225575051661,36,0.025455959145703616,0.04675110025703468,0.3612831551628263,17.391304347826082,0.7868300445492387,0.5815214335884088,0.7390686687892712,0.202357790109802,0.560108566419604,0.37065716006104943,1.0259464211499105,0,1660.168912960475,0.17157226382954976
bi20,20.0,10.0,3,3,"arrests, small domains",seed36,1,i,t600,301,600.01,1,301,600.01,5.477225575051661,36,0.20364015507740965,0.07296727472045517,0.1413716694115407,44.44444444444444,10.073969404856152,2.9161911215817984,0.28947786164369826,0.041411780685942236,0.2929284265957861,0.14046742030912085,0.9936037460250432,1,2672.9665209590516,0.23171655666578486
bi20,20.0,10.0,3,3,"arrests, small domains",seed36,1,a,,,50,,,,,,0.024058728379458303,0.04346319385539949,0.17278759594743864,36.36363636363636,0.5799066424352681,0.338013137020935,0.5828750910689311,0.0735874228375681,0.4258837125088141,0.6461753531987284,3.73970914784469,0,1518.8909475492037,0.02982283932126667
bi20,20.0,10.0,3,3,"arrests, small domains",seed36,1,a,,,100,,,,,,0.024465456028610232,0.04442083632446592,0.3612831551628263,17.391304347826082,0.6224664014661665,0.38214673250521625,0.6139234689697343,0.2985050456181016,0.8262357138781317,0.6349778669522199,1.7575628918155415,0,1557.02555078499,0.23744170156670927
bi20,20.0,10.0,3,3,"arrests, small domains",seed36,1,a,,,200,,,,,,0.024856920755095234,0.04534951430603742,0.3612831551628263,17.391304347826082,0.7048809795930819,0.4739649344485424,0.6724042046391375,0.2824480000337207,0.7817912238571559,0.4691238440139923,1.2984935425582282,0,1596.2701435996069,0.22401226969345717
bi20,20.0,10.0,3,3,"arrests, small domains",seed36,1,a,,,400,,,,,,0.025228180966324898,0.04622456098691439,0.3612831551628263,17.391304347826082,0.7783520591821131,0.5626957558414999,0.7229321862818435,0.2577254005233784,0.7133612426718994,0.3363247911444652,0.9309174433911467,0,1634.5326333744501,0.22394945509390893
bi20,20.0,10.0,3,3,"arrests, small domains",seed36,1,a,,,600,,,,,,0.025455959145703616,0.04675110025703468,0.3612831551628263,17.391304347826082,0.7868300445492387,0.5815214335884088,0.7390686687892712,0.202357790109802,0.560108566419604,0.37065716006104943,1.0259464211499105,0,1660.168912960475,0.17157226382954976
bi20,20.0,10.0,3,3,"arrests, small domains",seed36,1,i,,,50,,,,,,0.1923760028071225,0.073358495710832,0.1413716694115407,44.44444444444444,13.058183475439627,4.699080470892998,0.35985713324760854,0.04517789514405686,0.3195682369183993,0.12033544865820744,0.8511991770282088,1,2629.764859611905,0.23956562758660324
bi20,20.0,10.0,3,3,"arrests, small domains",seed36,1,i,,,100,,,,,,0.1956756785044082,0.07402624691271509,0.1413716694115407,44.44444444444444,12.977948244646692,4.69297669236005,0.36161160484638766,0.0439310807776078,0.3107488293833612,0.1198786778569571,0.847968184544696,1,2665.535245520876,0.2894654938408782
bi20,20.0,10.0,3,3,"arrests, small domains",seed36,1,i,,,200,,,,,,0.19883363533230658,0.07406102206832636,0.1413716694115407,44.44444444444444,12.279348056674555,4.295892285968063,0.3498469353699108,0.04274726799068786,0.30237506686186333,0.12081963760215603,0.8546241131979805,1,2679.0177572449093,0.21956417313434282
bi20,20.0,10.0,3,3,"arrests, small domains",seed36,1,i,,,400,,,,,,0.2018146232600863,0.07351196946751448,0.1413716694115407,44.44444444444444,11.016593288181625,3.5168089026661686,0.3192283504228961,0.041615342768586305,0.2943683337815143,0.12535111620806763,0.8866777674044695,1,2678.3532288889687,0.24863173863380428
bi20,20.0,10.0,3,3,"arrests, small domains",seed36,1,i,,,600,,,,,,0.20364015507740965,0.07296727472045517,0.1413716694115407,44.44444444444444,10.073969404856152,2.9161911215817984,0.28947786164369826,0.041411780685942236,0.2929284265957861,0.14046742030912085,0.9936037460250432,1,2672.9665209590516,0.23171655666578486
bi20,20.0,10.0,3,3,"arrests, small domains",seed36,2,a,t600,301,600.01,1,301,600.01,5.477225575051661,35,0.024945775672908545,0.045937076686746965,0.2984513020910303,21.05263157894737,1.172233773764659,0.8153442825292934,0.6955475100421259,0.16012739676605947,0.5365277204159061,0.351793206372355,1.1787290050591066,0,2478.37131704497,0.14576893961017143
bi20,20.0,10.0,3,3,"arrests, small domains",seed36,2,i,t600,301,600.01,1,301,600.01,5.477225575051661,35,0.19955831483100686,0.07125663079457373,0.2984513020910303,21.05263157894737,5.613665176620464,0.20548785019128069,0.036604935229676165,0.01808285837937987,0.06058897465913698,0.29288394814272184,0.9813458547196742,1,3438.244881237023,0.1606415689783308
bi20,20.0,10.0,3,3,"arrests, small domains",seed36,2,a,,,50,,,,,,0.023138010620875157,0.041663955964674045,0.3298672286269283,19.047619047619047,0.9318734086026903,0.5312333345198045,0.5700702795204439,0.15974694347834745,0.4842764894933449,0.573678645991761,1.7391198524924627,0,2261.987633995096,0.12296371711944172
bi20,20.0,10.0,3,3,"arrests, small domains",seed36,2,a,,,100,,,,,,0.023700192436480687,0.04301253542998544,0.3298672286269283,19.047619047619047,0.9744083851766168,0.5681807336173454,0.5831032883757047,0.1560413786358045,0.47304298546214013,0.5601082409614841,1.6979808612481258,0,2334.8743014820325,0.12318589602608997
bi20,20.0,10.0,3,3,"arrests, small domains",seed36,2,a,,,200,,,,,,0.024234717908636468,0.044269073385547655,0.3298672286269283,19.047619047619047,1.0513171291276453,0.6334485963150576,0.6025285603789945,0.15517873032547955,0.4704278475052242,0.4370980221118903,1.325072587329484,0,2400.441970330947,0.12990673648948453
bi20,20.0,10.0,3,3,"arrests, small domains",seed36,2,a,,,400,,,,,,0.02470411360004382,0.045379961208238354,0.3298672286269283,19.047619047619047,1.1259934874963455,0.7120435437090903,0.6323691492144632,0.1549489377783872,0.46973122617654944,0.47172265228757304,1.4300379405711736,0,2454.953669636636,0.1408957682219613
bi20,20.0,10.0,3,3,"arrests, small domains",seed36,2,a,,,600,,,,,,0.024945775672908545,0.045937076686746965,0.2984513020910303,21.05263157894737,1.172233773764659,0.8153442825292934,0.6955475100421259,0.16012739676605947,0.5365277204159061,0.351793206372355,1.1787290050591066,0,2478.37131704497,0.14576893961017143
bi20,20.0,10.0,3,3,"arrests, small domains",seed36,2,i,,,50,,,,,,0.18497259212020328,0.07192604384402185,0.26703537555513246,23.529411764705877,5.2326710179343205,0.18082313288149088,0.03455656437443561,0.01916837630703074,0.0717821609484591,0.2688850524097585,1.0069267109302684,1,3532.010662757615,0.06518596538135937
bi20,20.0,10.0,3,3,"arrests, small domains",seed36,2,i,,,100,,,,,,0.189535647884026,0.07272124620037146,1.052433538952581,5.970149253731342,0.022293185180091664,6.64504535303409e-05,0.002980751875226996,0.015991334932797596,0.015194626872793066,1.0907399318562236,1.0363979210903584,1,3567.856794794384,0.002196212504049402
bi20,20.0,10.0,3,3,"arrests, small domains",seed36,2,i,,,200,,,,,,0.19384808239885573,0.0726924221911175,0.8953539062730911,7.017543859649122,0.05904074103632823,0.006870862687162645,0.1163749398561063,0.02263580420121167,0.025281404417425466,0.894445651530516,0.998985591355316,1,3553.0865751602696,0.0025589790530742753
bi20,20.0,10.0,3,3,"arrests, small domains",seed36,2,i,,,400,,,,,,0.1976200580711417,0.07193609075677773,0.2984513020910303,21.05263157894737,5.162610110357188,0.26504705900559244,0.05133973965491934,0.020000828219525195,0.0670153826751433,0.29328936716125403,0.9827042640001555,1,3492.3201646559874,0.14448816736399614
bi20,20.0,10.0,3,3,"arrests, small domains",seed36,2,i,,,600,,,,,,0.19955831483100686,0.07125663079457373,0.2984513020910303,21.05263157894737,5.613665176620464,0.20548785019128069,0.036604935229676165,0.01808285837937987,0.06058897465913698,0.29288394814272184,0.9813458547196742,1,3438.244881237023,0.1606415689783308
bi20,20.0,10.0,3,3,"arrests, small domains",seed36,3,a,t600,301,600.01,1,301,600.01,5.477225575051661,33,0.02376757229665722,0.04392635836563204,0.26703537555513246,23.529411764705877,0.9833527718744896,0.8789346565649703,0.8938141852079442,0.24798119213034597,0.9286454710909546,0.27551253828904715,1.0317454671175748,0,1819.3403357167408,0.14923843164752157
bi20,20.0,10.0,3,3,"arrests, small domains",seed36,3,i,t600,301,600.01,1,301,600.01,5.477225575051661,33,0.19013696700301438,0.06798358561169844,0.1413716694115407,44.44444444444444,12.733530844367229,8.189763625252095,0.643165177463319,0.08386067566616423,0.5931929361465005,0.12511434560633244,0.8850029579980251,0,2631.185360477066,0.4039748741217221
bi20,20.0,10.0,3,3,"arrests, small domains",seed36,3,a,,,50,,,,,,0.023053524134074806,0.04222115276802693,0.26703537555513246,23.529411764705877,0.7383335002518077,0.6159846649248976,0.8342905539499654,0.3057531657874918,1.1449912400252962,0.7221806499680452,2.7044381234760517,0,1771.6647124726246,0.17318490815930493
bi20,20.0,10.0,3,3,"arrests, small domains",seed36,3,a,,,100,,,,,,0.023248850711160538,0.042693319819035264,0.26703537555513246,23.529411764705877,0.7707666886414107,0.6513664551363112,0.8450890064857889,0.298502524370605,1.117838877152723,0.7114040497347447,2.664081671785345,0,1778.8019441695078,0.17423460397562718
bi20,20.0,10.0,3,3,"arrests, small domains",seed36,3,a,,,200,,,,,,0.02345857290495606,0.04319334784129415,0.26703537555513246,23.529411764705877,0.8274311198107397,0.7124411137238563,0.8610276996673931,0.2873261546356251,1.075985359761083,0.5240493781797517,1.962471740271565,0,1790.2550041935465,0.17195385653476752
bi20,20.0,10.0,3,3,"arrests, small domains",seed36,3,a,,,400,,,,,,0.023656881965183146,0.043668001908917994,0.26703537555513246,23.529411764705877,0.9164552104776856,0.8076812064745884,0.8813100708474332,0.27171940376488823,1.0175408527803416,0.287674626240928,1.0772903239613447,0,1806.8044397918925,0.17300338673204585
bi20,20.0,10.0,3,3,"arrests, small domains",seed36,3,a,,,600,,,,,,0.02376757229665722,0.04392635836563204,0.26703537555513246,23.529411764705877,0.9833527718744896,0.8789346565649703,0.8938141852079442,0.24798119213034597,0.9286454710909546,0.27551253828904715,1.0317454671175748,0,1819.3403357167408,0.14923843164752157
bi20,20.0,10.0,3,3,"arrests, small domains",seed36,3,i,,,50,,,,,,0.18438594299632396,0.06869698191172904,0.1413716694115407,44.44444444444444,14.32192891666889,9.196348561754757,0.6421166181778339,0.08659298741046466,0.6125200881542094,0.1155965283603197,0.8176781730136599,0,2643.1889932320414,0.34477932196332456
bi20,20.0,10.0,3,3,"arrests, small domains",seed36,3,i,,,100,,,,,,0.1859663162028256,0.06880589160920361,0.1413716694115407,44.44444444444444,14.146673756338844,9.12578912109229,0.6450837333407229,0.08629065485796895,0.6103815228125524,0.11579392299942391,0.8190744544604721,0,2640.928360424134,0.3389931126596807
bi20,20.0,10.0,3,3,"arrests, small domains",seed36,3,i,,,200,,,,,,0.18765644744708498,0.06868030983911179,0.1413716694115407,44.44444444444444,13.799560026539822,8.922942176659014,0.6466106281285839,0.08576291324285416,0.6066485145138494,0.11721920739737203,0.8291562792269255,0,2636.9683988570014,0.328524727390981
bi20,20.0,10.0,3,3,"arrests, small domains",seed36,3,i,,,400,,,,,,0.18924945245195646,0.06829348756869315,0.1413716694115407,44.44444444444444,13.204948508743811,8.523950514384797,0.6455118328360435,0.08487231572851694,0.6003488257710884,0.12131000144096318,0.8580927278139661,0,2631.9376047929054,0.4147406953166942
bi20,20.0,10.0,3,3,"arrests, small domains",seed36,3,i,,,600,,,,,,0.19013696700301438,0.06798358561169844,0.1413716694115407,44.44444444444444,12.733530844367229,8.189763625252095,0.643165177463319,0.08386067566616423,0.5931929361465005,0.12511434560633244,0.8850029579980251,0,2631.185360477066,0.4039748741217221
bi20,20.0,10.0,3,3,"arrests, small domains",smallpert,1,a,t600,301,600.01,1,301,600.01,5.477225575051661,0,4.7478036719769394e-262,0.0,nan,nan,nan,nan,nan,nan,nan,nan,nan,nan,0.0,nan
bi20,20.0,10.0,3,3,"arrests, small domains",smallpert,1,i,t600,301,600.01,1,301,600.01,5.477225575051661,0,1.5224540890032035e-130,3.09664942388594e-270,0.5183627878423159,12.12121212121212,3.033739808930834e-275,1.474091501078273e-278,0.0004858991192121317,0.01572783247683568,0.03034136100375328,0.49818942975763025,0.9610825496007203,1,4.075773778244085e-266,1.3245902425604646e-07
bi20,20.0,10.0,3,3,"arrests, small domains",smallpert,1,a,,,50,,,,,,5.505412780927743e-22,1.5708527688961201e-46,0.6440264939859076,9.75609756097561,1.2279783970655922e-45,9.594803034515237e-46,0.7813494974702501,0.08831283321675319,0.13712608726728193,0.4529084637066941,0.7032450806544063,0,6.054853175539428e-42,0.06462296298022084
bi20,20.0,10.0,3,3,"arrests, small domains",smallpert,1,a,,,100,,,,,,8.25587054608989e-44,3.5324941994581763e-90,0.6440264939859076,9.75609756097561,2.761446935439108e-89,2.1576551752961137e-89,0.7813494974702517,0.08831283321675173,0.13712608726727968,0.45290846370669285,0.7032450806544044,0,1.3616001540484555e-85,0.06462296298022152
bi20,20.0,10.0,3,3,"arrests, small domains",smallpert,1,a,,,200,,,,,,1.8565594047387613e-87,1.7863781925380624e-177,0.6440264939859076,9.75609756097561,1.3964604913084136e-176,1.091123703120865e-176,0.781349497470234,0.0883128332167514,0.13712608726727915,0.452908463706698,0.7032450806544124,0,6.885596082568838e-173,0.06462296298022199
bi20,20.0,10.0,3,3,"arrests, small domains",smallpert,1,a,,,400,,,,,,9.388599234743175e-175,0.0,nan,nan,nan,nan,nan,nan,nan,nan,nan,nan,0.0,nan
bi20,20.0,10.0,3,3,"arrests, small domains",smallpert,1,a,,,600,,,,,,4.7478036719769394e-262,0.0,nan,nan,nan,nan,nan,nan,nan,nan,nan,nan,0.0,nan
bi20,20.0,10.0,3,3,"arrests, small domains",smallpert,1,i,,,50,,,,,,8.186592816507365e-11,2.8089997614928697e-28,0.48694686130641796,12.903225806451612,6.757577417289925e-33,1.8250067650700975e-33,0.27006819935212856,0.031199595862152298,0.0640718697281417,0.46476230596198265,0.954441527182418,1,6.618828987941968e-24,1.425624946083461e-07
bi20,20.0,10.0,3,3,"arrests, small domains",smallpert,1,i,,,100,,,,,,1.0678418040353946e-21,1.76251393706055e-50,0.26703537555513246,23.529411764705877,4.110153868426925e-53,1.07101017535767e-53,0.2605766620040375,0.022015617397617628,0.08244457256590057,0.21270207902095223,0.7965314654613523,1,3.2485936640754635e-46,5.566924919255882e-06
bi20,20.0,10.0,3,3,"arrests, small domains",smallpert,1,i,,,200,,,,,,1.8168303492093416e-43,1.5205596943180552e-94,0.26703537555513246,23.529411764705877,2.7808095539999285e-97,4.97157428357111e-98,0.17878154497923007,0.020045737623107646,0.07506772307390029,0.2127585465145666,0.7967429261844755,1,2.0512429984117173e-90,5.96495005568512e-06
bi20,20.0,10.0,3,3,"arrests, small domains",smallpert,1,i,,,400,,,,,,5.259316299842481e-87,1.980891951724775e-182,0.6440264939859076,9.75609756097561,4.6919680181869285e-188,5.746976248351309e-189,0.12248540966338592,0.019958759956272016,0.030990588341709972,0.5999927304113347,0.9316274035528476,1,2.572301558102806e-178,2.0064384767593982e-08
bi20,20.0,10.0,3,3,"arrests, small domains",smallpert,1,i,,,600,,,,,,1.5224540890032035e-130,3.09664942388594e-270,0.5183627878423159,12.12121212121212,3.033739808930834e-275,1.474091501078273e-278,0.0004858991192121317,0.01572783247683568,0.03034136100375328,0.49818942975763025,0.9610825496007203,1,4.075773778244085e-266,1.3245902425604646e-07
bi20,20.0,10.0,3,3,"arrests, small domains",smallpert,2,a,t600,301,600.01,1,301,600.01,5.477225575051661,0,4.748622659316785e-262,0.0,nan,nan,nan,nan,nan,nan,nan,nan,nan,nan,0.0,nan
bi20,20.0,10.0,3,3,"arrests, small domains",smallpert,2,i,t600,301,600.01,1,301,600.01,5.477225575051661,0,1.5226332768121848e-130,3.4548957043031912e-270,0.26703537555513246,23.529411764705877,8.052296568668447e-273,7.904981502160715e-273,0.9817052110225377,0.03917953028441271,0.14672037441842103,0.039909669261716074,0.14945461506270083,0,4.5589434045876096e-266,1.1164297022993827e-05
bi20,20.0,10.0,3,3,"arrests, small domains",smallpert,2,a,,,50,,,,,,5.506362454435689e-22,1.5997601498304725e-46,0.7068583470577035,8.88888888888889,1.111417450986805e-45,8.604951318034183e-46,0.7742321582582693,0.4820646979458699,0.6819820406061036,0.6548899345909371,0.9264797357446726,0,6.061990329106162e-42,0.33176406328199276
bi20,20.0,10.0,3,3,"arrests, small domains",smallpert,2,a,,,100,,,,,,8.25729466846811e-44,3.5975003906774216e-90,0.7068583470577035,8.88888888888889,2.499327611426258e-89,1.9350598107890888e-89,0.7742321582582902,0.48206469794587986,0.6819820406061176,0.6548899345909394,0.9264797357446757,0,1.3632051391924752e-85,0.3317640632819954
bi20,20.0,10.0,3,3,"arrests, small domains",smallpert,2,a,,,200,,,,,,1.8568796577974815e-87,1.819251747543999e-177,0.7068583470577035,8.88888888888889,1.2639070551750436e-176,9.78557487166032e-177,0.7742321582582729,0.4820646979458771,0.6819820406061137,0.6548899345909368,0.9264797357446721,0,6.893712473704209e-173,0.3317640632819953
bi20,20.0,10.0,3,3,"arrests, small domains",smallpert,2,a,,,400,,,,,,9.390218750722223e-175,0.0,nan,nan,nan,nan,nan,nan,nan,nan,nan,nan,0.0,nan
bi20,20.0,10.0,3,3,"arrests, small domains",smallpert,2,a,,,600,,,,,,4.748622659316785e-262,0.0,nan,nan,nan,nan,nan,nan,nan,nan,nan,nan,0.0,nan
bi20,20.0,10.0,3,3,"arrests, small domains",smallpert,2,i,,,50,,,,,,8.187556351395155e-11,2.85875640422471e-28,0.26703537555513246,23.529411764705877,8.798158663882168e-31,8.295231132240766e-31,0.9428371832272133,0.038178242369281155,0.1429707292148595,0.04049293244736252,0.1516388319831516,0,4.4937214474952665e-24,1.2352384284395307e-05
bi20,20.0,10.0,3,3,"arrests, small domains",smallpert,2,i,,,100,,,,,,1.067967485482596e-21,2.501622301498704e-50,0.26703537555513246,23.529411764705877,6.77240490233881e-53,6.703330691275966e-53,0.9898006377263431,0.03935448626225717,0.14737555344659567,0.03976001303924975,0.14889417911987787,0,3.76868141103131e-46,1.1353518053693828e-05
bi20,20.0,10.0,3,3,"arrests, small domains",smallpert,2,i,,,200,,,,,,1.8170441841301564e-43,2.5673499739983964e-94,0.26703537555513246,23.529411764705877,6.234486504506383e-97,6.183673258629282e-97,0.9918496501932642,0.03941702474444284,0.14760974894243836,0.039740927202789544,0.1488227060559794,0,3.5226342815889576e-90,1.1185492744420689e-05
bi20,20.0,10.0,3,3,"arrests, small domains",smallpert,2,i,,,400,,,,,,5.259935303969644e-87,2.9689392933299475e-182,0.26703537555513246,23.529411764705877,6.951568408604634e-185,6.867188919873247e-185,0.9878618055995908,0.03932396786963581,0.14726126749269194,0.03980715485377806,0.1490707168330191,0,3.925459500766511e-178,1.119279562548308e-05
bi20,20.0,10.0,3,3,"arrests, small domains",smallpert,2,i,,,600,,,,,,1.5226332768121848e-130,3.4548957043031912e-270,0.26703537555513246,23.529411764705877,8.052296568668447e-273,7.904981502160715e-273,0.9817052110225377,0.03917953028441271,0.14672037441842103,0.039909669261716074,0.14945461506270083,0,4.5589434045876096e-266,1.1164297022993827e-05
bi20,20.0,10.0,3,3,"arrests, small domains",smallpert,3,a,t600,301,600.01,1,301,600.01,5.477225575051661,0,4.7481795037712425e-262,0.0,nan,nan,nan,nan,nan,nan,nan,nan,nan,nan,0.0,nan
bi20,20.0,10.0,3,3,"arrests, small domains",smallpert,3,i,t600,301,600.01,1,301,600.01,5.477225575051661,0,1.5225705926828012e-130,2.1077844080622834e-270,0.26703537555513246,23.529411764705877,4.4093043386005744e-273,3.1682813300653007e-273,0.7185444883740664,0.032973172657059645,0.12347866865396627,0.045888839439394785,0.17184554422423526,0,2.7821358117838667e-266,1.0046580840873612e-05
bi20,20.0,10.0,3,3,"arrests, small domains",smallpert,3,a,,,50,,,,,,5.505848584365875e-22,1.5954344975292609e-46,0.6440264939859076,9.75609756097561,1.1744524074166785e-45,9.251147708520935e-46,0.7876988160695014,0.36185263390695793,0.5618598571425788,0.4668084080753385,0.7248279572882805,0,6.027718945664433e-42,0.2472320194536654
bi20,20.0,10.0,3,3,"arrests, small domains",smallpert,3,a,,,100,,,,,,8.25652407324797e-44,3.5877729725734036e-90,0.6440264939859076,9.75609756097561,2.6410790361050237e-89,2.0803748298859083e-89,0.7876988160695019,0.3618526339069597,0.5618598571425816,0.4668084080753394,0.724827957288282,0,1.3554982766772523e-85,0.24723201945366508
bi20,20.0,10.0,3,3,"arrests, small domains",smallpert,3,a,,,200,,,,,,1.8567063682824372e-87,1.8143326035653897e-177,0.6440264939859076,9.75609756097561,1.3355905851426962e-176,1.0520431226704788e-176,0.7876988160695048,0.3618526339069578,0.5618598571425786,0.46680840807533375,0.7248279572882732,0,6.854738959941028e-173,0.24723201945366693
bi20,20.0,10.0,3,3,"arrests, small domains",smallpert,3,a,,,400,,,,,,9.389342427667767e-175,0.0,nan,nan,nan,nan,nan,nan,nan,nan,nan,nan,0.0,nan
bi20,20.0,10.0,3,3,"arrests, small domains",smallpert,3,a,,,600,,,,,,4.7481795037712425e-262,0.0,nan,nan,nan,nan,nan,nan,nan,nan,nan,nan,0.0,nan
bi20,20.0,10.0,3,3,"arrests, small domains",smallpert,3,i,,,50,,,,,,8.18721928412526e-11,1.7151855946285061e-28,0.26703537555513246,23.529411764705877,4.685372067461704e-31,2.9229407718252767e-31,0.6238438975047669,0.030765190423536988,0.1152101677898671,0.04931552676333084,0.18467787895446494,0,4.776261787458267e-24,4.316270341580733e-06
bi20,20.0,10.0,3,3,"arrests, small domains",smallpert,3,i,,,100,,,,,,1.0679235191427972e-21,1.3713640548267142e-50,0.26703537555513246,23.529411764705877,3.8488945387357414e-53,3.2789763924267278e-53,0.851926795973938,0.036130410028186004,0.13530196122171265,0.04241022843621328,0.15881876454776012,0,2.5640444797587308e-46,9.502788593871646e-06
bi20,20.0,10.0,3,3,"arrests, small domains",smallpert,3,i,,,200,,,,,,1.8169693796224207e-43,1.3919389832054148e-94,0.26703537555513246,23.529411764705877,3.324644364769157e-97,2.9359129960109333e-97,0.8830758041739556,0.03686008027290435,0.1380344465458067,0.04174056190723496,0.15631098246987563,0,1.9875090490795766e-90,1.0584586510229076e-05
bi20,20.0,10.0,3,3,"arrests, small domains",smallpert,3,i,,,400,,,,,,5.259718761700298e-87,1.683260754309374e-182,0.26703537555513246,23.529411764705877,3.679484498680862e-185,3.0209023154776263e-185,0.8210123772937907,0.03539706638215538,0.13255571966287014,0.04311392539395162,0.16145398453041387,0,2.229374917277802e-178,1.0450652645254195e-05
bi20,20.0,10.0,3,3,"arrests, small domains",smallpert,3,i,,,600,,,,,,1.5225705926828012e-130,2.1077844080622834e-270,0.26703537555513246,23.529411764705877,4.4093043386005744e-273,3.1682813300653007e-273,0.7185444883740664,0.032973172657059645,0.12347866865396627,0.045888839439394785,0.17184554422423526,0,2.7821358117838667e-266,1.0046580840873612e-05
bi3.2,3.2,10.0,3,3,"Turing band, near its edge",nucl,1,a,cov10,6,10.01,1,6,10.01,5.477225575051661,103,0.8932628051360836,2.3836714631645357,0.17278759594743864,36.36363636363636,279.49405782831343,198.22581583068833,0.7092308772891829,0.050436489411777606,0.2918987855304162,0.08937647996549744,0.5172621302786424,0,97685.7298349266,0.18185262980781539
bi3.2,3.2,10.0,3,3,"Turing band, near its edge",nucl,1,a,cov20,6,10.01,1,6,10.01,5.477225575051661,103,0.8932628051360836,2.3836714631645357,0.17278759594743864,36.36363636363636,279.49405782831343,198.22581583068833,0.7092308772891829,0.050436489411777606,0.2918987855304162,0.08937647996549744,0.5172621302786424,0,97685.7298349266,0.18185262980781539
bi3.2,3.2,10.0,3,3,"Turing band, near its edge",nucl,1,a,t600,301,600.01,1,301,600.01,5.477225575051661,116,1.6298525780635504,2.830227451815454,0.5497787143782138,11.428571428571429,213.99969164807112,213.82393896584125,0.9991787246005994,0.1227625130339656,0.2232944088655869,0.12283662384484062,0.2234292100300133,0,112931.85303604571,0.6692257844142186
bi3.2,3.2,10.0,3,3,"Turing band, near its edge",nucl,1,i,cov10,6,10.01,1,6,10.01,5.477225575051661,49,0.9207759136343124,0.4177151132182198,0.17278759594743864,36.36363636363636,131.80628957228814,49.7846531823303,0.37771075525972,0.07709427168973257,0.44617943358147283,0.12106266014799685,0.7006443922330147,1,17783.374390803016,0.47969519819905293
bi3.2,3.2,10.0,3,3,"Turing band, near its edge",nucl,1,i,cov20,6,10.01,1,6,10.01,5.477225575051661,49,0.9207759136343124,0.4177151132182198,0.17278759594743864,36.36363636363636,131.80628957228814,49.7846531823303,0.37771075525972,0.07709427168973257,0.44617943358147283,0.12106266014799685,0.7006443922330147,1,17783.374390803016,0.47969519819905293
bi3.2,3.2,10.0,3,3,"Turing band, near its edge",nucl,1,i,t600,301,600.01,1,301,600.01,5.477225575051661,1,2.0644922542340556,0.050815231229924034,0.5497787143782138,11.428571428571429,3.7162224999483695,3.610595812674192,0.9715768667576699,0.17054906133723222,0.31021401316003844,0.17358476044185217,0.3157356876542088,0,1961.5776470932674,0.8091761722564745
bi3.2,3.2,10.0,3,3,"Turing band, near its edge",nucl,1,a,,,50,,,,,,1.6106782938874291,2.7760634897102783,0.4555309347705201,13.79310344827586,167.09695669683364,166.98529447329955,0.9993317519017615,0.20674465398395808,0.4538542570947646,0.2068974343127254,0.45418964667449596,0,110490.90653872807,0.5700463810536517
bi3.2,3.2,10.0,3,3,"Turing band, near its edge",nucl,1,a,,,100,,,,,,1.623785569636874,2.809089422053746,0.4555309347705201,13.79310344827586,160.56372055964462,160.40354350999877,0.9990024082084823,0.214662979723475,0.4712368871976047,0.2147997259282835,0.4715370780175265,0,112329.3449295546,0.6985648063622866
bi3.2,3.2,10.0,3,3,"Turing band, near its edge",nucl,1,a,,,200,,,,,,1.624685279725806,2.8263128381293146,0.5497787143782138,11.428571428571429,166.86909763873868,166.7534760515746,0.9993071120489044,0.19464843528296735,0.3540486930329959,0.19471369135111471,0.35416738818513754,0,112951.86178163797,0.7661688027137719
bi3.2,3.2,10.0,3,3,"Turing band, near its edge",nucl,1,a,,,400,,,,,,1.6295629654164476,2.8279426803248513,0.5497787143782138,11.428571428571429,197.56107601754456,197.3711226100007,0.9990385079319622,0.13116636059364292,0.23858028178116872,0.1312457245353067,0.23872463793681498,0,112947.07327438593,0.6524814967808135
bi3.2,3.2,10.0,3,3,"Turing band, near its edge",nucl,1,a,,,600,,,,,,1.6298525780635504,2.830227451815454,0.5497787143782138,11.428571428571429,213.99969164807112,213.82393896584125,0.9991787246005994,0.1227625130339656,0.2232944088655869,0.12283662384484062,0.2234292100300133,0,112931.85303604571,0.6692257844142186
bi3.2,3.2,10.0,3,3,"Turing band, near its edge",nucl,1,i,,,50,,,,,,2.0398150480200288,0.08606702164245852,0.3612831551628263,17.391304347826082,6.957079319005976,6.887733925833728,0.9900323986557399,0.2098811881499901,0.580932670540366,0.21109223809783373,0.5842847502887225,0,3431.7710707683605,0.7669137404076783
bi3.2,3.2,10.0,3,3,"Turing band, near its edge",nucl,1,i,,,100,,,,,,2.057352223783549,0.06176827204070969,0.4555309347705201,13.79310344827586,5.407992160693373,5.274153745421934,0.9752517364495811,0.1551399133143548,0.34056943551486496,0.1606960633081747,0.35276652152971244,0,2423.2823307449135,0.6610692872534703
bi3.2,3.2,10.0,3,3,"Turing band, near its edge",nucl,1,i,,,200,,,,,,2.0597504111396883,0.054689470019936584,0.4555309347705201,13.79310344827586,3.8990904400512627,3.7552791035427426,0.9631166963886507,0.18163528947705385,0.3987331608303508,0.18660801004903438,0.40964947889442616,0,2121.307227623293,0.7599686542772103
bi3.2,3.2,10.0,3,3,"Turing band, near its edge",nucl,1,i,,,400,,,,,,2.064690707445905,0.05167292570105634,0.5497787143782138,11.428571428571429,3.473488227065087,3.34988755345736,0.9644159802688713,0.18895131271384677,0.3436861191098423,0.19311426796370873,0.3512581751771096,0,2007.8689052933778,0.8035755733982564
bi3.2,3.2,10.0,3,3,"Turing band, near its edge",nucl,1,i,,,600,,,,,,2.0644922542340556,0.050815231229924034,0.5497787143782138,11.428571428571429,3.7162224999483695,3.610595812674192,0.9715768667576699,0.17054906133723222,0.31021401316003844,0.17358476044185217,0.3157356876542088,0,1961.5776470932674,0.8091761722564745
bi3.2,3.2,10.0,3,3,"Turing band, near its edge",nucl,2,a,cov10,6,10.01,1,6,10.01,5.477225575051661,115,0.9346990794772677,2.487661488876972,0.20420352248333656,30.769230769230766,269.9910918699215,203.05776535473973,0.7520906113916179,0.08156390631406216,0.39942458054668445,0.10321081243891003,0.5054311070825541,0,101750.09088920549,0.2884545268516509
bi3.2,3.2,10.0,3,3,"Turing band, near its edge",nucl,2,a,cov20,6,10.01,1,6,10.01,5.477225575051661,115,0.9346990794772677,2.487661488876972,0.20420352248333656,30.769230769230766,269.9910918699215,203.05776535473973,0.7520906113916179,0.08156390631406216,0.39942458054668445,0.10321081243891003,0.5054311070825541,0,101750.09088920549,0.2884545268516509
bi3.2,3.2,10.0,3,3,"Turing band, near its edge",nucl,2,a,t600,301,600.01,1,301,600.01,5.477225575051661,118,1.6282561353603797,2.833632421524557,0.5497787143782138,11.428571428571429,253.42860497048764,252.98495542688286,0.9982494101498273,0.09908144874843332,0.18022059813736513,0.09924835394235482,0.18052418427039735,0,112755.8668005967,0.5949422608548093
bi3.2,3.2,10.0,3,3,"Turing band, near its edge",nucl,2,i,cov10,6,10.01,1,6,10.01,5.477225575051661,52,0.9635563992509578,0.3911179848637491,0.20420352248333656,30.769230769230766,83.99461259060016,44.549523095503744,0.5303854821337587,0.05322557438359797,0.26064963883246084,0.08647388298520445,0.42346910539832094,0,15607.112511866504,0.35252064658595095
bi3.2,3.2,10.0,3,3,"Turing band, near its edge",nucl,2,i,cov20,6,10.01,1,6,10.01,5.477225575051661,52,0.9635563992509578,0.3911179848637491,0.20420352248333656,30.769230769230766,83.99461259060016,44.549523095503744,0.5303854821337587,0.05322557438359797,0.26064963883246084,0.08647388298520445,0.42346910539832094,0,15607.112511866504,0.35252064658595095
bi3.2,3.2,10.0,3,3,"Turing band, near its edge",nucl,2,i,t600,301,600.01,1,301,600.01,5.477225575051661,1,2.0639782403626867,0.050037198302059833,0.5497787143782138,11.428571428571429,4.423295162361064,4.198478073066779,0.9491742963012484,0.10116914926364123,0.1840179450709747,0.10919695341479896,0.198619827503322,0,1948.3722728277435,0.64373320425488
bi3.2,3.2,10.0,3,3,"Turing band, near its edge",nucl,2,a,,,50,,,,,,1.6071877280700098,2.7797216468667045,0.48694686130641796,12.903225806451612,135.61867834524205,135.5330262051192,0.9993684340448681,0.2549587475706562,0.5235863865856605,0.2550525635194228,0.5237790481596871,0,111033.07202923426,0.6546840954397581
bi3.2,3.2,10.0,3,3,"Turing band, near its edge",nucl,2,a,,,100,,,,,,1.6218675207340223,2.8190705218622494,0.5497787143782138,11.428571428571429,161.4707107117159,161.352303401193,0.9992666948079872,0.16882697852617398,0.30708169325382695,0.1689340094037785,0.3072763731765038,0,112299.69276240095,0.6567332002912635
bi3.2,3.2,10.0,3,3,"Turing band, near its edge",nucl,2,a,,,200,,,,,,1.6257212469931452,2.8312080789862764,0.5497787143782138,11.428571428571429,208.81660806699327,208.57526224201385,0.9988442211220001,0.12747023977816027,0.23185735723203832,0.12760551999911346,0.23210342027052133,0,112758.2713733346,0.6249268651471471
bi3.2,3.2,10.0,3,3,"Turing band, near its edge",nucl,2,a,,,400,,,,,,1.6258169353220502,2.839238716899992,0.5497787143782138,11.428571428571429,238.5271815235507,238.34612304721125,0.9992409314729543,0.10784303772934836,0.19615717180196068,0.10792037604479615,0.19629784351846258,0,113409.11492140917,0.6651858300267233
bi3.2,3.2,10.0,3,3,"Turing band, near its edge",nucl,2,a,,,600,,,,,,1.6282561353603797,2.833632421524557,0.5497787143782138,11.428571428571429,253.42860497048764,252.98495542688286,0.9982494101498273,0.09908144874843332,0.18022059813736513,0.09924835394235482,0.18052418427039735,0,112755.8668005967,0.5949422608548093
bi3.2,3.2,10.0,3,3,"Turing band, near its edge",nucl,2,i,,,50,,,,,,2.0364994953251787,0.08617672200017326,0.3612831551628263,17.391304347826082,6.335054838101378,6.214857726474451,0.9810266659565412,0.21009648898730895,0.5815286043231681,0.2185336714417886,0.6048819833387967,0,3275.468214400427,0.7284378010016662
bi3.2,3.2,10.0,3,3,"Turing band, near its edge",nucl,2,i,,,100,,,,,,2.0542708021459504,0.0607300201298966,0.48694686130641796,12.903225806451612,3.9155612827208524,3.8207409731190682,0.9757837247956709,0.224321241145983,0.46066883056635166,0.2271900405808026,0.46656023199591007,0,2286.451704686443,0.7878270562876507
bi3.2,3.2,10.0,3,3,"Turing band, near its edge",nucl,2,i,,,200,,,,,,2.060047513295869,0.053703712259079724,0.5497787143782138,11.428571428571429,3.6348372765647157,3.4690040246335725,0.9543767053891689,0.14841444142767626,0.26995305119356855,0.15509525766439397,0.2821048789417082,0,2035.0779815395013,0.654436235841538
bi3.2,3.2,10.0,3,3,"Turing band, near its edge",nucl,2,i,,,400,,,,,,2.062272564570823,0.05097966014925182,0.5497787143782138,11.428571428571429,4.126221854449576,3.917913649547936,0.9495159949586792,0.12225765020269606,0.22237610697781646,0.12882336037727904,0.23431856674002938,0,1978.3318176844543,0.6890308786048583
bi3.2,3.2,10.0,3,3,"Turing band, near its edge",nucl,2,i,,,600,,,,,,2.0639782403626867,0.050037198302059833,0.5497787143782138,11.428571428571429,4.423295162361064,4.198478073066779,0.9491742963012484,0.10116914926364123,0.1840179450709747,0.10919695341479896,0.198619827503322,0,1948.3722728277435,0.64373320425488
bi3.2,3.2,10.0,3,3,"Turing band, near its edge",nucl,3,a,cov10,6,10.01,1,6,10.01,5.477225575051661,104,0.8539377970928764,2.3151365563447843,0.10995574287564278,57.14285714285713,215.6964483126425,114.15150171595961,0.5292229084389096,0.05354175797526156,0.4869391682053021,0.08060482625720412,0.7330660877655675,0,88215.16777234199,0.11005481699912534
bi3.2,3.2,10.0,3,3,"Turing band, near its edge",nucl,3,a,cov20,6,10.01,1,6,10.01,5.477225575051661,104,0.8539377970928764,2.3151365563447843,0.10995574287564278,57.14285714285713,215.6964483126425,114.15150171595961,0.5292229084389096,0.05354175797526156,0.4869391682053021,0.08060482625720412,0.7330660877655675,0,88215.16777234199,0.11005481699912534
bi3.2,3.2,10.0,3,3,"Turing band, near its edge",nucl,3,a,t600,301,600.01,1,301,600.01,5.477225575051661,124,1.6279120814873327,2.8402642415042187,0.5183627878423159,12.12121212121212,251.30917755709345,251.09899269474425,0.9991636403238738,0.10051065690081558,0.19390021671731297,0.10057509817062216,0.19402453364614733,0,113559.3247741675,0.6368556312136282
bi3.2,3.2,10.0,3,3,"Turing band, near its edge",nucl,3,i,cov10,6,10.01,1,6,10.01,5.477225575051661,44,0.8842091764411071,0.44061366457364304,0.10995574287564278,57.14285714285713,169.79764480563495,72.26471596720862,0.4255931585501616,0.041626368932004075,0.37857385019973416,0.07619604314755646,0.6929701091986827,1,17012.642906727928,0.43766566921650557
bi3.2,3.2,10.0,3,3,"Turing band, near its edge",nucl,3,i,cov20,6,10.01,1,6,10.01,5.477225575051661,44,0.8842091764411071,0.44061366457364304,0.10995574287564278,57.14285714285713,169.79764480563495,72.26471596720862,0.4255931585501616,0.041626368932004075,0.37857385019973416,0.07619604314755646,0.6929701091986827,1,17012.642906727928,0.43766566921650557
bi3.2,3.2,10.0,3,3,"Turing band, near its edge",nucl,3,i,t600,301,600.01,1,301,600.01,5.477225575051661,1,2.063172679440182,0.049829239143692305,0.5183627878423159,12.12121212121212,5.156650832935686,5.006748706530958,0.970930332252225,0.09614327104721344,0.18547487069318694,0.09902761414571931,0.1910392035622803,0,2005.6586155682103,0.6915641514099761
bi3.2,3.2,10.0,3,3,"Turing band, near its edge",nucl,3,a,,,50,,,,,,1.6092109554224152,2.7743708464169785,0.5183627878423159,12.12121212121212,154.40288324467608,153.54527042379212,0.9944456165399131,0.23230723873459838,0.4481557013410951,0.23289842354052598,0.4492961859973884,0,110850.95743775649,0.6535502180064778
bi3.2,3.2,10.0,3,3,"Turing band, near its edge",nucl,3,a,,,100,,,,,,1.6240130907606811,2.8096115720457755,0.5183627878423159,12.12121212121212,211.73694557816464,211.5554311635751,0.9991427362187836,0.10163935956935653,0.1960776544019106,0.1017321915801262,0.19625674135210638,0,112454.95210621212,0.5379139442097541
bi3.2,3.2,10.0,3,3,"Turing band, near its edge",nucl,3,a,,,200,,,,,,1.625222132426651,2.827086999624045,0.5183627878423159,12.12121212121212,227.39206243940342,227.07367735347333,0.9985998408101209,0.10061256446324329,0.19409681177548044,0.10075048177187818,0.19436287506526434,0,113165.21283930191,0.5432500552113708
bi3.2,3.2,10.0,3,3,"Turing band, near its edge",nucl,3,a,,,400,,,,,,1.6271339486893832,2.831631518302566,0.5183627878423159,12.12121212121212,247.7625869411556,247.5938656752358,0.999319020405773,0.09785338587502086,0.1887739401247057,0.09793072872078634,0.18892314613944958,0,112993.92172973673,0.6130727779205694
bi3.2,3.2,10.0,3,3,"Turing band, near its edge",nucl,3,a,,,600,,,,,,1.6279120814873327,2.8402642415042187,0.5183627878423159,12.12121212121212,251.30917755709345,251.09899269474425,0.9991636403238738,0.10051065690081558,0.19390021671731297,0.10057509817062216,0.19402453364614733,0,113559.3247741675,0.6368556312136282
bi3.2,3.2,10.0,3,3,"Turing band, near its edge",nucl,3,i,,,50,,,,,,2.0377180290827286,0.08782714375349983,0.3612831551628263,17.391304347826082,6.923373583007749,6.305273042601739,0.9107226364437369,0.19349805252360636,0.5355855919615155,0.21188700532663135,0.5864845960812545,0,3454.1216140715637,0.6077166922280093
bi3.2,3.2,10.0,3,3,"Turing band, near its edge",nucl,3,i,,,100,,,,,,2.057047075827953,0.059621932036905745,0.5183627878423159,12.12121212121212,4.4273932185828535,4.2409603131327565,0.95789104417751,0.2031907192028767,0.3919855436549712,0.2075859324782272,0.40046457297273064,0,2335.4825508219433,0.746147594991794
bi3.2,3.2,10.0,3,3,"Turing band, near its edge",nucl,3,i,,,200,,,,,,2.0598958769673983,0.053107679063005,0.5183627878423159,12.12121212121212,4.704528698900957,4.475738555849932,0.9513681055650752,0.10299877790895465,0.19870017741375082,0.10807446031318113,0.2084919343131108,0,2121.765896503468,0.6415126396465968
bi3.2,3.2,10.0,3,3,"Turing band, near its edge",nucl,3,i,,,400,,,,,,2.0632330978481614,0.05045361172550492,0.5183627878423159,12.12121212121212,5.0964362454023835,4.954208162555771,0.9720926396410983,0.09662633235462187,0.1864067688130716,0.09932698264810702,0.19161673055574724,0,2016.8186107045879,0.6651548942336369
bi3.2,3.2,10.0,3,3,"Turing band, near its edge",nucl,3,i,,,600,,,,,,2.063172679440182,0.049829239143692305,0.5183627878423159,12.12121212121212,5.156650832935686,5.006748706530958,0.970930332252225,0.09614327104721344,0.18547487069318694,0.09902761414571931,0.1910392035622803,0,2005.6586155682103,0.6915641514099761
bi3.2,3.2,10.0,3,3,"Turing band, near its edge",random,1,a,cov10,6,10.01,1,6,10.01,5.477225575051661,37,1.5912111127377953,2.2601154677406345,0.6440264939859076,9.75609756097561,73.72272943258902,73.53628971265555,0.99747106867355,0.3171958447543734,0.4925198694718826,0.3173880496937794,0.4928183120688888,0,89381.97336563624,0.6086169972204993
bi3.2,3.2,10.0,3,3,"Turing band, near its edge",random,1,a,cov20,6,10.01,1,6,10.01,5.477225575051661,37,1.5912111127377953,2.2601154677406345,0.6440264939859076,9.75609756097561,73.72272943258902,73.53628971265555,0.99747106867355,0.3171958447543734,0.4925198694718826,0.3173880496937794,0.4928183120688888,0,89381.97336563624,0.6086169972204993
bi3.2,3.2,10.0,3,3,"Turing band, near its edge",random,1,a,t600,301,600.01,1,301,600.01,5.477225575051661,82,1.6024419489947734,2.9024950841827724,0.5497787143782138,11.428571428571429,217.05465148276937,216.86285416559738,0.9991163639393961,0.13459571848539637,0.244817987610926,0.13466974047229452,0.2449526272122097,0,115997.98033621738,0.6872079700882164
bi3.2,3.2,10.0,3,3,"Turing band, near its edge",random,1,i,cov10,6,10.01,1,6,10.01,5.477225575051661,1,2.068523508566119,0.04083278626762766,0.39269908169872414,16.0,2.88054564364669,2.6960200150121563,0.9359407378107263,0.17381201019560877,0.44260864946192074,0.18395159402378003,0.4684288876562903,0,1668.263174818399,0.5907477409791848
bi3.2,3.2,10.0,3,3,"Turing band, near its edge",random,1,i,cov20,6,10.01,1,6,10.01,5.477225575051661,1,2.068523508566119,0.04083278626762766,0.39269908169872414,16.0,2.88054564364669,2.6960200150121563,0.9359407378107263,0.17381201019560877,0.44260864946192074,0.18395159402378003,0.4684288876562903,0,1668.263174818399,0.5907477409791848
bi3.2,3.2,10.0,3,3,"Turing band, near its edge",random,1,i,t600,301,600.01,1,301,600.01,5.477225575051661,1,2.0511238116006822,0.052879189145094076,0.5183627878423159,12.12121212121212,4.003252497231191,3.801893372899021,0.9497011181604363,0.13023920128038832,0.2512510626438073,0.1344414645293175,0.2593578622588435,0,2042.0901503618466,0.6913395423011877
bi3.2,3.2,10.0,3,3,"Turing band, near its edge",random,1,a,,,50,,,,,,1.6070212254879488,2.8395764007838786,0.5497787143782138,11.428571428571429,126.02534094884807,125.94015738039967,0.9993240758738913,0.2357338844727029,0.42877957677810813,0.23583326552001105,0.4289603423201509,0,113524.59536594499,0.7171707740182409
bi3.2,3.2,10.0,3,3,"Turing band, near its edge",random,1,a,,,100,,,,,,1.6035896970218335,2.8754258492621267,0.5497787143782138,11.428571428571429,156.67750908927832,156.5867106976459,0.9994204759051878,0.1943215220351266,0.3534540660689264,0.19437983979882062,0.35356014104449174,0,115084.06477775288,0.6940639736996873
bi3.2,3.2,10.0,3,3,"Turing band, near its edge",random,1,a,,,200,,,,,,1.602339867420045,2.8916930146846274,0.5497787143782138,11.428571428571429,180.00325239601474,179.8662356444542,0.999238809578512,0.16754839936625945,0.30475606818600204,0.16763673277894137,0.3049167390347849,0,115604.8720159382,0.7356894647244412
bi3.2,3.2,10.0,3,3,"Turing band, near its edge",random,1,a,,,400,,,,,,1.6020786977767998,2.900771736250703,0.5497787143782138,11.428571428571429,200.7265887317532,200.54745268576642,0.9991075619472307,0.1476585049816197,0.2685780680843889,0.14774962612194614,0.268743809568996,0,115910.38106225288,0.6684130403740408
bi3.2,3.2,10.0,3,3,"Turing band, near its edge",random,1,a,,,600,,,,,,1.6024419489947734,2.9024950841827724,0.5497787143782138,11.428571428571429,217.05465148276937,216.86285416559738,0.9991163639393961,0.13459571848539637,0.244817987610926,0.13466974047229452,0.2449526272122097,0,115997.98033621738,0.6872079700882164
bi3.2,3.2,10.0,3,3,"Turing band, near its edge",random,1,i,,,50,,,,,,2.0571704796777834,0.05160623752842691,0.48694686130641796,12.903225806451612,2.6839078419404316,2.5890441183847006,0.9646546270802109,0.25016899696922473,0.5137500964644323,0.25553774123053546,0.5247754150113206,0,2009.924337968224,0.7295673748282046
bi3.2,3.2,10.0,3,3,"Turing band, near its edge",random,1,i,,,100,,,,,,2.0526348523390943,0.05338398340582597,0.5183627878423159,12.12121212121212,3.128794998170486,3.0385960203896203,0.9711713366220516,0.23077427634460843,0.4451983856812058,0.23609492954505734,0.4554627281942865,0,2036.0468172466299,0.7589547752976887
bi3.2,3.2,10.0,3,3,"Turing band, near its edge",random,1,i,,,200,,,,,,2.05100198603388,0.05371928240830452,0.5183627878423159,12.12121212121212,3.573135498052658,3.432818542082344,0.9607300210006628,0.15656122297273303,0.30203021251664075,0.20351792634120303,0.3926167755759359,0,2036.749179603202,0.6751819970171203
bi3.2,3.2,10.0,3,3,"Turing band, near its edge",random,1,i,,,400,,,,,,2.0506575363435435,0.05332180296955778,0.5183627878423159,12.12121212121212,3.8673076180561266,3.6777991985668246,0.9509973247009099,0.13230537559384453,0.2552370245259414,0.1369842781827677,0.26426333331712426,0,2038.5669130063247,0.6622742829097326
bi3.2,3.2,10.0,3,3,"Turing band, near its edge",random,1,i,,,600,,,,,,2.0511238116006822,0.052879189145094076,0.5183627878423159,12.12121212121212,4.003252497231191,3.801893372899021,0.9497011181604363,0.13023920128038832,0.2512510626438073,0.1344414645293175,0.2593578622588435,0,2042.0901503618466,0.6913395423011877
bi3.2,3.2,10.0,3,3,"Turing band, near its edge",random,2,a,cov10,6,10.01,1,6,10.01,5.477225575051661,37,1.587740262631585,2.2308097928703123,0.5497787143782138,11.428571428571429,71.08265824278092,70.87638660552588,0.9970981440149504,0.310139123628883,0.5641162808197162,0.31082810147897644,0.5653694720256957,0,89541.77315271946,0.6553419293675626
bi3.2,3.2,10.0,3,3,"Turing band, near its edge",random,2,a,cov20,6,10.01,1,6,10.01,5.477225575051661,37,1.587740262631585,2.2308097928703123,0.5497787143782138,11.428571428571429,71.08265824278092,70.87638660552588,0.9970981440149504,0.310139123628883,0.5641162808197162,0.31082810147897644,0.5653694720256957,0,89541.77315271946,0.6553419293675626
bi3.2,3.2,10.0,3,3,"Turing band, near its edge",random,2,a,t600,301,600.01,1,301,600.01,5.477225575051661,88,1.6033258786181332,2.895519309738243,0.5497787143782138,11.428571428571429,260.271423992913,259.9888088307325,0.9989141521652866,0.10650505528079193,0.19372349728244123,0.10663638700789257,0.1939623783516168,0,115753.65213296458,0.7043994228903511
bi3.2,3.2,10.0,3,3,"Turing band, near its edge",random,2,i,cov10,6,10.01,1,6,10.01,5.477225575051661,1,2.064206994983792,0.038350288866020245,0.48694686130641796,12.903225806451612,1.7075535283389096,1.5321734185545455,0.8972915888880086,0.313818428256558,0.6444613431014261,0.3259872827074893,0.6694514506837684,0,1451.918808421423,0.7136106749717124
bi3.2,3.2,10.0,3,3,"Turing band, near its edge",random,2,i,cov20,6,10.01,1,6,10.01,5.477225575051661,1,2.064206994983792,0.038350288866020245,0.48694686130641796,12.903225806451612,1.7075535283389096,1.5321734185545455,0.8972915888880086,0.313818428256558,0.6444613431014261,0.3259872827074893,0.6694514506837684,0,1451.918808421423,0.7136106749717124
bi3.2,3.2,10.0,3,3,"Turing band, near its edge",random,2,i,t600,301,600.01,1,301,600.01,5.477225575051661,1,2.052256480306084,0.050980978775150745,0.5497787143782138,11.428571428571429,4.493400465785218,4.297810334214157,0.9564716893007039,0.1077772563027658,0.19603752106819783,0.11340303522666029,0.2062703270622551,0,2000.4193373014778,0.6437029701209243
bi3.2,3.2,10.0,3,3,"Turing band, near its edge",random,2,a,,,50,,,,,,1.6070849798084534,2.836326724715975,0.5497787143782138,11.428571428571429,148.35974899993056,147.95671497837571,0.9972834004892053,0.1955917280050247,0.35576446102725917,0.19595814584896298,0.35643094343982895,0,113104.26031247275,0.6331776173268803
bi3.2,3.2,10.0,3,3,"Turing band, near its edge",random,2,a,,,100,,,,,,1.6039689329843265,2.868306563407268,0.5497787143782138,11.428571428571429,187.37377312634786,187.13082034354494,0.9987033789267877,0.16004730673489212,0.29111222851888996,0.16025629183959744,0.2914923543754206,0,114704.52400073895,0.6641467916817435
bi3.2,3.2,10.0,3,3,"Turing band, near its edge",random,2,a,,,200,,,,,,1.603256534192996,2.8829694976979523,0.5497787143782138,11.428571428571429,222.3865699349844,222.15940165049972,0.9989784981865087,0.1294092397246862,0.23538423067369002,0.12954752424791355,0.23563575827854413,0,115271.51078412132,0.6444852039559114
bi3.2,3.2,10.0,3,3,"Turing band, near its edge",random,2,a,,,400,,,,,,1.6030970779896874,2.8932887499709423,0.5497787143782138,11.428571428571429,249.2577011204619,248.9942890990796,0.9989432141105442,0.11261530975702595,0.2048375224646358,0.11275718853390271,0.20509558770646172,0,115639.19521706621,0.6898235093799941
bi3.2,3.2,10.0,3,3,"Turing band, near its edge",random,2,a,,,600,,,,,,1.6033258786181332,2.895519309738243,0.5497787143782138,11.428571428571429,260.271423992913,259.9888088307325,0.9989141521652866,0.10650505528079193,0.19372349728244123,0.10663638700789257,0.1939623783516168,0,115753.65213296458,0.7043994228903511
bi3.2,3.2,10.0,3,3,"Turing band, near its edge",random,2,i,,,50,,,,,,2.057242133351146,0.05036138968297342,0.48694686130641796,12.903225806451612,2.6537209601873037,2.3380071331198797,0.8810297571583636,0.23233354565274905,0.47712299660260055,0.25711288425555906,0.5280101478953106,0,1918.4694861373487,0.7142531149928192
bi3.2,3.2,10.0,3,3,"Turing band, near its edge",random,2,i,,,100,,,,,,2.0531076392008747,0.05242227941095995,0.5497787143782138,11.428571428571429,3.2208984675680425,2.9658875192229828,0.9208261449676781,0.1605765399948391,0.2920748581116808,0.1760264640319737,0.32017693560772953,0,1972.7607154685895,0.6366536665892693
bi3.2,3.2,10.0,3,3,"Turing band, near its edge",random,2,i,,,200,,,,,,2.052167301441876,0.05220362478707056,0.5497787143782138,11.428571428571429,3.8269096637002473,3.593148294699472,0.9389164131000807,0.12607770549095768,0.22932445762937267,0.13537215861298552,0.2462302651460199,0,1984.6364922804132,0.6418680157961227
bi3.2,3.2,10.0,3,3,"Turing band, near its edge",random,2,i,,,400,,,,,,2.05196238297018,0.05130606309285809,0.5497787143782138,11.428571428571429,4.297794098155834,4.091642701883713,0.9520332078354847,0.11187171963655582,0.20348499625541155,0.11842248924508081,0.215400280418302,0,1993.106198994849,0.6872396877883613
bi3.2,3.2,10.0,3,3,"Turing band, near its edge",random,2,i,,,600,,,,,,2.052256480306084,0.050980978775150745,0.5497787143782138,11.428571428571429,4.493400465785218,4.297810334214157,0.9564716893007039,0.1077772563027658,0.19603752106819783,0.11340303522666029,0.2062703270622551,0,2000.4193373014778,0.6437029701209243
bi3.2,3.2,10.0,3,3,"Turing band, near its edge",random,3,a,cov10,6,10.01,1,6,10.01,5.477225575051661,46,1.5877099953954872,2.26088385081812,0.48694686130641796,12.903225806451612,68.73411241382266,68.64596795048186,0.9987176023629998,0.33761338632101645,0.6933269585417219,0.33785254244246815,0.6938180924630086,0,90409.52012824058,0.6542519439975951
bi3.2,3.2,10.0,3,3,"Turing band, near its edge",random,3,a,cov20,6,10.01,1,6,10.01,5.477225575051661,46,1.5877099953954872,2.26088385081812,0.48694686130641796,12.903225806451612,68.73411241382266,68.64596795048186,0.9987176023629998,0.33761338632101645,0.6933269585417219,0.33785254244246815,0.6938180924630086,0,90409.52012824058,0.6542519439975951
bi3.2,3.2,10.0,3,3,"Turing band, near its edge",random,3,a,t600,301,600.01,1,301,600.01,5.477225575051661,84,1.601845997566981,2.9011202008138506,0.5183627878423159,12.12121212121212,209.2142135792574,209.07812418043025,0.9993495212562334,0.14762840582184422,0.2847974609372466,0.14768346074375843,0.28490367018529733,0,115955.15079612615,0.7285213533749959
bi3.2,3.2,10.0,3,3,"Turing band, near its edge",random,3,i,cov10,6,10.01,1,6,10.01,5.477225575051661,1,2.063606293172758,0.03984154734759257,0.48694686130641796,12.903225806451612,1.9468173177257067,1.8645262895312913,0.9577304827498921,0.2280042388452081,0.468232279459613,0.23853191966770326,0.4898520529072756,0,1453.3198353940447,0.5997795160437389
bi3.2,3.2,10.0,3,3,"Turing band, near its edge",random,3,i,cov20,6,10.01,1,6,10.01,5.477225575051661,1,2.063606293172758,0.03984154734759257,0.48694686130641796,12.903225806451612,1.9468173177257067,1.8645262895312913,0.9577304827498921,0.2280042388452081,0.468232279459613,0.23853191966770326,0.4898520529072756,0,1453.3198353940447,0.5997795160437389
bi3.2,3.2,10.0,3,3,"Turing band, near its edge",random,3,i,t600,301,600.01,1,301,600.01,5.477225575051661,1,2.0503607744160863,0.05361222183517457,0.48694686130641796,12.903225806451612,4.813419104530274,4.673655495794804,0.9709637565937428,0.1224018893153118,0.2513660093976635,0.12737224963190086,0.26157320182776606,0,2121.8054956168453,0.7244204633242004
bi3.2,3.2,10.0,3,3,"Turing band, near its edge",random,3,a,,,50,,,,,,1.607086983759702,2.842909203239746,0.5497787143782138,11.428571428571429,128.6522790242312,128.4550688517907,0.998467107042827,0.23708991847814465,0.43124608552058535,0.23733061375615577,0.43168388944372077,0,113431.8641312237,0.7312529715578985
bi3.2,3.2,10.0,3,3,"Turing band, near its edge",random,3,a,,,100,,,,,,1.6034054273021479,2.8732570977066803,0.5497787143782138,11.428571428571429,148.4153490440277,148.23761513048592,0.9988024559812271,0.20752232569511522,0.3774651878434724,0.2077291716372186,0.3778414227479781,0,114724.28299745082,0.6870027395106503
bi3.2,3.2,10.0,3,3,"Turing band, near its edge",random,3,a,,,200,,,,,,1.6019760304170072,2.8898742268501443,0.5183627878423159,12.12121212121212,165.40510974878413,165.27362565117582,0.9992050783811455,0.17322088486478093,0.33416921300584196,0.1733482505644518,0.3344149206504841,0,115423.02225908791,0.6676689487170351
bi3.2,3.2,10.0,3,3,"Turing band, near its edge",random,3,a,,,400,,,,,,1.6016022907483043,2.8983989578600684,0.5183627878423159,12.12121212121212,194.11396356685282,193.98466363051625,0.9993338967791875,0.15324880484152203,0.2956400583448898,0.15330233909817959,0.2957433340003056,0,115786.89561582883,0.7116257415975136
bi3.2,3.2,10.0,3,3,"Turing band, near its edge",random,3,a,,,600,,,,,,1.601845997566981,2.9011202008138506,0.5183627878423159,12.12121212121212,209.2142135792574,209.07812418043025,0.9993495212562334,0.14762840582184422,0.2847974609372466,0.14768346074375843,0.28490367018529733,0,115955.15079612615,0.7285213533749959
bi3.2,3.2,10.0,3,3,"Turing band, near its edge",random,3,i,,,50,,,,,,2.0571941740878326,0.05131758575060121,0.48694686130641796,12.903225806451612,3.102650900737289,2.92962728373109,0.9442336174639941,0.1782013769318196,0.3659565161868534,0.18568946196151015,0.38133413872579114,0,1957.86195394517,0.6638462877181004
bi3.2,3.2,10.0,3,3,"Turing band, near its edge",random,3,i,,,100,,,,,,2.052417186575791,0.05299007985675812,0.48694686130641796,12.903225806451612,3.6481587147838037,3.491954859243206,0.9571828235137916,0.17018187980880042,0.34948757930634067,0.17542059704389096,0.3602458727698938,0,2050.913078364593,0.6760324182551001
bi3.2,3.2,10.0,3,3,"Turing band, near its edge",random,3,i,,,200,,,,,,2.0505381836318293,0.05394654320803229,0.48694686130641796,12.903225806451612,4.17659174234628,4.03871959509607,0.9669893167071298,0.15196333784837163,0.31207375983628455,0.1566728694599907,0.3217453112638551,0,2105.1295240361296,0.7219736661159006
bi3.2,3.2,10.0,3,3,"Turing band, near its edge",random,3,i,,,400,,,,,,2.0500503775330015,0.054065752899801624,0.48694686130641796,12.903225806451612,4.680918596005185,4.547997318605138,0.9716035913306664,0.1280434152744404,0.26295151575865144,0.13324147624231747,0.27362631701711176,0,2123.82757280707,0.702831233515342
bi3.2,3.2,10.0,3,3,"Turing band, near its edge",random,3,i,,,600,,,,,,2.0503607744160863,0.05361222183517457,0.48694686130641796,12.903225806451612,4.813419104530274,4.673655495794804,0.9709637565937428,0.1224018893153118,0.2513660093976635,0.12737224963190086,0.26157320182776606,0,2121.8054956168453,0.7244204633242004
bi3.2,3.2,10.0,3,3,"Turing band, near its edge",seed1,0,a,cov10,96,190.01,1,96,190.01,5.477225575051661,1,0.4376663556008358,1.2987484820257411,0.4555309347705201,13.79310344827586,201.44238898095466,184.59671253241135,0.9163747186788179,0.10036475677756727,0.2203247883222846,0.10728539544877708,0.23551725527229792,0,144063.18955423427,0.34940812719172526
bi3.2,3.2,10.0,3,3,"Turing band, near its edge",seed1,0,a,cov20,136,270.01,1,136,270.01,5.477225575051661,1,0.8468613962385664,2.1644241540480342,0.4241150082346221,14.814814814814813,249.12049973200615,245.30643771148942,0.9846898909378403,0.12299011155953414,0.2899923586092372,0.1246004507451392,0.2937892984824761,0,129219.28739456538,0.5006900319406883
bi3.2,3.2,10.0,3,3,"Turing band, near its edge",seed1,0,a,t600,301,600.01,1,301,600.01,5.477225575051661,12,1.611197311492688,2.881166911206542,0.5183627878423159,12.12121212121212,231.39774905590636,231.37849124321346,0.9999167761450944,0.1472810758725021,0.2841274090788023,0.1472876464222101,0.2841400846601945,0,115176.94696573608,0.7388917988885062
bi3.2,3.2,10.0,3,3,"Turing band, near its edge",seed1,0,i,cov10,96,190.01,1,66,130.01,5.477225575051661,1,0.5552013075878184,0.7731929052451046,0.17278759594743864,36.36363636363636,37.59162052330534,26.008187194654766,0.6918612933574041,0.03011910891926631,0.17431291149179734,0.04353344985250862,0.2519477721407232,0,66575.17663798176,0.021115242746269785
bi3.2,3.2,10.0,3,3,"Turing band, near its edge",seed1,0,i,cov20,136,270.01,1,96,190.01,5.477225575051661,1,1.0770375847441163,0.9831105449751916,0.4241150082346221,14.814814814814813,9.574497586709207,8.440051454844765,0.8815137690943473,0.07942450760661819,0.18727115538123149,0.08995887605433056,0.21210962665241254,0,28022.43946956715,0.06717428348566003
bi3.2,3.2,10.0,3,3,"Turing band, near its edge",seed1,0,i,t600,301,600.01,1,301,600.01,5.477225575051661,1,2.062318965925643,0.055612187968931776,0.4555309347705201,13.79310344827586,6.0418999176733985,6.0260147729249045,0.9973708361666125,0.13984948074186326,0.3070032572262394,0.14006188615066828,0.30746953820211215,0,2388.240480361864,0.7843160511126859
bi3.2,3.2,10.0,3,3,"Turing band, near its edge",seed1,0,a,,,50,,,,,,0.07490842022959632,0.25184340544893613,0.2984513020910303,21.05263157894737,126.73712379585648,111.86044028577551,0.882617791342308,0.108369597283848,0.36310646502320937,0.11717900860707897,0.39262354624051304,0,62577.86778307667,0.3242365173321255
bi3.2,3.2,10.0,3,3,"Turing band, near its edge",seed1,0,a,,,100,,,,,,0.15573249616287102,0.5095071714488653,0.17278759594743864,36.36363636363636,282.042628827914,193.37395031932544,0.6856195856737352,0.042953106251813644,0.24858906113191032,0.06405491218592901,0.3707147601348322,0,102875.21379207574,0.16788026072825274
bi3.2,3.2,10.0,3,3,"Turing band, near its edge",seed1,0,a,,,200,,,,,,0.47922421214459243,1.4003933313143586,0.4241150082346221,14.814814814814813,241.70410617051377,218.7238834197501,0.9049241524488131,0.08157552886782823,0.19234294303185878,0.0883256092692653,0.2082586269156578,0,143555.8073237635,0.33631704001765766
bi3.2,3.2,10.0,3,3,"Turing band, near its edge",seed1,0,a,,,400,,,,,,1.5338571016659357,2.859094065442059,0.4555309347705201,13.79310344827586,240.3284414288004,240.26674298292068,0.9997432744725805,0.148672625636054,0.3263721830679838,0.14869439237172505,0.3264199662897359,0,115563.30150881407,0.6388570583299914
bi3.2,3.2,10.0,3,3,"Turing band, near its edge",seed1,0,a,,,600,,,,,,1.611197311492688,2.881166911206542,0.5183627878423159,12.12121212121212,231.39774905590636,231.37849124321346,0.9999167761450944,0.1472810758725021,0.2841274090788023,0.1472876464222101,0.2841400846601945,0,115176.94696573608,0.7388917988885062
bi3.2,3.2,10.0,3,3,"Turing band, near its edge",seed1,0,i,,,50,,,,,,0.09410660024766808,0.1579866962347866,0.26703537555513246,23.529411764705877,22.299016914223145,16.613294175118405,0.7450236142258732,0.0833038852563201,0.3119582380541977,0.10140240808314357,0.37973398794950264,0,37650.69602379398,0.06712296906900722
bi3.2,3.2,10.0,3,3,"Turing band, near its edge",seed1,0,i,,,100,,,,,,0.19634466356478938,0.32122092942176966,0.17278759594743864,36.36363636363636,130.11016389951482,74.4196304028776,0.5719739962848138,0.03271182328566121,0.18931812267132894,0.05719110221467549,0.3309907861214344,0,60133.90430090212,0.12591301464852286
bi3.2,3.2,10.0,3,3,"Turing band, near its edge",seed1,0,i,,,200,,,,,,0.6079511974655423,0.818107899593647,0.17278759594743864,36.36363636363636,30.768137341078,21.61218820311191,0.7024210781280495,0.033075197507536985,0.19142113371146352,0.04708742168683533,0.27251621523317654,0,62890.86089933561,0.02495079065231
bi3.2,3.2,10.0,3,3,"Turing band, near its edge",seed1,0,i,,,400,,,,,,1.9596854558257248,0.21436070441558214,0.4555309347705201,13.79310344827586,7.65867194244939,7.591551910242013,0.9912360742552043,0.12005393583470886,0.26354727345836054,0.12095191990268783,0.26551856453748635,0,2761.894621481314,0.7044982100979134
bi3.2,3.2,10.0,3,3,"Turing band, near its edge",seed1,0,i,,,600,,,,,,2.062318965925643,0.055612187968931776,0.4555309347705201,13.79310344827586,6.0418999176733985,6.0260147729249045,0.9973708361666125,0.13984948074186326,0.3070032572262394,0.14006188615066828,0.30746953820211215,0,2388.240480361864,0.7843160511126859
bi3.2,3.2,10.0,3,3,"Turing band, near its edge",seed36,1,a,cov10,6,10.01,1,6,10.01,5.477225575051661,33,0.5316257244367677,1.7530336697695315,0.17278759594743864,36.36363636363636,217.80644301192004,113.84157106985404,0.5226731105636933,0.06841282488716859,0.3959359727881133,0.1777150270471256,1.0285172733185424,0,63393.780111087726,0.2652479646571288
bi3.2,3.2,10.0,3,3,"Turing band, near its edge",seed36,1,a,cov20,21,40.01,1,21,40.01,5.477225575051661,34,1.128626761327007,2.6022906573505993,0.3298672286269283,19.047619047619047,138.28735950749925,80.70758542451046,0.5836222899326798,0.08013721633321048,0.24293779247723846,0.18766865465078042,0.5689217914490955,0,102106.50762204271,0.2666121966709845
bi3.2,3.2,10.0,3,3,"Turing band, near its edge",seed36,1,a,t600,301,600.01,1,301,600.01,5.477225575051661,35,1.6108553941371022,2.8871862242163204,0.5497787143782138,11.428571428571429,243.51848046616757,243.4729982716626,0.9998132289819733,0.11422456521262703,0.20776461915556735,0.11425754792295051,0.20782461185710507,0,115421.17331175052,0.6631594445638671
bi3.2,3.2,10.0,3,3,"Turing band, near its edge",seed36,1,i,cov10,6,10.01,1,6,10.01,5.477225575051661,19,0.6160938268150877,0.5281902700480366,0.1413716694115407,44.44444444444444,124.77683913075168,38.66849775371982,0.309901244678908,0.04103930377376524,0.2902936914064272,0.11945592779028263,0.8449778395311996,1,19252.54567822091,0.31261316787953525
bi3.2,3.2,10.0,3,3,"Turing band, near its edge",seed36,1,i,cov20,21,40.01,1,16,30.01,5.477225575051661,9,1.4265045922098183,0.710714284229105,0.3298672286269283,19.047619047619047,13.255047309223936,3.434412750476797,0.259102262734804,0.04635374618074339,0.1405224349617595,0.2992248816230574,0.9071070286932726,1,28990.578194055128,0.04899986845669444
bi3.2,3.2,10.0,3,3,"Turing band, near its edge",seed36,1,i,t600,301,600.01,1,301,600.01,5.477225575051661,1,2.0618893655915764,0.055611178397016396,0.5183627878423159,12.12121212121212,4.596717064630367,4.556005466998747,0.9911433318476621,0.13656515396893587,0.26345477949408375,0.13716842855988964,0.2646185871691387,0,2157.639780607926,0.7720651389760476
bi3.2,3.2,10.0,3,3,"Turing band, near its edge",seed36,1,a,,,50,,,,,,1.2456141459716967,2.6985631158273407,0.3298672286269283,19.047619047619047,145.44533068931173,70.81321773912127,0.48687171601532264,0.07640440386574049,0.23162168665184982,0.379808912367097,1.1513993492110475,1,106599.23123072324,0.27735948237455194
bi3.2,3.2,10.0,3,3,"Turing band, near its edge",seed36,1,a,,,100,,,,,,1.520664574063618,2.8568456119460026,0.4241150082346221,14.814814814814813,127.78737329126193,102.07010384562415,0.7987495260034716,0.2517729902234228,0.5936431989790396,0.3200131373036306,0.7545432986106403,0,114461.3054964017,0.6478864781917204
bi3.2,3.2,10.0,3,3,"Turing band, near its edge",seed36,1,a,,,200,,,,,,1.604427857988909,2.880627580612615,0.5497787143782138,11.428571428571429,189.15404468581468,188.99810794061176,0.9991756097763496,0.1532794969107487,0.278802166948395,0.15336931675723603,0.2789655414918945,0,115101.80914530356,0.6312574195877367
bi3.2,3.2,10.0,3,3,"Turing band, near its edge",seed36,1,a,,,400,,,,,,1.6094835650422392,2.8850005149316877,0.5497787143782138,11.428571428571429,232.52558571967782,232.46605802590622,0.9997439950808538,0.12058945339594136,0.21934180105958642,0.12062120938933579,0.2193995624689752,0,115277.86845582577,0.647589369062504
bi3.2,3.2,10.0,3,3,"Turing band, near its edge",seed36,1,a,,,600,,,,,,1.6108553941371022,2.8871862242163204,0.5497787143782138,11.428571428571429,243.51848046616757,243.4729982716626,0.9998132289819733,0.11422456521262703,0.20776461915556735,0.11425754792295051,0.20782461185710507,0,115421.17331175052,0.6631594445638671
bi3.2,3.2,10.0,3,3,"Turing band, near its edge",seed36,1,i,,,50,,,,,,1.580621258732834,0.6143719357553976,0.2356194490192345,26.666666666666664,27.01999279405041,1.1647749267063254,0.04310789183344267,0.017174832045733182,0.07289225111604065,0.20680829403842638,0.8777216604964722,1,25435.4438546678,0.07474522736145976
bi3.2,3.2,10.0,3,3,"Turing band, near its edge",seed36,1,i,,,100,,,,,,1.9430591714001264,0.21983549257449717,0.2356194490192345,26.666666666666664,13.055632970322442,1.5330098315840868,0.11742133338681206,0.027223824150410584,0.11554149822406298,0.29649724854995096,1.2583734058632263,1,6821.750094089844,0.12925586368620318
bi3.2,3.2,10.0,3,3,"Turing band, near its edge",seed36,1,i,,,200,,,,,,2.0535768709907027,0.06361322738917786,0.4555309347705201,13.79310344827586,4.232813628659996,4.098358380512357,0.9682350181361034,0.21798140942061067,0.4785216387783231,0.2210364935920509,0.4852282835706889,0,2439.3288602568227,0.8289969049223948
bi3.2,3.2,10.0,3,3,"Turing band, near its edge",seed36,1,i,,,400,,,,,,2.0601273960358877,0.057110945741119294,0.5183627878423159,12.12121212121212,4.573283027985568,4.519564151211448,0.9882537607129507,0.13947907976360702,0.26907618184590065,0.14031117839347224,0.270681425604483,0,2209.4279104995176,0.7629771229029008
bi3.2,3.2,10.0,3,3,"Turing band, near its edge",seed36,1,i,,,600,,,,,,2.0618893655915764,0.055611178397016396,0.5183627878423159,12.12121212121212,4.596717064630367,4.556005466998747,0.9911433318476621,0.13656515396893587,0.26345477949408375,0.13716842855988964,0.2646185871691387,0,2157.639780607926,0.7720651389760476
bi3.2,3.2,10.0,3,3,"Turing band, near its edge",seed36,2,a,cov10,6,10.01,1,6,10.01,5.477225575051661,32,0.5064940679677842,1.6776849847916797,0.1413716694115407,44.44444444444444,247.4794931229336,36.12324392953656,0.14596459477793017,0.02830586621032482,0.20022304559426887,0.2632400630147344,1.8620425443829776,1,87595.0287156917,0.06780644885942491
bi3.2,3.2,10.0,3,3,"Turing band, near its edge",seed36,2,a,cov20,21,40.01,1,21,40.01,5.477225575051661,33,1.1093329793776978,2.5910131018082714,0.1413716694115407,44.44444444444444,179.65976556073463,6.422455559451805,0.03574787899453576,0.017069585662280125,0.12074261931921892,0.3867875960060062,2.7359625702660852,1,112911.71140686324,0.038187662906998855
bi3.2,3.2,10.0,3,3,"Turing band, near its edge",seed36,2,a,t600,301,600.01,1,301,600.01,5.477225575051661,35,1.6100637141236773,2.8833946899705234,0.5497787143782138,11.428571428571429,215.48078591207127,215.43442558330932,0.9997848516814819,0.14329200241736842,0.26063577703154284,0.14331252313450077,0.26067310244374176,0,115668.67479708925,0.6946267885731623
bi3.2,3.2,10.0,3,3,"Turing band, near its edge",seed36,2,i,cov10,6,10.01,1,6,10.01,5.477225575051661,19,0.5880084163066296,0.5227652889508355,0.7382742735936014,8.51063829787234,0.036086614295235214,0.0034084259816173496,0.09445125424435813,0.04979787669431839,0.06745172962877842,0.771221667856728,1.0446275800763758,1,24911.208314049025,0.0005443622614200095
bi3.2,3.2,10.0,3,3,"Turing band, near its edge",seed36,2,i,cov20,21,40.01,1,16,30.01,5.477225575051661,10,1.4003929927529013,0.7103824565724264,1.0210176124166828,6.153846153846154,0.005149196095484652,0.0007076847747140447,0.1374359728375107,0.03500646196767714,0.034285855152703104,1.053052047676972,1.0313750075128145,1,22188.281924732,7.701514501008121e-05
bi3.2,3.2,10.0,3,3,"Turing band, near its edge",seed36,2,i,t600,301,600.01,1,301,600.01,5.477225575051661,1,2.0608771971763975,0.0563320660702331,0.4555309347705201,13.79310344827586,4.415244217730454,4.371758551807946,0.990151016845709,0.16500799570840724,0.36223225057488634,0.16566473046914554,0.3636739413813936,0,2268.2170700784927,0.8460289805774968
bi3.2,3.2,10.0,3,3,"Turing band, near its edge",seed36,2,a,,,50,,,,,,1.2374391101273003,2.697413526387541,0.39269908169872414,16.0,142.52880287905012,93.38619189798621,0.6552092630514388,0.15107208075605807,0.38470189464807425,0.2984186887663757,0.7599169508507287,0,114291.67359369312,0.4097864208107424
bi3.2,3.2,10.0,3,3,"Turing band, near its edge",seed36,2,a,,,100,,,,,,1.5388063678947375,2.851217034280506,0.4241150082346221,14.814814814814813,161.55623450745267,159.6528539268195,0.9882184640757681,0.21202664432203877,0.49992723720058685,0.21375408065419654,0.5040002746989489,0,114773.1484827692,0.6487856132085251
bi3.2,3.2,10.0,3,3,"Turing band, near its edge",seed36,2,a,,,200,,,,,,1.6040760873328237,2.8783462747886106,0.4555309347705201,13.79310344827586,170.94046254038662,170.8334760382186,0.9993741300299644,0.18490527042400248,0.4059115557479121,0.18517509390325038,0.4065038832028715,0,115323.55906774101,0.6625403174056458
bi3.2,3.2,10.0,3,3,"Turing band, near its edge",seed36,2,a,,,400,,,,,,1.6089772103744218,2.881504996326423,0.5497787143782138,11.428571428571429,191.6032864684789,191.53658077688698,0.9996518551804544,0.16229581825805273,0.2952020767875768,0.1623561686268194,0.2953118488962241,0,115570.39150390522,0.6767358596534756
bi3.2,3.2,10.0,3,3,"Turing band, near its edge",seed36,2,a,,,600,,,,,,1.6100637141236773,2.8833946899705234,0.5497787143782138,11.428571428571429,215.48078591207127,215.43442558330932,0.9997848516814819,0.14329200241736842,0.26063577703154284,0.14331252313450077,0.26067310244374176,0,115668.67479708925,0.6946267885731623
bi3.2,3.2,10.0,3,3,"Turing band, near its edge",seed36,2,i,,,50,,,,,,1.5687726197088225,0.6077622011182736,1.0838494654884787,5.797101449275361,0.0036937457304815333,0.00011552885501247244,0.031276883532914856,0.018418730514311213,0.016993808735247286,1.1048970128224718,1.0194192533226993,1,16334.01804292807,4.613219644045125e-05
bi3.2,3.2,10.0,3,3,"Turing band, near its edge",seed36,2,i,,,100,,,,,,1.9664250112374118,0.17779616546682753,0.39269908169872414,16.0,7.678879788439779,5.880939202451387,0.7658590008538597,0.1248315619039637,0.31788096209436406,0.1667420953235086,0.42460525907578234,0,3787.645068889949,0.5199361826301051
bi3.2,3.2,10.0,3,3,"Turing band, near its edge",seed36,2,i,,,200,,,,,,2.0531332452169435,0.06405577107343476,0.4555309347705201,13.79310344827586,5.610001695698852,5.510849486605602,0.9823258147730564,0.15733577240462865,0.3453898745293526,0.16143916442729184,0.35439780727212083,0,2587.6074879535536,0.6986093333835197
bi3.2,3.2,10.0,3,3,"Turing band, near its edge",seed36,2,i,,,400,,,,,,2.0594793001792873,0.057823244418347644,0.4555309347705201,13.79310344827586,4.984493135848492,4.920404303226042,0.9871423571312552,0.16005259330061164,0.3513539500478498,0.16107585823908854,0.3536002627795908,0,2352.265844118043,0.7669730733518249
bi3.2,3.2,10.0,3,3,"Turing band, near its edge",seed36,2,i,,,600,,,,,,2.0608771971763975,0.0563320660702331,0.4555309347705201,13.79310344827586,4.415244217730454,4.371758551807946,0.990151016845709,0.16500799570840724,0.36223225057488634,0.16566473046914554,0.3636739413813936,0,2268.2170700784927,0.8460289805774968
bi3.2,3.2,10.0,3,3,"Turing band, near its edge",seed36,3,a,cov10,6,10.01,1,6,10.01,5.477225575051661,32,0.530930097089153,1.7559353331402374,0.17278759594743864,36.36363636363636,246.49126531245167,182.83934288011338,0.7417680405362304,0.1296144067168203,0.7501372190874659,0.23160848610061718,1.3404231063615912,0,74920.46108266007,0.3853865597617267
bi3.2,3.2,10.0,3,3,"Turing band, near its edge",seed36,3,a,cov20,21,40.01,1,21,40.01,5.477225575051661,34,1.1477558627850775,2.6336637926171473,0.1413716694115407,44.44444444444444,270.05567789250546,184.90418451938635,0.6846891202672165,0.0781989391802129,0.5531443428921496,0.11385429627931785,0.8053544020045611,0,112457.12332125905,0.19273664599546125
bi3.2,3.2,10.0,3,3,"Turing band, near its edge",seed36,3,a,t600,301,600.01,1,301,600.01,5.477225575051661,34,1.6113692480487989,2.882198362281481,0.48694686130641796,12.903225806451612,217.72743628565368,217.70173491431234,0.9998819562119511,0.12020947770269959,0.2468636462307047,0.1202205046501485,0.2468862913041719,0,115185.02616565532,0.6148676141090319
bi3.2,3.2,10.0,3,3,"Turing band, near its edge",seed36,3,i,cov10,6,10.01,1,6,10.01,5.477225575051661,26,0.6129309394305222,0.507481341256038,0.1413716694115407,44.44444444444444,154.01860115506142,93.70196001547217,0.6083808014925144,0.08214142217253219,0.5810317053936316,0.11224655775108426,0.7939819782726648,0,18887.646916064026,0.5158431877131341
bi3.2,3.2,10.0,3,3,"Turing band, near its edge",seed36,3,i,cov20,21,40.01,1,16,30.01,5.477225575051661,7,1.451542694470696,0.6971852392170783,0.1413716694115407,44.44444444444444,176.3899759442194,75.6003722141394,0.42859789400984355,0.05278787470970055,0.3733978309050885,0.10723961121334433,0.7585650764380799,1,20165.115713069667,0.5043624252618307
bi3.2,3.2,10.0,3,3,"Turing band, near its edge",seed36,3,i,t600,301,600.01,1,301,600.01,5.477225575051661,1,2.0625699170495206,0.05511473545525127,0.48694686130641796,12.903225806451612,5.406965465161635,5.378201117995497,0.994680131147226,0.11140548399598352,0.22878365761942984,0.11354379464342024,0.23317491838595353,0,2215.0852440476206,0.6049091172374267
bi3.2,3.2,10.0,3,3,"Turing band, near its edge",seed36,3,a,,,50,,,,,,1.2573882823576115,2.711919097743384,0.39269908169872414,16.0,171.00049235839876,112.74805279172591,0.6593434395230748,0.15674434925471825,0.3991462077697736,0.2144846199401586,0.546180599690604,0,114157.25802703394,0.4728790253289603
bi3.2,3.2,10.0,3,3,"Turing band, near its edge",seed36,3,a,,,100,,,,,,1.4990616728198929,2.8446022172504852,0.4241150082346221,14.814814814814813,166.14837166777696,164.80657900101042,0.9919241299008965,0.19116588874301865,0.4507406836149145,0.19270665125581138,0.45437357205997597,0,114967.42940200807,0.6138933925919732
bi3.2,3.2,10.0,3,3,"Turing band, near its edge",seed36,3,a,,,200,,,,,,1.6045911346032349,2.8783730459858927,0.48694686130641796,12.903225806451612,202.51829938230654,202.42387617053006,0.9995337546677783,0.1547453387458426,0.3177869107332986,0.15482374152047557,0.3179479196253626,0,114971.61514731254,0.6255593004913372
bi3.2,3.2,10.0,3,3,"Turing band, near its edge",seed36,3,a,,,400,,,,,,1.6104794277585563,2.880635715218962,0.48694686130641796,12.903225806451612,216.91957264994264,216.88421344078645,0.9998369939202617,0.11674675972217347,0.23975256644833157,0.11676370745737646,0.2397873705235802,0,115126.43346511929,0.5972181567893086
bi3.2,3.2,10.0,3,3,"Turing band, near its edge",seed36,3,a,,,600,,,,,,1.6113692480487989,2.882198362281481,0.48694686130641796,12.903225806451612,217.72743628565368,217.70173491431234,0.9998819562119511,0.12020947770269959,0.2468636462307047,0.1202205046501485,0.2468862913041719,0,115185.02616565532,0.6148676141090319
bi3.2,3.2,10.0,3,3,"Turing band, near its edge",seed36,3,i,,,50,,,,,,1.596783177822466,0.6110295835867592,0.1413716694115407,44.44444444444444,104.64883939985918,33.34318383373861,0.31861971929125354,0.04179505251753675,0.29563952022005946,0.09931355779184772,0.702499717271786,1,14997.822174555651,0.27267514236745327
bi3.2,3.2,10.0,3,3,"Turing band, near its edge",seed36,3,i,,,100,,,,,,1.915409478998954,0.26831110814655,0.4241150082346221,14.814814814814813,6.933207203013057,5.828172776310551,0.8406171351373609,0.20168196007792794,0.4755360130202152,0.2231022207445244,0.5260417962410407,0,3932.1438755393447,0.6415080850865131
bi3.2,3.2,10.0,3,3,"Turing band, near its edge",seed36,3,i,,,200,,,,,,2.053692786962823,0.06441600801334764,0.48694686130641796,12.903225806451612,5.1445323841496995,5.060642988686172,0.9836934848107884,0.16294108147719466,0.33461778773980383,0.16431614197253785,0.3374416287060523,0,2513.4195226284337,0.7443263165324502
bi3.2,3.2,10.0,3,3,"Turing band, near its edge",seed36,3,i,,,400,,,,,,2.0614007285994966,0.05653898923852762,0.48694686130641796,12.903225806451612,5.401688567431304,5.3613774564592775,0.9925373130144755,0.13771385416283824,0.2828108467387367,0.1389134960588183,0.2852744459346768,0,2267.8803824208553,0.6837848328584756
bi3.2,3.2,10.0,3,3,"Turing band, near its edge",seed36,3,i,,,600,,,,,,2.0625699170495206,0.05511473545525127,0.48694686130641796,12.903225806451612,5.406965465161635,5.378201117995497,0.994680131147226,0.11140548399598352,0.22878365761942984,0.11354379464342024,0.23317491838595353,0,2215.0852440476206,0.6049091172374267
bi3.2,3.2,10.0,3,3,"Turing band, near its edge",smallpert,1,a,cov10,6,10.01,1,6,10.01,5.477225575051661,76,1.6007934117901645,1.9378237416085835,0.6440264939859076,9.75609756097561,79.31670736767883,78.63230839243536,0.9913713138384467,0.20999622374991955,0.32606767844323287,0.21178669741561046,0.32884780268099456,0,76619.1519062891,0.5285451670276463
bi3.2,3.2,10.0,3,3,"Turing band, near its edge",smallpert,1,a,cov20,6,10.01,1,6,10.01,5.477225575051661,76,1.6007934117901645,1.9378237416085835,0.6440264939859076,9.75609756097561,79.31670736767883,78.63230839243536,0.9913713138384467,0.20999622374991955,0.32606767844323287,0.21178669741561046,0.32884780268099456,0,76619.1519062891,0.5285451670276463
bi3.2,3.2,10.0,3,3,"Turing band, near its edge",smallpert,1,a,t600,301,600.01,1,301,600.01,5.477225575051661,109,1.5971279673007812,2.9116760368053733,0.5183627878423159,12.12121212121212,202.73165363920828,202.6620204412681,0.9996565252801416,0.15003269696606172,0.28943570118251066,0.15006299737576684,0.2894941552429019,0,116440.84329598965,0.7167809396126608
bi3.2,3.2,10.0,3,3,"Turing band, near its edge",smallpert,1,i,cov10,6,10.01,1,6,10.01,5.477225575051661,1,2.0083030496973877,0.03274421478724514,0.48694686130641796,12.903225806451612,1.4769752724526903,1.1725375097485822,0.7938775493522288,0.2341486027801629,0.48085042000675654,0.34947825108449315,0.7176927892026789,0,1319.5488513068854,0.5598781119568611
bi3.2,3.2,10.0,3,3,"Turing band, near its edge",smallpert,1,i,cov20,6,10.01,1,6,10.01,5.477225575051661,1,2.0083030496973877,0.03274421478724514,0.48694686130641796,12.903225806451612,1.4769752724526903,1.1725375097485822,0.7938775493522288,0.2341486027801629,0.48085042000675654,0.34947825108449315,0.7176927892026789,0,1319.5488513068854,0.5598781119568611
bi3.2,3.2,10.0,3,3,"Turing band, near its edge",smallpert,1,i,t600,301,600.01,1,301,600.01,5.477225575051661,1,2.0443246712732077,0.05168695048910071,0.5183627878423159,12.12121212121212,4.399734076609993,4.327671910688097,0.9836212451327468,0.1250987944747011,0.24133444261194864,0.12660208029256054,0.2442345076882186,0,2074.5082448316907,0.6813115504154252
bi3.2,3.2,10.0,3,3,"Turing band, near its edge",smallpert,1,a,,,50,,,,,,1.6020255452982357,2.8561189318301943,0.6440264939859076,9.75609756097561,121.97461506532093,121.79714267380368,0.9985450055208437,0.22547145686077233,0.35009655498071174,0.22575428970542266,0.3505357183494419,0,113967.69546025537,0.6727147140607899
bi3.2,3.2,10.0,3,3,"Turing band, near its edge",smallpert,1,a,,,100,,,,,,1.598824476337653,2.8831353808697533,0.5183627878423159,12.12121212121212,141.69585666263507,141.53841678398783,0.9988888886213371,0.2061191083681713,0.39763484803016375,0.20618950140081788,0.3977706468071932,0,115058.77604081479,0.7261514031048796
bi3.2,3.2,10.0,3,3,"Turing band, near its edge",smallpert,1,a,,,200,,,,,,1.597564634321448,2.8974344625913955,0.5183627878423159,12.12121212121212,168.14374144149403,168.03383021754098,0.9993463258102218,0.18820366492137738,0.363073255518157,0.18824990283554965,0.3631624554284452,0,115746.45825341913,0.7214508075527607
bi3.2,3.2,10.0,3,3,"Turing band, near its edge",smallpert,1,a,,,400,,,,,,1.5971062635583702,2.9072381870720796,0.5183627878423159,12.12121212121212,191.10181199519664,191.02464722666423,0.9995962112147092,0.16339001734665892,0.31520398681928835,0.16342945696728312,0.3152800717959673,0,116220.65784632124,0.7555140148227292
bi3.2,3.2,10.0,3,3,"Turing band, near its edge",smallpert,1,a,,,600,,,,,,1.5971279673007812,2.9116760368053733,0.5183627878423159,12.12121212121212,202.73165363920828,202.6620204412681,0.9996565252801416,0.15003269696606172,0.28943570118251066,0.15006299737576684,0.2894941552429019,0,116440.84329598965,0.7167809396126608
bi3.2,3.2,10.0,3,3,"Turing band, near its edge",smallpert,1,i,,,50,,,,,,2.050751605645027,0.048549222667296145,0.48694686130641796,12.903225806451612,2.9127539458145217,2.7406226986788638,0.9409042952690866,0.19815307295790066,0.40692956193675955,0.21394195744170774,0.4393538072464992,0,1893.660643092373,0.6726876952880334
bi3.2,3.2,10.0,3,3,"Turing band, near its edge",smallpert,1,i,,,100,,,,,,2.046534595521619,0.05104135984355055,0.48694686130641796,12.903225806451612,3.5770802890166715,3.3974587888730445,0.9497854435375269,0.10070217985633619,0.20680322199051607,0.10883859105299926,0.22351225503538277,0,1994.5413943303192,0.45571880090312694
bi3.2,3.2,10.0,3,3,"Turing band, near its edge",smallpert,1,i,,,200,,,,,,2.044887562443365,0.051755701386471765,0.48694686130641796,12.903225806451612,4.061329611863955,3.940580907188427,0.9702686764642798,0.10145337664020226,0.20834588884712277,0.10704246712056809,0.2198237130708399,0,2053.346305101979,0.5013289434525219
bi3.2,3.2,10.0,3,3,"Turing band, near its edge",smallpert,1,i,,,400,,,,,,2.044295262640335,0.05176535878259647,0.5183627878423159,12.12121212121212,4.184622166978279,4.104053026758786,0.980746376374125,0.12401237681938009,0.23923857909550444,0.1261161527823459,0.2432970802308247,0,2074.5819834459203,0.649033993930138
bi3.2,3.2,10.0,3,3,"Turing band, near its edge",smallpert,1,i,,,600,,,,,,2.0443246712732077,0.05168695048910071,0.5183627878423159,12.12121212121212,4.399734076609993,4.327671910688097,0.9836212451327468,0.1250987944747011,0.24133444261194864,0.12660208029256054,0.2442345076882186,0,2074.5082448316907,0.6813115504154252
bi3.2,3.2,10.0,3,3,"Turing band, near its edge",smallpert,2,a,cov10,6,10.01,1,6,10.01,5.477225575051661,69,1.6027378339199339,1.9253450943893307,0.5497787143782138,11.428571428571429,60.28168866287348,60.10039962116557,0.9969926349820463,0.3338587984392947,0.6072603207581087,0.3343262544396077,0.6081105828509975,0,76972.96934182804,0.7523528260322775
bi3.2,3.2,10.0,3,3,"Turing band, near its edge",smallpert,2,a,cov20,6,10.01,1,6,10.01,5.477225575051661,69,1.6027378339199339,1.9253450943893307,0.5497787143782138,11.428571428571429,60.28168866287348,60.10039962116557,0.9969926349820463,0.3338587984392947,0.6072603207581087,0.3343262544396077,0.6081105828509975,0,76972.96934182804,0.7523528260322775
bi3.2,3.2,10.0,3,3,"Turing band, near its edge",smallpert,2,a,t600,301,600.01,1,301,600.01,5.477225575051661,131,1.5938055239666749,2.915919424473997,0.5497787143782138,11.428571428571429,229.26965936092577,229.01412785638544,0.9988854543368163,0.13142485685233857,0.23905046415079356,0.13156347831351745,0.239302604616682,0,116349.75260815193,0.6779925248257892
bi3.2,3.2,10.0,3,3,"Turing band, near its edge",smallpert,2,i,cov10,6,10.01,1,6,10.01,5.477225575051661,1,2.0102960553481948,0.02996641705934672,0.48694686130641796,12.903225806451612,1.356986206798089,1.2051532763972443,0.8881101888580683,0.14409706750623455,0.29591949133759693,0.16112358377857572,0.3308853523489219,0,1127.5843296045955,0.48290561086634265
bi3.2,3.2,10.0,3,3,"Turing band, near its edge",smallpert,2,i,cov20,6,10.01,1,6,10.01,5.477225575051661,1,2.0102960553481948,0.02996641705934672,0.48694686130641796,12.903225806451612,1.356986206798089,1.2051532763972443,0.8881101888580683,0.14409706750623455,0.29591949133759693,0.16112358377857572,0.3308853523489219,0,1127.5843296045955,0.48290561086634265
bi3.2,3.2,10.0,3,3,"Turing band, near its edge",smallpert,2,i,t600,301,600.01,1,301,600.01,5.477225575051661,1,2.0400738543892585,0.05022861838263821,0.5497787143782138,11.428571428571429,3.932586151265251,3.7148906659166996,0.9446431744976492,0.1328867062024007,0.24170944186642856,0.13878702715658953,0.25244161610286103,0,2004.6593963786158,0.6686573005402761
bi3.2,3.2,10.0,3,3,"Turing band, near its edge",smallpert,2,a,,,50,,,,,,1.6001916705863535,2.8480551710002247,0.5497787143782138,11.428571428571429,129.72961023881405,129.3057513523606,0.9967327514075377,0.24482944859970632,0.4453236223897871,0.24539556270585128,0.44635333505661023,0,113363.98144923346,0.7087242183313549
bi3.2,3.2,10.0,3,3,"Turing band, near its edge",smallpert,2,a,,,100,,,,,,1.59647050214156,2.8804988065527852,0.5497787143782138,11.428571428571429,154.9016554666599,154.54809351562727,0.9977175069564785,0.18864989735317614,0.34313787060041884,0.1891218227376123,0.3439962621170309,0,114649.28423478268,0.6388295692454699
bi3.2,3.2,10.0,3,3,"Turing band, near its edge",smallpert,2,a,,,200,,,,,,1.594353955012645,2.8995143135691412,0.5497787143782138,11.428571428571429,184.94304672246605,184.68294963716988,0.9985936368525037,0.15842613540147601,0.28816345787532366,0.15869131630731503,0.288645799040785,0,115659.78341836247,0.618241282269975
bi3.2,3.2,10.0,3,3,"Turing band, near its edge",smallpert,2,a,,,400,,,,,,1.5940033247690808,2.91113789732238,0.5497787143782138,11.428571428571429,214.43075191275798,214.1784333464324,0.9988233097908072,0.13863759109517357,0.25216980481314066,0.1388150490902441,0.2524925855800738,0,116199.30608763323,0.639409293703604
bi3.2,3.2,10.0,3,3,"Turing band, near its edge",smallpert,2,a,,,600,,,,,,1.5938055239666749,2.915919424473997,0.5497787143782138,11.428571428571429,229.26965936092577,229.01412785638544,0.9988854543368163,0.13142485685233857,0.23905046415079356,0.13156347831351745,0.239302604616682,0,116349.75260815193,0.6779925248257892
bi3.2,3.2,10.0,3,3,"Turing band, near its edge",smallpert,2,i,,,50,,,,,,2.048452274083497,0.04576713228607681,0.48694686130641796,12.903225806451612,2.486766739962428,2.1565508705925414,0.8672107584264716,0.21501444184532503,0.4415562742687528,0.23901071770619042,0.4908353183855716,0,1796.8626855067514,0.6865854511713739
bi3.2,3.2,10.0,3,3,"Turing band, near its edge",smallpert,2,i,,,100,,,,,,2.043542439800873,0.04887641555501614,0.48694686130641796,12.903225806451612,3.060504782674493,2.7840517088230077,0.9096707590798467,0.1766911711524461,0.362855139220747,0.19703086038958711,0.40462497255034724,0,1942.0039672062185,0.6862357141785291
bi3.2,3.2,10.0,3,3,"Turing band, near its edge",smallpert,2,i,,,200,,,,,,2.0407804766941076,0.05027215658585119,0.48694686130641796,12.903225806451612,3.4404359438130894,3.202970479974672,0.9309780889060151,0.16605828914871748,0.3410193233471178,0.17521857430309723,0.35983099641099964,0,2020.663399016106,0.6808017707851522
bi3.2,3.2,10.0,3,3,"Turing band, near its edge",smallpert,2,i,,,400,,,,,,2.040321434529113,0.050304048452125785,0.5497787143782138,11.428571428571429,3.696708635252278,3.474492973361084,0.9398882401030696,0.14483487963003447,0.2634421374313103,0.158536323646761,0.28836388077712627,0,2018.5801169727765,0.6514818185788464
bi3.2,3.2,10.0,3,3,"Turing band, near its edge",smallpert,2,i,,,600,,,,,,2.0400738543892585,0.05022861838263821,0.5497787143782138,11.428571428571429,3.932586151265251,3.7148906659166996,0.9446431744976492,0.1328867062024007,0.24170944186642856,0.13878702715658953,0.25244161610286103,0,2004.6593963786158,0.6686573005402761
bi3.2,3.2,10.0,3,3,"Turing band, near its edge",smallpert,3,a,cov10,6,10.01,1,6,10.01,5.477225575051661,76,1.5979820879727824,1.952912480228859,0.6440264939859076,9.75609756097561,71.3957800937222,71.13822715810821,0.9963926028222412,0.2801647751538241,0.43502057410693196,0.28095048275542167,0.4362405667763869,0,77413.32079361082,0.6342482747156357
bi3.2,3.2,10.0,3,3,"Turing band, near its edge",smallpert,3,a,cov20,6,10.01,1,6,10.01,5.477225575051661,76,1.5979820879727824,1.952912480228859,0.6440264939859076,9.75609756097561,71.3957800937222,71.13822715810821,0.9963926028222412,0.2801647751538241,0.43502057410693196,0.28095048275542167,0.4362405667763869,0,77413.32079361082,0.6342482747156357
bi3.2,3.2,10.0,3,3,"Turing band, near its edge",smallpert,3,a,t600,301,600.01,1,301,600.01,5.477225575051661,118,1.5954252963741749,2.9150335244627623,0.5183627878423159,12.12121212121212,225.30037473912571,225.26700664344975,0.9998518950724578,0.1319588076531222,0.25456844269705486,0.1319705736094991,0.2545911410015104,0,116910.19356787845,0.7278849811472458
bi3.2,3.2,10.0,3,3,"Turing band, near its edge",smallpert,3,i,cov10,6,10.01,1,6,10.01,5.477225575051661,1,2.005723951933545,0.032434166087094166,0.48694686130641796,12.903225806451612,1.3205242740424674,1.0438677501486353,0.7904949349799419,0.18877520627630492,0.38767106080085306,0.23006441410875378,0.4724630804509542,0,1200.6945338407918,0.48932044904491295
bi3.2,3.2,10.0,3,3,"Turing band, near its edge",smallpert,3,i,cov20,6,10.01,1,6,10.01,5.477225575051661,1,2.005723951933545,0.032434166087094166,0.48694686130641796,12.903225806451612,1.3205242740424674,1.0438677501486353,0.7904949349799419,0.18877520627630492,0.38767106080085306,0.23006441410875378,0.4724630804509542,0,1200.6945338407918,0.48932044904491295
bi3.2,3.2,10.0,3,3,"Turing band, near its edge",smallpert,3,i,t600,301,600.01,1,301,600.01,5.477225575051661,1,2.0421431515194315,0.051589437480874516,0.5183627878423159,12.12121212121212,4.703624941309133,4.667790913983814,0.992381614654134,0.12543783638820785,0.24198850559922055,0.126137245596055,0.24333777144980068,0,2070.7251972420318,0.7210400647221498
bi3.2,3.2,10.0,3,3,"Turing band, near its edge",smallpert,3,a,,,50,,,,,,1.599930387016317,2.8597733742035465,0.5183627878423159,12.12121212121212,123.39676792119097,123.29663749941056,0.999188549072498,0.254552914383528,0.49107096487983637,0.25468136061372243,0.4913187570308299,0,114485.67455218986,0.7799482679341241
bi3.2,3.2,10.0,3,3,"Turing band, near its edge",smallpert,3,a,,,100,,,,,,1.5965894985129416,2.8910035751400747,0.5183627878423159,12.12121212121212,160.51319721369507,160.45162063476397,0.9996163768462657,0.20658441207296127,0.3985324890563007,0.20665197377704475,0.39866282577349577,0,115819.10102233643,0.7511871701626794
bi3.2,3.2,10.0,3,3,"Turing band, near its edge",smallpert,3,a,,,200,,,,,,1.5951535740551723,2.905521051790312,0.5183627878423159,12.12121212121212,195.57656904391422,195.52493590200746,0.9997359952566958,0.1463139742920882,0.28226172426674345,0.14634362464595008,0.2823189242713682,0,116482.44698881023,0.6555230802684329
bi3.2,3.2,10.0,3,3,"Turing band, near its edge",smallpert,3,a,,,400,,,,,,1.5952010220528492,2.912446938059259,0.5183627878423159,12.12121212121212,215.2100598203072,215.1730441571779,0.9998280021707154,0.13608635793605367,0.2625311097320717,0.13610141232642803,0.2625601519216877,0,116782.7313010558,0.7017084178998493
bi3.2,3.2,10.0,3,3,"Turing band, near its edge",smallpert,3,a,,,600,,,,,,1.5954252963741749,2.9150335244627623,0.5183627878423159,12.12121212121212,225.30037473912571,225.26700664344975,0.9998518950724578,0.1319588076531222,0.25456844269705486,0.1319705736094991,0.2545911410015104,0,116910.19356787845,0.7278849811472458
bi3.2,3.2,10.0,3,3,"Turing band, near its edge",smallpert,3,i,,,50,,,,,,2.048123290046207,0.04772775636671596,0.48694686130641796,12.903225806451612,2.7063027435973117,2.597727756073144,0.9598806941385108,0.1828274414075429,0.37545665848844284,0.18893150158926963,0.38799203075750377,0,1839.0705844442487,0.6134164199391785
bi3.2,3.2,10.0,3,3,"Turing band, near its edge",smallpert,3,i,,,100,,,,,,2.043679764321338,0.05065147330042951,0.5183627878423159,12.12121212121212,3.3802839756332004,3.315031620289722,0.9806961912626719,0.17250899946998222,0.3327958787089069,0.17479089705889095,0.33719800332592875,0,1981.2001561161228,0.678105689777403
bi3.2,3.2,10.0,3,3,"Turing band, near its edge",smallpert,3,i,,,200,,,,,,2.0418057249085004,0.0518247605165948,0.5183627878423159,12.12121212121212,4.116824416136102,4.060786592304145,0.986388094762479,0.1541541579703163,0.29738662108054226,0.1569994961564395,0.3028757075907196,0,2054.8294459072604,0.725115529639248
bi3.2,3.2,10.0,3,3,"Turing band, near its edge",smallpert,3,i,,,400,,,,,,2.0418552491563893,0.05183889441747892,0.5183627878423159,12.12121212121212,4.510714943877747,4.470838132129694,0.9911595362943127,0.13213481496188995,0.2549079873420329,0.13369251183046243,0.25791301954169443,0,2068.2203393577183,0.6991304629181971
bi3.2,3.2,10.0,3,3,"Turing band, near its edge",smallpert,3,i,,,600,,,,,,2.0421431515194315,0.051589437480874516,0.5183627878423159,12.12121212121212,4.703624941309133,4.667790913983814,0.992381614654134,0.12543783638820785,0.24198850559922055,0.126137245596055,0.24333777144980068,0,2070.7251972420318,0.7210400647221498
bi5,5.0,10.0,3,3,replicating; Fig 1C regular spots,nucl,1,a,cov10,6,10.01,1,6,10.01,5.477225575051661,252,0.9271479803625768,1.9032015689694104,0.4555309347705201,13.79310344827586,63.11240086148934,61.74653284568326,0.9783581673781718,0.2844945921244553,0.624534077510616,0.2893313232345247,0.6351518659874972,0,75909.99707878527,0.44366540015307526
bi5,5.0,10.0,3,3,replicating; Fig 1C regular spots,nucl,1,a,cov20,6,10.01,1,6,10.01,5.477225575051661,252,0.9271479803625768,1.9032015689694104,0.4555309347705201,13.79310344827586,63.11240086148934,61.74653284568326,0.9783581673781718,0.2844945921244553,0.624534077510616,0.2893313232345247,0.6351518659874972,0,75909.99707878527,0.44366540015307526
bi5,5.0,10.0,3,3,replicating; Fig 1C regular spots,nucl,1,a,t600,301,600.01,1,301,600.01,5.477225575051661,276,0.9310432927887689,1.9833615980328585,0.5811946409141118,10.81081081081081,136.93696397534427,136.8403922025145,0.9992947720613466,0.1459673947907312,0.25115062066152477,0.14605029642445533,0.2512932607133906,0,78851.77627046706,0.6582305937869272
bi5,5.0,10.0,3,3,replicating; Fig 1C regular spots,nucl,1,i,cov10,6,10.01,1,6,10.01,5.477225575051661,4,1.703282686365115,0.16863616501626771,0.17278759594743864,36.36363636363636,14.744335406478815,9.330262157119508,0.6328031681251427,0.1752783785783439,1.014415286104582,0.2630959069909897,1.522655058358602,0,6376.540222564369,0.36075160770429066
bi5,5.0,10.0,3,3,replicating; Fig 1C regular spots,nucl,1,i,cov20,6,10.01,1,6,10.01,5.477225575051661,4,1.703282686365115,0.16863616501626771,0.17278759594743864,36.36363636363636,14.744335406478815,9.330262157119508,0.6328031681251427,0.1752783785783439,1.014415286104582,0.2630959069909897,1.522655058358602,0,6376.540222564369,0.36075160770429066
bi5,5.0,10.0,3,3,replicating; Fig 1C regular spots,nucl,1,i,t600,301,600.01,1,301,600.01,5.477225575051661,1,1.7965598532619094,0.0631909336857217,0.5497787143782138,11.428571428571429,5.444831915398271,5.395408569135584,0.9909228885242692,0.12859788807429345,0.2339084520937383,0.12932888288169692,0.23523806851628423,0,2575.3008984980734,0.7612014089776636
bi5,5.0,10.0,3,3,replicating; Fig 1C regular spots,nucl,1,a,,,50,,,,,,0.9179597070392062,1.9353572127496361,0.48694686130641796,12.903225806451612,86.75546175695207,86.64215337373932,0.9986939337199289,0.213683275042026,0.43882257392262536,0.21411469934860455,0.4397085521285863,0,77219.33300778092,0.5735961386673458
bi5,5.0,10.0,3,3,replicating; Fig 1C regular spots,nucl,1,a,,,100,,,,,,0.9241555155727896,1.9596461198251265,0.48694686130641796,12.903225806451612,91.19960215811554,91.03459832513546,0.9981907395528545,0.22408632310818838,0.46018640002523603,0.22439364488353392,0.46081751976286206,0,78053.20792409641,0.6862741637156289
bi5,5.0,10.0,3,3,replicating; Fig 1C regular spots,nucl,1,a,,,200,,,,,,0.9250446456909786,1.9653634677369602,0.5811946409141118,10.81081081081081,101.8033367449703,101.62596359363796,0.9982576882349478,0.19590053905113974,0.33706528804708935,0.19613566533090532,0.3374698449084461,0,78269.29865732006,0.6762342642264841
bi5,5.0,10.0,3,3,replicating; Fig 1C regular spots,nucl,1,a,,,400,,,,,,0.9265226389935164,1.9818934161172357,0.5811946409141118,10.81081081081081,119.8842956663678,119.80354359348273,0.9993264165882927,0.17347016841623403,0.29847172737759164,0.17354122031834945,0.29859397885259437,0,78756.49401151174,0.687734413856694
bi5,5.0,10.0,3,3,replicating; Fig 1C regular spots,nucl,1,a,,,600,,,,,,0.9310432927887689,1.9833615980328585,0.5811946409141118,10.81081081081081,136.93696397534427,136.8403922025145,0.9992947720613466,0.1459673947907312,0.25115062066152477,0.14605029642445533,0.2512932607133906,0,78851.77627046706,0.6582305937869272
bi5,5.0,10.0,3,3,replicating; Fig 1C regular spots,nucl,1,i,,,50,,,,,,1.7762743211991303,0.0799589445405346,0.4555309347705201,13.79310344827586,5.882232860197327,5.690677274394064,0.9674348856368061,0.14532719479949108,0.3190281574899005,0.1509150257846934,0.3312947909031006,0,3213.4185816011786,0.6246747659666224
bi5,5.0,10.0,3,3,replicating; Fig 1C regular spots,nucl,1,i,,,100,,,,,,1.7864024346432095,0.07152351327852566,0.48694686130641796,12.903225806451612,5.925154798963493,5.799480233645092,0.9787896570499077,0.14682771184318782,0.30152717577697763,0.15100647608074907,0.3101087368663132,0,2913.6248112621906,0.7178113615266349
bi5,5.0,10.0,3,3,replicating; Fig 1C regular spots,nucl,1,i,,,200,,,,,,1.7904182018044281,0.06707133746420117,0.48694686130641796,12.903225806451612,5.4762396211924065,5.372809920681599,0.9811130067956583,0.15508332641205227,0.3184810063175743,0.15693482652676805,0.3222832694839256,0,2767.5963519465413,0.7795945890998998
bi5,5.0,10.0,3,3,replicating; Fig 1C regular spots,nucl,1,i,,,400,,,,,,1.792667296826784,0.06452514021195642,0.5497787143782138,11.428571428571429,4.752807017829446,4.693007344673225,0.9874180304540261,0.15674722611970585,0.2851096668902198,0.15845162702917664,0.28820982494453523,0,2668.509037490876,0.7958123660579637
bi5,5.0,10.0,3,3,replicating; Fig 1C regular spots,nucl,1,i,,,600,,,,,,1.7965598532619094,0.0631909336857217,0.5497787143782138,11.428571428571429,5.444831915398271,5.395408569135584,0.9909228885242692,0.12859788807429345,0.2339084520937383,0.12932888288169692,0.23523806851628423,0,2575.3008984980734,0.7612014089776636
bi5,5.0,10.0,3,3,replicating; Fig 1C regular spots,nucl,2,a,cov10,6,10.01,1,6,10.01,5.477225575051661,248,0.9259888373026384,1.921650525090059,0.4555309347705201,13.79310344827586,59.60447006435417,58.37866940441965,0.9794344172742239,0.34355381502472515,0.7541832810932918,0.350870458429966,0.7702450737110133,0,76100.70002283469,0.4852056349743999
bi5,5.0,10.0,3,3,replicating; Fig 1C regular spots,nucl,2,a,cov20,6,10.01,1,6,10.01,5.477225575051661,248,0.9259888373026384,1.921650525090059,0.4555309347705201,13.79310344827586,59.60447006435417,58.37866940441965,0.9794344172742239,0.34355381502472515,0.7541832810932918,0.350870458429966,0.7702450737110133,0,76100.70002283469,0.4852056349743999
bi5,5.0,10.0,3,3,replicating; Fig 1C regular spots,nucl,2,a,t600,301,600.01,1,301,600.01,5.477225575051661,274,0.9316157623319732,1.9884529550822265,0.5811946409141118,10.81081081081081,152.64495061614676,152.49246979892,0.9990010752624882,0.1255759432564378,0.2160652119209669,0.12565356598677113,0.2161987691234408,0,78821.90964800201,0.731359295720676
bi5,5.0,10.0,3,3,replicating; Fig 1C regular spots,nucl,2,i,cov10,6,10.01,1,6,10.01,5.477225575051661,4,1.71657962385389,0.1635874343438906,0.2356194490192345,26.666666666666664,15.61511722401403,11.566738095438167,0.7407397542715862,0.14833139806332632,0.629538005800266,0.18880910496652298,0.8013307294980975,0,5981.083568715243,0.40844507822782306
bi5,5.0,10.0,3,3,replicating; Fig 1C regular spots,nucl,2,i,cov20,6,10.01,1,6,10.01,5.477225575051661,4,1.71657962385389,0.1635874343438906,0.2356194490192345,26.666666666666664,15.61511722401403,11.566738095438167,0.7407397542715862,0.14833139806332632,0.629538005800266,0.18880910496652298,0.8013307294980975,0,5981.083568715243,0.40844507822782306
bi5,5.0,10.0,3,3,replicating; Fig 1C regular spots,nucl,2,i,t600,301,600.01,1,301,600.01,5.477225575051661,1,1.7989528206617338,0.06294283617414231,0.5497787143782138,11.428571428571429,5.520265319622755,5.426084055388252,0.9829389968087731,0.11707380175062093,0.21294713434482185,0.11905531741333242,0.21655134020235953,0,2460.8980173195305,0.8142615126346531
bi5,5.0,10.0,3,3,replicating; Fig 1C regular spots,nucl,2,a,,,50,,,,,,0.9211411315380094,1.932914625922071,0.5497787143782138,11.428571428571429,73.733709728573,73.44101409319629,0.9960303687898767,0.2985367011145519,0.5430124763054706,0.2990340991827428,0.5439172004338928,0,76759.05378351943,0.6774235128344946
bi5,5.0,10.0,3,3,replicating; Fig 1C regular spots,nucl,2,a,,,100,,,,,,0.9261655989268944,1.9590335275023463,0.5497787143782138,11.428571428571429,93.42310221212205,93.17704964979131,0.9973662557065162,0.20150810030065613,0.36652583126750704,0.2017982567218084,0.36705360073832116,0,77311.6189091357,0.6121862833346458
bi5,5.0,10.0,3,3,replicating; Fig 1C regular spots,nucl,2,a,,,200,,,,,,0.9290237814378266,1.9748501603495405,0.5811946409141118,10.81081081081081,110.30607907350151,110.08818847912717,0.9980246728357632,0.14282464528984928,0.2457432247916335,0.14309124626557457,0.2462019368253611,0,78390.54355870263,0.6174358682994848
bi5,5.0,10.0,3,3,replicating; Fig 1C regular spots,nucl,2,a,,,400,,,,,,0.9262630935038746,1.977877906939631,0.5811946409141118,10.81081081081081,142.78101974090683,142.73406490329864,0.9996711409002864,0.12522242652426233,0.21545695315997854,0.12525258402402561,0.21550884197250417,0,78701.89146822291,0.6804053685053126
bi5,5.0,10.0,3,3,replicating; Fig 1C regular spots,nucl,2,a,,,600,,,,,,0.9316157623319732,1.9884529550822265,0.5811946409141118,10.81081081081081,152.64495061614676,152.49246979892,0.9990010752624882,0.1255759432564378,0.2160652119209669,0.12565356598677113,0.2161987691234408,0,78821.90964800201,0.731359295720676
bi5,5.0,10.0,3,3,replicating; Fig 1C regular spots,nucl,2,i,,,50,,,,,,1.7779104797141874,0.08196238534850321,0.4555309347705201,13.79310344827586,5.840820380264841,5.336845104503894,0.9137149847196473,0.1096350379565349,0.2406752858875875,0.16471395389792137,0.36158675805606544,0,3238.4539483298668,0.45499038039510514
bi5,5.0,10.0,3,3,replicating; Fig 1C regular spots,nucl,2,i,,,100,,,,,,1.7883150223971864,0.07177733322582397,0.4555309347705201,13.79310344827586,5.2037663025369065,4.945418635587731,0.9503537146118135,0.1690191939975674,0.37103779589132213,0.17569781694364245,0.3856989800970435,0,2843.517019190843,0.6675103583019782
bi5,5.0,10.0,3,3,replicating; Fig 1C regular spots,nucl,2,i,,,200,,,,,,1.7941098474020036,0.0666521200214928,0.5497787143782138,11.428571428571429,4.5164623240633714,4.3460374850031585,0.9622658561431583,0.18412779170942986,0.33491255098457906,0.18748780504195095,0.34102412505001223,0,2606.046896711186,0.7411823650764303
bi5,5.0,10.0,3,3,replicating; Fig 1C regular spots,nucl,2,i,,,400,,,,,,1.795234096396382,0.06356777303074096,0.5497787143782138,11.428571428571429,5.073830838967958,5.024709079388018,0.990318605184336,0.12409993346549882,0.22572706112467958,0.12584817134780857,0.22890695484662363,0,2460.5450851836677,0.753829861242331
bi5,5.0,10.0,3,3,replicating; Fig 1C regular spots,nucl,2,i,,,600,,,,,,1.7989528206617338,0.06294283617414231,0.5497787143782138,11.428571428571429,5.520265319622755,5.426084055388252,0.9829389968087731,0.11707380175062093,0.21294713434482185,0.11905531741333242,0.21655134020235953,0,2460.8980173195305,0.8142615126346531
bi5,5.0,10.0,3,3,replicating; Fig 1C regular spots,nucl,3,a,cov10,6,10.01,1,6,10.01,5.477225575051661,245,0.9165834520376549,1.9014637931908387,0.48694686130641796,12.903225806451612,64.07647539233821,62.47323785623117,0.9749793114198235,0.2944897534817515,0.604767741374638,0.29817483988704463,0.6123354796600979,0,75320.21722291125,0.47713439973648364
bi5,5.0,10.0,3,3,replicating; Fig 1C regular spots,nucl,3,a,cov20,6,10.01,1,6,10.01,5.477225575051661,245,0.9165834520376549,1.9014637931908387,0.48694686130641796,12.903225806451612,64.07647539233821,62.47323785623117,0.9749793114198235,0.2944897534817515,0.604767741374638,0.29817483988704463,0.6123354796600979,0,75320.21722291125,0.47713439973648364
bi5,5.0,10.0,3,3,replicating; Fig 1C regular spots,nucl,3,a,t600,301,600.01,1,301,600.01,5.477225575051661,278,0.9314584714901186,1.9894414221812498,0.5497787143782138,11.428571428571429,139.48134665529145,139.4171381910708,0.9995396627164825,0.13235385168510982,0.24074022551927785,0.1323891873696883,0.24080449807777154,0,79079.11919351449,0.68572414392449
bi5,5.0,10.0,3,3,replicating; Fig 1C regular spots,nucl,3,i,cov10,6,10.01,1,6,10.01,5.477225575051661,3,1.687860763792014,0.18025416839448138,0.20420352248333656,30.769230769230766,19.698213358324807,12.699692267923316,0.6447129004497357,0.14447492594676853,0.7075045728388842,0.1789402732242328,0.8762839692877223,0,7996.855279438019,0.48872086354614563
bi5,5.0,10.0,3,3,replicating; Fig 1C regular spots,nucl,3,i,cov20,6,10.01,1,6,10.01,5.477225575051661,3,1.687860763792014,0.18025416839448138,0.20420352248333656,30.769230769230766,19.698213358324807,12.699692267923316,0.6447129004497357,0.14447492594676853,0.7075045728388842,0.1789402732242328,0.8762839692877223,0,7996.855279438019,0.48872086354614563
bi5,5.0,10.0,3,3,replicating; Fig 1C regular spots,nucl,3,i,t600,301,600.01,1,301,600.01,5.477225575051661,1,1.7964483070162292,0.06262306435946742,0.5497787143782138,11.428571428571429,5.809071715029675,5.769189566557997,0.9931345057475376,0.1236882447401727,0.22497823488866983,0.12425221245031409,0.22600404344653519,0,2519.636187265029,0.8029698581933441
bi5,5.0,10.0,3,3,replicating; Fig 1C regular spots,nucl,3,a,,,50,,,,,,0.9183891599070958,1.9307838057026376,0.5183627878423159,12.12121212121212,76.47380071659487,76.17922384008396,0.9961480026656112,0.2834636499652624,0.5468441342889973,0.28403696331146483,0.5479501422040114,0,76667.0271683941,0.6458971717215563
bi5,5.0,10.0,3,3,replicating; Fig 1C regular spots,nucl,3,a,,,100,,,,,,0.9262703297845817,1.9573981257400948,0.5183627878423159,12.12121212121212,89.25892837661098,89.08663784054076,0.9980697669218784,0.21368108297949687,0.4122230375929259,0.21396179715604813,0.412764577578309,0,77357.28063679102,0.5943029035990981
bi5,5.0,10.0,3,3,replicating; Fig 1C regular spots,nucl,3,a,,,200,,,,,,0.9283307938463138,1.975028174930749,0.5811946409141118,10.81081081081081,106.21560309686731,106.12191963459142,0.9991179877575006,0.15764771973639813,0.27124771744014603,0.15777009135535996,0.2714582693109778,0,78198.950652017,0.614163438469064
bi5,5.0,10.0,3,3,replicating; Fig 1C regular spots,nucl,3,a,,,400,,,,,,0.9285228427655522,1.9773109254996315,0.5497787143782138,11.428571428571429,121.84588149383188,121.73184870118187,0.9990641227159099,0.14563760388253447,0.26490222351959736,0.14571716397915274,0.265046936464165,0,78601.19658198657,0.687335835948894
bi5,5.0,10.0,3,3,replicating; Fig 1C regular spots,nucl,3,a,,,600,,,,,,0.9314584714901186,1.9894414221812498,0.5497787143782138,11.428571428571429,139.48134665529145,139.4171381910708,0.9995396627164825,0.13235385168510982,0.24074022551927785,0.1323891873696883,0.24080449807777154,0,79079.11919351449,0.68572414392449
bi5,5.0,10.0,3,3,replicating; Fig 1C regular spots,nucl,3,i,,,50,,,,,,1.776190552846908,0.08025770613168236,0.39269908169872414,16.0,5.113930067734214,4.809657526536321,0.9405012315053607,0.230708520353967,0.5874944228440159,0.23690437875200537,0.6032720466959398,0,3566.8529402947274,0.7197980025108461
bi5,5.0,10.0,3,3,replicating; Fig 1C regular spots,nucl,3,i,,,100,,,,,,1.7909082795254938,0.07064930347010373,0.5183627878423159,12.12121212121212,4.766097552655707,4.556569513764757,0.9560378199195273,0.2119685062063906,0.4089192186976019,0.2203068422024161,0.4250051264664327,0,2916.9914747417233,0.769057858298517
bi5,5.0,10.0,3,3,replicating; Fig 1C regular spots,nucl,3,i,,,200,,,,,,1.7950150712485142,0.0658426577811746,0.5183627878423159,12.12121212121212,5.073140901511807,4.976587784177963,0.9809677832316719,0.16158334266724483,0.31171863887034634,0.16414025352615957,0.3166513055641842,0,2670.7087719671517,0.7406290855572348
bi5,5.0,10.0,3,3,replicating; Fig 1C regular spots,nucl,3,i,,,400,,,,,,1.7955296107288727,0.06332630396891084,0.5497787143782138,11.428571428571429,5.121811145599802,5.06710598421724,0.9893191763953344,0.13454883468922163,0.24473271003478744,0.13580364713735127,0.24701510550647973,0,2553.9891971541774,0.7565356353432342
bi5,5.0,10.0,3,3,replicating; Fig 1C regular spots,nucl,3,i,,,600,,,,,,1.7964483070162292,0.06262306435946742,0.5497787143782138,11.428571428571429,5.809071715029675,5.769189566557997,0.9931345057475376,0.1236882447401727,0.22497823488866983,0.12425221245031409,0.22600404344653519,0,2519.636187265029,0.8029698581933441
bi5,5.0,10.0,3,3,replicating; Fig 1C regular spots,random,1,a,cov10,6,10.01,1,6,10.01,5.477225575051661,326,0.865250321747025,1.7397790582487862,0.6440264939859076,9.75609756097561,50.5400338125616,50.391900166604096,0.997068984035371,0.2878669822729766,0.44698003104089007,0.28878887613269294,0.4484114843558162,0,69652.55899593585,0.49013372838181923
bi5,5.0,10.0,3,3,replicating; Fig 1C regular spots,random,1,a,cov20,6,10.01,1,6,10.01,5.477225575051661,326,0.865250321747025,1.7397790582487862,0.6440264939859076,9.75609756097561,50.5400338125616,50.391900166604096,0.997068984035371,0.2878669822729766,0.44698003104089007,0.28878887613269294,0.4484114843558162,0,69652.55899593585,0.49013372838181923
bi5,5.0,10.0,3,3,replicating; Fig 1C regular spots,random,1,a,t600,301,600.01,1,301,600.01,5.477225575051661,322,0.8850593783707568,2.0073462972741667,0.6440264939859076,9.75609756097561,115.59325959063288,115.58403708719406,0.9999202159064337,0.15917277096751078,0.2471525200498875,0.1591810176743199,0.2471653249684524,0,80288.15526510516,0.7381865207084894
bi5,5.0,10.0,3,3,replicating; Fig 1C regular spots,random,1,i,cov10,6,10.01,1,6,10.01,5.477225575051661,1,1.729996113096393,0.05508092891226098,0.39269908169872414,16.0,2.894600193446227,2.584021579399082,0.8927041410588109,0.17358917919008574,0.4420412149658707,0.18722994242439245,0.47677713330644833,0,2099.1392589926063,0.4661940914933817
bi5,5.0,10.0,3,3,replicating; Fig 1C regular spots,random,1,i,cov20,6,10.01,1,6,10.01,5.477225575051661,1,1.729996113096393,0.05508092891226098,0.39269908169872414,16.0,2.894600193446227,2.584021579399082,0.8927041410588109,0.17358917919008574,0.4420412149658707,0.18722994242439245,0.47677713330644833,0,2099.1392589926063,0.4661940914933817
bi5,5.0,10.0,3,3,replicating; Fig 1C regular spots,random,1,i,t600,301,600.01,1,301,600.01,5.477225575051661,1,1.770112819213857,0.04986848707661954,0.5811946409141118,10.81081081081081,3.570400336800638,3.5602503016597264,0.9971571716940832,0.14434692758745662,0.24836245454780104,0.1446056980025877,0.24880769336611513,0,1854.3385199135423,0.7791521724157703
bi5,5.0,10.0,3,3,replicating; Fig 1C regular spots,random,1,a,,,50,,,,,,0.8819652121617272,1.9612772154333602,0.5811946409141118,10.81081081081081,80.76362163912869,80.70100817083902,0.9992247317911344,0.18663289948070047,0.32111944319920327,0.18688096293313672,0.3215462596819673,0,78860.29063051721,0.54578908927643
bi5,5.0,10.0,3,3,replicating; Fig 1C regular spots,random,1,a,,,100,,,,,,0.8825626730825352,1.9822432747691925,0.5811946409141118,10.81081081081081,96.53193985523633,96.50389154968262,0.999709440154256,0.17342431014845294,0.2983928239181431,0.17347465141829,0.2984794408039386,0,79679.09550075821,0.6156963064437939
bi5,5.0,10.0,3,3,replicating; Fig 1C regular spots,random,1,a,,,200,,,,,,0.8834203831521694,1.9953752851100275,0.5811946409141118,10.81081081081081,103.28917083942353,103.27381857483687,0.9998513661745767,0.1749569576625983,0.3010298880034808,0.1749745143379533,0.3010600959133944,0,79999.19166599994,0.647195648367654
bi5,5.0,10.0,3,3,replicating; Fig 1C regular spots,random,1,a,,,400,,,,,,0.8844999052650523,2.003945852195532,0.5811946409141118,10.81081081081081,107.34028691840834,107.32986590873577,0.9999029161373447,0.17146128577533093,0.29501525600038914,0.17147081651421703,0.29503165453233554,0,80207.8024188203,0.7105016559097166
bi5,5.0,10.0,3,3,replicating; Fig 1C regular spots,random,1,a,,,600,,,,,,0.8850593783707568,2.0073462972741667,0.6440264939859076,9.75609756097561,115.59325959063288,115.58403708719406,0.9999202159064337,0.15917277096751078,0.2471525200498875,0.1591810176743199,0.2471653249684524,0,80288.15526510516,0.7381865207084894
bi5,5.0,10.0,3,3,replicating; Fig 1C regular spots,random,1,i,,,50,,,,,,1.763974699419169,0.0561869907293805,0.5811946409141118,10.81081081081081,2.7084510164112965,2.609843189193919,0.9635925380891572,0.25785887777101907,0.44367043262039496,0.2684793135138274,0.4619438904177765,0,2124.1266626739452,0.7573775902480164
bi5,5.0,10.0,3,3,replicating; Fig 1C regular spots,random,1,i,,,100,,,,,,1.765093190395601,0.054196522947231714,0.5811946409141118,10.81081081081081,3.2373514718643075,3.1944505244981594,0.9867481341649189,0.17701883743282143,0.3045775459223153,0.17883049991204858,0.3076946814767274,0,2016.0009818992266,0.6723243872176367
bi5,5.0,10.0,3,3,replicating; Fig 1C regular spots,random,1,i,,,200,,,,,,1.7668389353766194,0.05218334336503534,0.5811946409141118,10.81081081081081,3.4676486371323287,3.4440691836672275,0.9932001607046897,0.1363111482971021,0.23453614108125612,0.1371777903041448,0.23602728010084448,0,1931.3426208132669,0.7299625280458631
bi5,5.0,10.0,3,3,replicating; Fig 1C regular spots,random,1,i,,,400,,,,,,1.7689910391782122,0.050495217996678124,0.5811946409141118,10.81081081081081,3.586861119664119,3.5756464497935965,0.9968734028175664,0.14508371997774036,0.24963017509857022,0.14538861715994644,0.25015477935460145,0,1872.2835969520943,0.7483996879388178
bi5,5.0,10.0,3,3,replicating; Fig 1C regular spots,random,1,i,,,600,,,,,,1.770112819213857,0.04986848707661954,0.5811946409141118,10.81081081081081,3.570400336800638,3.5602503016597264,0.9971571716940832,0.14434692758745662,0.24836245454780104,0.1446056980025877,0.24880769336611513,0,1854.3385199135423,0.7791521724157703
bi5,5.0,10.0,3,3,replicating; Fig 1C regular spots,random,2,a,cov10,6,10.01,1,6,10.01,5.477225575051661,346,0.8651042102555065,1.744864340835985,0.7068583470577035,8.88888888888889,45.65570875049798,45.49720737079295,0.9965283338263082,0.3360003168123965,0.4753432115656513,0.336920737315172,0.47664534021222776,0,69322.94291266115,0.5924295579571534
bi5,5.0,10.0,3,3,replicating; Fig 1C regular spots,random,2,a,cov20,6,10.01,1,6,10.01,5.477225575051661,346,0.8651042102555065,1.744864340835985,0.7068583470577035,8.88888888888889,45.65570875049798,45.49720737079295,0.9965283338263082,0.3360003168123965,0.4753432115656513,0.336920737315172,0.47664534021222776,0,69322.94291266115,0.5924295579571534
bi5,5.0,10.0,3,3,replicating; Fig 1C regular spots,random,2,a,t600,301,600.01,1,301,600.01,5.477225575051661,335,0.887485791777936,2.001673192771607,0.6754424205218056,9.302325581395348,113.91666958784937,113.90870130150124,0.9999300516212688,0.1563527901152891,0.2314820410517013,0.15636017528770785,0.2314929748814318,0,79934.7390539455,0.7166121188799145
bi5,5.0,10.0,3,3,replicating; Fig 1C regular spots,random,2,i,cov10,6,10.01,1,6,10.01,5.477225575051661,1,1.7278499827924185,0.051071396630752386,0.5183627878423159,12.12121212121212,1.9166656346855375,1.526538471300571,0.796455283422988,0.21400676922640882,0.4128513354849633,0.31587498398548813,0.6093704860650146,0,1874.04900060739,0.5293911671729028
bi5,5.0,10.0,3,3,replicating; Fig 1C regular spots,random,2,i,cov20,6,10.01,1,6,10.01,5.477225575051661,1,1.7278499827924185,0.051071396630752386,0.5183627878423159,12.12121212121212,1.9166656346855375,1.526538471300571,0.796455283422988,0.21400676922640882,0.4128513354849633,0.31587498398548813,0.6093704860650146,0,1874.04900060739,0.5293911671729028
bi5,5.0,10.0,3,3,replicating; Fig 1C regular spots,random,2,i,t600,301,600.01,1,301,600.01,5.477225575051661,1,1.7749643407505682,0.04556821161116991,0.6126105674500097,10.256410256410255,2.6921173737080673,2.68257758085647,0.996456397873003,0.16643303588269792,0.27167836261048367,0.16681978517667184,0.2723096760655939,0,1687.5175733305687,0.810952565018406
bi5,5.0,10.0,3,3,replicating; Fig 1C regular spots,random,2,a,,,50,,,,,,0.8836945831315574,1.9663886317175878,0.7068583470577035,8.88888888888889,74.62287998153435,74.5980198243666,0.9996668561013203,0.2621938625265154,0.37092843795068253,0.26223797823435024,0.3709908489104151,0,78567.02561198539,0.7057682361979492
bi5,5.0,10.0,3,3,replicating; Fig 1C regular spots,random,2,a,,,100,,,,,,0.8843038518384932,1.9833501683359644,0.7068583470577035,8.88888888888889,82.28046313810302,82.26575257424538,0.9998212143770637,0.24300505902183178,0.3437818341303316,0.24302499366000485,0.3438100358743671,0,79074.37966384266,0.7198642187062417
bi5,5.0,10.0,3,3,replicating; Fig 1C regular spots,random,2,a,,,200,,,,,,0.8851516678538188,1.9932220993075327,0.7068583470577035,8.88888888888889,86.17028323877277,86.14726578497103,0.9997328840879174,0.22155204599997985,0.3134320290935091,0.2215852862176455,0.3134790543819619,0,79547.14804019647,0.7163164056162425
bi5,5.0,10.0,3,3,replicating; Fig 1C regular spots,random,2,a,,,400,,,,,,0.8866895336588175,1.9990211436860583,0.6754424205218056,9.302325581395348,100.62376846923,100.61367606793577,0.9998997016167476,0.17692655898767287,0.26194173420584127,0.1769368387224488,0.261956953467267,0,79841.64559158657,0.7357068924835715
bi5,5.0,10.0,3,3,replicating; Fig 1C regular spots,random,2,a,,,600,,,,,,0.887485791777936,2.001673192771607,0.6754424205218056,9.302325581395348,113.91666958784937,113.90870130150124,0.9999300516212688,0.1563527901152891,0.2314820410517013,0.15636017528770785,0.2314929748814318,0,79934.7390539455,0.7166121188799145
bi5,5.0,10.0,3,3,replicating; Fig 1C regular spots,random,2,i,,,50,,,,,,1.7673729367056026,0.05167402044788547,0.5497787143782138,11.428571428571429,2.514916939075338,2.461086982720283,0.97859573192312,0.17632806912271098,0.32072552921975833,0.18156076629844536,0.3302433534622855,0,1909.1351289468498,0.5394933025964382
bi5,5.0,10.0,3,3,replicating; Fig 1C regular spots,random,2,i,,,100,,,,,,1.7685859209060792,0.04973706750832286,0.5497787143782138,11.428571428571429,2.4757827948510944,2.448541654801087,0.9889969588177683,0.2310761875641118,0.4203076283618097,0.23288878575181632,0.4236045879208107,0,1842.068745640451,0.755237376664775
bi5,5.0,10.0,3,3,replicating; Fig 1C regular spots,random,2,i,,,200,,,,,,1.770287620512016,0.04818600698375268,0.5497787143782138,11.428571428571429,2.2811311246002144,2.247048170854776,0.9850587485401955,0.22986273119856568,0.41810045603263263,0.2313359561261416,0.42078012494131734,0,1814.5490430449981,0.7984189370753251
bi5,5.0,10.0,3,3,replicating; Fig 1C regular spots,random,2,i,,,400,,,,,,1.7733678527266854,0.046440707173495605,0.6126105674500097,10.256410256410255,2.547428303859546,2.532060087550837,0.9939671643416126,0.18542408343776784,0.3026785584349209,0.18608857326424177,0.3037632439786912,0,1725.5085006927343,0.8206031816300622
bi5,5.0,10.0,3,3,replicating; Fig 1C regular spots,random,2,i,,,600,,,,,,1.7749643407505682,0.04556821161116991,0.6126105674500097,10.256410256410255,2.6921173737080673,2.68257758085647,0.996456397873003,0.16643303588269792,0.27167836261048367,0.16681978517667184,0.2723096760655939,0,1687.5175733305687,0.810952565018406
bi5,5.0,10.0,3,3,replicating; Fig 1C regular spots,random,3,a,cov10,6,10.01,1,6,10.01,5.477225575051661,335,0.867888940187423,1.7502365494284027,0.6440264939859076,9.75609756097561,51.4034423172477,51.26124305749104,0.9972336627014384,0.3151459317862538,0.4893369057471566,0.31589594061299736,0.49050146781680337,0,70104.03372064934,0.5808127015101578
bi5,5.0,10.0,3,3,replicating; Fig 1C regular spots,random,3,a,cov20,6,10.01,1,6,10.01,5.477225575051661,335,0.867888940187423,1.7502365494284027,0.6440264939859076,9.75609756097561,51.4034423172477,51.26124305749104,0.9972336627014384,0.3151459317862538,0.4893369057471566,0.31589594061299736,0.49050146781680337,0,70104.03372064934,0.5808127015101578
bi5,5.0,10.0,3,3,replicating; Fig 1C regular spots,random,3,a,t600,301,600.01,1,301,600.01,5.477225575051661,334,0.8872351850610294,2.0015550229024286,0.6126105674500097,10.256410256410255,111.9231184398324,111.91248515787382,0.9999049947668829,0.1608651103511422,0.2625895126503333,0.16087562164500546,0.26260667084906797,0,80187.13904350565,0.7054720140862871
bi5,5.0,10.0,3,3,replicating; Fig 1C regular spots,random,3,i,cov10,6,10.01,1,6,10.01,5.477225575051661,1,1.7339064103686221,0.051697985561501694,0.48694686130641796,12.903225806451612,2.181585181418634,1.8659805101603761,0.8553324096870573,0.20647441093192395,0.4240183628619738,0.2907340062722658,0.597054893201822,0,1998.9369002562303,0.5347073320868371
bi5,5.0,10.0,3,3,replicating; Fig 1C regular spots,random,3,i,cov20,6,10.01,1,6,10.01,5.477225575051661,1,1.7339064103686221,0.051697985561501694,0.48694686130641796,12.903225806451612,2.181585181418634,1.8659805101603761,0.8553324096870573,0.20647441093192395,0.4240183628619738,0.2907340062722658,0.597054893201822,0,1998.9369002562303,0.5347073320868371
bi5,5.0,10.0,3,3,replicating; Fig 1C regular spots,random,3,i,t600,301,600.01,1,301,600.01,5.477225575051661,1,1.774462996398437,0.04589074499534078,0.6126105674500097,10.256410256410255,3.0808883573494636,3.068143975475236,0.9958634067853106,0.1585668303369837,0.2588378959850755,0.1589433866361828,0.25945257081963885,0,1829.0553259974367,0.8069113061404652
bi5,5.0,10.0,3,3,replicating; Fig 1C regular spots,random,3,a,,,50,,,,,,0.8839080756859282,1.9621385364421582,0.6440264939859076,9.75609756097561,77.30392286696625,77.25141373159464,0.9993207442336145,0.26321796158538546,0.4087067287501143,0.2633271685184249,0.40887629775707174,0,78712.38004103616,0.653670803506375
bi5,5.0,10.0,3,3,replicating; Fig 1C regular spots,random,3,a,,,100,,,,,,0.8840949740623196,1.9796380307884036,0.6126105674500097,10.256410256410255,85.19082177546655,85.14737215909942,0.9994899730339303,0.21853710450963482,0.3567308762225488,0.21871226792946852,0.35701680570065564,0,79328.43180444642,0.664645558507252
bi5,5.0,10.0,3,3,replicating; Fig 1C regular spots,random,3,a,,,200,,,,,,0.884887757188145,1.9909928470857992,0.6126105674500097,10.256410256410255,99.0775309050354,99.05600362442199,0.9997827228795796,0.1773774440897237,0.2895435591783161,0.17742015048129745,0.2896132713149374,0,79800.20625891992,0.6568839124912738
bi5,5.0,10.0,3,3,replicating; Fig 1C regular spots,random,3,a,,,400,,,,,,0.8862586258824428,1.9987922752780716,0.6126105674500097,10.256410256410255,108.08310264306813,108.07010003712747,0.999879698069146,0.16481780617704433,0.2690417288475746,0.16483119370476462,0.26906358209077935,0,80088.06600731437,0.6720269543542962
bi5,5.0,10.0,3,3,replicating; Fig 1C regular spots,random,3,a,,,600,,,,,,0.8872351850610294,2.0015550229024286,0.6126105674500097,10.256410256410255,111.9231184398324,111.91248515787382,0.9999049947668829,0.1608651103511422,0.2625895126503333,0.16087562164500546,0.26260667084906797,0,80187.13904350565,0.7054720140862871
bi5,5.0,10.0,3,3,replicating; Fig 1C regular spots,random,3,i,,,50,,,,,,1.7678349292786573,0.05170370003832966,0.48694686130641796,12.903225806451612,2.440605098081716,2.381315829835307,0.975707143981216,0.2504355927349863,0.5142975807731848,0.25331831420198037,0.5202175726574328,0,2053.977725815736,0.765273415280465
bi5,5.0,10.0,3,3,replicating; Fig 1C regular spots,random,3,i,,,100,,,,,,1.7681826654396111,0.05020122065064958,0.5497787143782138,11.428571428571429,2.4598402685118663,2.4212075073919324,0.98429460578621,0.214246883820266,0.38969657830891824,0.21560296231476195,0.39216316797314277,0,2017.1808713516086,0.7655903317218015
bi5,5.0,10.0,3,3,replicating; Fig 1C regular spots,random,3,i,,,200,,,,,,1.7697577515931495,0.048415749202524616,0.5811946409141118,10.81081081081081,2.8274172831361226,2.79997927232239,0.9902957335030156,0.18742943983766758,0.3224899657417276,0.18845388235615523,0.32425261537125,0,1945.8802540225668,0.7882872600496839
bi5,5.0,10.0,3,3,replicating; Fig 1C regular spots,random,3,i,,,400,,,,,,1.7725056075740024,0.04678253066544656,0.5811946409141118,10.81081081081081,3.1008252370890723,3.0801220848735094,0.993323341164819,0.15702339135417456,0.2701735017845412,0.15775547192113415,0.271433115200467,0,1864.6366759240402,0.78449001938026
bi5,5.0,10.0,3,3,replicating; Fig 1C regular spots,random,3,i,,,600,,,,,,1.774462996398437,0.04589074499534078,0.6126105674500097,10.256410256410255,3.0808883573494636,3.068143975475236,0.9958634067853106,0.1585668303369837,0.2588378959850755,0.1589433866361828,0.25945257081963885,0,1829.0553259974367,0.8069113061404652
bi5,5.0,10.0,3,3,replicating; Fig 1C regular spots,seed1,0,a,cov10,261,520.01,1,261,520.01,5.477225575051661,72,0.4035907443003876,1.1048075348573183,0.5183627878423159,12.12121212121212,103.42947194082807,102.18042920633572,0.9879237251137961,0.2250896148581539,0.4342318162827408,0.22734118687685878,0.4385754383009745,0,84066.41874757393,0.6039116549173154
bi5,5.0,10.0,3,3,replicating; Fig 1C regular spots,seed1,0,a,t600,301,600.01,1,301,600.01,5.477225575051661,114,0.5498528796556396,1.4337844155059403,0.4241150082346221,14.814814814814813,113.68104974029515,113.41975330180796,0.9977014952000872,0.14962842089950543,0.3528015231583844,0.14975711401753056,0.35310496235654154,0,81734.79280127276,0.4939600860045789
bi5,5.0,10.0,3,3,replicating; Fig 1C regular spots,seed1,0,i,cov10,261,520.01,1,146,290.01,5.477225575051661,1,0.8047383465784779,0.7156046786598358,0.4241150082346221,14.814814814814813,8.073361547111519,7.015674425467581,0.868990492315762,0.12757224208561196,0.3007963396924602,0.1408997753809586,0.33222067751729334,0,26820.855727349197,0.08165138199156824
bi5,5.0,10.0,3,3,replicating; Fig 1C regular spots,seed1,0,i,t600,301,600.01,1,301,600.01,5.477225575051661,1,1.0947959056779952,0.6599611444306703,0.4241150082346221,14.814814814814813,10.172564639333933,9.781263045968645,0.9615336341189463,0.13095081277292925,0.30876250599574806,0.13358922498136472,0.3149834888829556,0,13479.218152874575,0.19284157346580325
bi5,5.0,10.0,3,3,replicating; Fig 1C regular spots,seed1,0,a,,,50,,,,,,0.022002791073854788,0.0683290601087821,0.4555309347705201,13.79310344827586,14.823556696089781,14.657250668733703,0.9887809632488573,0.18861360653804213,0.41405224572302385,0.18995654901625691,0.4170003275671061,0,18605.593911821357,0.3353305323287033
bi5,5.0,10.0,3,3,replicating; Fig 1C regular spots,seed1,0,a,,,100,,,,,,0.03559863970688148,0.11024903533868619,0.2984513020910303,21.05263157894737,43.91421206652808,41.10630338568525,0.936059226644236,0.11648737919996506,0.3903061517367258,0.12183790973202627,0.40823380189128683,0,28294.53120138301,0.301796390766101
bi5,5.0,10.0,3,3,replicating; Fig 1C regular spots,seed1,0,a,,,200,,,,,,0.06878408103435792,0.2042465280052786,0.17278759594743864,36.36363636363636,75.93919044050539,58.781280825720344,0.7740572487637011,0.09205514916703868,0.5327648009816719,0.10541104228737869,0.6100613976910955,0,44190.11895197956,0.16829006460455215
bi5,5.0,10.0,3,3,replicating; Fig 1C regular spots,seed1,0,a,,,400,,,,,,0.21989866373395567,0.6404176791144289,0.39269908169872414,16.0,117.51807896337273,112.98278455097645,0.9614076876306852,0.07212014191825206,0.18365243332446116,0.07601597412302419,0.19357308856999847,0,81071.08754723822,0.21803818034521902
bi5,5.0,10.0,3,3,replicating; Fig 1C regular spots,seed1,0,a,,,600,,,,,,0.5498528796556396,1.4337844155059403,0.4241150082346221,14.814814814814813,113.68104974029515,113.41975330180796,0.9977014952000872,0.14962842089950543,0.3528015231583844,0.14975711401753056,0.35310496235654154,0,81734.79280127276,0.4939600860045789
bi5,5.0,10.0,3,3,replicating; Fig 1C regular spots,seed1,0,i,,,50,,,,,,0.043388662331146216,0.06149221456550094,0.4241150082346221,14.814814814814813,1.4030763766881549,1.3445251871190524,0.9582694210080654,0.1616689333456931,0.38119125757572153,0.16606618957027358,0.3915593326006636,0,16109.60075540639,0.030161022046910627
bi5,5.0,10.0,3,3,replicating; Fig 1C regular spots,seed1,0,i,,,100,,,,,,0.07071312467914258,0.10111366706682891,0.2984513020910303,21.05263157894737,13.771259790929674,12.208188886424656,0.8864976096424728,0.10766613473078264,0.3607494220210958,0.11651291979159886,0.3903917288189997,0,24595.307314336438,0.0894215022148893
bi5,5.0,10.0,3,3,replicating; Fig 1C regular spots,seed1,0,i,,,200,,,,,,0.1362394743192181,0.18959837426371143,0.17278759594743864,36.36363636363636,80.47444305206496,61.63497846851098,0.7658950609777403,0.0639524425304712,0.37012172187363096,0.0819353778023579,0.47419710513989877,0,37631.82998913379,0.1739016707936695
bi5,5.0,10.0,3,3,replicating; Fig 1C regular spots,seed1,0,i,,,400,,,,,,0.4368883151820494,0.5264657176319396,0.17278759594743864,36.36363636363636,21.824448768374836,4.771790223002522,0.21864424955910836,0.02295473449789626,0.13284943500735438,0.17444077509222955,1.0095676957349056,1,48964.18769930005,0.02173011170274945
bi5,5.0,10.0,3,3,replicating; Fig 1C regular spots,seed1,0,i,,,600,,,,,,1.0947959056779952,0.6599611444306703,0.4241150082346221,14.814814814814813,10.172564639333933,9.781263045968645,0.9615336341189463,0.13095081277292925,0.30876250599574806,0.13358922498136472,0.3149834888829556,0,13479.218152874575,0.19284157346580325
bi5,5.0,10.0,3,3,replicating; Fig 1C regular spots,seed36,1,a,cov10,26,50.01,1,26,50.01,5.477225575051661,43,0.49055871175700283,1.2895830829568518,0.1413716694115407,44.44444444444444,83.7707934643958,20.745024268963235,0.24764029814018976,0.05744412453686774,0.40633406096128594,0.1462814243342507,1.0347294117919583,1,48433.003194777586,0.11525406238457887
bi5,5.0,10.0,3,3,replicating; Fig 1C regular spots,seed36,1,a,cov20,76,150.01,1,76,150.01,5.477225575051661,80,0.7605023349985011,1.7645869273413668,0.4241150082346221,14.814814814814813,75.23866343787353,61.810540255720575,0.8215262928847628,0.2150133121601624,0.5069693549755641,0.29748427152330625,0.7014235897040851,0,69766.23044281811,0.5073367363181099
bi5,5.0,10.0,3,3,replicating; Fig 1C regular spots,seed36,1,a,t600,301,600.01,1,301,600.01,5.477225575051661,182,0.8773637950931312,1.9775439419911982,0.5183627878423159,12.12121212121212,157.76540876890556,157.64768739679897,0.9992538201306281,0.12078856316965673,0.23301935633234572,0.12086630571467682,0.2331693334272365,0,79112.57568599159,0.6279504088447811
bi5,5.0,10.0,3,3,replicating; Fig 1C regular spots,seed36,1,i,cov10,26,50.01,1,6,10.01,5.477225575051661,18,0.97152167661133,0.5987019563844133,0.8011061266653974,7.84313725490196,0.05659244850847316,0.012093163377029606,0.21368864037079058,0.0376431642702863,0.04698898562538261,0.8271132899610878,1.0324640674063312,1,23857.72135449502,0.0008637389287646597
bi5,5.0,10.0,3,3,replicating; Fig 1C regular spots,seed36,1,i,cov20,76,150.01,1,21,40.01,5.477225575051661,4,1.5175308622324142,0.3394779390863311,0.26703537555513246,23.529411764705877,14.095478044690127,2.790116953835188,0.19794411689969224,0.0675246471620827,0.25286779709133134,0.30374638397083104,1.1374761989469788,1,13525.646383025742,0.13075395355345387
bi5,5.0,10.0,3,3,replicating; Fig 1C regular spots,seed36,1,i,t600,301,600.01,1,301,600.01,5.477225575051661,1,1.7547191890978429,0.08107549801493864,0.5183627878423159,12.12121212121212,8.086834540835445,7.9965253200501545,0.9888325623172747,0.12152680576246794,0.23444353763958062,0.12291937792021201,0.23713001936706082,0,3276.20524425913,0.7651339117240656
bi5,5.0,10.0,3,3,replicating; Fig 1C regular spots,seed36,1,a,,,50,,,,,,0.49055871175700283,1.2895830829568518,0.1413716694115407,44.44444444444444,83.7707934643958,20.745024268963235,0.24764029814018976,0.05744412453686774,0.40633406096128594,0.1462814243342507,1.0347294117919583,1,48433.003194777586,0.11525406238457887
bi5,5.0,10.0,3,3,replicating; Fig 1C regular spots,seed36,1,a,,,100,,,,,,0.651555272386911,1.5873412033780359,0.3612831551628263,17.391304347826082,71.85470258837118,48.47049401703447,0.6745625863167769,0.08863227477616416,0.24532634170618495,0.23452210382193456,0.6491365580447228,0,61300.156726733025,0.23020172130691638
bi5,5.0,10.0,3,3,replicating; Fig 1C regular spots,seed36,1,a,,,200,,,,,,0.8233948548079024,1.8703035807165609,0.4555309347705201,13.79310344827586,101.34420329026123,92.6467450307685,0.9141790257644807,0.16741946312343572,0.3675260017363597,0.1804133914158541,0.396050800604222,0,75073.22184299005,0.5572765356820132
bi5,5.0,10.0,3,3,replicating; Fig 1C regular spots,seed36,1,a,,,400,,,,,,0.8747253481206073,1.9649715905795266,0.5183627878423159,12.12121212121212,121.95716726583177,121.89263294578107,0.9994708443833397,0.16829613880240096,0.32466863507493143,0.1683618120533909,0.32479532868128247,0,78972.10479251639,0.6258075339846558
bi5,5.0,10.0,3,3,replicating; Fig 1C regular spots,seed36,1,a,,,600,,,,,,0.8773637950931312,1.9775439419911982,0.5183627878423159,12.12121212121212,157.76540876890556,157.64768739679897,0.9992538201306281,0.12078856316965673,0.23301935633234572,0.12086630571467682,0.2331693334272365,0,79112.57568599159,0.6279504088447811
bi5,5.0,10.0,3,3,replicating; Fig 1C regular spots,seed36,1,i,,,50,,,,,,0.97152167661133,0.5987019563844133,0.8011061266653974,7.84313725490196,0.05659244850847316,0.012093163377029606,0.21368864037079058,0.0376431642702863,0.04698898562538261,0.8271132899610878,1.0324640674063312,1,23857.72135449502,0.0008637389287646597
bi5,5.0,10.0,3,3,replicating; Fig 1C regular spots,seed36,1,i,,,100,,,,,,1.2979666292259227,0.5027474475526953,0.3298672286269283,19.047619047619047,15.148632246607834,1.3600853718643133,0.0897827176555079,0.025975721080784085,0.07874598876920261,0.30416389706281793,0.922079766240798,1,20826.2825933793,0.07997315943217338
bi5,5.0,10.0,3,3,replicating; Fig 1C regular spots,seed36,1,i,,,200,,,,,,1.6448962344749034,0.20565018634928647,0.26703537555513246,23.529411764705877,9.851513976108423,1.5397099659976305,0.15629171005915293,0.06604779139158402,0.24733723482995126,0.42494295275524574,1.5913357991308963,1,7150.635359946923,0.17476046700903053
bi5,5.0,10.0,3,3,replicating; Fig 1C regular spots,seed36,1,i,,,400,,,,,,1.7493782379424345,0.08777125583644022,0.48694686130641796,12.903225806451612,7.281289943404349,7.143901740357271,0.981131337425791,0.15316940719848626,0.31455055853025066,0.1549458483021408,0.31819867959809894,0,3524.8625419379373,0.7082744951893954
bi5,5.0,10.0,3,3,replicating; Fig 1C regular spots,seed36,1,i,,,600,,,,,,1.7547191890978429,0.08107549801493864,0.5183627878423159,12.12121212121212,8.086834540835445,7.9965253200501545,0.9888325623172747,0.12152680576246794,0.23444353763958062,0.12291937792021201,0.23713001936706082,0,3276.20524425913,0.7651339117240656
bi5,5.0,10.0,3,3,replicating; Fig 1C regular spots,seed36,2,a,cov10,26,50.01,1,26,50.01,5.477225575051661,41,0.4768541314377071,1.2571346357774762,0.1413716694115407,44.44444444444444,77.70910743421291,7.542655440506735,0.09706269560350063,0.02185058310872182,0.15456125827526002,0.25235861027510087,1.7850720114259322,1,60966.58653226189,0.03059083154399979
bi5,5.0,10.0,3,3,replicating; Fig 1C regular spots,seed36,2,a,cov20,76,150.01,1,76,150.01,5.477225575051661,86,0.7705221256464618,1.7858460445046698,0.48694686130641796,12.903225806451612,88.68386162073459,84.2877548615402,0.9504294616985131,0.23973750964860072,0.4923278671627839,0.24835946781817397,0.510034025379805,0,76104.24514407723,0.6053706535269113
bi5,5.0,10.0,3,3,replicating; Fig 1C regular spots,seed36,2,a,t600,301,600.01,1,301,600.01,5.477225575051661,191,0.876693842046017,1.9848236866284463,0.5497787143782138,11.428571428571429,181.55543139536272,181.4189705904952,0.9992483793857406,0.10203728992365589,0.1855970179548649,0.10212396984779454,0.1857546812507906,0,79783.49567330102,0.6201561566120982
bi5,5.0,10.0,3,3,replicating; Fig 1C regular spots,seed36,2,i,cov10,26,50.01,1,6,10.01,5.477225575051661,19,0.9438714709150045,0.5957757980647662,0.4241150082346221,14.814814814814813,4.928663594258778,1.051901283577997,0.21342525483040042,0.04617066519124387,0.10886354949670178,0.4297405506629245,1.0132641908894446,1,22668.23451377602,0.04009996636550797
bi5,5.0,10.0,3,3,replicating; Fig 1C regular spots,seed36,2,i,cov20,76,150.01,1,21,40.01,5.477225575051661,4,1.5375655471824001,0.3053519591057762,0.3612831551628263,17.391304347826082,9.910535263249427,6.1877075998412945,0.6243565494173413,0.10972205761843337,0.30370100584673776,0.19987570884180555,0.5532383837594748,0,6923.051235833285,0.3163912124031086
bi5,5.0,10.0,3,3,replicating; Fig 1C regular spots,seed36,2,i,t600,301,600.01,1,301,600.01,5.477225575051661,1,1.7533965018588387,0.0795521651478338,0.5497787143782138,11.428571428571429,7.729339548088199,7.61583433146064,0.9853150174188383,0.11326410336501093,0.20601762200471846,0.11434592944111899,0.2079853702056134,0,3104.6676280685833,0.8074161095262177
bi5,5.0,10.0,3,3,replicating; Fig 1C regular spots,seed36,2,a,,,50,,,,,,0.4768541314377071,1.2571346357774762,0.1413716694115407,44.44444444444444,77.70910743421291,7.542655440506735,0.09706269560350063,0.02185058310872182,0.15456125827526002,0.25235861027510087,1.7850720114259322,1,60966.58653226189,0.03059083154399979
bi5,5.0,10.0,3,3,replicating; Fig 1C regular spots,seed36,2,a,,,100,,,,,,0.6536526789488245,1.5863998205066139,0.3612831551628263,17.391304347826082,81.72590122657483,68.13780868622676,0.8337357883313298,0.19067704613467776,0.5277772943738319,0.2341165190636912,0.6480139351035547,0,71616.6595982584,0.45204451180593014
bi5,5.0,10.0,3,3,replicating; Fig 1C regular spots,seed36,2,a,,,200,,,,,,0.8322458243904987,1.8773313578629793,0.48694686130641796,12.903225806451612,101.06799103696291,100.66377406075905,0.9960005440688335,0.2032675668229208,0.4174327487758709,0.20480292316623827,0.42058577524614793,0,77464.5030126221,0.6315587599453996
bi5,5.0,10.0,3,3,replicating; Fig 1C regular spots,seed36,2,a,,,400,,,,,,0.8753767356853259,1.9672637566465339,0.5497787143782138,11.428571428571429,143.12058328703435,142.9701535815086,0.9989489303210562,0.1323161174803571,0.24067159025973453,0.13244679541751758,0.2409092821414733,0,79286.57796959305,0.5958590786238237
bi5,5.0,10.0,3,3,replicating; Fig 1C regular spots,seed36,2,a,,,600,,,,,,0.876693842046017,1.9848236866284463,0.5497787143782138,11.428571428571429,181.55543139536272,181.4189705904952,0.9992483793857406,0.10203728992365589,0.1855970179548649,0.10212396984779454,0.1857546812507906,0,79783.49567330102,0.6201561566120982
bi5,5.0,10.0,3,3,replicating; Fig 1C regular spots,seed36,2,i,,,50,,,,,,0.9438714709150045,0.5957757980647662,0.4241150082346221,14.814814814814813,4.928663594258778,1.051901283577997,0.21342525483040042,0.04617066519124387,0.10886354949670178,0.4297405506629245,1.0132641908894446,1,22668.23451377602,0.04009996636550797
bi5,5.0,10.0,3,3,replicating; Fig 1C regular spots,seed36,2,i,,,100,,,,,,1.3015486365002797,0.486278430954794,0.3612831551628263,17.391304347826082,13.75087259887541,5.849072023016794,0.4253600621312679,0.05711064872061441,0.15807725299253234,0.3566410712308165,0.9871511199299684,1,13966.614176869603,0.15872149468310054
bi5,5.0,10.0,3,3,replicating; Fig 1C regular spots,seed36,2,i,,,200,,,,,,1.662869585206414,0.17786269817778416,0.4555309347705201,13.79310344827586,6.701148875671002,5.957892470848206,0.8890852272330135,0.21440449320916152,0.4706694471082863,0.23450988581671445,0.5148056211261525,0,4337.184133623284,0.7307075963270618
bi5,5.0,10.0,3,3,replicating; Fig 1C regular spots,seed36,2,i,,,400,,,,,,1.750750810645767,0.08578663614043516,0.48694686130641796,12.903225806451612,6.54551229013545,6.3940212632881215,0.9768557417460454,0.1400337697107367,0.2875750535387855,0.14186173300592736,0.2913289812061422,0,3209.118358185252,0.7873250885769328
bi5,5.0,10.0,3,3,replicating; Fig 1C regular spots,seed36,2,i,,,600,,,,,,1.7533965018588387,0.0795521651478338,0.5497787143782138,11.428571428571429,7.729339548088199,7.61583433146064,0.9853150174188383,0.11326410336501093,0.20601762200471846,0.11434592944111899,0.2079853702056134,0,3104.6676280685833,0.8074161095262177
bi5,5.0,10.0,3,3,replicating; Fig 1C regular spots,seed36,3,a,cov10,26,50.01,1,26,50.01,5.477225575051661,39,0.5008414117897908,1.3019287113768925,0.1413716694115407,44.44444444444444,122.56206174262199,90.59656361498462,0.7391892917502945,0.1056033470666806,0.74699087523161,0.13138275801066496,0.9293429055308283,0,56672.362731803965,0.20010694897005923
bi5,5.0,10.0,3,3,replicating; Fig 1C regular spots,seed36,3,a,cov20,76,150.01,1,76,150.01,5.477225575051661,82,0.7558869353925813,1.7562049382525886,0.4241150082346221,14.814814814814813,101.41394865694721,98.38482609640178,0.9701311052309772,0.1616253980970457,0.3810886079457813,0.1651778099398834,0.38946466579297845,0,74657.023582374,0.44243853415506895
bi5,5.0,10.0,3,3,replicating; Fig 1C regular spots,seed36,3,a,t600,301,600.01,1,301,600.01,5.477225575051661,173,0.8781485401448045,1.9717207005709454,0.5183627878423159,12.12121212121212,147.89364307654057,147.79234347501327,0.9993150510094956,0.14100716719936485,0.2720240929838095,0.1410780366973337,0.27216081093430866,0,78787.1195228787,0.6953046792333683
bi5,5.0,10.0,3,3,replicating; Fig 1C regular spots,seed36,3,i,cov10,26,50.01,1,6,10.01,5.477225575051661,25,0.9919903849494356,0.5985783883477176,0.1413716694115407,44.44444444444444,192.17128904999103,105.00985261160135,0.5464388209639595,0.07572726329984575,0.5356608124885299,0.11321911560414655,0.8008614178174517,0,21712.77868420438,0.5504134135037769
bi5,5.0,10.0,3,3,replicating; Fig 1C regular spots,seed36,3,i,cov20,76,150.01,1,21,40.01,5.477225575051661,1,1.5089547116330795,0.35849545471090305,0.10995574287564278,57.14285714285713,12.995041307817015,3.237531614230626,0.24913592327583653,0.04940233323647969,0.4492928877062156,0.0929398587849947,0.845247882051121,1,7392.884019831121,0.08834614660839075
bi5,5.0,10.0,3,3,replicating; Fig 1C regular spots,seed36,3,i,t600,301,600.01,1,301,600.01,5.477225575051661,1,1.7563367504285343,0.08217816345011458,0.5183627878423159,12.12121212121212,7.5229791752683814,7.3688505934477675,0.9795122945006537,0.14438150623382562,0.2785337019171715,0.14770963321924224,0.28495416083797853,0,3310.5986577985996,0.7863495072402186
bi5,5.0,10.0,3,3,replicating; Fig 1C regular spots,seed36,3,a,,,50,,,,,,0.5008414117897908,1.3019287113768925,0.1413716694115407,44.44444444444444,122.56206174262199,90.59656361498462,0.7391892917502945,0.1056033470666806,0.74699087523161,0.13138275801066496,0.9293429055308283,0,56672.362731803965,0.20010694897005923
bi5,5.0,10.0,3,3,replicating; Fig 1C regular spots,seed36,3,a,,,100,,,,,,0.6606531950925262,1.5924457894373807,0.39269908169872414,16.0,87.2158429754304,68.25268189817237,0.7825720599570407,0.15741995473637038,0.4008666230015323,0.21123872454089976,0.5379149949297833,0,69175.30293138642,0.37669647956700014
bi5,5.0,10.0,3,3,replicating; Fig 1C regular spots,seed36,3,a,,,200,,,,,,0.8075522564436131,1.8484091460422067,0.4241150082346221,14.814814814814813,109.26478205088648,108.92931884360469,0.9969298139712981,0.15907577944087206,0.3750769870253465,0.15943119356938223,0.37591500058678484,0,77048.32319584946,0.4906028457790586
bi5,5.0,10.0,3,3,replicating; Fig 1C regular spots,seed36,3,a,,,400,,,,,,0.8748502617725284,1.9589059708028238,0.5183627878423159,12.12121212121212,116.87158229138299,116.75530834165582,0.9990051135832381,0.19774456799561752,0.3814790965584719,0.19784433389408973,0.381671560023852,0,78159.98789140156,0.6754089139091849
bi5,5.0,10.0,3,3,replicating; Fig 1C regular spots,seed36,3,a,,,600,,,,,,0.8781485401448045,1.9717207005709454,0.5183627878423159,12.12121212121212,147.89364307654057,147.79234347501327,0.9993150510094956,0.14100716719936485,0.2720240929838095,0.1410780366973337,0.27216081093430866,0,78787.1195228787,0.6953046792333683
bi5,5.0,10.0,3,3,replicating; Fig 1C regular spots,seed36,3,i,,,50,,,,,,0.9919903849494356,0.5985783883477176,0.1413716694115407,44.44444444444444,192.17128904999103,105.00985261160135,0.5464388209639595,0.07572726329984575,0.5356608124885299,0.11321911560414655,0.8008614178174517,0,21712.77868420438,0.5504134135037769
bi5,5.0,10.0,3,3,replicating; Fig 1C regular spots,seed36,3,i,,,100,,,,,,1.3164172832595515,0.5036064347351176,0.1413716694115407,44.44444444444444,87.03649507200731,31.204381011056434,0.35852065257499544,0.05035120798118989,0.3561619395935317,0.10752759964055686,0.7606021778489304,1,14175.19572299859,0.24090702777580672
bi5,5.0,10.0,3,3,replicating; Fig 1C regular spots,seed36,3,i,,,200,,,,,,1.6135311750609775,0.25000215796030123,0.4241150082346221,14.814814814814813,10.643624453781099,10.012332199318722,0.9406882254063265,0.12367532536293827,0.291607990666816,0.14746062760520606,0.3476901895526184,0,4890.584123719151,0.5492202325072166
bi5,5.0,10.0,3,3,replicating; Fig 1C regular spots,seed36,3,i,,,400,,,,,,1.7496014353072242,0.0901131857075042,0.48694686130641796,12.903225806451612,6.46372896812337,6.224218707195532,0.9629454975434443,0.159032763583307,0.3265916185528783,0.1629514698617534,0.33463912145274916,0,3576.543291182591,0.6960001084700917
bi5,5.0,10.0,3,3,replicating; Fig 1C regular spots,seed36,3,i,,,600,,,,,,1.7563367504285343,0.08217816345011458,0.5183627878423159,12.12121212121212,7.5229791752683814,7.3688505934477675,0.9795122945006537,0.14438150623382562,0.2785337019171715,0.14770963321924224,0.28495416083797853,0,3310.5986577985996,0.7863495072402186
bi5,5.0,10.0,3,3,replicating; Fig 1C regular spots,smallpert,1,a,t600,301,600.01,1,301,600.01,5.477225575051661,0,3.003104195994359e-261,0.0,nan,nan,nan,nan,nan,nan,nan,nan,nan,nan,0.0,nan
bi5,5.0,10.0,3,3,replicating; Fig 1C regular spots,smallpert,1,i,t600,301,600.01,1,301,600.01,5.477225575051661,0,2.123093286580099e-130,1.4828218498061263e-269,0.2356194490192345,26.666666666666664,4.476823435829442e-272,8.767035362785443e-273,0.19583160891761045,0.020371998818190674,0.08646144833539454,0.18089619414278202,0.7677472929155978,1,1.957534007609562e-265,1.4764318365741547e-05
bi5,5.0,10.0,3,3,replicating; Fig 1C regular spots,smallpert,1,a,,,50,,,,,,3.4823108463119654e-21,7.827778309844728e-44,0.6440264939859076,9.75609756097561,1.8301690264730758e-42,1.719752012213416e-42,0.9396684062168593,0.34349856981261123,0.533360930055352,0.3519421841348293,0.5464715930499132,0,3.020356557210376e-39,0.42864550349758945
bi5,5.0,10.0,3,3,replicating; Fig 1C regular spots,smallpert,1,a,,,100,,,,,,5.2220439579013014e-43,1.76029109931178e-87,0.6440264939859076,9.75609756097561,4.1156380776457605e-86,3.867335072986812e-86,0.9396684062168598,0.34349856981261145,0.5333609300553523,0.35194218413482947,0.5464715930499136,0,6.792101863332994e-83,0.428645503497589
bi5,5.0,10.0,3,3,replicating; Fig 1C regular spots,smallpert,1,a,,,200,,,,,,1.1743201117164567e-86,8.901771538115304e-175,0.6440264939859076,9.75609756097561,2.0812733709267983e-173,1.9557068313603785e-173,0.9396684062168611,0.3434985698126123,0.5333609300553536,0.35194218413482997,0.5464715930499143,0,3.434757982622093e-170,0.42864550349758984
bi5,5.0,10.0,3,3,replicating; Fig 1C regular spots,smallpert,1,a,,,400,,,,,,5.938523094959096e-174,0.0,nan,nan,nan,nan,nan,nan,nan,nan,nan,nan,0.0,nan
bi5,5.0,10.0,3,3,replicating; Fig 1C regular spots,smallpert,1,a,,,600,,,,,,3.003104195994359e-261,0.0,nan,nan,nan,nan,nan,nan,nan,nan,nan,nan,0.0,nan
bi5,5.0,10.0,3,3,replicating; Fig 1C regular spots,smallpert,1,i,,,50,,,,,,1.1416370696650336e-10,1.148367538548968e-27,0.6440264939859076,9.75609756097561,3.455085243044191e-33,3.889053766331841e-35,0.01125602841250102,0.01605210231804418,0.02492459932618149,0.5960604322142266,0.925521601642788,1,2.863749673821872e-23,2.591623221434534e-08
bi5,5.0,10.0,3,3,replicating; Fig 1C regular spots,smallpert,1,i,,,100,,,,,,1.489127180683317e-21,5.226103762299388e-50,0.6440264939859076,9.75609756097561,1.4722950600588213e-55,3.7445921846580203e-56,0.2543370745608843,0.023537467350725035,0.03654735879738524,0.5962706445384995,0.9258480048672454,1,1.017153170959017e-45,1.5922130631886483e-08
bi5,5.0,10.0,3,3,replicating; Fig 1C regular spots,smallpert,1,i,,,200,,,,,,2.5336069869842978e-43,4.523325746835638e-94,0.2356194490192345,26.666666666666664,1.3710002422275314e-96,1.4972721202381655e-99,0.0010921020099934292,0.015735608693138683,0.06678399749527521,0.1823935913929728,0.7741024442259998,1,6.34913975411811e-90,7.3417833030847675e-06
bi5,5.0,10.0,3,3,replicating; Fig 1C regular spots,smallpert,1,i,,,400,,,,,,7.334223875025084e-87,7.891227351791318e-182,0.2356194490192345,26.666666666666664,2.3698665352310146e-184,4.244783794220258e-185,0.17911488816421794,0.019997275518874907,0.084871073258653,0.18102690079822564,0.7683020291905008,1,1.0385384936491565e-177,1.4876695766540357e-05
bi5,5.0,10.0,3,3,replicating; Fig 1C regular spots,smallpert,1,i,,,600,,,,,,2.123093286580099e-130,1.4828218498061263e-269,0.2356194490192345,26.666666666666664,4.476823435829442e-272,8.767035362785443e-273,0.19583160891761045,0.020371998818190674,0.08646144833539454,0.18089619414278202,0.7677472929155978,1,1.957534007609562e-265,1.4764318365741547e-05
bi5,5.0,10.0,3,3,replicating; Fig 1C regular spots,smallpert,2,a,t600,301,600.01,1,301,600.01,5.477225575051661,0,3.0046684970437665e-261,0.0,nan,nan,nan,nan,nan,nan,nan,nan,nan,nan,0.0,nan
bi5,5.0,10.0,3,3,replicating; Fig 1C regular spots,smallpert,2,i,t600,301,600.01,1,301,600.01,5.477225575051661,0,2.1237118681069456e-130,1.6676822717347906e-269,0.26703537555513246,23.529411764705877,3.5975542284802254e-272,2.8661054797822914e-272,0.7966816614166975,0.034822400893529254,0.13040369958900735,0.043709303954111794,0.16368357137418865,0,2.2007422007243533e-265,1.0353657963464502e-05
bi5,5.0,10.0,3,3,replicating; Fig 1C regular spots,smallpert,2,a,,,50,,,,,,3.48412476356416e-21,7.902264443005325e-44,0.5497787143782138,11.428571428571429,1.5205511716568943e-42,1.4526502022006272e-42,0.9553445022292294,0.3958627167167765,0.720040093157276,0.4309603937423339,0.7838797364676796,0,3.099370608009115e-39,0.5590298632646592
bi5,5.0,10.0,3,3,replicating; Fig 1C regular spots,smallpert,2,a,,,100,,,,,,5.2247640929050394e-43,1.7770413536029427e-87,0.5497787143782138,11.428571428571429,3.419377232681016e-86,3.266683240289604e-86,0.9553445022292292,0.39586271671677586,0.7200400931572748,0.43096039374233125,0.7838797364676747,0,6.969786673551314e-83,0.5590298632646588
bi5,5.0,10.0,3,3,replicating; Fig 1C regular spots,smallpert,2,a,,,200,,,,,,1.174931808834908e-86,8.986477378509301e-175,0.5497787143782138,11.428571428571429,1.7291750745010212e-173,1.651957900816369e-173,0.9553445022292295,0.3958627167167756,0.7200400931572744,0.4309603937423317,0.7838797364676755,0,3.524612983705452e-170,0.5590298632646591
bi5,5.0,10.0,3,3,replicating; Fig 1C regular spots,smallpert,2,a,,,400,,,,,,5.941616440145642e-174,0.0,nan,nan,nan,nan,nan,nan,nan,nan,nan,nan,0.0,nan
bi5,5.0,10.0,3,3,replicating; Fig 1C regular spots,smallpert,2,a,,,600,,,,,,3.0046684970437665e-261,0.0,nan,nan,nan,nan,nan,nan,nan,nan,nan,nan,0.0,nan
bi5,5.0,10.0,3,3,replicating; Fig 1C regular spots,smallpert,2,i,,,50,,,,,,1.1419696954644374e-10,1.3263698515219216e-27,0.26703537555513246,23.529411764705877,2.6382154583706212e-30,1.2298566734409638e-30,0.4661699140374726,0.026883662678494763,0.10067453655758928,0.21246900553618003,0.7956586467035841,1,1.2411818427980585e-23,9.352495836276419e-06
bi5,5.0,10.0,3,3,replicating; Fig 1C regular spots,smallpert,2,i,,,100,,,,,,1.4895610507213968e-21,1.1037229718505172e-49,0.26703537555513246,23.529411764705877,2.2604826613464146e-52,1.8330675093205075e-52,0.8109186328501519,0.03513678705410838,0.13158101985949797,0.043329608706378336,0.1622616801848879,0,1.285247720752786e-45,1.11305837263759e-05
bi5,5.0,10.0,3,3,replicating; Fig 1C regular spots,smallpert,2,i,,,200,,,,,,2.5343451752157542e-43,1.136066574941001e-93,0.26703537555513246,23.529411764705877,2.5084389901272177e-96,2.2663020672717026e-96,0.9034710735208135,0.03734072162799417,0.1398343629579698,0.04133029016908965,0.1547745877607761,0,1.4687949780011696e-89,1.0804093447813434e-05
bi5,5.0,10.0,3,3,replicating; Fig 1C regular spots,smallpert,2,i,,,400,,,,,,7.33636076436081e-87,1.3596120270810844e-181,0.26703537555513246,23.529411764705877,3.019991502552321e-184,2.6305221623677665e-184,0.8710362794546284,0.03657705163336578,0.13697455461594465,0.041992569650792594,0.15725470666010224,0,1.792239583094354e-177,1.0663802698009841e-05
bi5,5.0,10.0,3,3,replicating; Fig 1C regular spots,smallpert,2,i,,,600,,,,,,2.1237118681069456e-130,1.6676822717347906e-269,0.26703537555513246,23.529411764705877,3.5975542284802254e-272,2.8661054797822914e-272,0.7966816614166975,0.034822400893529254,0.13040369958900735,0.043709303954111794,0.16368357137418865,0,2.2007422007243533e-265,1.0353657963464502e-05
bi5,5.0,10.0,3,3,replicating; Fig 1C regular spots,smallpert,3,a,t600,301,600.01,1,301,600.01,5.477225575051661,0,3.0027165029096044e-261,0.0,nan,nan,nan,nan,nan,nan,nan,nan,nan,nan,0.0,nan
bi5,5.0,10.0,3,3,replicating; Fig 1C regular spots,smallpert,3,i,t600,301,600.01,1,301,600.01,5.477225575051661,0,2.122928980331008e-130,1.4852453643153943e-270,0.2356194490192345,26.666666666666664,4.417807401081219e-273,7.085541230652594e-274,0.1603859242238236,0.019585320143438202,0.08312268034307889,0.18125480200468708,0.7692692719516994,1,1.950217593227749e-266,1.4929466189435926e-05
bi5,5.0,10.0,3,3,replicating; Fig 1C regular spots,smallpert,3,a,,,50,,,,,,3.481861288872073e-21,8.071046436716057e-44,0.6440264939859076,9.75609756097561,1.7491687342483513e-42,1.679791612845845e-42,0.9603370903880701,0.21695744722302304,0.33687658698676215,0.25289324566158666,0.39267522069848326,0,3.11522716148596e-39,0.37483406861299756
bi5,5.0,10.0,3,3,replicating; Fig 1C regular spots,smallpert,3,a,,,100,,,,,,5.2213698053582545e-43,1.8149966238588e-87,0.6440264939859076,9.75609756097561,3.9334866576630275e-86,3.777473131900404e-86,0.9603370903880695,0.21695744722302182,0.3368765869867602,0.25289324566158633,0.3926752206984827,0,7.005444492214812e-83,0.37483406861299773
bi5,5.0,10.0,3,3,replicating; Fig 1C regular spots,smallpert,3,a,,,200,,,,,,1.1741685099880823e-86,9.178416737071734e-175,0.6440264939859076,9.75609756097561,1.9891596105002562e-173,1.910263752665284e-173,0.9603370903880707,0.21695744722302282,0.33687658698676176,0.2528932456615878,0.392675220698485,0,3.5426451009736765e-170,0.37483406861299734
bi5,5.0,10.0,3,3,replicating; Fig 1C regular spots,smallpert,3,a,,,400,,,,,,5.937756446788633e-174,0.0,nan,nan,nan,nan,nan,nan,nan,nan,nan,nan,0.0,nan
bi5,5.0,10.0,3,3,replicating; Fig 1C regular spots,smallpert,3,a,,,600,,,,,,3.0027165029096044e-261,0.0,nan,nan,nan,nan,nan,nan,nan,nan,nan,nan,0.0,nan
bi5,5.0,10.0,3,3,replicating; Fig 1C regular spots,smallpert,3,i,,,50,,,,,,1.141548718340141e-10,4.058944270614323e-28,0.6440264939859076,9.75609756097561,6.389827883442224e-34,1.4640685086056068e-34,0.2291248739890796,0.023087295678572966,0.03584836321823455,0.5981606404761356,0.9287826604369857,1,1.7679257042671145e-23,3.975738717312337e-09
bi5,5.0,10.0,3,3,replicating; Fig 1C regular spots,smallpert,3,i,,,100,,,,,,1.4890119370889705e-21,1.3470862244395659e-50,0.5183627878423159,12.12121212121212,9.040145554156285e-56,7.182795251238927e-57,0.0794544203764128,0.01906218974089467,0.03677383907174547,0.5033655242530013,0.9710680165685875,1,4.000931075870575e-46,3.860353307992429e-08
bi5,5.0,10.0,3,3,replicating; Fig 1C regular spots,smallpert,3,i,,,200,,,,,,2.5334109110684003e-43,6.912609732686604e-95,0.4241150082346221,14.814814814814813,2.145035077008722e-99,3.9716548110681705e-102,0.0018515570461470926,0.01581740302175405,0.037295079670945766,0.3911596176053035,0.9222960989602905,1,1.0284259279730576e-90,2.875780387923292e-07
bi5,5.0,10.0,3,3,replicating; Fig 1C regular spots,smallpert,3,i,,,400,,,,,,7.33365627923336e-87,8.359115905029772e-183,0.2356194490192345,26.666666666666664,2.3916396426439377e-185,1.4745667565645512e-186,0.06165505581494836,0.017244005878740826,0.07318583398152813,0.1819931225869868,0.7724028018252856,1,1.0653989955234099e-178,7.632422049538824e-06
bi5,5.0,10.0,3,3,replicating; Fig 1C regular spots,smallpert,3,i,,,600,,,,,,2.122928980331008e-130,1.4852453643153943e-270,0.2356194490192345,26.666666666666664,4.417807401081219e-273,7.085541230652594e-274,0.1603859242238236,0.019585320143438202,0.08312268034307889,0.18125480200468708,0.7692692719516994,1,1.950217593227749e-266,1.4929466189435926e-05
bi9,9.0,10.0,3,3,divides late,nucl,1,a,cov10,6,10.01,1,6,10.01,5.477225575051661,263,0.4158816173243016,0.7978486999972975,0.4555309347705201,13.79310344827586,15.812735438595624,15.582041624522171,0.9854108851078115,0.45392432188039444,0.9964730981641565,0.4559977481183495,1.0010247676111492,0,31955.133241995652,0.5168659574109765
bi9,9.0,10.0,3,3,divides late,nucl,1,a,t600,301,600.01,1,301,600.01,5.477225575051661,259,0.43416320290826227,0.8958658300850362,0.5497787143782138,11.428571428571429,37.88042192139758,37.76905594157643,0.9970600649577708,0.14165047521113017,0.2576499808133412,0.14201482255878273,0.2583126971719849,0,35287.391216622316,0.44870701880932684
bi9,9.0,10.0,3,3,divides late,nucl,1,i,cov10,6,10.01,1,6,10.01,5.477225575051661,47,1.3207204451421857,0.12301522077020773,0.17278759594743864,36.36363636363636,9.047901417877421,6.175381588610774,0.6825208745542984,0.11944235073003405,0.691266928480028,0.29753715862890506,1.7219821654293679,0,4685.147028911516,0.21755868172503504
bi9,9.0,10.0,3,3,divides late,nucl,1,i,t600,301,600.01,1,301,600.01,5.477225575051661,5,1.4259238356936699,0.07261057699497872,0.5497787143782138,11.428571428571429,5.225374756008875,5.076795496359265,0.9715658174605081,0.1308733192096249,0.2380472648120606,0.13466315105024756,0.24494064162259951,0,2753.6691008149173,0.6621631346891443
bi9,9.0,10.0,3,3,divides late,nucl,1,a,,,50,,,,,,0.4218428096823821,0.8623302025689258,0.48694686130641796,12.903225806451612,21.809977850058534,21.550767196075007,0.9881150427677838,0.32873039958996486,0.6750847488944113,0.33063202880930803,0.6789899578000428,0,34151.59746509831,0.5177094175188994
bi9,9.0,10.0,3,3,divides late,nucl,1,a,,,100,,,,,,0.42781733060380955,0.8871157146477595,0.5497787143782138,11.428571428571429,24.0327300638964,23.843887355114752,0.9921422698012433,0.28879847662018265,0.5252994869886999,0.28960087638998305,0.5267589828709802,0,35071.98442749074,0.5335046304881085
bi9,9.0,10.0,3,3,divides late,nucl,1,a,,,200,,,,,,0.427010660195614,0.884313040493126,0.5497787143782138,11.428571428571429,32.77763676045713,32.68038188904368,0.9970328894628921,0.19809520745452142,0.3603180739337321,0.19876890606706932,0.36154347352620236,0,35004.86373524501,0.45015356399064504
bi9,9.0,10.0,3,3,divides late,nucl,1,a,,,400,,,,,,0.4299272735156669,0.8942619550778093,0.5497787143782138,11.428571428571429,37.54987671755165,37.46048937477317,0.9976195036950228,0.1421711605267579,0.25859706243365566,0.14252409712963532,0.2592390236330386,0,34977.337404180675,0.4359838856627263
bi9,9.0,10.0,3,3,divides late,nucl,1,a,,,600,,,,,,0.43416320290826227,0.8958658300850362,0.5497787143782138,11.428571428571429,37.88042192139758,37.76905594157643,0.9970600649577708,0.14165047521113017,0.2576499808133412,0.14201482255878273,0.2583126971719849,0,35287.391216622316,0.44870701880932684
bi9,9.0,10.0,3,3,divides late,nucl,1,i,,,50,,,,,,1.3933208652201414,0.08612955964044439,0.4555309347705201,13.79310344827586,4.812713611635771,3.5812211813631016,0.7441168268780275,0.10532441837117948,0.23121243878692474,0.16694161045608702,0.3664770001628674,0,3283.9784280811314,0.37984091291014477
bi9,9.0,10.0,3,3,divides late,nucl,1,i,,,100,,,,,,1.4086694106884305,0.07840184136131777,0.48694686130641796,12.903225806451612,4.617212931841092,4.161224555818651,0.9012416401942682,0.14970215964097658,0.30743017675346396,0.16479698317239466,0.33842909004540006,0,3016.030007532975,0.5842941264313761
bi9,9.0,10.0,3,3,divides late,nucl,1,i,,,200,,,,,,1.4145860422861998,0.07460297172250209,0.5497787143782138,11.428571428571429,4.492576066859185,4.338858215864371,0.965784029316997,0.16837156420496457,0.3062533339352519,0.17226263984664358,0.3133308644760254,0,2845.428842216711,0.7014975319324378
bi9,9.0,10.0,3,3,divides late,nucl,1,i,,,400,,,,,,1.417667723388756,0.07345866535730615,0.5497787143782138,11.428571428571429,5.2636742063746125,5.117739504357099,0.972275126404902,0.12922151351651073,0.23504277291392972,0.13255930829316548,0.24111393334514014,0,2740.0102457276607,0.6585385277183632
bi9,9.0,10.0,3,3,divides late,nucl,1,i,,,600,,,,,,1.4259238356936699,0.07261057699497872,0.5497787143782138,11.428571428571429,5.225374756008875,5.076795496359265,0.9715658174605081,0.1308733192096249,0.2380472648120606,0.13466315105024756,0.24494064162259951,0,2753.6691008149173,0.6621631346891443
bi9,9.0,10.0,3,3,divides late,nucl,2,a,cov10,6,10.01,1,6,10.01,5.477225575051661,254,0.4139812832984275,0.8064120536937142,0.4555309347705201,13.79310344827586,17.567921186968103,17.343264928672507,0.9872121319361197,0.4680158055840455,1.0274072952253284,0.4703214753891332,1.0324687951786722,0,32126.78898095842,0.5616834989006902
bi9,9.0,10.0,3,3,divides late,nucl,2,a,t600,301,600.01,1,301,600.01,5.477225575051661,256,0.43163942977069875,0.8898326004157306,0.5497787143782138,11.428571428571429,38.98147154940979,38.88701829347886,0.9975769704893975,0.13912973682073482,0.2530649753839363,0.13937961408519167,0.2535194805474173,0,35107.08163172064,0.4668250332891756
bi9,9.0,10.0,3,3,divides late,nucl,2,i,cov10,6,10.01,1,6,10.01,5.477225575051661,36,1.3302564516190283,0.12282915313071817,0.2356194490192345,26.666666666666664,9.23238857366179,7.435561308341558,0.8053778552555477,0.17092553822099726,0.7254305148937173,0.23122116340471835,0.9813330960885275,0,4576.944880406971,0.413982093462695
bi9,9.0,10.0,3,3,divides late,nucl,2,i,t600,301,600.01,1,301,600.01,5.477225575051661,4,1.4219844702975692,0.07260960081342226,0.5497787143782138,11.428571428571429,5.357877265172072,5.194027207382662,0.9694188482340781,0.13581037956714123,0.24702735121482364,0.14026930581467412,0.2551377529654186,0,2834.4510911849043,0.6852613956184241
bi9,9.0,10.0,3,3,divides late,nucl,2,a,,,50,,,,,,0.4215517150836369,0.8599543490464936,0.5811946409141118,10.81081081081081,18.958125298392904,18.78532172883565,0.9908849864194166,0.40177180437269067,0.6912861476850128,0.4033535948390942,0.6940077668381346,0,34156.993986884845,0.5918341431019253
bi9,9.0,10.0,3,3,divides late,nucl,2,a,,,100,,,,,,0.42762798098599997,0.8825418378021801,0.5497787143782138,11.428571428571429,23.36082713606231,23.031916072162275,0.9859204016200142,0.30075013910571735,0.5470385288485721,0.3023897654812793,0.5500208676199382,0,34865.1945947984,0.5334834567348232
bi9,9.0,10.0,3,3,divides late,nucl,2,a,,,200,,,,,,0.42989424543065835,0.8844717856518634,0.5497787143782138,11.428571428571429,27.630563982914648,27.344833939367664,0.9896589138128463,0.2563323430896461,0.4662463940233693,0.25778170556394875,0.46888265919042266,0,35013.76412040827,0.5025019619823243
bi9,9.0,10.0,3,3,divides late,nucl,2,a,,,400,,,,,,0.4263664400613981,0.8862020600870405,0.5497787143782138,11.428571428571429,35.331759326580574,35.259484889399296,0.9979544059350901,0.15988412095108873,0.290815407671637,0.16025799372191118,0.2914954499523668,0,34574.18810626108,0.4413439414285461
bi9,9.0,10.0,3,3,divides late,nucl,2,a,,,600,,,,,,0.43163942977069875,0.8898326004157306,0.5497787143782138,11.428571428571429,38.98147154940979,38.88701829347886,0.9975769704893975,0.13912973682073482,0.2530649753839363,0.13937961408519167,0.2535194805474173,0,35107.08163172064,0.4668250332891756
bi9,9.0,10.0,3,3,divides late,nucl,2,i,,,50,,,,,,1.3882557487558334,0.0865175295597031,0.4555309347705201,13.79310344827586,4.502062318072421,3.9592949112507814,0.8794402723740998,0.16554654344462885,0.3634144924274466,0.23996105276252122,0.5267722440922807,0,3301.059937003929,0.4886314409595049
bi9,9.0,10.0,3,3,divides late,nucl,2,i,,,100,,,,,,1.403453780817375,0.08143692494026236,0.4555309347705201,13.79310344827586,4.665351836479964,4.1425943156245095,0.8879489609405583,0.17670858378277074,0.38791785649374194,0.19771754256374074,0.43403757565519374,0,3207.2461405994263,0.5836527640061391
bi9,9.0,10.0,3,3,divides late,nucl,2,i,,,200,,,,,,1.4144704820961849,0.07566557313305786,0.4555309347705201,13.79310344827586,4.4927466664007385,4.186920858340007,0.9319289889305651,0.18058334527491932,0.39642389021481195,0.1937388166511565,0.4253033150180131,0,2988.0147786746343,0.6577884315369223
bi9,9.0,10.0,3,3,divides late,nucl,2,i,,,400,,,,,,1.4163629892164322,0.07423511826107476,0.5497787143782138,11.428571428571429,4.92798197071032,4.805408644440613,0.9751270749369159,0.15639918923863622,0.28447661786164247,0.1595115707166459,0.29013777097036136,0,2837.6740659004918,0.7003404810366798
bi9,9.0,10.0,3,3,divides late,nucl,2,i,,,600,,,,,,1.4219844702975692,0.07260960081342226,0.5497787143782138,11.428571428571429,5.357877265172072,5.194027207382662,0.9694188482340781,0.13581037956714123,0.24702735121482364,0.14026930581467412,0.2551377529654186,0,2834.4510911849043,0.6852613956184241
bi9,9.0,10.0,3,3,divides late,nucl,3,a,cov10,6,10.01,1,6,10.01,5.477225575051661,244,0.4078181574344107,0.7879089421366225,0.48694686130641796,12.903225806451612,16.844933725019338,16.298110742408277,0.9675378371006067,0.49340177073507113,1.0132558805520082,0.502374484509026,1.0316823547465068,0,30637.8070814858,0.5863530959070318
bi9,9.0,10.0,3,3,divides late,nucl,3,a,t600,301,600.01,1,301,600.01,5.477225575051661,256,0.4317010639985433,0.8954914611732271,0.5497787143782138,11.428571428571429,41.345913464256505,41.216936960287036,0.9968805501399559,0.13968685865880515,0.25407833189174583,0.14012877581413669,0.2548821410312673,0,35405.757394659646,0.4558316383801276
bi9,9.0,10.0,3,3,divides late,nucl,3,i,cov10,6,10.01,1,6,10.01,5.477225575051661,55,1.3006871355439762,0.1340641997483216,0.20420352248333656,30.769230769230766,12.226968395166946,6.877893187197836,0.562518276396013,0.10573825194706582,0.5178081683468231,0.1954581641361991,0.9571733227674801,0,5768.654077261196,0.3384479050147629
bi9,9.0,10.0,3,3,divides late,nucl,3,i,t600,301,600.01,1,301,600.01,5.477225575051661,1,1.4186480469109979,0.07347348036496901,0.5497787143782138,11.428571428571429,5.780802357634112,5.609361810454584,0.9703431225333065,0.11977292729014177,0.2178566105921398,0.12465318184273322,0.2267333721417587,0,2965.0031782560263,0.5842049134297574
bi9,9.0,10.0,3,3,divides late,nucl,3,a,,,50,,,,,,0.4207237355136116,0.8673585412745349,0.5183627878423159,12.12121212121212,18.873976962328683,18.41913932434877,0.9759013355326361,0.3965473575118132,0.7649996620367769,0.4009388108052437,0.7734714377823121,0,34085.84968807315,0.5684440047879945
bi9,9.0,10.0,3,3,divides late,nucl,3,a,,,100,,,,,,0.42767452036230696,0.8792830705068142,0.5497787143782138,11.428571428571429,24.835895216248904,24.559460593434174,0.9888695527015321,0.267364237541683,0.4863124572657662,0.27039016094905005,0.4918163506109084,0,34673.046898080924,0.5100796806609857
bi9,9.0,10.0,3,3,divides late,nucl,3,a,,,200,,,,,,0.4305728247817751,0.8915695001264637,0.5497787143782138,11.428571428571429,36.229870123776415,36.05388245996882,0.9951424704751536,0.16850791849952418,0.306501350620863,0.1694119678693855,0.3081457383467206,0,35140.97340449567,0.4302670247037528
bi9,9.0,10.0,3,3,divides late,nucl,3,a,,,400,,,,,,0.42874267622103607,0.8867224210380278,0.5497787143782138,11.428571428571429,37.87063411054745,37.73491546046617,0.9964162562030224,0.15366756623031944,0.2795080315252177,0.15433830600227105,0.2807280492421826,0,35138.933594716116,0.4407666027080871
bi9,9.0,10.0,3,3,divides late,nucl,3,a,,,600,,,,,,0.4317010639985433,0.8954914611732271,0.5497787143782138,11.428571428571429,41.345913464256505,41.216936960287036,0.9968805501399559,0.13968685865880515,0.25407833189174583,0.14012877581413669,0.2548821410312673,0,35405.757394659646,0.4558316383801276
bi9,9.0,10.0,3,3,divides late,nucl,3,i,,,50,,,,,,1.381529759944048,0.09075474835621991,0.39269908169872414,16.0,4.517549264584709,3.2762259978358492,0.7252219745603654,0.2512019750840119,0.639680576785082,0.29443038661804,0.7497608228275023,0,3953.6435748283166,0.6029194720909379
bi9,9.0,10.0,3,3,divides late,nucl,3,i,,,100,,,,,,1.4048342835370833,0.08257916891078886,0.5183627878423159,12.12121212121212,4.191221692573856,3.348267351513658,0.7988762220443333,0.19336014026121542,0.373020874175935,0.2280551631423024,0.4399528062027399,0,3447.7130874919617,0.5873174825705901
bi9,9.0,10.0,3,3,divides late,nucl,3,i,,,200,,,,,,1.4155437218806728,0.078102874708404,0.5183627878423159,12.12121212121212,5.033391589104268,4.690645088471033,0.9319054568742128,0.16513191683867012,0.31856437366198953,0.1766577390869845,0.3407994231652353,0,3184.1008983176735,0.630017615586256
bi9,9.0,10.0,3,3,divides late,nucl,3,i,,,400,,,,,,1.4163349261795632,0.07456281386423412,0.5497787143782138,11.428571428571429,5.1523673836175545,4.94685781788706,0.9601135651964703,0.15269594814075726,0.277740742133774,0.15780791580021342,0.2870389698129552,0,3002.406512534607,0.6907518136231762
bi9,9.0,10.0,3,3,divides late,nucl,3,i,,,600,,,,,,1.4186480469109979,0.07347348036496901,0.5497787143782138,11.428571428571429,5.780802357634112,5.609361810454584,0.9703431225333065,0.11977292729014177,0.2178566105921398,0.12465318184273322,0.2267333721417587,0,2965.0031782560263,0.5842049134297574
bi9,9.0,10.0,3,3,divides late,random,1,a,cov10,6,10.01,1,6,10.01,5.477225575051661,278,0.36757560668282996,0.8354321729979957,0.6440264939859076,9.75609756097561,18.04697232625682,17.64781525252764,0.9778823247183439,0.30516877811755305,0.473845068436316,0.31331328277212694,0.48649129453202705,0,33819.11725081915,0.4310645338553303
bi9,9.0,10.0,3,3,divides late,random,1,a,t600,301,600.01,1,301,600.01,5.477225575051661,265,0.3852798333093304,0.8855842780722177,0.5811946409141118,10.81081081081081,36.21334500880321,36.19631950784311,0.9995298556110748,0.15838586037687638,0.2725177577820826,0.1584377130587039,0.2726069751942493,0,35554.60152193262,0.4716662894991403
bi9,9.0,10.0,3,3,divides late,random,1,i,cov10,6,10.01,1,6,10.01,5.477225575051661,24,1.2680393876952665,0.11783587898321304,0.2356194490192345,26.666666666666664,9.297344846963401,6.607642301278286,0.7107020778557442,0.07639757692875518,0.324241386892126,0.14966777763424086,0.6352097768551479,0,4460.200668066577,0.19258769872163722
bi9,9.0,10.0,3,3,divides late,random,1,i,t600,301,600.01,1,301,600.01,5.477225575051661,2,1.386995351196893,0.07046654209810459,0.5497787143782138,11.428571428571429,4.61099123554557,4.531356838610053,0.9827294408365765,0.1565382286128716,0.28472951847528777,0.15836841865970286,0.2880584761067253,0,2753.612721796767,0.735890794453045
bi9,9.0,10.0,3,3,divides late,random,1,a,,,50,,,,,,0.37400465602995553,0.8569728512030297,0.6440264939859076,9.75609756097561,23.55652408528265,23.431966846618096,0.9947124101071273,0.2420368686521538,0.3758181859168203,0.24261597907829063,0.3767173887159982,0,34544.49993656132,0.4504172300343049
bi9,9.0,10.0,3,3,divides late,random,1,a,,,100,,,,,,0.37857445727122124,0.868193925839843,0.6126105674500097,10.256410256410255,27.90322369378111,27.810155984228338,0.9966646251854578,0.22073930994684174,0.3603256647459881,0.22117059335320643,0.36102967383313117,0,35004.93532719619,0.4477308645776381
bi9,9.0,10.0,3,3,divides late,random,1,a,,,200,,,,,,0.3819210385070196,0.8765249267759156,0.6126105674500097,10.256410256410255,32.14397253626532,32.07765989424387,0.9979370116140238,0.19191447658953686,0.3132732061550627,0.19218168296451,0.3137093827232949,0,35326.67254953411,0.46430038589669326
bi9,9.0,10.0,3,3,divides late,random,1,a,,,400,,,,,,0.3843327830490479,0.8832567048336083,0.6126105674500097,10.256410256410255,33.989221998047825,33.957871268428,0.999077627324873,0.17235863665580928,0.28135106675232807,0.17247594208664357,0.2815425512566235,0,35492.06321348468,0.4934898651112904
bi9,9.0,10.0,3,3,divides late,random,1,a,,,600,,,,,,0.3852798333093304,0.8855842780722177,0.5811946409141118,10.81081081081081,36.21334500880321,36.19631950784311,0.9995298556110748,0.15838586037687638,0.2725177577820826,0.1584377130587039,0.2726069751942493,0,35554.60152193262,0.4716662894991403
bi9,9.0,10.0,3,3,divides late,random,1,i,,,50,,,,,,1.3456922214832052,0.09075234477627428,0.3612831551628263,17.391304347826082,3.861030744043681,3.0068848153121133,0.7787777447643384,0.2046845038644719,0.5665487054668322,0.23578484990006243,0.6526317281352263,0,3417.7285863853253,0.5333711235264589
bi9,9.0,10.0,3,3,divides late,random,1,i,,,100,,,,,,1.3626558010992442,0.08219376825056743,0.48694686130641796,12.903225806451612,3.6346392399797094,3.030325525323617,0.8337348840542793,0.2823299468187274,0.5797962144396438,0.30315681062223515,0.6225665153871268,0,3118.3255759821172,0.7438824815335073
bi9,9.0,10.0,3,3,divides late,random,1,i,,,200,,,,,,1.3748519920212172,0.07608662036836504,0.5183627878423159,12.12121212121212,3.474663120703742,3.2356795343933964,0.9312210772646232,0.24437834451996862,0.4714426850299054,0.25251964491970985,0.4871484814155398,0,2905.4510849231747,0.7604555428919052
bi9,9.0,10.0,3,3,divides late,random,1,i,,,400,,,,,,1.383573767090661,0.07207113818666826,0.5497787143782138,11.428571428571429,4.119827759046235,3.997846604882646,0.9703916859398443,0.1747074794831799,0.3177778166271311,0.17765441019291367,0.3231380290774561,0,2794.6267506006407,0.7369674814083935
bi9,9.0,10.0,3,3,divides late,random,1,i,,,600,,,,,,1.386995351196893,0.07046654209810459,0.5497787143782138,11.428571428571429,4.61099123554557,4.531356838610053,0.9827294408365765,0.1565382286128716,0.28472951847528777,0.15836841865970286,0.2880584761067253,0,2753.612721796767,0.735890794453045
bi9,9.0,10.0,3,3,divides late,random,2,a,cov10,6,10.01,1,6,10.01,5.477225575051661,281,0.37111616235971423,0.8437958888927475,0.5183627878423159,12.12121212121212,17.089277019933657,16.4738034441679,0.9639848090093077,0.47008832294164593,0.9068712761932384,0.478795879299816,0.9236694657284387,0,33499.98854704879,0.6118426055828232
bi9,9.0,10.0,3,3,divides late,random,2,a,t600,301,600.01,1,301,600.01,5.477225575051661,272,0.38740993590919204,0.8869458309297527,0.5497787143782138,11.428571428571429,40.03230447631869,40.023405433921354,0.9997777034693918,0.15722123377526695,0.28597184587817354,0.1572419113240322,0.28600945655356796,0,35492.174335089105,0.472503667558629
bi9,9.0,10.0,3,3,divides late,random,2,i,cov10,6,10.01,1,6,10.01,5.477225575051661,25,1.2809934622636465,0.11092402459745704,0.2356194490192345,26.666666666666664,10.146164297723718,6.5345824335365155,0.6440446105335139,0.07742496808568503,0.32860177038850696,0.13299649202149577,0.5644546431760765,0,4749.8752155867915,0.2697421905118058
bi9,9.0,10.0,3,3,divides late,random,2,i,t600,301,600.01,1,301,600.01,5.477225575051661,2,1.394662107186026,0.06747414737475944,0.5497787143782138,11.428571428571429,5.573801963451161,5.502947441798062,0.9872879370100139,0.11344592895098601,0.2063483470423015,0.11507408757301302,0.2093098269603962,0,2822.5135985741235,0.6445593426311541
bi9,9.0,10.0,3,3,divides late,random,2,a,,,50,,,,,,0.3777113054269266,0.8622381371978282,0.5183627878423159,12.12121212121212,24.406996210144985,24.25234932387474,0.993663829627426,0.30639610071119594,0.5910842905729577,0.3075010573792596,0.5932159186411358,0,34379.00023145596,0.5225074622782903
bi9,9.0,10.0,3,3,divides late,random,2,a,,,100,,,,,,0.38183996858866814,0.8723195455302303,0.5183627878423159,12.12121212121212,26.945818331124563,26.866784684359722,0.9970669420466792,0.2856056839135887,0.5509764408483522,0.28621453922209467,0.552151014569279,0,34767.39922423625,0.5131379999727537
bi9,9.0,10.0,3,3,divides late,random,2,a,,,200,,,,,,0.3845837503707698,0.8790832239580221,0.5183627878423159,12.12121212121212,29.547855900230868,29.514066513264538,0.9988564521540778,0.21022737088249402,0.4055603060504498,0.2104603719439918,0.4060098002405471,0,35061.06633031374,0.4839096704397727
bi9,9.0,10.0,3,3,divides late,random,2,a,,,400,,,,,,0.3865228220052216,0.8843740610695567,0.5497787143782138,11.428571428571429,35.37156543639701,35.357161763812556,0.9995927895074264,0.16998768988012053,0.30919292696220957,0.17003209311648665,0.30927369261428894,0,35339.70497040314,0.4839826819192607
bi9,9.0,10.0,3,3,divides late,random,2,a,,,600,,,,,,0.38740993590919204,0.8869458309297527,0.5497787143782138,11.428571428571429,40.03230447631869,40.023405433921354,0.9997777034693918,0.15722123377526695,0.28597184587817354,0.1572419113240322,0.28600945655356796,0,35492.174335089105,0.472503667558629
bi9,9.0,10.0,3,3,divides late,random,2,i,,,50,,,,,,1.3592483634297676,0.08435807684577866,0.4555309347705201,13.79310344827586,4.379157078317522,3.386098411752787,0.7732306357582702,0.18961767538790264,0.416256418421781,0.24492858831208314,0.53767717978466,0,3706.9890697626606,0.5225889437267585
bi9,9.0,10.0,3,3,divides late,random,2,i,,,100,,,,,,1.3744418987393006,0.07671768689313342,0.5183627878423159,12.12121212121212,4.472730376400543,3.969338543302465,0.8874531235430324,0.19752935992997553,0.38106392774101533,0.21331425487707106,0.41151537085636725,0,3386.1262505582117,0.6007399854154316
bi9,9.0,10.0,3,3,divides late,random,2,i,,,200,,,,,,1.3844435831516522,0.07197010284446455,0.5183627878423159,12.12121212121212,4.842736207341188,4.618754652878784,0.9537489665196162,0.18333700259229305,0.3536847298692735,0.19014394671849705,0.36681635174849425,0,3149.997487234564,0.6383558304072537
bi9,9.0,10.0,3,3,divides late,random,2,i,,,400,,,,,,1.3914601909083066,0.0688609734155063,0.5183627878423159,12.12121212121212,4.976903486232455,4.86483723453942,0.9774827355999484,0.11497747035316776,0.2218088818291939,0.1175357043576225,0.22674410107034235,0,2941.7737217668378,0.5825199999690226
bi9,9.0,10.0,3,3,divides late,random,2,i,,,600,,,,,,1.394662107186026,0.06747414737475944,0.5497787143782138,11.428571428571429,5.573801963451161,5.502947441798062,0.9872879370100139,0.11344592895098601,0.2063483470423015,0.11507408757301302,0.2093098269603962,0,2822.5135985741235,0.6445593426311541
bi9,9.0,10.0,3,3,divides late,random,3,a,cov10,6,10.01,1,6,10.01,5.477225575051661,283,0.37060541241943706,0.8421646894689784,0.6440264939859076,9.75609756097561,19.177791343638084,18.59959039086557,0.9698504930827541,0.35144829096068597,0.5457047097326034,0.3567855412578833,0.5539920245357024,0,34308.17892490803,0.47915953490966684
bi9,9.0,10.0,3,3,divides late,random,3,a,t600,301,600.01,1,301,600.01,5.477225575051661,272,0.3875980855379783,0.886658770931209,0.6126105674500097,10.256410256410255,42.57488644866513,42.567355888084364,0.9998231220043335,0.11611027842380604,0.18953358722999972,0.1161297113426526,0.1895653087181344,0,35623.927987903226,0.4351060061044335
bi9,9.0,10.0,3,3,divides late,random,3,i,cov10,6,10.01,1,6,10.01,5.477225575051661,21,1.2768488645516893,0.11020476595696564,0.10995574287564278,57.14285714285713,6.407427978519282,0.7191127792256253,0.11223111389412886,0.021581504989821844,0.1962744684852886,0.1024230947962223,0.9314938184907748,1,3989.378752285169,0.04887230030284209
bi9,9.0,10.0,3,3,divides late,random,3,i,t600,301,600.01,1,301,600.01,5.477225575051661,1,1.3953419115764882,0.06694473274231438,0.6126105674500097,10.256410256410255,3.917054772612949,3.8820832504163367,0.9910719854005811,0.18257077598874139,0.2980209380792954,0.1835005890143293,0.2995387261733831,0,2556.640219112181,0.7614387731734782
bi9,9.0,10.0,3,3,divides late,random,3,a,,,50,,,,,,0.3773410176179269,0.8596959473440166,0.6440264939859076,9.75609756097561,24.991757048932737,24.805863712384607,0.9925618140339569,0.14624745520799878,0.22708297961915666,0.14772757968752348,0.22938121500752423,0,34729.6381914574,0.3323331944191556
bi9,9.0,10.0,3,3,divides late,random,3,a,,,100,,,,,,0.3820795621249112,0.8719444557249444,0.6440264939859076,9.75609756097561,27.554783366351604,27.459300634592783,0.9965348037584132,0.13588568452651553,0.21099393549093484,0.13630853152049505,0.21165050319106546,0,35090.70137322247,0.319505244115907
bi9,9.0,10.0,3,3,divides late,random,3,a,,,200,,,,,,0.3851874998918255,0.8803049622969483,0.6126105674500097,10.256410256410255,31.80213462857668,31.770390636384654,0.9990018282557831,0.230976615285906,0.3770366160142253,0.23109831626483923,0.3772352756283417,0,35385.70617552148,0.5191636981888134
bi9,9.0,10.0,3,3,divides late,random,3,a,,,400,,,,,,0.3869766312583727,0.8847235638408291,0.6126105674500097,10.256410256410255,38.973962812280135,38.96362671570696,0.9997347948264086,0.1256627053696211,0.20512657150641697,0.1257062661671794,0.20519767833981623,0,35553.23645390962,0.40465815100996755
bi9,9.0,10.0,3,3,divides late,random,3,a,,,600,,,,,,0.3875980855379783,0.886658770931209,0.6126105674500097,10.256410256410255,42.57488644866513,42.567355888084364,0.9998231220043335,0.11611027842380604,0.18953358722999972,0.1161297113426526,0.1895653087181344,0,35623.927987903226,0.4351060061044335
bi9,9.0,10.0,3,3,divides late,random,3,i,,,50,,,,,,1.3579022585072704,0.08482928373793724,0.48694686130641796,12.903225806451612,3.8909618626648617,3.3637799826711907,0.8645111675207703,0.1529145393635293,0.31402715884291477,0.16689566598757144,0.3427389706133665,0,3056.0162598928073,0.46385687128018116
bi9,9.0,10.0,3,3,divides late,random,3,i,,,100,,,,,,1.3752715304421375,0.07642209922067916,0.48694686130641796,12.903225806451612,4.114136608167339,3.8790197339518406,0.9428514663930345,0.1386087535641246,0.2846486230391845,0.14545127855599171,0.29870051562867456,0,2818.5232367546787,0.4548003581915088
bi9,9.0,10.0,3,3,divides late,random,3,i,,,200,,,,,,1.38661148953952,0.0708934355345395,0.5183627878423159,12.12121212121212,4.019715019222975,3.8738613893979306,0.9637154302910662,0.11819427149149292,0.22801457640020098,0.1231934365743696,0.23765871984592496,0,2671.101384851947,0.4843002867908362
bi9,9.0,10.0,3,3,divides late,random,3,i,,,400,,,,,,1.3930982164856835,0.0678509376275331,0.5183627878423159,12.12121212121212,3.6650980303502325,3.6150336652278976,0.9863402384580827,0.1967074245398238,0.37947829040471454,0.19795570235115922,0.3818864065747262,0,2585.151398404288,0.7375563627026507
bi9,9.0,10.0,3,3,divides late,random,3,i,,,600,,,,,,1.3953419115764882,0.06694473274231438,0.6126105674500097,10.256410256410255,3.917054772612949,3.8820832504163367,0.9910719854005811,0.18257077598874139,0.2980209380792954,0.1835005890143293,0.2995387261733831,0,2556.640219112181,0.7614387731734782
bi9,9.0,10.0,3,3,divides late,seed1,0,a,t600,301,600.01,1,301,600.01,5.477225575051661,4,0.010653943701155145,0.029390554222119572,0.3612831551628263,17.391304347826082,6.304537475038427,5.314903907063033,0.8430283630014647,0.30570457430551257,0.8461633761134945,0.3427475363920981,0.9486950373803772,0,7824.179751833988,0.5283358214914634
bi9,9.0,10.0,3,3,divides late,seed1,0,i,t600,301,600.01,1,301,600.01,5.477225575051661,4,0.03819153093350099,0.03901242769138293,0.3298672286269283,19.047619047619047,4.5556895940489825,2.526863560157122,0.5546610470252231,0.08337762822955823,0.25276117478119137,0.16469986519391888,0.4992913842320189,0,9876.361967810693,0.07133754399943851
bi9,9.0,10.0,3,3,divides late,seed1,0,a,,,50,,,,,,0.0034575401828038665,0.009105329391863572,1.460840583919254,4.301075268817204,0.026592357854320504,0.026357438043941098,0.9911658901528644,0.42780156194307195,0.29284616449752066,0.43026974042766186,0.29453572495453373,0,2593.485274167464,0.03115484035866051
bi9,9.0,10.0,3,3,divides late,seed1,0,a,,,100,,,,,,0.0034577353553636725,0.009104887962239697,1.460840583919254,4.301075268817204,0.02660374612992446,0.02637162129707212,0.9912747313209683,0.4278183981979057,0.29285768954345587,0.4302530235131854,0.29452428160153515,0,2593.357227266002,0.031167784244522333
bi9,9.0,10.0,3,3,divides late,seed1,0,a,,,200,,,,,,0.0034577354138687192,0.009104887829895486,1.460840583919254,4.301075268817204,0.026603749542268677,0.026371625544732324,0.9912747638385503,0.42781840327096565,0.2928576930161551,0.4302530183827671,0.294524278089572,0,2593.3571888790893,0.031167788126240242
bi9,9.0,10.0,3,3,divides late,seed1,0,a,,,400,,,,,,0.0034577393310729343,0.009104899504706287,1.460840583919254,4.301075268817204,0.026600729883814577,0.026368534953949703,0.9912711068125182,0.427872098015434,0.292894449076371,0.4303067710026216,0.29456107376765367,0,2593.3645646176446,0.031168608423941615
bi9,9.0,10.0,3,3,divides late,seed1,0,a,,,600,,,,,,0.010653943701155145,0.029390554222119572,0.3612831551628263,17.391304347826082,6.304537475038427,5.314903907063033,0.8430283630014647,0.30570457430551257,0.8461633761134945,0.3427475363920981,0.9486950373803772,0,7824.179751833988,0.5283358214914634
bi9,9.0,10.0,3,3,divides late,seed1,0,i,,,50,,,,,,0.012446975828696187,0.011044293764758307,1.398008730847458,4.4943820224719095,0.00011634292822433482,0.0001135789033724909,0.9762424335193431,0.3753441730971418,0.2684848562208994,0.38144019343185276,0.27284535855554193,0,3056.468156812646,9.674055980963498e-05
bi9,9.0,10.0,3,3,divides late,seed1,0,i,,,100,,,,,,0.01244784722878224,0.011045294033872142,1.398008730847458,4.4943820224719095,0.00011640813799424196,0.00011367133619433099,0.976489600752429,0.37540183003536354,0.2685260984084119,0.38143502187726464,0.2728416593264355,0,3056.7398516774183,9.678536479639276e-05
bi9,9.0,10.0,3,3,divides late,seed1,0,i,,,200,,,,,,0.012447847489927383,0.011045294333682886,1.398008730847458,4.4943820224719095,0.0001164081575936741,0.00011367136394073901,0.9764896746971296,0.37540184714390584,0.2685261106462055,0.38143502018841446,0.2728416581183957,0,3056.739933114982,9.678537823291598e-05
bi9,9.0,10.0,3,3,divides late,seed1,0,i,,,400,,,,,,0.012447860025015132,0.011045308559793078,1.398008730847458,4.4943820224719095,0.00011648330880189789,0.00011374030724784754,0.9764515484470369,0.3751596307790419,0.26835285252590957,0.38120311831904896,0.27267577798885967,0,3056.7473573246507,9.678854859873635e-05
bi9,9.0,10.0,3,3,divides late,seed1,0,i,,,600,,,,,,0.03819153093350099,0.03901242769138293,0.3298672286269283,19.047619047619047,4.5556895940489825,2.526863560157122,0.5546610470252231,0.08337762822955823,0.25276117478119137,0.16469986519391888,0.4992913842320189,0,9876.361967810693,0.07133754399943851
bi9,9.0,10.0,3,3,divides late,seed36,1,a,t600,301,600.01,1,301,600.01,5.477225575051661,135,0.31019622454594875,0.7617446225011291,0.39269908169872414,16.0,41.59358575113058,41.5421079286371,0.9987623615140687,0.1670430637808904,0.4253716689590953,0.1673424430947239,0.4261340321215923,0,30366.229081695885,0.4744111165130686
bi9,9.0,10.0,3,3,divides late,seed36,1,i,t600,301,600.01,1,301,600.01,5.477225575051661,132,1.116471883586414,0.16652893658504378,0.39269908169872414,16.0,18.09736878256024,17.739273712225835,0.9802128654923866,0.1331095740617607,0.3389607469565752,0.1376763217276858,0.3505898743947409,0,6440.254180132317,0.6902001700683588
bi9,9.0,10.0,3,3,divides late,seed36,1,a,,,50,,,,,,0.10978341520440786,0.28417405385700395,0.17278759594743864,36.36363636363636,10.269942893871567,5.687286333903968,0.5537797427576515,0.07337789003182889,0.4246710513534211,0.42051252507370257,2.433696254455794,0,10027.115693544263,0.08066646837512616
bi9,9.0,10.0,3,3,divides late,seed36,1,a,,,100,,,,,,0.14914635141504792,0.38767192317995197,0.26703537555513246,23.529411764705877,11.503194884588124,3.9463268445967907,0.34306354749184015,0.043365840459787953,0.16239736165905325,0.4096161836808898,1.5339397741941496,1,14103.945819446453,0.09129451616033075
bi9,9.0,10.0,3,3,divides late,seed36,1,a,,,200,,,,,,0.2182658874651834,0.5514635143443609,0.4555309347705201,13.79310344827586,16.56819875098676,11.150432951924195,0.673002124099948,0.2043148377055746,0.4485202257635938,0.30755177860267524,0.6751501492595857,0,21092.81075727012,0.33395794480896845
bi9,9.0,10.0,3,3,divides late,seed36,1,a,,,400,,,,,,0.2869155024070178,0.7081602454463786,0.4555309347705201,13.79310344827586,32.71493506300836,30.657096131833065,0.937097875107747,0.19443016100690272,0.4268209822124365,0.20377893563602634,0.44734379178591405,0,28482.615186382758,0.43677992687750705
bi9,9.0,10.0,3,3,divides late,seed36,1,a,,,600,,,,,,0.31019622454594875,0.7617446225011291,0.39269908169872414,16.0,41.59358575113058,41.5421079286371,0.9987623615140687,0.1670430637808904,0.4253716689590953,0.1673424430947239,0.4261340321215923,0,30366.229081695885,0.4744111165130686
bi9,9.0,10.0,3,3,divides late,seed36,1,i,,,50,,,,,,0.3943710621910245,0.24921756800932499,0.1413716694115407,44.44444444444444,47.65212225501145,15.407581702620185,0.3233346380706016,0.03981613572685416,0.281641547366518,0.12024068046291664,0.8505288291736119,1,9130.216896318718,0.24884894808235256
bi9,9.0,10.0,3,3,divides late,seed36,1,i,,,100,,,,,,0.5333994343301601,0.30342308543766877,0.26703537555513246,23.529411764705877,16.088670701254394,0.6355720676849614,0.039504324470722586,0.01734476636599367,0.06495306597463395,0.23392364045940217,0.8760024396509443,1,11682.631399493273,0.060594354700422896
bi9,9.0,10.0,3,3,divides late,seed36,1,i,,,200,,,,,,0.782413978597399,0.31133299647866336,0.2356194490192345,26.666666666666664,16.715432449224547,2.209486486892329,0.132182430433909,0.026379948692748845,0.11195997954564162,0.2785484032472246,1.1821961404573422,1,12416.222694731507,0.09016837707955337
bi9,9.0,10.0,3,3,divides late,seed36,1,i,,,400,,,,,,1.0322839564747295,0.2183967149473277,0.1413716694115407,44.44444444444444,14.904315150284745,0.4172870495603256,0.027997733901403272,0.017265950518870102,0.1221316165448112,0.3422867815618224,2.4211836995813267,1,8093.589708939822,0.04419591015488842
bi9,9.0,10.0,3,3,divides late,seed36,1,i,,,600,,,,,,1.116471883586414,0.16652893658504378,0.39269908169872414,16.0,18.09736878256024,17.739273712225835,0.9802128654923866,0.1331095740617607,0.3389607469565752,0.1376763217276858,0.3505898743947409,0,6440.254180132317,0.6902001700683588
bi9,9.0,10.0,3,3,divides late,seed36,2,a,t600,301,600.01,1,301,600.01,5.477225575051661,138,0.3124769485509223,0.7672771701254038,0.4241150082346221,14.814814814814813,46.60375806775828,46.55594572217768,0.9989740667370413,0.14340632713588042,0.33813075310116697,0.14354703980637656,0.3384625326132429,0,31031.453392287614,0.4037158241382547
bi9,9.0,10.0,3,3,divides late,seed36,2,i,t600,301,600.01,1,301,600.01,5.477225575051661,133,1.1247735563254628,0.16207817893122992,0.4241150082346221,14.814814814814813,15.614964328172025,15.258182119614226,0.9771512632972139,0.15178049656637266,0.3578757969404541,0.15399017847492247,0.36308589765758653,0,6155.608437975695,0.7796879766201461
bi9,9.0,10.0,3,3,divides late,seed36,2,a,,,50,,,,,,0.10769487544791437,0.27965136921170425,0.2984513020910303,21.05263157894737,15.547062694733063,7.660559214532011,0.4927335384790857,0.07974956541722339,0.26721131674908577,0.4598768373714478,1.5408773027607072,1,15372.648780710879,0.14218193019578332
bi9,9.0,10.0,3,3,divides late,seed36,2,a,,,100,,,,,,0.14885647651341566,0.3885584213843012,0.2984513020910303,21.05263157894737,15.155026579572064,5.598166662815116,0.3693933912568032,0.05727948849883062,0.1919223943655634,0.45252324999494775,1.5162381494885357,1,19893.35751687476,0.10414220449477705
bi9,9.0,10.0,3,3,divides late,seed36,2,a,,,200,,,,,,0.21252660646843047,0.5354310180273669,0.3612831551628263,17.391304347826082,26.899191611816374,24.309766134901885,0.9037359369648493,0.21661293741434284,0.5995655604721394,0.2331606978093732,0.6453683059324764,0,25204.975605836487,0.4326923421003187
bi9,9.0,10.0,3,3,divides late,seed36,2,a,,,400,,,,,,0.2912134736984308,0.7189903143566405,0.4241150082346221,14.814814814814813,46.9685561897583,46.06902390993018,0.980848202440077,0.12105280025646864,0.285424467199005,0.12533807655793244,0.2955285102492646,0,30198.02763793178,0.3775613819833448
bi9,9.0,10.0,3,3,divides late,seed36,2,a,,,600,,,,,,0.3124769485509223,0.7672771701254038,0.4241150082346221,14.814814814814813,46.60375806775828,46.55594572217768,0.9989740667370413,0.14340632713588042,0.33813075310116697,0.14354703980637656,0.3384625326132429,0,31031.453392287614,0.4037158241382547
bi9,9.0,10.0,3,3,divides late,seed36,2,i,,,50,,,,,,0.38666314991946754,0.24836654027389296,0.26703537555513246,23.529411764705877,17.434012301206522,0.5873506961452115,0.03368993241472956,0.019490128606572017,0.07298706609959271,0.2618041666310278,0.9804100527384072,1,12100.846381874118,0.06339197416819722
bi9,9.0,10.0,3,3,divides late,seed36,2,i,,,100,,,,,,0.5322761979423927,0.3033979351757273,0.26703537555513246,23.529411764705877,17.423966418639562,0.0434714671327292,0.0024949237210549783,0.015994818315795904,0.05989775056036946,0.25492587803974376,0.9546520849898086,1,13179.13362224009,0.058171845312076795
bi9,9.0,10.0,3,3,divides late,seed36,2,i,,,200,,,,,,0.7621177188790692,0.3080033872253997,0.3298672286269283,19.047619047619047,18.63830764316492,8.159463697512987,0.4377792154592556,0.05957574983752125,0.18060523952471785,0.30660634707735973,0.9294841089659256,1,11008.97692374602,0.26040436565548536
bi9,9.0,10.0,3,3,divides late,seed36,2,i,,,400,,,,,,1.0478909229513345,0.20539647959059576,0.4241150082346221,14.814814814814813,15.083047300342729,12.097669357443717,0.8020706370899483,0.1494959447506295,0.3524891641371195,0.16969706779236177,0.40012040247933095,0,7032.45415748916,0.6230530118518647
bi9,9.0,10.0,3,3,divides late,seed36,2,i,,,600,,,,,,1.1247735563254628,0.16207817893122992,0.4241150082346221,14.814814814814813,15.614964328172025,15.258182119614226,0.9771512632972139,0.15178049656637266,0.3578757969404541,0.15399017847492247,0.36308589765758653,0,6155.608437975695,0.7796879766201461
bi9,9.0,10.0,3,3,divides late,seed36,3,a,t600,301,600.01,1,301,600.01,5.477225575051661,135,0.30719617310359876,0.7547213866141116,0.4241150082346221,14.814814814814813,54.7008148838289,54.65906512740528,0.9992367617098157,0.08498230495109589,0.2003756134564409,0.08502564363656445,0.20047779961969167,0,30848.416930723484,0.339459974175692
bi9,9.0,10.0,3,3,divides late,seed36,3,i,t600,301,600.01,1,301,600.01,5.477225575051661,133,1.1056558922016666,0.17818106416632903,0.39269908169872414,16.0,21.050873311429427,20.720536220650356,0.9843076776012083,0.09096395290325157,0.23163780396369363,0.09254913423136418,0.2356744350687512,0,6199.3457410414685,0.6472360894010942
bi9,9.0,10.0,3,3,divides late,seed36,3,a,,,50,,,,,,0.10811435364064027,0.2794209131917294,0.26703537555513246,23.529411764705877,14.381185882569776,12.131776433166952,0.8435866507970567,0.27776667528770455,1.040186809370343,0.2992951926860733,1.1208072790501138,0,11243.53886965234,0.42432826554537806
bi9,9.0,10.0,3,3,divides late,seed36,3,a,,,100,,,,,,0.14956828857461088,0.3872903533749059,0.3298672286269283,19.047619047619047,16.662517688111784,13.814663203395096,0.8290861838515228,0.11135646540611718,0.3375796555166703,0.2489535240281614,0.7547082656995967,0,15913.111287054147,0.20414817083727924
bi9,9.0,10.0,3,3,divides late,seed36,3,a,,,200,,,,,,0.21942467784084557,0.5514385351518185,0.39269908169872414,16.0,25.45593487966727,22.209954018852105,0.8724862836050123,0.14539898115344993,0.3702554651375502,0.16623521259470847,0.4233144928060792,0,24778.588222782273,0.29363773523872705
bi9,9.0,10.0,3,3,divides late,seed36,3,a,,,400,,,,,,0.283402360532199,0.7008401829801534,0.39269908169872414,16.0,45.26720847829186,44.743271710743386,0.9884256885908983,0.08936497466782357,0.22756603932265806,0.09009694768631743,0.22942999330830915,0,30106.422047878354,0.29549084338903947
bi9,9.0,10.0,3,3,divides late,seed36,3,a,,,600,,,,,,0.30719617310359876,0.7547213866141116,0.4241150082346221,14.814814814814813,54.7008148838289,54.65906512740528,0.9992367617098157,0.08498230495109589,0.2003756134564409,0.08502564363656445,0.20047779961969167,0,30848.416930723484,0.339459974175692
bi9,9.0,10.0,3,3,divides late,seed36,3,i,,,50,,,,,,0.3882295117819336,0.24021412938374243,0.1413716694115407,44.44444444444444,54.82998197471225,35.488423470757375,0.6472448502194428,0.0851464345957541,0.6022878201140015,0.1150541711710603,0.813841780676235,0,8994.540487431936,0.38257670406047495
bi9,9.0,10.0,3,3,divides late,seed36,3,i,,,100,,,,,,0.5344322060872455,0.29590285704489083,0.1413716694115407,44.44444444444444,72.96520112773887,48.86591555245439,0.6697153546785366,0.08477033835159233,0.5996274833879284,0.11254526336748039,0.7960948882894984,0,10899.133418524903,0.4164802006233173
bi9,9.0,10.0,3,3,divides late,seed36,3,i,,,200,,,,,,0.7868401893061704,0.30881219122445586,0.1413716694115407,44.44444444444444,52.09768358025584,21.884290487635432,0.42006263971262664,0.06494435253693559,0.45938732142915434,0.13138461988976563,0.9293560756313755,1,10816.48573400427,0.29938222837681244
bi9,9.0,10.0,3,3,divides late,seed36,3,i,,,400,,,,,,1.0195679443841814,0.23443586484093693,0.39269908169872414,16.0,18.77289215878745,15.924856103327134,0.8482899687820786,0.09286478732259401,0.23647823906509463,0.11943025085866338,0.3041266364617817,0,7006.69809609965,0.5272165355734294
bi9,9.0,10.0,3,3,divides late,seed36,3,i,,,600,,,,,,1.1056558922016666,0.17818106416632903,0.39269908169872414,16.0,21.050873311429427,20.720536220650356,0.9843076776012083,0.09096395290325157,0.23163780396369363,0.09254913423136418,0.2356744350687512,0,6199.3457410414685,0.6472360894010942
bi9,9.0,10.0,3,3,divides late,smallpert,1,a,t600,301,600.01,1,301,600.01,5.477225575051661,0,8.638315925743714e-262,0.0,nan,nan,nan,nan,nan,nan,nan,nan,nan,nan,0.0,nan
bi9,9.0,10.0,3,3,divides late,smallpert,1,i,t600,301,600.01,1,301,600.01,5.477225575051661,0,1.5457123531324376e-130,4.426831305053786e-270,0.4241150082346221,14.814814814814813,1.5209118509681026e-274,1.7593423156808518e-275,0.11567681023466163,0.022810578205920695,0.053783944833430165,0.39102084061027237,0.9219688834825626,1,5.8351949981262346e-266,3.3979014619695353e-07
bi9,9.0,10.0,3,3,divides late,smallpert,1,a,,,50,,,,,,1.0016735777003732e-21,9.602614462847235e-46,0.6440264939859076,9.75609756097561,1.4089387493845117e-44,1.1614619139575128e-44,0.8243523108899461,0.09586909841164286,0.1488589356290374,0.4359578837939464,0.6769253871774503,0,3.8085247359260164e-41,0.11773345480638468
bi9,9.0,10.0,3,3,divides late,smallpert,1,a,,,100,,,,,,1.5021012439941751e-43,2.159411789653487e-89,0.6440264939859076,9.75609756097561,3.168386024547751e-88,2.611866341127348e-88,0.8243523108899461,0.09586909841165085,0.1488589356290498,0.43595788379394707,0.6769253871774513,0,8.564514641054396e-85,0.11773345480638467
bi9,9.0,10.0,3,3,divides late,smallpert,1,a,,,200,,,,,,3.3778874993721523e-87,1.0920120209505982e-176,0.6440264939859076,9.75609756097561,1.6022491135760677e-175,1.3208177593978052e-175,0.8243523108899499,0.09586909841165207,0.1488589356290517,0.4359578837939495,0.6769253871774552,0,4.331065055053523e-172,0.11773345480638414
bi9,9.0,10.0,3,3,divides late,smallpert,1,a,,,400,,,,,,1.708193764805301e-174,0.0,nan,nan,nan,nan,nan,nan,nan,nan,nan,nan,0.0,nan
bi9,9.0,10.0,3,3,divides late,smallpert,1,a,,,600,,,,,,8.638315925743714e-262,0.0,nan,nan,nan,nan,nan,nan,nan,nan,nan,nan,0.0,nan
bi9,9.0,10.0,3,3,divides late,smallpert,1,i,,,50,,,,,,8.311657959305518e-11,3.5825333111697443e-28,0.48694686130641796,12.903225806451612,8.325334727439703e-33,9.77529576084905e-34,0.11741624908642267,0.0231107978883705,0.047460615777185834,0.46665801349783,0.958334575246762,1,9.276516991033562e-24,1.346335997625923e-07
bi9,9.0,10.0,3,3,divides late,smallpert,1,i,,,100,,,,,,1.084155036011246e-21,2.0231487698851564e-50,0.48694686130641796,12.903225806451612,4.088431277262371e-55,1.665195573056164e-56,0.0407294500048729,0.01862846611970945,0.03825564471189236,0.46871384807867755,0.9625564621592929,1,4.08873783966961e-46,1.5521875864801237e-07
bi9,9.0,10.0,3,3,divides late,smallpert,1,i,,,200,,,,,,1.8445857478418126e-43,1.7673738685571477e-94,0.6440264939859076,9.75609756097561,4.4184626685696227e-100,5.5386026107212923e-101,0.12535135014537283,0.02002842652092199,0.031098761786902896,0.5998838363931429,0.9314583204185221,1,2.4726704054697088e-90,1.965611318303994e-08
bi9,9.0,10.0,3,3,divides late,smallpert,1,i,,,400,,,,,,5.339661952643749e-87,2.597019702682314e-182,0.5183627878423159,12.12121212121212,2.3930043658162383e-187,1.8930669695098268e-188,0.07910837926382612,0.018963172831592337,0.03658282051944065,0.5020353932304251,0.9685019932085527,1,3.3950162630407935e-178,6.202750381031051e-08
bi9,9.0,10.0,3,3,divides late,smallpert,1,i,,,600,,,,,,1.5457123531324376e-130,4.426831305053786e-270,0.4241150082346221,14.814814814814813,1.5209118509681026e-274,1.7593423156808518e-275,0.11567681023466163,0.022810578205920695,0.053783944833430165,0.39102084061027237,0.9219688834825626,1,5.8351949981262346e-266,3.3979014619695353e-07
bi9,9.0,10.0,3,3,divides late,smallpert,2,a,t600,301,600.01,1,301,600.01,5.477225575051661,0,8.640645657371514e-262,0.0,nan,nan,nan,nan,nan,nan,nan,nan,nan,nan,0.0,nan
bi9,9.0,10.0,3,3,divides late,smallpert,2,i,t600,301,600.01,1,301,600.01,5.477225575051661,0,1.5459737093440802e-130,5.497755552577032e-270,0.26703537555513246,23.529411764705877,1.2861582505380056e-272,1.2737981524327144e-272,0.9903899087844588,0.0393833041182642,0.14748347119325048,0.03976545375608753,0.14891455363702366,0,7.254372474053841e-266,1.1205444089378513e-05
bi9,9.0,10.0,3,3,divides late,smallpert,2,a,,,50,,,,,,1.001943726492656e-21,9.76690384553318e-46,0.7068583470577035,8.88888888888889,1.224627062592736e-44,1.0905273361524268e-44,0.8904974987598281,0.4919606586524428,0.6959819611669412,0.5676884269569803,0.8031148381001403,0,3.8351177366495005e-41,0.48691486181440125
bi9,9.0,10.0,3,3,divides late,smallpert,2,a,,,100,,,,,,1.5025063568432966e-43,2.1963567728410883e-89,0.7068583470577035,8.88888888888889,2.7539105387631587e-88,2.4523504465769357e-88,0.8904974987598325,0.49196065865244626,0.6959819611669461,0.5676884269569843,0.803114838100146,0,8.624316312262507e-85,0.486914861814401
bi9,9.0,10.0,3,3,divides late,smallpert,2,a,,,200,,,,,,3.3787985069585945e-87,1.1106950558159144e-176,0.7068583470577035,8.88888888888889,1.3926493443080266e-175,1.2401507577558076e-175,0.8904974987598248,0.49196065865244165,0.6959819611669396,0.5676884269569755,0.8031148381001335,0,4.361306690365995e-172,0.4869148618143993
bi9,9.0,10.0,3,3,divides late,smallpert,2,a,,,400,,,,,,1.7086544602781783e-174,0.0,nan,nan,nan,nan,nan,nan,nan,nan,nan,nan,0.0,nan
bi9,9.0,10.0,3,3,divides late,smallpert,2,a,,,600,,,,,,8.640645657371514e-262,0.0,nan,nan,nan,nan,nan,nan,nan,nan,nan,nan,0.0,nan
bi9,9.0,10.0,3,3,divides late,smallpert,2,i,,,50,,,,,,8.313063332971784e-11,4.406757396731449e-28,0.26703537555513246,23.529411764705877,1.202208162822996e-30,1.0837050996709089e-30,0.9014288316976479,0.037206923177722416,0.13933331155235135,0.041275497154502044,0.15456939766386965,0,5.927028807638694e-24,1.2802403727158604e-05
bi9,9.0,10.0,3,3,divides late,smallpert,2,i,,,100,,,,,,1.0843383499716158e-21,3.9610130735106883e-50,0.26703537555513246,23.529411764705877,9.94142044495149e-53,9.76020728434458e-53,0.9817719045673262,0.03916598213629529,0.14666963901271213,0.03989315843536584,0.14939278495380268,0,5.4840981240878845e-46,1.1453964558913757e-05
bi9,9.0,10.0,3,3,divides late,smallpert,2,i,,,200,,,,,,1.8448976389528126e-43,4.09865751716333e-94,0.26703537555513246,23.529411764705877,9.765435095954874e-97,9.705671710664484e-97,0.9938801103378235,0.039464882865151756,0.1477889690948598,0.03970789077541503,0.14869899050965588,0,5.5107618506751545e-90,1.1199399292316363e-05
bi9,9.0,10.0,3,3,divides late,smallpert,2,i,,,400,,,,,,5.340564807445009e-87,4.736448539706682e-182,0.26703537555513246,23.529411764705877,1.1104032269229199e-184,1.102813020788049e-184,0.9931644595847363,0.039448382085749155,0.1477271766099941,0.03971988899224538,0.14874392169828735,0,6.256025031055288e-178,1.121769072318689e-05
bi9,9.0,10.0,3,3,divides late,smallpert,2,i,,,600,,,,,,1.5459737093440802e-130,5.497755552577032e-270,0.26703537555513246,23.529411764705877,1.2861582505380056e-272,1.2737981524327144e-272,0.9903899087844588,0.0393833041182642,0.14748347119325048,0.03976545375608753,0.14891455363702366,0,7.254372474053841e-266,1.1205444089378513e-05
bi9,9.0,10.0,3,3,divides late,smallpert,3,a,t600,301,600.01,1,301,600.01,5.477225575051661,0,8.638141464811039e-262,0.0,nan,nan,nan,nan,nan,nan,nan,nan,nan,nan,0.0,nan
bi9,9.0,10.0,3,3,divides late,smallpert,3,i,t600,301,600.01,1,301,600.01,5.477225575051661,0,1.5457439717676357e-130,1.1488024088657728e-270,0.26703537555513246,23.529411764705877,2.4759608765136672e-273,1.966380534730509e-273,0.7941888554795404,0.03476347113337373,0.13018301811550217,0.043772297852735675,0.163919472323615,0,1.5159838041920212e-266,1.034466544036746e-05
bi9,9.0,10.0,3,3,divides late,smallpert,3,a,,,50,,,,,,1.0016533477263708e-21,9.830386332406955e-46,0.6440264939859076,9.75609756097561,1.3434561042777858e-44,1.196863938316305e-44,0.890884290528952,0.3550752863952035,0.5513364585323616,0.36825932961323316,0.5718077331478405,0,3.8266165951915136e-41,0.40693524327122915
bi9,9.0,10.0,3,3,divides late,smallpert,3,a,,,100,,,,,,1.5020709072958819e-43,2.2106325548296452e-89,0.6440264939859076,9.75609756097561,3.02113029913234e-88,2.6914775231380603e-88,0.8908842905289603,0.35507528639520364,0.5513364585323617,0.3682593296132325,0.5718077331478395,0,8.60519915915706e-85,0.40693524327123043
bi9,9.0,10.0,3,3,divides late,smallpert,3,a,,,200,,,,,,3.3778192789680046e-87,1.1179143021007947e-176,0.6440264939859076,9.75609756097561,1.5277820651521172e-175,1.3610770411959118e-175,0.890884290528959,0.35507528639520197,0.5513364585323591,0.36825932961323127,0.5718077331478375,0,4.3516391683595495e-172,0.40693524327123
bi9,9.0,10.0,3,3,divides late,smallpert,3,a,,,400,,,,,,1.708159265826569e-174,0.0,nan,nan,nan,nan,nan,nan,nan,nan,nan,nan,0.0,nan
bi9,9.0,10.0,3,3,divides late,smallpert,3,a,,,600,,,,,,8.638141464811039e-262,0.0,nan,nan,nan,nan,nan,nan,nan,nan,nan,nan,0.0,nan
bi9,9.0,10.0,3,3,divides late,smallpert,3,i,,,50,,,,,,8.311827980124964e-11,1.2559001589126775e-28,0.26703537555513246,23.529411764705877,1.9152506287698153e-31,1.2105777986359703e-31,0.6320727848623846,0.031150077223304012,0.11665150041842576,0.04928242121686352,0.18455390456942888,0,5.054881966510976e-24,1.6671215712686192e-06
bi9,9.0,10.0,3,3,divides late,smallpert,3,i,,,100,,,,,,1.0841772131663373e-21,8.422721154627844e-51,0.26703537555513246,23.529411764705877,2.128491570121613e-53,1.954699557983046e-53,0.9183496826681643,0.037728394488724094,0.1412861288894461,0.04108281975892708,0.1538478550773325,0,1.8051331786859827e-46,7.465662380117766e-06
bi9,9.0,10.0,3,3,divides late,smallpert,3,i,,,200,,,,,,1.8446234801428676e-43,7.973124020076477e-95,0.26703537555513246,23.529411764705877,1.9091095240798197e-97,1.756762283634151e-97,0.9201998426365301,0.037734811421026825,0.14131015915992767,0.04100719177794043,0.15356464173591874,0,1.1532807214747712e-90,1.047050803168638e-05
bi9,9.0,10.0,3,3,divides late,smallpert,3,i,,,400,,,,,,5.339771179190991e-87,9.37201339318152e-183,0.26703537555513246,23.529411764705877,2.0892594251412025e-185,1.8174269493824732e-185,0.8698905112081247,0.03654995078940398,0.136873066774098,0.042016725459670196,0.1573451658692141,0,1.2407243700066192e-178,1.0656724535000683e-05
bi9,9.0,10.0,3,3,divides late,smallpert,3,i,,,600,,,,,,1.5457439717676357e-130,1.1488024088657728e-270,0.26703537555513246,23.529411764705877,2.4759608765136672e-273,1.966380534730509e-273,0.7941888554795404,0.03476347113337373,0.13018301811550217,0.043772297852735675,0.163919472323615,0,1.5159838041920212e-266,1.034466544036746e-05
