set,b_i,anchor,condition,replicate,channel,t,field_mean,field_var,fft_peak_k,fft_peak_wavelength,fft_peak_power,fft_peak_prominence,fft_peak_prominence_rel,fft_peak_width_k,fft_peak_width_rel,fft_peak_fwhm_k,fft_peak_fwhm_rel,fft_peak_fwhm_border,fft_total_power,fft_power_in_band
bi13.5,13.5,below the Turing sliver,nucl,1,a,50,1.6463583607820853,5.031959573633765,0.39269908169872414,16.0,329.0954243086807,326.42495440848495,0.9918854237921857,0.15471801039857105,0.39398617824441357,0.15572068146370605,0.39653945914539673,0,195338.61840437952,0.4975326416703733
bi13.5,13.5,below the Turing sliver,nucl,1,a,100,1.6621942699125807,5.110675447387199,0.39269908169872414,16.0,378.38651172512715,376.9551993679645,0.9962173272227991,0.15024156798720517,0.38258701124865224,0.15064959050642174,0.38362603206187024,0,198463.89716986625,0.5382305985858287
bi13.5,13.5,below the Turing sliver,nucl,1,a,200,1.6622035709219294,5.1149527340898775,0.39269908169872414,16.0,484.7272883033436,483.3688418363744,0.997197503627815,0.13207741223118227,0.33633236843805786,0.13235747407887455,0.3370455400769647,0,199023.16794738363,0.5809020552988657
bi13.5,13.5,below the Turing sliver,nucl,1,a,400,1.6673874907997632,5.14408884372378,0.39269908169872414,16.0,522.9285281623442,521.0765373289679,0.9964584245577796,0.12829538520150516,0.3267015156911735,0.12870793726495416,0.3277520708940643,0,199283.2079608427,0.6002149335184009
bi13.5,13.5,below the Turing sliver,nucl,1,a,600,1.6838949288605014,5.167849058932531,0.39269908169872414,16.0,533.0022744087247,531.8403194290692,0.9978199811981205,0.12575965220638805,0.32024432464262786,0.12599227685136954,0.3208366984367687,0,200506.80823767482,0.5955679182510302
bi13.5,13.5,below the Turing sliver,nucl,1,i,50,8.551186211001873,1.6236881467599606,0.26703537555513246,23.529411764705877,127.68287225780519,100.50916284157104,0.787178116095575,0.24505565694156545,0.9176898619972205,0.3002114411787523,1.1242384667374166,0,55618.59225940547,0.8045484581456033
bi13.5,13.5,below the Turing sliver,nucl,1,i,100,8.615063636016846,1.7164078686551711,0.3298672286269283,19.047619047619047,142.79420784057578,126.89483929470133,0.8886553678449935,0.22320379004658442,0.6766473619573238,0.23494994960195215,0.7122561115874737,0,57641.755459293905,0.8377933638646993
bi13.5,13.5,below the Turing sliver,nucl,1,i,200,8.638555118250848,1.6784475443144384,0.3298672286269283,19.047619047619047,160.802801766438,152.44763268640907,0.9480408986146609,0.16775223148628837,0.5085447020140701,0.17399703444017395,0.5274759640854179,0,56183.60678051463,0.7777114949947824
bi13.5,13.5,below the Turing sliver,nucl,1,i,400,8.641580362129211,1.6881787945894158,0.3298672286269283,19.047619047619047,156.7054209701282,141.05643562563998,0.9001375622642226,0.1552240957096582,0.4705653736983155,0.16620931024023378,0.5038673011929063,0,55363.737205519436,0.8153427370480198
bi13.5,13.5,below the Turing sliver,nucl,1,i,600,8.705609605443478,1.6935157138916248,0.39269908169872414,16.0,154.3924315310217,142.3939049104052,0.9222855259054219,0.15361125467776818,0.39116784794423737,0.1622045424672484,0.4130504756099495,0,53977.332505403,0.8103834940644014
bi13.5,13.5,below the Turing sliver,nucl,2,a,50,1.6347791797482984,5.0382517054371725,0.39269908169872414,16.0,296.1379962668412,292.41866135987027,0.9874405346363607,0.17342274664236793,0.4416173979633,0.17771675266728343,0.45255199451580697,0,196875.4089359093,0.48305505976583685
bi13.5,13.5,below the Turing sliver,nucl,2,a,100,1.654716985801899,5.100486029873842,0.39269908169872414,16.0,365.61542299398667,362.9833735783176,0.9928010438013924,0.13882539199291466,0.35351595779747835,0.13989833929907375,0.35624819567671595,0,199554.70876163518,0.498770474591254
bi13.5,13.5,below the Turing sliver,nucl,2,a,200,1.667615328321845,5.133420729017845,0.39269908169872414,16.0,506.5097013456584,504.90359833995143,0.9968290775054456,0.10640590686162965,0.2709604168192669,0.10681118276244772,0.2719924434261664,0,199867.0033421779,0.48466872225368274
bi13.5,13.5,below the Turing sliver,nucl,2,a,400,1.6591075109439815,5.109771336456571,0.39269908169872414,16.0,543.2950383515786,541.9867438902676,0.9975919263586862,0.11107213434598748,0.28284286753489585,0.1113536761497198,0.283559807850912,0,200751.36418043438,0.5288777482821256
bi13.5,13.5,below the Turing sliver,nucl,2,a,600,1.6796119031602939,5.163236186752744,0.39269908169872414,16.0,574.4230677823349,572.0082790569504,0.9957961494570418,0.10827158064092414,0.2757113160860134,0.10864713115213032,0.27666764760983986,0,202305.49746264063,0.5637955377930051
bi13.5,13.5,below the Turing sliver,nucl,2,i,50,8.462743008422851,1.558794091514054,0.2356194490192345,26.666666666666664,183.88984958636502,143.3412651637564,0.7794952548288168,0.11116199367777038,0.47178615407379126,0.2038248201062125,0.8650594038592014,0,59116.7856312987,0.41105063877500614
bi13.5,13.5,below the Turing sliver,nucl,2,i,100,8.569484324371814,1.5780026923065364,0.3612831551628263,17.391304347826082,141.2353922314361,115.47892692838275,0.817634483141114,0.20445620136215412,0.5659167842187605,0.22102842153932867,0.611787232204927,0,58411.78607509621,0.7582793807212428
bi13.5,13.5,below the Turing sliver,nucl,2,i,200,8.641011528003215,1.5766978355815287,0.3612831551628263,17.391304347826082,153.11965002760914,143.8985347954622,0.9397783678940994,0.1581922097911202,0.4378621242936852,0.1627297085869333,0.45042152190459267,0,55112.56165146634,0.7893713980370582
bi13.5,13.5,below the Turing sliver,nucl,2,i,400,8.643088137078285,1.6326427090119873,0.3612831551628263,17.391304347826082,166.77685213376512,150.00148091313378,0.8994142711892866,0.15360259126243694,0.4251584638459271,0.16070689264570587,0.4448225452783069,0,58406.80202823617,0.8219779421725585
bi13.5,13.5,below the Turing sliver,nucl,2,i,600,8.702242773556708,1.6189619695811737,0.3612831551628263,17.391304347826082,183.78184980008035,168.061191554699,0.9144602241054683,0.11733376617038714,0.3247695456974907,0.1273968335343349,0.3526232311520823,0,57444.91769999401,0.7743658023393385
bi13.5,13.5,below the Turing sliver,nucl,3,a,50,1.6370229801898313,5.048520740341163,0.4241150082346221,14.814814814814813,275.30557779649473,271.7801818602963,0.9871946076631822,0.21460163141570082,0.5059986731169446,0.21740505095405088,0.5126087187034455,0,196521.9770518621,0.5469715767334383
bi13.5,13.5,below the Turing sliver,nucl,3,a,100,1.651473416649897,5.061377101060012,0.4241150082346221,14.814814814814813,360.66520348572135,358.1505089863428,0.9930276209762551,0.16644980992500039,0.39246385224104047,0.16754389959516636,0.3950435526735248,0,197385.18700185948,0.5358422796271862
bi13.5,13.5,below the Turing sliver,nucl,3,a,200,1.6567914698027184,5.100645515737032,0.4241150082346221,14.814814814814813,410.87477848447816,410.0385315168265,0.9979647157444509,0.14876421091399392,0.350763844772258,0.14901017988674764,0.3513438029627912,0,197409.66415636375,0.6065909625829405
bi13.5,13.5,below the Turing sliver,nucl,3,a,400,1.6598212966896801,5.127346517215685,0.39269908169872414,16.0,437.55669642089697,436.3859606694092,0.9973243793065811,0.15074416958884312,0.38386687571755757,0.15100222394433027,0.3845240057377523,0,199253.24136571452,0.6534038689016706
bi13.5,13.5,below the Turing sliver,nucl,3,a,600,1.6593449675664291,5.1181858341483455,0.39269908169872414,16.0,437.3805830031037,436.0611578928255,0.9969833477718218,0.1534548684726581,0.390769613743043,0.15371457096709312,0.39143094071460505,0,198370.47367370522,0.6766619892260477
bi13.5,13.5,below the Turing sliver,nucl,3,i,50,8.469800017857551,1.4320964850018423,0.3298672286269283,19.047619047619047,103.85724030145713,67.99124146864588,0.6546605828471254,0.16792838790032963,0.5090787241864893,0.31473637944311916,0.954130486842263,0,48614.3554763196,0.526669595026456
bi13.5,13.5,below the Turing sliver,nucl,3,i,100,8.555279967975617,1.4651378185534982,0.3298672286269283,19.047619047619047,114.14879787306145,98.8044885212811,0.8655762510189209,0.2118152332827745,0.642122693316505,0.232856879059645,0.7059109206722696,0,50444.64936792239,0.7448856820638068
bi13.5,13.5,below the Turing sliver,nucl,3,i,200,8.58056526477337,1.5091931044756663,0.39269908169872414,16.0,116.06216765855775,106.7896713660132,0.9201075037662295,0.189223060582954,0.4818525670200689,0.196521608685708,0.5004381671472253,0,47599.967742818684,0.8199031262278195
bi13.5,13.5,below the Turing sliver,nucl,3,i,400,8.608622710335254,1.4615234715348415,0.39269908169872414,16.0,126.1145582686739,112.2822655095332,0.8903196193283852,0.13882419002436128,0.35351289700969096,0.14817545425316286,0.37732569582844605,0,46885.24957434716,0.7824988009997025
bi13.5,13.5,below the Turing sliver,nucl,3,i,600,8.59520838779211,1.4195052604308755,0.39269908169872414,16.0,126.88080743856726,115.4535744751395,0.9099372616385614,0.14028645079734972,0.35723651349145874,0.14822448467853883,0.37745055078141376,0,45466.621341176855,0.8069179685504353
bi13.5,13.5,below the Turing sliver,random,1,a,50,1.629013536102169,5.036437559848302,0.2984513020910303,21.05263157894737,305.80721153297327,296.58716241389226,0.9698501252705518,0.23622948734318136,0.7915176971522451,0.24447617378600295,0.8191492952891709,0,198618.1776240532,0.5935941598747211
bi13.5,13.5,below the Turing sliver,random,1,a,100,1.6081283317640784,5.04433040710051,0.2984513020910303,21.05263157894737,391.1877960885827,381.1405678993547,0.9743161001194608,0.16765136978320974,0.5617377729921064,0.1702289885457465,0.5703744207281934,0,198936.78638817876,0.5280876222402452
bi13.5,13.5,below the Turing sliver,random,1,a,200,1.5955630825443508,5.0469919744588205,0.2984513020910303,21.05263157894737,456.8046083271466,445.3845390767574,0.9750001006071056,0.15864193499665585,0.5315504870817037,0.1611643573163641,0.540002191939533,0,198475.64528110065,0.5196350165749686
bi13.5,13.5,below the Turing sliver,random,1,a,400,1.58555900114579,5.046528718910544,0.2984513020910303,21.05263157894737,496.1924223673662,480.22045556845626,0.9678109417255777,0.14991947744399692,0.502324755809811,0.15329548127180276,0.5136364968012311,0,198503.83542124665,0.5428893127735145
bi13.5,13.5,below the Turing sliver,random,1,a,600,1.5815233638355843,5.047586263807387,0.2984513020910303,21.05263157894737,509.5319967686847,493.3923194060862,0.9683245066748467,0.14098120092005584,0.4723758949359695,0.14730926011714776,0.4935788823337655,0,198654.37565761572,0.5494331749014446
bi13.5,13.5,below the Turing sliver,random,1,i,50,8.802289047574996,1.9641828213502532,0.26703537555513246,23.529411764705877,250.57525543618075,113.604963797517,0.45337662571574694,0.07754446164474592,0.2903902207096752,0.24589321390622326,0.920826363904193,1,82586.09546328345,0.3816480392251625
bi13.5,13.5,below the Turing sliver,random,1,i,100,8.685032516539097,2.2715801260679576,0.2984513020910303,21.05263157894737,312.8214997070187,157.52789494766145,0.5035711902640911,0.0714824284137523,0.2395111963423417,0.21465095916428864,0.7192160250613286,0,92880.17378717152,0.4129660884658912
bi13.5,13.5,below the Turing sliver,random,1,i,200,8.616598656713963,2.48931987532236,0.2984513020910303,21.05263157894737,364.314008793006,177.51567031251562,0.48726007243211866,0.07688115613355408,0.25760033745841937,0.24648119230245702,0.8258673712446328,1,104890.19967993388,0.4347660485694396
bi13.5,13.5,below the Turing sliver,random,1,i,400,8.561759994196892,2.6342798139202976,0.26703537555513246,23.529411764705877,392.80728382474757,192.4855060257395,0.4900252972692269,0.07750053821346911,0.2902257352695514,0.2479059588327403,0.9283637357686242,1,113342.29878927235,0.4363827261772543
bi13.5,13.5,below the Turing sliver,random,1,i,600,8.54029976001978,2.67456803063461,0.26703537555513246,23.529411764705877,416.8652354716354,213.96289206545023,0.5132663361178958,0.0780825572430354,0.2924052930467049,0.12007560021881436,0.44966177222471937,0,114711.3851489549,0.4515496608393409
bi13.5,13.5,below the Turing sliver,random,2,a,50,1.601226604889541,5.0064383829011065,0.2984513020910303,21.05263157894737,337.8096033166747,331.63258550992447,0.981714499096227,0.18801406166956255,0.6299656270630596,0.1919777280209916,0.6432464079598376,0,199437.03592461947,0.4726238531744181
bi13.5,13.5,below the Turing sliver,random,2,a,100,1.5693142426824171,4.997956059547566,0.2984513020910303,21.05263157894737,417.5830278263594,409.52075380518653,0.980693003585085,0.16568297208125177,0.5551423998502676,0.16828473400236288,0.5638599423869645,0,198515.6890201958,0.4836821514425111
bi13.5,13.5,below the Turing sliver,random,2,a,200,1.5588080758427754,4.998602549081549,0.2984513020910303,21.05263157894737,418.6295129604804,409.8509617127182,0.9790302618998796,0.1797391086110067,0.6022393179446899,0.18270387170593141,0.6121731432426624,0,198125.9327122048,0.5120077201671793
bi13.5,13.5,below the Turing sliver,random,2,a,400,1.5533261749058696,5.000422977846069,0.2984513020910303,21.05263157894737,424.9324681143483,415.31959279312633,0.9773778752094906,0.17944917286421697,0.6012678504229925,0.1824854563878379,0.6114413142422083,0,197826.71387796296,0.5265357255836063
bi13.5,13.5,below the Turing sliver,random,2,a,600,1.5515668725428555,5.000149005026768,0.2984513020910303,21.05263157894737,431.5657597744829,421.90458459555947,0.9776136661444783,0.1817067753311656,0.6088322418367048,0.18466375290116113,0.6187399807183185,0,197836.01941335818,0.5304160775712436
bi13.5,13.5,below the Turing sliver,random,2,i,50,8.64980996774435,2.251969120017987,0.20420352248333656,30.769230769230766,364.8376004026375,272.247148064671,0.7462146110056009,0.15599087637782996,0.7638990477774895,0.18434299531312642,0.9027415054907743,0,97015.92491988785,0.6734256493232825
bi13.5,13.5,below the Turing sliver,random,2,i,100,8.475348675966263,2.5253112026010944,0.20420352248333656,30.769230769230766,386.03903765514326,261.69273954685207,0.6778919073480534,0.15774812501723065,0.7725044264606319,0.19016387636734136,0.9312467975808749,0,108621.62226714019,0.6865723672957303
bi13.5,13.5,below the Turing sliver,random,2,i,200,8.417312760388851,2.6697677418387267,0.20420352248333656,30.769230769230766,412.1488691469515,285.5089550680695,0.6927325935868852,0.15430092321972214,0.7556232201249781,0.18551859401358597,0.9084985006990988,0,113699.0965568014,0.692228808303754
bi13.5,13.5,below the Turing sliver,random,2,i,400,8.38808904234171,2.748054459309904,0.20420352248333656,30.769230769230766,414.69788780993747,270.49830194385424,0.6522779833106549,0.14495252130879577,0.709843393228558,0.17852928779692914,0.8742713427555957,0,114729.79926955022,0.6464162211600674
bi13.5,13.5,below the Turing sliver,random,2,i,600,8.37859340119362,2.7733276931898403,0.20420352248333656,30.769230769230766,435.5536218573431,281.6866756726558,0.64673248375585,0.13919542065089768,0.6816504385337248,0.17447018516269158,0.8543936120246345,0,116860.14143332298,0.6518080601874404
bi13.5,13.5,below the Turing sliver,random,3,a,50,1.6094542190234526,5.019204918279883,0.3298672286269283,19.047619047619047,274.105818146185,268.2396157968463,0.9785987674796083,0.244738506149488,0.7419303432117569,0.24807180851077998,0.7520353250711761,0,199862.30756642498,0.5021302181389748
bi13.5,13.5,below the Turing sliver,random,3,a,100,1.5866889702621734,5.014740570773806,0.3298672286269283,19.047619047619047,345.8571267069208,339.07742228593156,0.9803973840714454,0.19389315024855494,0.5877914913088966,0.21164358857725654,0.6416023484910052,0,199296.93609370186,0.4998224069808322
bi13.5,13.5,below the Turing sliver,random,3,a,200,1.57212168742913,5.01339956787054,0.2984513020910303,21.05263157894737,414.11386006618943,406.43788183595893,0.9814640876086503,0.13545518877592022,0.4538602707607058,0.13786341818023093,0.46192935736692264,0,198926.9751974602,0.41386633200654543
bi13.5,13.5,below the Turing sliver,random,3,a,400,1.5651269509200791,5.012004826240182,0.2984513020910303,21.05263157894737,438.4733323308597,429.6710871949652,0.9799252440528069,0.1251445619591029,0.4193131713023409,0.12773869666155133,0.42800515784846493,0,198498.3568050129,0.4265357016964369
bi13.5,13.5,below the Turing sliver,random,3,a,600,1.5627872580199516,5.0112620173705835,0.2984513020910303,21.05263157894737,451.7684874437233,442.53881750115085,0.9795699120255212,0.11985704942205457,0.4015966711564123,0.12263202193628045,0.41089457836869003,0,198501.33917297586,0.432000982901917
bi13.5,13.5,below the Turing sliver,random,3,i,50,8.697578079283238,2.122686429296696,0.20420352248333656,30.769230769230766,325.55771466674554,251.6358265984275,0.7729376858908487,0.12707500847162848,0.6222958689755123,0.19276488029763456,0.9439841093503398,0,86584.31882709338,0.5041798914637917
bi13.5,13.5,below the Turing sliver,random,3,i,100,8.569733692884444,2.414134217841,0.20420352248333656,30.769230769230766,399.9454903968424,315.5391317410533,0.7889553434593359,0.17185354348762272,0.8415797210434817,0.20591154736642137,1.0083643262482125,0,103961.73274240759,0.6645050111638161
bi13.5,13.5,below the Turing sliver,random,3,i,200,8.490128246188164,2.6076896794750146,0.20420352248333656,30.769230769230766,460.92692484463316,369.16228988114324,0.8009128345140144,0.1825867517729533,0.8941410488541047,0.21358850369252047,1.0459589584697284,0,116811.32108400445,0.6913231727382475
bi13.5,13.5,below the Turing sliver,random,3,i,400,8.45177864575386,2.66738587229146,0.20420352248333656,30.769230769230766,486.017252040493,378.61737807031034,0.779020449337394,0.17206212039951818,0.8426011378601895,0.20688399922766187,1.0131264961139153,0,119181.98915297784,0.6970971521289769
bi13.5,13.5,below the Turing sliver,random,3,i,600,8.439145841419696,2.701586126249406,0.20420352248333656,30.769230769230766,494.1155456349865,382.3650531921461,0.7738373272607115,0.175221712572929,0.8580738982464294,0.2078863688722682,1.0180351756137418,0,121004.17491179131,0.7007526613228233
bi13.5,13.5,below the Turing sliver,seed144,1,a,50,1.224287767263411,4.373975361885244,0.2356194490192345,26.666666666666664,385.1068361299326,315.4769753114923,0.8191933918437437,0.17548167768071324,0.7447673713318462,0.198366308414286,0.8418927607206679,0,175871.2138021267,0.478044434545426
bi13.5,13.5,below the Turing sliver,seed144,1,a,100,1.2611795802569512,4.473355578081008,0.2356194490192345,26.666666666666664,383.4212467834973,346.5120378138532,0.9037371838955883,0.19078619208230282,0.8097217478287551,0.2014766473859536,0.8550934493081949,0,179344.49722178007,0.5200723378556411
bi13.5,13.5,below the Turing sliver,seed144,1,a,200,1.2851982043039267,4.537063881917545,0.2356194490192345,26.666666666666664,390.4718939787036,367.1130051405671,0.9401777971773547,0.19212748989666756,0.8154143925571419,0.199156910651284,0.845248180828341,0,180276.185253463,0.5929342631210515
bi13.5,13.5,below the Turing sliver,seed144,1,a,400,1.2868025326599162,4.544414002454339,0.2356194490192345,26.666666666666664,387.36726597611784,366.0498310728507,0.9449684142785018,0.19406454413635804,0.8236355060847113,0.20048927567398067,0.8509029136114056,0,180148.53649311612,0.5951911514798002
bi13.5,13.5,below the Turing sliver,seed144,1,a,600,1.2867853634550261,4.5454383325658885,0.2356194490192345,26.666666666666664,389.3018702891805,368.50512537527607,0.9465793860726736,0.1937468424354766,0.8222871381880716,0.20002297966314644,0.8489238918762508,0,180244.45923138183,0.5959627824782379
bi13.5,13.5,below the Turing sliver,seed144,1,i,50,6.602995540356636,4.332435582230339,0.1413716694115407,44.44444444444444,1006.4884605692558,16.654007075255663,0.01654664482276964,0.016194355727667573,0.1145516339665263,0.09222708485010761,0.6523731751489013,1,172834.0899007218,0.1397624916909477
bi13.5,13.5,below the Turing sliver,seed144,1,i,100,6.808389385482669,3.858469073120538,0.1413716694115407,44.44444444444444,780.6416961590736,281.58464092547473,0.3607091989973534,0.05600145076936413,0.3961292315671878,0.18802663885455623,1.3300164002958779,1,158222.40458393545,0.2002515271488358
bi13.5,13.5,below the Turing sliver,seed144,1,i,200,6.940039946818351,3.5050834766890184,0.20420352248333656,30.769230769230766,716.6748482780553,408.95778028665615,0.5706322487376994,0.07224948997133401,0.35381118353249624,0.19462262606858233,0.9530816300412445,0,148205.67495334195,0.5442045393216854
bi13.5,13.5,below the Turing sliver,seed144,1,i,400,6.948699001955986,3.4090332656333806,0.20420352248333656,30.769230769230766,714.6033142967872,434.7447414862567,0.6083721314867842,0.0761595978098669,0.3729592755486463,0.19240770697234888,0.9422350047269619,0,145703.3377022294,0.553755141807178
bi13.5,13.5,below the Turing sliver,seed144,1,i,600,6.948340608614683,3.3947970860766827,0.20420352248333656,30.769230769230766,710.7425141087641,440.8124023176794,0.6202139221549682,0.07764412603227226,0.3802291218488074,0.19222888203899152,0.9413592855856725,0,145380.7457239966,0.5540188878265332
bi13.5,13.5,below the Turing sliver,seed144,2,a,50,1.2330386257214967,4.400495085699645,0.2356194490192345,26.666666666666664,337.60112356938595,324.09458678557894,0.9599926189788552,0.1595255793029609,0.67704758655105,0.16465537239646286,0.6988191046275701,0,173869.28629855934,0.3715159498148089
bi13.5,13.5,below the Turing sliver,seed144,2,a,100,1.259941345771198,4.47380064186333,0.2356194490192345,26.666666666666664,350.86905874585455,343.6795777567482,0.9795095041586043,0.16119245675134558,0.6841220341627521,0.1634517936901165,0.6937109579471655,0,176720.90714696897,0.3805300595165215
bi13.5,13.5,below the Turing sliver,seed144,2,a,200,1.2740691952290215,4.509763044358969,0.2356194490192345,26.666666666666664,346.5196825594209,341.16477202007695,0.9845465905434514,0.16429980878635306,0.6973100457973681,0.16584619831814196,0.7038731268088285,0,177516.13751231832,0.4382431854563535
bi13.5,13.5,below the Turing sliver,seed144,2,a,400,1.2799396107416277,4.524377402470252,0.2356194490192345,26.666666666666664,340.2588636250908,336.1902645226616,0.9880426359534542,0.1679220927255102,0.7126834963093479,0.16912028592721343,0.7177687861981525,0,178005.07038960035,0.44041302624328066
bi13.5,13.5,below the Turing sliver,seed144,2,a,600,1.2802678312083673,4.525519593859481,0.2356194490192345,26.666666666666664,340.3543661867865,336.2701867079218,0.9880002142337048,0.16775735722971022,0.7119843371504343,0.16896821118011654,0.7171233609256213,0,177987.2157350621,0.44016158293040064
bi13.5,13.5,below the Turing sliver,seed144,2,i,50,6.650122325611115,3.8165547450345825,0.20420352248333656,30.769230769230766,746.2237960065947,523.6908651462345,0.7017879461212014,0.0747104852433814,0.3658628623777924,0.10673099019006979,0.5226696821489907,0,127723.0205686191,0.48860856513049566
bi13.5,13.5,below the Turing sliver,seed144,2,i,100,6.8014093113571406,3.544319060853609,0.20420352248333656,30.769230769230766,716.6723725210622,603.2516184623693,0.8417397427227326,0.08408684131511325,0.4117795829010487,0.09991012753184514,0.489267404973379,0,120317.93552996196,0.6177318663822202
bi13.5,13.5,below the Turing sliver,seed144,2,i,200,6.879482144084573,3.3611746624151477,0.20420352248333656,30.769230769230766,690.8159695440366,610.9209228150147,0.8843468445268347,0.08857924108053594,0.4337792022552608,0.10039107027027497,0.4916226177169255,0,116722.41160679793,0.6211476927447104
bi13.5,13.5,below the Turing sliver,seed144,2,i,400,6.911748099011183,3.2453027325658095,0.20420352248333656,30.769230769230766,679.9090768638284,622.0137714987343,0.9148484593967418,0.09066316607328832,0.4439843395977003,0.0995459096565258,0.4874838026589328,0,114626.73207609085,0.6214037902984598
bi13.5,13.5,below the Turing sliver,seed144,2,i,600,6.91344396443367,3.2258395626424057,0.20420352248333656,30.769230769230766,677.3253717810944,618.7084415269126,0.913458239280122,0.09064142407566489,0.4438778674009476,0.099652506170235,0.48800581379964614,0,114497.29570202254,0.6205163879574515
bi13.5,13.5,below the Turing sliver,seed144,3,a,50,1.237095900268196,4.4225719550310645,0.2984513020910303,21.05263157894737,291.67612114334213,225.1017790449955,0.771752511527575,0.2437477094000556,0.8167084803862252,0.2733660478981644,0.9159485851892356,0,174106.69634427188,0.5106154018159431
bi13.5,13.5,below the Turing sliver,seed144,3,a,100,1.2622589878621286,4.488292209184487,0.26703537555513246,23.529411764705877,339.7275578539306,296.56557718980724,0.8729511937836927,0.18815443797644424,0.7046049145559654,0.202623008238492,0.7587871375366078,0,178091.06719547702,0.4931886870479034
bi13.5,13.5,below the Turing sliver,seed144,3,a,200,1.280049764734845,4.532676655549666,0.26703537555513246,23.529411764705877,360.1795466278961,340.0291880477396,0.9440546839241429,0.19594518313846848,0.733779869918446,0.20166558565830764,0.7552017602127457,0,181395.06466005743,0.5135780107738283
bi13.5,13.5,below the Turing sliver,seed144,3,a,400,1.2866650645970772,4.549055373994641,0.26703537555513246,23.529411764705877,371.6329861781657,356.60075994715777,0.9595508827523688,0.1944481620984909,0.7281737923084459,0.1987000795992449,0.7440964673170092,0,182307.2804692931,0.5171517119154093
bi13.5,13.5,below the Turing sliver,seed144,3,a,600,1.2868625077833555,4.5500439145535765,0.26703537555513246,23.529411764705877,371.2524615143064,356.2978608718231,0.9597185145076621,0.19435105803335145,0.727810154850534,0.1985638312082754,0.7435862413191007,0,182304.86879450074,0.5171016883552575
bi13.5,13.5,below the Turing sliver,seed144,3,i,50,6.672976990199089,4.115747078105205,0.1413716694115407,44.44444444444444,1544.2176420903224,687.3093284018815,0.4450857895079535,0.049640150062433476,0.3511322337004331,0.09326471396965824,0.6597128997476823,1,183431.11801581783,0.3257564789646908
bi13.5,13.5,below the Turing sliver,seed144,3,i,100,6.814666068691015,3.846501133068229,0.1413716694115407,44.44444444444444,1090.449272597147,525.9992222634579,0.4823692724473776,0.05224785362767398,0.3695779631460502,0.1415797003146924,1.001471517624554,1,164553.64194226303,0.36848846228023385
bi13.5,13.5,below the Turing sliver,seed144,3,i,200,6.911956476718188,3.6465565094767625,0.1413716694115407,44.44444444444444,785.017541544718,513.8867234267384,0.6546181406539502,0.11608650074163865,0.821144018634345,0.1711752185681777,1.2108169853316029,0,150978.7714791205,0.5876820472646695
bi13.5,13.5,below the Turing sliver,seed144,3,i,400,6.948002332687378,3.5580194805510836,0.1413716694115407,44.44444444444444,746.5716760761512,544.1411020880358,0.7288531289426158,0.12738934868656301,0.9010953129210466,0.1687644103874626,1.1937640058290613,0,146758.14260921668,0.5730509091782732
bi13.5,13.5,below the Turing sliver,seed144,3,i,600,6.948905454874039,3.537145772849275,0.1413716694115407,44.44444444444444,740.35903553586,538.3273864260602,0.7271166563617711,0.12807368072306485,0.9059359718688427,0.1686114741386074,1.1926822031631397,0,146047.7223928034,0.5703087755956187
bi13.5,13.5,below the Turing sliver,seed1,0,a,50,0.04195413668931244,0.20253295932009538,0.5497787143782138,11.428571428571429,7.7437712001900225,7.471636385906093,0.9648575858908058,0.16302366311864547,0.29652596372891815,0.16711002549918608,0.3039587039818073,0,55584.147221358886,0.06117610216031473
bi13.5,13.5,below the Turing sliver,seed1,0,a,100,0.04951383881437245,0.24067162220910424,0.48694686130641796,12.903225806451612,10.779028192227393,10.260861366692762,0.9519282428532588,0.15049699066034755,0.3090624514070854,0.15541359402934996,0.3191592479154596,0,65558.80201098145,0.06469214222450116
bi13.5,13.5,below the Turing sliver,seed1,0,a,200,0.04951385426975661,0.24067168746947168,0.48694686130641796,12.903225806451612,10.779031989565373,10.26086783314053,0.9519285074089722,0.1504970072583002,0.30906248549284293,0.15541358300251462,0.31915922527061635,0,65558.8189706858,0.06469213608948422
bi13.5,13.5,below the Turing sliver,seed1,0,a,400,0.04951385426975661,0.24067168746947168,0.48694686130641796,12.903225806451612,10.779031989565373,10.26086783314053,0.9519285074089722,0.1504970072583002,0.30906248549284293,0.15541358300251462,0.31915922527061635,0,65558.8189706858,0.06469213608948422
bi13.5,13.5,below the Turing sliver,seed1,0,a,600,0.04951385426975661,0.24067168746947168,0.48694686130641796,12.903225806451612,10.779031989565373,10.26086783314053,0.9519285074089722,0.1504970072583002,0.30906248549284293,0.15541358300251462,0.31915922527061635,0,65558.8189706858,0.06469213608948422
bi13.5,13.5,below the Turing sliver,seed1,0,i,50,0.22618381553361713,1.2981507815090292,0.5183627878423159,12.12121212121212,0.8104013009946377,0.6978899745483471,0.8611659108787203,0.13378768380034498,0.25809662062594413,0.1476984530233455,0.2849325925538367,0,338060.59425636544,0.0008626663621061996
bi13.5,13.5,below the Turing sliver,seed1,0,i,100,0.26737463142611584,1.703916775490458,0.4555309347705201,13.79310344827586,1.5645570662058348,1.2661103024630282,0.8092452041608417,0.11654462855914333,0.2558434996689177,0.13387817774833943,0.293894810493567,0,440630.2764084642,0.0009432791238466186
bi13.5,13.5,below the Turing sliver,seed1,0,i,200,0.2673748133468005,1.703917938863088,0.4555309347705201,13.79310344827586,1.5645586603627653,1.266113179560215,0.8092462185257078,0.11654467135084637,0.2558435936070013,0.13387813284670158,0.29389471192366884,0,440630.5590222875,0.0009432791742870552
bi13.5,13.5,below the Turing sliver,seed1,0,i,400,0.2673748133468005,1.703917938863088,0.4555309347705201,13.79310344827586,1.5645586603627653,1.266113179560215,0.8092462185257078,0.11654467135084637,0.2558435936070013,0.13387813284670158,0.29389471192366884,0,440630.5590222875,0.0009432791742870552
bi13.5,13.5,below the Turing sliver,seed1,0,i,600,0.2673748133468005,1.703917938863088,0.4555309347705201,13.79310344827586,1.5645586603627653,1.266113179560215,0.8092462185257078,0.11654467135084637,0.2558435936070013,0.13387813284670158,0.29389471192366884,0,440630.5590222875,0.0009432791742870552
bi13.5,13.5,below the Turing sliver,seed36,1,a,50,0.8315635553741858,3.3401008996272736,0.17278759594743864,36.36363636363636,498.56241639399167,248.69031492425577,0.4988148058230825,0.0705863679790345,0.4085152501369752,0.15608996781666257,0.903363270730062,1,125291.34595532325,0.3130803720657707
bi13.5,13.5,below the Turing sliver,seed36,1,a,100,0.9455978773626145,3.6932871188950185,0.17278759594743864,36.36363636363636,550.7188922910753,239.8928619822363,0.43559947795552295,0.07007491242005466,0.4055552253957581,0.20955444227390135,1.212786375809332,1,139803.68522106358,0.3158490513799353
bi13.5,13.5,below the Turing sliver,seed36,1,a,200,1.1591454767787324,4.272365577142643,0.17278759594743864,36.36363636363636,673.6381266928195,499.6909385009535,0.741779478774683,0.1373015280918028,0.7946260687229506,0.16737997612925387,0.9687036572936072,0,166970.58275379665,0.553232363850583
bi13.5,13.5,below the Turing sliver,seed36,1,a,400,1.2667508350461896,4.551668878311647,0.2356194490192345,26.666666666666664,865.692787243839,842.5057321902577,0.9732156078978047,0.1112708446732381,0.4722481320468356,0.11440512116867985,0.48555041464060344,0,181703.3584255124,0.5161614199490018
bi13.5,13.5,below the Turing sliver,seed36,1,a,600,1.2778004906385796,4.580689085310215,0.2356194490192345,26.666666666666664,904.9291108306443,881.141728916058,0.973713541060966,0.103510523209048,0.4393123048199558,0.10677640670673469,0.45317314487913146,0,183806.08936596083,0.5119374574504697
bi13.5,13.5,below the Turing sliver,seed36,1,i,50,4.47320069973832,10.54425623755211,0.1413716694115407,44.44444444444444,2758.1501237813864,160.12209250357273,0.0580541614189033,0.01865945655187883,0.13198865536177637,0.11323763605600506,0.800992423215744,1,410334.12043980375,0.16132122500513385
bi13.5,13.5,below the Turing sliver,seed36,1,i,100,5.0935482153987515,10.973744008065493,1.1152653920243765,5.633802816901409,0.012609391297891391,0.0017568986562863254,0.13933255101537878,0.03753438752809513,0.03365511724520072,1.1796495205663802,1.0577298721922472,1,429088.30333547486,1.564310900540266e-05
bi13.5,13.5,below the Turing sliver,seed36,1,i,200,6.251805892138183,9.351653551316625,0.1413716694115407,44.44444444444444,3132.845214416147,792.3717777040019,0.2529240110739631,0.03369233593215653,0.23832452479623967,0.12401976367990453,0.8772603746998006,1,369259.02231748274,0.4019167101663221
bi13.5,13.5,below the Turing sliver,seed36,1,i,400,6.839834636732936,7.151048051438572,0.17278759594743864,36.36363636363636,1879.6284436369601,1602.0291995541684,0.8523116390249686,0.12459625394007158,0.7210948983743793,0.1343115203507021,0.7773215410182521,0,279951.3110774504,0.7912901951972403
bi13.5,13.5,below the Turing sliver,seed36,1,i,600,6.900207957357169,7.049494028203233,0.17278759594743864,36.36363636363636,1728.6598185563973,1441.5777806826604,0.8339279742653596,0.12633665526130186,0.7311673883102872,0.1377173100959332,0.7970323873122599,0,272606.49942718603,0.8312944416938884
bi13.5,13.5,below the Turing sliver,seed36,2,a,50,0.8099979801668719,3.271110283845403,0.1413716694115407,44.44444444444444,454.34719486397756,133.61088464051278,0.29407221206793893,0.04814093396505766,0.34052744913775307,0.25361676281957807,1.793971620164474,1,152874.33679230476,0.18558756420412806
bi13.5,13.5,below the Turing sliver,seed36,2,a,100,0.9303684619385775,3.6536897676929394,0.2356194490192345,26.666666666666664,499.0979858375745,234.52166917016058,0.46989103507719393,0.1358892118100078,0.576731727264648,0.24798580186685415,1.052484431565792,1,166368.66959385638,0.4477770997982322
bi13.5,13.5,below the Turing sliver,seed36,2,a,200,1.139615793177432,4.230015611020982,0.2356194490192345,26.666666666666664,701.9674162316609,571.7269150981426,0.8144636088200756,0.13269933457059854,0.5631934677844264,0.1699927452410164,0.7214716185298407,0,177554.53591999703,0.495254861572698
bi13.5,13.5,below the Turing sliver,seed36,2,a,400,1.2510541501036168,4.517865810879043,0.2356194490192345,26.666666666666664,810.9477569568886,766.3944189990208,0.9450601625374045,0.12085118149653754,0.5129083443645265,0.1308073616550188,0.555163685338813,0,182427.63354697844,0.583839636731695
bi13.5,13.5,below the Turing sliver,seed36,2,a,600,1.262831581059776,4.546295570054857,0.2356194490192345,26.666666666666664,815.0621382864038,772.5581471892804,0.9478518396321485,0.11850404715316518,0.5029467968219009,0.12764629457943555,0.5417476999915032,0,182570.72183754097,0.582588683858559
bi13.5,13.5,below the Turing sliver,seed36,2,i,50,4.3542342918602746,10.476346930718567,1.1152653920243765,5.633802816901409,0.014936332118272652,0.0006824253180352548,0.0456889491095606,0.018334451589471553,0.016439541404751862,1.0969385699678367,0.9835672995973865,1,400582.4131011921,1.4119646574653291e-05
bi13.5,13.5,below the Turing sliver,seed36,2,i,100,5.0135120262358335,11.0029198509797,0.1413716694115407,44.44444444444444,2781.826361576832,2.0867727367513,0.0007501448564778312,0.015744783447918444,0.11137156060656336,0.11451151042325697,0.810003241101353,1,399414.7989138651,0.16715412863868814
bi13.5,13.5,below the Turing sliver,seed36,2,i,200,6.146710444747656,9.688986207564964,0.1413716694115407,44.44444444444444,2239.418117090598,762.4470525113547,0.34046659116159556,0.05168373837753225,0.36558766401122456,0.1585181452652483,1.121286506165484,1,323614.43630689674,0.3461611623703338
bi13.5,13.5,below the Turing sliver,seed36,2,i,400,6.754414742577076,7.73590426851387,0.17278759594743864,36.36363636363636,1786.1441184363027,1249.2671197554655,0.6994212319491602,0.10968731879261744,0.6348101447396949,0.1329985380233895,0.7697227181970121,0,264263.37243267905,0.7012454541210283
bi13.5,13.5,below the Turing sliver,seed36,2,i,600,6.819311524894833,7.462762956694393,0.17278759594743864,36.36363636363636,1635.9446097173911,1099.1473740445936,0.6718732208387367,0.11128205867299917,0.644039626009096,0.13575657476628383,0.7856847247737649,0,256152.52431243283,0.6935275400282734
bi13.5,13.5,below the Turing sliver,seed36,3,a,50,0.8461187314828439,3.3964910818927483,0.17278759594743864,36.36363636363636,616.2983460062798,514.7611266199646,0.8352466462967263,0.11841906654847312,0.685344719909731,0.18107058102536389,1.0479373824984803,0,149646.91705664792,0.451176519750277
bi13.5,13.5,below the Turing sliver,seed36,3,a,100,0.9321948972665821,3.6662930351975405,0.17278759594743864,36.36363636363636,638.1592157211345,551.9641001899057,0.8649316449440814,0.16794655603493092,0.9719827115716086,0.17962813636473718,1.039589302575744,0,157006.6022397771,0.6854367386037042
bi13.5,13.5,below the Turing sliver,seed36,3,a,200,1.0831420265333442,4.085140773050416,0.17278759594743864,36.36363636363636,636.8270231571563,600.911726079261,0.9436027433323412,0.1735367762192881,1.0043358452193372,0.17820640487442777,1.0313610991418476,0,168524.98560859106,0.6903357667423315
bi13.5,13.5,below the Turing sliver,seed36,3,a,400,1.209525486579514,4.417215998486885,0.20420352248333656,30.769230769230766,652.6043748343485,603.9508400686439,0.9254471213465977,0.15766435160694414,0.7720941817730391,0.16635804714522037,0.8146678623469659,0,172892.05269252544,0.642845125020376
bi13.5,13.5,below the Turing sliver,seed36,3,a,600,1.2454995936531998,4.505626935983114,0.20420352248333656,30.769230769230766,643.8825196261665,594.3301773317012,0.9230413300810913,0.1586313808474744,0.7768297966574943,0.16757622194758415,0.8206333559268485,0,173267.2686790664,0.6398753525362519
bi13.5,13.5,below the Turing sliver,seed36,3,i,50,4.553331162174372,10.468755776165853,0.1413716694115407,44.44444444444444,3239.8167210403626,1779.4094813230652,0.5492315258968308,0.07559036897184393,0.5346924832004085,0.11382269628776037,0.8051308777886483,0,356048.5001864156,0.5662462959749744
bi13.5,13.5,below the Turing sliver,seed36,3,i,100,5.025458846311597,10.93657717781208,0.1413716694115407,44.44444444444444,3382.6071845240804,2195.0421693119056,0.6489202114140071,0.07747516552130997,0.548024691536856,0.10679761154304318,0.7554385683325947,0,358700.7692194637,0.5723807609505721
bi13.5,13.5,below the Turing sliver,seed36,3,i,200,5.841538296462223,10.3322575309345,0.1413716694115407,44.44444444444444,3057.103540593864,2650.104070255642,0.8668676199762735,0.09407635015980165,0.6654540513767311,0.10599729910944582,0.7497775158959314,0,333967.9057584666,0.7319051929301066
bi13.5,13.5,below the Turing sliver,seed36,3,i,400,6.52999649739936,8.414879191606545,0.1413716694115407,44.44444444444444,2180.2224282139673,1488.6296228991312,0.6827879594462354,0.10554400101835025,0.7465710878118434,0.13323464376717037,0.942442317628131,0,307122.922350622,0.6733630427995932
bi13.5,13.5,below the Turing sliver,seed36,3,i,600,6.725036051124334,7.446524916504409,0.17278759594743864,36.36363636363636,2138.8347616617343,1408.493232434292,0.6585329814538758,0.10189413269314258,0.5897074505518232,0.13386331290703507,0.7747275617386088,0,308343.52445328527,0.6619756153351405
bi13.5,13.5,below the Turing sliver,seed9,1,a,50,0.3028327369021483,1.376356790582901,0.2356194490192345,26.666666666666664,137.32359914132238,33.41694066716376,0.24334448613434415,0.027692836270336762,0.11753204748422992,0.21103824643649283,0.8956741360483572,1,54405.11850210131,0.1583942031573767
bi13.5,13.5,below the Turing sliver,seed9,1,a,100,0.37184096283772256,1.673110805601588,0.2356194490192345,26.666666666666664,163.5712208242075,19.85771762290898,0.12140104795238016,0.025484852991868735,0.10816107540336498,0.22056813768913358,0.9361202507146503,1,68497.81894846927,0.1609180379592031
bi13.5,13.5,below the Turing sliver,seed9,1,a,200,0.5312112174021302,2.2956424809141915,0.17278759594743864,36.36363636363636,481.67776532691045,218.86089323767982,0.45437200757884444,0.034323795454720654,0.19864733499250622,0.14688331140169367,0.8500801842649344,1,98053.98751041343,0.3268004135629301
bi13.5,13.5,below the Turing sliver,seed9,1,a,400,0.802503824621404,3.2549992045610443,0.10995574287564278,57.14285714285713,652.2109749345753,95.33651055424616,0.14617434268690369,0.05373488138221239,0.48869554219632905,0.16637507292418086,1.513109443609025,1,137851.5329698731,0.24737096910933115
bi13.5,13.5,below the Turing sliver,seed9,1,a,600,0.9253511894370673,3.649787026977047,0.17278759594743864,36.36363636363636,674.8032503474591,186.259444831209,0.2760203729536027,0.06354577486494313,0.3677681520858333,0.16718885317082305,0.967597542254603,1,155624.49883881677,0.36390923134446024
bi13.5,13.5,below the Turing sliver,seed9,1,i,50,1.6268764459231913,7.488930927865644,0.5811946409141118,10.81081081081081,0.4256137777138112,0.05878281566539806,0.13811304695339177,0.02268928674299787,0.039039050166243476,0.5697517052599205,0.980311353807059,1,287599.73545226094,0.00015686753107306905
bi13.5,13.5,below the Turing sliver,seed9,1,i,100,2.0023386356095534,9.663887918251291,0.7696902001294994,8.163265306122447,0.06764796089899525,0.0056042175862391005,0.08284385089754182,0.06068953277374991,0.07884929906024395,0.7748594762537956,1.0067160477337849,1,384226.70034150954,4.730941970268885e-05
bi13.5,13.5,below the Turing sliver,seed9,1,i,200,2.858185228173944,12.850212862607506,0.17278759594743864,36.36363636363636,1742.3614065239906,96.77954787353951,0.05554504795111057,0.017380487485995126,0.10058874533610739,0.12435891065790589,0.7197212854083311,1,533443.8434895531,0.09798752546057529
bi13.5,13.5,below the Turing sliver,seed9,1,i,400,4.329133872409444,14.512016970265064,1.1152653920243765,5.633802816901409,0.012777816620196262,0.0011724242767517518,0.09175466447833118,0.05445072929790187,0.04882311393081561,1.1195605969613662,1.0038512850552936,1,581901.9475446243,8.424842832287622e-06
bi13.5,13.5,below the Turing sliver,seed9,1,i,600,4.994338067520596,13.693973129758792,1.1780972450961724,5.333333333333333,0.011902356966109338,0.00012434734625687768,0.01044728759278042,0.016275610301425724,0.013815167100316142,1.1940730399258612,1.0135606758238236,1,546207.3949826934,8.585490989638767e-06
bi13.5,13.5,below the Turing sliver,seed9,2,a,50,0.2985010668497414,1.363758562396452,0.17278759594743864,36.36363636363636,440.5425828104714,40.41634104769986,0.09174218934719332,0.02162329751441323,0.1251438067405658,0.1729724148013615,1.00106963033376,1,89152.5730940031,0.14824336556589124
bi13.5,13.5,below the Turing sliver,seed9,2,a,100,0.34340142042849675,1.557993382321554,0.17278759594743864,36.36363636363636,470.8874009434358,36.67091253550234,0.07787618114655682,0.020155927516530107,0.11665147261300786,0.16965656993774017,0.9818793357675344,1,92132.07108476968,0.2664416143159021
bi13.5,13.5,below the Turing sliver,seed9,2,a,200,0.4270519254496345,1.9004634981899748,0.17278759594743864,36.36363636363636,487.1589785368518,39.02540597871183,0.08010815298102876,0.02068090127805386,0.11968973330900971,0.17066081389810273,0.987691349962512,1,97637.79945393684,0.25983763705643387
bi13.5,13.5,below the Turing sliver,seed9,2,a,400,0.6571738079957193,2.768717263332636,0.1413716694115407,44.44444444444444,782.8953799075633,220.6705663194631,0.28186469352459037,0.06424892810428001,0.454468199828976,0.16783887517414758,1.1872171834199636,1,149279.51635788416,0.3469671860944191
bi13.5,13.5,below the Turing sliver,seed9,2,a,600,0.779206238080587,3.1906263857785837,0.17278759594743864,36.36363636363636,811.2614408931549,539.1605669340248,0.6645953323511077,0.11469477395573066,0.6637905535222586,0.14057661487139783,0.8135804778148584,0,169498.19984145788,0.5144263041142214
bi13.5,13.5,below the Turing sliver,seed9,2,i,50,1.6058367538863605,7.5462350864280054,0.5183627878423159,12.12121212121212,1.2863309978872017,1.0608738067091183,0.8247284784799583,0.11964586023571247,0.23081491002419005,0.1376914805159628,0.2656276332819015,0,453073.94094933296,0.0010045678526723622
bi13.5,13.5,below the Turing sliver,seed9,2,i,100,1.8500097926754606,8.98502073841387,0.5183627878423159,12.12121212121212,1.5042693162837166,1.1156817396683123,0.7416768577215905,0.11007757017933306,0.21235623536467718,0.1372607944251974,0.2647967748544319,0,470345.6363361785,0.001107064373465194
bi13.5,13.5,below the Turing sliver,seed9,2,i,200,2.3007182257222287,11.265121783893413,0.5183627878423159,12.12121212121212,1.7883131697371106,0.52249540109619,0.29217220447635517,0.07173670717846628,0.13839092786168194,0.49727423325599107,0.9593169975142198,1,492950.1107600171,0.0009204609590516314
bi13.5,13.5,below the Turing sliver,seed9,2,i,400,3.544293974360963,14.823073325832969,1.1152653920243765,5.633802816901409,0.010020282222096343,0.0012664874515481064,0.12639239329559968,0.09186050521846857,0.08236649848134153,1.1603522420346546,1.0404270143525558,1,693760.1238394121,1.0896987258539577e-05
bi13.5,13.5,below the Turing sliver,seed9,2,i,600,4.205134005153412,14.753743133463553,0.1413716694115407,44.44444444444444,4675.473412818203,1450.612218189006,0.31025996516460363,0.03130440541761577,0.22143337167850036,0.11471932937927723,0.811473259506634,1,598168.9311710938,0.18759142452943803
bi13.5,13.5,below the Turing sliver,seed9,3,a,50,0.3177774435900406,1.445595201473202,0.1413716694115407,44.44444444444444,349.38527027784875,26.219530305141177,0.075044750124383,0.04775721030515832,0.33781315948200663,0.16224292255236436,1.1476339158170814,1,70194.04845851619,0.2636332950197156
bi13.5,13.5,below the Turing sliver,seed9,3,a,100,0.36636181063489903,1.6548807110997794,0.1413716694115407,44.44444444444444,429.9416000458929,43.77547730306276,0.10181726378277903,0.037983109244052536,0.26867553734179667,0.15127864328548601,1.070077505027585,1,78034.28505947333,0.28565341603396166
bi13.5,13.5,below the Turing sliver,seed9,3,a,200,0.4646113799425453,2.043057339705421,0.1413716694115407,44.44444444444444,452.4826125437073,74.28188058781876,0.16416516022622535,0.04959474389725308,0.3508110507833083,0.14941382800176892,1.0568866352339452,1,82127.74562928204,0.2865736123630147
bi13.5,13.5,below the Turing sliver,seed9,3,a,400,0.6140376961303927,2.6089918216242527,0.17278759594743864,36.36363636363636,433.1480637643707,136.03770497362086,0.31406744333878484,0.06872489193136933,0.3977420459757724,0.15532790551708534,0.8989528713874549,1,88612.95560736272,0.407034411673257
bi13.5,13.5,below the Turing sliver,seed9,3,a,600,0.7284839583011147,3.0122631546787906,0.17278759594743864,36.36363636363636,516.5577313352507,263.8752371398882,0.5108339709828693,0.0625839134620848,0.36220142492822577,0.11184711973680048,0.647309890061923,0,93806.37660980402,0.4127346071060815
bi13.5,13.5,below the Turing sliver,seed9,3,i,50,1.7076165475207454,7.9811252653014355,0.5183627878423159,12.12121212121212,1.184876320467859,0.8838902242425895,0.7459767816893982,0.09557306276453151,0.18437485291402608,0.12692458030836073,0.24485665885987698,0,356254.953028357,0.0009644285544025855
bi13.5,13.5,below the Turing sliver,seed9,3,i,100,1.9744917633030883,9.596195528292714,0.5183627878423159,12.12121212121212,1.610532905162404,0.5950057345272732,0.36944649353021053,0.07118755209539021,0.13733152487991712,0.4909544506940824,0.9471251837688414,1,418940.5862008182,0.0010891938956080274
bi13.5,13.5,below the Turing sliver,seed9,3,i,200,2.5038346328820333,12.023056659038742,0.5183627878423159,12.12121212121212,1.590200999999901,0.10700043408104021,0.06728736435271193,0.018366951634131486,0.03543261990426413,0.48559154883321254,0.9367793372176394,1,454479.8489366177,0.00030790735458879973
bi13.5,13.5,below the Turing sliver,seed9,3,i,400,3.3122209705055226,14.045562182646934,0.5183627878423159,12.12121212121212,2.0237980312244157,0.29613765694833094,0.146327673206187,0.02359270180746008,0.045513880164246845,0.4776466282630286,0.9214523871422787,1,501548.333848377,0.0006730832811528483
bi13.5,13.5,below the Turing sliver,seed9,3,i,600,3.9307992387063337,14.422800823028938,0.5183627878423159,12.12121212121212,1.849232607381622,0.17343493784721953,0.09378751875503141,0.019377470876853195,0.03738206393539914,0.48448464063820074,0.9346439443596387,1,536985.8139597228,0.0003030479860344852
bi14.1,14.1,inside the Turing sliver,nucl,1,a,50,1.5190689173616283,4.797319582176876,0.4241150082346221,14.814814814814813,277.0163203205893,274.45824020472963,0.9907655978070202,0.17999699119580945,0.4244060872663917,0.18131441057909425,0.4275123658882413,0,187438.90363383852,0.4821154694829899
bi14.1,14.1,inside the Turing sliver,nucl,1,a,100,1.5340642192276828,4.864828166227351,0.4241150082346221,14.814814814814813,319.0407427646273,317.7232799816102,0.9958705500382155,0.16913984113402794,0.39880654504086566,0.16972102703666125,0.4001768948076718,0,189885.9778111389,0.5402003343336991
bi14.1,14.1,inside the Turing sliver,nucl,1,a,200,1.5388183515171483,4.8855960637445,0.39269908169872414,16.0,372.19638809635524,371.35829836580115,0.9977482593669418,0.15443027530212142,0.39325346683799783,0.15469115635829273,0.393917794992377,0,190485.68242250447,0.613769318310193
bi14.1,14.1,inside the Turing sliver,nucl,1,a,400,1.5531627377509971,4.921451051679459,0.39269908169872414,16.0,401.5518205515147,400.4000368312145,0.9971316685385256,0.15776796358868642,0.4017528202669057,0.15808291140186242,0.4025548282874328,0,191237.11908958753,0.6566194326047199
bi14.1,14.1,inside the Turing sliver,nucl,1,a,600,1.5603158137234596,4.929885019976849,0.39269908169872414,16.0,462.94698677036433,461.936155026943,0.9978165280857034,0.13798792818615863,0.35138337372538586,0.1382132000403931,0.35195702379164023,0,192458.89271662117,0.5973121322312045
bi14.1,14.1,inside the Turing sliver,nucl,1,i,50,8.214772705340385,1.4778524811235154,0.2356194490192345,26.666666666666664,116.03947030779395,88.19008488867324,0.7600007536638146,0.21878269530968858,0.9285425979067989,0.2511909581866,1.066087537476986,0,50642.250351018185,0.7556490343302804
bi14.1,14.1,inside the Turing sliver,nucl,1,i,100,8.289127454066277,1.4852660665678257,0.3298672286269283,19.047619047619047,112.39614259118035,98.9413281513883,0.8802911369589312,0.22962615210355186,0.6961168984847943,0.23969380085759534,0.726637204475632,0,51221.07023864164,0.8576657853671578
bi14.1,14.1,inside the Turing sliver,nucl,1,i,200,8.332713336765766,1.5351423955154264,0.3612831551628263,17.391304347826082,140.21610748822025,131.47122837353703,0.9376328492401068,0.13545769571273517,0.37493498873947195,0.18146431012435837,0.5022772513226487,0,51006.46607425157,0.6741740382469126
bi14.1,14.1,inside the Turing sliver,nucl,1,i,400,8.403199491357803,1.5053700662992844,0.3612831551628263,17.391304347826082,147.4481141296822,135.3458772897896,0.9179220642371284,0.13836075504397308,0.3829704016552209,0.15155548550564651,0.4194922551463606,0,51341.18460879856,0.7131391402833966
bi14.1,14.1,inside the Turing sliver,nucl,1,i,600,8.434452315807343,1.5033133071387226,0.3612831551628263,17.391304347826082,151.83600909554494,143.3222001633696,0.9439276033209097,0.1301381862350318,0.3602110543359819,0.1362105144643585,0.3770187248363958,0,50078.72994270042,0.7545178375182359
bi14.1,14.1,inside the Turing sliver,nucl,2,a,50,1.5228022088267734,4.812243136253624,0.39269908169872414,16.0,259.09986750966107,256.12566559714696,0.9885210210985415,0.20021247625311242,0.5098368842296249,0.20482936084636405,0.5215936843048379,0,187338.26618864876,0.524795017327034
bi14.1,14.1,inside the Turing sliver,nucl,2,a,100,1.534915425255778,4.877688297385753,0.3612831551628263,17.391304347826082,312.54945155518163,307.9492266712029,0.9852816094826308,0.19013900917670074,0.5262880553924725,0.19233196857659784,0.5323579741488805,0,190856.34484966745,0.5607410742942197
bi14.1,14.1,inside the Turing sliver,nucl,2,a,200,1.55032958356896,4.902684066851087,0.39269908169872414,16.0,375.88887998981363,374.2475270884375,0.9956334092633423,0.12922413815524358,0.3290665656671522,0.12985495847684414,0.330672936425321,0,191393.9544819952,0.4904091616286711
bi14.1,14.1,inside the Turing sliver,nucl,2,a,400,1.5485169125826346,4.902247499670002,0.39269908169872414,16.0,452.1202949247602,451.4678339871494,0.9985568864195328,0.11835243335881987,0.301381996736165,0.11847806870119848,0.3017019245084306,0,192654.49588000355,0.5600317434795762
bi14.1,14.1,inside the Turing sliver,nucl,2,a,600,1.5623601179921922,4.946739803033155,0.39269908169872414,16.0,553.8475282813826,550.9385041985332,0.994747608440402,0.09823901255188439,0.25016359123358645,0.09866486975089639,0.2512480276859709,0,194349.77440375404,0.5955083736974716
bi14.1,14.1,inside the Turing sliver,nucl,2,i,50,8.22552062573433,1.4926643243923667,0.2356194490192345,26.666666666666664,173.56500944422928,130.77669914859405,0.7534738687674017,0.1055789391442389,0.44809093469877387,0.1388761824727663,0.5894088244872745,0,58637.868784017046,0.3900603998082648
bi14.1,14.1,inside the Turing sliver,nucl,2,i,100,8.291521359050273,1.4818767740909686,0.3612831551628263,17.391304347826082,134.24315391294675,96.29514142571952,0.7173188249746013,0.19569490850379612,0.541666296109484,0.2266705190858639,0.6274040620125397,0,57968.7850244209,0.7107325992331013
bi14.1,14.1,inside the Turing sliver,nucl,2,i,200,8.376814050364494,1.4576809716808194,0.3612831551628263,17.391304347826082,135.52851615367163,121.91628069851981,0.8995618350922007,0.16182308678361326,0.4479120724869705,0.17271734836670816,0.4780664304397651,0,52374.377152775945,0.7521080113098796
bi14.1,14.1,inside the Turing sliver,nucl,2,i,400,8.400979225826264,1.4606091545407596,0.3612831551628263,17.391304347826082,153.43658204433805,145.83028928618535,0.9504271233312879,0.12435443679553934,0.3442021445464132,0.12991165346918138,0.3595840315628102,0,49967.16364145375,0.7333888559587193
bi14.1,14.1,inside the Turing sliver,nucl,2,i,600,8.44676795502901,1.4417822278343142,0.39269908169872414,16.0,177.64271467177568,164.40907380784284,0.9255041734281972,0.1041645560716161,0.2652528639003296,0.11158985715612024,0.28416123784504077,0,50681.73827471287,0.7243110905733803
bi14.1,14.1,inside the Turing sliver,nucl,3,a,50,1.521397062695559,4.82296101406061,0.4241150082346221,14.814814814814813,276.5127898331214,273.43895658549616,0.9888835765988244,0.14752832089309376,0.34784980023975126,0.1530704705688316,0.3609173634434375,0,187731.4828553647,0.42242730317730187
bi14.1,14.1,inside the Turing sliver,nucl,3,a,100,1.5396501698954852,4.841480505569617,0.4241150082346221,14.814814814814813,350.0046234319999,347.8541475281771,0.9938558642947739,0.11790772111511158,0.2780088391728985,0.1189978469757032,0.28057919353297944,0,189001.29161494088,0.4440935250584613
bi14.1,14.1,inside the Turing sliver,nucl,3,a,200,1.542595392859261,4.880083405256155,0.4241150082346221,14.814814814814813,398.87512015064783,397.29936454634674,0.9960495013985682,0.12066302085367434,0.28450542544092916,0.12113192286246272,0.2856110265153646,0,188111.87807934254,0.5277468557283679
bi14.1,14.1,inside the Turing sliver,nucl,3,a,400,1.5551067724946623,4.913842296803115,0.4241150082346221,14.814814814814813,420.31929881069624,418.58702001169894,0.9958786598571637,0.13171101397037896,0.3105549471560221,0.13206966865750108,0.31140060147185267,0,191319.9462724452,0.5882249623962181
bi14.1,14.1,inside the Turing sliver,nucl,3,a,600,1.551449930251715,4.918360180224228,0.4241150082346221,14.814814814814813,427.35805576556123,425.9682105552896,0.9967478202609709,0.1290438530528801,0.30426617909614867,0.1293399027262494,0.30496422011714813,0,189797.7505364258,0.6008748577375308
bi14.1,14.1,inside the Turing sliver,nucl,3,i,50,8.215388157820701,1.2991414372773933,0.2984513020910303,21.05263157894737,95.6637946392126,68.65495166884297,0.7176691237031622,0.0944925787465915,0.316609705116215,0.20600900085364646,0.6902600169953752,0,43314.91359130567,0.3847199738553091
bi14.1,14.1,inside the Turing sliver,nucl,3,i,100,8.314904205453395,1.3085696441059118,0.2984513020910303,21.05263157894737,90.24634925695649,69.50624654716796,0.7701834713475701,0.18729259905757598,0.6275482725166669,0.20533929439429732,0.6880160781864071,0,43237.760951706114,0.7426455792590705
bi14.1,14.1,inside the Turing sliver,nucl,3,i,200,8.34931540797949,1.4009046813368833,0.39269908169872414,16.0,98.71546148965444,77.8138031740805,0.7882635810018022,0.17186178425431373,0.4376424398826703,0.2042153052553221,0.5200300045824772,0,44467.24441390276,0.7585659525805999
bi14.1,14.1,inside the Turing sliver,nucl,3,i,400,8.413744169700145,1.3620128635975328,0.39269908169872414,16.0,122.48390534712803,108.37333918830991,0.8847965688322251,0.1283110611030734,0.3267414340467256,0.14465693682769654,0.3683658647785591,0,43943.7151096488,0.6738237224646502
bi14.1,14.1,inside the Turing sliver,nucl,3,i,600,8.37174642739296,1.318455057891449,0.39269908169872414,16.0,120.09711523589279,104.1155093648844,0.8669276456839319,0.11549544776011474,0.2941067426501445,0.13588617151120214,0.3460312943014545,0,41535.54579542424,0.7087766952124951
bi14.1,14.1,inside the Turing sliver,random,1,a,50,1.5048083569942847,4.828742827145148,0.2984513020910303,21.05263157894737,298.19419243952586,294.6682705528257,0.9881757526601889,0.24929639273354143,0.8353000673372964,0.2516071162888026,0.8430424478833742,0,190676.0144450337,0.5920125236833272
bi14.1,14.1,inside the Turing sliver,random,1,a,100,1.4801321597679755,4.826361247126362,0.2984513020910303,21.05263157894737,381.47565471381864,377.77583047649676,0.9903012834722115,0.17633427885432523,0.5908309919202218,0.17756191983841768,0.5949443630983379,0,190592.19216001907,0.5256427646629279
bi14.1,14.1,inside the Turing sliver,random,1,a,200,1.4642797274715635,4.822021538676551,0.2984513020910303,21.05263157894737,474.00098152456513,469.45727487193307,0.990414140835705,0.15624142975327177,0.5235072812837543,0.15721381876950194,0.5267653974635712,0,190931.1914024995,0.5437171490074214
bi14.1,14.1,inside the Turing sliver,random,1,a,400,1.4566303551275004,4.820537899610111,0.2984513020910303,21.05263157894737,534.2161518693425,528.4873838509994,0.9892763107249812,0.12101203346260665,0.40546659577211996,0.12394149792435968,0.4152821483973838,0,190434.36273265653,0.4980439643708912
bi14.1,14.1,inside the Turing sliver,random,1,a,600,1.4516929442663484,4.819412860077976,0.2984513020910303,21.05263157894737,547.0253505303868,540.9847105346591,0.9889572942280083,0.11466878538499178,0.3842127160497922,0.11617496891807488,0.38925938035492463,0,190544.7033632362,0.5051605450229527
bi14.1,14.1,inside the Turing sliver,random,1,i,50,8.492288073265552,2.1671055433845794,0.26703537555513246,23.529411764705877,324.0028548285965,249.38213560666688,0.7696911675009611,0.12398869733084804,0.4643156251230436,0.16750693614990209,0.6272836915396567,0,88473.8368810509,0.591522250054007
bi14.1,14.1,inside the Turing sliver,random,1,i,100,8.349358848643304,2.5081602611752074,0.26703537555513246,23.529411764705877,412.24033434324315,334.85370871406127,0.8122778894198461,0.1089656892298498,0.40805713101990343,0.13230918208742892,0.4954743610743521,0,99430.67918526655,0.5711741741198316
bi14.1,14.1,inside the Turing sliver,random,1,i,200,8.259399361014367,2.7104023426809034,0.26703537555513246,23.529411764705877,504.37475001375384,414.0289199398994,0.8208755888922061,0.0974950228977306,0.3651015252007375,0.1186459642940089,0.44430803988931833,0,109363.8007145283,0.6133744751620128
bi14.1,14.1,inside the Turing sliver,random,1,i,400,8.215474650251865,2.789824071716374,0.26703537555513246,23.529411764705877,517.2339238397175,411.56283174271164,0.7956996105117196,0.08683001380541737,0.3251629624910514,0.11296218383793785,0.42302329271207567,0,111848.51976398367,0.6450970081990985
bi14.1,14.1,inside the Turing sliver,random,1,i,600,8.187716098737717,2.844285416086809,0.26703537555513246,23.529411764705877,514.7419468958495,402.76957766319964,0.7824689246565214,0.08302995066658839,0.31093240172385295,0.11324767836208821,0.4240924189413509,0,112630.78682728553,0.6462657193684958
bi14.1,14.1,inside the Turing sliver,random,2,a,50,1.480648171277512,4.799007036808883,0.2984513020910303,21.05263157894737,328.7955511058839,323.3216510603242,0.9833516602425169,0.21105906043335276,0.7071809000484034,0.214121711982098,0.7174427133736846,0,190683.74518594498,0.5233478440381968
bi14.1,14.1,inside the Turing sliver,random,2,a,100,1.4552097472759227,4.788222607552751,0.2984513020910303,21.05263157894737,386.1069434760473,380.2507527855651,0.9848327237066496,0.1677425775346428,0.5620433764550299,0.1737501992176499,0.582172696182959,0,190443.42646705732,0.4628877041539667
bi14.1,14.1,inside the Turing sliver,random,2,a,200,1.4438842672445418,4.785228088742819,0.2984513020910303,21.05263157894737,423.42256124164714,417.96924292211696,0.9871208602972434,0.15153558315560622,0.5077397287058459,0.15381549096825495,0.515378857088517,0,190031.39757366863,0.4410697081519426
bi14.1,14.1,inside the Turing sliver,random,2,a,400,1.437048509952989,4.78606122586641,0.2984513020910303,21.05263157894737,460.6790244821958,454.4114547315565,0.9863949313566337,0.14121289557781272,0.47315221809533775,0.14321159351917026,0.4798491161398567,0,189911.87207041465,0.4705720422277221
bi14.1,14.1,inside the Turing sliver,random,2,a,600,1.4362330645906045,4.786686605102991,0.2984513020910303,21.05263157894737,466.8502495098283,460.1674595323886,0.9856853670219597,0.13783994040774675,0.4618506920291617,0.13993322779580808,0.46886452434751713,0,189912.81864548376,0.47490638796223
bi14.1,14.1,inside the Turing sliver,random,2,i,50,8.358265957260132,2.3103048698149213,0.20420352248333656,30.769230769230766,341.435414638997,273.2880048207593,0.8004090762222466,0.16416329663628487,0.8039200041207955,0.18475326369300593,0.9047506205877628,0,97302.11000973315,0.7665058654631158
bi14.1,14.1,inside the Turing sliver,random,2,i,100,8.207542575848102,2.6151757249179144,0.2356194490192345,26.666666666666664,392.66149061405685,325.770055288667,0.8296460515626759,0.16344622038201173,0.6936873040929189,0.18292866537564134,0.7763733687396416,0,108617.38729258571,0.7929985691938308
bi14.1,14.1,inside the Turing sliver,random,2,i,200,8.143555914533138,2.7480586839650534,0.2356194490192345,26.666666666666664,440.49102788095337,372.40419870363866,0.8454297026097072,0.1594632371490624,0.676782998232225,0.1780884952970388,0.7558310489152394,0,115059.86019320172,0.7728268499718143
bi14.1,14.1,inside the Turing sliver,random,2,i,400,8.10516115834713,2.841850410110149,0.2356194490192345,26.666666666666664,467.15291883211694,393.9260105104368,0.843248526617906,0.15010651333790437,0.6370718290137866,0.16840080080199318,0.714715196487222,0,118573.6136228827,0.7877702491525863
bi14.1,14.1,inside the Turing sliver,random,2,i,600,8.100311758422851,2.8440834497799847,0.2356194490192345,26.666666666666664,453.4904094067123,383.79192688416566,0.8463066008083148,0.1537202669770621,0.6524090758081407,0.17064968205164238,0.724259744948778,0,117581.1970595454,0.788808258825881
bi14.1,14.1,inside the Turing sliver,random,3,a,50,1.4919673453451336,4.815085574651742,0.3612831551628263,17.391304347826082,233.14212112384394,217.77405404403365,0.9340828375167487,0.30358290628908297,0.8402907856367163,0.3145865202446991,0.8707478213395209,0,191733.90056219773,0.6008489357513823
bi14.1,14.1,inside the Turing sliver,random,3,a,100,1.4718811238925174,4.806900919897211,0.3612831551628263,17.391304347826082,270.49570873688134,253.66170149954522,0.9377660839207211,0.24925492740786317,0.6899157180343124,0.28224679087093757,0.781234294590159,0,190669.27091282938,0.5182715221251007
bi14.1,14.1,inside the Turing sliver,random,3,a,200,1.4598134758727421,4.803354135172098,0.3612831551628263,17.391304347826082,294.9516303062369,282.0530669138427,0.9562688859220676,0.22550890797382248,0.6241888246137247,0.23338350872100838,0.6459850269405033,0,189903.17260119464,0.5750238288567826
bi14.1,14.1,inside the Turing sliver,random,3,a,400,1.4530168688285445,4.804615050037144,0.2984513020910303,21.05263157894737,337.5915104496795,322.598435880784,0.9555881172813724,0.1547090193755435,0.5183727405161591,0.16149149534188934,0.5410983105465996,0,190130.4336953314,0.450466370801756
bi14.1,14.1,inside the Turing sliver,random,3,a,600,1.4537145171877546,4.8098672149110975,0.2984513020910303,21.05263157894737,352.2916835887932,337.7905109535355,0.9588375959161614,0.1500360148389024,0.50271522954569,0.1564335045609642,0.5241508529698107,0,190457.5403619327,0.45380545707137493
bi14.1,14.1,inside the Turing sliver,random,3,i,50,8.41821500185728,2.18792522554148,0.17278759594743864,36.36363636363636,351.92673965994373,130.22222388771138,0.370026511806239,0.05471007028839069,0.31663193175645143,0.20536679340389663,1.1885505569877162,1,90505.78261060677,0.3053355173062662
bi14.1,14.1,inside the Turing sliver,random,3,i,100,8.30343444622755,2.4205938334222585,0.17278759594743864,36.36363636363636,435.410867894888,188.3228013721344,0.43251745709203837,0.0668347910398364,0.3868031768910501,0.19841716096364403,1.1483298895136074,1,103787.44320224368,0.3324080251187356
bi14.1,14.1,inside the Turing sliver,random,3,i,200,8.233741345536709,2.5405801422817245,0.17278759594743864,36.36363636363636,368.8085403660382,169.9000720717285,0.460672824721208,0.1178654731941414,0.6821408246804687,0.24397278373069403,1.4119808912956324,1,106124.4854275466,0.5056705576215083
bi14.1,14.1,inside the Turing sliver,random,3,i,400,8.195282168149948,2.6179587587635984,0.26703537555513246,23.529411764705877,349.51929459728717,156.99987616355438,0.4491880093327842,0.16088594691951744,0.6024892641473292,0.2618632604994364,0.9806313487681403,1,111024.33023366472,0.6422175659722683
bi14.1,14.1,inside the Turing sliver,random,3,i,600,8.199190545451641,2.6438081381991747,0.26703537555513246,23.529411764705877,374.5470909767084,191.37545067382595,0.5109516407530365,0.15355003584595572,0.5750175815722722,0.22429221638169214,0.8399344690396067,0,112312.83749262993,0.6529556879502071
bi14.1,14.1,inside the Turing sliver,seed144,1,a,50,1.1470939015442037,4.177783236030905,0.2356194490192345,26.666666666666664,355.40098516242097,283.6813127380401,0.798200693249051,0.17109171257045913,0.7261357807372356,0.19893242910478917,0.8442954515548059,0,167614.33017899306,0.45736269796137136
bi14.1,14.1,inside the Turing sliver,seed144,1,a,100,1.1794642169582144,4.271893143441983,0.2356194490192345,26.666666666666664,351.72947747789806,310.65045273204777,0.8832084673698365,0.19321401683622763,0.820025756110035,0.20784487768126028,0.8821210581147446,0,171055.549185401,0.5629547029283628
bi14.1,14.1,inside the Turing sliver,seed144,1,a,200,1.1988672785173966,4.328790636670382,0.2356194490192345,26.666666666666664,347.11088646649443,320.5480764138141,0.9234745694003338,0.20439884328316127,0.867495633887487,0.2182561893831585,0.9263080373528139,0,172240.5829884984,0.5721775705842375
bi14.1,14.1,inside the Turing sliver,seed144,1,a,400,1.2059924618564006,4.347790588470111,0.2356194490192345,26.666666666666664,347.8139603204077,324.028739846914,0.931615106962404,0.2043875944027072,0.86744789215606,0.21653705540729093,0.9190118061502393,0,172343.1757274336,0.5740731361283159
bi14.1,14.1,inside the Turing sliver,seed144,1,a,600,1.2066259213433725,4.35055646196034,0.2356194490192345,26.666666666666664,348.7208165236888,324.9238166219569,0.9317591644256907,0.20365307885373027,0.864330511345459,0.21542288993074946,0.9142831410032016,0,172450.10645346617,0.5743017227282251
bi14.1,14.1,inside the Turing sliver,seed144,1,i,50,6.461887240836024,4.385534471533296,0.20420352248333656,30.769230769230766,681.4493694417848,212.58096256344982,0.31195415550474037,0.055579719068102454,0.2721780623183808,0.19197779596229625,0.9401296981934386,1,176425.0663678241,0.35288310769341724
bi14.1,14.1,inside the Turing sliver,seed144,1,i,100,6.649143497246504,3.953197180050613,0.1413716694115407,44.44444444444444,803.3434369190335,180.70770523526403,0.22494452177055255,0.0504059868131406,0.3565494205660542,0.1855264076571792,1.3123308823432058,1,162656.08237243607,0.20278740625998903
bi14.1,14.1,inside the Turing sliver,seed144,1,i,200,6.761077684307098,3.61216039539375,0.20420352248333656,30.769230769230766,755.3763110375163,368.657449761328,0.48804475911479617,0.06062420735473654,0.2968813006625956,0.19288914535768859,0.9445926446906847,1,154158.68676191132,0.41864578307016576
bi14.1,14.1,inside the Turing sliver,seed144,1,i,400,6.8016740054488185,3.499037546840618,0.20420352248333656,30.769230769230766,747.5662763610411,408.6737069574092,0.5466722080438499,0.06600553782958928,0.3232340805236377,0.19143095666705684,0.9374517850576157,0,150873.38893628865,0.4217842371482476
bi14.1,14.1,inside the Turing sliver,seed144,1,i,600,6.805317561131716,3.469107379619844,0.20420352248333656,30.769230769230766,744.6943894388754,407.8755889918303,0.5477086906739865,0.06642192305193934,0.32527315025802017,0.19207510277307605,0.9406062169605804,0,150491.89972404082,0.4217237146826399
bi14.1,14.1,inside the Turing sliver,seed144,2,a,50,1.1520220231370888,4.1944078523614445,0.2356194490192345,26.666666666666664,302.7371116466741,290.0903033915772,0.95822511423754,0.16234143929025474,0.6889984675119166,0.16802162978118199,0.713105944694174,0,166065.7579123234,0.3561574556587493
bi14.1,14.1,inside the Turing sliver,seed144,2,a,100,1.175560730589806,4.260246332957848,0.2356194490192345,26.666666666666664,316.0437876695998,309.6229799642228,0.9796838034605209,0.1617599273781902,0.6865304543046662,0.16412486990550923,0.6965675821273611,0,168796.89549899125,0.3646286551131674
bi14.1,14.1,inside the Turing sliver,seed144,2,a,200,1.1904723221452227,4.300408138348091,0.2356194490192345,26.666666666666664,310.2400291524867,304.00032837198773,0.9798875058207525,0.16531226920951017,0.7016070612915112,0.16742187049235668,0.7105604872146586,0,169590.26653646555,0.4195401542393587
bi14.1,14.1,inside the Turing sliver,seed144,2,a,400,1.1957459156981982,4.315165764399476,0.2356194490192345,26.666666666666664,306.9656681413583,301.80130339932566,0.9831760835884277,0.16630157127327264,0.7058057896557461,0.16803163173091198,0.713148394287243,0,170150.5325130063,0.4199211493551451
bi14.1,14.1,inside the Turing sliver,seed144,2,a,600,1.197184624445465,4.31944543461385,0.2356194490192345,26.666666666666664,307.18261979315804,301.9937483641904,0.9831081868093268,0.1660907372281884,0.7049109821771538,0.16782279582415535,0.712262067171099,0,170153.91932176656,0.41985797130364516
bi14.1,14.1,inside the Turing sliver,seed144,2,i,50,6.491978193533421,3.805260597201846,0.20420352248333656,30.769230769230766,683.2072931885745,450.0202131152113,0.6586876598095677,0.08558324391421956,0.4191075789165358,0.12125133067023891,0.5937768810042602,0,128150.42501339945,0.46894258523790383
bi14.1,14.1,inside the Turing sliver,seed144,2,i,100,6.62823387888968,3.5966567973129915,0.20420352248333656,30.769230769230766,658.7211492356623,543.6464773633148,0.8253059401449722,0.10122519891797298,0.49570740840787,0.12098714567647886,0.5924831472304876,0,121616.67138104918,0.6064761996959653
bi14.1,14.1,inside the Turing sliver,seed144,2,i,200,6.71295864367187,3.420012055037506,0.20420352248333656,30.769230769230766,638.3268692599513,530.0760705853083,0.8304147860795139,0.09909705307834678,0.4852857182541173,0.11800175476598579,0.5778634635238233,0,118053.31096396482,0.6058501033219217
bi14.1,14.1,inside the Turing sliver,seed144,2,i,400,6.744079986184835,3.3300836722574467,0.20420352248333656,30.769230769230766,620.4465047906702,531.4834247126151,0.856614423014487,0.10366750869051657,0.5076675829574686,0.11906899979556537,0.5830898426606801,0,116005.24546571611,0.6056829486353773
bi14.1,14.1,inside the Turing sliver,seed144,2,i,600,6.752128939974308,3.2809786202749165,0.20420352248333656,30.769230769230766,619.5777761912714,530.1521256767771,0.8556667880113127,0.10345708370806313,0.506637116000315,0.11903229822296998,0.5829101123007477,0,115985.81604950472,0.6050532409573012
bi14.1,14.1,inside the Turing sliver,seed144,3,a,50,1.1500353242004315,4.19655312857542,0.26703537555513246,23.529411764705877,255.86753576004028,188.04628515644163,0.7349360855720152,0.24943522572647847,0.9340905683673352,0.2796498892717824,1.0472391108871848,0,164904.05832285667,0.4819888733761818
bi14.1,14.1,inside the Turing sliver,seed144,3,a,100,1.1742051921697854,4.2671795673622,0.26703537555513246,23.529411764705877,300.92216237603674,252.1721852480125,0.8379980499172888,0.19192479800799322,0.718724242467898,0.24972943758475927,0.9351923394629031,0,168999.96737637348,0.4691015061761642
bi14.1,14.1,inside the Turing sliver,seed144,3,a,200,1.189523692639269,4.309767371732173,0.26703537555513246,23.529411764705877,319.30913441020897,291.15509371010677,0.9118282640047078,0.1982534829595452,0.7424240423105049,0.2064788210107679,0.7732264707682448,0,171321.28586585872,0.5399450584472789
bi14.1,14.1,inside the Turing sliver,seed144,3,a,400,1.1947527814586298,4.3237973907159555,0.26703537555513246,23.529411764705877,333.4319779039281,310.4075105819887,0.9309470331349758,0.19526720566923353,0.7312409648470655,0.20165849608199052,0.7551752110100328,0,171955.77828216137,0.5482162273016901
bi14.1,14.1,inside the Turing sliver,seed144,3,a,600,1.1970162391102295,4.329764700380068,0.26703537555513246,23.529411764705877,339.3080235428227,318.1708033237327,0.937704920743136,0.19288213104004104,0.7223092844499112,0.19894830000947947,0.7450260086173652,0,172168.85005627875,0.5481345362681584
bi14.1,14.1,inside the Turing sliver,seed144,3,i,50,6.479030170607567,4.091258611743646,0.1413716694115407,44.44444444444444,1521.694522171624,503.02268108366115,0.33056745210976574,0.0408952558001773,0.2892747604269209,0.0927445425804864,0.6560334398436078,1,182308.72912301822,0.3254055598553298
bi14.1,14.1,inside the Turing sliver,seed144,3,i,100,6.620594073176384,3.8492918988534797,0.1413716694115407,44.44444444444444,1144.375939978662,400.3260199499571,0.34982037455053583,0.041188588629336685,0.2913496657483363,0.13364566152339336,0.9453496735215278,1,167475.02958142207,0.2634120759487165
bi14.1,14.1,inside the Turing sliver,seed144,3,i,200,6.7086448548913005,3.649317019029831,0.1413716694115407,44.44444444444444,836.7691386655733,401.23842043890255,0.47950910460055,0.053344215744550755,0.37733313871581164,0.1589441663923408,1.1242999891982997,1,153305.43471179862,0.3176534958232028
bi14.1,14.1,inside the Turing sliver,seed144,3,i,400,6.738452766668797,3.573274776912405,0.1413716694115407,44.44444444444444,745.8129634402958,391.7555631537589,0.5252732016706491,0.05695604360379467,0.40288159460006445,0.18985037545722475,1.3429166978608698,0,147583.46156584774,0.29424555614126213
bi14.1,14.1,inside the Turing sliver,seed144,3,i,600,6.7511743981420995,3.534159720898686,0.1413716694115407,44.44444444444444,716.4382632463216,393.5447224390056,0.5493072364055176,0.10716324748088821,0.7580249135272649,0.19184702868726808,1.3570401303587272,0,145350.27321440566,0.5547857383481362
bi14.1,14.1,inside the Turing sliver,seed1,0,a,50,0.040610471808753545,0.19680385199889716,0.5497787143782138,11.428571428571429,7.524339678158969,7.006551080627322,0.9311848454908752,0.15895658857233183,0.28912830638070053,0.16678910492670007,0.3033749771766527,0,54049.81962434109,0.06355286387373568
bi14.1,14.1,inside the Turing sliver,seed1,0,a,100,0.04136884403276245,0.20095585674908334,0.5497787143782138,11.428571428571429,7.634016023030533,7.27612137685717,0.9531184313612056,0.16219063192278896,0.29501075192811455,0.16765157310790824,0.30494373231149563,0,55127.33460767837,0.06675671658939576
bi14.1,14.1,inside the Turing sliver,seed1,0,a,200,0.04136884405809606,0.20095585676335914,0.5497787143782138,11.428571428571429,7.634016024070071,7.276121382496149,0.9531184319700824,0.16219063198779066,0.295010752046347,0.16765157310455198,0.30494373230539085,0,55127.33461461536,0.06675671658929787
bi14.1,14.1,inside the Turing sliver,seed1,0,a,400,0.04136884405809606,0.20095585676335914,0.5497787143782138,11.428571428571429,7.634016024070071,7.276121382496149,0.9531184319700824,0.16219063198779066,0.295010752046347,0.16765157310455198,0.30494373230539085,0,55127.33461461536,0.06675671658929787
bi14.1,14.1,inside the Turing sliver,seed1,0,a,600,0.04136884405809606,0.20095585676335914,0.5497787143782138,11.428571428571429,7.634016024070071,7.276121382496149,0.9531184319700824,0.16219063198779066,0.295010752046347,0.16765157310455198,0.30494373230539085,0,55127.33461461536,0.06675671658929787
bi14.1,14.1,inside the Turing sliver,seed1,0,i,50,0.2271630762042795,1.3373971910477,0.5183627878423159,12.12121212121212,0.8187947764161969,0.7083505957179683,0.8651137209477148,0.1341747823422049,0.25884339209746743,0.14786202499625156,0.2852481475603736,0,348918.5640746526,0.0008385712567061309
bi14.1,14.1,inside the Turing sliver,seed1,0,i,100,0.23332027822602694,1.385174075017333,0.5183627878423159,12.12121212121212,0.8484444402534205,0.7059782937778014,0.8320854734659278,0.13117227180475519,0.2530510964160053,0.14805220018998466,0.2856150241923261,0,360874.94862071855,0.0008428587119398255
bi14.1,14.1,inside the Turing sliver,seed1,0,i,200,0.2333202785374453,1.3851740766323482,0.5183627878423159,12.12121212121212,0.8484444264140997,0.705978270978228,0.832085460166205,0.13117226921273345,0.25305109141560445,0.1480521987504207,0.2856150214151901,0,360874.9490011146,0.0008428586958942525
bi14.1,14.1,inside the Turing sliver,seed1,0,i,400,0.2333202785374453,1.3851740766323482,0.5183627878423159,12.12121212121212,0.8484444264140997,0.705978270978228,0.832085460166205,0.13117226921273345,0.25305109141560445,0.1480521987504207,0.2856150214151901,0,360874.9490011146,0.0008428586958942525
bi14.1,14.1,inside the Turing sliver,seed1,0,i,600,0.2333202785374453,1.3851740766323482,0.5183627878423159,12.12121212121212,0.8484444264140997,0.705978270978228,0.832085460166205,0.13117226921273345,0.25305109141560445,0.1480521987504207,0.2856150214151901,0,360874.9490011146,0.0008428586958942525
bi14.1,14.1,inside the Turing sliver,seed36,1,a,50,0.7654356926905708,3.120822686478805,0.17278759594743864,36.36363636363636,435.3549817527304,219.27636334440922,0.5036725718897416,0.07024910704294947,0.4065633684973486,0.174132089529266,1.0077811927092055,0,116070.00490045533,0.2940617942927073
bi14.1,14.1,inside the Turing sliver,seed36,1,a,100,0.8557745153167013,3.4160574192087414,0.17278759594743864,36.36363636363636,477.28632532881926,203.22198518354514,0.42578631399828687,0.0711966235763737,0.4120470754048309,0.21661103606469168,1.2536260770164542,1,129587.07270552422,0.2978727188687497
bi14.1,14.1,inside the Turing sliver,seed36,1,a,200,1.0317307852855064,3.92824588613934,0.17278759594743864,36.36363636363636,605.2814128518593,395.69954018525715,0.6537447405180826,0.12621356963957844,0.7304550361240755,0.1750084294982131,1.0128529686323666,0,153155.31036426304,0.5244632788558965
bi14.1,14.1,inside the Turing sliver,seed36,1,a,400,1.1536974848920254,4.267276509628414,0.2356194490192345,26.666666666666664,702.9712733979624,672.3244112214096,0.9564038199905174,0.12429177376263592,0.5275106714662147,0.12865401906606155,0.5460246155467371,0,170925.61705868648,0.5371295412225319
bi14.1,14.1,inside the Turing sliver,seed36,1,a,600,1.175331347129259,4.325561763354329,0.2356194490192345,26.666666666666664,769.1982059760238,747.0661227581764,0.9712270737946349,0.11339224857776861,0.48125164985218166,0.11683448514404321,0.4958609555805623,0,174852.14209961484,0.4856392555154882
bi14.1,14.1,inside the Turing sliver,seed36,1,i,50,4.301417683287896,10.199161986404523,0.1413716694115407,44.44444444444444,2590.0148294991195,132.897548230937,0.05131150089076437,0.018403962194418068,0.1301814024763556,0.11393563600220896,0.8059297628475763,1,393694.45234457357,0.15788984461882688
bi14.1,14.1,inside the Turing sliver,seed36,1,i,100,4.818452488228865,10.660730242460929,0.9896016858807849,6.349206349206349,0.03214664101291911,0.001631075272089201,0.050738591053220886,0.01839782356036728,0.018591140074698323,0.9750060416371462,0.9852509909270739,1,417168.0503970072,2.5736489942627842e-05
bi14.1,14.1,inside the Turing sliver,seed36,1,i,200,5.811758281932026,9.726187607316534,0.1413716694115407,44.44444444444444,3159.536859921345,505.9505201076013,0.16013439391246623,0.026372733644505635,0.186548929883067,0.11998259918328374,0.8487032775570317,1,381530.4065610467,0.323941255085744
bi14.1,14.1,inside the Turing sliver,seed36,1,i,400,6.505777977797389,7.486972719053115,0.17278759594743864,36.36363636363636,2154.6912641306835,1700.0220719000752,0.7889863852889171,0.106275321635333,0.615063373343429,0.12311173150012553,0.7125032953035336,0,290157.90081220213,0.744937994708878
bi14.1,14.1,inside the Turing sliver,seed36,1,i,600,6.6288265541791915,7.166268532109485,0.17278759594743864,36.36363636363636,1837.525407006557,1527.5761039610265,0.8313224394810098,0.11504753726207705,0.6658321543930392,0.12782999996098954,0.739810049790119,0,271425.07167907467,0.732852781133177
bi14.1,14.1,inside the Turing sliver,seed36,2,a,50,0.7473382008326356,3.061569090286202,0.1413716694115407,44.44444444444444,392.75054327379684,113.73632433343312,0.28958922216982014,0.050992709904836814,0.3606996374669258,0.2602954510919153,1.8412136758050226,1,145115.72844342806,0.13574465296873475
bi14.1,14.1,inside the Turing sliver,seed36,2,a,100,0.8386862227986956,3.3653194385460097,0.2356194490192345,26.666666666666664,452.03077620770136,206.54043499600098,0.45691675405105325,0.1707184949248517,0.7245517958533011,0.25529683530904074,1.083513421204036,1,156148.50347841528,0.5546244554552526
bi14.1,14.1,inside the Turing sliver,seed36,2,a,200,1.0211212649645554,3.900706384311379,0.2356194490192345,26.666666666666664,673.6211851419765,529.4834253567875,0.7860254947967386,0.1043771400315325,0.44299034084835587,0.17015022346255335,0.7221399768601586,0,168553.4372349655,0.42655053775907725
bi14.1,14.1,inside the Turing sliver,seed36,2,a,400,1.1441988854577025,4.24504376217727,0.2356194490192345,26.666666666666664,796.9100182407656,733.3203753819231,0.9202047390504375,0.09069793790298973,0.384934003880069,0.10919510114203268,0.46343840288463906,0,172676.30363356398,0.4490772545365235
bi14.1,14.1,inside the Turing sliver,seed36,2,a,600,1.1632710817183975,4.2947161129493905,0.2356194490192345,26.666666666666664,797.8588430323065,735.8286689542695,0.9222541999505979,0.09199063750143532,0.39042039137408296,0.10967143933250717,0.46546004495390475,0,173219.81430012413,0.5104562523877328
bi14.1,14.1,inside the Turing sliver,seed36,2,i,50,4.196273938633129,10.114417001411638,1.2723450247038661,4.938271604938272,0.00602121425379226,0.00021277079404019312,0.035336858160492556,0.019027279775996022,0.014954496937986263,1.3686261979658307,1.0756722205003897,1,394930.44007730286,3.415163421146935e-06
bi14.1,14.1,inside the Turing sliver,seed36,2,i,100,4.720174271865189,10.60531753387754,0.958185759344887,6.557377049180327,0.04893679678908541,0.0015459179606054987,0.03159009297785285,0.01781571482854504,0.018593174292973913,0.9379496617384537,0.9788808199150562,1,397618.895270908,1.944579089333135e-05
bi14.1,14.1,inside the Turing sliver,seed36,2,i,200,5.750659844433517,9.848260407025972,0.1413716694115407,44.44444444444444,2345.3307042820634,629.7682911323568,0.26852003855257467,0.03368754692078935,0.2382906494703904,0.15831462663761356,1.1198469063610685,1,340285.36474465806,0.32367492794391
bi14.1,14.1,inside the Turing sliver,seed36,2,i,400,6.453077620729804,7.6795744625888505,0.17278759594743864,36.36363636363636,1479.3875911478074,689.4574399231925,0.4660424651718658,0.11907517171805182,0.6891418973979709,0.184635568950067,1.0685695806904592,1,266742.0419305437,0.6654282960973401
bi14.1,14.1,inside the Turing sliver,seed36,2,i,600,6.560384900578857,7.301106364610224,0.2356194490192345,26.666666666666664,1451.0608573883371,651.1491180406572,0.4487400474798934,0.11593120644110878,0.49202732169891833,0.18590457028470242,0.7890035014449351,1,259409.95984879707,0.6515136402395987
bi14.1,14.1,inside the Turing sliver,seed36,3,a,50,0.7743873813172991,3.154614925430816,0.17278759594743864,36.36363636363636,533.5325749649169,444.44447405579984,0.8330221900415825,0.1717993253324288,0.9942804307821351,0.1876980217292623,1.0862933806102573,0,138409.828504453,0.661013283920928
bi14.1,14.1,inside the Turing sliver,seed36,3,a,100,0.8449172634668887,3.3911290403655703,0.17278759594743864,36.36363636363636,560.6288898164124,477.9999243947302,0.852613793326383,0.17199311737000347,0.9954019929898391,0.18439141965417388,1.067156578243412,0,145064.58588956646,0.6717379553884677
bi14.1,14.1,inside the Turing sliver,seed36,3,a,200,0.9715577567510627,3.765526391867896,0.17278759594743864,36.36363636363636,561.2686916313916,507.8445724640822,0.9048154298219877,0.17555815535465524,1.0160344809013917,0.18274388599465927,1.0576215554862474,0,153955.16224668006,0.6724209806579231
bi14.1,14.1,inside the Turing sliver,seed36,3,a,400,1.1019450866771245,4.135567761455292,0.20420352248333656,30.769230769230766,559.5204225847034,532.634420456649,0.9519481308584687,0.17605713952941304,0.8621650468530957,0.18104381983968376,0.8865851951915145,0,162462.66552313298,0.6345174840701394
bi14.1,14.1,inside the Turing sliver,seed36,3,a,600,1.1401544248947142,4.237064617263073,0.20420352248333656,30.769230769230766,543.3445949009803,525.8862567535313,0.9678687552774301,0.1800050225660513,0.8814981268540071,0.18316657500797345,0.8969804868225044,0,165639.87078146456,0.6293088203685419
bi14.1,14.1,inside the Turing sliver,seed36,3,i,50,4.354527252974804,10.05733386380049,0.1413716694115407,44.44444444444444,3125.1582293010106,1709.2176314170736,0.5469219495485725,0.07539988376148213,0.5333450759641871,0.11320075040102395,0.8007315105793251,0,344943.9219981552,0.5628659769295264
bi14.1,14.1,inside the Turing sliver,seed36,3,i,100,4.758967185141518,10.508813722358612,0.1413716694115407,44.44444444444444,3268.1952946841543,1996.2301965129666,0.6108050518767688,0.07512769937248734,0.5314197652556997,0.10852017460463716,0.7676232094899366,0,350032.6328233554,0.5675145680373136
bi14.1,14.1,inside the Turing sliver,seed36,3,i,200,5.471994778433628,10.103656554881058,0.1413716694115407,44.44444444444444,3127.8054610300715,2342.327383836748,0.7488724644228212,0.07915253107392675,0.5598896257177907,0.10198346435344625,0.7213854429105366,0,334860.74094139715,0.7166430698250149
bi14.1,14.1,inside the Turing sliver,seed36,3,i,400,6.212063887114823,8.344666418606879,0.1413716694115407,44.44444444444444,2385.553405542551,1889.88978485314,0.7922227942842129,0.098260786577385,0.6950528842617149,0.11756806027611787,0.8316239085631137,0,306226.1690686665,0.6664297561378288
bi14.1,14.1,inside the Turing sliver,seed36,3,i,600,6.430454709169268,7.6083635325992205,0.1413716694115407,44.44444444444444,2156.4522449589267,1801.1638984685287,0.8352440461777232,0.10241113715231133,0.7244106091312177,0.1159517366006598,0.8201907573370866,0,294918.8370946082,0.6498905092689702
bi14.1,14.1,inside the Turing sliver,seed9,1,a,50,0.2825360772480599,1.2928085298897796,0.2356194490192345,26.666666666666664,126.76370203894315,29.526388885126636,0.23292463386763362,0.027844347264407224,0.11817508011460541,0.2138002429027096,0.9073964131257105,1,50726.61795284335,0.15780637645921347
bi14.1,14.1,inside the Turing sliver,seed9,1,a,100,0.32079591671127755,1.4578801883891348,0.2356194490192345,26.666666666666664,144.58087961804162,22.911025991006113,0.15846511690572912,0.031974020261600615,0.13570195667077745,0.22597881866850472,0.9590838940042561,1,59486.38031363718,0.25093585382244016
bi14.1,14.1,inside the Turing sliver,seed9,1,a,200,0.44723758675976116,1.9674013760540365,0.17278759594743864,36.36363636363636,386.01879994564575,174.3606817975785,0.451689611547753,0.035524760254241214,0.2055978616951631,0.15021344896976055,0.8693531971788931,1,86704.05211953321,0.3007604248261918
bi14.1,14.1,inside the Turing sliver,seed9,1,a,400,0.7086189438806547,2.931131342973564,0.1413716694115407,44.44444444444444,522.7398130917851,12.476786004894336,0.02386806149525788,0.05156241448375491,0.36472947301523256,0.16983690840400767,1.2013503774197014,1,125135.9572896362,0.298963625735307
bi14.1,14.1,inside the Turing sliver,seed9,1,a,600,0.8420844386590819,3.3780013307730865,0.10995574287564278,57.14285714285713,561.1549125996718,100.11921704994506,0.17841636026337376,0.0460686949031778,0.41897488660760857,0.17093633894855273,1.5545921884396479,1,143951.94336813368,0.19992657802748803
bi14.1,14.1,inside the Turing sliver,seed9,1,i,50,1.5813740518407926,7.301211636812053,0.5811946409141118,10.81081081081081,0.40856455219007837,0.0908599678662001,0.22238827959780735,0.027639523687793273,0.0475563980499225,0.5827587663596128,1.0026912248245112,1,279584.62462953164,0.00026433724387316
bi14.1,14.1,inside the Turing sliver,seed9,1,i,100,1.8037722360416781,8.447581067683313,0.8011061266653974,7.84313725490196,0.05542179947241183,0.009611976774894004,0.17343314122593054,0.05394981903568275,0.06734415983091874,0.8001156712382385,0.9987636401792586,1,334443.04015164357,6.385753510328103e-05
bi14.1,14.1,inside the Turing sliver,seed9,1,i,200,2.5158246312413524,11.318924724871907,0.17278759594743864,36.36363636363636,1526.922916485924,86.56194117903692,0.05669044602346493,0.017397149552097632,0.10068517625182875,0.12404444558293651,0.7179013337315624,1,482605.8252136563,0.09491739448917347
bi14.1,14.1,inside the Turing sliver,seed9,1,i,400,3.991648441389715,13.674922507400398,1.1466813185602747,5.479452054794519,0.009060928906989998,0.0012533581561304337,0.1383255700376965,0.028179478805510506,0.02457481285287833,1.1913291405425737,1.038936556530246,1,552680.6587877752,3.147746031058614e-06
bi14.1,14.1,inside the Turing sliver,seed9,1,i,600,4.745901436380483,13.082039527979198,1.0838494654884787,5.797101449275361,0.013760529544342854,0.0007705834966083361,0.05599955249724628,0.0242999452528289,0.02242003712376902,1.1659326138684418,1.0757329786041543,1,534557.3088523491,5.251350941347449e-06
bi14.1,14.1,inside the Turing sliver,seed9,2,a,50,0.27418492963137564,1.257572703452898,0.17278759594743864,36.36363636363636,399.745881872661,64.44174402765117,0.161206773977922,0.030885673474496476,0.1787493674250308,0.17441860257345365,1.0094393733362155,1,81074.72010571443,0.25161725655746175
bi14.1,14.1,inside the Turing sliver,seed9,2,a,100,0.31065825724706975,1.4190687195692655,0.17278759594743864,36.36363636363636,427.03585315453165,58.95415459095193,0.13805434404501432,0.02706834595252533,0.15665676580603288,0.17279026903416944,1.000015470362419,1,85637.45147374764,0.2549264119975672
bi14.1,14.1,inside the Turing sliver,seed9,2,a,200,0.3852274454349181,1.7267239878521103,0.17278759594743864,36.36363636363636,465.6383714747293,64.19694362684749,0.13786867139735182,0.024891400450582163,0.1440577971705448,0.1703265856176001,0.9857570196729448,1,93892.01374407986,0.2513924717487415
bi14.1,14.1,inside the Turing sliver,seed9,2,a,400,0.544220462549655,2.3505240185253093,0.17278759594743864,36.36363636363636,667.0801991914345,258.79978240936725,0.38795902310255576,0.03594893742115354,0.20805276689010174,0.17026866827914977,0.9854218258291231,1,122916.90721029504,0.3866695530573055
bi14.1,14.1,inside the Turing sliver,seed9,2,a,600,0.6450452715248756,2.725744394301065,0.17278759594743864,36.36363636363636,811.8547461297793,538.6343496891251,0.663461477877499,0.06672314350726619,0.38615702210222963,0.1110253276982173,0.642553807693411,0,144379.56434700824,0.40496174463665235
bi14.1,14.1,inside the Turing sliver,seed9,2,i,50,1.5344449156918067,7.130741882897448,0.5497787143782138,11.428571428571429,1.111841918465488,0.8297574151487628,0.7462908182972225,0.10789887796322505,0.19625874036475935,0.13458919989471507,0.24480613085745262,0,416800.7633860003,0.0008329522650638771
bi14.1,14.1,inside the Turing sliver,seed9,2,i,100,1.748570590954031,8.369308058531995,0.5183627878423159,12.12121212121212,1.300314118067459,0.7326971863693418,0.5634770677244391,0.09443770532607063,0.18218457717454484,0.13765571979165708,0.26555864545109176,0,450366.6590822212,0.0009274525547793023
bi14.1,14.1,inside the Turing sliver,seed9,2,i,200,2.167564723279643,10.512091306006383,0.5183627878423159,12.12121212121212,1.5382827275260695,0.3049581864439026,0.19824586273184583,0.04804211665804355,0.0926804890027287,0.49868271056456603,0.9620341626765528,1,499359.54963298654,0.0007628337447310859
bi14.1,14.1,inside the Turing sliver,seed9,2,i,400,3.0656834852815575,13.0288853813707,0.17278759594743864,36.36363636363636,3014.697639059908,188.21436362911845,0.06243225230634092,0.01759491730319478,0.10182974771260253,0.12447180590081805,0.7203746612614595,1,583091.1776994093,0.27144387333490005
bi14.1,14.1,inside the Turing sliver,seed9,2,i,600,3.6354818693922772,13.797791981112503,0.17278759594743864,36.36363636363636,3460.9719847830615,656.6484985950001,0.18972950416302192,0.04478586504710537,0.2591960655597585,0.12950303980821096,0.7494926883964825,1,585248.845147188,0.3097242441152565
bi14.1,14.1,inside the Turing sliver,seed9,3,a,50,0.29168894319321986,1.3332841181029271,0.1413716694115407,44.44444444444444,317.95351235503165,32.5964656428427,0.10251959602963907,0.05114021375335675,0.36174301376101586,0.1636494358632662,1.1575829623039513,1,65558.98374839338,0.33549488820059775
bi14.1,14.1,inside the Turing sliver,seed9,3,a,100,0.3245344679983983,1.4778893236919182,0.1413716694115407,44.44444444444444,353.0152124105278,44.97268359571552,0.12739587987901205,0.04930388207687532,0.34875362427353823,0.15769664188845117,1.1154755584684197,1,68490.90248962594,0.27050691913783037
bi14.1,14.1,inside the Turing sliver,seed9,3,a,200,0.4100390075246176,1.822791691434712,0.1413716694115407,44.44444444444444,530.2885125633687,116.5358366151504,0.219759308101596,0.037338620510640616,0.26411671211115034,0.12332876375156535,0.8723725500655194,1,83990.56638820982,0.3107106741311188
bi14.1,14.1,inside the Turing sliver,seed9,3,a,400,0.6251320303930752,2.638793470989993,0.1413716694115407,44.44444444444444,787.0157477377343,345.6795928655178,0.4392283049725103,0.04082128622107594,0.2887515326868139,0.10375812299013784,0.7339385848807674,1,123539.76291743311,0.34403733363267475
bi14.1,14.1,inside the Turing sliver,seed9,3,a,600,0.7496077600859813,3.075823888183936,0.1413716694115407,44.44444444444444,610.6810790530136,228.34131211816987,0.3739125379031883,0.06378633544435476,0.4511960261194146,0.17118154228227006,1.2108617164585584,1,128367.31663969584,0.3029398462792103
bi14.1,14.1,inside the Turing sliver,seed9,3,i,50,1.635394137405663,7.58358100876869,0.5183627878423159,12.12121212121212,0.9768438658253384,0.7746062133298446,0.7929682935311032,0.10144756968350425,0.1957076627853237,0.11902462825977095,0.22961645984506474,0,344742.17065914127,0.0008508994886070799
bi14.1,14.1,inside the Turing sliver,seed9,3,i,100,1.8257099327198834,8.71033355374731,0.5183627878423159,12.12121212121212,1.199570507680785,0.8157736267444184,0.680054754198327,0.08290251800304281,0.15993146102968614,0.12257344366415873,0.23646266001147662,0,367870.81518496317,0.0009486966009162414
bi14.1,14.1,inside the Turing sliver,seed9,3,i,200,2.3049382662688527,10.998398487404096,0.8639379797371932,7.272727272727272,0.03860951721853489,0.008397756066731307,0.21750481932210952,0.058378499423628244,0.06757255820769308,0.8761242238926209,1.014105461782262,1,482695.0736333742,3.2958035497638586e-05
bi14.1,14.1,inside the Turing sliver,seed9,3,i,400,3.5214437417958164,13.73338128535983,0.958185759344887,6.557377049180327,0.027849100549382416,0.002662934496969995,0.09562012576485342,0.019865367220508117,0.020732271406423423,0.9533929995759338,0.994998089126027,1,608576.1403948364,7.2302504070364235e-06
bi14.1,14.1,inside the Turing sliver,seed9,3,i,600,4.2251432128052695,13.766657156263495,1.1466813185602747,5.479452054794519,0.010517890364173242,0.0003636677310359,0.03457610969920831,0.036556814831492986,0.031880535803436826,1.1716009641268488,1.021731971353525,1,542669.4032411845,7.231940030408646e-06
bi15,15.0,3B_big,nucl,1,a,50,1.0565650538922962,3.8702962707199897,0.2356194490192345,26.666666666666664,539.5440611954865,446.71933706464114,0.8279571015476097,0.08971643246354942,0.3807683654171754,0.10234419833097849,0.4343622682974008,0,154600.26640475105,0.4230373183118921
bi15,15.0,3B_big,nucl,1,a,100,1.1420154205841213,4.102563150132257,0.2356194490192345,26.666666666666664,586.2086838643357,532.9299112247832,0.909112959077415,0.10007643603846395,0.42473758620110486,0.10600232828586262,0.44988785402519654,0,164082.19316772994,0.5319556236615992
bi15,15.0,3B_big,nucl,1,a,200,1.1910580027617226,4.228972224212412,0.2356194490192345,26.666666666666664,633.1909434662856,609.330103722539,0.9623165176477021,0.10291641046548235,0.4367908120228262,0.10524504586149741,0.44667384759441425,0,168274.058724978,0.568927006360008
bi15,15.0,3B_big,nucl,1,a,400,1.2354726350833662,4.334403777054503,0.26703537555513246,23.529411764705877,700.3131117217612,693.7674899133219,0.9906532925074808,0.10177350709875672,0.3811236877780054,0.1024005070101528,0.3834716909595787,0,172537.72345410645,0.5960533097357074
bi15,15.0,3B_big,nucl,1,a,600,1.2543226333381226,4.370225406026667,0.26703537555513246,23.529411764705877,694.1284193722867,691.331961331021,0.9959712670404786,0.10325046726346522,0.386654640977139,0.10352712898175026,0.38769068991900635,0,172776.6033064656,0.5946405028100094
bi15,15.0,3B_big,nucl,1,i,50,6.132006177595258,6.485932510559219,0.1413716694115407,44.44444444444444,1595.0860756391037,416.6192897970043,0.26118922117107524,0.026731539209702834,0.18908696007462325,0.10697034148238302,0.7566603827177458,1,247440.22968965166,0.24043975401702605
bi15,15.0,3B_big,nucl,1,i,100,6.6615646691054105,6.137154843442991,0.1413716694115407,44.44444444444444,1391.9771344971512,700.911376862049,0.5035365592519246,0.04347792197403938,0.3075433865569824,0.08203158974637367,0.5802547999031914,0,231903.69032864287,0.2728405735533264
bi15,15.0,3B_big,nucl,1,i,200,6.968674513977766,5.455923095146702,0.2356194490192345,26.666666666666664,1284.8222500059276,908.6581685088402,0.7072248075596823,0.05431655959305503,0.2305266386928057,0.078663002702126,0.33385615249318595,0,209549.75325144865,0.4899745512015341
bi15,15.0,3B_big,nucl,1,i,400,7.240776099443436,4.774969866354814,0.2356194490192345,26.666666666666664,1261.226031141384,1160.4194553950895,0.9200725538030113,0.07650223367480757,0.3246855639177834,0.08224521514418873,0.3490595342894412,0,181552.10239238938,0.7428947862924385
bi15,15.0,3B_big,nucl,1,i,600,7.338798329555988,4.452936343635939,0.2356194490192345,26.666666666666664,1203.943266084164,1168.9176281866153,0.9709075677531966,0.08277962553673776,0.3513276424391441,0.08490386166174291,0.3603431805615159,0,169683.17196418252,0.7772699717243715
bi15,15.0,3B_big,nucl,2,a,50,1.0399085192537147,3.828906742974047,0.20420352248333656,30.769230769230766,492.5150273642583,430.68576481623717,0.8744621806183125,0.08150714498959342,0.3991466160738955,0.17261254222808672,0.8452965949310315,0,154829.09175964992,0.31554787535653217
bi15,15.0,3B_big,nucl,2,a,100,1.1276557140565329,4.070484546424864,0.20420352248333656,30.769230769230766,507.3495720771277,467.90181661432655,0.922247385956592,0.16870350174748286,0.8261537298468954,0.17885943032330573,0.8758880755247551,0,163231.08220279304,0.6584928719776411
bi15,15.0,3B_big,nucl,2,a,200,1.1863716513195643,4.214358640091735,0.20420352248333656,30.769230769230766,503.0945380219693,480.06047731087676,0.9542152439148789,0.17318215199494733,0.8480860167780865,0.17743995709701804,0.8689368084309002,0,168454.96531071977,0.6893893718529538
bi15,15.0,3B_big,nucl,2,a,400,1.2290604588786254,4.319288482407811,0.2984513020910303,21.05263157894737,477.11524082787855,463.889267565492,0.9722792899270265,0.16968852376315738,0.5685635230078536,0.1717174766804614,0.5753617942939516,0,170210.7619428443,0.6983421637617723
bi15,15.0,3B_big,nucl,2,a,600,1.2609254340753198,4.382490815309102,0.26703537555513246,23.529411764705877,520.306696283673,510.933264498315,0.9819847950212666,0.15925279714180168,0.5963734086194964,0.16060453290101642,0.6014354186861576,0,172150.08413522138,0.6838173942350302
bi15,15.0,3B_big,nucl,2,i,50,6.0263291965067385,6.735928015020107,0.1413716694115407,44.44444444444444,1422.1543701160624,692.7342967989827,0.4871020413504396,0.09483909357745793,0.670849357386989,0.16208979455644112,1.1465507568181064,1,239582.12385806703,0.6094543125013473
bi15,15.0,3B_big,nucl,2,i,100,6.577190126013756,6.453381687250849,0.20420352248333656,30.769230769230766,1425.788655000315,936.0512472192881,0.6565147253321927,0.09120819740165508,0.44665339898383905,0.1223838427021142,0.599322877557614,0,226452.73527919996,0.5998735241872869
bi15,15.0,3B_big,nucl,2,i,200,6.925374129110574,5.736823700972095,0.20420352248333656,30.769230769230766,1392.3599290454144,1099.1683549059785,0.7894283166131874,0.06384146780134863,0.3126364669177449,0.0993066908580954,0.48631233022044973,0,210897.41153806256,0.5032088746005347
bi15,15.0,3B_big,nucl,2,i,400,7.202296183693409,4.972763642494831,0.20420352248333656,30.769230769230766,1123.4223940594538,913.4302439091632,0.8130781874558418,0.09064952879775297,0.44391755683426154,0.11049609182036854,0.541107667863003,0,191859.08332249272,0.626183932184674
bi15,15.0,3B_big,nucl,2,i,600,7.372915912520885,4.615068094227169,0.20420352248333656,30.769230769230766,960.6658357778186,833.1909305228805,0.8673056743485356,0.11116894024178159,0.5444026571620635,0.12289326244480683,0.6018175443317104,0,179461.59572161647,0.7751836252938897
bi15,15.0,3B_big,nucl,3,a,50,1.0227937837702203,3.7790522836516094,0.20420352248333656,30.769230769230766,397.8315832196547,323.4326580694238,0.8129888920630189,0.1775972149252978,0.8697069118373809,0.20627427743865218,1.0101406426790929,0,154545.5531980253,0.636388515390764
bi15,15.0,3B_big,nucl,3,a,100,1.1141784490565598,4.033853074508463,0.2984513020910303,21.05263157894737,467.5850285902439,426.38411759099023,0.9118857352565943,0.17113834017004106,0.5734213219074592,0.18017391720094583,0.6036962008160084,0,165521.1090427237,0.6846954530518271
bi15,15.0,3B_big,nucl,3,a,200,1.1816678686884536,4.205248021496382,0.2984513020910303,21.05263157894737,618.0708191918262,601.9333119309287,0.9738905206979379,0.14414399278694712,0.48297324145358195,0.14674457292671095,0.49168682427779303,0,171492.17062822057,0.6143587265875454
bi15,15.0,3B_big,nucl,3,a,400,1.2345797568836778,4.329062012271631,0.2984513020910303,21.05263157894737,727.1715006821695,721.0339528573659,0.991559696964133,0.10712064601584886,0.3589216909604104,0.10954780375127354,0.36705419940791706,0,173504.54409418284,0.5571575376640463
bi15,15.0,3B_big,nucl,3,a,600,1.2587326989891559,4.383092203835364,0.2984513020910303,21.05263157894737,766.9522578690865,763.9523723465879,0.9960885628906896,0.08879590233291021,0.29752224805448046,0.08920236290373512,0.2988841471917171,0,174860.3516626493,0.5681387457280507
bi15,15.0,3B_big,nucl,3,i,50,5.915014000856877,7.148374386544098,0.10995574287564278,57.14285714285713,2014.0833368999104,726.5758034190117,0.3607476364594534,0.03485708485717855,0.31701013467392103,0.09272675341483189,0.8433097807333588,1,259807.76617141906,0.3399144662525081
bi15,15.0,3B_big,nucl,3,i,100,6.490707749652863,6.810270658173453,0.20420352248333656,30.769230769230766,1210.9370900797849,441.5862728297633,0.36466491649097027,0.03371978782494815,0.16512833576462796,0.18838703942972318,0.9225454935288687,1,239790.31547615846,0.29624283949179614
bi15,15.0,3B_big,nucl,3,i,200,6.903899019765854,5.989267296384126,0.20420352248333656,30.769230769230766,1163.887843438224,863.329471253336,0.7417634578113532,0.07554607441863367,0.369954805381961,0.14098112692118187,0.6903951763745222,0,209816.42731323215,0.5770184090506365
bi15,15.0,3B_big,nucl,3,i,400,7.222275260335207,5.090501949885504,0.20420352248333656,30.769230769230766,913.6295770704869,806.4251067689627,0.88266090219488,0.14443899810024752,0.7073286314737006,0.1524212032243772,0.7464180900053528,0,185267.92419282426,0.8942337705527169
bi15,15.0,3B_big,nucl,3,i,600,7.366885038286448,4.646274425189841,0.2984513020910303,21.05263157894737,792.4837463754975,739.1136117274012,0.9326546003092305,0.1481480752107731,0.496389441670409,0.15261136908348202,0.5113442897191119,0,173234.20922025514,0.9098921066777657
bi15,15.0,3B_big,random,1,a,50,1.3500453930924023,4.526213104865022,0.2984513020910303,21.05263157894737,239.38490314818935,236.43154931542813,0.9876627398222645,0.27815247392011205,0.9319861296342177,0.2799533528584516,0.9380202093173087,0,178715.55489845315,0.5621292441880034
bi15,15.0,3B_big,random,1,a,100,1.3277948507415474,4.520273985828037,0.2984513020910303,21.05263157894737,321.78927535425834,318.10301710067364,0.9885444962405087,0.19431232304378937,0.6510687729702797,0.1959855489692423,0.6566751345901817,0,178343.22883909266,0.49995975012439425
bi15,15.0,3B_big,random,1,a,200,1.312678929518962,4.513604046890318,0.2984513020910303,21.05263157894737,409.51832340457605,404.0994691259627,0.9867677367069607,0.16013881436163355,0.5365659765585133,0.16365179232599694,0.5483366672532783,0,178480.83179230525,0.510663478190672
bi15,15.0,3B_big,random,1,a,400,1.3038644826760268,4.504246511726325,0.2984513020910303,21.05263157894737,401.8823711201852,395.70053272962645,0.984617791585812,0.16760194467618697,0.5615721677269375,0.16950892350433566,0.5679617489242312,0,178111.88225380244,0.5329987860454105
bi15,15.0,3B_big,random,1,a,600,1.3017804279529341,4.502890516844024,0.2984513020910303,21.05263157894737,397.1619719518333,391.44835725558323,0.9856138928201741,0.17001050898707537,0.5696423764813083,0.17169617160175668,0.5752904088499765,0,178063.87527083812,0.5374324237477358
bi15,15.0,3B_big,random,1,i,50,8.104323465263844,2.261236025833143,0.26703537555513246,23.529411764705877,316.5169087816703,274.9509675833686,0.8686770278456959,0.1742098608807124,0.6523849528121596,0.19582553697104116,0.7333318162956682,0,90142.3463972239,0.6449232495366874
bi15,15.0,3B_big,random,1,i,100,7.968829000854492,2.5674784423109682,0.26703537555513246,23.529411764705877,416.9124436894626,357.0949084769859,0.8565225477965541,0.13566990070155843,0.5080596547162264,0.15943033945520108,0.5970382730144489,0,105418.28807417059,0.6425874812340291
bi15,15.0,3B_big,random,1,i,200,7.877406969487667,2.793347641090335,0.26703537555513246,23.529411764705877,512.15271052932,424.6797178754119,0.8292052529342215,0.1151922548074759,0.43137451196496307,0.1353267984128299,0.5067747976518197,0,118272.55822315154,0.6048102868601029
bi15,15.0,3B_big,random,1,i,400,7.823077981424332,2.842396940236454,0.26703537555513246,23.529411764705877,489.6077710985638,392.0025263616038,0.800646046695793,0.10828219688694149,0.40549757372721357,0.13883980716613195,0.5199303907862459,0,118343.17621470237,0.6698261372383513
bi15,15.0,3B_big,random,1,i,600,7.810647967755795,2.869242134699709,0.26703537555513246,23.529411764705877,488.8711018665972,400.71562603529446,0.8196754205869208,0.11000702546144055,0.4119567500476294,0.14329694931750558,0.5366215956204661,0,119230.5779936758,0.6634135691006658
bi15,15.0,3B_big,random,2,a,50,1.318242137152735,4.474107411535401,0.2984513020910303,21.05263157894737,253.03097472560472,248.37297126170728,0.9815911729030458,0.2362389170869535,0.791549292738212,0.23850333923608133,0.7991365343862218,0,177220.58260825585,0.5692699214061117
bi15,15.0,3B_big,random,2,a,100,1.294201938987022,4.45827078349604,0.2984513020910303,21.05263157894737,305.8642061545971,302.60764832487325,0.9893529292928187,0.20905703696404804,0.7004728593889122,0.2102306022042794,0.7044050427367784,0,176909.64469667512,0.5777748537459194
bi15,15.0,3B_big,random,2,a,200,1.2793655923815102,4.442440484685857,0.2984513020910303,21.05263157894737,322.30653736795864,319.82033507244023,0.9922862182200168,0.15156310719051272,0.5078319515734081,0.1520853388786267,0.5095817569334622,0,176455.13956777955,0.47714484685634406
bi15,15.0,3B_big,random,2,a,400,1.2742080452510505,4.4364961819793365,0.2984513020910303,21.05263157894737,336.8360849303517,334.3866123612274,0.9927279983389226,0.14844289427491586,0.4973772713835889,0.1488928491268647,0.49888490378055395,0,176151.18329144182,0.4986225792081232
bi15,15.0,3B_big,random,2,a,600,1.2713671928204942,4.432625263615951,0.3298672286269283,19.047619047619047,334.5199760585396,331.54309250225174,0.9911010290286314,0.15036541792917077,0.4558361815905949,0.15090415383418856,0.4574693717297314,0,175970.81758091634,0.5068378635144736
bi15,15.0,3B_big,random,2,i,50,7.9132004196286205,2.302005649794646,0.26703537555513246,23.529411764705877,328.2113555017827,246.27373071771925,0.7503510362741901,0.08625641109975676,0.3230149223504215,0.11694881404844992,0.43795251398931045,0,90438.39624564693,0.500500609082353
bi15,15.0,3B_big,random,2,i,100,7.766057412433624,2.5313247147623867,0.26703537555513246,23.529411764705877,374.0815113418114,325.1766700792109,0.8692668849439222,0.10501572689334124,0.39326522441091166,0.1256309106049179,0.4704654218331458,0,99679.60748039719,0.6057850637986187
bi15,15.0,3B_big,random,2,i,200,7.676352935099602,2.642020345586674,0.26703537555513246,23.529411764705877,393.82767430790466,357.02117930940767,0.9065416236601983,0.11658638509456808,0.4365952820003712,0.20303961446752272,0.7603472537877398,0,103542.09950444072,0.6254840185209954
bi15,15.0,3B_big,random,2,i,400,7.645283939313889,2.692893533563742,0.26703537555513246,23.529411764705877,410.6995242873126,375.071181845691,0.9132496135625005,0.11909026951928325,0.4459718839562353,0.20393350423834808,0.763694712037296,0,107145.2737503249,0.6319017243937818
bi15,15.0,3B_big,random,2,i,600,7.628590026724338,2.722055886213529,0.26703537555513246,23.529411764705877,423.8914921374931,382.7215323075215,0.9028761827174918,0.1109416338004166,0.4154566920947575,0.12957416623950369,0.48523221303595276,0,108961.21020226475,0.6256000061159929
bi15,15.0,3B_big,random,3,a,50,1.3232743740180621,4.482438315812834,0.4241150082346221,14.814814814814813,218.98081376162423,211.9933047420516,0.9680907706043187,0.3200965217390477,0.7547399066858039,0.3237500013074068,0.7633542671715757,0,178525.2479071349,0.6329901766379166
bi15,15.0,3B_big,random,3,a,100,1.303581247966419,4.477620667590671,0.3298672286269283,19.047619047619047,235.93002211180354,229.23351572309005,0.9716165567706339,0.3073698790663016,0.9317987735420948,0.3116267393762166,0.9447035423111362,0,178743.13630130736,0.6649200550131802
bi15,15.0,3B_big,random,3,a,200,1.2938711460907586,4.470516114736466,0.3298672286269283,19.047619047619047,271.727561001687,265.6425958548967,0.9776063748397148,0.24812617513411664,0.7522001387253331,0.2507770026323788,0.760236182527854,0,178275.55705541477,0.5670589230632651
bi15,15.0,3B_big,random,3,a,400,1.2881415731115038,4.467599952596831,0.3298672286269283,19.047619047619047,308.6573339894926,303.1193972558578,0.9820579778161911,0.22773884387182602,0.6903954806901811,0.23004950886458564,0.6974003141268876,0,177702.54440992684,0.5818154977617366
bi15,15.0,3B_big,random,3,a,600,1.287792279109442,4.468014440583068,0.3298672286269283,19.047619047619047,316.3961733261059,310.35657592649557,0.980911281776517,0.22473718571265813,0.6812958857663013,0.2271103640210245,0.6884902297399198,0,177745.84184659034,0.5378636680948248
bi15,15.0,3B_big,random,3,i,50,7.944775568068027,2.217594453191355,0.20420352248333656,30.769230769230766,343.46482744118185,252.4344509265212,0.734964487651215,0.09126788875432651,0.4469457120249929,0.1291550746023397,0.6324821091804576,0,86068.04378283677,0.4423963636841893
bi15,15.0,3B_big,random,3,i,100,7.8214579161882405,2.4456840976413603,0.20420352248333656,30.769230769230766,369.52703742832944,267.65565648062,0.7243195473417351,0.11038709309221827,0.5405738928975923,0.15457962332661623,0.7569880354988991,0,97646.51115412598,0.45936270694221065
bi15,15.0,3B_big,random,3,i,200,7.763298889994621,2.5619238481716144,0.2356194490192345,26.666666666666664,398.5356822961917,309.1820685209745,0.7757951979095071,0.12811486467817404,0.5437363732554843,0.17323929512329814,0.735250404176762,0,105167.7436619036,0.5896458344565287
bi15,15.0,3B_big,random,3,i,400,7.728951965296268,2.607585621372275,0.2356194490192345,26.666666666666664,417.3039355411145,342.9860060336924,0.8219093490909576,0.1452580633847102,0.6164943683101993,0.18512285992652083,0.7856858196430488,0,108716.19577988455,0.5929531337294012
bi15,15.0,3B_big,random,3,i,600,7.7269201016187665,2.6270152334412122,0.2356194490192345,26.666666666666664,418.34983058113454,335.6162244000044,0.8022382223360676,0.1369285785763231,0.5811429368258352,0.1877948179450868,0.7970259616800834,0,109134.20472661963,0.5865790704458939
bi15,15.0,3B_big,seed144,1,a,50,1.0400209009951351,3.8827617837064974,0.2356194490192345,26.666666666666664,320.7341895088671,257.5514942197928,0.8030060487601135,0.17185574089106015,0.7293784176408583,0.19628251854143539,0.8330488818238944,0,156550.9124621321,0.4430271145833102
bi15,15.0,3B_big,seed144,1,a,100,1.0658138576067484,3.9648951829478216,0.2356194490192345,26.666666666666664,317.591946535417,276.15827226469605,0.8695380197051049,0.18647735259036632,0.7914344650519214,0.2006445936797384,0.851562103701206,0,159621.1647060921,0.5258229671424214
bi15,15.0,3B_big,seed144,1,a,200,1.0830221889434963,4.018802738076438,0.2356194490192345,26.666666666666664,319.3624480114472,293.0514227811366,0.9176139042202998,0.1912489515211853,0.8116857598863705,0.19999089751985105,0.8487877310311723,0,160943.30498308374,0.536869704825729
bi15,15.0,3B_big,seed144,1,a,400,1.0877904583898024,4.034417968583904,0.26703537555513246,23.529411764705877,316.1534834984334,292.76611722468283,0.9260252772958408,0.19372685196947223,0.7254726141311384,0.20144852334532912,0.7543889004464047,0,160908.4925489906,0.539031238703919
bi15,15.0,3B_big,seed144,1,a,600,1.0897472593035686,4.040085446300929,0.26703537555513246,23.529411764705877,316.301630167168,292.97839372306294,0.9262626739173663,0.193372582421149,0.7241459376651954,0.20102454668781228,0.7528011832511251,0,160915.60735686967,0.5389923065349501
bi15,15.0,3B_big,seed144,1,i,50,6.234431699237227,4.204985123866649,0.2356194490192345,26.666666666666664,655.7582324050604,293.16802106454304,0.4470672369438952,0.06208603624956479,0.2635013217626889,0.19929359143781977,0.8458282721030839,1,170487.6436342863,0.3687468169761317
bi15,15.0,3B_big,seed144,1,i,100,6.391455953291058,3.846300896481381,0.10995574287564278,57.14285714285713,738.150474978875,4.621819370451021,0.006261351211056651,0.01729005404505916,0.15724557529126773,0.08972777504656512,0.816035367502769,1,157505.7445125149,0.14955714663642627
bi15,15.0,3B_big,seed144,1,i,200,6.497587763679028,3.5396976449709663,0.20420352248333656,30.769230769230766,685.6875185370712,381.00840719119907,0.555658950893679,0.07017296345530281,0.3436422770867191,0.11044962471779235,0.5408801149686596,0,148377.02199002495,0.4555292540205264
bi15,15.0,3B_big,seed144,1,i,400,6.526784033989906,3.4281418556948657,0.20420352248333656,30.769230769230766,674.5443853064359,359.48879011643277,0.5329357088238488,0.0717107858170258,0.3511731087933488,0.1146435198492326,0.561417934691052,0,145420.7436573545,0.46426533783498747
bi15,15.0,3B_big,seed144,1,i,600,6.538500105214119,3.408649569886719,0.20420352248333656,30.769230769230766,671.6426753672492,358.096399500727,0.5331650483717738,0.07214405429533094,0.3532948571012924,0.11504497867712354,0.5633839087497203,0,145172.91836935063,0.46479170107546075
bi15,15.0,3B_big,seed144,2,a,50,1.0473639215879047,3.910049133615165,0.2356194490192345,26.666666666666664,261.084180602332,248.74420384349108,0.9527356397834135,0.16295241547465333,0.691591530974809,0.1692566351327933,0.7183474701996109,0,155151.45353544183,0.3343304122067926
bi15,15.0,3B_big,seed144,2,a,100,1.0639143127721407,3.9628105489767984,0.2356194490192345,26.666666666666664,271.3900310535037,261.0160294800677,0.9617745665411312,0.1598677908074782,0.6784999772850993,0.1650180814714401,0.7003584897525545,0,156658.0971548165,0.3382618138878711
bi15,15.0,3B_big,seed144,2,a,200,1.0777531781268301,4.004555428156043,0.2356194490192345,26.666666666666664,282.7191929304713,276.3211281598521,0.9773695421796401,0.15774713646029212,0.6694996406999264,0.16070235898486973,0.6820419946392073,0,157811.46676343313,0.3443615750554954
bi15,15.0,3B_big,seed144,2,a,400,1.0790836883312058,4.010143477987034,0.2356194490192345,26.666666666666664,279.42520935273393,272.7740478632839,0.9761969884361654,0.1596436224385395,0.677548577178394,0.1627262468415756,0.6906316414834314,0,157688.58884968664,0.3424681803854167
bi15,15.0,3B_big,seed144,2,a,600,1.0800773938502757,4.0128734054014,0.2356194490192345,26.666666666666664,279.71449812938476,272.76794765348626,0.9751655687411479,0.15935924722655273,0.6763416512935807,0.16245079379297672,0.6894625824361182,0,157814.4469243014,0.34342580706954784
bi15,15.0,3B_big,seed144,2,i,50,6.280857218033075,3.7469086067695425,0.20420352248333656,30.769230769230766,678.4237268509347,431.2617436113354,0.635681988324818,0.084042233603337,0.4115611355832269,0.16978741756274146,0.8314617470743996,0,130493.71475909256,0.45506277117107463
bi15,15.0,3B_big,seed144,2,i,100,6.381872293287516,3.520176548123131,0.20420352248333656,30.769230769230766,648.853170393484,449.7983967651634,0.6932206195315223,0.08947166549581459,0.4381494717022605,0.12447405887371424,0.6095588232757914,0,125995.09632301374,0.5767644728432051
bi15,15.0,3B_big,seed144,2,i,200,6.466185216879845,3.309340623073061,0.20420352248333656,30.769230769230766,656.6600905441225,536.3626465050547,0.8168040881860404,0.10204787544542473,0.49973611720508915,0.1214884006164649,0.5949378303519647,0,123799.45401715042,0.602122316516108
bi15,15.0,3B_big,seed144,2,i,400,6.4745191198587415,3.2633110873385798,0.20420352248333656,30.769230769230766,649.0805184019299,524.0235276137319,0.8073320840130976,0.10069221037996327,0.493097323471391,0.12113701412398425,0.5932170642838411,0,123176.62003513068,0.5973395029606852
bi15,15.0,3B_big,seed144,2,i,600,6.4804657487988475,3.2532351400547204,0.20420352248333656,30.769230769230766,643.9422881440854,513.0317209829277,0.7967045035379541,0.10025093948847157,0.4909363867445149,0.12166043663410792,0.5957803036626641,0,122791.89373793715,0.5972919267700698
bi15,15.0,3B_big,seed144,3,a,50,1.0470522908411493,3.9188930798114145,0.3298672286269283,19.047619047619047,219.6595256401796,147.73406835223528,0.6725593525783893,0.19654385251345935,0.5958271554636475,0.292923570045322,0.888004459444534,0,153675.77828032564,0.40557012447038887
bi15,15.0,3B_big,seed144,3,a,100,1.0657035547696585,3.97525060788776,0.26703537555513246,23.529411764705877,251.67751619823764,198.01150779543633,0.7867667751435911,0.19517541133262495,0.7308972113783808,0.26723623926068446,1.0007521988617967,0,157016.4164313135,0.4367095721145046
bi15,15.0,3B_big,seed144,3,a,200,1.0758246488886685,4.010126994344993,0.26703537555513246,23.529411764705877,286.9815190756207,250.7190932593456,0.8736419476310604,0.19192552204643085,0.7187269538631059,0.20549755904949055,0.7695518192010603,0,159478.63115599717,0.516117214136899
bi15,15.0,3B_big,seed144,3,a,400,1.081576991672676,4.026758133187377,0.26703537555513246,23.529411764705877,303.9097718456694,271.46716817399044,0.8932492250096062,0.14108267347993375,0.528329526328266,0.1979656596230118,0.7413461950929403,0,160637.07293973624,0.4550432378397408
bi15,15.0,3B_big,seed144,3,a,600,1.0807763548600398,4.024763901774448,0.26703537555513246,23.529411764705877,305.1777100324907,272.21205401420275,0.891978821078452,0.14072411882212185,0.5269868028892216,0.19687720295864708,0.7372701184229412,0,160560.0173696165,0.40461565139690964
bi15,15.0,3B_big,seed144,3,i,50,6.277470288667082,4.108062200304393,0.1413716694115407,44.44444444444444,1534.1449813644388,308.48668736698073,0.20108053092388872,0.03381377246978437,0.23918351258448128,0.09197471924832062,0.6505880536826453,1,185198.12995570304,0.3310715904441968
bi15,15.0,3B_big,seed144,3,i,100,6.392603697085381,3.922216890216114,0.1413716694115407,44.44444444444444,1231.3970956527387,316.02817280724037,0.25664196701691927,0.04430579796489615,0.31339941127751375,0.10674700264271589,0.7550805835925266,1,172517.5734943843,0.2861134163963808
bi15,15.0,3B_big,seed144,3,i,200,6.454730392175913,3.746782637676192,0.1413716694115407,44.44444444444444,973.6679474046904,340.963157265359,0.3501842267419765,0.04732497610484757,0.3347557279463254,0.14134374360718052,0.9998024653420561,1,160726.0940064755,0.23711059245870694
bi15,15.0,3B_big,seed144,3,i,400,6.489198750191927,3.691344166502495,0.1413716694115407,44.44444444444444,893.9337980154501,319.2462905257373,0.3571252046118741,0.043620005394327976,0.3085484211645527,0.14565650485095372,1.030309010689685,1,156641.10215143938,0.2201525808878542
bi15,15.0,3B_big,seed144,3,i,600,6.484663420122862,3.682498420282356,0.1413716694115407,44.44444444444444,890.0084703956303,305.68101040044826,0.34345854064126563,0.04207602952402756,0.2976270259746451,0.1454905598451301,1.029135189891541,1,156258.03146969015,0.2199534549633574
bi15,15.0,3B_big,seed1,0,a,50,0.033864654502862704,0.16434009093035948,0.5811946409141118,10.81081081081081,5.176044705533298,5.05302447916317,0.9762327736005417,0.18341568211703996,0.31558391837295846,0.18614008257060333,0.3202715053907575,0,45369.55856221597,0.06450602134620043
bi15,15.0,3B_big,seed1,0,a,100,0.033902421222389234,0.16449015652382123,0.5811946409141118,10.81081081081081,5.1862769357376175,5.0592681947091505,0.9755106133740613,0.18319487546467536,0.3152039997762947,0.18600194653197877,0.3200338293543658,0,45410.38977580145,0.06449032050935526
bi15,15.0,3B_big,seed1,0,a,200,0.03390242122313429,0.164490156524332,0.5811946409141118,10.81081081081081,5.186276935984799,5.059268194888695,0.9755106133621869,0.18319487546021784,0.3152039997686251,0.18600194652893964,0.3200338293491367,0,45410.38977605659,0.0644903205100823
bi15,15.0,3B_big,seed1,0,a,400,0.03390242122313429,0.164490156524332,0.5811946409141118,10.81081081081081,5.186276935984799,5.059268194888695,0.9755106133621869,0.18319487546021784,0.3152039997686251,0.18600194652893964,0.3200338293491367,0,45410.38977605659,0.0644903205100823
bi15,15.0,3B_big,seed1,0,a,600,0.03390242122313429,0.164490156524332,0.5811946409141118,10.81081081081081,5.186276935984799,5.059268194888695,0.9755106133621869,0.18319487546021784,0.3152039997686251,0.18600194652893964,0.3200338293491367,0,45410.38977605659,0.0644903205100823
bi15,15.0,3B_big,seed1,0,i,50,0.2029755830588301,1.1218088139003957,0.5497787143782138,11.428571428571429,0.44445575033669,0.4257346058980528,0.9578784965107205,0.15847830993707795,0.28825835884954737,0.1632351374956708,0.29691061735681373,0,294339.64727693715,0.0006902114649239262
bi15,15.0,3B_big,seed1,0,i,100,0.2034145260945396,1.1244881147249464,0.5497787143782138,11.428571428571429,0.44568658500920694,0.4265754305800282,0.9571197449688015,0.15828012152348897,0.28789787124170474,0.1631302434635984,0.2967198241716118,0,295008.94328877906,0.0006902797139928335
bi15,15.0,3B_big,seed1,0,i,200,0.2034145261562881,1.124488115161546,0.5497787143782138,11.428571428571429,0.4456865887804775,0.4265754338339103,0.9571197441707621,0.15828012102987266,0.28789787034385933,0.16313024309835028,0.29671982350725706,0,295008.94339578936,0.0006902797193534579
bi15,15.0,3B_big,seed1,0,i,400,0.2034145261562881,1.124488115161546,0.5497787143782138,11.428571428571429,0.4456865887804775,0.4265754338339103,0.9571197441707621,0.15828012102987266,0.28789787034385933,0.16313024309835028,0.29671982350725706,0,295008.94339578936,0.0006902797193534579
bi15,15.0,3B_big,seed1,0,i,600,0.2034145261562881,1.124488115161546,0.5497787143782138,11.428571428571429,0.4456865887804775,0.4265754338339103,0.9571197441707621,0.15828012102987266,0.28789787034385933,0.16313024309835028,0.29671982350725706,0,295008.94339578936,0.0006902797193534579
bi15,15.0,3B_big,seed36,1,a,50,0.6814714789413194,2.8304031694155696,0.17278759594743864,36.36363636363636,367.20355288774846,194.62054949876782,0.5300072615535448,0.07195957702753017,0.4164626322448517,0.17897480529748896,1.0358081800729055,0,104488.55124386618,0.27529084154643724
bi15,15.0,3B_big,seed36,1,a,100,0.7503797904473398,3.066753737799095,0.17278759594743864,36.36363636363636,404.1454191896809,185.06234293816004,0.45791028216826873,0.071162483347208,0.41184949045101227,0.22290927156634854,1.2900768156653835,1,115132.51067119373,0.2806240758315829
bi15,15.0,3B_big,seed36,1,a,200,0.8809041391252728,3.479654568675076,0.17278759594743864,36.36363636363636,476.6566369128233,262.8704123841626,0.5514879937195535,0.08928144285887016,0.516712107540574,0.20900583812153267,1.2096113553493244,0,132116.32535639938,0.3282787332979312
bi15,15.0,3B_big,seed36,1,a,400,1.0198367811350957,3.8941012704688984,0.20420352248333656,30.769230769230766,553.1038168998393,516.0270549961928,0.932965998840032,0.12808198355193187,0.6272271016401474,0.13293646730092723,0.6509998734805131,0,152941.9496509293,0.48831647283486995
bi15,15.0,3B_big,seed36,1,a,600,1.0371441668174728,3.9478264645412606,0.20420352248333656,30.769230769230766,565.7462086226789,532.6252067306207,0.9414560780306562,0.12183236472014335,0.5966222484241678,0.12623950142887866,0.6182043281803822,0,155113.20881587497,0.48071154898512464
bi15,15.0,3B_big,seed36,1,i,50,4.077463395972271,9.696636271921264,0.1413716694115407,44.44444444444444,2435.1022780938506,227.96714585421114,0.09361707222936823,0.020787547929688167,0.1470418225675363,0.11468020215424438,0.8111964910055919,1,373238.8313781369,0.26302431258849035
bi15,15.0,3B_big,seed36,1,i,100,4.494494579915144,10.219736829312009,0.9896016858807849,6.349206349206349,0.02721327315013363,0.00019725311933539713,0.007248415809710436,0.016567163585789725,0.016741244302796724,1.029129924832536,1.039943584894532,1,400684.5025459782,2.314981828733524e-05
bi15,15.0,3B_big,seed36,1,i,200,5.276636886304989,9.829961683771169,0.1413716694115407,44.44444444444444,3218.344890655829,257.2805630409266,0.07994188683379375,0.019538024202127875,0.13820325022301047,0.11298253765406288,0.79918797114268,1,385397.8446583048,0.2004169936243972
bi15,15.0,3B_big,seed36,1,i,400,6.117494153049588,7.620407436770524,0.1413716694115407,44.44444444444444,2228.550916763416,1600.7476890902476,0.7182908306241691,0.10150262555248732,0.717984204154848,0.12813147730088864,0.9063447990268183,0,305741.08763932146,0.7900386580019172
bi15,15.0,3B_big,seed36,1,i,600,6.2228333515912295,7.353330995164427,0.17278759594743864,36.36363636363636,2048.1668394741855,1471.3856434950485,0.7183914977711431,0.1080572301416495,0.6253760841404387,0.1297944629417399,0.7511792859322084,0,296908.17108810204,0.7792438420288331
bi15,15.0,3B_big,seed36,2,a,50,0.6614841927993422,2.7599417517235687,0.1413716694115407,44.44444444444444,341.0436234782624,105.61792578352541,0.3096903695378938,0.04977731176877461,0.3521024543034158,0.2660591116046413,1.8819832340674185,1,132612.7095104977,0.1280418874837363
bi15,15.0,3B_big,seed36,2,a,100,0.728574376144824,2.9972232648443726,0.2356194490192345,26.666666666666664,355.7970341117363,139.80922120316964,0.3929465616603854,0.1863963489983524,0.7910906751298623,0.2652322471577513,1.1256806187340647,1,141147.87628462873,0.5206834701171762
bi15,15.0,3B_big,seed36,2,a,200,0.8557530709423099,3.4045053127038227,0.2356194490192345,26.666666666666664,510.78083457181174,339.41799409769584,0.6645080847291978,0.15279782992698432,0.6484941313758478,0.19393103994616814,0.8230688967035859,0,151936.4105068281,0.5641595687504151
bi15,15.0,3B_big,seed36,2,a,400,0.9965655287560535,3.835995543460822,0.2356194490192345,26.666666666666664,696.5004340595729,599.2975889418669,0.8604410846506494,0.06797047085804207,0.2884756379024271,0.10912021976593117,0.46312059645391696,0,159392.44910142192,0.3559738128671912
bi15,15.0,3B_big,seed36,2,a,600,1.0293689112045947,3.9294114783133685,0.2356194490192345,26.666666666666664,685.4117774049392,592.643832906513,0.8646537051790121,0.07121001986261581,0.30222471090152947,0.11697227215758763,0.496445741828548,0,159825.81049265142,0.3519934903084723
bi15,15.0,3B_big,seed36,2,i,50,3.9562141577836125,9.619923514399794,0.6440264939859076,9.75609756097561,0.4150512939274533,0.0017834061735805817,0.004296833185857512,0.01602348929274381,0.02488017099044132,0.7279031482905288,1.1302378940740543,1,385602.35033685545,0.00023200594694450878
bi15,15.0,3B_big,seed36,2,i,100,4.365884475518205,10.052458853745176,0.6440264939859076,9.75609756097561,0.5124851580064818,0.05966338820527356,0.11641973874396369,0.05045732361228998,0.0783466582252035,0.6518559855042173,1.012157095385708,1,387560.7175722532,0.00028867686105980383
bi15,15.0,3B_big,seed36,2,i,200,5.125603092117608,9.94945641549053,0.1413716694115407,44.44444444444444,2391.9294232356474,233.43016329761167,0.09759074035798367,0.022240028923335604,0.15731602389580376,0.12458249178637498,0.8812408618003124,1,358853.29631020746,0.2682413505081188
bi15,15.0,3B_big,seed36,2,i,400,5.976258413110673,8.260314747577473,0.1413716694115407,44.44444444444444,1670.3110215786644,349.19850803811937,0.20906196721858464,0.03334674626103212,0.2358799779321974,0.18006831663358108,1.2737227860653773,1,291582.7010589823,0.35889512475830176
bi15,15.0,3B_big,seed36,2,i,600,6.17601985141486,7.767442590446714,0.2356194490192345,26.666666666666664,1432.7760801033683,373.34435765387457,0.2605741140143402,0.05547197011472275,0.23543035324810713,0.18352464319825246,0.7789027771780871,1,269706.42148254224,0.5012325385632297
bi15,15.0,3B_big,seed36,3,a,50,0.6915284901720117,2.8687056402243334,0.17278759594743864,36.36363636363636,453.0646483545557,381.4579071156992,0.8419502790630023,0.17562382632769194,1.016414548536899,0.19306319533831334,1.1173440678984994,0,125964.4594562224,0.6313758818883646
bi15,15.0,3B_big,seed36,3,a,100,0.7390926994582118,3.0378530457583977,0.17278759594743864,36.36363636363636,471.4393928998516,403.1707395843078,0.8551910291254634,0.1744168497011028,1.0094292286707882,0.18807239500761588,1.0884600481670388,0,131034.05328429776,0.6394352396650824
bi15,15.0,3B_big,seed36,3,a,200,0.8275904438131052,3.3204443237611674,0.17278759594743864,36.36363636363636,515.1484038484723,468.09055822105955,0.9086518656063729,0.17220803882060565,0.996645840671287,0.1795667608783586,1.0392340948651322,0,138988.077465097,0.6505685742593182
bi15,15.0,3B_big,seed36,3,a,400,0.9520816389328632,3.7050854748282407,0.20420352248333656,30.769230769230766,511.3790781921751,472.32295798078036,0.9236258934380621,0.17192491252720013,0.8419292205952499,0.17990851223022297,0.8810255084845752,0,148341.2749993875,0.6161843593342378
bi15,15.0,3B_big,seed36,3,a,600,0.9960173403655572,3.8348016455396907,0.20420352248333656,30.769230769230766,526.495597352591,485.77580400075544,0.9226588150848948,0.16446158231444621,0.8053807315095,0.17321908557010318,0.8482668832719975,0,153006.8412058014,0.616232055361951
bi15,15.0,3B_big,seed36,3,i,50,4.135165788236656,9.534399068032736,0.1413716694115407,44.44444444444444,2958.4452192252793,1673.8926828835463,0.565801479779262,0.07576580229462421,0.535933420111676,0.1120778892151983,0.792788892440206,0,330344.05362183694,0.5551297156534336
bi15,15.0,3B_big,seed36,3,i,100,4.4292707104606786,9.87887637718002,0.1413716694115407,44.44444444444444,3028.410198267636,1825.6825461706785,0.6028518023136487,0.07655256999644551,0.5414986631698941,0.110800482356854,0.78375308729154,0,336645.57845006825,0.5526516584434483
bi15,15.0,3B_big,seed36,3,i,200,4.960362061414216,9.90946269171795,0.1413716694115407,44.44444444444444,3177.540808106787,2428.348875483899,0.7642227188045888,0.08069716747822683,0.5708156932299706,0.1012738353873488,0.7163658447898433,0,338265.7197843343,0.7263627761205022
bi15,15.0,3B_big,seed36,3,i,400,5.710352746391297,8.60168371698625,0.1413716694115407,44.44444444444444,2463.761671171543,1763.4059379220776,0.7157372235130034,0.09192969970465796,0.6502696055533274,0.11712676552390983,0.8285023867331395,0,314830.1772371056,0.6866145100594405
bi15,15.0,3B_big,seed36,3,i,600,5.975575340110064,7.906766252604668,0.17278759594743864,36.36363636363636,2260.130685857504,1538.7752989076516,0.6808346563923728,0.09507381042160365,0.5502351595338172,0.12390407813293944,0.7170889637855173,0,312681.0015944652,0.6640521713541696
bi15,15.0,3B_big,seed9,1,a,50,0.24293381999289868,1.1201760633737647,0.2356194490192345,26.666666666666664,111.4756167863516,30.39420568230004,0.2726533977430419,0.02993044468326538,0.12702875254080592,0.21456155650031822,0.9106275283871101,1,43991.57690820163,0.15619500539906447
bi15,15.0,3B_big,seed9,1,a,100,0.27024883414094475,1.2379063471783462,0.2356194490192345,26.666666666666664,117.06958574887774,24.70925993841732,0.21106472514065583,0.038234490321607306,0.16227221683421422,0.23737871786030657,1.0074665688609112,1,49761.56119166796,0.238798775921924
bi15,15.0,3B_big,seed9,1,a,200,0.36974577646319734,1.6487990152353704,0.17278759594743864,36.36363636363636,253.27496986078552,72.88190802101838,0.28775803649716536,0.03342812452274022,0.19346368203947312,0.21539671647568714,1.2465982601043308,1,74225.20636555599,0.25728602889634955
bi15,15.0,3B_big,seed9,1,a,400,0.577540020597314,2.4549394249058576,0.1413716694115407,44.44444444444444,463.0000350229414,41.01594160328261,0.08858734017428378,0.05519195094876079,0.39040319166136456,0.1497088113854542,1.0589732158403224,1,110850.94638072827,0.29374019853118033
bi15,15.0,3B_big,seed9,1,a,600,0.7243992295269235,2.979366739754047,0.1413716694115407,44.44444444444444,500.1838020896758,193.1862736670712,0.3862305673633863,0.07339942736304977,0.5191947415530619,0.16409285596636997,1.1607195179161862,1,126650.86280235203,0.25609462103233716
bi15,15.0,3B_big,seed9,1,i,50,1.4526426744351115,6.470193310406102,0.5811946409141118,10.81081081081081,0.26199691067719205,0.13683306238836904,0.5222697551459371,0.0777442770678453,0.13376633505355093,0.2030435354600898,0.3493554846630035,0,248372.40608721937,0.00035105975036368745
bi15,15.0,3B_big,seed9,1,i,100,1.61635502373137,7.322674536289176,0.8639379797371932,7.272727272727272,0.03278789843644825,0.006860062008258505,0.20922542570256972,0.0476582493222464,0.05516397060902898,0.890394807883377,1.0306235271127122,1,287325.78986353497,4.633085927035737e-05
bi15,15.0,3B_big,seed9,1,i,200,2.2118407473672517,9.808616956825858,0.9267698328089891,6.779661016949152,0.02877310552614725,0.0017673275642399663,0.06142289933333496,0.023350992578754524,0.025196107762786076,0.9548835336436714,1.030335148857264,1,434824.5510175051,1.9490287784404866e-05
bi15,15.0,3B_big,seed9,1,i,400,3.458665243753302,12.399897400500748,1.2409290981679684,5.063291139240506,0.005357302918941485,2.993403402043633e-05,0.00558751940544568,0.018427204837574675,0.014849522720338713,1.3141461339698572,1.0590017881843388,1,529878.7708208831,4.295067388208423e-06
bi15,15.0,3B_big,seed9,1,i,600,4.343011381233018,12.322052762949326,1.1780972450961724,5.333333333333333,0.00882767704501186,0.000253481432944189,0.028714398097223152,0.02024835226117188,0.01718733520976779,1.2695072967207286,1.0775912616764451,1,486262.6202664594,7.088950560934531e-06
bi15,15.0,3B_big,seed9,2,a,50,0.2373524530173514,1.0993100994758895,0.17278759594743864,36.36363636363636,315.9321431628786,59.637253733813,0.1887660215157881,0.03515288625712282,0.20344565860975458,0.18210054525723673,1.0538982515424953,1,70179.5487431814,0.228354974658032
bi15,15.0,3B_big,seed9,2,a,100,0.2633508594518168,1.213309201176752,0.17278759594743864,36.36363636363636,356.8936579606155,66.60838799703214,0.18663371150288868,0.0325395327126565,0.1883209991679895,0.1755223744800785,1.0158274007902268,1,74893.25849923513,0.241384309661824
bi15,15.0,3B_big,seed9,2,a,200,0.3257431176532708,1.4738473342954124,0.17278759594743864,36.36363636363636,450.32683215927716,52.989870867343086,0.11766980575699068,0.02058241033322874,0.1191197216465112,0.15320441753599487,0.8866632856133903,1,89402.92353801803,0.25777559752824647
bi15,15.0,3B_big,seed9,2,a,400,0.47016754275394085,2.0580808329440754,0.17278759594743864,36.36363636363636,458.70161671802,24.84473775163184,0.054163178951481164,0.02122825241043335,0.12285750197537852,0.17913011323656713,1.0367070173894766,1,113333.10739629492,0.21425510558777108
bi15,15.0,3B_big,seed9,2,a,600,0.5778989776024845,2.4660438755866316,0.10995574287564278,57.14285714285713,498.8005648066347,180.17563829272325,0.3612177912480316,0.09014787548373836,0.8198559995696939,0.1806209417029741,1.6426694684537935,1,126849.18835331016,0.3025034509501487
bi15,15.0,3B_big,seed9,2,i,50,1.4198773487918936,6.428594222979518,0.5497787143782138,11.428571428571429,0.5762358295494815,0.4531973152187936,0.7864788893344533,0.15034053397801056,0.2734564471962906,0.17186988871555553,0.3126164840883957,0,367391.6874324734,0.00079322228437943
bi15,15.0,3B_big,seed9,2,i,100,1.5761706136565568,7.331355491703481,0.5497787143782138,11.428571428571429,0.8771701016903971,0.3668495900928833,0.41821944157230895,0.08518185718121417,0.15493844151014968,0.5650424910299782,1.0277634914786167,1,403691.4243346531,0.0005648850342562668
bi15,15.0,3B_big,seed9,2,i,200,1.9500678726870844,9.196346896340506,0.958185759344887,6.557377049180327,0.02710361117300899,0.004772670869232276,0.1760898515982667,0.05877605666631106,0.061340983304214766,0.9706651771626866,1.0130240067712255,1,519867.8473088874,2.4309408962435108e-05
bi15,15.0,3B_big,seed9,2,i,400,2.81771658797008,11.700058330531093,1.429424657383356,4.395604395604395,0.0025323941751676108,4.06036123816152e-05,0.016033685742831795,0.016735211256457216,0.011707655363306788,1.4616303216691884,1.022530508424828,1,544228.8428950799,2.1794391270613603e-06
bi15,15.0,3B_big,seed9,2,i,600,3.464186104832287,12.600459898097768,0.10995574287564278,57.14285714285713,5783.012232969679,107.48278436087912,0.01858595140921651,0.016590477900714905,0.15088323235175014,0.08205240367921005,0.7462311793210227,1,513924.28932617937,0.35715695149306353
bi15,15.0,3B_big,seed9,3,a,50,0.25207743467151433,1.1607237068298248,0.17278759594743864,36.36363636363636,247.33937779397746,37.54814093053224,0.15180818058743623,0.06780308577762222,0.3924071366688131,0.16995767195125336,0.9836219493611906,1,56060.458740691756,0.3864866664895144
bi15,15.0,3B_big,seed9,3,a,100,0.2779895093435757,1.2756752048050497,0.17278759594743864,36.36363636363636,272.9825093857991,44.696368488619584,0.16373345160166053,0.06498376450183427,0.37609044877042036,0.1645797995713503,0.952497768540138,1,59152.75307812192,0.39935482883758905
bi15,15.0,3B_big,seed9,3,a,200,0.3568286579132378,1.5982057606641726,0.1413716694115407,44.44444444444444,411.8116279248104,111.04402350685336,0.2696476155042617,0.04742800777851967,0.3354845279534341,0.13710360253684994,0.9698096026420528,1,72617.70370570489,0.2837366458050202
bi15,15.0,3B_big,seed9,3,a,400,0.5025391916295264,2.177162830497435,0.1413716694115407,44.44444444444444,512.2449317309664,157.60039183794356,0.30766608330390677,0.033220556585628835,0.23498736857185984,0.12299356193848479,0.87000148226618,1,94641.78142429804,0.24746390327230042
bi15,15.0,3B_big,seed9,3,a,600,0.5998812850367093,2.5404699864717077,0.1413716694115407,44.44444444444444,492.8425191291537,191.37818250599685,0.3883150805335538,0.055084411869512316,0.3896425082819003,0.16419229697842355,1.1614229191879368,1,101410.27422752915,0.24855719868984066
bi15,15.0,3B_big,seed9,3,i,50,1.5073613075955243,6.759168189462676,0.5811946409141118,10.81081081081081,0.5275939149391099,0.3857265722579588,0.7311050437389444,0.12791968916778826,0.22009784702521384,0.16165445771389952,0.27814168668115546,0,298703.16467574076,0.000708769712234805
bi15,15.0,3B_big,seed9,3,i,100,1.6641239465864965,7.655443116965759,0.5497787143782138,11.428571428571429,0.6855032709682983,0.3186170658671667,0.46479291837237846,0.08583761050360526,0.1561312001696637,0.5516709302548342,1.0034417772589839,1,323854.75732027716,0.000570710778059865
bi15,15.0,3B_big,seed9,3,i,200,2.1347950189661775,9.855380885529891,0.6440264939859076,9.75609756097561,0.292710151207662,0.004566647584818617,0.01560126140476361,0.01674545678827474,0.0260011924115674,0.6345080344861813,0.98522039141462,1,430403.37970587105,7.480916310379895e-05
bi15,15.0,3B_big,seed9,3,i,400,3.0128549096342407,11.867055249889725,1.052433538952581,5.970149253731342,0.014771249142887934,0.0022842777524907064,0.15464350579927366,0.055685750007668566,0.05291141715522388,1.0481057199424015,0.9958877982789425,1,499320.4703350786,1.026609558395294e-05
bi15,15.0,3B_big,seed9,3,i,600,3.597511617097771,12.40482792228847,0.6440264939859076,9.75609756097561,0.5435772941969275,0.03167504372724805,0.05827146215524742,0.020230465993382792,0.03141247476974988,0.6268836460836017,0.9733817660261023,1,495990.9735137296,0.00012055360995396597
bi20,20.0,3L,nucl,1,a,50,0.6328982466121778,2.5149202656530063,0.26703537555513246,23.529411764705877,243.7778460028167,192.30272112864975,0.7888441229660706,0.10714596139915138,0.40124257385902,0.16798938770015,0.6290903868108167,0,103686.68781955016,0.3986900399886834
bi20,20.0,3L,nucl,1,a,100,0.6803499852833397,2.6799265433636945,0.26703537555513246,23.529411764705877,280.97724512404636,235.004322659013,0.8363820442301755,0.10754513384452614,0.4027374036902547,0.1556364063211562,0.5828306680251931,0,109302.51995960293,0.4276703020849516
bi20,20.0,3L,nucl,1,a,200,0.700908990274368,2.756970789624488,0.26703537555513246,23.529411764705877,312.0368009382341,281.4948856720268,0.9021207909632015,0.11351093283318647,0.42507826012644107,0.14821434265562217,0.555036359311958,0,112936.98373278999,0.4593415754869217
bi20,20.0,3L,nucl,1,a,400,0.7295833111495451,2.851798817547586,0.26703537555513246,23.529411764705877,342.33735518293344,323.71205816389624,0.9455937345514501,0.11863436801713759,0.44426461389436467,0.1267296194875374,0.4745798912375661,0,115865.43362845032,0.4928331314029354
bi20,20.0,3L,nucl,1,a,600,0.7459981030315278,2.899779137933201,0.26703537555513246,23.529411764705877,365.3054343903964,353.5140439760211,0.9677218313654377,0.11338484258006412,0.42460607454855565,0.11586671099041823,0.43390023044529635,0,116775.90539352906,0.504522770223175
bi20,20.0,3L,nucl,1,i,50,4.779124736614525,6.332940821157731,0.1413716694115407,44.44444444444444,1456.1853884111072,218.74926060593475,0.15022074960154588,0.020463096444614883,0.14474679778340654,0.09482790622660459,0.670770223067504,1,232043.10578796623,0.1506118839566015
bi20,20.0,3L,nucl,1,i,100,5.159589874744415,6.211606163519378,0.1413716694115407,44.44444444444444,1400.2466623755984,297.394836150949,0.21238746296770433,0.022398263672304596,0.1584353057832402,0.0944657902704161,0.6682087766497331,1,232110.46635097524,0.14478416430476126
bi20,20.0,3L,nucl,1,i,200,5.341107772278786,5.97311751415415,0.1413716694115407,44.44444444444444,1150.882762778842,376.6872979321399,0.3273029279043304,0.02711690735654755,0.19181288209597883,0.10503012233556497,0.7429361397000732,1,223735.5912641986,0.12345459276559928
bi20,20.0,3L,nucl,1,i,400,5.569279170399904,5.768240644164744,0.2356194490192345,26.666666666666664,1081.9377528580517,629.4857465218588,0.5818132742470686,0.057383671284723554,0.2435438650059788,0.09033973693844619,0.38341375177000525,0,210492.71538789614,0.4442429743348529
bi20,20.0,3L,nucl,1,i,600,5.681617610046268,5.526243962399155,0.2356194490192345,26.666666666666664,1138.9553678750679,835.097287757029,0.733213356125673,0.06837701016893395,0.2902010443261502,0.08840943929052128,0.3752213141085144,0,201677.2170669305,0.6370114208870695
bi20,20.0,3L,nucl,2,a,50,0.6435447056704119,2.547017415213474,0.20420352248333656,30.769230769230766,248.99667081344379,225.27289281782117,0.9047225092684182,0.08932844149010544,0.4374480929798595,0.20551990631017217,1.0064464305552958,0,105067.78346488636,0.2397655594818983
bi20,20.0,3L,nucl,2,a,100,0.6879300847679469,2.7014286765594924,0.20420352248333656,30.769230769230766,257.5152222128298,237.558788864606,0.9225038691820309,0.1980421678983332,0.9698273834355323,0.20510294798925752,1.0044045543141615,0,110373.98137203451,0.5448188952198998
bi20,20.0,3L,nucl,2,a,200,0.7148136807505674,2.797870842962702,0.20420352248333656,30.769230769230766,253.60815404409067,236.0672798196158,0.9308347387701685,0.19625833644195365,0.9610918266993594,0.2014994720451973,0.9867580617353948,0,113212.79234497587,0.6244296118535663
bi20,20.0,3L,nucl,2,a,400,0.7345827075215277,2.8699143193894545,0.20420352248333656,30.769230769230766,245.72713380449227,231.96627170541595,0.9439994196569889,0.19442721374972602,0.9521246812262589,0.19799287202057939,0.9695859778164994,0,115289.31492775155,0.5926485418911543
bi20,20.0,3L,nucl,2,a,600,0.7526662199138474,2.919929351261475,0.26703537555513246,23.529411764705877,271.5634938214673,261.5031558913262,0.9629540120118094,0.18541299989047982,0.6943387163780449,0.18796775556403542,0.7039058221154199,0,116859.66677591146,0.6014780298135154
bi20,20.0,3L,nucl,2,i,50,4.856029703996331,6.198217256201889,0.1413716694115407,44.44444444444444,1313.3328572050011,814.8948967146375,0.6204785726970042,0.09916935903022601,0.701479719685127,0.125575508937076,0.8882650212718278,0,224552.81242944242,0.5936446874514036
bi20,20.0,3L,nucl,2,i,100,5.209545081076026,6.147432052299006,0.20420352248333656,30.769230769230766,1276.3903099323707,846.9701604212564,0.6635667427357177,0.1018730595761526,0.4988800307519948,0.1297650985188713,0.6354694421564663,0,227368.75581458036,0.5699597544508659
bi20,20.0,3L,nucl,2,i,200,5.430635496202111,5.846158230301893,0.20420352248333656,30.769230769230766,1238.8560190512194,851.0465079455655,0.6869615959063115,0.05607361149850101,0.2745966906769531,0.1346745247550316,0.6595112714866186,0,218155.10576971783,0.4390741932402056
bi20,20.0,3L,nucl,2,i,400,5.62377347895503,5.612614508923696,0.20420352248333656,30.769230769230766,1199.4833216351599,879.0260791555575,0.7328372669302741,0.06596087815134564,0.3230153787221187,0.09788865548587158,0.479368104406032,0,211260.05958018237,0.4337677602223296
bi20,20.0,3L,nucl,2,i,600,5.733122683772445,5.466518308612083,0.20420352248333656,30.769230769230766,1149.946798044878,894.8299517314078,0.7781490006779305,0.08328494520823611,0.40785263738549044,0.10569881975619042,0.5176150659439073,0,207191.21489996766,0.5747209761643529
bi20,20.0,3L,nucl,3,a,50,0.6520608637087386,2.575644175614332,0.2984513020910303,21.05263157894737,182.04730947140942,144.4854478007452,0.7936697785881679,0.20236205914959202,0.6780404633244648,0.23454261239767016,0.7858656027110666,0,103531.91549525192,0.4852008129385213
bi20,20.0,3L,nucl,3,a,100,0.688245512524518,2.7016113809429423,0.2984513020910303,21.05263157894737,214.09180509697404,182.87594833473293,0.85419406058956,0.19552603531146842,0.6551354741680143,0.21086995552816049,0.7065472794078923,0,109653.31439506281,0.5699577403559447
bi20,20.0,3L,nucl,3,a,200,0.7104677090035373,2.7801371670154933,0.2984513020910303,21.05263157894737,250.4314542946326,225.51558249757278,0.9005082174392267,0.18127135903149802,0.6073733227547073,0.1928174150779431,0.6460598889232926,0,112772.31978911252,0.5096638169671891
bi20,20.0,3L,nucl,3,a,400,0.7376538275701637,2.8729782408743785,0.2984513020910303,21.05263157894737,311.8707846558327,296.8503739991309,0.9518377116558779,0.15022259000051083,0.5033403739504932,0.15762439822105537,0.528141097447712,0,117194.458086566,0.5372234282605641
bi20,20.0,3L,nucl,3,a,600,0.7527282511917825,2.9193882423073143,0.2984513020910303,21.05263157894737,332.9469803675152,323.3293984345687,0.9711137733631632,0.1395369932267241,0.4675368887623887,0.14390261177191896,0.48216446289126047,0,118992.49425882287,0.46558982562407997
bi20,20.0,3L,nucl,3,i,50,4.915650273072719,6.104794060339412,0.10995574287564278,57.14285714285713,1773.242837800518,607.8688613919228,0.3428006860842065,0.0320464505168166,0.291448629045782,0.0879641125322394,0.7999956185255793,1,226430.56062791895,0.33902484374775543
bi20,20.0,3L,nucl,3,i,100,5.22383111089319,6.069159676306051,0.10995574287564278,57.14285714285713,1464.1586249429276,433.97217319854894,0.2963969653325404,0.03129312098386554,0.28459742224885226,0.139532333908801,1.2689863235848318,1,224477.72055576256,0.1174052159106181
bi20,20.0,3L,nucl,3,i,200,5.402589344584942,5.8463467159515465,0.10995574287564278,57.14285714285713,1057.5298256416322,238.67300660918886,0.22568914920615069,0.029712785606871638,0.2702249544207624,0.19458626705896914,1.7696780720134044,1,211915.0683178135,0.14392337727613969
bi20,20.0,3L,nucl,3,i,400,5.625723105785251,5.519133909951926,0.20420352248333656,30.769230769230766,840.7495409339798,418.51614315278806,0.49778932104781515,0.04613277244566553,0.22591565456188475,0.2347524368211153,1.1496003299368727,1,197399.2235076296,0.338778870520111
bi20,20.0,3L,nucl,3,i,600,5.738056084007025,5.301240539005022,0.20420352248333656,30.769230769230766,862.2777085631602,618.1331796768604,0.7168609063394143,0.12233993967004893,0.5991078811093091,0.14231765639470595,0.6969402616760412,0,189533.30709405657,0.7053560377122825
bi20,20.0,3L,random,1,a,50,0.7666377517564956,2.976245061137828,0.4241150082346221,14.814814814814813,101.2888499985679,98.7118029897375,0.9745574462651434,0.3483538023320735,0.8213663642371336,0.35376114028956973,0.8341160614949699,0,115285.00472813737,0.6125309964525114
bi20,20.0,3L,random,1,a,100,0.76397145372591,2.9818211500529674,0.39269908169872414,16.0,115.9567949397346,115.11733118802148,0.9927605471318053,0.3236084914189412,0.8240622565733711,0.32517984982054654,0.8280636878851225,0,116991.03556808535,0.5842279827243113
bi20,20.0,3L,random,1,a,200,0.7642312452749609,2.9913776309887385,0.39269908169872414,16.0,119.39237202207364,118.48812810451273,0.9924262840058682,0.2797897705254213,0.7124788000906862,0.28319311550230053,0.7211453469085629,0,117660.69640287169,0.5370499471636656
bi20,20.0,3L,random,1,a,400,0.7638259575542854,2.9937984795407178,0.39269908169872414,16.0,122.10701121278129,121.54423846240822,0.9953911512141396,0.27667287162942583,0.7045416822280406,0.2782096354774154,0.7084550192324,0,117663.26114871769,0.5444295563422444
bi20,20.0,3L,random,1,a,600,0.764129451765713,2.9947043719542017,0.39269908169872414,16.0,122.15531748679612,121.60444159704446,0.9954903650443935,0.2766291949433675,0.7044304604602957,0.278129734064273,0.7082515519546136,0,117667.48095352613,0.5444543867165846
bi20,20.0,3L,random,1,i,50,6.134263235068321,1.4099393529166835,0.2984513020910303,21.05263157894737,107.69038294632216,45.42286189908583,0.4217912561581908,0.09013996100028061,0.30202569185905953,0.33249273420781805,1.1140602566592415,1,51872.697871313896,0.34805662887862443
bi20,20.0,3L,random,1,i,100,6.112204397255182,1.3653104473169135,0.2984513020910303,21.05263157894737,105.64378192193374,83.60451508777024,0.791381315272776,0.1615600307232732,0.5413279472776298,0.2624815600866709,0.8794786896477056,0,47801.15261243511,0.5847196748806313
bi20,20.0,3L,random,1,i,200,6.1138455139219765,1.329834960003516,0.2984513020910303,21.05263157894737,103.27824123013049,77.39819535925545,0.7494143435962698,0.16152233431596225,0.5412016405500435,0.2550079379231252,0.8544373441712964,0,47613.925504111015,0.5850030782417711
bi20,20.0,3L,random,1,i,400,6.110607437610626,1.318284274171244,0.2984513020910303,21.05263157894737,107.25296353206173,90.64464559256187,0.8451481675419157,0.16698206082247002,0.5594951660540552,0.1876308072772675,0.6286814832526293,0,47827.00116551023,0.6706742067980117
bi20,20.0,3L,random,1,i,600,6.113045982944965,1.3161407101680744,0.2984513020910303,21.05263157894737,107.10691946644467,90.74225010209919,0.8472118379851982,0.16746104072730802,0.5611000506750374,0.1877774594612238,0.6291728605156159,0,47827.554993581754,0.6706214796335666
bi20,20.0,3L,random,2,a,50,0.7667659104229919,2.9770994858484103,0.3612831551628263,17.391304347826082,106.77552041577943,101.17800984925853,0.9475768364815791,0.23789140479375318,0.6584624868174055,0.2438144482298294,0.6748569501391366,0,118233.96316863512,0.4462500469934956
bi20,20.0,3L,random,2,a,100,0.7685679010222135,2.998886067424636,0.3612831551628263,17.391304347826082,119.18942280021939,116.60174735580142,0.9782893868967272,0.24146654588966196,0.6683581629507074,0.2514396742886084,0.6959629052599681,0,118626.76430717064,0.46524777684402685
bi20,20.0,3L,random,2,a,200,0.7688172876522836,3.0104839265211263,0.3612831551628263,17.391304347826082,129.49928419655532,127.38130581719726,0.9836448641975243,0.23260290702956696,0.6438243901095677,0.23796624575916547,0.6586696400276861,0,119507.53667287412,0.4375026997077084
bi20,20.0,3L,random,2,a,400,0.7677297344288015,3.0099863182653155,0.3612831551628263,17.391304347826082,128.11765542011065,125.90289411203318,0.9827130671349312,0.23373944505044247,0.6469702273971194,0.23876555810486566,0.6608820663040785,0,119646.91688252275,0.43786305288045424
bi20,20.0,3L,random,2,a,600,0.7660954233606835,3.0054460630628435,0.3612831551628263,17.391304347826082,125.90380537673252,123.99835463781656,0.9848658209081574,0.23817972637818788,0.659260535606325,0.24428389858430155,0.6761563474339276,0,119611.49832208219,0.4383489839263859
bi20,20.0,3L,random,2,i,50,6.1351885846138,1.5588266611885324,0.10995574287564278,57.14285714285713,197.1017746367379,26.576169059570503,0.13483475279992208,0.021066185610138902,0.19158786125399777,0.2236051367106221,2.033592160470545,1,61653.802602029216,0.05754441403010091
bi20,20.0,3L,random,2,i,100,6.149406341868639,1.472935485374324,0.26703537555513246,23.529411764705877,148.64145087482714,73.78045773117577,0.4963652957969795,0.07285181781504735,0.2728171039645879,0.24727154452512728,0.9259879669915693,1,56571.375111398054,0.30002788744207104
bi20,20.0,3L,random,2,i,200,6.151194446617365,1.438865395925424,0.26703537555513246,23.529411764705877,141.42001943876696,79.09053137661525,0.5592597970958448,0.07921714417389839,0.2966541193623356,0.18762794384426598,0.7026332876466702,0,55439.814446271994,0.293855918715739
bi20,20.0,3L,random,2,i,400,6.141869861412048,1.434733015036401,0.26703537555513246,23.529411764705877,144.7369821785863,78.60219984259871,0.5430692187958844,0.07828235900990047,0.2931535151369418,0.301666207183159,1.1296863067525547,0,56495.51639189257,0.2966166278758447
bi20,20.0,3L,random,2,i,600,6.128753829705715,1.4301088142382044,0.26703537555513246,23.529411764705877,143.63824440173886,84.45213858805172,0.5879502282960886,0.08447158842775465,0.3163310788023834,0.18747291395519705,0.70205272827791,0,56170.86167642435,0.29874805419131656
bi20,20.0,3L,random,3,a,50,0.7639676706287474,2.969731016346784,0.3298672286269283,19.047619047619047,96.95404568536014,95.00104917369242,0.9798564722300946,0.4167323110633917,1.2633334714637738,0.419306397423338,1.2711368727615049,0,117967.70042987679,0.632230549931355
bi20,20.0,3L,random,3,a,100,0.7635287584216217,2.984952006812108,0.3612831551628263,17.391304347826082,100.69371724107357,99.43223646083534,0.9874721003971073,0.4062540643385522,1.1244755215765818,0.4084276873085907,1.1304919187957072,0,117854.6116221663,0.6456409475696867
bi20,20.0,3L,random,3,a,200,0.7625778946237424,2.987187583108846,0.3612831551628263,17.391304347826082,106.79703284066352,105.69145720657093,0.9896478806134805,0.38178993366578895,1.0567609594023848,0.3839571026675002,1.0627594926047828,0,117868.0207127,0.6372965396101536
bi20,20.0,3L,random,3,a,400,0.7629379125224574,2.9907897358651834,0.3612831551628263,17.391304347826082,115.82343428391485,114.88293646262717,0.9918799004095988,0.36277947705806535,1.0041416874101554,0.36384645515561076,1.007094988947462,0,118014.68431759477,0.6409190514920771
bi20,20.0,3L,random,3,a,600,0.7630908857536672,2.991614830774664,0.3612831551628263,17.391304347826082,116.67802100489682,115.74997441452628,0.9920460890373552,0.3618593270646748,1.0015947931521711,0.3629317534690861,1.004563175123725,0,118060.20056673582,0.6414293191081387
bi20,20.0,3L,random,3,i,50,6.112781565356254,1.5578530467434515,0.2356194490192345,26.666666666666664,190.835687728235,160.32611309249398,0.8401264721555172,0.12710668828822466,0.539457539762978,0.14300993916322563,0.6069530327759624,0,57802.59007751895,0.5532598180047122
bi20,20.0,3L,random,3,i,100,6.108541171920299,1.4965413128963299,0.2356194490192345,26.666666666666664,163.91025030571828,140.40041281503454,0.8565688390638523,0.14613207516661614,0.6202037895211563,0.15957527577837072,0.6772585049434692,0,56055.41903081926,0.658584925988446
bi20,20.0,3L,random,3,i,200,6.100363336527348,1.4417862050068662,0.2984513020910303,21.05263157894737,154.58140912769187,130.7619799636999,0.8459101304716665,0.14929068619404082,0.5002179087444752,0.161377286691666,0.5407156395734019,0,54233.54508001546,0.6533920063129978
bi20,20.0,3L,random,3,i,400,6.1036235014677045,1.4165678373101596,0.2984513020910303,21.05263157894737,142.63448522468633,124.42718648565119,0.8723499530260588,0.1589787772557404,0.5326791209885573,0.16811371446152823,0.5632869191177193,0,53183.07687375821,0.6439890300987697
bi20,20.0,3L,random,3,i,600,6.104727492594719,1.4143520428779992,0.2984513020910303,21.05263157894737,141.03416938865783,123.07908458677042,0.8726898248862848,0.16008127935531505,0.5363731980183783,0.16912620492822086,0.5666794004357731,0,53057.86153861911,0.6437254594938339
bi20,20.0,3L,seed144,1,a,50,0.6581871781219091,2.6662955203954093,0.2356194490192345,26.666666666666664,157.93702243338575,126.24804168920738,0.7993568559420952,0.20296493063179583,0.8614099195827719,0.2617081354420479,1.110723824079071,0,106976.33344020613,0.3817369965391365
bi20,20.0,3L,seed144,1,a,100,0.6696201237486701,2.7125781706081487,0.2356194490192345,26.666666666666664,158.27002124244882,131.51344115451226,0.8309434731992043,0.22063211900878704,0.9363917958690074,0.28071555867273096,1.1913938337484826,0,108328.8831207922,0.45029022331171503
bi20,20.0,3L,seed144,1,a,200,0.6766660997397297,2.740208869414198,0.2356194490192345,26.666666666666664,156.94317067290498,131.93681582822688,0.8406661803921663,0.22290705810556713,0.9460469372686224,0.2887580940425314,1.2255274139910197,0,108982.17588230742,0.45307657430069204
bi20,20.0,3L,seed144,1,a,400,0.6804721227110012,2.7544625222658086,0.2356194490192345,26.666666666666664,156.11144486731334,134.0255310383922,0.8585246978676481,0.24139823931919774,1.0245259477688171,0.2885947569330041,1.224834189767777,0,109706.92405048676,0.45826806097503575
bi20,20.0,3L,seed144,1,a,600,0.6807071581480201,2.755368640102216,0.2356194490192345,26.666666666666664,156.4427036417452,134.55210570147221,0.8600727459274636,0.2419810676212173,1.0269995479085576,0.28832382420481056,1.2236843155561135,0,109718.75756424271,0.45826136602285394
bi20,20.0,3L,seed144,1,i,50,5.262342588603497,3.6848028670370927,0.2356194490192345,26.666666666666664,581.9489187741171,215.68793488840544,0.3706303559129465,0.055069964140056854,0.2337241869008924,0.19153453566094586,0.8128978166200116,1,155452.26967543253,0.25837613064121046
bi20,20.0,3L,seed144,1,i,100,5.35632477414608,3.578730864968931,0.1413716694115407,44.44444444444444,735.9800905011424,0.22705331725182987,0.0003085047003068046,0.015717057510330392,0.11117543971683021,0.09231030955037381,0.6529618694793328,1,150320.45319919466,0.11750578045837111
bi20,20.0,3L,seed144,1,i,200,5.412855266663432,3.4495180460923875,0.2356194490192345,26.666666666666664,584.9697114327928,272.64982729646624,0.46609221292612346,0.06003576984173124,0.2547997208703696,0.19080143778310987,0.8097864525926042,1,146296.17767448665,0.27939455098514404
bi20,20.0,3L,seed144,1,i,400,5.443791680979729,3.380141476996463,0.2356194490192345,26.666666666666664,586.9165000352561,287.5985227573195,0.49001608020909854,0.060159260486361256,0.2553238314441955,0.19189116990810007,0.8144114193749569,1,141892.6977525418,0.3800466681108875
bi20,20.0,3L,seed144,1,i,600,5.4456580802321435,3.366788641092441,0.2356194490192345,26.666666666666664,589.0711569769384,288.6018479059052,0.48992697144939945,0.05981978446569556,0.2538830504641926,0.19163080645367653,0.8133064025543705,1,141694.52860846737,0.3807093091402592
bi20,20.0,3L,seed144,2,a,50,0.6694953466260137,2.7096517446978607,0.2356194490192345,26.666666666666664,123.47879247008846,112.66819313350803,0.9124497484926474,0.3530118655814658,1.4982288900635197,0.36749986183797667,1.5597178559227352,0,107707.91049143314,0.6223545736955394
bi20,20.0,3L,seed144,2,a,100,0.6754538016056522,2.734670175897361,0.2356194490192345,26.666666666666664,122.02940203769651,111.42539348283742,0.9131028393338896,0.354788273394057,1.505768198978745,0.3680127713050081,1.56189471131038,0,107739.26665706551,0.6235891721831472
bi20,20.0,3L,seed144,2,a,200,0.6788209031107549,2.7474260268942503,0.2356194490192345,26.666666666666664,122.04257501317397,111.22613777135804,0.9113716074849425,0.35507211197593114,1.506972847334624,0.36872826187630126,1.5649313476078988,0,108030.4950933145,0.6243206996810874
bi20,20.0,3L,seed144,2,a,400,0.6798567863084886,2.752119953877267,0.2356194490192345,26.666666666666664,121.78694392508653,110.87888961801906,0.9104333029837974,0.35505529179787876,1.506901460281805,0.3690825279280723,1.5664348994294723,0,108058.18728880328,0.6241231694591144
bi20,20.0,3L,seed144,2,a,600,0.6800468445115126,2.7530122621974287,0.2356194490192345,26.666666666666664,121.78689590136139,110.879537747909,0.9104389838272373,0.3550580152431618,1.506913018942579,0.3690837300324339,1.5664400013188393,0,108058.31266254486,0.6241224261638834
bi20,20.0,3L,seed144,2,i,50,5.353002810421586,3.37258094836729,0.20420352248333656,30.769230769230766,600.8510849391565,295.0817545871597,0.49110630234950864,0.06727483598137268,0.32944992898867576,0.18327394044983802,0.8975062634621964,1,124916.09133482107,0.4210434767310094
bi20,20.0,3L,seed144,2,i,100,5.403253751644492,3.2799162678995066,0.20420352248333656,30.769230769230766,572.1423137980842,270.11600007412187,0.472113307405977,0.06918764812254811,0.3388171138340377,0.18632118491750704,0.9124288486880104,1,123270.1706256748,0.41152955322941515
bi20,20.0,3L,seed144,2,i,200,5.430479312899709,3.2483123840040578,0.20420352248333656,30.769230769230766,564.1239938315649,262.782528538451,0.4658240589158704,0.07077488621910583,0.34658993810883554,0.18771674216796208,0.9192629974503999,1,123751.31883459113,0.40735052269948857
bi20,20.0,3L,seed144,2,i,400,5.43862380438149,3.218337141199297,0.20420352248333656,30.769230769230766,563.584230969961,264.21718915123324,0.4688157947508577,0.07081015992376909,0.3467626760921685,0.18775957892752182,0.9194727722820912,1,123702.26100194242,0.4067672925628089
bi20,20.0,3L,seed144,2,i,600,5.440374757054448,3.217425501233949,0.20420352248333656,30.769230769230766,563.5656683455695,264.19771285347053,0.46879667746451276,0.0708172616117659,0.3467974535921374,0.18776122476082774,0.919480832051511,1,123711.38612079227,0.40673739748126025
bi20,20.0,3L,seed144,3,a,50,0.6619585979384365,2.6885575437556346,0.3298672286269283,19.047619047619047,114.32104199446232,85.56561707522934,0.748467784954008,0.1996274444411587,0.6051751344688212,0.27449653586049105,0.8321424865485497,0,103960.58808794743,0.3889203204291532
bi20,20.0,3L,seed144,3,a,100,0.6697711526380811,2.7239037802098793,0.2984513020910303,21.05263157894737,123.21567622529872,99.08414790556219,0.804152125289543,0.14135649239188108,0.4736333579431531,0.2715453959162486,0.9098482533456156,0,105877.71290285751,0.29307462247076793
bi20,20.0,3L,seed144,3,a,200,0.6729843795380334,2.7378620404418674,0.2984513020910303,21.05263157894737,127.79872510959477,100.92765222638813,0.7897391162536,0.13550175489295438,0.45401629660716014,0.27228704690320193,0.9123332516745125,0,106179.4691881928,0.30058131568519464
bi20,20.0,3L,seed144,3,a,400,0.6756966887769394,2.748346567699452,0.2984513020910303,21.05263157894737,131.98434077664126,107.38573609750404,0.8136248244724292,0.1328304053843925,0.4450655917858185,0.2712671754531406,0.9089160394093428,0,106756.6182651192,0.30241219151500465
bi20,20.0,3L,seed144,3,a,600,0.6756917178147646,2.7483234832938304,0.2984513020910303,21.05263157894737,131.99078035577534,107.39926378175639,0.8136876188796399,0.13283068401812448,0.445066525384466,0.2712564026910999,0.9088799438655633,0,106754.73255683573,0.3024179989169606
bi20,20.0,3L,seed144,3,i,50,5.29277865588367,3.6247532976003676,0.1413716694115407,44.44444444444444,1236.5837066039642,378.9925309432432,0.3064835230476004,0.04525169824493943,0.320090287065998,0.09311210375499154,0.6586334033018815,1,153413.36034871382,0.32007678238765114
bi20,20.0,3L,seed144,3,i,100,5.357292958661914,3.5632570641202226,0.1413716694115407,44.44444444444444,1251.1673952600781,544.8904939047553,0.4355056693205227,0.04318375605191058,0.30546258830827194,0.09438503278086421,0.6676375342651164,1,150615.63739003363,0.31419500025051444
bi20,20.0,3L,seed144,3,i,200,5.384548092958331,3.522509155755301,0.1413716694115407,44.44444444444444,1158.2835028601173,356.22709694012065,0.30754741482590314,0.03376795256266424,0.23885940304180658,0.09752360988463057,0.6898384258357592,1,150241.25728671614,0.29551390565968605
bi20,20.0,3L,seed144,3,i,400,5.405574093174934,3.5022614937667416,0.1413716694115407,44.44444444444444,1180.9562111027738,464.4873437050247,0.39331462025275915,0.03802335781218532,0.2689602377227168,0.09597780778141696,0.6789041126905015,1,149202.93160629293,0.29776931241324267
bi20,20.0,3L,seed144,3,i,600,5.405533887299895,3.5021901997356473,0.1413716694115407,44.44444444444444,1180.915315169151,464.6274366151803,0.393446871800988,0.03802660039784611,0.2689831743243308,0.0959796377921627,0.6789170573685503,1,149195.7642444892,0.2977597976100181
bi20,20.0,3L,seed1,0,a,50,0.015979118911395227,0.07659084203174225,0.8639379797371932,7.272727272727272,1.1926642347610128,1.1826416966023219,0.9915965131957702,0.2653709678578375,0.30716437300112953,0.26683130190735505,0.3088546957832831,0,21492.274932251825,0.0642056960010385
bi20,20.0,3L,seed1,0,a,100,0.01598208544415296,0.0765972949127325,0.8639379797371932,7.272727272727272,1.1929618976957064,1.182979292515566,0.9916320838080223,0.2653397148840654,0.30712819798104113,0.26679376965186585,0.3088112525542905,0,21494.330901176712,0.06420804924588355
bi20,20.0,3L,seed1,0,a,200,0.015982086360588572,0.07659729681705074,0.8639379797371932,7.272727272727272,1.1929619886778897,1.1829793955777723,0.9916320945722833,0.26533970502571136,0.30712818657009006,0.26679375788699145,0.30881123893656015,0,21494.33151522473,0.06420804995765808
bi20,20.0,3L,seed1,0,a,400,0.015982086360588572,0.07659729681705074,0.8639379797371932,7.272727272727272,1.1929619886778897,1.1829793955777723,0.9916320945722833,0.26533970502571136,0.30712818657009006,0.26679375788699145,0.30881123893656015,0,21494.33151522473,0.06420804995765808
bi20,20.0,3L,seed1,0,a,600,0.015982086360588572,0.07659729681705074,0.8639379797371932,7.272727272727272,1.1929619886778897,1.1829793955777723,0.9916320945722833,0.26533970502571136,0.30712818657009006,0.26679375788699145,0.30881123893656015,0,21494.33151522473,0.06420804995765808
bi20,20.0,3L,seed1,0,i,50,0.12782709889093957,0.5392037353289209,0.8011061266653974,7.84313725490196,0.044812566116535085,0.04357071516329392,0.9722878857235774,0.23330888050804613,0.29123342431444615,0.23747372435968161,0.2964322908728279,0,144004.73463890638,0.00030364911612898834
bi20,20.0,3L,seed1,0,i,100,0.1278566791039989,0.5393919245839678,0.8011061266653974,7.84313725490196,0.04483831708047681,0.04360236775527547,0.9724354211826678,0.23330034478127296,0.2912227693881024,0.2374444555653712,0.2963957553960213,0,144054.00466585602,0.00030368203475006513
bi20,20.0,3L,seed1,0,i,200,0.12785668862048452,0.539391986776354,0.8011061266653974,7.84313725490196,0.044838415677555615,0.04360247737419532,0.9724357276080351,0.2333003836059243,0.2912228178519077,0.2374444499963072,0.29639574844430316,0,144054.02096505696,0.0003036826444387013
bi20,20.0,3L,seed1,0,i,400,0.12785668862048452,0.539391986776354,0.8011061266653974,7.84313725490196,0.044838415677555615,0.04360247737419532,0.9724357276080351,0.2333003836059243,0.2912228178519077,0.2374444499963072,0.29639574844430316,0,144054.02096505696,0.0003036826444387013
bi20,20.0,3L,seed1,0,i,600,0.12785668862048452,0.539391986776354,0.8011061266653974,7.84313725490196,0.044838415677555615,0.04360247737419532,0.9724357276080351,0.2333003836059243,0.2912228178519077,0.2374444499963072,0.29639574844430316,0,144054.02096505696,0.0003036826444387013
bi20,20.0,3L,seed36,1,a,50,0.3927933948580523,1.7274284090195073,0.17278759594743864,36.36363636363636,148.0161025375831,83.7685008918971,0.5659418094097382,0.07228338792051943,0.4183366723992605,0.2447296641635587,1.4163613008309033,0,62390.14133871936,0.18395993464659824
bi20,20.0,3L,seed36,1,a,100,0.399564108470371,1.7558705557180139,0.17278759594743864,36.36363636363636,148.6890312266014,79.54130549462371,0.5349507279619243,0.07072842230252596,0.40933738278320214,0.24757295705359794,1.43281672330755,0,63461.527329034274,0.18234765043946774
bi20,20.0,3L,seed36,1,a,200,0.40422234595309653,1.774555211780607,0.17278759594743864,36.36363636363636,149.78040824093634,71.92383209920412,0.4801951933760766,0.0678147969377285,0.3924749144513679,0.2803256841877415,1.622371575058059,1,65058.028238288345,0.17970112977689626
bi20,20.0,3L,seed36,1,a,400,0.40902175712669486,1.7944083223779468,0.17278759594743864,36.36363636363636,152.2128511656205,63.04557163733645,0.4141934873077012,0.06616324932499477,0.3829166611307064,0.27643862780737344,1.5998754209848782,1,67414.88689482216,0.17858842694752852
bi20,20.0,3L,seed36,1,a,600,0.4142618143624666,1.815649342096972,0.17278759594743864,36.36363636363636,151.23360213440805,61.17047681199546,0.4044767561486139,0.06650851795591498,0.3849148869236344,0.2761786178947767,1.5983706259724177,1,67586.08039012512,0.17810071854551723
bi20,20.0,3L,seed36,1,i,50,3.1392948047001847,7.142114347105985,0.1413716694115407,44.44444444444444,1705.477954164551,254.21215555241406,0.14905625424923358,0.024390196316207143,0.1725253469647157,0.11512249318793777,0.814325060085482,1,272186.7158582518,0.15038011965751236
bi20,20.0,3L,seed36,1,i,100,3.1965824111755006,7.227570477384773,0.1413716694115407,44.44444444444444,1770.1602975111018,241.71900615292748,0.13655204361593218,0.02301703377995616,0.16281220895080692,0.11345483954133026,0.8025288235866904,1,275774.4977236253,0.15405284930603974
bi20,20.0,3L,seed36,1,i,200,3.233040040933713,7.2596631451115305,0.1413716694115407,44.44444444444444,1861.0450113275767,177.2212126955951,0.09522672026571477,0.020306720593424074,0.14364066490797456,0.11104038895165902,0.785450079311254,1,277643.26910441986,0.1608721883153724
bi20,20.0,3L,seed36,1,i,400,3.2721118070932107,7.238563844956088,0.1413716694115407,44.44444444444444,1980.5282449289286,99.26857887714505,0.050122273757679886,0.017890685663715475,0.12655071371927218,0.10850006609434873,0.7674809708761313,1,280162.85413115215,0.16966088536506305
bi20,20.0,3L,seed36,1,i,600,3.313648428260628,7.280096272226263,0.1413716694115407,44.44444444444444,1962.256854554329,70.65624438801956,0.036007643048375094,0.017271339359337463,0.12216973479360738,0.10867867321184299,0.7687443577926028,1,278830.7966477261,0.16889871949403965
bi20,20.0,3L,seed36,2,a,50,0.37478853079784397,1.6497924930857326,0.2984513020910303,21.05263157894737,154.71649999023765,63.085531997035474,0.4077492187388938,0.08907378744264795,0.2984533383455625,0.2973061999586115,0.9961631860059048,1,81430.1753980411,0.3236778115443889
bi20,20.0,3L,seed36,2,a,100,0.3905786678244611,1.7167638617378462,0.2984513020910303,21.05263157894737,161.50111971379997,65.86652170840148,0.40783941204324237,0.09523099876664952,0.3190838776692729,0.2874926303400597,0.9632815414970843,1,83899.6023433951,0.33034514736524156
bi20,20.0,3L,seed36,2,a,200,0.3993329774976904,1.7542758195341208,0.2984513020910303,21.05263157894737,166.30511430058277,69.20192727808104,0.41611424621015725,0.09626305922322,0.32254193078996485,0.28236498710152635,0.9461007042797304,1,84313.07855943425,0.3346900448412087
bi20,20.0,3L,seed36,2,a,400,0.40814452110675137,1.7913226749550624,0.2984513020910303,21.05263157894737,169.58461814632417,74.40748857028198,0.43876319316932577,0.08506033714420626,0.2850057498434438,0.2927971793061156,0.9810551244196275,1,86109.20014428682,0.27931803408131073
bi20,20.0,3L,seed36,2,a,600,0.4179972248491704,1.83127005827716,0.2984513020910303,21.05263157894737,214.37151828305235,134.1470349178431,0.6257689267317579,0.06877660112665737,0.23044496922878188,0.23355990033356105,0.7825728978134033,0,91609.44352963548,0.30365272817713657
bi20,20.0,3L,seed36,2,i,50,2.9934241231678986,6.995318774751445,0.8953539062730911,7.017543859649122,0.07421211717498592,0.025858069688566132,0.3484346043867066,0.08547112378192621,0.09546071467728287,0.9644632948169867,1.0771866722864518,1,292003.16872887773,0.00010721076078815036
bi20,20.0,3L,seed36,2,i,100,3.1230869411174207,7.228765782067896,0.8639379797371932,7.272727272727272,0.07991215542618722,0.02715945983143013,0.339866440675807,0.07283751482320487,0.08430873110285275,0.956431076261254,1.1070598800994915,1,299007.84987855545,0.00013725467002532454
bi20,20.0,3L,seed36,2,i,200,3.1944605251288043,7.246928895244749,0.8639379797371932,7.272727272727272,0.08356008820095996,0.028183976469447515,0.33728993202670804,0.06674711273315762,0.07725914857159288,0.952663169556438,1.1026985639018148,1,296749.6209350211,0.00014227529898121777
bi20,20.0,3L,seed36,2,i,400,3.2644661404838784,7.286150718055855,0.8639379797371932,7.272727272727272,0.09012157088209338,0.027426154674576722,0.3043239748945181,0.05317424642719442,0.06154868482963306,0.9524619498625533,1.1024656540186932,1,292742.7291936412,0.00011891857949297267
bi20,20.0,3L,seed36,2,i,600,3.3432845842907204,7.317385134550254,0.5183627878423159,12.12121212121212,6.443574515731046,1.037359682357538,0.160991337932847,0.027929508622831854,0.053880234611532164,0.49676278938430285,0.9583303451470291,1,292117.13467663486,0.0019411204961051764
bi20,20.0,3L,seed36,3,a,50,0.3931263997879966,1.7276074671028572,0.26703537555513246,23.529411764705877,168.117572889105,141.62230348422747,0.842400357383493,0.23840531013441857,0.8927854956999774,0.2629489045561457,0.9846968927225784,0,75060.83647500665,0.6220174016256367
bi20,20.0,3L,seed36,3,a,100,0.403438887612862,1.7722915645849808,0.26703537555513246,23.529411764705877,171.1941005393138,144.18133364680952,0.8422097092866763,0.23555424115873755,0.8821087493334931,0.26046990213487425,0.9754134694453519,0,75304.67140012197,0.6231965449756567
bi20,20.0,3L,seed36,3,a,200,0.40885870681756253,1.795534203774475,0.26703537555513246,23.529411764705877,171.9197830157378,144.5171202385477,0.8406078561960398,0.23279436334422535,0.871773497650922,0.25868386782376185,0.9687250885242867,0,75138.68166239765,0.6220458648547003
bi20,20.0,3L,seed36,3,a,400,0.4102720767858176,1.8017453973979705,0.26703537555513246,23.529411764705877,174.66779866683757,147.83817282174803,0.8463962673723018,0.2304547077277377,0.8630119033804109,0.2560974868123427,0.9590395515199014,0,75466.23002474662,0.5425632786582011
bi20,20.0,3L,seed36,3,a,600,0.410264762218753,1.801708661243988,0.26703537555513246,23.529411764705877,174.6678516609794,147.83816464908617,0.8463959637863516,0.23045450437760337,0.8630111418703154,0.25609735896477936,0.9590390727535093,0,75466.2400502741,0.5425631921441975
bi20,20.0,3L,seed36,3,i,50,3.1424956578037,6.796753014660275,0.1413716694115407,44.44444444444444,2049.7181389721068,1220.6312655461709,0.5955117644410823,0.07752322843605446,0.5483646671129,0.10929518009432682,0.7731052519169349,0,242977.88752733328,0.5218674265701869
bi20,20.0,3L,seed36,3,i,100,3.2267004111661577,6.946222905532823,0.1413716694115407,44.44444444444444,2049.2198145550897,1212.395077688836,0.5916373973536175,0.07789093908509369,0.5509656878872166,0.10973544592918923,0.7762194956455053,0,242766.97290565225,0.5241070694524862
bi20,20.0,3L,seed36,3,i,200,3.270866331124748,6.970868495736679,0.1413716694115407,44.44444444444444,2024.5325122820507,1174.7748484206086,0.580269687591435,0.07766290023967268,0.5493526430220733,0.11068510339220639,0.7829369480669849,0,240717.35992778162,0.5232738992827599
bi20,20.0,3L,seed36,3,i,400,3.282177209475683,6.975372149615325,0.1413716694115407,44.44444444444444,2053.9520035584787,1219.7823061375834,0.5938708908603056,0.07695946572747016,0.5443768616994747,0.10913391407415787,0.7719645281719285,0,241672.40579385337,0.5241210025976425
bi20,20.0,3L,seed36,3,i,600,3.282118293366325,6.975051992101365,0.1413716694115407,44.44444444444444,2053.949271956112,1219.7799816021889,0.5938705489257344,0.07695966417023832,0.5443782653949181,0.10913403897439322,0.7719654116603663,0,241672.98715254507,0.5241197381772269
bi20,20.0,3L,seed9,1,a,50,0.12670092128941418,0.5918758223989136,0.1413716694115407,44.44444444444444,73.03989320135581,0.18145335905664695,0.0024843048244391286,0.01577832138814675,0.11160879300516137,0.09115290268973122,0.6447748906775665,1,22894.468052903285,0.07656685592265787
bi20,20.0,3L,seed9,1,a,100,0.1313962689575858,0.6139295487496985,0.2356194490192345,26.666666666666664,51.702188685784485,16.89236401107916,0.3267243503701752,0.03830941839003767,0.16259022143333474,0.29709988141629484,1.2609310591845135,1,24560.849655291575,0.1972358535017775
bi20,20.0,3L,seed9,1,a,200,0.13503962431143715,0.6310547969088818,0.2356194490192345,26.666666666666664,55.56129506755529,19.587383054894183,0.35253647401628196,0.04221978584481805,0.17918633635957398,0.2897964681920708,1.2299344107557675,1,25280.35054679169,0.20576036827482025
bi20,20.0,3L,seed9,1,a,400,0.13726511783160117,0.6414400938753259,0.2356194490192345,26.666666666666664,58.226701086128344,21.084467641693607,0.36210994695553295,0.044160913219637485,0.18742473680953417,0.28439555714940346,1.2070122323653645,1,25788.523327645704,0.2120622271753033
bi20,20.0,3L,seed9,1,a,600,0.13761713187564742,0.6431745525948831,0.2356194490192345,26.666666666666664,61.143273999063965,21.33763794608104,0.34897768062612566,0.04480958332080048,0.1901777782238278,0.28130348051130555,1.1938890515287712,1,26587.086890293707,0.21768466764193475
bi20,20.0,3L,seed9,1,i,50,1.0128246470600444,3.8362669015893056,0.8325220532012952,7.547169811320754,0.034739758330743296,0.023913334494763586,0.6883563859913568,0.18450497834839386,0.22162173078649058,0.2288941273382742,0.27494061743843073,0,147682.14030095472,0.00019933828177613944
bi20,20.0,3L,seed9,1,i,100,1.0509981830958692,4.005444587395595,0.2356194490192345,26.666666666666664,205.2539980617916,9.566583793216068,0.04660851376125718,0.017279527785079234,0.07333659363437625,0.1923079434720894,0.8161802613178617,1,160739.9440191219,0.0896775083770838
bi20,20.0,3L,seed9,1,i,200,1.080252807915555,4.1324787452198395,0.2356194490192345,26.666666666666664,218.5044984350475,19.064653468086334,0.0872506223195834,0.018770414146699027,0.07966411187544509,0.19410245262251058,0.8237963946968795,1,164049.172258623,0.04528613491008403
bi20,20.0,3L,seed9,1,i,400,1.0981215909606958,4.226132119153918,0.2356194490192345,26.666666666666664,228.1654104395134,19.443117199471118,0.08521500766491283,0.01873234896920601,0.0795025582445735,0.19455485111815912,0.8257164335456741,1,169850.91166296692,0.09236966080698285
bi20,20.0,3L,seed9,1,i,600,1.1009311696800386,4.231252322317033,0.2356194490192345,26.666666666666664,237.99636566516594,19.006069987784485,0.07985865639025717,0.018627572784735712,0.07905787430652668,0.19576968127811784,0.8308723328783287,1,177258.70098575874,0.09259634408397714
bi20,20.0,3L,seed9,2,a,50,0.12272065699774971,0.5736939399875863,0.2356194490192345,26.666666666666664,105.41355008657432,29.933194979120742,0.28395965181456395,0.09669916178691519,0.4104039890994791,0.21049336090877385,0.8933615700442049,1,37068.44476941369,0.32796934715166975
bi20,20.0,3L,seed9,2,a,100,0.128441353717728,0.6002670056335666,0.2356194490192345,26.666666666666664,105.65613395452766,29.869626726823597,0.28270603521873044,0.09614707932561553,0.40806087836054095,0.21031406942157488,0.8926006333390846,1,37046.43964148942,0.32839312603070764
bi20,20.0,3L,seed9,2,a,200,0.1344099465926159,0.6286270504931242,0.2356194490192345,26.666666666666664,105.88072008239506,29.68784211065433,0.2803894995004909,0.09559291457009698,0.4057089300904586,0.21008959563053048,0.8916479369807034,1,37031.86785206962,0.3287844803056266
bi20,20.0,3L,seed9,2,a,400,0.13826826204197287,0.6470364440804117,0.2356194490192345,26.666666666666664,105.97371169624876,29.525395466940623,0.2786105628872274,0.09530945663371967,0.4045058972442432,0.20996106411808385,0.8911024322993979,1,37027.13237474972,0.32893604028968254
bi20,20.0,3L,seed9,2,a,600,0.13860343519137688,0.6483645509529068,0.2356194490192345,26.666666666666664,106.01804277652734,29.534018447943197,0.27857539787069246,0.0952407604370284,0.4042143415302424,0.20992926114817978,0.8909674563029916,1,37027.09404720406,0.32893238230312444
bi20,20.0,3L,seed9,2,i,50,0.9799349419209178,3.6867193926764745,0.8011061266653974,7.84313725490196,0.08869557810758862,0.0800445100587451,0.9024633670198341,0.1915006763583917,0.23904532743434742,0.2105677932449891,0.26284631490895854,0,212228.2436491772,0.00031450060160718654
bi20,20.0,3L,seed9,2,i,100,1.0269924767994956,3.895556628274978,0.8011061266653974,7.84313725490196,0.0884945051179783,0.07999529503452481,0.9039577646982422,0.1916026682172544,0.2391726412264504,0.21057737413762379,0.26285827448873933,0,210610.7652184731,0.0003168972150091929
bi20,20.0,3L,seed9,2,i,200,1.0751892242995902,4.094350436807253,0.8011061266653974,7.84313725490196,0.08818055951088566,0.07946343693996605,0.9011446216799803,0.19207328400664486,0.23976009871020398,0.2115972821037787,0.2641313991500127,0,209069.96211312502,0.0003194272029841684
bi20,20.0,3L,seed9,2,i,400,1.1061770529752015,4.247120476683246,0.8011061266653974,7.84313725490196,0.08830847189619037,0.07941913691628243,0.8993376876642406,0.1920750352429027,0.23976228473300365,0.21161141924029103,0.2641490461708527,0,208161.542015552,0.0003210343145379125
bi20,20.0,3L,seed9,2,i,600,1.1088051796642306,4.255664004912617,0.8011061266653974,7.84313725490196,0.08835269735397447,0.07943072144319457,0.8990186357861258,0.1920791942210733,0.23976747627758455,0.2115710660648582,0.2640986743485814,0,208086.1637720014,0.0003211522677246171
bi20,20.0,3L,seed9,3,a,50,0.13044066028984921,0.6092009422192435,0.20420352248333656,30.769230769230766,83.63247485065922,24.750528621379033,0.29594399383224684,0.08380409555729999,0.4103949556704566,0.20708890583014533,1.0141299391495278,1,28780.447192887957,0.3320051981077946
bi20,20.0,3L,seed9,3,a,100,0.13468709016550715,0.629370034588288,0.20420352248333656,30.769230769230766,83.38094347213094,24.473930605613113,0.29351947323303224,0.08516558345755448,0.4170622642638507,0.21002140299950833,1.0284905982297465,1,28784.005472215984,0.3320465064330209
bi20,20.0,3L,seed9,3,a,200,0.13744562251517142,0.6423501255900119,0.20420352248333656,30.769230769230766,83.19393127368909,24.228562090377693,0.29122992169550493,0.08576598692407983,0.42000248517298966,0.21216487310414728,1.0389873324612233,1,28788.385387139748,0.33201168718362517
bi20,20.0,3L,seed9,3,a,400,0.13836724449315926,0.6464627459714342,0.20420352248333656,30.769230769230766,83.15914456523586,24.282221866264983,0.2919970135962174,0.08623859383548525,0.42231687674497637,0.2123137015770432,1.0397161566807374,1,28787.90024127122,0.33205142190278697
bi20,20.0,3L,seed9,3,a,600,0.1391349468921412,0.649759727128764,0.20420352248333656,30.769230769230766,83.12878767697279,24.315103097954697,0.2924991904421835,0.08656980877774247,0.4239388612153189,0.21238334594064945,1.040057210364627,1,28787.483362605755,0.33208040648333753
bi20,20.0,3L,seed9,3,i,50,1.0419160847354025,3.9032727243421643,0.8011061266653974,7.84313725490196,0.058583576325768535,0.0512027867591916,0.8740126494576872,0.24057663196203566,0.3003055699541775,0.2566498467724786,0.3203693471185685,0,166595.59130651725,0.00036136334414942577
bi20,20.0,3L,seed9,3,i,100,1.0771064939211217,4.087776025889289,0.8011061266653974,7.84313725490196,0.05839863406480522,0.05085336683484834,0.8707971967018293,0.24054207050423085,0.30026242778280415,0.2568554709736717,0.3206260224757387,0,166285.36867491587,0.0003622079181713694
bi20,20.0,3L,seed9,3,i,200,1.0994544576797705,4.204116746335481,0.7696902001294994,8.163265306122447,0.05865812264874959,0.05089156733215543,0.8675962515353409,0.23900621495864063,0.31052261665593267,0.2552559414092277,0.33163465166411266,0,166114.09247174725,0.00036255328220338235
bi20,20.0,3L,seed9,3,i,400,1.1069258839846414,4.219638724153726,0.7696902001294994,8.163265306122447,0.05865566907086332,0.05091195328413047,0.8679800962226263,0.23904357076635685,0.31057115021879983,0.2552699350105426,0.33165283248714067,0,166046.79136755876,0.0003627048004168216
bi20,20.0,3L,seed9,3,i,600,1.1130334249675933,4.245985301545673,0.7696902001294994,8.163265306122447,0.05860855415066816,0.050861083931379204,0.8678099070764974,0.23912877792743026,0.31068185340958887,0.25536682728612403,0.3317787172594362,0,165997.65772227995,0.0003628253897149795
bi25,25.0,2L_JAPI,nucl,1,a,50,0.4319468830053883,1.7456171766993327,0.26703537555513246,23.529411764705877,131.8079219212781,104.1394922328075,0.790085229437154,0.11094602931924814,0.4154731525312162,0.18115528890818436,0.6783943458112456,0,73696.61741080381,0.3080258760138374
bi25,25.0,2L_JAPI,nucl,1,a,100,0.4668761522058985,1.8808034043101662,0.26703537555513246,23.529411764705877,146.76418976880692,122.42047269113479,0.8341304025456071,0.11146469786973091,0.41741547402852536,0.17123811484553805,0.6412562923154128,0,76705.1524363411,0.32471074016770474
bi25,25.0,2L_JAPI,nucl,1,a,200,0.4776311626969655,1.9279398107002264,0.26703537555513246,23.529411764705877,150.7838459724663,129.7510549788509,0.8605103162214335,0.1553758426447346,0.5818549033877181,0.16956834533691184,0.6350033024066601,0,78244.30523060265,0.4187392507637218
bi25,25.0,2L_JAPI,nucl,1,a,400,0.4902511530239588,1.9777655952230802,0.26703537555513246,23.529411764705877,168.29378412790783,151.21034363339038,0.8984903656243562,0.14259428716471187,0.5339902507983316,0.15237061589900655,0.5706008635831394,0,79418.1854127882,0.44034314572145183
bi25,25.0,2L_JAPI,nucl,1,a,600,0.4986648028037354,2.0005790808324995,0.26703537555513246,23.529411764705877,178.28842333044398,164.07074448860783,0.9202546156601275,0.13387560033183338,0.5013403188754415,0.14669640145831456,0.5493519394325619,0,80764.39483834914,0.4548923784099252
bi25,25.0,2L_JAPI,nucl,1,i,50,3.9559723055422307,5.219186824783287,0.1413716694115407,44.44444444444444,1113.2075709337091,145.7951849529013,0.1309685531788243,0.019944276372460757,0.1410768964919122,0.09637253502511539,0.6816962367797302,1,197746.66365946102,0.1351071173995545
bi25,25.0,2L_JAPI,nucl,1,i,100,4.298961583384871,5.169934048870007,0.1413716694115407,44.44444444444444,1144.6016667247914,325.69350794048523,0.2845474695772876,0.025226341272719204,0.17843986265228245,0.09836303751850892,0.6957761617157445,1,198377.71864142586,0.13847543055502468
bi25,25.0,2L_JAPI,nucl,1,i,200,4.430036413607001,5.131378300009389,0.1413716694115407,44.44444444444444,1123.5610689583457,364.74119625984326,0.32462961412324043,0.026564803807372726,0.1879075483648787,0.09836814173365604,0.6958122666522455,1,196058.7963996956,0.1375376476351875
bi25,25.0,2L_JAPI,nucl,1,i,400,4.5561694992899895,5.00655274175426,0.1413716694115407,44.44444444444444,882.6297031095661,277.11716433819913,0.3139676393870453,0.02643274744937272,0.18697344071410474,0.10252091829267071,0.7251871518488382,1,188795.60614539293,0.16993159548325157
bi25,25.0,2L_JAPI,nucl,1,i,600,4.611261242377758,4.934248121551062,0.2356194490192345,26.666666666666664,808.431766547897,462.7387584968187,0.5723906180391328,0.06380409559021306,0.2707929920717389,0.09936749323063931,0.4217287394748452,0,187170.86152023223,0.5221600004681499
bi25,25.0,2L_JAPI,nucl,2,a,50,0.432053682417259,1.7417259689270195,0.20420352248333656,30.769230769230766,103.46358437087606,67.01500078150653,0.6477158237750998,0.09165072687715427,0.44882049909121013,0.30186916587387835,1.4782759974109239,0,61894.08195406014,0.16312301248721647
bi25,25.0,2L_JAPI,nucl,2,a,100,0.4590918359158504,1.8496818920385594,0.20420352248333656,30.769230769230766,101.84454918011336,64.20859109206216,0.630456824729112,0.09236914988834839,0.45233867058236427,0.30766697227399004,1.5066682911853115,0,64695.8964761319,0.15658328919441436
bi25,25.0,2L_JAPI,nucl,2,a,200,0.4812381052645787,1.9365708845529226,0.20420352248333656,30.769230769230766,142.22992328199112,123.11880840672978,0.8656322492885634,0.19983949538389972,0.9786290312411582,0.21448954110779617,1.0503714064251706,0,74477.8662729194,0.5055102076352977
bi25,25.0,2L_JAPI,nucl,2,a,400,0.4874907002262771,1.9679246235938357,0.20420352248333656,30.769230769230766,143.5855936134231,130.11048533524138,0.9061527835831436,0.19788876316968126,0.9690761489475747,0.20739894005344905,1.0156482000469569,0,76785.24826393396,0.5238748850068814
bi25,25.0,2L_JAPI,nucl,2,a,600,0.497622832696656,1.999049482124165,0.26703537555513246,23.529411764705877,145.32077320463665,132.72313441025568,0.9133115072499557,0.1873282771839861,0.7015110892875317,0.19554048565700086,0.7322643498094481,0,77834.03596675248,0.4751289419936609
bi25,25.0,2L_JAPI,nucl,2,i,50,3.946928406511247,5.295664251831602,0.1413716694115407,44.44444444444444,1780.7105553835663,466.5980057393401,0.26202911210285634,0.028204367647858865,0.19950509013057208,0.12314853809055215,0.8710977142956414,1,231808.83768444962,0.18436334764501738
bi25,25.0,2L_JAPI,nucl,2,i,100,4.211045297813415,5.283658557068203,0.1413716694115407,44.44444444444444,1653.00404137066,331.4229254764914,0.20049734736381994,0.02602852616172275,0.18411416000155081,0.12663517061837673,0.8957605943644535,1,237900.71675300415,0.16675904778414194
bi25,25.0,2L_JAPI,nucl,2,i,200,4.439935876259208,5.021619258767454,0.20420352248333656,30.769230769230766,1129.1533509924902,481.6316302757755,0.42654226713531557,0.03855459289054786,0.18880473961311808,0.16386777572914302,0.8024728160236069,1,205382.47380069853,0.3279774108524471
bi25,25.0,2L_JAPI,nucl,2,i,400,4.534913811206818,4.89335826226589,0.20420352248333656,30.769230769230766,1124.0068804816015,622.7636606949557,0.554056804730698,0.04709674400810319,0.23063629576686848,0.1420733820921194,0.6957440320536727,0,202253.01889523835,0.4355158086371037
bi25,25.0,2L_JAPI,nucl,2,i,600,4.601722554916144,4.871910105743181,0.20420352248333656,30.769230769230766,1065.088111195331,642.5946551616703,0.6033253478348348,0.06006525846415185,0.2941440859280638,0.1475378282400493,0.72250383561375,0,198636.65333400716,0.4294399650341555
bi25,25.0,2L_JAPI,nucl,3,a,50,0.45166366052946677,1.817900979035026,0.3298672286269283,19.047619047619047,108.07410744758845,88.59729667215187,0.8197828209232999,0.21328825679941937,0.6465881975824981,0.24219942924104537,0.7342330738618686,0,73991.969702253,0.4498617930763291
bi25,25.0,2L_JAPI,nucl,3,a,100,0.4725795719122847,1.8977133972584888,0.2984513020910303,21.05263157894737,123.14777558587045,106.56758872024749,0.8653634888105497,0.20303952030280437,0.6803103852462855,0.2228079764702282,0.74654717506399,0,76816.32370347352,0.4732858238448143
bi25,25.0,2L_JAPI,nucl,3,a,200,0.484787187660153,1.9477025062353932,0.2984513020910303,21.05263157894737,146.57221093331182,130.6619364568568,0.8914509484768982,0.13351474436369754,0.44735855876069974,0.14784823499073843,0.49538478791975044,0,79028.32384818466,0.37544107704036783
bi25,25.0,2L_JAPI,nucl,3,a,400,0.5075716565232459,2.036468037090938,0.2984513020910303,21.05263157894737,167.14315859538812,154.70896963666183,0.925607550657659,0.12178602743368802,0.4080599634862447,0.1323942210240251,0.4436040992163059,0,80859.54495663982,0.3944715310389183
bi25,25.0,2L_JAPI,nucl,3,a,600,0.5156115047437102,2.064938431904504,0.2984513020910303,21.05263157894737,180.6368025639515,170.02571257676522,0.9412573194577577,0.11130798235307096,0.37295190730687794,0.11735305479474611,0.3932067106845873,0,81425.5687339338,0.4001368595764036
bi25,25.0,2L_JAPI,nucl,3,i,50,4.134970891918242,5.242567696464714,0.10995574287564278,57.14285714285713,1475.9370589451,569.3383410199127,0.3857470327541184,0.03434847964249518,0.31238458987396833,0.11997776965975196,1.0911460058565914,1,200788.16890578257,0.2513838130868246
bi25,25.0,2L_JAPI,nucl,3,i,100,4.362088845229149,5.212090722741657,0.10995574287564278,57.14285714285713,1367.2362038703648,544.2886893304192,0.3980941170147848,0.03396897652220034,0.3089331728731842,0.12776600329259777,1.1619766276064176,1,198764.4157969805,0.23237209707568612
bi25,25.0,2L_JAPI,nucl,3,i,200,4.4834519647419455,5.080305547551546,0.10995574287564278,57.14285714285713,1139.2807139378997,366.04546750218515,0.32129523744587646,0.0297243470281291,0.2703301005546077,0.13927799389683315,1.2666732110059329,1,193817.80837738398,0.16165875862126547
bi25,25.0,2L_JAPI,nucl,3,i,400,4.72308878210783,4.757616913817767,0.10995574287564278,57.14285714285713,759.0545408229565,205.96168376602407,0.27133976900095114,0.03015071524133992,0.2742077353380226,0.2334860614451914,2.123454904117726,1,184002.68595381576,0.07425425158327631
bi25,25.0,2L_JAPI,nucl,3,i,600,4.7839233231276275,4.669915619527532,0.20420352248333656,30.769230769230766,664.0784829006822,200.94374972024883,0.3025903637812964,0.032219970808917225,0.15778361909279232,0.24304036783224858,1.1901869511192256,1,178701.29471855273,0.30879766141557113
bi25,25.0,2L_JAPI,random,1,a,50,0.5342456843470306,2.1536320813869727,0.48694686130641796,12.903225806451612,61.00876341432796,60.66873947260632,0.9944266377042845,0.23017389720050097,0.47268791626045803,0.2318198029657877,0.4760679683689591,0,83975.80605321392,0.3631662943226524
bi25,25.0,2L_JAPI,random,1,a,100,0.539221544691794,2.186031273193631,0.48694686130641796,12.903225806451612,69.20196334559846,68.76534878552889,0.9936907200466395,0.21211035928918548,0.43559241499189405,0.21366503699541306,0.43878512004816356,0,85467.29155006062,0.36293816197905204
bi25,25.0,2L_JAPI,random,1,a,200,0.5413520380483532,2.2009700617862435,0.4555309347705201,13.79310344827586,77.92868147575348,77.4439425095837,0.9937797104096957,0.19549046451345348,0.4291486035123706,0.1963327130302756,0.4309975416470473,0,86624.83280445446,0.3640384249524803
bi25,25.0,2L_JAPI,random,1,a,400,0.5426806668188662,2.2070502739332625,0.48694686130641796,12.903225806451612,78.65994247052873,78.19602326797511,0.9941022178763042,0.1954717325483435,0.4014231286426554,0.19626120863362012,0.4030444063384569,0,86767.01787942767,0.36491742589108717
bi25,25.0,2L_JAPI,random,1,a,600,0.5426804842662694,2.2070488633514795,0.48694686130641796,12.903225806451612,78.65992216885952,78.19600293311349,0.9941022159321473,0.19547175046480966,0.4014231654361283,0.1962612260687343,0.40304444214341956,0,86767.01745324192,0.36491743039484137
bi25,25.0,2L_JAPI,random,1,i,50,5.341998581057787,0.9952066587292259,0.2984513020910303,21.05263157894737,76.36365389515936,60.87552473637877,0.7971793075794351,0.15039773851405605,0.5039272318811442,0.24248717321274438,0.812484889540819,0,36920.3557028048,0.46037475444444115
bi25,25.0,2L_JAPI,random,1,i,100,5.392653526586294,1.0139053564090816,0.2984513020910303,21.05263157894737,69.40098085927421,51.27630052529847,0.7388411502320474,0.2302952329885375,0.771634204223694,0.3388498493373376,1.1353605997469742,0,38942.71940390978,0.575335978789265
bi25,25.0,2L_JAPI,random,1,i,200,5.413239718163013,1.0363082292283587,0.2984513020910303,21.05263157894737,72.78319777882358,55.37669132963725,0.7608444396455085,0.22998163682020456,0.7705834593747495,0.3442397372606554,1.1534201219723919,0,41367.26594064306,0.5776110560474674
bi25,25.0,2L_JAPI,random,1,i,400,5.426806729584932,1.0307623604994238,0.2984513020910303,21.05263157894737,71.62352347486087,54.122410563813304,0.7556513270784523,0.23183462949794703,0.7767921529363453,0.34708598957486747,1.1629568614480466,0,41063.56533066381,0.575349690409671
bi25,25.0,2L_JAPI,random,1,i,600,5.426804849600792,1.0307622523673738,0.2984513020910303,21.05263157894737,71.6235484068919,54.122500394980236,0.7556523182502971,0.23183470974078227,0.776792421800427,0.3470859736640065,1.1629568081366326,0,41063.56253353255,0.5753496668274075
bi25,25.0,2L_JAPI,random,2,a,50,0.5317626818357825,2.1446414195414896,0.4241150082346221,14.814814814814813,52.33390735126846,52.04748898304028,0.994527097579286,0.40814337995597966,0.9623412801515223,0.41054014176623954,0.9679924874036221,0,83838.19875970809,0.537600405918925
bi25,25.0,2L_JAPI,random,2,a,100,0.5340619713580973,2.1624901157247622,0.4555309347705201,13.79310344827586,61.611814297534195,61.40422772980857,0.9966307343795598,0.28601672434727976,0.6278755239561602,0.28749618693695606,0.6311233002908708,0,84076.01893531822,0.42599711053114503
bi25,25.0,2L_JAPI,random,2,a,200,0.5387832609323412,2.1911409226934033,0.4555309347705201,13.79310344827586,74.91843637253963,74.76705680278334,0.9979794083127478,0.23493583907363555,0.5157406910070502,0.23547942247244497,0.5169339873505427,0,86129.44617265963,0.4209640946341827
bi25,25.0,2L_JAPI,random,2,a,400,0.5390113397625325,2.195921504464411,0.4555309347705201,13.79310344827586,76.09351532455626,75.93973393180363,0.9979790473327889,0.23669770209171734,0.5196084042260644,0.23720372849588867,0.5207192539303248,0,86283.02822587843,0.38376638902906723
bi25,25.0,2L_JAPI,random,2,a,600,0.5393457508909749,2.197403668758292,0.4555309347705201,13.79310344827586,76.08565037295236,75.93174975001853,0.9979772713753585,0.23659060686714337,0.5193733044416162,0.23709837597585992,0.5204879798016384,0,86284.71620851208,0.3838009284415825
bi25,25.0,2L_JAPI,random,2,i,50,5.315522319406271,0.9607360075758541,0.2356194490192345,26.666666666666664,94.15138154177856,80.77691649333181,0.8579472246776114,0.1393479183989601,0.5914109339402818,0.16348202757219998,0.6938392745280307,0,38155.448081249306,0.4260490907290404
bi25,25.0,2L_JAPI,random,2,i,100,5.339817235618829,0.9970043497811717,0.2356194490192345,26.666666666666664,104.94029600086421,96.09360588530012,0.9156978734318489,0.14234685746179504,0.6041388266304567,0.16212987167538007,0.6881005466664375,0,40631.660617881236,0.4250634382787016
bi25,25.0,2L_JAPI,random,2,i,200,5.387698342955113,1.0381250307392071,0.26703537555513246,23.529411764705877,88.1321043320588,82.77498251070762,0.9392148654346554,0.2218265890502775,0.8307011330956744,0.23954374325149153,0.8970487252990756,0,42502.46350480076,0.6066713782920065
bi25,25.0,2L_JAPI,random,2,i,400,5.390080437219143,1.0429873343336042,0.26703537555513246,23.529411764705877,90.19277168490311,84.93040380059381,0.9416542170065039,0.21790203747973055,0.8160043852869308,0.23898339467079716,0.8949503194997336,0,43186.60792939832,0.605476017650435
bi25,25.0,2L_JAPI,random,2,i,600,5.393457508140802,1.0434341867298844,0.26703537555513246,23.529411764705877,90.21492417801096,84.88329690062938,0.9409008284830869,0.21728921567370504,0.8137094765889669,0.23896390154549263,0.8948773212115331,0,43189.82883582027,0.6052411585791766
bi25,25.0,2L_JAPI,random,3,a,50,0.5286030499169971,2.1313304330169505,0.4241150082346221,14.814814814814813,51.7513497151297,51.251973636217855,0.9903504723710452,0.35630095806169526,0.840104573391065,0.3601738622908967,0.8492363045347527,0,84470.16757596505,0.4916737303912652
bi25,25.0,2L_JAPI,random,3,a,100,0.5352341468084741,2.172184378836213,0.3612831551628263,17.391304347826082,53.5876351595131,53.394475861045684,0.9963954502210736,0.36875230870969067,1.0206739601338406,0.37019039874226467,1.0246544668694115,0,85468.67456320325,0.5202048027350307
bi25,25.0,2L_JAPI,random,3,a,200,0.537772939407728,2.1886193890367407,0.3612831551628263,17.391304347826082,53.98284037602617,53.739622524041515,0.9954945339983876,0.3710205413518078,1.026952228604716,0.3721948420027189,1.030202589531125,0,85537.93932418137,0.5244319563727895
bi25,25.0,2L_JAPI,random,3,a,400,0.5377665534109755,2.189904611525136,0.4241150082346221,14.814814814814813,54.46479544859346,54.19422302270639,0.9950321593304715,0.37282861919196564,0.8790743358596623,0.37356267633204027,0.8808051332278812,0,85624.91903175191,0.5267846885877804
bi25,25.0,2L_JAPI,random,3,a,600,0.5378425828061,2.1904440460365993,0.4241150082346221,14.814814814814813,54.731672092200284,54.479554141915195,0.9953935638973285,0.3727454129407029,0.8788781479161866,0.3734468626988675,0.8805320619360757,0,85681.2198172002,0.5271692840061704
bi25,25.0,2L_JAPI,random,3,i,50,5.284738617986441,0.9485181322156759,0.2356194490192345,26.666666666666664,78.47475074691589,56.497646365443586,0.719946808721326,0.12068846031807473,0.5122177342339107,0.23995550950161038,1.0184028122484146,0,37196.66153084011,0.37906856426049024
bi25,25.0,2L_JAPI,random,3,i,100,5.351669741922617,0.997003676028624,0.2356194490192345,26.666666666666664,71.72765285398225,61.80664168119399,0.861684987894631,0.22359836975899075,0.9489809550515398,0.24318957407756614,1.032128608609528,0,37267.069764653286,0.6574224554438811
bi25,25.0,2L_JAPI,random,3,i,200,5.377848563909531,1.01257573780488,0.2356194490192345,26.666666666666664,70.78588217148165,57.81898473048949,0.8168152032127066,0.21832112687452174,0.9265836406259458,0.24517424359927445,1.0405518076704268,0,37507.918552041825,0.6567529915617082
bi25,25.0,2L_JAPI,random,3,i,400,5.377452386766672,1.0288650221664102,0.2356194490192345,26.666666666666664,74.67827898408059,60.379446190579344,0.8085275532856163,0.20122210649681935,0.8540131442222022,0.24279212006753764,1.0304417614002552,0,38347.68648531331,0.5769230145179236
bi25,25.0,2L_JAPI,random,3,i,600,5.378423151886463,1.0269988944976491,0.26703537555513246,23.529411764705877,72.24337698643504,58.66476421047213,0.8120434932255101,0.21537926705473392,0.8065570586181248,0.2475354110251407,0.926976100116122,0,38308.76743632554,0.6552917491149041
bi25,25.0,2L_JAPI,seed144,1,a,50,0.4608324282664643,1.9287084121447609,0.2356194490192345,26.666666666666664,72.31383187801711,52.79114412630469,0.7300283051706573,0.2993841595970398,1.270625836887514,0.3555759213847369,1.509111080875628,0,76660.19073516678,0.43047178476295195
bi25,25.0,2L_JAPI,seed144,1,a,100,0.46551147041039304,1.9497008858975324,0.2356194490192345,26.666666666666664,71.52864887011012,53.841178565850655,0.752721873212251,0.30810981221750744,1.3076586567875186,0.37249877137147924,1.5809338869180989,0,77675.83728351664,0.4788999746408104
bi25,25.0,2L_JAPI,seed144,1,a,200,0.46915623086968716,1.9678967439337371,0.3612831551628263,17.391304347826082,75.17515048296666,59.13116791724278,0.7865786438384429,0.3078700572891791,0.8521572425662235,0.36880829660127556,1.0208289296938236,0,78343.10202022648,0.48408616335394006
bi25,25.0,2L_JAPI,seed144,1,a,400,0.4715215093026994,1.9781628044166308,0.3612831551628263,17.391304347826082,78.55838839257598,63.70786316181655,0.8109619413709503,0.30679922882527294,0.8491932835534554,0.3607327738792036,0.9984765930108902,0,78707.64862921936,0.4883450505283568
bi25,25.0,2L_JAPI,seed144,1,a,600,0.4719159827689942,1.9796923909523976,0.3612831551628263,17.391304347826082,78.7971539764445,64.0058142918059,0.8122858639150813,0.30655085872181104,0.8485058169502865,0.3603320339920971,0.9973673802469409,0,78762.52161824252,0.488807580916103
bi25,25.0,2L_JAPI,seed144,1,i,50,4.6060558124542235,3.2153490692034024,0.20420352248333656,30.769230769230766,414.01065566797547,143.45162971146283,0.34649260290176415,0.05964899076238226,0.29210559170079814,0.20095505412267195,0.9840920062437724,1,129455.55300677894,0.22829914802897555
bi25,25.0,2L_JAPI,seed144,1,i,100,4.654413794191182,3.166671867548583,0.20420352248333656,30.769230769230766,414.86674628889887,146.79626906370794,0.35383956505755726,0.05912176223240812,0.289523713956661,0.2005344995728851,0.982032518999515,1,127108.1868344959,0.23161717776232854
bi25,25.0,2L_JAPI,seed144,1,i,200,4.691088487200439,3.1107013044881815,0.20420352248333656,30.769230769230766,414.7292488681815,154.49425353563294,0.3725183452993877,0.059926832318535024,0.29346620268719986,0.19863023365483407,0.9727071856512304,1,124827.81331230685,0.23709953708450943
bi25,25.0,2L_JAPI,seed144,1,i,400,4.715209806506336,3.104830448356309,0.2356194490192345,26.666666666666664,412.74390468997973,155.5109135925066,0.3767733740594279,0.06096056761449647,0.2587246845209286,0.19953401799905618,0.8468486741209867,1,123573.38854255201,0.23957959200129977
bi25,25.0,2L_JAPI,seed144,1,i,600,4.719172574988008,3.1081997283307006,0.2356194490192345,26.666666666666664,415.37568642974617,158.0028998103649,0.38038552802268666,0.06062557003152378,0.2573029106208235,0.19914149231630018,0.8451827433822897,1,123565.05428187459,0.24003141513161183
bi25,25.0,2L_JAPI,seed144,2,a,50,0.47365018379613405,1.9805761005686051,0.4555309347705201,13.79310344827586,74.932161553345,67.9358736977423,0.9066317091277025,0.1923283827094514,0.4222070731735035,0.38149542819340765,0.8374742505371039,0,77664.95905763823,0.4035631389419365
bi25,25.0,2L_JAPI,seed144,2,a,100,0.47618834278108896,1.993837777493625,0.4555309347705201,13.79310344827586,75.73199802799806,68.5661333222013,0.9053786392490589,0.1910292907907972,0.41935525385785444,0.37946776824781364,0.8330230491129559,0,78033.85995745633,0.4048133525684926
bi25,25.0,2L_JAPI,seed144,2,a,200,0.47772327340561643,2.0011997181849197,0.4555309347705201,13.79310344827586,76.12303400823603,69.04680470376357,0.9070422061250625,0.19049649782884914,0.41818564511939094,0.3784318166594309,0.8307488861323349,0,78027.18692580731,0.40555745717148745
bi25,25.0,2L_JAPI,seed144,2,a,400,0.4785226564397039,2.0044831003982506,0.4555309347705201,13.79310344827586,76.12369636553244,69.04608355413431,0.9070248404989073,0.19048825580356943,0.4181675518909171,0.3784216066003172,0.8307264725960977,0,78027.81345154863,0.4055508823677804
bi25,25.0,2L_JAPI,seed144,2,a,600,0.47853442867378515,2.0045052919879223,0.4555309347705201,13.79310344827586,76.12333220581924,69.04561268604418,0.9070229939404307,0.19048891400279455,0.41816899679657527,0.3784222332896867,0.8307278483300417,0,78027.84030625658,0.4055509097720818
bi25,25.0,2L_JAPI,seed144,2,i,50,4.735436736050248,2.9820911278197957,0.20420352248333656,30.769230769230766,498.32580761618595,196.29671410571098,0.3939123984862933,0.04927080600187696,0.2412828407790936,0.17923124543625402,0.8777088820829703,1,112168.90920524094,0.3793730155089164
bi25,25.0,2L_JAPI,seed144,2,i,100,4.761968940418958,2.9678894148686616,0.20420352248333656,30.769230769230766,486.928939563551,179.17167822379844,0.3679626813399002,0.049354970521032285,0.2416950007562174,0.18078441467991807,0.8853148686241221,1,112763.69080766194,0.3724793948661463
bi25,25.0,2L_JAPI,seed144,2,i,200,4.777195241813362,2.932696530718712,0.20420352248333656,30.769230769230766,480.17454594326523,179.07209266785298,0.37293124798208516,0.05212168150961484,0.25524379244666595,0.18176906294704887,0.8901367652062986,1,112280.21312778487,0.3712305564760262
bi25,25.0,2L_JAPI,seed144,2,i,400,4.785371304756403,2.9150090005782143,0.20420352248333656,30.769230769230766,480.1939508947614,179.15225061283087,0.3730831058554788,0.05211067306876738,0.25518988328430875,0.18177898793098068,0.8901853685986941,1,112333.43326766498,0.3710433766257508
bi25,25.0,2L_JAPI,seed144,2,i,600,4.785344288253784,2.91494784447075,0.20420352248333656,30.769230769230766,480.19321812430366,179.15139341814546,0.37308189007319553,0.0521110025477272,0.2551914967675426,0.18177889043487533,0.8901848911529372,1,112333.27386736532,0.3710440192296048
bi25,25.0,2L_JAPI,seed144,3,a,50,0.46306400364854655,1.9441241240701872,0.3298672286269283,19.047619047619047,64.44818452265133,48.88221460944996,0.758473104735317,0.2599540753758572,0.7880566871038251,0.360989305741684,1.09434728404001,0,74733.42009428672,0.39204261110425026
bi25,25.0,2L_JAPI,seed144,3,a,100,0.4679535757217137,1.9682216308981053,0.3298672286269283,19.047619047619047,62.21192967734484,48.320664213545896,0.7767105837120882,0.34071022798399675,1.0328707989641845,0.3694681270612462,1.1200510235562247,0,75844.05577365754,0.5169107710226393
bi25,25.0,2L_JAPI,seed144,3,a,200,0.47102285307770325,1.9817840100994897,0.4241150082346221,14.814814814814813,64.49160849678259,52.96952211379287,0.8213397579692163,0.35216418862539167,0.8303506874026326,0.3780924607963013,0.8914856900964445,0,77514.98345456806,0.5759261749089201
bi25,25.0,2L_JAPI,seed144,3,a,400,0.473429991540808,1.9924642289290226,0.4241150082346221,14.814814814814813,66.88742756194843,55.2484182267674,0.8259910754618056,0.2643424235842237,0.6232800501084566,0.3740830351299821,0.8820320617445301,0,77973.88687979055,0.41491502053363527
bi25,25.0,2L_JAPI,seed144,3,a,600,0.4734326199087336,1.992467157362625,0.4241150082346221,14.814814814814813,66.88683313962866,55.24792764936954,0.8259910815935553,0.26434658954019236,0.6232898728119397,0.37408486608673047,0.8820363788677462,0,77973.90556946733,0.41491578821268454
bi25,25.0,2L_JAPI,seed144,3,i,50,4.628302008509636,3.0774081569856113,0.1413716694115407,44.44444444444444,1141.0574482404488,403.51950737172024,0.3536364518666099,0.03295499829399561,0.23310892791441687,0.09048927899675857,0.6400807132958111,1,131965.23493575398,0.3258523816810212
bi25,25.0,2L_JAPI,seed144,3,i,100,4.67903618376255,3.0708748281659415,0.1413716694115407,44.44444444444444,1083.631924287658,425.75199873314466,0.39289355471233395,0.034178261386137276,0.24176174426180452,0.09182043181219651,0.6494966933219285,1,128970.21216740689,0.3119339959648568
bi25,25.0,2L_JAPI,seed144,3,i,200,4.710088179680705,3.05630372940247,0.1413716694115407,44.44444444444444,1021.2016598136698,459.4575768485788,0.44991855666628294,0.03471223149831233,0.2455388101647376,0.09315731039730668,0.6589531748834389,1,126478.2611868223,0.2903612484270257
bi25,25.0,2L_JAPI,seed144,3,i,400,4.734297186285257,3.05081479991001,0.1413716694115407,44.44444444444444,1002.6045665840738,434.2180584573887,0.43309004659413464,0.032794785747679835,0.23197565597257264,0.09219731758340899,0.6521626148094604,1,125399.69771701805,0.2870364954410994
bi25,25.0,2L_JAPI,seed144,3,i,600,4.734326196596027,3.0508005024366494,0.1413716694115407,44.44444444444444,1002.634745992393,434.2753218814594,0.43313412348543745,0.03279637538263565,0.23198690033972505,0.0921960713259262,0.6521537993410714,1,125399.06033405235,0.28704365996329567
bi25,25.0,2L_JAPI,seed1,0,a,50,0.011071854952650423,0.052960398859565556,1.052433538952581,5.970149253731342,0.5823370586215114,0.5772126137633816,0.9912002082260397,0.31905703023106763,0.30316121486265485,0.32085982709985905,0.3048741941644981,0,14912.449898465162,0.06181820054373741
bi25,25.0,2L_JAPI,seed1,0,a,100,0.011071866361890746,0.052960457349672085,1.052433538952581,5.970149253731342,0.5823380102167458,0.5772137670488143,0.9912005689513136,0.3190570294507162,0.30316121412118147,0.3208597525022254,0.30487412328341074,0,14912.46618245696,0.061818230085950505
bi25,25.0,2L_JAPI,seed1,0,a,200,0.011071866361890746,0.052960457349672085,1.052433538952581,5.970149253731342,0.5823380102167458,0.5772137670488143,0.9912005689513136,0.3190570294507162,0.30316121412118147,0.3208597525022254,0.30487412328341074,0,14912.46618245696,0.061818230085950505
bi25,25.0,2L_JAPI,seed1,0,a,400,0.011071866361890746,0.052960457349672085,1.052433538952581,5.970149253731342,0.5823380102167458,0.5772137670488143,0.9912005689513136,0.3190570294507162,0.30316121412118147,0.3208597525022254,0.30487412328341074,0,14912.46618245696,0.061818230085950505
bi25,25.0,2L_JAPI,seed1,0,a,600,0.011071866361890746,0.052960457349672085,1.052433538952581,5.970149253731342,0.5823380102167458,0.5772137670488143,0.9912005689513136,0.3190570294507162,0.30316121412118147,0.3208597525022254,0.30487412328341074,0,14912.46618245696,0.061818230085950505
bi25,25.0,2L_JAPI,seed1,0,i,50,0.11071829036798879,0.43326887467408143,0.9896016858807849,6.349206349206349,0.017295052194468065,0.016789660885700292,0.9707782721274801,0.2828276687388909,0.2857995017330261,0.28853049766052674,0.29156225355833254,0,116340.3754933275,0.00020294196559931133
bi25,25.0,2L_JAPI,seed1,0,i,100,0.11071866280979821,0.43326999849245984,0.9896016858807849,6.349206349206349,0.017295086532609586,0.01678970669451222,0.9707789933780048,0.28282774726426135,0.2857995810835078,0.2885304353572845,0.2915621906004343,0,116340.66114063741,0.0002029418683596693
bi25,25.0,2L_JAPI,seed1,0,i,200,0.11071866280979821,0.43326999849245984,0.9896016858807849,6.349206349206349,0.017295086532609586,0.01678970669451222,0.9707789933780048,0.28282774726426135,0.2857995810835078,0.2885304353572845,0.2915621906004343,0,116340.66114063741,0.0002029418683596693
bi25,25.0,2L_JAPI,seed1,0,i,400,0.11071866280979821,0.43326999849245984,0.9896016858807849,6.349206349206349,0.017295086532609586,0.01678970669451222,0.9707789933780048,0.28282774726426135,0.2857995810835078,0.2885304353572845,0.2915621906004343,0,116340.66114063741,0.0002029418683596693
bi25,25.0,2L_JAPI,seed1,0,i,600,0.11071866280979821,0.43326999849245984,0.9896016858807849,6.349206349206349,0.017295086532609586,0.01678970669451222,0.9707789933780048,0.28282774726426135,0.2857995810835078,0.2885304353572845,0.2915621906004343,0,116340.66114063741,0.0002029418683596693
bi25,25.0,2L_JAPI,seed36,1,a,50,0.2583649954318136,1.156413810595325,0.17278759594743864,36.36363636363636,68.84588956523412,41.61996238676978,0.6045380871625352,0.09023682141538597,0.5222413155330645,0.2632997371892627,1.5238347159442944,0,41754.183765975795,0.1661753939575202
bi25,25.0,2L_JAPI,seed36,1,a,100,0.26270151627510774,1.1763624332197122,0.17278759594743864,36.36363636363636,69.47383922921307,40.73488711377645,0.5863341880298423,0.08563039818937468,0.49558186002786414,0.26993483859298395,1.5622350499922295,0,42805.479820580396,0.12759107389482052
bi25,25.0,2L_JAPI,seed36,1,a,200,0.26392500623437265,1.1823423313935577,0.17278759594743864,36.36363636363636,68.47356570323788,40.11567323996438,0.5858563494973279,0.09165504832951343,0.5304492363988591,0.27677471319459196,1.6018204991913065,0,43408.982298138064,0.16120308749086518
bi25,25.0,2L_JAPI,seed36,1,a,400,0.2639240284354805,1.182306252495914,0.17278759594743864,36.36363636363636,68.45003481564666,40.10089964106403,0.5858419173790919,0.09171532161478593,0.5307980651729503,0.2768374774923391,1.6021837445817122,0,43404.88813980083,0.16117607614778393
bi25,25.0,2L_JAPI,seed36,1,a,600,0.2639240333210902,1.1823062629484569,0.17278759594743864,36.36363636363636,68.45003477863422,40.10089952241006,0.5858419159624303,0.09171532153581215,0.5307980647158932,0.2768374776677214,1.6021837455967287,0,43404.88814932702,0.16117607610203222
bi25,25.0,2L_JAPI,seed36,1,i,50,2.5819780427738093,5.350008847156065,0.1413716694115407,44.44444444444444,1181.0606285745178,205.45496773879051,0.17395801940054897,0.027365652967344816,0.19357239736401427,0.11834809493244483,0.8371415250669992,1,201511.1559669396,0.14066444584556323
bi25,25.0,2L_JAPI,seed36,1,i,100,2.626590183264157,5.467816779863448,0.1413716694115407,44.44444444444444,1232.4705440123068,202.8348397584964,0.16457581136030056,0.025705099619037056,0.1818263852017486,0.11690485317883889,0.8269326779930881,1,208836.78460224858,0.14163832828891812
bi25,25.0,2L_JAPI,seed36,1,i,200,2.6392147237049883,5.491939926439043,0.1413716694115407,44.44444444444444,1229.4523426372023,213.92539755426992,0.17400056117294896,0.026028151714683423,0.18411151133056258,0.11667140209952603,0.8252813494045201,1,212268.67230494219,0.22512196790931283
bi25,25.0,2L_JAPI,seed36,1,i,400,2.639240282848617,5.491851362506913,0.1413716694115407,44.44444444444444,1229.0643672323333,213.71739624090958,0.17388625196430416,0.026022147469536454,0.18406903998413254,0.1166709768495669,0.8252783413763848,1,212258.9805329935,0.2250731166778391
bi25,25.0,2L_JAPI,seed36,1,i,600,2.6392403325320686,5.491851471280213,0.1413716694115407,44.44444444444444,1229.06436277089,213.71738838816873,0.17388624620630042,0.026022147272517022,0.18406903859050516,0.11667097708191557,0.8252783430199154,1,212258.9811673038,0.13896959527592956
bi25,25.0,2L_JAPI,seed36,2,a,50,0.2477710910461242,1.1092303042722702,0.2984513020910303,21.05263157894737,82.9503591041372,40.38712591490013,0.48688307502318934,0.08508903522946129,0.2851019065197724,0.3325480984421457,1.114245761744794,1,56686.292139315636,0.2084782740234688
bi25,25.0,2L_JAPI,seed36,2,a,100,0.2530974587041848,1.1329505231662427,0.2984513020910303,21.05263157894737,86.78594323200885,42.97936340099507,0.4952341565971849,0.07826044949670248,0.26222183970513335,0.33799398732107866,1.1324929224734541,1,58775.200264225015,0.20780415674493993
bi25,25.0,2L_JAPI,seed36,2,a,200,0.25673902558446143,1.15029766741245,0.2984513020910303,21.05263157894737,90.5717048852167,47.4687168917879,0.5241009535146317,0.077126421954169,0.25842213256836366,0.3080395248374098,1.032126590432683,0,60367.213388651115,0.2704600019267318
bi25,25.0,2L_JAPI,seed36,2,a,400,0.25855235746079236,1.1586768065400286,0.2984513020910303,21.05263157894737,94.21631182926626,51.634064414725266,0.5480374195531422,0.07966112481626428,0.2669149849846087,0.30305255474957427,1.0154170969478313,0,61229.37643218713,0.2782704740143344
bi25,25.0,2L_JAPI,seed36,2,a,600,0.2594040783173465,1.1624974328388384,0.2984513020910303,21.05263157894737,95.20372932447754,52.795373031865864,0.5545515223665909,0.08014394069301047,0.2685327225296067,0.3025971200910317,1.013891103744412,0,61459.50111441775,0.2803953514971361
bi25,25.0,2L_JAPI,seed36,2,i,50,2.4750788591911084,5.258686820179751,1.1466813185602747,5.479452054794519,0.021218668707305505,0.004869112930823913,0.2294730644033052,0.07409878577337176,0.06462020839966863,1.2956128186046432,1.129880462543299,1,224503.8027072627,6.737525436361442e-05
bi25,25.0,2L_JAPI,seed36,2,i,100,2.530913106505014,5.363687324251809,0.958185759344887,6.557377049180327,0.028427374478296602,0.0009932762352484296,0.034940836200218366,0.01829393970333933,0.01909226840925597,1.2304767900469753,1.2841735311201599,1,231458.0029449832,1.9405356956434485e-05
bi25,25.0,2L_JAPI,seed36,2,i,200,2.567335091911722,5.4151863075151425,1.0210176124166828,6.153846153846154,0.025210902350987264,0.001673401921434805,0.06637612165314956,0.02285511363457372,0.022384641906888502,1.25516767760706,1.2293300941559266,1,234977.53908115948,1.8453998715477622e-05
bi25,25.0,2L_JAPI,seed36,2,i,400,2.5855987594513223,5.418952039784053,1.0210176124166828,6.153846153846154,0.0261703190013504,0.0006960942327383229,0.026598614739942763,0.01793974762445762,0.017570458536944722,1.253074070982858,1.2272795843520394,1,235463.56457851722,1.911673628270108e-05
bi25,25.0,2L_JAPI,seed36,2,i,600,2.594040783380065,5.434115390982069,0.5183627878423159,12.12121212121212,13.268301920462806,0.17704811979711543,0.01334369091526822,0.01637504970711735,0.03158994065773599,0.4891286163353936,0.943602873908813,1,234722.12608684378,0.009994044661101606
bi25,25.0,2L_JAPI,seed36,3,a,50,0.25986579279998717,1.1647841903361424,0.26703537555513246,23.529411764705877,84.87093994773733,72.96422219742054,0.8597079547174943,0.2652193887810172,0.9931994524308247,0.2885691993028041,1.0806403410143903,0,50270.610592461555,0.5440176234641848
bi25,25.0,2L_JAPI,seed36,3,a,100,0.26262896251736045,1.178114108429294,0.26703537555513246,23.529411764705877,85.90418801436611,74.17489015968695,0.8634606981825191,0.2650402329079083,0.9925285455416665,0.2881664611554685,1.0791321582633282,0,50473.7177738912,0.5447571817193656
bi25,25.0,2L_JAPI,seed36,3,a,200,0.2643348779797873,1.1858619823183558,0.26703537555513246,23.529411764705877,85.9749172461727,74.229788217665,0.863388888239604,0.2649207390814685,0.9920810624087992,0.2880504224135968,1.0786976138078213,0,50475.80769758905,0.5447705544457934
bi25,25.0,2L_JAPI,seed36,3,a,400,0.2651209868413826,1.1894401886678416,0.26703537555513246,23.529411764705877,85.95005493239253,74.19822772017724,0.8632714403561561,0.2649354633425001,0.9921362021482476,0.2880447453651862,1.0786763542709574,0,50474.98748755033,0.5447630213209785
bi25,25.0,2L_JAPI,seed36,3,a,600,0.2651209868324629,1.189440188622952,0.26703537555513246,23.529411764705877,85.95005492901284,74.19822771584558,0.8632714403397039,0.2649354633424803,0.9921362021481734,0.28804474536485014,1.0786763542696989,0,50474.98748737568,0.5447630213195224
bi25,25.0,2L_JAPI,seed36,3,i,50,2.5963192050972603,5.229651605533058,0.1413716694115407,44.44444444444444,1461.2262930162826,875.0899400645836,0.5988736612850097,0.08019430593612609,0.5672586754470308,0.11115024601922013,0.786227159103962,0,185680.85957520513,0.4939236937700466
bi25,25.0,2L_JAPI,seed36,3,i,100,2.6258258885547288,5.256386999518878,0.1413716694115407,44.44444444444444,1474.6652379766826,898.7206036427602,0.6094404211194749,0.0799335046989594,0.5654138840666059,0.11013121636057979,0.7790189987781906,0,186094.58225393633,0.49488187105839465
bi25,25.0,2L_JAPI,seed36,3,i,200,2.6433363978961366,5.26428381626373,0.1413716694115407,44.44444444444444,1475.7827245937603,900.3104291128054,0.6100562190553047,0.07981272374358289,0.5645595335741822,0.11003706201392437,0.7783529930144663,0,185888.77847524808,0.4952905747419749
bi25,25.0,2L_JAPI,seed36,3,i,400,2.65120986579929,5.27412817775134,0.1413716694115407,44.44444444444444,1475.8013115122612,899.9405084343929,0.6097978782199477,0.07977328920580262,0.5642805912801255,0.11004160524169236,0.7783851297769937,0,185799.94006316888,0.49546194355271866
bi25,25.0,2L_JAPI,seed36,3,i,600,2.651209865741176,5.274128177641519,0.1413716694115407,44.44444444444444,1475.8013115064086,899.9405084435292,0.6097978782285567,0.07977328920714076,0.564280591289591,0.11004160524158227,0.778385129776215,0,185799.9400642666,0.4954619435510447
bi25,25.0,2L_JAPI,seed9,1,a,50,0.0830871164536558,0.3886074997142423,0.1413716694115407,44.44444444444444,34.70119390064705,0.8648573583688233,0.02492298567147273,0.016436128982847624,0.11626182990738512,0.09204848564130896,0.6511098441750077,1,14872.832099784393,0.055996641932615006
bi25,25.0,2L_JAPI,seed9,1,a,100,0.08478413381862153,0.39667162567648334,0.1413716694115407,44.44444444444444,36.03997013405833,0.5531179545928566,0.01534734775127218,0.016157185953298077,0.11428871159654783,0.09210223207341073,0.6514900224124544,1,15474.565124412335,0.055895547064702907
bi25,25.0,2L_JAPI,seed9,1,a,200,0.08448138844135522,0.39548380463395755,0.1413716694115407,44.44444444444444,34.74855366111429,0.6026775597355822,0.017343961006642254,0.016217432892086003,0.11471487151273686,0.09220632087311997,0.6522263000566423,1,15271.571358007828,0.05460900311541572
bi25,25.0,2L_JAPI,seed9,1,a,400,0.08530490446501711,0.3995375481883755,0.1413716694115407,44.44444444444444,35.04946399033482,0.07796306889883908,0.0022243726443388133,0.015773487871283316,0.11157460286732433,0.09228941878189051,0.6528140975207058,1,15691.071150764807,0.053609286943233
bi25,25.0,2L_JAPI,seed9,1,a,600,0.08530488113788358,0.3995373351719692,0.1413716694115407,44.44444444444444,35.04936485872106,0.07795883184109442,0.002224258047337954,0.01577348453389439,0.1115745792601268,0.09228943602733916,0.6528142195073013,1,15691.048497775719,0.09372669170588692
bi25,25.0,2L_JAPI,seed9,1,i,50,0.8301684932250095,2.803032931544687,1.0210176124166828,6.153846153846154,0.009697984831330254,0.004073684462342159,0.42005473644191904,0.2191767083085489,0.2146649633102526,1.1856137613720017,1.161207942893101,1,107831.90433357755,0.00011487756287773789
bi25,25.0,2L_JAPI,seed9,1,i,100,0.8480606064603299,2.891779062146635,0.2356194490192345,26.666666666666664,156.03028868318123,0.7804198496092738,0.005001720218527011,0.015864584573993503,0.0673313881346799,0.18839312068007086,0.7995652373530999,1,113936.88351517062,0.04656112798207089
bi25,25.0,2L_JAPI,seed9,1,i,200,0.8448081772761435,2.8567061193703713,0.2356194490192345,26.666666666666664,152.04879769568822,1.2481804626053759,0.008209078148079111,0.015970245455905682,0.06777982684528716,0.18944243912818148,0.8040186831636151,1,110257.6855308081,0.09886007060673205
bi25,25.0,2L_JAPI,seed9,1,i,400,0.8530490881073854,2.89198127186938,0.2356194490192345,26.666666666666664,157.1915068980466,4.307062775664377,0.027400098520958326,0.016610286405003487,0.07049624500075767,0.19115506845760794,0.8112873077892786,1,114143.71693776292,0.046822649357456
bi25,25.0,2L_JAPI,seed9,1,i,600,0.8530488109258729,2.891979029766206,0.2356194490192345,26.666666666666664,157.1912826460639,4.307111694997275,0.027400448819387028,0.016610299262299538,0.07049629956881691,0.1911551517303149,0.8112876612096235,1,114143.45223779227,0.09772003463562356
bi25,25.0,2L_JAPI,seed9,2,a,50,0.0813704372489571,0.38140110064159766,0.2356194490192345,26.666666666666664,59.41048368881134,22.271546382581512,0.37487569532742027,0.10013179987556677,0.4249725576235968,0.2151876714288194,0.9132848426754991,1,25933.391487470963,0.28830805653989117
bi25,25.0,2L_JAPI,seed9,2,a,100,0.08348301068677233,0.3902889228783554,0.2356194490192345,26.666666666666664,59.46618102320116,22.269189193034997,0.3744849393363013,0.09988080772182747,0.42390731383839975,0.21513535375051973,0.9130627995524997,1,25926.795259010873,0.28838838098593106
bi25,25.0,2L_JAPI,seed9,2,a,200,0.08536259371790177,0.40009424375071273,0.2356194490192345,26.666666666666664,59.53894026839744,22.274448662744156,0.3741156386447672,0.0995681204465955,0.422580227825197,0.21506554557602997,0.9127665244581459,1,25921.835860133695,0.28846057574446726
bi25,25.0,2L_JAPI,seed9,2,a,400,0.08589303414813937,0.402732473299882,0.2356194490192345,26.666666666666664,59.56890168093576,22.291168121206496,0.37420814371570815,0.0994719988325444,0.4221722750248182,0.21504392982268306,0.9126747843516441,1,25920.292609471642,0.28848131155001444
bi25,25.0,2L_JAPI,seed9,2,a,600,0.08589307428706819,0.40273253533148456,0.2356194490192345,26.666666666666664,59.56890236097396,22.291168947115132,0.3742081533085121,0.09947199814349164,0.42217227210038744,0.2150439292254404,0.9126747818168676,1,25920.292468857282,0.288481313131756
bi25,25.0,2L_JAPI,seed9,2,i,50,0.8135783357599692,2.76250639063302,0.9896016858807849,6.349206349206349,0.036148380495023565,0.03438803581811963,0.951302253301603,0.1998061638923277,0.20190564218217985,0.2274845354115892,0.22987484627122365,0,175574.98221271925,0.00018248833350902464
bi25,25.0,2L_JAPI,seed9,2,i,100,0.8352511604832671,2.8610355488670094,0.9896016858807849,6.349206349206349,0.0361509730761601,0.03439854165042987,0.9515246402347637,0.19975872810371414,0.2018577079584509,0.22748573111818626,0.2298760545417977,0,174874.08924353786,0.0001832384702142885
bi25,25.0,2L_JAPI,seed9,2,i,200,0.8536212642149134,2.9309236245499597,0.9896016858807849,6.349206349206349,0.036179205857811994,0.03447421695273885,0.9528737885576061,0.19971522377085146,0.2018137465005397,0.22723758200603705,0.2296252979841951,0,174294.30856869178,0.00018384559787887786
bi25,25.0,2L_JAPI,seed9,2,i,400,0.8589302946161333,2.944489366247312,0.9896016858807849,6.349206349206349,0.036198705514890676,0.034502513054991454,0.9531421790980488,0.1996291113673032,0.2017267292644367,0.22673799108082504,0.22912045756977384,0,174132.06757529802,0.00018401130965445354
bi25,25.0,2L_JAPI,seed9,2,i,600,0.8589307434482784,2.944491555806175,0.9896016858807849,6.349206349206349,0.03619870577938128,0.034502512953504115,0.9531421693301723,0.19962910902780934,0.2017267269003604,0.2267379871532037,0.22912045360088273,0,174132.0541307656,0.00018401132309916695
bi25,25.0,2L_JAPI,seed9,3,a,50,0.08625887999888317,0.40351957698927726,0.20420352248333656,30.769230769230766,45.68935638630053,16.4720451729479,0.36052259160049954,0.08695825933018271,0.42584113277124636,0.23292398666202851,1.1406462720594626,1,20079.01245578404,0.25613125046435736
bi25,25.0,2L_JAPI,seed9,3,a,100,0.08787991473545924,0.41175307937229716,0.20420352248333656,30.769230769230766,45.6815712910071,16.477610371029073,0.3607058580813936,0.08713729360173221,0.42671787705739894,0.23294598917319403,1.1407540200106143,1,20077.09295384195,0.25618495827892157
bi25,25.0,2L_JAPI,seed9,3,a,200,0.08816192316860064,0.4131210182575709,0.20420352248333656,30.769230769230766,45.66041941667938,16.449430105343737,0.3602557820424859,0.0872708976555062,0.4273721461520219,0.2330426201375284,1.141227229106908,1,20078.762677507715,0.2561587615497337
bi25,25.0,2L_JAPI,seed9,3,a,400,0.08819483487617844,0.4132764255512985,0.20420352248333656,30.769230769230766,45.65775950019317,16.447055898229515,0.36022476963986655,0.08728786641339815,0.42745524343499525,0.23305507503924533,1.1412882216968765,1,20078.81688268953,0.2561550661482766
bi25,25.0,2L_JAPI,seed9,3,a,600,0.08819486326514334,0.41327661562241047,0.20420352248333656,30.769230769230766,45.65775956792913,16.447055840108604,0.36022476783248303,0.08728786530865573,0.4274552380249885,0.23305507484488464,1.1412882207450776,1,20078.816844671408,0.25615506645041003
bi25,25.0,2L_JAPI,seed9,3,i,50,0.862229389422858,2.8969218180122733,0.9267698328089891,6.779661016949152,0.026187248659419193,0.024198487110040467,0.924056109320847,0.2610027747892939,0.2816263170740125,0.2754693558832607,0.29723599768923,0,136994.35176199593,0.00022052875807928042
bi25,25.0,2L_JAPI,seed9,3,i,100,0.8788206616601532,2.9786698057292127,0.9267698328089891,6.779661016949152,0.02617171935985081,0.024169934836656377,0.9235134499315584,0.26105396312972523,0.2816815501411875,0.2756095370120476,0.297387255449058,0,136798.24601031016,0.00022083296193136097
bi25,25.0,2L_JAPI,seed9,3,i,200,0.8813905349246252,2.9929464107361214,0.9267698328089891,6.779661016949152,0.026105549278469045,0.02406740754014174,0.9219268778225519,0.26159808202545515,0.2822686634421036,0.27626886927409544,0.29809868588054866,0,136786.9668933097,0.0002209114038344468
bi25,25.0,2L_JAPI,seed9,3,i,400,0.8819483410104807,2.995338896158393,0.9267698328089891,6.779661016949152,0.02610235769761427,0.02406071430521542,0.9217831808126108,0.26160855536977046,0.2822799643540933,0.27630111857035644,0.29813348340537016,0,136784.0844167038,0.00022091577024252915
bi25,25.0,2L_JAPI,seed9,3,i,600,0.8819486316716695,2.995341173528801,0.9267698328089891,6.779661016949152,0.026102357604741812,0.02406071427067496,0.9217831827690551,0.26160855577742603,0.28227996479396045,0.27630111899297793,0.2981334838613858,0,136784.081147407,0.00022091577556506824
bi30,30.0,3B_small,nucl,1,a,50,0.30995726186483835,1.2453260625030835,0.26703537555513246,23.529411764705877,71.30070421083316,62.97437115179096,0.883222288598699,0.10873903265044696,0.4072083424317561,0.11887628650347845,0.4451705556102813,0,50257.15443437845,0.23012716937069347
bi30,30.0,3B_small,nucl,1,a,100,0.3391707912595924,1.3646006296941953,0.26703537555513246,23.529411764705877,81.93460044297048,74.17610664074722,0.9053087003503062,0.112703944347116,0.42205623173640905,0.17250222432630521,0.6459901575500816,0,53709.852656149305,0.2514738982584535
bi30,30.0,3B_small,nucl,1,a,200,0.344696148140577,1.3941339099914902,0.26703537555513246,23.529411764705877,84.89927372466497,77.58812809956011,0.9138844738670501,0.11142172347989182,0.41725454257983713,0.1746289902462275,0.6539545177607877,0,54347.69713808018,0.25177558350960505
bi30,30.0,3B_small,nucl,1,a,400,0.3598577226169743,1.453289517979298,0.26703537555513246,23.529411764705877,92.08396775482892,86.3127295321962,0.937326351553416,0.11255092103070213,0.42148318662545414,0.16547817279566898,0.6196863335116592,0,55130.744648978216,0.2651851590198206
bi30,30.0,3B_small,nucl,1,a,600,0.36419520792330606,1.4625879783369296,0.26703537555513246,23.529411764705877,96.94505045423466,90.77566750365716,0.9363620636466643,0.11120640050751382,0.41644819633477365,0.15760573011198495,0.5902054354571665,0,55843.36730356664,0.2712708768769569
bi30,30.0,3B_small,nucl,1,i,50,3.278023178552091,4.312212251313685,0.1413716694115407,44.44444444444444,1222.8729194556834,810.3269677098579,0.6626420086811187,0.04501553260635459,0.3184197568984766,0.06656957300781119,0.47088340460933165,0,161850.73823081708,0.3274981754927887
bi30,30.0,3B_small,nucl,1,i,100,3.616038992765546,4.349448559017248,0.1413716694115407,44.44444444444444,1221.4025222424182,856.3649062485832,0.7011324200283713,0.050570932237485856,0.35771617077160694,0.06895601478274223,0.48776402704849925,0,174086.03833731683,0.3143557023030742
bi30,30.0,3B_small,nucl,1,i,200,3.7130710755825045,4.382340108670091,0.1413716694115407,44.44444444444444,1168.9999587755028,796.5433189504013,0.681388662994274,0.0493118513805722,0.3488099955658209,0.06907283608520964,0.4885903687261047,0,174231.6060621236,0.2993851909573993
bi30,30.0,3B_small,nucl,1,i,400,3.8826205460578205,4.283350052752312,0.1413716694115407,44.44444444444444,1044.4926179375832,737.509464781148,0.7060935157563939,0.05003166584895269,0.3539016413770128,0.06983389443445003,0.4939737553155698,0,171295.7624750529,0.2705813249530288
bi30,30.0,3B_small,nucl,1,i,600,3.9059080302119256,4.2434254414972,0.1413716694115407,44.44444444444444,994.4592499790434,685.6535001960152,0.6894737016227304,0.049736030069278306,0.35181044601301265,0.07191518482902669,0.5086958732847501,0,170846.83352952547,0.2588110954148917
bi30,30.0,3B_small,nucl,2,a,50,0.31361906817347945,1.2587674997414662,0.20420352248333656,30.769230769230766,69.3394171636441,51.66138592806074,0.7450507668118637,0.05025316125837494,0.24609350831583085,0.08927533889030573,0.43718804555680857,0,45985.22753815737,0.10568922985519662
bi30,30.0,3B_small,nucl,2,a,100,0.3334995694965813,1.341280548465237,0.20420352248333656,30.769230769230766,72.85874940157778,53.792941886955546,0.738318216120666,0.04726754689485854,0.23147273034291402,0.07994533972927997,0.3914983383100244,0,47792.49703336593,0.10493251967786044
bi30,30.0,3B_small,nucl,2,a,200,0.3530757832474089,1.420053206454479,0.20420352248333656,30.769230769230766,92.94679772558499,84.5126935426787,0.9092587976209032,0.0513966624599957,0.2516933196595067,0.05652588965262281,0.27681153079636733,0,55271.33245703396,0.11151548550306552
bi30,30.0,3B_small,nucl,2,a,400,0.35951180691570156,1.4532324813539343,0.20420352248333656,30.769230769230766,94.01969575692605,88.10770342959344,0.9371196398825072,0.20955811467004265,1.0262218404540158,0.2238100419363269,1.0960145996237174,0,56800.734911809835,0.41229868649794765
bi30,30.0,3B_small,nucl,2,a,600,0.368252792235353,1.4795412289293661,0.20420352248333656,30.769230769230766,88.8726530449378,81.77112921488454,0.9200932616868944,0.20677144682096824,1.0125753185175403,0.22358533364890873,1.0949141862484462,0,57639.79665375117,0.41899616314181437
bi30,30.0,3B_small,nucl,2,i,50,3.3129625831000507,4.346439368424318,0.1413716694115407,44.44444444444444,1137.3099302775825,22.397896527768125,0.01969374919842781,0.017280384065598044,0.12223371300294895,0.14047396235347037,0.99365002152265,1,178988.88130900642,0.1524979547726159
bi30,30.0,3B_small,nucl,2,i,100,3.543028648497164,4.451603134845888,0.5183627878423159,12.12121212121212,17.78052825351315,1.4575386368277172,0.08197386579556379,0.018487105143345044,0.03566441414573292,0.4751685221618408,0.9166717467118518,1,187700.56409065114,0.008336077698485139
bi30,30.0,3B_small,nucl,2,i,200,3.777005826073885,4.314890419193064,0.20420352248333656,30.769230769230766,1073.8760820970394,590.7031279749509,0.5500663790010483,0.03774770664693005,0.18485335702282188,0.13494240859613363,0.6608231187938749,0,169036.88159928384,0.36392678962881964
bi30,30.0,3B_small,nucl,2,i,400,3.895511036603153,4.173487704204294,0.20420352248333656,30.769230769230766,1091.203079899255,696.6915808963903,0.6384618901192178,0.0401015362881282,0.1963802377179883,0.09042361627179993,0.44281124621235995,0,167475.6814160715,0.4475935158682116
bi30,30.0,3B_small,nucl,2,i,600,3.956650242590904,4.174046877556505,0.20420352248333656,30.769230769230766,1024.3296042997215,636.6682085671537,0.6215462346247516,0.039980819260860584,0.19578907736091136,0.08313308158406826,0.40710894980203927,0,165698.17787681468,0.43211242559871327
bi30,30.0,3B_small,nucl,3,a,50,0.3330604580928147,1.3356453953565652,0.3298672286269283,19.047619047619047,62.28129083943781,50.81429623119104,0.8158837998748473,0.2352739255461888,0.7132382520249619,0.25664002343709086,0.7780100633377691,0,55025.607142394285,0.37165486184450935
bi30,30.0,3B_small,nucl,3,a,100,0.34781500038195273,1.3942234588235745,0.3298672286269283,19.047619047619047,70.11045277325863,59.442366598480795,0.84783886349616,0.22523283711375783,0.6827984642526906,0.24283177617387247,0.7361500479591722,0,56557.25460166141,0.3953174561525962
bi30,30.0,3B_small,nucl,3,a,200,0.35283797717735627,1.4193264084325332,0.3298672286269283,19.047619047619047,72.60965154780428,61.91776217351661,0.8527483723393382,0.22155812720673346,0.6716584976597061,0.236051832075185,0.7155964933459752,0,57145.456048196356,0.40544454318300366
bi30,30.0,3B_small,nucl,3,a,400,0.36184055040946367,1.4564312996872075,0.3298672286269283,19.047619047619047,83.10829463414422,77.61570713741641,0.9339104776375566,0.21751986339218107,0.6594164091340843,0.2245987810858539,0.6808763089948217,0,61603.20298671896,0.4371922537474443
bi30,30.0,3B_small,nucl,3,a,600,0.37161204256141284,1.4943087265014203,0.3298672286269283,19.047619047619047,89.75947188048846,86.43649529205042,0.962979098263162,0.20865080200498942,0.6325296479844269,0.21316325383816997,0.6462092482647083,0,62376.058514679564,0.4024296097625099
bi30,30.0,3B_small,nucl,3,i,50,3.525493891453743,4.335931871456897,0.10995574287564278,57.14285714285713,1132.4975469010935,398.3026407493795,0.35170287285767093,0.03134848879044684,0.28510096854059913,0.13687997066349625,1.2448642252210884,1,172149.35241587536,0.11841436263422048
bi30,30.0,3B_small,nucl,3,i,100,3.7195583197385074,4.400534055995662,0.10995574287564278,57.14285714285713,1086.9607037015112,296.44920524012196,0.2727322195095008,0.02707739235088406,0.24625719078182137,0.14214460389408107,1.2927437910618556,1,176781.1572394264,0.173278951916799
bi30,30.0,3B_small,nucl,3,i,200,3.7819915158703923,4.329241771851652,0.10995574287564278,57.14285714285713,938.1481182171556,208.01083300506218,0.22172493763603476,0.0256838417414852,0.23358344975698986,0.15853268036993803,1.441786269856178,1,171448.41868650046,0.0984941491865648
bi30,30.0,3B_small,nucl,3,i,400,3.902626961579919,4.235162164336844,0.20420352248333656,30.769230769230766,604.9480897543472,252.92642396042896,0.4180960783976282,0.07843394715197585,0.3840969352444752,0.22991521510983726,1.1259120915928316,1,161678.0700676865,0.35016610297077966
bi30,30.0,3B_small,nucl,3,i,600,3.9975580200210215,4.089593100859576,0.20420352248333656,30.769230769230766,552.190915045051,251.93515484086004,0.4562464683438438,0.10325898066383649,0.5056669905009236,0.24476167888093187,1.1986163407191222,1,155977.34175864694,0.5121078782745756
bi30,30.0,3B_small,random,1,a,50,0.39516631266612623,1.6269091519526604,0.48694686130641796,12.903225806451612,33.86035357808169,33.50927696199484,0.9896316317170974,0.426898132133145,0.8766831990411239,0.4291882206276321,0.881386152641324,0,63850.82352688123,0.4775266766181799
bi30,30.0,3B_small,random,1,a,100,0.39456836608586165,1.6296214563172386,0.48694686130641796,12.903225806451612,38.05131810768024,37.75899928713077,0.9923177741248741,0.26644524039015133,0.5471751880180762,0.2671616364978916,0.548646387782704,0,64186.36591170124,0.3019868746502846
bi30,30.0,3B_small,random,1,a,200,0.397021080257319,1.6441328080933875,0.48694686130641796,12.903225806451612,40.08889053081095,39.72359276034982,0.9908878054337678,0.2650282674694022,0.5442652751849849,0.26591295963221456,0.5460820897762912,0,64719.58678667541,0.30186816227177854
bi30,30.0,3B_small,random,1,a,400,0.3977906775701858,1.6494632337005801,0.48694686130641796,12.903225806451612,41.26119299923311,40.886262385804216,0.9909132386590018,0.26197620857121673,0.5379975298913872,0.26290338870107044,0.5399015982888427,0,65009.03098357775,0.30484349134279304
bi30,30.0,3B_small,random,1,a,600,0.3980790159437784,1.6517106765979594,0.48694686130641796,12.903225806451612,40.35947579510958,39.93137301646249,0.9893927567141749,0.37634626390139164,0.7728692672783666,0.3778883840052658,0.7760361838896306,0,65102.52063878169,0.47367135270193084
bi30,30.0,3B_small,random,1,i,50,4.741560171705484,1.0625403541268916,0.2356194490192345,26.666666666666664,102.60884707996253,84.97731227071338,0.8281674990899276,0.11663904283242324,0.49503147264766567,0.1542341152599355,0.6545899156539695,0,39278.766419576685,0.43037314746366945
bi30,30.0,3B_small,random,1,i,100,4.735795350891352,1.0840848897748716,0.2356194490192345,26.666666666666664,105.012133162864,87.49648108321082,0.8332035398948802,0.12252539472410355,0.5200139259900457,0.2139946580176942,0.9082215365006859,0,41166.08737465371,0.42159743167893415
bi30,30.0,3B_small,random,1,i,200,4.763840873157978,1.0958145547595013,0.2356194490192345,26.666666666666664,100.27594025145545,81.97599096071816,0.8175040867744775,0.13350432844976903,0.5666099679185251,0.1644615346895689,0.6979964318486428,0,41527.00400989344,0.4167973327743159
bi30,30.0,3B_small,random,1,i,400,4.773126980644465,1.1137416175205355,0.2356194490192345,26.666666666666664,98.21699564460786,80.10763635185816,0.8156188837390496,0.13383983360707133,0.5680338960309914,0.1679256519440778,0.71269860210211,0,41393.58493309598,0.4090965365051125
bi30,30.0,3B_small,random,1,i,600,4.776954434221983,1.1163890414580586,0.2356194490192345,26.666666666666664,96.8117850393912,74.2197875108159,0.7666400064890554,0.13543563958695437,0.5748067069620312,0.23706208633161793,1.0061227429161235,0,42041.20862272913,0.3952685916087323
bi30,30.0,3B_small,random,2,a,50,0.3952851322509674,1.6239583844418164,0.4241150082346221,14.814814814814813,38.17586970911093,37.846459826470124,0.9913712540106928,0.21775782588681267,0.5134405094345262,0.2502262487188956,0.5899962129622855,0,63823.62152787856,0.2673762174973627
bi30,30.0,3B_small,random,2,a,100,0.3995978353617928,1.6510051833834554,0.4241150082346221,14.814814814814813,39.29759734448749,38.797118862185535,0.9872643999602647,0.21322727561598365,0.5027581469081742,0.28516227656388904,0.6723701614589789,0,64016.50144494204,0.2745812575561528
bi30,30.0,3B_small,random,2,a,200,0.4006427048505899,1.6581027457355733,0.4241150082346221,14.814814814814813,37.67147017314081,37.31458797501178,0.9905264595066566,0.41698836985508764,0.9831964485076841,0.4195892910423512,0.9893290331528016,0,64469.380236348,0.4769098678425723
bi30,30.0,3B_small,random,2,a,400,0.4008280043519856,1.659810256967016,0.4241150082346221,14.814814814814813,38.32943749276487,37.933129352294024,0.9896604759580505,0.41243926987220353,0.9724703485240506,0.4150807580136824,0.9786985840030873,0,64640.337134067086,0.4784173933596378
bi30,30.0,3B_small,random,2,a,600,0.4015937678770392,1.6636358320779452,0.4241150082346221,14.814814814814813,38.595047528559775,38.14606105016919,0.9883667333727638,0.4108987529181302,0.9688380390698633,0.41374600364007647,0.975551432056822,0,64790.48150028651,0.47953488148320733
bi30,30.0,3B_small,random,2,i,50,4.742667276591063,0.9955342871287197,0.2356194490192345,26.666666666666664,83.70617570050764,60.71111413747822,0.7252883509419489,0.1479018778984255,0.6277150656028896,0.17781432456669422,0.7546674321956273,0,37762.52290868925,0.4165469762664663
bi30,30.0,3B_small,random,2,i,100,4.794434911638498,1.0148608491947528,0.2984513020910303,21.05263157894737,81.46615655274029,52.0857246872361,0.6393541427662219,0.1431810620223656,0.4797468163790892,0.17531544646820182,0.5874172611742503,0,37965.751646676465,0.42624100691219624
bi30,30.0,3B_small,random,2,i,200,4.80759250139594,1.022898971508069,0.2356194490192345,26.666666666666664,87.19958837342227,60.68022702643854,0.6958774480285663,0.14569246625609394,0.618338031357507,0.18177069051050418,0.7714587707726349,0,38788.0291311882,0.4241633935148628
bi30,30.0,3B_small,random,2,i,400,4.809842763745785,1.027280188737,0.2356194490192345,26.666666666666664,87.42916532622893,58.31384101738985,0.6669838468639203,0.1356281625616465,0.5756237998441914,0.17287607960604906,0.7337088696440188,0,38489.92727391373,0.41760660953373874
bi30,30.0,3B_small,random,2,i,600,4.819137032240629,1.0288876374659122,0.2356194490192345,26.666666666666664,86.04320942983131,53.639799043544194,0.6234053727073923,0.13359183452556125,0.5669813552388693,0.1761109962001142,0.7474382820822978,0,38524.60060876435,0.41499853110943485
bi30,30.0,3B_small,random,3,a,50,0.3961688456132615,1.629638617390647,0.4241150082346221,14.814814814814813,39.725077982741595,39.37859101056946,0.9912778781120917,0.32899619143757264,0.7757240018621804,0.33063221513395763,0.7795815019850714,0,65570.87128773643,0.42245554268599467
bi30,30.0,3B_small,random,3,a,100,0.40031425217901273,1.6558170614997914,0.4241150082346221,14.814814814814813,40.48719309969852,40.12644138168099,0.9910897325697736,0.33397248070488395,0.7874573505310357,0.3354605392311005,0.7909659708281824,0,65923.92647487193,0.43723425079496814
bi30,30.0,3B_small,random,3,a,200,0.4021668502438581,1.6695198484592642,0.4241150082346221,14.814814814814813,41.68035632194097,41.34307076253797,0.9919078052788755,0.3380688261604314,0.7971159227956639,0.3395385289750885,0.8005812630597936,0,66467.4557949811,0.4626929002253798
bi30,30.0,3B_small,random,3,a,400,0.4031891204923649,1.6745781716519421,0.4241150082346221,14.814814814814813,42.000321122479036,41.68980685554081,0.9926068596944123,0.33384726152170147,0.7871621023536517,0.33523051127228237,0.7904235991734382,0,66446.68712943286,0.44958155208695955
bi30,30.0,3B_small,random,3,a,600,0.4037042674214387,1.6770526173344067,0.4555309347705201,13.79310344827586,42.978883525389,42.6817169870939,0.9930857548191182,0.32805117095665354,0.7201512475149767,0.32941262639058494,0.72313996975097,0,66520.40991106194,0.44942023044493706
bi30,30.0,3B_small,random,3,i,50,4.75336018922925,1.005777963709953,0.26703537555513246,23.529411764705877,71.76207324279127,48.77816254749271,0.6797206427197618,0.13064805018643239,0.48925371747032304,0.20643574059364175,0.7730651422662193,0,36244.61289090068,0.3795501925664002
bi30,30.0,3B_small,random,3,i,100,4.803428004479408,1.0310511894635976,0.26703537555513246,23.529411764705877,73.47387304958978,49.56756337742567,0.674628426678569,0.12724232545010897,0.4764998839033533,0.2595194602121256,0.9718542334423586,0,36676.17930534169,0.37534484799067785
bi30,30.0,3B_small,random,3,i,200,4.826016195970774,1.0544782219457978,0.26703537555513246,23.529411764705877,77.27010371179192,56.96192330542194,0.7371793302864323,0.1247051518293274,0.46699861982735924,0.1965374705809478,0.7359978810761364,0,36910.82677820397,0.37968155649067337
bi30,30.0,3B_small,random,3,i,400,4.838258441716433,1.0523433438211078,0.26703537555513246,23.529411764705877,73.81239220836997,54.95344031042613,0.7445015486734852,0.13667041507908015,0.5118064031589815,0.20019598418568343,0.7496983640070217,0,36395.34030823017,0.3726403470138472
bi30,30.0,3B_small,random,3,i,600,4.844402473038435,1.0497037617865206,0.26703537555513246,23.529411764705877,73.09178569635648,54.71641809806129,0.748598732084183,0.14704401948876464,0.5506537071467736,0.19738653480842175,0.7391774756362536,0,36205.636141925075,0.45409230611566553
bi30,30.0,3B_small,seed144,1,a,50,0.34169883204477386,1.4494565862430293,0.2356194490192345,26.666666666666664,40.37712809470823,28.81683363217481,0.7136920081235669,0.35964458149071415,1.5263790106790165,0.4003716568198792,1.6992300868473524,0,57347.55525137941,0.43175812546003883
bi30,30.0,3B_small,seed144,1,a,100,0.345962343977242,1.472307378221281,0.3612831551628263,17.391304347826082,42.095885004536285,31.193236751852282,0.7410044176168497,0.36603780058808844,1.0131604403839956,0.39699541210252587,1.0988483864508005,0,57955.261693977474,0.45559754004733527
bi30,30.0,3B_small,seed144,1,a,200,0.3502348171815108,1.4933131149385255,0.3612831551628263,17.391304347826082,44.3366029524023,33.45993601039425,0.7546797404915138,0.36390946855287976,1.007269404489312,0.3942835125336498,1.091342086945489,0,58336.05112108764,0.4604649875815875
bi30,30.0,3B_small,seed144,1,a,400,0.35115383944908835,1.4984999989789458,0.3612831551628263,17.391304347826082,44.83528481919907,34.105158829644196,0.7606767519638887,0.3637753554368103,1.0068981911787744,0.39385834626033056,1.0901652640927115,0,58490.375502588475,0.503742528797422
bi30,30.0,3B_small,seed144,1,a,600,0.35120884512424994,1.498739773285,0.3612831551628263,17.391304347826082,44.990339368169955,34.289862519888224,0.7621605660558282,0.3635717426343059,1.0063346088484202,0.39393401589438304,1.0903747109849098,0,58505.55308117051,0.5040540801350002
bi30,30.0,3B_small,seed144,1,i,50,4.097774583472312,2.7424441233062296,0.20420352248333656,30.769230769230766,330.39686425713273,81.54032010586985,0.24679507866760733,0.055986933628283705,0.27417222263074503,0.1996507396555815,0.9777046802504272,1,112382.65128490902,0.21143539153950378
bi30,30.0,3B_small,seed144,1,i,100,4.150847625742853,2.728857719909526,0.20420352248333656,30.769230769230766,343.45360838985374,123.05593430510388,0.358289828084797,0.05598529748533394,0.27416421031572785,0.19479347753638337,0.9539183025223227,1,110882.3410256358,0.21604524348503895
bi30,30.0,3B_small,seed144,1,i,200,4.2026966171056035,2.7505251489091673,0.20420352248333656,30.769230769230766,324.7068444028678,111.40325603842712,0.3430887212842601,0.057405955420134096,0.2811212790162253,0.1988808829574102,0.9739346341277697,1,110056.25440681577,0.20819406135581425
bi30,30.0,3B_small,seed144,1,i,400,4.213850499479473,2.740173788371462,0.20420352248333656,30.769230769230766,320.418512849895,117.33450694394557,0.3661914097919577,0.05865145063116178,0.28722056269106655,0.19941731754878567,0.9765615946466278,1,109562.10084615089,0.20671134222911172
bi30,30.0,3B_small,seed144,1,i,600,4.214501891972125,2.7375365625881334,0.20420352248333656,30.769230769230766,318.8534290900185,117.95016879601192,0.36991971242909955,0.059275667831353816,0.2902774012440987,0.200039710392027,0.9796094991865317,1,109483.08689539984,0.20647140646795928
bi30,30.0,3B_small,seed144,2,a,50,0.351288517687778,1.490230489175507,0.4555309347705201,13.79310344827586,49.961304396878006,45.04963110060814,0.9016904511288782,0.20230759771804738,0.44411385106032936,0.384349423435412,0.8437394567484934,0,59877.71519411501,0.3981956730325505
bi30,30.0,3B_small,seed144,2,a,100,0.3564633021160872,1.5159714734560046,0.4555309347705201,13.79310344827586,50.575468640318554,45.69611837767742,0.9035233801323329,0.2025187207627043,0.44457731693836744,0.3832643815348845,0.841357528721862,0,60274.80671072753,0.36309200728504787
bi30,30.0,3B_small,seed144,2,a,200,0.3588302737078524,1.527802592117967,0.4555309347705201,13.79310344827586,51.076673565977046,46.16131570386158,0.9037651139170962,0.2030519877692132,0.4457479663186945,0.3833727951432754,0.8415955226759839,0,60411.8364327724,0.4024638026953838
bi30,30.0,3B_small,seed144,2,a,400,0.35976159495422655,1.5317103680478017,0.4555309347705201,13.79310344827586,50.882234437656415,45.86813406303007,0.9014567573527086,0.20447578432040753,0.4488735423060016,0.38416847872840354,0.8433422395823319,0,60471.15459688288,0.40344624557707365
bi30,30.0,3B_small,seed144,2,a,600,0.3607794912329062,1.5361842580311742,0.4555309347705201,13.79310344827586,50.721571388087234,45.40450488047873,0.8951714948473126,0.3719320651793959,0.8164803678300394,0.38486668562133,0.8448749716969536,0,60670.95793925223,0.5338124156123067
bi30,30.0,3B_small,seed144,2,i,50,4.2134680523723365,2.5683102030454457,0.10995574287564278,57.14285714285713,407.3964833682635,20.32844790274305,0.04989843735191812,0.01795629499567082,0.16330474903870137,0.19031743019082858,1.7308548440809761,1,100424.93447874847,0.1269813046265375
bi30,30.0,3B_small,seed144,2,i,100,4.277253633998335,2.5703915203014476,0.10995574287564278,57.14285714285713,393.27415338133864,9.445540498147125,0.024017699655406156,0.016867386576526595,0.1534015971826337,0.19373475830038644,1.7619339675554342,1,100270.27771832151,0.12418969633464408
bi30,30.0,3B_small,seed144,2,i,200,4.305458400961757,2.5594917500169694,0.20420352248333656,30.769230769230766,382.2069918212351,110.3441869995898,0.28870269084768524,0.058184390268069104,0.28493333298311285,0.1951348290940364,0.9555899267602488,1,100385.10254529747,0.35039812174244267
bi30,30.0,3B_small,seed144,2,i,400,4.317100393597782,2.560472059033678,0.20420352248333656,30.769230769230766,378.6964454017014,108.84020021771192,0.2874075041878461,0.062062068940352225,0.30392261693437056,0.19510876106422914,0.9554622696586952,1,100353.39557479619,0.34972138870491554
bi30,30.0,3B_small,seed144,2,i,600,4.329249594700337,2.563283970659631,0.20420352248333656,30.769230769230766,370.80493819369485,102.5721340913081,0.2766201944099466,0.06801116993481215,0.3330558117104077,0.1958985462894054,0.9593299072761643,1,100705.92216127751,0.3460341628207618
bi30,30.0,3B_small,seed144,3,a,50,0.34573407196293554,1.4725430041941971,0.3298672286269283,19.047619047619047,42.20083711841301,31.692001493171936,0.750980398901711,0.25001260632813876,0.7579188977602163,0.36551158367364045,1.108056672362034,0,57049.26444091928,0.34047850834146237
bi30,30.0,3B_small,seed144,3,a,100,0.34986354878435777,1.4927784080612299,0.3298672286269283,19.047619047619047,43.95590719566919,34.118162656195025,0.7761906153891543,0.24608287700364495,0.7460058340077141,0.3614583698699215,1.095769262604507,0,57580.954194449005,0.3473019913613149
bi30,30.0,3B_small,seed144,3,a,200,0.35119788734222945,1.4994400163831394,0.3298672286269283,19.047619047619047,44.104137025306045,34.71717250732728,0.7871636279246838,0.2456936900359875,0.7448260048707688,0.36169089219291706,1.0964741593108678,0,57727.25791337344,0.3456138117866377
bi30,30.0,3B_small,seed144,3,a,400,0.35206052782313657,1.5036611665207327,0.3298672286269283,19.047619047619047,45.50920576976832,34.825234677906444,0.7652349472783104,0.23384076599034617,0.7088935962620716,0.35046661262806905,1.0624475007319933,0,58327.13961226142,0.34787362959298895
bi30,30.0,3B_small,seed144,3,a,600,0.35222930804123237,1.5042985479980835,0.3298672286269283,19.047619047619047,45.48251191681732,34.801565102426665,0.7651636560020042,0.2336680195969491,0.7083699116447298,0.35066523382502557,1.063049625404345,0,58325.107775991106,0.34784710043174566
bi30,30.0,3B_small,seed144,3,i,50,4.148177358570695,2.6818303258731664,0.1413716694115407,44.44444444444444,913.1381312194785,219.61956503251304,0.2405107809255707,0.039616087501745514,0.28022649563839347,0.09108851777705002,0.6443194605836219,1,116411.77433555192,0.31326471477161855
bi30,30.0,3B_small,seed144,3,i,100,4.197973210024833,2.6999809391463843,0.1413716694115407,44.44444444444444,914.8162213229285,258.90331085752007,0.283011281198224,0.03904422901173705,0.2761814242857751,0.09256485622274721,0.6547624188640359,1,116906.44292882533,0.30821501215113034
bi30,30.0,3B_small,seed144,3,i,200,4.214303889894485,2.6972923183072464,0.1413716694115407,44.44444444444444,921.932047390495,305.38943934202985,0.3312494019558457,0.03959667089438344,0.2800891512366269,0.09266234701960674,0.6554520251851986,1,116101.22343085404,0.3084837943601491
bi30,30.0,3B_small,seed144,3,i,400,4.224672520178556,2.7076612275480123,0.1413716694115407,44.44444444444444,954.4960761510074,248.60763030969804,0.2604595624030273,0.034510212182945206,0.2441098158251501,0.09069439073901892,0.6415315820810078,1,118299.16890378107,0.3170741180607571
bi30,30.0,3B_small,seed144,3,i,600,4.226696274027228,2.704784231593744,0.1413716694115407,44.44444444444444,955.0667950092658,249.1685226033568,0.2608912003907951,0.03447145488478495,0.24383566402145718,0.09067465467787358,0.6413919780059658,1,118306.36117808596,0.3171716169696315
bi30,30.0,3B_small,seed1,0,a,50,0.007413569627044052,0.035127212277780026,1.2723450247038661,4.938271604938272,0.2593754443394412,0.25805481935510594,0.994908442517762,0.38930100031195286,0.3059712521000829,0.3905793640794226,0.30697598253298364,0,9913.871947652384,0.0635682107651868
bi30,30.0,3B_small,seed1,0,a,100,0.007413570036095661,0.035127214447194834,1.2723450247038661,4.938271604938272,0.259375473362701,0.25805484461160194,0.9949084285650542,0.3893009888780438,0.30597124311359825,0.39057935616956385,0.3069759763162275,0,9913.872550712415,0.06356821294822029
bi30,30.0,3B_small,seed1,0,a,200,0.007413570036095661,0.035127214447194834,1.2723450247038661,4.938271604938272,0.259375473362701,0.25805484461160194,0.9949084285650542,0.3893009888780438,0.30597124311359825,0.39057935616956385,0.3069759763162275,0,9913.872550712415,0.06356821294822029
bi30,30.0,3B_small,seed1,0,a,400,0.007413570036095661,0.035127214447194834,1.2723450247038661,4.938271604938272,0.259375473362701,0.25805484461160194,0.9949084285650542,0.3893009888780438,0.30597124311359825,0.39057935616956385,0.3069759763162275,0,9913.872550712415,0.06356821294822029
bi30,30.0,3B_small,seed1,0,a,600,0.007413570036095661,0.035127214447194834,1.2723450247038661,4.938271604938272,0.259375473362701,0.25805484461160194,0.9949084285650542,0.3893009888780438,0.30597124311359825,0.39057935616956385,0.3069759763162275,0,9913.872550712415,0.06356821294822029
bi30,30.0,3B_small,seed1,0,i,50,0.08896282293984008,0.2968238763950024,1.1780972450961724,5.333333333333333,0.005389999200874506,0.005330852280252154,0.9890265437121483,0.34750115821677835,0.2949681443219151,0.350053060164502,0.297134265971334,0,80047.67944158136,0.00013546001804993113
bi30,30.0,3B_small,seed1,0,i,100,0.08896283935594633,0.2968239123207056,1.1780972450961724,5.333333333333333,0.00538999573726312,0.0053308489231253505,0.9890265564165729,0.3475013618209682,0.29496831714651905,0.3500532604013118,0.29713443593761707,0,80047.6885615885,0.00013545996490646868
bi30,30.0,3B_small,seed1,0,i,200,0.08896283935594633,0.2968239123207056,1.1780972450961724,5.333333333333333,0.00538999573726312,0.0053308489231253505,0.9890265564165729,0.3475013618209682,0.29496831714651905,0.3500532604013118,0.29713443593761707,0,80047.6885615885,0.00013545996490646868
bi30,30.0,3B_small,seed1,0,i,400,0.08896283935594633,0.2968239123207056,1.1780972450961724,5.333333333333333,0.00538999573726312,0.0053308489231253505,0.9890265564165729,0.3475013618209682,0.29496831714651905,0.3500532604013118,0.29713443593761707,0,80047.6885615885,0.00013545996490646868
bi30,30.0,3B_small,seed1,0,i,600,0.08896283935594633,0.2968239123207056,1.1780972450961724,5.333333333333333,0.00538999573726312,0.0053308489231253505,0.9890265564165729,0.3475013618209682,0.29496831714651905,0.3500532604013118,0.29713443593761707,0,80047.6885615885,0.00013545996490646868
bi30,30.0,3B_small,seed36,1,a,50,0.1865686297539484,0.838528488907355,0.17278759594743864,36.36363636363636,37.25174902399362,21.819288463137873,0.5857252084750224,0.10178103695552371,0.589052914345108,0.27088466154341306,1.5677321051785176,0,30330.112027298157,0.1260036663674874
bi30,30.0,3B_small,seed36,1,a,100,0.1894212048115395,0.8522381639369633,0.17278759594743864,36.36363636363636,37.02633911251998,21.226098353001284,0.5732702411787709,0.10447294949097043,0.6046322302137401,0.2743804183459011,1.5879636315408117,0,30749.998346088432,0.12489100183756341
bi30,30.0,3B_small,seed36,1,a,200,0.19089717703444956,0.8595642181953217,0.17278759594743864,36.36363636363636,36.37429523104716,20.693104605120936,0.5688936231940628,0.16604733770698307,0.9609910757569314,0.40977170288897813,2.3715342565077946,0,31088.205449457928,0.21341486128532813
bi30,30.0,3B_small,seed36,1,a,400,0.19109637828318551,0.8606717649666172,0.17278759594743864,36.36363636363636,36.56305571018116,20.803265973643402,0.5689695669459769,0.16627130094453854,0.9622872523506703,0.40982934066377896,2.3718678323902807,0,31239.951016704188,0.21420679315722208
bi30,30.0,3B_small,seed36,1,a,600,0.19109637828318699,0.860671764966617,0.17278759594743864,36.36363636363636,36.563055710181146,20.803265973643377,0.5689695669459764,0.16627130094453854,0.9622872523506703,0.409829340663779,2.371867832390281,0,31239.951016704188,0.21420679315722205
bi30,30.0,3B_small,seed36,1,i,50,2.238197820178326,4.3107930818824975,0.1413716694115407,44.44444444444444,955.3229710038939,172.1712928504893,0.18022312670820045,0.026546514421582738,0.18777817742467465,0.11648773933325829,0.8239822010883672,1,163379.00158644747,0.140334749762575
bi30,30.0,3B_small,seed36,1,i,100,2.2721711701773106,4.394450198520374,0.1413716694115407,44.44444444444444,953.557903858033,149.13819984994268,0.1564018286110778,0.02502371995296076,0.1770066100027109,0.11692666927497189,0.8270869953059119,1,166230.4036597152,0.13767270721089458
bi30,30.0,3B_small,seed36,1,i,200,2.290857085605059,4.431977838956112,0.1413716694115407,44.44444444444444,943.1736610389484,145.5804403198373,0.1543516812794304,0.02481263940813335,0.17551352057605257,0.11682495644655627,0.8263675242206584,1,167566.1175636187,0.22076566775997503
bi30,30.0,3B_small,seed36,1,i,400,2.2931565395264886,4.4376024911682705,0.1413716694115407,44.44444444444444,951.8364645247483,153.49264491226575,0.1612594711728181,0.02511057508793501,0.17762098440555826,0.11680209745880313,0.8262058299586589,1,168915.4085328062,0.13523973536231454
bi30,30.0,3B_small,seed36,1,i,600,2.293156539532449,4.437602491166034,0.1413716694115407,44.44444444444444,951.8364645243288,153.4926449114556,0.16125947117203804,0.0251105750879169,0.17762098440543017,0.11680209745884268,0.8262058299589387,1,168915.40853288042,0.22031302072937664
bi30,30.0,3B_small,seed36,2,a,50,0.17735884430712986,0.7973695230293258,0.2984513020910303,21.05263157894737,45.784840630820895,23.144186396932025,0.5054988960986379,0.09890597947085761,0.3313973796659476,0.22615674929253624,0.7577676750210873,0,41032.44108277594,0.23654967934717833
bi30,30.0,3B_small,seed36,2,a,100,0.18125397531431375,0.8159810068816107,0.2984513020910303,21.05263157894737,46.995997076629166,23.273684690733763,0.49522695843190506,0.0950808553246004,0.31858080249085285,0.3604708051418739,1.2078044311293608,1,42647.01623316582,0.20789749037227728
bi30,30.0,3B_small,seed36,2,a,200,0.18146074947772822,0.8172027358687302,0.2984513020910303,21.05263157894737,47.51370807451883,23.650196407934423,0.4977552240469695,0.0889715951346198,0.29811092969359093,0.36086603102608433,1.2091286869843072,1,42803.06237224658,0.2080093650542585
bi30,30.0,3B_small,seed36,2,a,400,0.18276415248123506,0.8235773211395033,0.2984513020910303,21.05263157894737,47.548453864623404,23.709557638057888,0.49863992855713174,0.08891358736037543,0.29791656708288033,0.36088487650591433,1.209191831221568,1,42807.42577783493,0.2080000542232465
bi30,30.0,3B_small,seed36,2,a,600,0.18276415005905236,0.8235773049501866,0.2984513020910303,21.05263157894737,47.54845359172823,23.709557484254,0.49863992818430236,0.08891358822593899,0.29791656998306393,0.3608848771689318,1.2091918334430944,1,42807.42575090483,0.2080000537841748
bi30,30.0,3B_small,seed36,2,i,50,2.1273860054635443,4.21381364320125,1.429424657383356,4.395604395604395,0.007879665537495095,0.0013298499770607467,0.16876985079286744,0.11280582535597049,0.07891694380203854,1.570521291989568,1.0987086894558664,1,183106.82382337848,4.866249124416933e-05
bi30,30.0,3B_small,seed36,2,i,100,2.174894514825195,4.315473603804233,1.3665928043115603,4.597701149425286,0.009187863582619978,0.0030183927789608706,0.32851954666268096,0.10571270900700279,0.07735494338436606,1.5740764435609529,1.1518255025160296,1,190100.11915012874,5.01401014280678e-05
bi30,30.0,3B_small,seed36,2,i,200,2.1777033109648154,4.268221682717844,1.3665928043115603,4.597701149425286,0.00926734767597719,0.0029094056522857683,0.3139415671031235,0.11738102956418485,0.08589320036945251,1.5653120699125067,1.1454121995769282,1,188077.80506816,5.188832901605423e-05
bi30,30.0,3B_small,seed36,2,i,400,2.1931698318320327,4.296415460561557,1.3665928043115603,4.597701149425286,0.009269449641226828,0.0029058686773805386,0.3134888035268448,0.1174202984158658,0.08592193522855397,1.5652962379458213,1.1454006145849425,1,187450.40903954458,5.207391781999784e-05
bi30,30.0,3B_small,seed36,2,i,600,2.1931698015448635,4.296415338644867,1.3665928043115603,4.597701149425286,0.009269449304422686,0.0029058684481760196,0.313488790190541,0.11742033127226968,0.08592195927112449,1.5652962468267657,1.145400621083546,1,187450.410270305,5.207391767241567e-05
bi30,30.0,3B_small,seed36,3,a,50,0.1896477472674856,0.8544101880316942,0.26703537555513246,23.529411764705877,49.691552852206435,41.10939295457379,0.8272913723755451,0.26940563812230545,1.008876211858618,0.29492859420097595,1.104455144146565,0,37600.127678409015,0.45183739171164305
bi30,30.0,3B_small,seed36,3,a,100,0.19083765778630105,0.860390242113333,0.26703537555513246,23.529411764705877,49.81259948567822,41.25033982782878,0.828110563466755,0.2692681519356177,1.0083613505358366,0.2948593748751608,1.104195930079248,0,37631.17481556895,0.45195208823506866
bi30,30.0,3B_small,seed36,3,a,200,0.19125163469004836,0.8622386182612416,0.26703537555513246,23.529411764705877,49.811004999043014,41.24898735833616,0.8281099198686847,0.26927490778054447,1.0083866499738332,0.29486116890318126,1.1042026483951892,0,37630.69540122417,0.45195505989298757
bi30,30.0,3B_small,seed36,3,a,400,0.1912518625123802,0.8622389382083872,0.26703537555513246,23.529411764705877,49.811061003088646,41.249091855405865,0.8281110866690458,0.2692751186386873,1.0083874396000856,0.29486123446588647,1.1042028939158626,0,37630.70579854645,0.45195526990477103
bi30,30.0,3B_small,seed36,3,a,600,0.19125186438225575,0.8622389418770026,0.26703537555513246,23.529411764705877,49.81106144447105,41.24909267457036,0.8281110957764773,0.26927512029187245,1.00838744579097,0.29486123498614725,1.1042028958641468,0,37630.70588380303,0.4519552715270936
bi30,30.0,3B_small,seed36,3,i,50,2.275751175482187,4.294554082092645,0.1413716694115407,44.44444444444444,1150.585240077685,541.7068246293487,0.47080981552724754,0.08062186295770112,0.5702830227109114,0.1203054542429017,0.8509870099410506,1,161888.27190279512,0.46559922946386056
bi30,30.0,3B_small,seed36,3,i,100,2.29011635352734,4.313245191018926,0.1413716694115407,44.44444444444444,1152.7714165362586,550.5741025130429,0.4776090859082517,0.08092910629026523,0.5724563247157828,0.12021279424471906,0.8503315745304882,1,161788.03577366858,0.4667808483234336
bi30,30.0,3B_small,seed36,3,i,200,2.295019545987516,4.320827162973476,0.1413716694115407,44.44444444444444,1152.6955348707043,550.7517043767066,0.4777946020572409,0.08095732195887317,0.5726559097438537,0.12021144711433127,0.8503220455322568,1,161725.8951431899,0.46699164064304904
bi30,30.0,3B_small,seed36,3,i,400,2.2950223472874494,4.320835017440163,0.1413716694115407,44.44444444444444,1152.6982224699025,550.7606292389403,0.4778012306280978,0.0809575028901479,0.5726571895708196,0.12021138738042822,0.8503216230013262,1,161725.90205021732,0.46699236492745216
bi30,30.0,3B_small,seed36,3,i,600,2.295022369984805,4.320835085741679,0.1413716694115407,44.44444444444444,1152.6982436431026,550.7606991263907,0.47780128248110415,0.08095750433143994,0.5726571997658753,0.12021138692305666,0.8503216197660842,1,161725.9021447893,0.46699237062417964
bi30,30.0,3B_small,seed9,1,a,50,0.05856632693431145,0.2727139838014944,0.1413716694115407,44.44444444444444,17.747919301157353,0.8091646083286896,0.04559208291396296,0.01704938417853746,0.12059972305275511,0.09225408660124382,0.6525641734673664,1,10250.742763461985,0.0415530925959867
bi30,30.0,3B_small,seed9,1,a,100,0.059175139131434754,0.27556437666617,0.1413716694115407,44.44444444444444,17.688589121988784,0.6785878382101629,0.03836302791196651,0.01682975226599371,0.1190461450731078,0.09207326229056143,0.6512851031173091,1,10424.211331465109,0.040725012706363105
bi30,30.0,3B_small,seed9,1,a,200,0.05904158260102141,0.27508857390448765,0.1413716694115407,44.44444444444444,17.249692055284072,0.6386865561188912,0.037025968583783694,0.01678794110291206,0.11875039159395821,0.09199997145658007,0.6507666765167998,1,10353.790501532181,0.03998464226850582
bi30,30.0,3B_small,seed9,1,a,400,0.05904157333459843,0.2750885611406573,0.1413716694115407,44.44444444444444,17.249693032052722,0.6386862846998405,0.03702595075246023,0.01678794058251749,0.11875038791291961,0.09199997144879274,0.6507666764617157,1,10353.790699065372,0.039984643769806566
bi30,30.0,3B_small,seed9,1,a,600,0.059041573333572434,0.27508856113791885,0.1413716694115407,44.44444444444444,17.249693032053322,0.638686284700448,0.03702595075249416,0.01678794058251862,0.11875038791292762,0.0919999714487939,0.650766676461724,1,10353.790699065015,0.03998464376980933
bi30,30.0,3B_small,seed9,1,i,50,0.7027732021139326,2.1474880328878236,0.3298672286269283,19.047619047619047,24.529842802149908,1.8663962896950892,0.0760867611239445,0.020093701893930633,0.06091451393207694,0.3052396570846003,0.9253409571940802,1,80114.40339442721,0.01775874027944968
bi30,30.0,3B_small,seed9,1,i,100,0.7107132920282622,2.1763585463862603,0.2356194490192345,26.666666666666664,115.67339870437712,2.228188107606357,0.01926275299734961,0.016302920339536293,0.06919174290321604,0.1879660315067655,0.7977526146044978,1,81256.66372635616,0.0484008987766644
bi30,30.0,3B_small,seed9,1,i,200,0.7084989966193396,2.1634639462566936,0.2356194490192345,26.666666666666664,113.71003326153115,2.735014933733993,0.0240525383318067,0.0164560257781759,0.06984154256651595,0.18818082041723944,0.7986642070531178,1,79514.20478935783,0.10165720513412221
bi30,30.0,3B_small,seed9,1,i,400,0.708498881082419,2.163463272766478,0.2356194490192345,26.666666666666664,113.71003757633359,2.7350146414984238,0.024052534849110463,0.01645602568086158,0.06984154215350115,0.18818082087464055,0.7986642089943884,1,79514.21056551949,0.10165720179613115
bi30,30.0,3B_small,seed9,1,i,600,0.7084988810743166,2.1634632727663163,0.2356194490192345,26.666666666666664,113.71003757633633,2.735014641528352,0.02405253484937308,0.016456025680869978,0.06984154215353679,0.18818082087464988,0.798664208994428,1,79514.21056550887,0.10165720179613291
bi30,30.0,3B_small,seed9,2,a,50,0.055839809086410216,0.2595983912680319,0.2356194490192345,26.666666666666664,29.824508592223793,12.938082013141635,0.43380704741988635,0.10375798443507804,0.44036256288252285,0.2191281753956026,0.9300088609311463,1,17343.160297406386,0.21456610487524413
bi30,30.0,3B_small,seed9,2,a,100,0.05685098737670412,0.26486283498063895,0.2356194490192345,26.666666666666664,29.839473718575306,12.933267295769976,0.4334281300584372,0.10357297388377275,0.43957735371547235,0.21911788293316586,0.9299651783638558,1,17341.28237837591,0.21458998865469006
bi30,30.0,3B_small,seed9,2,a,200,0.05720532239258156,0.26692051742412715,0.2356194490192345,26.666666666666664,29.858032342090286,12.937189077358727,0.4332900751507803,0.10336150303381893,0.43867984355307243,0.21907819792572325,0.929796749961159,1,17340.855335970457,0.21459134650922307
bi30,30.0,3B_small,seed9,2,a,400,0.05720531403238091,0.2669204491790844,0.2356194490192345,26.666666666666664,29.85803240338909,12.937189082558653,0.4332900744353869,0.10336150229406746,0.4386798404134697,0.2190781977338151,0.9297967491466755,1,17340.85535760428,0.21459134624418824
bi30,30.0,3B_small,seed9,2,a,600,0.05720531403238091,0.2669204491790844,0.2356194490192345,26.666666666666664,29.85803240338909,12.937189082558653,0.4332900744353869,0.10336150229406746,0.4386798404134697,0.2190781977338151,0.9297967491466755,1,17340.85535760428,0.21459134624418824
bi30,30.0,3B_small,seed9,2,i,50,0.6698185402526251,1.998456750044378,1.1466813185602747,5.479452054794519,0.010618457988733824,0.010375495203799469,0.9771188259922355,0.3065267754626088,0.26731644660215714,0.3120257683131802,0.2721120186251458,0,121452.0889324923,0.00014999042459680305
bi30,30.0,3B_small,seed9,2,i,100,0.6817124932481027,2.0534340432181923,1.1466813185602747,5.479452054794519,0.010625850754023334,0.010378949534049012,0.9767640986411524,0.3064363297709115,0.2672375705533079,0.31202378494430905,0.272110288965092,0,121150.95681579196,0.00015037172178762278
bi30,30.0,3B_small,seed9,2,i,200,0.6864638854640447,2.063685108000379,1.1466813185602747,5.479452054794519,0.010621483392637446,0.010374192251820319,0.9767178338772772,0.30659796699492636,0.26737853144749757,0.3121810701555501,0.2722474545478003,0,121026.28309020848,0.00015054058804124342
bi30,30.0,3B_small,seed9,2,i,400,0.6864637672095852,2.063684316703749,1.1466813185602747,5.479452054794519,0.010621483171114556,0.010374192026784048,0.976717833060921,0.3065979726246479,0.2673785363570757,0.31218107588133837,0.2722474595411565,0,121026.28598423209,0.0001505405845039118
bi30,30.0,3B_small,seed9,2,i,600,0.6864637672095852,2.063684316703749,1.1466813185602747,5.479452054794519,0.010621483171114556,0.010374192026784048,0.976717833060921,0.3065979726246479,0.2673785363570757,0.31218107588133837,0.2722474595411565,0,121026.28598423209,0.0001505405845039118
bi30,30.0,3B_small,seed9,3,a,50,0.059414863306188725,0.2768825035416364,0.20420352248333656,30.769230769230766,22.381218523007757,8.945570518460867,0.3996909511099619,0.08905934260766063,0.4361302955238104,0.2487451148670794,1.218123526186369,1,13401.766446803167,0.18651304076360226
bi30,30.0,3B_small,seed9,3,a,100,0.059764880691850326,0.2785321084105518,0.20420352248333656,30.769230769230766,22.361820566736768,8.937246099196074,0.3996654061561623,0.08948521692184266,0.43821583405420855,0.2488037186667873,1.2184105133989067,1,13402.259425268054,0.18652139182947336
bi30,30.0,3B_small,seed9,3,a,200,0.06018507752317114,0.28080984822473254,0.20420352248333656,30.769230769230766,22.36129446189983,8.944930596310888,0.40001846098631094,0.08957760652076364,0.4386682728652409,0.24881813130980113,1.2184810931951735,1,13401.952289919887,0.18653308328793522
bi30,30.0,3B_small,seed9,3,a,400,0.06018507752134502,0.28080984766150596,0.20420352248333656,30.769230769230766,22.361294461612587,8.944930597777956,0.40001846105705685,0.08957760654292897,0.4386682729737862,0.24881813131540848,1.218481093222633,1,13401.952289931423,0.1865330832899847
bi30,30.0,3B_small,seed9,3,a,600,0.06018507752134502,0.28080984766150596,0.20420352248333656,30.769230769230766,22.361294461612587,8.944930597777956,0.40001846105705685,0.08957760654292897,0.4386682729737862,0.24881813131540848,1.218481093222633,1,13401.952289931423,0.1865330832899847
bi30,30.0,3B_small,seed9,3,i,50,0.7128784185541306,2.107299109054455,0.5183627878423159,12.12121212121212,3.7544267530730964,0.3062068353962606,0.081558878501391,0.019556760449300613,0.037727940562063855,0.49685873945277736,0.9585154473008197,1,94854.02588520183,0.003483136864114658
bi30,30.0,3B_small,seed9,3,i,100,0.7171227885672972,2.1204946316956508,0.5183627878423159,12.12121212121212,3.755284566022866,0.3085657060439253,0.08216839512929909,0.019589693952332125,0.037791474256618975,0.49682214684445347,0.9584448546402697,1,94821.31508531806,0.003485134555586656
bi30,30.0,3B_small,seed9,3,i,200,0.722220932680768,2.143694694377047,0.5183627878423159,12.12121212121212,3.7553036521623997,0.3076204267447751,0.08191625904010169,0.019577279800110255,0.03776752548461405,0.4968243275619859,0.9584490615732973,1,94777.17068972124,0.003486775549274029
bi30,30.0,3B_small,seed9,3,i,400,0.7222209329392392,2.1436946924926876,0.5183627878423159,12.12121212121212,3.755303651591019,0.30762042638153897,0.08191625895583933,0.01957727979707475,0.037767525478758106,0.4968243275718428,0.9584490615923127,1,94777.17068725097,0.0034867755488343847
bi30,30.0,3B_small,seed9,3,i,600,0.7222209329392392,2.1436946924926876,0.5183627878423159,12.12121212121212,3.755303651591019,0.30762042638153897,0.08191625895583933,0.01957727979707475,0.037767525478758106,0.4968243275718428,0.9584490615923127,1,94777.17068725097,0.0034867755488343847
bi50,50.0,S8D_lowri,nucl,1,a,50,0.12663179989340256,0.4461711731815487,0.2984513020910303,21.05263157894737,13.34769935587614,12.376311237055614,0.9272243033858202,0.12255392667511567,0.4106329100140284,0.1387447709147494,0.4648824446154737,0,18670.91648392484,0.13220598826748553
bi50,50.0,S8D_lowri,nucl,1,a,100,0.13672931258902754,0.4916635377633142,0.2984513020910303,21.05263157894737,14.235372584446349,13.717243542006669,0.9636027059097989,0.13507192324645464,0.4525760896337336,0.14052907931991448,0.4708610025666829,0,19441.60158692641,0.13672290054720432
bi50,50.0,S8D_lowri,nucl,1,a,200,0.14463795586011835,0.5289903331436504,0.2984513020910303,21.05263157894737,15.449400138944805,14.709584599345707,0.9521136398212529,0.08730364082906757,0.29252223132348465,0.12705071633277856,0.4256999900574297,0,20536.12682445829,0.10268867653669873
bi50,50.0,S8D_lowri,nucl,1,a,400,0.1541882615424037,0.5683762164300177,0.2984513020910303,21.05263157894737,16.73491612744736,16.04560626863864,0.9588100798618187,0.09987536884687094,0.3346454451601222,0.12231662946201732,0.40983781476252246,0,20801.584543899575,0.10752201670322628
bi50,50.0,S8D_lowri,nucl,1,a,600,0.16085995705896863,0.588967060508933,0.2984513020910303,21.05263157894737,18.161388858342132,17.614560040802942,0.9698905837100662,0.08515195376705419,0.28531272328335183,0.08772271151525915,0.29392638229637524,0,21764.626589425254,0.11020438731693033
bi50,50.0,S8D_lowri,nucl,1,i,50,1.7752403998740018,2.109028354057982,0.1413716694115407,44.44444444444444,575.3384231203753,396.21791085107895,0.6886693030202508,0.06037583127056946,0.42707164399970476,0.07826377619952982,0.5536029709863556,0,81125.40095039105,0.4018062021711594
bi50,50.0,S8D_lowri,nucl,1,i,100,1.9396039734371007,2.208123831342179,0.1413716694115407,44.44444444444444,607.1913379136232,473.86747926275484,0.7804252954118484,0.06331694166405792,0.44787574432426647,0.07549873703089117,0.5340443198071758,0,82672.05801143407,0.40749011265312807
bi50,50.0,S8D_lowri,nucl,1,i,200,2.1347766969807447,2.220664911142862,0.1413716694115407,44.44444444444444,573.8229156022616,446.2592333900605,0.7776950366676881,0.06054595447780171,0.42827501952706737,0.0707230078270506,0.5002629460445291,0,83203.67746326048,0.3462421627380154
bi50,50.0,S8D_lowri,nucl,1,i,400,2.3305100860103964,2.149341176635513,0.1413716694115407,44.44444444444444,587.0484330562845,504.9128789975168,0.8600872612313186,0.06292283895773466,0.445088037933278,0.06970110236052976,0.4930344435392216,0,82231.23816616686,0.37689158695778585
bi50,50.0,S8D_lowri,nucl,1,i,600,2.412463999466598,2.140451958275767,0.1413716694115407,44.44444444444444,646.4092845323083,509.07092775059243,0.7875365344093359,0.05136233075420923,0.36331417014459,0.06345343308168139,0.44884122360446177,0,84472.37179017262,0.36910899726838936
bi50,50.0,S8D_lowri,nucl,2,a,50,0.12370112685482276,0.42958159623113135,0.39269908169872414,16.0,10.234848864532978,5.6483162270381495,0.5518709950482386,0.09351966159385604,0.23814586270309548,0.2728890924482602,0.6949063676640291,0,18347.221432172177,0.12665750757112945
bi50,50.0,S8D_lowri,nucl,2,a,100,0.14211243874000828,0.5115258186777685,0.39269908169872414,16.0,11.51805065198847,7.95535455888044,0.6906858460035539,0.10556290692400679,0.2688137351056855,0.2667339009506144,0.6792323012235885,0,19694.23143929316,0.13011653308320306
bi50,50.0,S8D_lowri,nucl,2,a,200,0.14716458248769776,0.5331274177864102,0.39269908169872414,16.0,12.40432388651835,9.18093634730556,0.7401400053157164,0.12311395000799044,0.3135070993174427,0.2589353544208422,0.6593734655572623,0,20876.22194706344,0.15417791766014544
bi50,50.0,S8D_lowri,nucl,2,a,400,0.1532149758719112,0.5653774820079625,0.2984513020910303,21.05263157894737,16.005540062865308,14.863276669428961,0.9286332489281928,0.10415110738372571,0.34897186460241575,0.1353326964668613,0.45344984430854857,0,22847.584261203723,0.09803444133697795
bi50,50.0,S8D_lowri,nucl,2,a,600,0.15905455023059284,0.583885377915539,0.2984513020910303,21.05263157894737,14.974039020855276,12.925739422361701,0.8632099465187195,0.08593670050851786,0.2879421195565982,0.1358823120375102,0.4552914029373706,0,23226.768147953342,0.08832428815028638
bi50,50.0,S8D_lowri,nucl,2,i,50,1.6880364640578627,1.9961681986298536,0.39269908169872414,16.0,39.693110241901934,2.390182947927812,0.0602165699125442,0.018903121425458334,0.04813640343564814,0.3711385125308574,0.9450964614569487,1,92980.28448256597,0.028175277055177608
bi50,50.0,S8D_lowri,nucl,2,i,100,2.0408930451259018,2.085178030883504,0.2356194490192345,26.666666666666664,202.37723032214993,6.258505606233285,0.030924949394113235,0.017311382500234136,0.0734717892444479,0.22876542784769432,0.97091063067981,1,89423.36896551985,0.16028626002320068
bi50,50.0,S8D_lowri,nucl,2,i,200,2.1426510001286863,2.102659080536045,0.10995574287564278,57.14285714285713,755.2840981478267,185.8631509938532,0.24608376033553858,0.0285367365002152,0.2595292956411521,0.08236679808970837,0.7490904607216667,1,91193.8462939797,0.236496297757761
bi50,50.0,S8D_lowri,nucl,2,i,400,2.33175590159297,2.0770622359555135,0.17278759594743864,36.36363636363636,324.0383768051135,64.70600315268763,0.19968623405246774,0.06726552158256463,0.3892960094370811,0.2232812122006672,1.2922294044104217,1,83275.93786098908,0.38802952591058604
bi50,50.0,S8D_lowri,nucl,2,i,600,2.387176624584198,2.100088927672825,0.1413716694115407,44.44444444444444,309.2241282801728,55.82796661673299,0.18054207777133746,0.10343378028115166,0.7316443295300578,0.22455671965756113,1.5884138639111927,1,81895.04259073906,0.39467416282452267
bi50,50.0,S8D_lowri,nucl,3,a,50,0.13035399943068668,0.4622175942094952,0.26703537555513246,23.529411764705877,11.431424446400394,9.6783089034954,0.846640674473685,0.33146500581052213,1.2412775090994919,0.39625601679280686,1.4839083247642422,0,18677.092655075343,0.3026037458221559
bi50,50.0,S8D_lowri,nucl,3,a,100,0.1373573568953185,0.4885594562494434,0.26703537555513246,23.529411764705877,12.517444861031377,11.321680739508459,0.9044721878308004,0.22455401952020906,0.8409148752422405,0.3706793022979594,1.3881280767664752,0,18854.913523736082,0.1773581394085076
bi50,50.0,S8D_lowri,nucl,3,a,200,0.14521890807649995,0.527716703812002,0.26703537555513246,23.529411764705877,15.154256634829403,13.708369733533598,0.9045887280295434,0.16811770039107143,0.6295708950230889,0.19413881913004988,0.7270153578957846,0,20790.18891987048,0.1769200781475958
bi50,50.0,S8D_lowri,nucl,3,a,400,0.15818785048171288,0.5843039077348656,0.26703537555513246,23.529411764705877,18.657614747506752,18.254003422665946,0.9783674746047192,0.16707935537813787,0.6256824775773667,0.1721353772624788,0.6446163805249822,0,24185.87116870669,0.1827035373044187
bi50,50.0,S8D_lowri,nucl,3,a,600,0.16184508971184552,0.5975553005638029,0.26703537555513246,23.529411764705877,19.642733537328148,19.32545451349372,0.9838475116901889,0.15299487699848938,0.5729386104010847,0.15636294265928308,0.5855514174263409,0,24692.55438751614,0.15877920489239256
bi50,50.0,S8D_lowri,nucl,3,i,50,1.7972882170146331,2.113834937357081,0.1413716694115407,44.44444444444444,597.4828927845132,350.32905822982684,0.5863415713831588,0.06368586124019174,0.4504853165084915,0.1008635831463529,0.7134639038089977,0,86080.39668951833,0.3927186982202238
bi50,50.0,S8D_lowri,nucl,3,i,100,1.9509520921707153,2.1292415662856072,0.1413716694115407,44.44444444444444,520.6895387477172,311.2919007133976,0.5978455059075495,0.0676483226406574,0.47851399733937794,0.1106784285469376,0.7828897331950337,0,82281.31687898534,0.37245911959328765
bi50,50.0,S8D_lowri,nucl,3,i,200,2.115882770832628,2.1154886952993373,0.10995574287564278,57.14285714285713,458.0158669290474,155.1690699694891,0.33878535914024743,0.05813213877742625,0.5286866993675106,0.10269000067291342,0.9339212121830988,1,85573.95322684581,0.2729747927165398
bi50,50.0,S8D_lowri,nucl,3,i,400,2.397118727876246,2.0526994958324423,0.26703537555513246,23.529411764705877,311.30612440413216,214.94288203284538,0.6904550382497785,0.09733395814810379,0.3644983663522442,0.14278805031903213,0.5347158593583117,0,77743.14452634109,0.5057382343463329
bi50,50.0,S8D_lowri,nucl,3,i,600,2.42710947715193,2.059182897216891,0.26703537555513246,23.529411764705877,322.32141641044495,239.67390301616643,0.7435866523711383,0.10323119693816042,0.3865824770353214,0.13748241203550765,0.5148471873799464,0,78701.0899042043,0.5873803102377833
bi50,50.0,S8D_lowri,random,1,a,50,0.020070797185374772,0.09022889861334195,0.20420352248333656,30.769230769230766,1.172760291946272,0.21166478619430584,0.18048427086752258,0.05091814066286896,0.24934996244750865,0.4073376416191573,1.9947630514179642,1,1757.887956317437,0.06336706743568946
bi50,50.0,S8D_lowri,random,1,a,100,0.020067738551764698,0.0902172966957273,0.20420352248333656,30.769230769230766,1.1723290729758438,0.2116266741429803,0.18051814888953194,0.05093800462118253,0.24944723774458483,0.40737982384291166,1.9949696209386139,1,1757.8003656608307,0.06335091378722697
bi50,50.0,S8D_lowri,random,1,a,200,0.020067737984452192,0.09021729568341695,0.20420352248333656,30.769230769230766,1.1723289983223355,0.2116267277248649,0.18051820609036703,0.05093801000994675,0.2494472641337683,0.40737983727047494,1.9949696866944007,1,1757.800352448594,0.046954810977733824
bi50,50.0,S8D_lowri,random,1,a,400,0.020067737984452192,0.09021729568341695,0.20420352248333656,30.769230769230766,1.1723289983223355,0.2116267277248649,0.18051820609036703,0.05093801000994675,0.2494472641337683,0.40737983727047494,1.9949696866944007,1,1757.800352448594,0.046954810977733824
bi50,50.0,S8D_lowri,random,1,a,600,0.020067737984452192,0.09021729568341695,0.20420352248333656,30.769230769230766,1.1723289983223355,0.2116267277248649,0.18051820609036703,0.05093801000994675,0.2494472641337683,0.40737983727047494,1.9949696866944007,1,1757.800352448594,0.046954810977733824
bi50,50.0,S8D_lowri,random,1,i,50,0.40141667956717136,0.8218401411315835,0.5183627878423159,12.12121212121212,1.2178772929804365,0.14120535093730924,0.1159438243501084,0.02026970598742913,0.039103320035378586,0.4867796223072517,0.9390713101406659,1,18376.658058847548,0.005832028948847925
bi50,50.0,S8D_lowri,random,1,i,100,0.4013547746668912,0.8216618011528811,0.5183627878423159,12.12121212121212,1.2183681446758434,0.1412157136573826,0.1159056187364076,0.02026231568827247,0.03908906303366088,0.48671163194155864,0.9389401464705729,1,18373.797553520923,0.0058352878015099615
bi50,50.0,S8D_lowri,random,1,i,200,0.4013547585382679,0.8216617658059917,0.5183627878423159,12.12121212121212,1.2183683251157107,0.14121568671977247,0.11590557946125278,0.020262312350201,0.039089056594017554,0.4867116084805584,0.9389401012107649,1,18373.797168689718,0.0058352887879314945
bi50,50.0,S8D_lowri,random,1,i,400,0.4013547585382679,0.8216617658059917,0.5183627878423159,12.12121212121212,1.2183683251157107,0.14121568671977247,0.11590557946125278,0.020262312350201,0.039089056594017554,0.4867116084805584,0.9389401012107649,1,18373.797168689718,0.0058352887879314945
bi50,50.0,S8D_lowri,random,1,i,600,0.4013547585382679,0.8216617658059917,0.5183627878423159,12.12121212121212,1.2183683251157107,0.14121568671977247,0.11590557946125278,0.020262312350201,0.039089056594017554,0.4867116084805584,0.9389401012107649,1,18373.797168689718,0.0058352887879314945
bi50,50.0,S8D_lowri,random,2,a,50,0.027176219498523665,0.12165736869964903,0.2356194490192345,26.666666666666664,2.2738145215598675,0.5546353054969537,0.2439228442944706,0.12859307673024514,0.5457659682403705,0.5796683452469673,2.4601888666654457,1,3793.410169688657,0.12377082875718437
bi50,50.0,S8D_lowri,random,2,a,100,0.027319384182054283,0.12219441274186879,0.2356194490192345,26.666666666666664,2.2742429772966783,0.5580615834444169,0.2453834480376267,0.12880299525970543,0.5466568901499754,0.5795146505936145,2.4595365662972353,1,3793.270120994736,0.12377005986560431
bi50,50.0,S8D_lowri,random,2,a,200,0.02757253656715875,0.12376961240935894,0.2356194490192345,26.666666666666664,2.2744704523836523,0.5619829411101873,0.2470829816765601,0.12913285401787247,0.5480568542002272,0.5793663120861839,2.4589069981183433,1,3793.5327477182727,0.1237606147863945
bi50,50.0,S8D_lowri,random,2,a,400,0.02757253655307741,0.12376961223173757,0.2356194490192345,26.666666666666664,2.2744704523711365,0.5619829411593236,0.2470829816995231,0.12913285402480004,0.5480568542296287,0.5793663120827373,2.458906998103715,1,3793.5327477102974,0.12376061478702159
bi50,50.0,S8D_lowri,random,2,a,600,0.02757253655307741,0.12376961223173757,0.2356194490192345,26.666666666666664,2.2744704523711365,0.5619829411593236,0.2470829816995231,0.12913285402480004,0.5480568542296287,0.5793663120827373,2.458906998103715,1,3793.5327477102974,0.12376061478702159
bi50,50.0,S8D_lowri,random,2,i,50,0.5433849156130309,1.040363546355394,0.5497787143782138,11.428571428571429,1.9161656168788623,0.0710815477527671,0.03709572237735272,0.017185317473722,0.03125860828053005,0.5498073100167312,1.0000520129968105,1,34196.849217468734,0.010127228245535478
bi50,50.0,S8D_lowri,random,2,i,100,0.5463911570840922,1.0456187310279257,0.5497787143782138,11.428571428571429,1.9149566520949126,0.06871903490428477,0.035885425828886486,0.017138565763097583,0.03117357095660002,0.5498460971447141,1.0001225634327742,1,34213.067409913805,0.010122002355554337
bi50,50.0,S8D_lowri,random,2,i,200,0.5514507321140117,1.0607056352242048,0.5497787143782138,11.428571428571429,1.913713094976008,0.06700466340664901,0.035012909501718724,0.01710598142376745,0.031114302857494027,0.5498921562075734,1.0002063408902395,1,34244.830538772425,0.010110337637787346
bi50,50.0,S8D_lowri,random,2,i,400,0.5514507323110214,1.0607056352689308,0.5497787143782138,11.428571428571429,1.913713094867787,0.06700466338974853,0.03501290949486746,0.017105981423433565,0.031114302856886718,0.5498921562092902,1.0002063408933624,1,34244.8305393593,0.005364793874396693
bi50,50.0,S8D_lowri,random,2,i,600,0.5514507323110214,1.0607056352689308,0.5497787143782138,11.428571428571429,1.913713094867787,0.06700466338974853,0.03501290949486746,0.017105981423433565,0.031114302856886718,0.5498921562092902,1.0002063408933624,1,34244.8305393593,0.005364793874396693
bi50,50.0,S8D_lowri,random,3,a,50,0.0331552533325804,0.14764055106621618,0.20420352248333656,30.769230769230766,5.4584923431671735,2.79824853066693,0.5126412853119999,0.048137573583636246,0.23573331643955542,0.46076064831294755,2.25637953111483,0,8141.614201426881,0.05389547105134926
bi50,50.0,S8D_lowri,random,3,a,100,0.03336422085622084,0.148735984135123,0.20420352248333656,30.769230769230766,5.454945196528879,2.8096576691534643,0.5150661588573467,0.04818990149926894,0.23598957017600583,0.4605904142197049,2.2555458819633736,0,8135.624183268646,0.053859555151741054
bi50,50.0,S8D_lowri,random,3,a,200,0.03364786819217613,0.15005760226137108,0.20420352248333656,30.769230769230766,5.451317819344829,2.786802031728207,0.5112162093794673,0.04808292140531393,0.23546568061399428,0.46104057862970227,2.2577503709189157,0,8141.301062667402,0.05386671156928132
bi50,50.0,S8D_lowri,random,3,a,400,0.034060808802541,0.15212536235358168,0.20420352248333656,30.769230769230766,5.442157315792291,2.7887176929227913,0.5124287173453013,0.0480593266901235,0.23535013552004344,0.4609873292659586,2.2574896047817985,0,8132.636926728514,0.05380802685157048
bi50,50.0,S8D_lowri,random,3,a,600,0.03411188261345802,0.15239299462180853,0.20420352248333656,30.769230769230766,5.430715044373235,2.765021208368113,0.5091449626385667,0.04757337418153401,0.23297038955543042,0.4611764901937466,2.258415940064793,0,8125.4900004289375,0.053715555684933004
bi50,50.0,S8D_lowri,random,3,i,50,0.6631357293379413,1.1869425573973533,0.10995574287564278,57.14285714285713,579.3948718288668,79.02298568550071,0.13638882483730605,0.02037788063655139,0.1853280247453584,0.06869880401019396,0.6247859567270679,1,56910.886351174195,0.3063440971793443
bi50,50.0,S8D_lowri,random,3,i,100,0.6671751487710652,1.196182680106123,0.10995574287564278,57.14285714285713,577.3007750525207,80.25186987131082,0.1390122330322695,0.02049629723931918,0.18640497261248087,0.06905015075271917,0.6279813036306179,1,56731.14752476488,0.3058302075752736
bi50,50.0,S8D_lowri,random,3,i,200,0.6728904564694603,1.2053404101465157,0.10995574287564278,57.14285714285713,578.4765335391374,77.57339582583836,0.13409946873945242,0.02031883476160865,0.18479102801013994,0.06897239577824754,0.6272741557142096,1,56804.92815397364,0.3067554541123335
bi50,50.0,S8D_lowri,random,3,i,400,0.6812126098112603,1.227330263058104,0.10995574287564278,57.14285714285713,576.2215983106172,77.8853592550251,0.13516563676781918,0.020386555284846012,0.18540691692568256,0.06936605886040959,0.6308543514535742,1,56591.35396070589,0.30656089494546174
bi50,50.0,S8D_lowri,random,3,i,600,0.6822277095858255,1.2304677608184234,0.10995574287564278,57.14285714285713,573.248921281339,71.94347815501288,0.12550128833073632,0.02007396038926863,0.18256400133617198,0.069724578842492,0.6341149358733248,1,56593.317020483475,0.1823268386853772
bi50,50.0,S8D_lowri,seed144,1,a,50,0.1338381848453535,0.5580936623221636,0.2356194490192345,26.666666666666664,7.954074492546865,5.975462108914544,0.7512454295611234,0.37817219861826534,1.6050126600007188,0.6347306130706389,2.6938803893851033,0,22130.69817165641,0.2661901543697345
bi50,50.0,S8D_lowri,seed144,1,a,100,0.13517937370363106,0.5653897219791679,0.3612831551628263,17.391304347826082,8.576192739961694,6.870992256791032,0.8011704569995148,0.3844848534077333,1.064220260240061,0.6217826266213393,1.7210396270512773,0,22408.938592775412,0.2848640625352047
bi50,50.0,S8D_lowri,seed144,1,a,200,0.13705559486113844,0.5740327199702419,0.3612831551628263,17.391304347826082,9.495187645676172,7.810599836830776,0.8225850955549565,0.37694313706222404,1.0433454526611958,0.4084937179583439,1.1306746858270775,0,22915.771823133837,0.28948145202347897
bi50,50.0,S8D_lowri,seed144,1,a,400,0.13900629613081739,0.5833958293877415,0.3612831551628263,17.391304347826082,10.528174302305343,9.10276577930435,0.8646100945831726,0.3827378619777301,1.0593847416031186,0.4036077190952453,1.11715067067919,0,23663.388167904282,0.2992240843643765
bi50,50.0,S8D_lowri,seed144,1,a,600,0.1400274721245878,0.5885207891652894,0.3612831551628263,17.391304347826082,10.602535150201128,9.216321595739295,0.8692564056780763,0.38294565124627417,1.0599598840241662,0.40281068007616905,1.1149445367709623,0,23735.870027491965,0.29922726999914945
bi50,50.0,S8D_lowri,seed144,1,i,50,2.6757016520224512,1.439550120597985,0.2356194490192345,26.666666666666664,174.48581597553866,69.46968745425932,0.3981394537192544,0.05891545941404042,0.2500449757406526,0.20534105271233127,0.8714944949029589,1,59566.05880617353,0.2809250550206322
bi50,50.0,S8D_lowri,seed144,1,i,100,2.703359547381103,1.4341436361278408,0.2356194490192345,26.666666666666664,178.40051495662286,82.20996075731465,0.4608168355192448,0.06649571817153115,0.2822165931051933,0.2087617292395174,0.8860122969834948,1,58829.4827179297,0.3009532076308052
bi50,50.0,S8D_lowri,seed144,1,i,200,2.74061333046779,1.4239402330089312,0.2356194490192345,26.666666666666664,175.537029864309,81.32864233855706,0.4633133100259501,0.06585956674746081,0.2795166826066402,0.20920701367481226,0.887902142822403,1,58793.73841973576,0.29475799263031516
bi50,50.0,S8D_lowri,seed144,1,i,400,2.780134640353918,1.4048802359557386,0.20420352248333656,30.769230769230766,187.8425414704686,91.60516546768004,0.4876699641656074,0.06539594542516677,0.32024886069486497,0.21063725408353318,1.0315064672830099,1,59538.32854889865,0.30736517212331493
bi50,50.0,S8D_lowri,seed144,1,i,600,2.800536061762273,1.3964213282225162,0.20420352248333656,30.769230769230766,186.8576399716577,92.7852385079462,0.4965557657798725,0.06608696095622223,0.3236328156955033,0.21152757387974125,1.0358664302522125,1,59223.171390635456,0.30799720320268753
bi50,50.0,S8D_lowri,seed144,2,a,50,0.13819637330919932,0.5744246359203771,0.4555309347705201,13.79310344827586,11.691701189128704,10.908816785648389,0.9330393078974457,0.20824382515082174,0.4571452984981742,0.23370222146520253,0.5130326035550872,0,23325.659674992196,0.22808355379783357
bi50,50.0,S8D_lowri,seed144,2,a,100,0.13959138100036592,0.5829981298214165,0.4555309347705201,13.79310344827586,11.980890542977578,11.294438249846628,0.9427044015911402,0.2163422054371361,0.47492319165134506,0.23895122846711686,0.5245554368058271,0,23803.41431901022,0.23143024890268937
bi50,50.0,S8D_lowri,seed144,2,a,200,0.14097285290111336,0.5894643798813116,0.4555309347705201,13.79310344827586,12.230024398176496,11.66432832520979,0.953745302989661,0.2275358959777533,0.49949603552693433,0.24466151041432632,0.5370908795416449,0,24168.033379508528,0.24609278333785137
bi50,50.0,S8D_lowri,seed144,2,a,400,0.14237085359548243,0.5960377962253227,0.4555309347705201,13.79310344827586,12.249190448163002,11.71445315817572,0.9563450913552025,0.2207365766425288,0.48456989370815806,0.3634157707509157,0.7977850525870243,0,24276.66084200856,0.21971081586054378
bi50,50.0,S8D_lowri,seed144,2,a,600,0.14316469581853375,0.5993806635027249,0.4555309347705201,13.79310344827586,12.342971435489916,11.852244739484068,0.9602424182401609,0.21562997907170608,0.47335968342157186,0.3461463943780035,0.7598746165337364,0,24390.66965009093,0.2193102810597221
bi50,50.0,S8D_lowri,seed144,2,i,50,2.761146585740149,1.332896757068584,0.10995574287564278,57.14285714285713,234.44957812934322,62.109537983095265,0.2649163989914715,0.025839316388760875,0.23499742453638373,0.17597032688044173,1.6003741348867955,1,54127.55248084068,0.1225411581416591
bi50,50.0,S8D_lowri,seed144,2,i,100,2.791344804788381,1.3397875567009694,0.10995574287564278,57.14285714285713,211.63852107256957,62.92072962627603,0.29730282231891464,0.02848886822855961,0.2590939543810805,0.18299623638964851,1.664271747921459,1,54468.22914349811,0.10816475130911499
bi50,50.0,S8D_lowri,seed144,2,i,200,2.819497118354589,1.329226779759211,0.20420352248333656,30.769230769230766,203.3081960830027,81.72515520981312,0.4019766875332855,0.049075916153354736,0.24032845054060922,0.18958598986128472,0.9284168439197974,1,54405.27558593693,0.314250567027564
bi50,50.0,S8D_lowri,seed144,2,i,400,2.84745556473881,1.3063553943634483,0.20420352248333656,30.769230769230766,191.71537339323422,87.96429451448566,0.4588275470953441,0.057385538414840974,0.2810212954065166,0.2009018760575922,0.9838315892615721,1,53294.599642091125,0.30463246204176336
bi50,50.0,S8D_lowri,seed144,2,i,600,2.86328940070644,1.2851590511874265,0.20420352248333656,30.769230769230766,183.22282802146879,90.18299402842497,0.49220391914187656,0.06280383763511733,0.3075551139929149,0.21194121742595806,1.037892073792473,1,52433.81736874892,0.296045744021463
bi50,50.0,S8D_lowri,seed144,3,a,50,0.1340449346998415,0.5584349372176269,0.3298672286269283,19.047619047619047,7.499237473617297,6.022004646898151,0.8030155956634089,0.3691881188066666,1.119202172169122,0.5670666581301363,1.7190754610288213,0,20970.558930375802,0.2864694467809689
bi50,50.0,S8D_lowri,seed144,3,a,100,0.13647079608323362,0.5716206869545318,0.3298672286269283,19.047619047619047,8.294407135652053,6.583468352995884,0.7937238003061124,0.3554666451847741,1.0776052130561842,0.5305581129697036,1.608398976697839,0,21949.040825455,0.2967981548988443
bi50,50.0,S8D_lowri,seed144,3,a,200,0.13732275277005923,0.5758075696501286,0.3298672286269283,19.047619047619047,8.820569903227938,7.201791775909628,0.8164769232511939,0.3540572567360398,1.0733326199447046,0.5158034130387801,1.563669768548427,0,22237.625108192813,0.30071982350296583
bi50,50.0,S8D_lowri,seed144,3,a,400,0.13804578254060415,0.5786327635235544,0.3298672286269283,19.047619047619047,9.404308693440566,7.963469816439165,0.8467894957546029,0.3210797148919773,0.9733604524113262,0.5059407375187674,1.5337708435746855,0,22488.055366813634,0.2786813886137559
bi50,50.0,S8D_lowri,seed144,3,a,600,0.1389059817410961,0.5823452257942295,0.3612831551628263,17.391304347826082,10.38672782301945,9.269537061195624,0.8924405471232367,0.3016130628224824,0.8348384321614684,0.328563660252972,0.9094353156456798,0,22975.62314812853,0.2597036996877183
bi50,50.0,S8D_lowri,seed144,3,i,50,2.681012506403029,1.3665194434182646,0.10995574287564278,57.14285714285713,402.2439708021209,109.48703839564155,0.2721906264432299,0.053888662564271106,0.4900941156408524,0.08867847087983702,0.8064923992203861,1,56082.16863667185,0.37310317151313055
bi50,50.0,S8D_lowri,seed144,3,i,100,2.728992054142058,1.393781295749967,0.1413716694115407,44.44444444444444,418.4721213287568,90.93708042920287,0.21730738033504884,0.05221031905261717,0.369312460339066,0.08913849200948937,0.6305258499141176,1,58730.997538875905,0.298184815132963
bi50,50.0,S8D_lowri,seed144,3,i,200,2.746253303731978,1.381621582856033,0.10995574287564278,57.14285714285713,399.8333218322083,89.4569564950466,0.22373562084599738,0.05152177503018971,0.4685682955956158,0.08847298964626621,0.8046236361326481,1,57720.605624043106,0.36097773279643036
bi50,50.0,S8D_lowri,seed144,3,i,400,2.760915598188341,1.3526193310530794,0.10995574287564278,57.14285714285713,363.59215815792714,86.11514767821973,0.2368454482475813,0.04740470850506425,0.4311253533949364,0.0864343636682948,0.7860832131892367,1,55106.20657391081,0.3295864780031756
bi50,50.0,S8D_lowri,seed144,3,i,600,2.778024449007213,1.333753698717841,0.10995574287564278,57.14285714285713,313.57536145849485,102.69743731528197,0.3275048040688462,0.05144384880826909,0.46785959025760765,0.08812194679184632,0.8014310529601901,1,53610.14760797666,0.23240188925290686
bi50,50.0,S8D_lowri,seed1,0,a,50,0.0025038026481294944,0.011206215595014002,2.1834068942449063,2.8776978417266186,0.025722485435795535,0.025111000143965705,0.976227596926583,0.6745619584510553,0.30894926650139615,0.6850207580111751,0.31373939498715275,0,3146.574354880144,0.057542460425259435
bi50,50.0,S8D_lowri,seed1,0,a,100,0.002503802883102189,0.011206216466958492,2.1834068942449063,2.8776978417266186,0.02572248730313841,0.025111002119955893,0.9762276028761842,0.6745619167760044,0.3089492474142297,0.685020732279719,0.3137393832021501,0,3146.574604200252,0.05754245792281611
bi50,50.0,S8D_lowri,seed1,0,a,200,0.002503802883102189,0.011206216466958492,2.1834068942449063,2.8776978417266186,0.02572248730313841,0.025111002119955893,0.9762276028761842,0.6745619167760044,0.3089492474142297,0.685020732279719,0.3137393832021501,0,3146.574604200252,0.05754245792281611
bi50,50.0,S8D_lowri,seed1,0,a,400,0.002503802883102189,0.011206216466958492,2.1834068942449063,2.8776978417266186,0.02572248730313841,0.025111002119955893,0.9762276028761842,0.6745619167760044,0.3089492474142297,0.685020732279719,0.3137393832021501,0,3146.574604200252,0.05754245792281611
bi50,50.0,S8D_lowri,seed1,0,a,600,0.002503802883102189,0.011206216466958492,2.1834068942449063,2.8776978417266186,0.02572248730313841,0.025111002119955893,0.9762276028761842,0.6745619167760044,0.3089492474142297,0.685020732279719,0.3137393832021501,0,3146.574604200252,0.05754245792281611
bi50,50.0,S8D_lowri,seed1,0,i,50,0.0500760489075165,0.10399678909150967,2.0891591146372126,3.007518796992481,0.0002449666125356692,0.00024239850298775621,0.9895164915686661,0.6292285938986154,0.30118749189090965,0.6336645764466238,0.30331082587582664,0,28231.675869061393,5.351678198952327e-05
bi50,50.0,S8D_lowri,seed1,0,i,100,0.05007605795305593,0.10399680680364831,2.0891591146372126,3.007518796992481,0.000244967262903461,0.00024239911077956528,0.9895163455987676,0.6292290509844863,0.30118771068031047,0.6336650847627898,0.3033110691871965,0,28231.68048202974,5.3516955504162826e-05
bi50,50.0,S8D_lowri,seed1,0,i,200,0.05007605795305593,0.10399680680364831,2.0891591146372126,3.007518796992481,0.000244967262903461,0.00024239911077956528,0.9895163455987676,0.6292290509844863,0.30118771068031047,0.6336650847627898,0.3033110691871965,0,28231.68048202974,5.3516955504162826e-05
bi50,50.0,S8D_lowri,seed1,0,i,400,0.05007605795305593,0.10399680680364831,2.0891591146372126,3.007518796992481,0.000244967262903461,0.00024239911077956528,0.9895163455987676,0.6292290509844863,0.30118771068031047,0.6336650847627898,0.3033110691871965,0,28231.68048202974,5.3516955504162826e-05
bi50,50.0,S8D_lowri,seed1,0,i,600,0.05007605795305593,0.10399680680364831,2.0891591146372126,3.007518796992481,0.000244967262903461,0.00024239911077956528,0.9895163455987676,0.6292290509844863,0.30118771068031047,0.6336650847627898,0.3033110691871965,0,28231.68048202974,5.3516955504162826e-05
bi50,50.0,S8D_lowri,seed36,1,a,50,0.07258837246784436,0.3180665446729913,0.17278759594743864,36.36363636363636,5.649045070761573,3.3125198535540616,0.5863858071692613,0.08992439215096232,0.5204331460130794,0.6241584937825753,3.612287620301413,0,11061.96185815605,0.05173770674599192
bi50,50.0,S8D_lowri,seed36,1,a,100,0.07346602494958976,0.322745571403329,0.17278759594743864,36.36363636363636,5.706957561753717,3.221110336708679,0.5644181338048796,0.07336086411619551,0.42457251467583135,0.624696405578541,3.615400759256882,0,11371.102232267307,0.039141016284027864
bi50,50.0,S8D_lowri,seed36,1,a,200,0.07444627498459898,0.3271848856569709,0.3612831551628263,17.391304347826082,6.179880203707196,3.674755683971606,0.5946321874924352,0.14597844681301608,0.4040555025246755,0.5871235645241824,1.6251063913001211,0,11660.549727065121,0.1389987355935428
bi50,50.0,S8D_lowri,seed36,1,a,400,0.07540892264361929,0.33228006839159535,0.3612831551628263,17.391304347826082,6.8902105013315555,4.50572349312508,0.6539311813847102,0.09525690125078565,0.2636627251770275,0.41836600743118213,1.1580003148572737,0,11697.8142549252,0.11456991084354642
bi50,50.0,S8D_lowri,seed36,1,a,600,0.07577288423403752,0.33392952791208413,0.3612831551628263,17.391304347826082,7.459432307273673,5.163431789945589,0.6922017088231688,0.1025625355377243,0.2838840783802957,0.4011986604025932,1.110482608085554,0,11741.370540806975,0.14932515346846717
bi50,50.0,S8D_lowri,seed36,1,i,50,1.450538550909818,2.0549571527982406,0.1413716694115407,44.44444444444444,385.874965252241,49.04434751139519,0.12709906557253745,0.02442963385884046,0.1728043105137597,0.1182950717703796,0.8367664629185084,1,74576.61762799147,0.12418100284797276
bi50,50.0,S8D_lowri,seed36,1,i,100,1.4690837625308195,2.0791934315300686,0.1413716694115407,44.44444444444444,404.14585779634245,47.1868308665708,0.11675693306338236,0.022932966263089452,0.16221755291246032,0.11653450221622352,0.8243129808206847,1,76912.92569076584,0.20964958655556704
bi50,50.0,S8D_lowri,seed36,1,i,200,1.4886874358941335,2.103262500225602,0.1413716694115407,44.44444444444444,407.3974012209992,49.01552137919293,0.12031378018683944,0.022638755184704384,0.16013643524857674,0.11646794791786988,0.8238422054621516,1,79246.80290881169,0.12338084655042642
bi50,50.0,S8D_lowri,seed36,1,i,400,1.5081400543808705,2.128554158180936,0.1413716694115407,44.44444444444444,387.73349475040783,42.52434349534542,0.10967415524088067,0.02205428198503819,0.1560021330782829,0.11718143220551694,0.8288890744042595,1,79057.8788599062,0.11770621737144883
bi50,50.0,S8D_lowri,seed36,1,i,600,1.5154067705487833,2.1305141354826462,0.1413716694115407,44.44444444444444,371.06257897471295,34.26378078713776,0.09233962875429903,0.021072957902525804,0.14906068514464002,0.11828367346851859,0.8366858364258848,1,78978.0935481615,0.11275913984885519
bi50,50.0,S8D_lowri,seed36,2,a,50,0.06960693136113255,0.3044147417706526,0.3298672286269283,19.047619047619047,8.63941667919198,4.904020319846139,0.567633267609081,0.15257845056308225,0.46254504031270327,0.24880927397076316,0.7542709683724306,0,15982.225395395899,0.13662041832136454
bi50,50.0,S8D_lowri,seed36,2,a,100,0.07128748331626367,0.31275242891126565,0.3298672286269283,19.047619047619047,8.891112524686717,5.0331625760905165,0.5660891774922017,0.14601265268875893,0.44264067484525915,0.444871581407075,1.3486383089913239,0,16372.524087979542,0.13508854442325494
bi50,50.0,S8D_lowri,seed36,2,a,200,0.07280400256129893,0.3196779239999335,0.3298672286269283,19.047619047619047,9.464922291301335,5.572454372885962,0.5887480320897387,0.13965749000169914,0.423374854734807,0.21068533061589975,0.6386973677042034,0,16731.69399683673,0.1635286026065234
bi50,50.0,S8D_lowri,seed36,2,a,400,0.07391586262930826,0.32589373976127145,0.3298672286269283,19.047619047619047,10.1792008716965,5.820743289653778,0.5718271368274583,0.13112202229841452,0.397499390419017,0.21041318299102135,0.6378723459946773,0,17301.018798962272,0.14021139150065667
bi50,50.0,S8D_lowri,seed36,2,a,600,0.07403030626628918,0.3263248433685756,0.3298672286269283,19.047619047619047,10.598415686104126,6.339158157628236,0.598123186085226,0.13032604213878546,0.3950863584760067,0.3396602843760278,1.0296878710560702,0,17442.51697251414,0.14374680374820542
bi50,50.0,S8D_lowri,seed36,2,i,50,1.3915914171435404,2.024271781586932,0.26703537555513246,23.529411764705877,111.67273298658534,8.359275415612174,0.07485511630324593,0.020935766576363972,0.07840072324815087,0.2619538227204113,0.9809704881828587,1,93645.21697385366,0.052470381405402305
bi50,50.0,S8D_lowri,seed36,2,i,100,1.4253346527961084,2.0863746684799773,0.26703537555513246,23.529411764705877,106.53492733987665,6.0529337904249445,0.05681642576349039,0.02037525924671972,0.07630172296221861,0.2658909233614723,0.9957142300293322,1,94872.61036050547,0.08541901137580077
bi50,50.0,S8D_lowri,seed36,2,i,200,1.4555955503194593,2.1312238060977147,0.26703537555513246,23.529411764705877,99.18269632277828,3.012944058505653,0.030377718797847408,0.019590159124117604,0.07336166260141438,0.2721110906243457,1.0190076504233248,1,95169.58686942622,0.08021270729756545
bi50,50.0,S8D_lowri,seed36,2,i,400,1.4782881724376697,2.16986161576948,0.26703537555513246,23.529411764705877,104.29068891281891,3.6773213759752537,0.035260303813404524,0.01951624808139774,0.07308487888852161,0.27306875002822584,1.0225939146098182,1,97507.59325228143,0.04706085094615609
bi50,50.0,S8D_lowri,seed36,2,i,600,1.4805897568390705,2.1649340357216005,0.26703537555513246,23.529411764705877,107.78210192417693,8.150011183183068,0.0756156266920502,0.022655086975966472,0.08483927243298547,0.27374795708530103,1.0251374242690279,1,97224.04827367823,0.04877818367853042
bi50,50.0,S8D_lowri,seed36,3,a,50,0.07308677404697532,0.32181509168430067,0.3298672286269283,19.047619047619047,7.517579831174157,6.219959716379348,0.8273885819723799,0.30473612227286967,0.9238144799692082,0.5181736933523672,1.5708553271850136,0,13502.717179570485,0.2279198095766767
bi50,50.0,S8D_lowri,seed36,3,a,100,0.07347475984908264,0.3239720236300281,0.3298672286269283,19.047619047619047,7.512799159895459,6.212778389605917,0.8269592008755853,0.3045558796661339,0.9232680704107745,0.518330697022655,1.5713312873794876,0,13505.77669689045,0.22782260545567998
bi50,50.0,S8D_lowri,seed36,3,a,200,0.074103753530814,0.3269459364908737,0.3298672286269283,19.047619047619047,7.5114101227680194,6.2163853865177074,0.8275923275278325,0.3040182200485915,0.921638143061579,0.5173386353854477,1.5683238299811373,0,13518.095241128387,0.22768655172314436
bi50,50.0,S8D_lowri,seed36,3,a,400,0.07474600806725705,0.33027427581478114,0.2984513020910303,21.05263157894737,7.491750240472223,6.200889711996256,0.827695733701528,0.3042632043818238,1.0194735363862504,0.5156590457823185,1.7277828649748623,0,13525.826048405346,0.22754908452397038
bi50,50.0,S8D_lowri,seed36,3,a,600,0.07491125266614483,0.33094995561753243,0.2984513020910303,21.05263157894737,7.571261756793752,6.280367224045449,0.8295007392143096,0.3024278603392015,1.0133239768776692,0.5100055272563906,1.7088400140430091,0,13534.316798520433,0.22740150633996414
bi50,50.0,S8D_lowri,seed36,3,i,50,1.460837468153995,2.0161570672412212,0.1413716694115407,44.44444444444444,517.6271657529088,272.1962227440884,0.5258538205740583,0.07439057301511554,0.5262056628797421,0.11183687377841219,0.791084056967941,0,71627.66705324544,0.4537222532764615
bi50,50.0,S8D_lowri,seed36,3,i,100,1.4694782351681788,2.023897573268086,0.1413716694115407,44.44444444444444,517.9302457291495,271.74753050001704,0.5246797860152905,0.07418181520350535,0.5247290034296618,0.11179023677695364,0.7907541676651361,0,71602.02404603639,0.4537756511872603
bi50,50.0,S8D_lowri,seed36,3,i,200,1.4819957343103365,2.0393403583539502,0.1413716694115407,44.44444444444444,520.8454755788204,274.52543042654145,0.5270765386249325,0.07335169178857415,0.5188570814357674,0.11114963092562669,0.7862228082068127,0,71624.04342455594,0.4534804232243408
bi50,50.0,S8D_lowri,seed36,3,i,400,1.4949384802546526,2.058252860904305,0.1413716694115407,44.44444444444444,521.0901631110368,273.94629117537403,0.5257176407626794,0.07308973213635875,0.5170040959450689,0.11107123089442215,0.7856682414288233,0,71621.23133225954,0.4534120203505589
bi50,50.0,S8D_lowri,seed36,3,i,600,1.4981362959911524,2.055522540624734,0.1413716694115407,44.44444444444444,522.0164171624423,273.3664951825729,0.5236741339832347,0.07257537536239198,0.513365766029975,0.11096510543575996,0.7849175573695353,0,71641.15166914277,0.4530223065202303
bi50,50.0,S8D_lowri,seed9,1,a,50,0.02087126049225682,0.09275625518676366,0.1413716694115407,44.44444444444444,2.6900299641819267,0.139513947923664,0.05186334345018793,0.01731542858628225,0.12248160227829018,0.09382610086604323,0.6636838997275352,1,3643.7978046450535,0.017717975201056793
bi50,50.0,S8D_lowri,seed9,1,a,100,0.02135126056194638,0.09561398587787048,0.1413716694115407,44.44444444444444,2.6909461308564495,0.13738076617260653,0.051052960368583165,0.017292575158510848,0.12231994734511631,0.09387044278572393,0.6639975546476848,1,3644.6758166713,0.017719739803782737
bi50,50.0,S8D_lowri,seed9,1,a,200,0.021358778149509938,0.09562958473323206,0.1413716694115407,44.44444444444444,2.6909278700231205,0.13723251053729246,0.05099821220258623,0.017291005146425092,0.12230884178137577,0.09387297804667968,0.6640154879504909,1,3644.692662863128,0.017719537655013575
bi50,50.0,S8D_lowri,seed9,1,a,400,0.021358778149509938,0.09562958473323206,0.1413716694115407,44.44444444444444,2.6909278700231205,0.13723251053729246,0.05099821220258623,0.017291005146425092,0.12230884178137577,0.09387297804667968,0.6640154879504909,1,3644.692662863128,0.017719537655013575
bi50,50.0,S8D_lowri,seed9,1,a,600,0.021358778149509938,0.09562958473323206,0.1413716694115407,44.44444444444444,2.6909278700231205,0.13723251053729246,0.05099821220258623,0.017291005146425092,0.12230884178137577,0.09387297804667968,0.6640154879504909,1,3644.692662863128,0.017719537655013575
bi50,50.0,S8D_lowri,seed9,1,i,50,0.41728818517314686,0.8426023440733854,0.3298672286269283,19.047619047619047,10.974174145276121,0.9846645382988886,0.08972561627543896,0.02150369604182167,0.06518894323431511,0.3085892177577617,0.9354952264954107,1,34649.790315778984,0.03451433984211267
bi50,50.0,S8D_lowri,seed9,1,i,100,0.426907230944476,0.8801616454920819,0.3298672286269283,19.047619047619047,10.984871891413219,1.0018662327327803,0.09120417995187824,0.02157868048546103,0.06541626027927128,0.3085501550878446,0.935376807123836,1,34662.62960830571,0.018380676160509823
bi50,50.0,S8D_lowri,seed9,1,i,200,0.42717556228774317,0.8807496789321896,0.3298672286269283,19.047619047619047,10.985097905768342,1.0021794833107673,0.09123081941623086,0.021579893714179826,0.06541993820970361,0.30855003300969513,0.9353764370411515,1,34662.44431159584,0.034509369836680064
bi50,50.0,S8D_lowri,seed9,1,i,400,0.42717556228774317,0.8807496789321896,0.3298672286269283,19.047619047619047,10.985097905768342,1.0021794833107673,0.09123081941623086,0.021579893714179826,0.06541993820970361,0.30855003300969513,0.9353764370411515,1,34662.44431159584,0.034509369836680064
bi50,50.0,S8D_lowri,seed9,1,i,600,0.42717556228774317,0.8807496789321896,0.3298672286269283,19.047619047619047,10.985097905768342,1.0021794833107673,0.09123081941623086,0.021579893714179826,0.06541993820970361,0.30855003300969513,0.9353764370411515,1,34662.44431159584,0.034509369836680064
bi50,50.0,S8D_lowri,seed9,2,a,50,0.020319613446606412,0.09057942000673294,0.2356194490192345,26.666666666666664,3.916251770343441,1.9676523841814932,0.5024325553024742,0.10900353821353223,0.4626253845650656,0.40499486726109113,1.7188516013719641,0,5538.040861527921,0.08735764569347505
bi50,50.0,S8D_lowri,seed9,2,a,100,0.020366986758599298,0.0908741321674817,0.2356194490192345,26.666666666666664,3.9162055956878534,1.9671058832358805,0.5022989307307735,0.10899140797987307,0.4625739022544598,0.40511188574456886,1.7193482432407268,0,5538.049989525304,0.08735746211661145
bi50,50.0,S8D_lowri,seed9,2,a,200,0.02036698660148949,0.0908741291038494,0.2356194490192345,26.666666666666664,3.916205585083168,1.9671058748127386,0.5022989299401052,0.10899140802701977,0.46257390245455665,0.40511188649258906,1.7193482464154233,0,5538.049972617991,0.08735746215475672
bi50,50.0,S8D_lowri,seed9,2,a,400,0.02036698660148949,0.0908741291038494,0.2356194490192345,26.666666666666664,3.916205585083168,1.9671058748127386,0.5022989299401052,0.10899140802701977,0.46257390245455665,0.40511188649258906,1.7193482464154233,0,5538.049972617991,0.08735746215475672
bi50,50.0,S8D_lowri,seed9,2,a,600,0.02036698660148949,0.0908741291038494,0.2356194490192345,26.666666666666664,3.916205585083168,1.9671058748127386,0.5022989299401052,0.10899140802701977,0.46257390245455665,0.40511188649258906,1.7193482464154233,0,5538.049972617991,0.08735746215475672
bi50,50.0,S8D_lowri,seed9,2,i,50,0.405993164223503,0.8277377994629509,0.3612831551628263,17.391304347826082,15.600461729577543,0.09634896103148805,0.006176032652214144,0.01604564258415242,0.04441292751919427,0.3472005524506588,0.961020594204508,1,42761.47430000383,0.04583728625527695
bi50,50.0,S8D_lowri,seed9,2,i,100,0.40733973735201096,0.8325044772484697,0.3612831551628263,17.391304347826082,15.601552171016957,0.09857040867261446,0.006317987312552719,0.016053321834811812,0.04443418300965834,0.34719442516249777,0.9610036344097502,1,42743.56664639148,0.04585669010872305
bi50,50.0,S8D_lowri,seed9,2,i,200,0.40733973255216915,0.8325044370956668,0.3612831551628263,17.391304347826082,15.601552200023468,0.0985704212581826,0.006317988107493198,0.01605332187746197,0.044434183127710226,0.3471944250050175,0.9610036339738588,1,42743.56671552209,0.04585669010298551
bi50,50.0,S8D_lowri,seed9,2,i,400,0.40733973255216915,0.8325044370956668,0.3612831551628263,17.391304347826082,15.601552200023468,0.0985704212581826,0.006317988107493198,0.01605332187746197,0.044434183127710226,0.3471944250050175,0.9610036339738588,1,42743.56671552209,0.04585669010298551
bi50,50.0,S8D_lowri,seed9,2,i,600,0.40733973255216915,0.8325044370956668,0.3612831551628263,17.391304347826082,15.601552200023468,0.0985704212581826,0.006317988107493198,0.01605332187746197,0.044434183127710226,0.3471944250050175,0.9610036339738588,1,42743.56671552209,0.04585669010298551
bi50,50.0,S8D_lowri,seed9,3,a,50,0.021328042211791718,0.09519109200206897,0.20420352248333656,30.769230769230766,2.858463454254464,1.2855746231014873,0.4497432427159672,0.0931627915948504,0.4562251936787852,0.391023459382875,1.9148712746362315,1,4270.0976165477305,0.0739907604713504
bi50,50.0,S8D_lowri,seed9,3,a,100,0.021619181423162874,0.09687072696012479,0.20420352248333656,30.769230769230766,2.858320299709443,1.2867013140660868,0.4501599468040317,0.09326153897968328,0.45670876704535607,0.3910261328997444,1.9148843670493145,1,4270.022053515193,0.07399649644634833
bi50,50.0,S8D_lowri,seed9,3,a,200,0.021619186879819688,0.09687070206581222,0.20420352248333656,30.769230769230766,2.8583203351972033,1.2867014165116026,0.4501599770561859,0.0932615417850059,0.45670878078323174,0.3910261300586442,1.9148843531362332,1,4270.022068776932,0.07399649690319479
bi50,50.0,S8D_lowri,seed9,3,a,400,0.021619186879819688,0.09687070206581222,0.20420352248333656,30.769230769230766,2.8583203351972033,1.2867014165116026,0.4501599770561859,0.0932615417850059,0.45670878078323174,0.3910261300586442,1.9148843531362332,1,4270.022068776932,0.07399649690319479
bi50,50.0,S8D_lowri,seed9,3,a,600,0.021619186879819688,0.09687070206581222,0.20420352248333656,30.769230769230766,2.8583203351972033,1.2867014165116026,0.4501599770561859,0.0932615417850059,0.45670878078323174,0.3910261300586442,1.9148843531362332,1,4270.022068776932,0.07399649690319479
bi50,50.0,S8D_lowri,seed9,3,i,50,0.4264911835366531,0.8440976909689054,0.3612831551628263,17.391304347826082,12.880968448673707,0.48073471716312,0.03732131780919151,0.017375330903652255,0.04809338784649782,0.3433556508290584,0.9503782446605125,1,33639.75071070719,0.047417694163521734
bi50,50.0,S8D_lowri,seed9,3,i,100,0.432383585711492,0.8654327548650034,0.3612831551628263,17.391304347826082,12.88120877002305,0.47810124664689546,0.037116178705179075,0.017366261168240332,0.04806828361652663,0.3433269505283306,0.9502988047521812,1,33618.35714985157,0.026054878067277444
bi50,50.0,S8D_lowri,seed9,3,i,200,0.43238373739880626,0.8654329569704421,0.3612831551628263,17.391304347826082,12.881208894415304,0.47810100149034085,0.03711615931464502,0.017366260275445945,0.04806828114535029,0.343326948638399,0.9502987995210167,1,33618.356584299545,0.04745331493553517
bi50,50.0,S8D_lowri,seed9,3,i,400,0.43238373739880626,0.8654329569704421,0.3612831551628263,17.391304347826082,12.881208894415304,0.47810100149034085,0.03711615931464502,0.017366260275445945,0.04806828114535029,0.343326948638399,0.9502987995210167,1,33618.356584299545,0.04745331493553517
bi50,50.0,S8D_lowri,seed9,3,i,600,0.43238373739880626,0.8654329569704421,0.3612831551628263,17.391304347826082,12.881208894415304,0.47810100149034085,0.03711615931464502,0.017366260275445945,0.04806828114535029,0.343326948638399,0.9502987995210167,1,33618.356584299545,0.04745331493553517
