set,b_i,anchor,condition,replicate,channel,t,n_points,null,hole,peak1_r,peak1_g,peak1_pairs,trough_r,trough_g,peak2_r,peak2_g,peak2_pairs,total_pairs,n_replicates,n_points_mean,hole_sd,peak1_r_sd,peak2_r_sd,peak1_g_sd,peak2_g_sd,D_i
bi13.5,13.5,below the Turing sliver,nucl,1,a,50,156,uniform,9.853156565656565,nan,nan,0.0,nan,nan,nan,nan,0.0,1345.0,1.0,156.0,0.5263437822025047,1.1298867159718735,nan,0.1051188828221251,nan,
bi13.5,13.5,below the Turing sliver,nucl,1,a,100,137,uniform,11.054686562687463,nan,nan,0.0,nan,nan,nan,nan,0.0,1027.0,1.0,137.0,0.53907008250182,1.1717575999394554,3.955340974204655,0.2028626850272184,0.17334721957579174,
bi13.5,13.5,below the Turing sliver,nucl,1,a,200,131,uniform,12.286967032967032,nan,nan,0.0,nan,nan,nan,nan,0.0,920.0,1.0,131.0,0.7785832612678077,1.418169744476975,1.9405039437103848,0.25727118039434105,0.0917719385886407,
bi13.5,13.5,below the Turing sliver,nucl,1,a,400,126,uniform,12.58271268515002,17.75,2.564102564102564,29.0,nan,nan,nan,nan,0.0,851.0,1.0,126.0,1.1831990058760624,0.6474961912813338,1.8119505464739762,0.35548435169408243,0.09518736336393002,
bi13.5,13.5,below the Turing sliver,nucl,1,a,600,123,uniform,12.633765560165974,17.25,2.1621621621621623,24.0,nan,nan,nan,nan,0.0,810.0,1.0,123.0,0.934206442201669,0.8999450229759959,3.2184085431356335,0.31231053973766365,0.15171732823010384,
bi13.5,13.5,below the Turing sliver,nucl,1,i,50,1,uniform,nan,nan,nan,0.0,nan,nan,nan,nan,0.0,0.0,1.0,1.0,nan,nan,nan,nan,nan,
bi13.5,13.5,below the Turing sliver,nucl,1,i,100,1,uniform,nan,nan,nan,0.0,nan,nan,nan,nan,0.0,0.0,1.0,1.0,nan,nan,nan,nan,nan,
bi13.5,13.5,below the Turing sliver,nucl,1,i,200,1,uniform,nan,nan,nan,0.0,nan,nan,nan,nan,0.0,0.0,1.0,1.0,nan,nan,nan,nan,nan,
bi13.5,13.5,below the Turing sliver,nucl,1,i,400,1,uniform,nan,nan,nan,0.0,nan,nan,nan,nan,0.0,0.0,1.0,1.0,nan,nan,nan,nan,nan,
bi13.5,13.5,below the Turing sliver,nucl,1,i,600,1,uniform,nan,nan,nan,0.0,nan,nan,nan,nan,0.0,0.0,1.0,1.0,nan,nan,nan,nan,nan,
bi13.5,13.5,below the Turing sliver,nucl,2,a,50,162,uniform,9.773844311377246,nan,nan,0.0,nan,nan,nan,nan,0.0,1465.0,1.0,162.0,0.3066061332745397,0.8889866507212147,3.7186093577513026,0.21057030292967466,0.11537560657020204,
bi13.5,13.5,below the Turing sliver,nucl,2,a,100,148,uniform,11.277290836653387,nan,nan,0.0,nan,nan,nan,nan,0.0,1204.0,1.0,148.0,0.6763539470211306,0.8595637296566004,2.224510210269328,0.17465026203718922,0.12039106908134048,
bi13.5,13.5,below the Turing sliver,nucl,2,a,200,136,uniform,12.119016903914591,15.75,2.077687443541102,23.0,nan,nan,nan,nan,0.0,980.0,1.0,136.0,0.4974894560410535,1.0243270580347368,2.9354632009535138,0.25427850502119753,0.12523607908967346,
bi13.5,13.5,below the Turing sliver,nucl,2,a,400,131,uniform,12.785275895450145,16.75,2.347826086956522,27.0,nan,nan,nan,nan,0.0,901.0,1.0,131.0,0.46494068834673785,0.687893805736478,2.0097760064272348,0.3730434309471817,0.1265191305511883,
bi13.5,13.5,below the Turing sliver,nucl,2,a,600,128,uniform,13.36127194773377,17.75,2.7336860670194003,31.0,nan,nan,nan,nan,0.0,870.0,1.0,128.0,0.3122836977259414,0.8952094726934027,1.214411758164152,0.37950973404152455,0.1824534975875574,
bi13.5,13.5,below the Turing sliver,nucl,2,i,50,1,uniform,nan,nan,nan,0.0,nan,nan,nan,nan,0.0,0.0,1.0,1.0,nan,nan,nan,nan,nan,
bi13.5,13.5,below the Turing sliver,nucl,2,i,100,1,uniform,nan,nan,nan,0.0,nan,nan,nan,nan,0.0,0.0,1.0,1.0,nan,nan,nan,nan,nan,
bi13.5,13.5,below the Turing sliver,nucl,2,i,200,1,uniform,nan,nan,nan,0.0,nan,nan,nan,nan,0.0,0.0,1.0,1.0,nan,nan,nan,nan,nan,
bi13.5,13.5,below the Turing sliver,nucl,2,i,400,1,uniform,nan,nan,nan,0.0,nan,nan,nan,nan,0.0,0.0,1.0,1.0,nan,nan,nan,nan,nan,
bi13.5,13.5,below the Turing sliver,nucl,2,i,600,1,uniform,nan,nan,nan,0.0,nan,nan,nan,nan,0.0,0.0,1.0,1.0,nan,nan,nan,nan,nan,
bi13.5,13.5,below the Turing sliver,nucl,3,a,50,172,uniform,9.766052290406224,nan,nan,0.0,nan,nan,nan,nan,0.0,1588.0,1.0,172.0,0.4150969132943524,0.9445909517435059,2.847345529009518,0.19799634391382553,0.09799711847206254,
bi13.5,13.5,below the Turing sliver,nucl,3,a,100,157,uniform,10.725619402985075,15.75,1.8438844499078058,30.0,nan,nan,nan,nan,0.0,1312.0,1.0,157.0,0.694875035336336,1.2453996981544782,5.015316793332759,0.2357506174398116,0.1060714573298293,
bi13.5,13.5,below the Turing sliver,nucl,3,a,200,145,uniform,11.47944558221182,14.25,2.0066889632107023,24.0,nan,nan,nan,nan,0.0,1127.0,1.0,145.0,0.7879853980771699,1.217039448376096,4.154756640705232,0.270317007873715,0.09413284128417719,
bi13.5,13.5,below the Turing sliver,nucl,3,a,400,138,uniform,12.474501992031872,18.25,2.4282560706401766,33.0,nan,nan,nan,nan,0.0,1034.0,1.0,138.0,0.315331064365097,0.8932944643285325,3.4551417532638795,0.3419319005280215,0.11061340746840652,
bi13.5,13.5,below the Turing sliver,nucl,3,a,600,136,uniform,13.090421319796954,18.25,2.674591381872214,36.0,nan,nan,nan,nan,0.0,997.0,1.0,136.0,0.35082304962708927,0.7946658102624021,1.9510474804248061,0.33979550490825905,0.15251181931012928,
bi13.5,13.5,below the Turing sliver,nucl,3,i,50,1,uniform,nan,nan,nan,0.0,nan,nan,nan,nan,0.0,0.0,1.0,1.0,nan,nan,nan,nan,nan,
bi13.5,13.5,below the Turing sliver,nucl,3,i,100,1,uniform,nan,nan,nan,0.0,nan,nan,nan,nan,0.0,0.0,1.0,1.0,nan,nan,nan,nan,nan,
bi13.5,13.5,below the Turing sliver,nucl,3,i,200,1,uniform,nan,nan,nan,0.0,nan,nan,nan,nan,0.0,0.0,1.0,1.0,nan,nan,nan,nan,nan,
bi13.5,13.5,below the Turing sliver,nucl,3,i,400,1,uniform,nan,nan,nan,0.0,nan,nan,nan,nan,0.0,0.0,1.0,1.0,nan,nan,nan,nan,nan,
bi13.5,13.5,below the Turing sliver,nucl,3,i,600,1,uniform,nan,nan,nan,0.0,nan,nan,nan,nan,0.0,0.0,1.0,1.0,nan,nan,nan,nan,nan,
bi13.5,13.5,below the Turing sliver,random,1,a,50,19,uniform,nan,nan,nan,0.0,nan,nan,nan,nan,0.0,13.0,1.0,19.0,nan,nan,nan,nan,nan,
bi13.5,13.5,below the Turing sliver,random,1,a,100,18,uniform,nan,nan,nan,0.0,nan,nan,nan,nan,0.0,13.0,1.0,18.0,nan,nan,nan,nan,nan,
bi13.5,13.5,below the Turing sliver,random,1,a,200,17,uniform,nan,nan,nan,0.0,nan,nan,nan,nan,0.0,10.0,1.0,17.0,nan,nan,nan,nan,nan,
bi13.5,13.5,below the Turing sliver,random,1,a,400,17,uniform,nan,nan,nan,0.0,nan,nan,nan,nan,0.0,10.0,1.0,17.0,nan,nan,nan,nan,nan,
bi13.5,13.5,below the Turing sliver,random,1,a,600,17,uniform,nan,nan,nan,0.0,nan,nan,nan,nan,0.0,10.0,1.0,17.0,nan,nan,nan,nan,nan,
bi13.5,13.5,below the Turing sliver,random,1,i,50,1,uniform,nan,nan,nan,0.0,nan,nan,nan,nan,0.0,0.0,1.0,1.0,nan,nan,nan,nan,nan,
bi13.5,13.5,below the Turing sliver,random,1,i,100,1,uniform,nan,nan,nan,0.0,nan,nan,nan,nan,0.0,0.0,1.0,1.0,nan,nan,nan,nan,nan,
bi13.5,13.5,below the Turing sliver,random,1,i,200,1,uniform,nan,nan,nan,0.0,nan,nan,nan,nan,0.0,0.0,1.0,1.0,nan,nan,nan,nan,nan,
bi13.5,13.5,below the Turing sliver,random,1,i,400,1,uniform,nan,nan,nan,0.0,nan,nan,nan,nan,0.0,0.0,1.0,1.0,nan,nan,nan,nan,nan,
bi13.5,13.5,below the Turing sliver,random,1,i,600,1,uniform,nan,nan,nan,0.0,nan,nan,nan,nan,0.0,0.0,1.0,1.0,nan,nan,nan,nan,nan,
bi13.5,13.5,below the Turing sliver,random,2,a,50,29,uniform,nan,nan,nan,0.0,nan,nan,nan,nan,0.0,30.0,1.0,29.0,nan,nan,nan,nan,nan,
bi13.5,13.5,below the Turing sliver,random,2,a,100,28,uniform,nan,nan,nan,0.0,nan,nan,nan,nan,0.0,25.0,1.0,28.0,nan,nan,nan,nan,nan,
bi13.5,13.5,below the Turing sliver,random,2,a,200,27,uniform,nan,nan,nan,0.0,nan,nan,nan,nan,0.0,23.0,1.0,27.0,nan,nan,nan,nan,nan,
bi13.5,13.5,below the Turing sliver,random,2,a,400,26,uniform,nan,nan,nan,0.0,nan,nan,nan,nan,0.0,22.0,1.0,26.0,nan,nan,nan,nan,nan,
bi13.5,13.5,below the Turing sliver,random,2,a,600,26,uniform,nan,nan,nan,0.0,nan,nan,nan,nan,0.0,21.0,1.0,26.0,nan,nan,nan,nan,nan,
bi13.5,13.5,below the Turing sliver,random,2,i,50,1,uniform,nan,nan,nan,0.0,nan,nan,nan,nan,0.0,0.0,1.0,1.0,nan,nan,nan,nan,nan,
bi13.5,13.5,below the Turing sliver,random,2,i,100,1,uniform,nan,nan,nan,0.0,nan,nan,nan,nan,0.0,0.0,1.0,1.0,nan,nan,nan,nan,nan,
bi13.5,13.5,below the Turing sliver,random,2,i,200,1,uniform,nan,nan,nan,0.0,nan,nan,nan,nan,0.0,0.0,1.0,1.0,nan,nan,nan,nan,nan,
bi13.5,13.5,below the Turing sliver,random,2,i,400,1,uniform,nan,nan,nan,0.0,nan,nan,nan,nan,0.0,0.0,1.0,1.0,nan,nan,nan,nan,nan,
bi13.5,13.5,below the Turing sliver,random,2,i,600,1,uniform,nan,nan,nan,0.0,nan,nan,nan,nan,0.0,0.0,1.0,1.0,nan,nan,nan,nan,nan,
bi13.5,13.5,below the Turing sliver,random,3,a,50,23,uniform,nan,nan,nan,0.0,nan,nan,nan,nan,0.0,27.0,1.0,23.0,nan,nan,nan,nan,nan,
bi13.5,13.5,below the Turing sliver,random,3,a,100,23,uniform,nan,nan,nan,0.0,nan,nan,nan,nan,0.0,28.0,1.0,23.0,nan,nan,nan,nan,nan,
bi13.5,13.5,below the Turing sliver,random,3,a,200,23,uniform,nan,nan,nan,0.0,nan,nan,nan,nan,0.0,27.0,1.0,23.0,nan,nan,nan,nan,nan,
bi13.5,13.5,below the Turing sliver,random,3,a,400,23,uniform,nan,nan,nan,0.0,nan,nan,nan,nan,0.0,27.0,1.0,23.0,nan,nan,nan,nan,nan,
bi13.5,13.5,below the Turing sliver,random,3,a,600,23,uniform,nan,nan,nan,0.0,nan,nan,nan,nan,0.0,27.0,1.0,23.0,nan,nan,nan,nan,nan,
bi13.5,13.5,below the Turing sliver,random,3,i,50,1,uniform,nan,nan,nan,0.0,nan,nan,nan,nan,0.0,0.0,1.0,1.0,nan,nan,nan,nan,nan,
bi13.5,13.5,below the Turing sliver,random,3,i,100,1,uniform,nan,nan,nan,0.0,nan,nan,nan,nan,0.0,0.0,1.0,1.0,nan,nan,nan,nan,nan,
bi13.5,13.5,below the Turing sliver,random,3,i,200,1,uniform,nan,nan,nan,0.0,nan,nan,nan,nan,0.0,0.0,1.0,1.0,nan,nan,nan,nan,nan,
bi13.5,13.5,below the Turing sliver,random,3,i,400,1,uniform,nan,nan,nan,0.0,nan,nan,nan,nan,0.0,0.0,1.0,1.0,nan,nan,nan,nan,nan,
bi13.5,13.5,below the Turing sliver,random,3,i,600,1,uniform,nan,nan,nan,0.0,nan,nan,nan,nan,0.0,0.0,1.0,1.0,nan,nan,nan,nan,nan,
bi13.5,13.5,below the Turing sliver,seed144,1,a,50,98,uniform,9.068333333333333,nan,nan,0.0,nan,nan,nan,nan,0.0,541.0,1.0,98.0,0.38595799578078066,0.0,nan,0.28041870847221567,nan,
bi13.5,13.5,below the Turing sliver,seed144,1,a,100,97,uniform,9.5775,nan,nan,0.0,nan,nan,nan,nan,0.0,528.0,1.0,97.0,0.5487314822488535,nan,nan,nan,nan,
bi13.5,13.5,below the Turing sliver,seed144,1,a,200,95,uniform,9.7,nan,nan,0.0,nan,nan,nan,nan,0.0,499.0,1.0,95.0,0.963512852891436,nan,nan,nan,nan,
bi13.5,13.5,below the Turing sliver,seed144,1,a,400,95,uniform,9.7075,nan,nan,0.0,nan,nan,nan,nan,0.0,497.0,1.0,95.0,0.9205202379017045,nan,nan,nan,nan,
bi13.5,13.5,below the Turing sliver,seed144,1,a,600,95,uniform,9.72,nan,nan,0.0,nan,nan,nan,nan,0.0,497.0,1.0,95.0,0.7458452519048767,nan,nan,nan,nan,
bi13.5,13.5,below the Turing sliver,seed144,1,i,50,6,uniform,nan,nan,nan,0.0,nan,nan,nan,nan,0.0,1.0,1.0,6.0,nan,nan,nan,nan,nan,
bi13.5,13.5,below the Turing sliver,seed144,1,i,100,7,uniform,nan,nan,nan,0.0,nan,nan,nan,nan,0.0,2.0,1.0,7.0,nan,nan,nan,nan,nan,
bi13.5,13.5,below the Turing sliver,seed144,1,i,200,7,uniform,nan,nan,nan,0.0,nan,nan,nan,nan,0.0,2.0,1.0,7.0,nan,nan,nan,nan,nan,
bi13.5,13.5,below the Turing sliver,seed144,1,i,400,7,uniform,nan,nan,nan,0.0,nan,nan,nan,nan,0.0,2.0,1.0,7.0,nan,nan,nan,nan,nan,
bi13.5,13.5,below the Turing sliver,seed144,1,i,600,7,uniform,nan,nan,nan,0.0,nan,nan,nan,nan,0.0,2.0,1.0,7.0,nan,nan,nan,nan,nan,
bi13.5,13.5,below the Turing sliver,seed144,2,a,50,103,uniform,9.778996649292628,nan,nan,0.0,nan,nan,nan,nan,0.0,661.0,1.0,103.0,0.81996356819044,nan,nan,nan,nan,
bi13.5,13.5,below the Turing sliver,seed144,2,a,100,103,uniform,9.835,nan,nan,0.0,nan,nan,nan,nan,0.0,655.0,1.0,103.0,0.889865098745739,nan,nan,nan,nan,
bi13.5,13.5,below the Turing sliver,seed144,2,a,200,103,uniform,9.83684317718941,nan,nan,0.0,nan,nan,nan,nan,0.0,653.0,1.0,103.0,0.8653354873064746,nan,nan,nan,nan,
bi13.5,13.5,below the Turing sliver,seed144,2,a,400,103,uniform,9.887718204488777,nan,nan,0.0,nan,nan,nan,nan,0.0,653.0,1.0,103.0,0.6698166070941098,nan,nan,nan,nan,
bi13.5,13.5,below the Turing sliver,seed144,2,a,600,103,uniform,9.73875,nan,nan,0.0,nan,nan,nan,nan,0.0,653.0,1.0,103.0,0.7937901140259271,nan,nan,nan,nan,
bi13.5,13.5,below the Turing sliver,seed144,2,i,50,9,uniform,nan,nan,nan,0.0,nan,nan,nan,nan,0.0,4.0,1.0,9.0,nan,nan,nan,nan,nan,
bi13.5,13.5,below the Turing sliver,seed144,2,i,100,9,uniform,nan,nan,nan,0.0,nan,nan,nan,nan,0.0,5.0,1.0,9.0,nan,nan,nan,nan,nan,
bi13.5,13.5,below the Turing sliver,seed144,2,i,200,9,uniform,nan,nan,nan,0.0,nan,nan,nan,nan,0.0,5.0,1.0,9.0,nan,nan,nan,nan,nan,
bi13.5,13.5,below the Turing sliver,seed144,2,i,400,9,uniform,nan,nan,nan,0.0,nan,nan,nan,nan,0.0,5.0,1.0,9.0,nan,nan,nan,nan,nan,
bi13.5,13.5,below the Turing sliver,seed144,2,i,600,9,uniform,nan,nan,nan,0.0,nan,nan,nan,nan,0.0,5.0,1.0,9.0,nan,nan,nan,nan,nan,
bi13.5,13.5,below the Turing sliver,seed144,3,a,50,93,uniform,10.864765742128936,nan,nan,0.0,nan,nan,nan,nan,0.0,471.0,1.0,93.0,0.5445697102136059,nan,nan,nan,nan,
bi13.5,13.5,below the Turing sliver,seed144,3,a,100,93,uniform,9.66875,nan,nan,0.0,nan,nan,nan,nan,0.0,464.0,1.0,93.0,0.7996813897211131,nan,nan,nan,nan,
bi13.5,13.5,below the Turing sliver,seed144,3,a,200,93,uniform,9.69125,nan,nan,0.0,nan,nan,nan,nan,0.0,469.0,1.0,93.0,0.9003525170672523,nan,nan,nan,nan,
bi13.5,13.5,below the Turing sliver,seed144,3,a,400,93,uniform,9.7425,nan,nan,0.0,nan,nan,nan,nan,0.0,470.0,1.0,93.0,0.8439847565443587,nan,nan,nan,nan,
bi13.5,13.5,below the Turing sliver,seed144,3,a,600,93,uniform,9.705,nan,nan,0.0,nan,nan,nan,nan,0.0,470.0,1.0,93.0,0.8335247955420086,nan,nan,nan,nan,
bi13.5,13.5,below the Turing sliver,seed144,3,i,50,6,uniform,nan,nan,nan,0.0,nan,nan,nan,nan,0.0,0.0,1.0,6.0,nan,nan,nan,nan,nan,
bi13.5,13.5,below the Turing sliver,seed144,3,i,100,9,uniform,nan,nan,nan,0.0,nan,nan,nan,nan,0.0,1.0,1.0,9.0,nan,nan,nan,nan,nan,
bi13.5,13.5,below the Turing sliver,seed144,3,i,200,20,uniform,nan,nan,nan,0.0,nan,nan,nan,nan,0.0,13.0,1.0,20.0,nan,nan,nan,nan,nan,
bi13.5,13.5,below the Turing sliver,seed144,3,i,400,19,uniform,nan,nan,nan,0.0,nan,nan,nan,nan,0.0,11.0,1.0,19.0,nan,nan,nan,nan,nan,
bi13.5,13.5,below the Turing sliver,seed144,3,i,600,14,uniform,nan,nan,nan,0.0,nan,nan,nan,nan,0.0,6.0,1.0,14.0,nan,nan,nan,nan,nan,
bi13.5,13.5,below the Turing sliver,seed1,0,a,50,1,uniform,nan,nan,nan,0.0,nan,nan,nan,nan,0.0,0.0,1.0,1.0,nan,nan,nan,nan,nan,
bi13.5,13.5,below the Turing sliver,seed1,0,a,100,1,uniform,nan,nan,nan,0.0,nan,nan,nan,nan,0.0,0.0,1.0,1.0,nan,nan,nan,nan,nan,
bi13.5,13.5,below the Turing sliver,seed1,0,a,200,1,uniform,nan,nan,nan,0.0,nan,nan,nan,nan,0.0,0.0,1.0,1.0,nan,nan,nan,nan,nan,
bi13.5,13.5,below the Turing sliver,seed1,0,a,400,1,uniform,nan,nan,nan,0.0,nan,nan,nan,nan,0.0,0.0,1.0,1.0,nan,nan,nan,nan,nan,
bi13.5,13.5,below the Turing sliver,seed1,0,a,600,1,uniform,nan,nan,nan,0.0,nan,nan,nan,nan,0.0,0.0,1.0,1.0,nan,nan,nan,nan,nan,
bi13.5,13.5,below the Turing sliver,seed1,0,i,50,1,uniform,nan,nan,nan,0.0,nan,nan,nan,nan,0.0,0.0,1.0,1.0,nan,nan,nan,nan,nan,
bi13.5,13.5,below the Turing sliver,seed1,0,i,100,1,uniform,nan,nan,nan,0.0,nan,nan,nan,nan,0.0,0.0,1.0,1.0,nan,nan,nan,nan,nan,
bi13.5,13.5,below the Turing sliver,seed1,0,i,200,1,uniform,nan,nan,nan,0.0,nan,nan,nan,nan,0.0,0.0,1.0,1.0,nan,nan,nan,nan,nan,
bi13.5,13.5,below the Turing sliver,seed1,0,i,400,1,uniform,nan,nan,nan,0.0,nan,nan,nan,nan,0.0,0.0,1.0,1.0,nan,nan,nan,nan,nan,
bi13.5,13.5,below the Turing sliver,seed1,0,i,600,1,uniform,nan,nan,nan,0.0,nan,nan,nan,nan,0.0,0.0,1.0,1.0,nan,nan,nan,nan,nan,
bi13.5,13.5,below the Turing sliver,seed36,1,a,50,33,uniform,nan,nan,nan,0.0,nan,nan,nan,nan,0.0,61.0,1.0,33.0,nan,nan,nan,nan,nan,
bi13.5,13.5,below the Turing sliver,seed36,1,a,100,33,uniform,nan,nan,nan,0.0,nan,nan,nan,nan,0.0,60.0,1.0,33.0,nan,nan,nan,nan,nan,
bi13.5,13.5,below the Turing sliver,seed36,1,a,200,33,uniform,nan,nan,nan,0.0,nan,nan,nan,nan,0.0,58.0,1.0,33.0,nan,nan,nan,nan,nan,
bi13.5,13.5,below the Turing sliver,seed36,1,a,400,33,uniform,nan,nan,nan,0.0,nan,nan,nan,nan,0.0,57.0,1.0,33.0,nan,nan,nan,nan,nan,
bi13.5,13.5,below the Turing sliver,seed36,1,a,600,33,uniform,nan,nan,nan,0.0,nan,nan,nan,nan,0.0,57.0,1.0,33.0,nan,nan,nan,nan,nan,
bi13.5,13.5,below the Turing sliver,seed36,1,i,50,15,uniform,nan,nan,nan,0.0,nan,nan,nan,nan,0.0,11.0,1.0,15.0,nan,nan,nan,nan,nan,
bi13.5,13.5,below the Turing sliver,seed36,1,i,100,16,uniform,nan,nan,nan,0.0,nan,nan,nan,nan,0.0,11.0,1.0,16.0,nan,nan,nan,nan,nan,
bi13.5,13.5,below the Turing sliver,seed36,1,i,200,24,uniform,nan,nan,nan,0.0,nan,nan,nan,nan,0.0,28.0,1.0,24.0,nan,nan,nan,nan,nan,
bi13.5,13.5,below the Turing sliver,seed36,1,i,400,24,uniform,nan,nan,nan,0.0,nan,nan,nan,nan,0.0,27.0,1.0,24.0,nan,nan,nan,nan,nan,
bi13.5,13.5,below the Turing sliver,seed36,1,i,600,23,uniform,nan,nan,nan,0.0,nan,nan,nan,nan,0.0,24.0,1.0,23.0,nan,nan,nan,nan,nan,
bi13.5,13.5,below the Turing sliver,seed36,2,a,50,33,uniform,nan,nan,nan,0.0,nan,nan,nan,nan,0.0,60.0,1.0,33.0,nan,nan,nan,nan,nan,
bi13.5,13.5,below the Turing sliver,seed36,2,a,100,33,uniform,nan,nan,nan,0.0,nan,nan,nan,nan,0.0,61.0,1.0,33.0,nan,nan,nan,nan,nan,
bi13.5,13.5,below the Turing sliver,seed36,2,a,200,33,uniform,nan,nan,nan,0.0,nan,nan,nan,nan,0.0,61.0,1.0,33.0,nan,nan,nan,nan,nan,
bi13.5,13.5,below the Turing sliver,seed36,2,a,400,33,uniform,nan,nan,nan,0.0,nan,nan,nan,nan,0.0,58.0,1.0,33.0,nan,nan,nan,nan,nan,
bi13.5,13.5,below the Turing sliver,seed36,2,a,600,33,uniform,nan,nan,nan,0.0,nan,nan,nan,nan,0.0,58.0,1.0,33.0,nan,nan,nan,nan,nan,
bi13.5,13.5,below the Turing sliver,seed36,2,i,50,15,uniform,nan,nan,nan,0.0,nan,nan,nan,nan,0.0,6.0,1.0,15.0,nan,nan,nan,nan,nan,
bi13.5,13.5,below the Turing sliver,seed36,2,i,100,17,uniform,nan,nan,nan,0.0,nan,nan,nan,nan,0.0,7.0,1.0,17.0,nan,nan,nan,nan,nan,
bi13.5,13.5,below the Turing sliver,seed36,2,i,200,26,uniform,nan,nan,nan,0.0,nan,nan,nan,nan,0.0,30.0,1.0,26.0,nan,nan,nan,nan,nan,
bi13.5,13.5,below the Turing sliver,seed36,2,i,400,27,uniform,nan,nan,nan,0.0,nan,nan,nan,nan,0.0,32.0,1.0,27.0,nan,nan,nan,nan,nan,
bi13.5,13.5,below the Turing sliver,seed36,2,i,600,25,uniform,nan,nan,nan,0.0,nan,nan,nan,nan,0.0,22.0,1.0,25.0,nan,nan,nan,nan,nan,
bi13.5,13.5,below the Turing sliver,seed36,3,a,50,32,uniform,nan,nan,nan,0.0,nan,nan,nan,nan,0.0,55.0,1.0,32.0,nan,nan,nan,nan,nan,
bi13.5,13.5,below the Turing sliver,seed36,3,a,100,32,uniform,nan,nan,nan,0.0,nan,nan,nan,nan,0.0,57.0,1.0,32.0,nan,nan,nan,nan,nan,
bi13.5,13.5,below the Turing sliver,seed36,3,a,200,32,uniform,nan,nan,nan,0.0,nan,nan,nan,nan,0.0,56.0,1.0,32.0,nan,nan,nan,nan,nan,
bi13.5,13.5,below the Turing sliver,seed36,3,a,400,32,uniform,nan,nan,nan,0.0,nan,nan,nan,nan,0.0,57.0,1.0,32.0,nan,nan,nan,nan,nan,
bi13.5,13.5,below the Turing sliver,seed36,3,a,600,32,uniform,nan,nan,nan,0.0,nan,nan,nan,nan,0.0,56.0,1.0,32.0,nan,nan,nan,nan,nan,
bi13.5,13.5,below the Turing sliver,seed36,3,i,50,21,uniform,nan,nan,nan,0.0,nan,nan,nan,nan,0.0,17.0,1.0,21.0,nan,nan,nan,nan,nan,
bi13.5,13.5,below the Turing sliver,seed36,3,i,100,22,uniform,nan,nan,nan,0.0,nan,nan,nan,nan,0.0,21.0,1.0,22.0,nan,nan,nan,nan,nan,
bi13.5,13.5,below the Turing sliver,seed36,3,i,200,26,uniform,nan,nan,nan,0.0,nan,nan,nan,nan,0.0,36.0,1.0,26.0,nan,nan,nan,nan,nan,
bi13.5,13.5,below the Turing sliver,seed36,3,i,400,26,uniform,nan,nan,nan,0.0,nan,nan,nan,nan,0.0,36.0,1.0,26.0,nan,nan,nan,nan,nan,
bi13.5,13.5,below the Turing sliver,seed36,3,i,600,25,uniform,nan,nan,nan,0.0,nan,nan,nan,nan,0.0,32.0,1.0,25.0,nan,nan,nan,nan,nan,
bi13.5,13.5,below the Turing sliver,seed9,1,a,50,9,uniform,nan,nan,nan,0.0,nan,nan,nan,nan,0.0,4.0,1.0,9.0,nan,nan,nan,nan,nan,
bi13.5,13.5,below the Turing sliver,seed9,1,a,100,9,uniform,nan,nan,nan,0.0,nan,nan,nan,nan,0.0,4.0,1.0,9.0,nan,nan,nan,nan,nan,
bi13.5,13.5,below the Turing sliver,seed9,1,a,200,9,uniform,nan,nan,nan,0.0,nan,nan,nan,nan,0.0,4.0,1.0,9.0,nan,nan,nan,nan,nan,
bi13.5,13.5,below the Turing sliver,seed9,1,a,400,9,uniform,nan,nan,nan,0.0,nan,nan,nan,nan,0.0,2.0,1.0,9.0,nan,nan,nan,nan,nan,
bi13.5,13.5,below the Turing sliver,seed9,1,a,600,9,uniform,nan,nan,nan,0.0,nan,nan,nan,nan,0.0,2.0,1.0,9.0,nan,nan,nan,nan,nan,
bi13.5,13.5,below the Turing sliver,seed9,1,i,50,7,uniform,nan,nan,nan,0.0,nan,nan,nan,nan,0.0,2.0,1.0,7.0,nan,nan,nan,nan,nan,
bi13.5,13.5,below the Turing sliver,seed9,1,i,100,7,uniform,nan,nan,nan,0.0,nan,nan,nan,nan,0.0,2.0,1.0,7.0,nan,nan,nan,nan,nan,
bi13.5,13.5,below the Turing sliver,seed9,1,i,200,9,uniform,nan,nan,nan,0.0,nan,nan,nan,nan,0.0,4.0,1.0,9.0,nan,nan,nan,nan,nan,
bi13.5,13.5,below the Turing sliver,seed9,1,i,400,9,uniform,nan,nan,nan,0.0,nan,nan,nan,nan,0.0,3.0,1.0,9.0,nan,nan,nan,nan,nan,
bi13.5,13.5,below the Turing sliver,seed9,1,i,600,9,uniform,nan,nan,nan,0.0,nan,nan,nan,nan,0.0,2.0,1.0,9.0,nan,nan,nan,nan,nan,
bi13.5,13.5,below the Turing sliver,seed9,2,a,50,9,uniform,nan,nan,nan,0.0,nan,nan,nan,nan,0.0,3.0,1.0,9.0,nan,nan,nan,nan,nan,
bi13.5,13.5,below the Turing sliver,seed9,2,a,100,9,uniform,nan,nan,nan,0.0,nan,nan,nan,nan,0.0,4.0,1.0,9.0,nan,nan,nan,nan,nan,
bi13.5,13.5,below the Turing sliver,seed9,2,a,200,9,uniform,nan,nan,nan,0.0,nan,nan,nan,nan,0.0,4.0,1.0,9.0,nan,nan,nan,nan,nan,
bi13.5,13.5,below the Turing sliver,seed9,2,a,400,9,uniform,nan,nan,nan,0.0,nan,nan,nan,nan,0.0,2.0,1.0,9.0,nan,nan,nan,nan,nan,
bi13.5,13.5,below the Turing sliver,seed9,2,a,600,9,uniform,nan,nan,nan,0.0,nan,nan,nan,nan,0.0,1.0,1.0,9.0,nan,nan,nan,nan,nan,
bi13.5,13.5,below the Turing sliver,seed9,2,i,50,8,uniform,nan,nan,nan,0.0,nan,nan,nan,nan,0.0,2.0,1.0,8.0,nan,nan,nan,nan,nan,
bi13.5,13.5,below the Turing sliver,seed9,2,i,100,8,uniform,nan,nan,nan,0.0,nan,nan,nan,nan,0.0,3.0,1.0,8.0,nan,nan,nan,nan,nan,
bi13.5,13.5,below the Turing sliver,seed9,2,i,200,9,uniform,nan,nan,nan,0.0,nan,nan,nan,nan,0.0,4.0,1.0,9.0,nan,nan,nan,nan,nan,
bi13.5,13.5,below the Turing sliver,seed9,2,i,400,9,uniform,nan,nan,nan,0.0,nan,nan,nan,nan,0.0,3.0,1.0,9.0,nan,nan,nan,nan,nan,
bi13.5,13.5,below the Turing sliver,seed9,2,i,600,9,uniform,nan,nan,nan,0.0,nan,nan,nan,nan,0.0,1.0,1.0,9.0,nan,nan,nan,nan,nan,
bi13.5,13.5,below the Turing sliver,seed9,3,a,50,9,uniform,nan,nan,nan,0.0,nan,nan,nan,nan,0.0,3.0,1.0,9.0,nan,nan,nan,nan,nan,
bi13.5,13.5,below the Turing sliver,seed9,3,a,100,9,uniform,nan,nan,nan,0.0,nan,nan,nan,nan,0.0,3.0,1.0,9.0,nan,nan,nan,nan,nan,
bi13.5,13.5,below the Turing sliver,seed9,3,a,200,9,uniform,nan,nan,nan,0.0,nan,nan,nan,nan,0.0,3.0,1.0,9.0,nan,nan,nan,nan,nan,
bi13.5,13.5,below the Turing sliver,seed9,3,a,400,9,uniform,nan,nan,nan,0.0,nan,nan,nan,nan,0.0,4.0,1.0,9.0,nan,nan,nan,nan,nan,
bi13.5,13.5,below the Turing sliver,seed9,3,a,600,9,uniform,nan,nan,nan,0.0,nan,nan,nan,nan,0.0,3.0,1.0,9.0,nan,nan,nan,nan,nan,
bi13.5,13.5,below the Turing sliver,seed9,3,i,50,9,uniform,nan,nan,nan,0.0,nan,nan,nan,nan,0.0,2.0,1.0,9.0,nan,nan,nan,nan,nan,
bi13.5,13.5,below the Turing sliver,seed9,3,i,100,9,uniform,nan,nan,nan,0.0,nan,nan,nan,nan,0.0,3.0,1.0,9.0,nan,nan,nan,nan,nan,
bi13.5,13.5,below the Turing sliver,seed9,3,i,200,9,uniform,nan,nan,nan,0.0,nan,nan,nan,nan,0.0,2.0,1.0,9.0,nan,nan,nan,nan,nan,
bi13.5,13.5,below the Turing sliver,seed9,3,i,400,9,uniform,nan,nan,nan,0.0,nan,nan,nan,nan,0.0,4.0,1.0,9.0,nan,nan,nan,nan,nan,
bi13.5,13.5,below the Turing sliver,seed9,3,i,600,9,uniform,nan,nan,nan,0.0,nan,nan,nan,nan,0.0,3.0,1.0,9.0,nan,nan,nan,nan,nan,
bi14.1,14.1,inside the Turing sliver,nucl,1,a,50,176,uniform,9.058305953893628,nan,nan,0.0,nan,nan,nan,nan,0.0,1748.0,1.0,176.0,0.5220141533548601,0.9956349174717051,2.6593984282164267,0.17401628559460622,0.14586591875530458,
bi14.1,14.1,inside the Turing sliver,nucl,1,a,100,160,uniform,9.848363453815262,nan,nan,0.0,nan,nan,nan,nan,0.0,1418.0,1.0,160.0,0.43255897149803946,1.0479142303360631,3.2428487557902015,0.19229093146489623,0.10712294002165804,
bi14.1,14.1,inside the Turing sliver,nucl,1,a,200,144,uniform,11.759545051698671,15.25,2.3556231003039514,31.0,nan,nan,nan,nan,0.0,1135.0,1.0,144.0,0.30310238719501637,0.7424583261430777,4.377285838174734,0.333346577650555,0.11511648628746102,
bi14.1,14.1,inside the Turing sliver,nucl,1,a,400,138,uniform,12.38648987463838,17.75,2.1231422505307855,30.0,nan,nan,nan,nan,0.0,1031.0,1.0,138.0,0.3036765075630553,1.1366985309840396,2.126076073371769,0.2748957637732276,0.11096077711555832,
bi14.1,14.1,inside the Turing sliver,nucl,1,a,600,134,uniform,13.099114695340502,15.75,2.3963133640553,26.0,nan,nan,nan,nan,0.0,974.0,1.0,134.0,0.35311227338722795,1.3835987405861339,1.7558396552761784,0.32903379863046955,0.1285389832271251,
bi14.1,14.1,inside the Turing sliver,nucl,1,i,50,1,uniform,nan,nan,nan,0.0,nan,nan,nan,nan,0.0,0.0,1.0,1.0,nan,nan,nan,nan,nan,
bi14.1,14.1,inside the Turing sliver,nucl,1,i,100,1,uniform,nan,nan,nan,0.0,nan,nan,nan,nan,0.0,0.0,1.0,1.0,nan,nan,nan,nan,nan,
bi14.1,14.1,inside the Turing sliver,nucl,1,i,200,1,uniform,nan,nan,nan,0.0,nan,nan,nan,nan,0.0,0.0,1.0,1.0,nan,nan,nan,nan,nan,
bi14.1,14.1,inside the Turing sliver,nucl,1,i,400,1,uniform,nan,nan,nan,0.0,nan,nan,nan,nan,0.0,0.0,1.0,1.0,nan,nan,nan,nan,nan,
bi14.1,14.1,inside the Turing sliver,nucl,1,i,600,1,uniform,nan,nan,nan,0.0,nan,nan,nan,nan,0.0,0.0,1.0,1.0,nan,nan,nan,nan,nan,
bi14.1,14.1,inside the Turing sliver,nucl,2,a,50,170,uniform,9.74647618216716,12.25,1.8579960185799602,28.0,nan,nan,nan,nan,0.0,1617.0,1.0,170.0,0.5196931050041821,1.4445534582969062,2.951270912674741,0.23744000060619833,0.09718770811817116,
bi14.1,14.1,inside the Turing sliver,nucl,2,a,100,155,uniform,10.274546123650637,nan,nan,0.0,nan,nan,nan,nan,0.0,1324.0,1.0,155.0,0.27763952879789955,1.170620023606901,3.3363884499969956,0.18914487965365162,0.10388621584846598,
bi14.1,14.1,inside the Turing sliver,nucl,2,a,200,148,uniform,12.054060734463278,15.25,2.062588904694168,29.0,nan,nan,nan,nan,0.0,1190.0,1.0,148.0,0.7356061526111423,0.813891553513734,3.0021648366798956,0.29640459832339194,0.11106543603550117,
bi14.1,14.1,inside the Turing sliver,nucl,2,a,400,140,uniform,12.232071339173967,15.75,2.823920265780731,34.0,nan,nan,nan,nan,0.0,1066.0,1.0,140.0,0.4050056013092573,0.5289287877240855,2.334120784087821,0.3823558738031066,0.14210034003715624,
bi14.1,14.1,inside the Turing sliver,nucl,2,a,600,136,uniform,12.898615506329113,16.75,2.7755102040816326,34.0,nan,nan,nan,nan,0.0,995.0,1.0,136.0,0.43025226435274666,0.5204805471869242,2.126942298791282,0.35394885099285367,0.13031344362407982,
bi14.1,14.1,inside the Turing sliver,nucl,2,i,50,1,uniform,nan,nan,nan,0.0,nan,nan,nan,nan,0.0,0.0,1.0,1.0,nan,nan,nan,nan,nan,
bi14.1,14.1,inside the Turing sliver,nucl,2,i,100,1,uniform,nan,nan,nan,0.0,nan,nan,nan,nan,0.0,0.0,1.0,1.0,nan,nan,nan,nan,nan,
bi14.1,14.1,inside the Turing sliver,nucl,2,i,200,1,uniform,nan,nan,nan,0.0,nan,nan,nan,nan,0.0,0.0,1.0,1.0,nan,nan,nan,nan,nan,
bi14.1,14.1,inside the Turing sliver,nucl,2,i,400,1,uniform,nan,nan,nan,0.0,nan,nan,nan,nan,0.0,0.0,1.0,1.0,nan,nan,nan,nan,nan,
bi14.1,14.1,inside the Turing sliver,nucl,2,i,600,1,uniform,nan,nan,nan,0.0,nan,nan,nan,nan,0.0,0.0,1.0,1.0,nan,nan,nan,nan,nan,
bi14.1,14.1,inside the Turing sliver,nucl,3,a,50,187,uniform,9.777345254470426,nan,nan,0.0,nan,nan,nan,nan,0.0,1930.0,1.0,187.0,0.4777925735675097,1.3744866452105624,4.316293026142727,0.15568313280918528,0.07601717137836292,
bi14.1,14.1,inside the Turing sliver,nucl,3,a,100,170,uniform,10.354722598105548,15.25,1.9036954087346025,34.0,nan,nan,nan,nan,0.0,1579.0,1.0,170.0,0.37403611415736426,0.9458928853341109,3.921367352541744,0.22254596922648054,0.07961144006422463,
bi14.1,14.1,inside the Turing sliver,nucl,3,a,200,155,uniform,11.240391156462586,14.75,2.1572720946416144,31.0,nan,nan,nan,nan,0.0,1308.0,1.0,155.0,0.2864671544267007,0.523903617090014,4.392823693252439,0.26878509762926767,0.09774060253177048,
bi14.1,14.1,inside the Turing sliver,nucl,3,a,400,146,uniform,12.43515324121711,15.25,2.615844544095665,35.0,nan,nan,nan,nan,0.0,1164.0,1.0,146.0,0.38922025213219436,1.176212140729724,3.0137299764555747,0.34791846712973595,0.12265842356589615,
bi14.1,14.1,inside the Turing sliver,nucl,3,a,600,143,uniform,12.918074745186862,16.75,2.448355011476664,32.0,nan,nan,nan,nan,0.0,1117.0,1.0,143.0,0.405692454169997,0.7586830695356264,2.4264283691453024,0.32629584436002024,0.16532358177092568,
bi14.1,14.1,inside the Turing sliver,nucl,3,i,50,1,uniform,nan,nan,nan,0.0,nan,nan,nan,nan,0.0,0.0,1.0,1.0,nan,nan,nan,nan,nan,
bi14.1,14.1,inside the Turing sliver,nucl,3,i,100,1,uniform,nan,nan,nan,0.0,nan,nan,nan,nan,0.0,0.0,1.0,1.0,nan,nan,nan,nan,nan,
bi14.1,14.1,inside the Turing sliver,nucl,3,i,200,1,uniform,nan,nan,nan,0.0,nan,nan,nan,nan,0.0,0.0,1.0,1.0,nan,nan,nan,nan,nan,
bi14.1,14.1,inside the Turing sliver,nucl,3,i,400,1,uniform,nan,nan,nan,0.0,nan,nan,nan,nan,0.0,0.0,1.0,1.0,nan,nan,nan,nan,nan,
bi14.1,14.1,inside the Turing sliver,nucl,3,i,600,1,uniform,nan,nan,nan,0.0,nan,nan,nan,nan,0.0,0.0,1.0,1.0,nan,nan,nan,nan,nan,
bi14.1,14.1,inside the Turing sliver,random,1,a,50,32,uniform,nan,nan,nan,0.0,nan,nan,nan,nan,0.0,41.0,1.0,32.0,nan,nan,nan,nan,nan,
bi14.1,14.1,inside the Turing sliver,random,1,a,100,31,uniform,nan,nan,nan,0.0,nan,nan,nan,nan,0.0,38.0,1.0,31.0,nan,nan,nan,nan,nan,
bi14.1,14.1,inside the Turing sliver,random,1,a,200,31,uniform,nan,nan,nan,0.0,nan,nan,nan,nan,0.0,38.0,1.0,31.0,nan,nan,nan,nan,nan,
bi14.1,14.1,inside the Turing sliver,random,1,a,400,31,uniform,nan,nan,nan,0.0,nan,nan,nan,nan,0.0,38.0,1.0,31.0,nan,nan,nan,nan,nan,
bi14.1,14.1,inside the Turing sliver,random,1,a,600,30,uniform,nan,nan,nan,0.0,nan,nan,nan,nan,0.0,32.0,1.0,30.0,nan,nan,nan,nan,nan,
bi14.1,14.1,inside the Turing sliver,random,1,i,50,1,uniform,nan,nan,nan,0.0,nan,nan,nan,nan,0.0,0.0,1.0,1.0,nan,nan,nan,nan,nan,
bi14.1,14.1,inside the Turing sliver,random,1,i,100,2,uniform,nan,nan,nan,0.0,nan,nan,nan,nan,0.0,0.0,1.0,2.0,nan,nan,nan,nan,nan,
bi14.1,14.1,inside the Turing sliver,random,1,i,200,1,uniform,nan,nan,nan,0.0,nan,nan,nan,nan,0.0,0.0,1.0,1.0,nan,nan,nan,nan,nan,
bi14.1,14.1,inside the Turing sliver,random,1,i,400,1,uniform,nan,nan,nan,0.0,nan,nan,nan,nan,0.0,0.0,1.0,1.0,nan,nan,nan,nan,nan,
bi14.1,14.1,inside the Turing sliver,random,1,i,600,1,uniform,nan,nan,nan,0.0,nan,nan,nan,nan,0.0,0.0,1.0,1.0,nan,nan,nan,nan,nan,
bi14.1,14.1,inside the Turing sliver,random,2,a,50,44,uniform,nan,nan,nan,0.0,nan,nan,nan,nan,0.0,92.0,1.0,44.0,nan,nan,nan,nan,nan,
bi14.1,14.1,inside the Turing sliver,random,2,a,100,43,uniform,nan,nan,nan,0.0,nan,nan,nan,nan,0.0,90.0,1.0,43.0,nan,nan,nan,nan,nan,
bi14.1,14.1,inside the Turing sliver,random,2,a,200,43,uniform,nan,nan,nan,0.0,nan,nan,nan,nan,0.0,90.0,1.0,43.0,nan,nan,nan,nan,nan,
bi14.1,14.1,inside the Turing sliver,random,2,a,400,42,uniform,nan,nan,nan,0.0,nan,nan,nan,nan,0.0,84.0,1.0,42.0,nan,nan,nan,nan,nan,
bi14.1,14.1,inside the Turing sliver,random,2,a,600,42,uniform,nan,nan,nan,0.0,nan,nan,nan,nan,0.0,84.0,1.0,42.0,nan,nan,nan,nan,nan,
bi14.1,14.1,inside the Turing sliver,random,2,i,50,1,uniform,nan,nan,nan,0.0,nan,nan,nan,nan,0.0,0.0,1.0,1.0,nan,nan,nan,nan,nan,
bi14.1,14.1,inside the Turing sliver,random,2,i,100,1,uniform,nan,nan,nan,0.0,nan,nan,nan,nan,0.0,0.0,1.0,1.0,nan,nan,nan,nan,nan,
bi14.1,14.1,inside the Turing sliver,random,2,i,200,1,uniform,nan,nan,nan,0.0,nan,nan,nan,nan,0.0,0.0,1.0,1.0,nan,nan,nan,nan,nan,
bi14.1,14.1,inside the Turing sliver,random,2,i,400,1,uniform,nan,nan,nan,0.0,nan,nan,nan,nan,0.0,0.0,1.0,1.0,nan,nan,nan,nan,nan,
bi14.1,14.1,inside the Turing sliver,random,2,i,600,1,uniform,nan,nan,nan,0.0,nan,nan,nan,nan,0.0,0.0,1.0,1.0,nan,nan,nan,nan,nan,
bi14.1,14.1,inside the Turing sliver,random,3,a,50,39,uniform,nan,nan,nan,0.0,nan,nan,nan,nan,0.0,69.0,1.0,39.0,nan,nan,nan,nan,nan,
bi14.1,14.1,inside the Turing sliver,random,3,a,100,39,uniform,nan,nan,nan,0.0,nan,nan,nan,nan,0.0,70.0,1.0,39.0,nan,nan,nan,nan,nan,
bi14.1,14.1,inside the Turing sliver,random,3,a,200,38,uniform,nan,nan,nan,0.0,nan,nan,nan,nan,0.0,69.0,1.0,38.0,nan,nan,nan,nan,nan,
bi14.1,14.1,inside the Turing sliver,random,3,a,400,38,uniform,nan,nan,nan,0.0,nan,nan,nan,nan,0.0,69.0,1.0,38.0,nan,nan,nan,nan,nan,
bi14.1,14.1,inside the Turing sliver,random,3,a,600,38,uniform,nan,nan,nan,0.0,nan,nan,nan,nan,0.0,69.0,1.0,38.0,nan,nan,nan,nan,nan,
bi14.1,14.1,inside the Turing sliver,random,3,i,50,1,uniform,nan,nan,nan,0.0,nan,nan,nan,nan,0.0,0.0,1.0,1.0,nan,nan,nan,nan,nan,
bi14.1,14.1,inside the Turing sliver,random,3,i,100,1,uniform,nan,nan,nan,0.0,nan,nan,nan,nan,0.0,0.0,1.0,1.0,nan,nan,nan,nan,nan,
bi14.1,14.1,inside the Turing sliver,random,3,i,200,1,uniform,nan,nan,nan,0.0,nan,nan,nan,nan,0.0,0.0,1.0,1.0,nan,nan,nan,nan,nan,
bi14.1,14.1,inside the Turing sliver,random,3,i,400,1,uniform,nan,nan,nan,0.0,nan,nan,nan,nan,0.0,0.0,1.0,1.0,nan,nan,nan,nan,nan,
bi14.1,14.1,inside the Turing sliver,random,3,i,600,1,uniform,nan,nan,nan,0.0,nan,nan,nan,nan,0.0,0.0,1.0,1.0,nan,nan,nan,nan,nan,
bi14.1,14.1,inside the Turing sliver,seed144,1,a,50,98,uniform,9.2051171875,nan,nan,0.0,nan,nan,nan,nan,0.0,541.0,1.0,98.0,0.5250700686706702,0.0,nan,0.35895300545750364,nan,
bi14.1,14.1,inside the Turing sliver,seed144,1,a,100,96,uniform,10.52277115613826,nan,nan,0.0,nan,nan,nan,nan,0.0,512.0,1.0,96.0,0.8605833230024003,nan,nan,nan,nan,
bi14.1,14.1,inside the Turing sliver,seed144,1,a,200,95,uniform,9.7,nan,nan,0.0,nan,nan,nan,nan,0.0,499.0,1.0,95.0,0.8448650367081192,nan,nan,nan,nan,
bi14.1,14.1,inside the Turing sliver,seed144,1,a,400,95,uniform,9.7075,nan,nan,0.0,nan,nan,nan,nan,0.0,499.0,1.0,95.0,0.8681717728767934,nan,nan,nan,nan,
bi14.1,14.1,inside the Turing sliver,seed144,1,a,600,95,uniform,9.72,nan,nan,0.0,nan,nan,nan,nan,0.0,500.0,1.0,95.0,0.8686860001660387,nan,nan,nan,nan,
bi14.1,14.1,inside the Turing sliver,seed144,1,i,50,6,uniform,nan,nan,nan,0.0,nan,nan,nan,nan,0.0,1.0,1.0,6.0,nan,nan,nan,nan,nan,
bi14.1,14.1,inside the Turing sliver,seed144,1,i,100,7,uniform,nan,nan,nan,0.0,nan,nan,nan,nan,0.0,2.0,1.0,7.0,nan,nan,nan,nan,nan,
bi14.1,14.1,inside the Turing sliver,seed144,1,i,200,7,uniform,nan,nan,nan,0.0,nan,nan,nan,nan,0.0,2.0,1.0,7.0,nan,nan,nan,nan,nan,
bi14.1,14.1,inside the Turing sliver,seed144,1,i,400,7,uniform,nan,nan,nan,0.0,nan,nan,nan,nan,0.0,2.0,1.0,7.0,nan,nan,nan,nan,nan,
bi14.1,14.1,inside the Turing sliver,seed144,1,i,600,7,uniform,nan,nan,nan,0.0,nan,nan,nan,nan,0.0,2.0,1.0,7.0,nan,nan,nan,nan,nan,
bi14.1,14.1,inside the Turing sliver,seed144,2,a,50,106,uniform,9.315625,nan,nan,0.0,nan,nan,nan,nan,0.0,703.0,1.0,106.0,0.671125319691864,nan,nan,nan,nan,
bi14.1,14.1,inside the Turing sliver,seed144,2,a,100,106,uniform,9.409090909090908,nan,nan,0.0,nan,nan,nan,nan,0.0,699.0,1.0,106.0,0.7431927673372236,nan,nan,nan,nan,
bi14.1,14.1,inside the Turing sliver,seed144,2,a,200,106,uniform,9.096666666666668,nan,nan,0.0,nan,nan,nan,nan,0.0,695.0,1.0,106.0,0.47354422389008816,nan,nan,nan,nan,
bi14.1,14.1,inside the Turing sliver,seed144,2,a,400,106,uniform,9.928029772329246,nan,nan,0.0,nan,nan,nan,nan,0.0,694.0,1.0,106.0,0.7592089829922357,nan,nan,nan,nan,
bi14.1,14.1,inside the Turing sliver,seed144,2,a,600,106,uniform,9.925259219668627,nan,nan,0.0,nan,nan,nan,nan,0.0,694.0,1.0,106.0,0.7667358184689006,nan,nan,nan,nan,
bi14.1,14.1,inside the Turing sliver,seed144,2,i,50,10,uniform,nan,nan,nan,0.0,nan,nan,nan,nan,0.0,5.0,1.0,10.0,nan,nan,nan,nan,nan,
bi14.1,14.1,inside the Turing sliver,seed144,2,i,100,10,uniform,nan,nan,nan,0.0,nan,nan,nan,nan,0.0,5.0,1.0,10.0,nan,nan,nan,nan,nan,
bi14.1,14.1,inside the Turing sliver,seed144,2,i,200,11,uniform,nan,nan,nan,0.0,nan,nan,nan,nan,0.0,3.0,1.0,11.0,nan,nan,nan,nan,nan,
bi14.1,14.1,inside the Turing sliver,seed144,2,i,400,10,uniform,nan,nan,nan,0.0,nan,nan,nan,nan,0.0,3.0,1.0,10.0,nan,nan,nan,nan,nan,
bi14.1,14.1,inside the Turing sliver,seed144,2,i,600,10,uniform,nan,nan,nan,0.0,nan,nan,nan,nan,0.0,3.0,1.0,10.0,nan,nan,nan,nan,nan,
bi14.1,14.1,inside the Turing sliver,seed144,3,a,50,97,uniform,10.512090968586387,nan,nan,0.0,nan,nan,nan,nan,0.0,511.0,1.0,97.0,1.3727995764161534,nan,nan,nan,nan,
bi14.1,14.1,inside the Turing sliver,seed144,3,a,100,97,uniform,10.618333333333334,nan,nan,0.0,nan,nan,nan,nan,0.0,513.0,1.0,97.0,1.3707764791529549,nan,nan,nan,nan,
bi14.1,14.1,inside the Turing sliver,seed144,3,a,200,97,uniform,10.792697947214076,nan,nan,0.0,nan,nan,nan,nan,0.0,513.0,1.0,97.0,1.3793362933525941,nan,nan,nan,nan,
bi14.1,14.1,inside the Turing sliver,seed144,3,a,400,97,uniform,10.770645816409424,nan,nan,0.0,nan,nan,nan,nan,0.0,515.0,1.0,97.0,1.438673092777679,nan,nan,nan,nan,
bi14.1,14.1,inside the Turing sliver,seed144,3,a,600,97,uniform,10.77639344262295,nan,nan,0.0,nan,nan,nan,nan,0.0,516.0,1.0,97.0,1.2257488772256817,nan,nan,nan,nan,
bi14.1,14.1,inside the Turing sliver,seed144,3,i,50,8,uniform,nan,nan,nan,0.0,nan,nan,nan,nan,0.0,3.0,1.0,8.0,nan,nan,nan,nan,nan,
bi14.1,14.1,inside the Turing sliver,seed144,3,i,100,10,uniform,nan,nan,nan,0.0,nan,nan,nan,nan,0.0,2.0,1.0,10.0,nan,nan,nan,nan,nan,
bi14.1,14.1,inside the Turing sliver,seed144,3,i,200,20,uniform,nan,nan,nan,0.0,nan,nan,nan,nan,0.0,13.0,1.0,20.0,nan,nan,nan,nan,nan,
bi14.1,14.1,inside the Turing sliver,seed144,3,i,400,23,uniform,nan,nan,nan,0.0,nan,nan,nan,nan,0.0,16.0,1.0,23.0,nan,nan,nan,nan,nan,
bi14.1,14.1,inside the Turing sliver,seed144,3,i,600,21,uniform,nan,nan,nan,0.0,nan,nan,nan,nan,0.0,15.0,1.0,21.0,nan,nan,nan,nan,nan,
bi14.1,14.1,inside the Turing sliver,seed1,0,a,50,1,uniform,nan,nan,nan,0.0,nan,nan,nan,nan,0.0,0.0,1.0,1.0,nan,nan,nan,nan,nan,
bi14.1,14.1,inside the Turing sliver,seed1,0,a,100,1,uniform,nan,nan,nan,0.0,nan,nan,nan,nan,0.0,0.0,1.0,1.0,nan,nan,nan,nan,nan,
bi14.1,14.1,inside the Turing sliver,seed1,0,a,200,1,uniform,nan,nan,nan,0.0,nan,nan,nan,nan,0.0,0.0,1.0,1.0,nan,nan,nan,nan,nan,
bi14.1,14.1,inside the Turing sliver,seed1,0,a,400,1,uniform,nan,nan,nan,0.0,nan,nan,nan,nan,0.0,0.0,1.0,1.0,nan,nan,nan,nan,nan,
bi14.1,14.1,inside the Turing sliver,seed1,0,a,600,1,uniform,nan,nan,nan,0.0,nan,nan,nan,nan,0.0,0.0,1.0,1.0,nan,nan,nan,nan,nan,
bi14.1,14.1,inside the Turing sliver,seed1,0,i,50,1,uniform,nan,nan,nan,0.0,nan,nan,nan,nan,0.0,0.0,1.0,1.0,nan,nan,nan,nan,nan,
bi14.1,14.1,inside the Turing sliver,seed1,0,i,100,1,uniform,nan,nan,nan,0.0,nan,nan,nan,nan,0.0,0.0,1.0,1.0,nan,nan,nan,nan,nan,
bi14.1,14.1,inside the Turing sliver,seed1,0,i,200,1,uniform,nan,nan,nan,0.0,nan,nan,nan,nan,0.0,0.0,1.0,1.0,nan,nan,nan,nan,nan,
bi14.1,14.1,inside the Turing sliver,seed1,0,i,400,1,uniform,nan,nan,nan,0.0,nan,nan,nan,nan,0.0,0.0,1.0,1.0,nan,nan,nan,nan,nan,
bi14.1,14.1,inside the Turing sliver,seed1,0,i,600,1,uniform,nan,nan,nan,0.0,nan,nan,nan,nan,0.0,0.0,1.0,1.0,nan,nan,nan,nan,nan,
bi14.1,14.1,inside the Turing sliver,seed36,1,a,50,33,uniform,nan,nan,nan,0.0,nan,nan,nan,nan,0.0,61.0,1.0,33.0,nan,nan,nan,nan,nan,
bi14.1,14.1,inside the Turing sliver,seed36,1,a,100,33,uniform,nan,nan,nan,0.0,nan,nan,nan,nan,0.0,59.0,1.0,33.0,nan,nan,nan,nan,nan,
bi14.1,14.1,inside the Turing sliver,seed36,1,a,200,33,uniform,nan,nan,nan,0.0,nan,nan,nan,nan,0.0,56.0,1.0,33.0,nan,nan,nan,nan,nan,
bi14.1,14.1,inside the Turing sliver,seed36,1,a,400,33,uniform,nan,nan,nan,0.0,nan,nan,nan,nan,0.0,56.0,1.0,33.0,nan,nan,nan,nan,nan,
bi14.1,14.1,inside the Turing sliver,seed36,1,a,600,33,uniform,nan,nan,nan,0.0,nan,nan,nan,nan,0.0,57.0,1.0,33.0,nan,nan,nan,nan,nan,
bi14.1,14.1,inside the Turing sliver,seed36,1,i,50,16,uniform,nan,nan,nan,0.0,nan,nan,nan,nan,0.0,11.0,1.0,16.0,nan,nan,nan,nan,nan,
bi14.1,14.1,inside the Turing sliver,seed36,1,i,100,17,uniform,nan,nan,nan,0.0,nan,nan,nan,nan,0.0,12.0,1.0,17.0,nan,nan,nan,nan,nan,
bi14.1,14.1,inside the Turing sliver,seed36,1,i,200,22,uniform,nan,nan,nan,0.0,nan,nan,nan,nan,0.0,22.0,1.0,22.0,nan,nan,nan,nan,nan,
bi14.1,14.1,inside the Turing sliver,seed36,1,i,400,27,uniform,nan,nan,nan,0.0,nan,nan,nan,nan,0.0,35.0,1.0,27.0,nan,nan,nan,nan,nan,
bi14.1,14.1,inside the Turing sliver,seed36,1,i,600,27,uniform,nan,nan,nan,0.0,nan,nan,nan,nan,0.0,36.0,1.0,27.0,nan,nan,nan,nan,nan,
bi14.1,14.1,inside the Turing sliver,seed36,2,a,50,33,uniform,nan,nan,nan,0.0,nan,nan,nan,nan,0.0,61.0,1.0,33.0,nan,nan,nan,nan,nan,
bi14.1,14.1,inside the Turing sliver,seed36,2,a,100,33,uniform,nan,nan,nan,0.0,nan,nan,nan,nan,0.0,61.0,1.0,33.0,nan,nan,nan,nan,nan,
bi14.1,14.1,inside the Turing sliver,seed36,2,a,200,33,uniform,nan,nan,nan,0.0,nan,nan,nan,nan,0.0,60.0,1.0,33.0,nan,nan,nan,nan,nan,
bi14.1,14.1,inside the Turing sliver,seed36,2,a,400,33,uniform,nan,nan,nan,0.0,nan,nan,nan,nan,0.0,61.0,1.0,33.0,nan,nan,nan,nan,nan,
bi14.1,14.1,inside the Turing sliver,seed36,2,a,600,33,uniform,nan,nan,nan,0.0,nan,nan,nan,nan,0.0,62.0,1.0,33.0,nan,nan,nan,nan,nan,
bi14.1,14.1,inside the Turing sliver,seed36,2,i,50,16,uniform,nan,nan,nan,0.0,nan,nan,nan,nan,0.0,6.0,1.0,16.0,nan,nan,nan,nan,nan,
bi14.1,14.1,inside the Turing sliver,seed36,2,i,100,20,uniform,nan,nan,nan,0.0,nan,nan,nan,nan,0.0,16.0,1.0,20.0,nan,nan,nan,nan,nan,
bi14.1,14.1,inside the Turing sliver,seed36,2,i,200,25,uniform,nan,nan,nan,0.0,nan,nan,nan,nan,0.0,28.0,1.0,25.0,nan,nan,nan,nan,nan,
bi14.1,14.1,inside the Turing sliver,seed36,2,i,400,24,uniform,nan,nan,nan,0.0,nan,nan,nan,nan,0.0,23.0,1.0,24.0,nan,nan,nan,nan,nan,
bi14.1,14.1,inside the Turing sliver,seed36,2,i,600,22,uniform,nan,nan,nan,0.0,nan,nan,nan,nan,0.0,18.0,1.0,22.0,nan,nan,nan,nan,nan,
bi14.1,14.1,inside the Turing sliver,seed36,3,a,50,33,uniform,nan,nan,nan,0.0,nan,nan,nan,nan,0.0,60.0,1.0,33.0,nan,nan,nan,nan,nan,
bi14.1,14.1,inside the Turing sliver,seed36,3,a,100,33,uniform,nan,nan,nan,0.0,nan,nan,nan,nan,0.0,60.0,1.0,33.0,nan,nan,nan,nan,nan,
bi14.1,14.1,inside the Turing sliver,seed36,3,a,200,33,uniform,nan,nan,nan,0.0,nan,nan,nan,nan,0.0,62.0,1.0,33.0,nan,nan,nan,nan,nan,
bi14.1,14.1,inside the Turing sliver,seed36,3,a,400,33,uniform,nan,nan,nan,0.0,nan,nan,nan,nan,0.0,60.0,1.0,33.0,nan,nan,nan,nan,nan,
bi14.1,14.1,inside the Turing sliver,seed36,3,a,600,33,uniform,nan,nan,nan,0.0,nan,nan,nan,nan,0.0,61.0,1.0,33.0,nan,nan,nan,nan,nan,
bi14.1,14.1,inside the Turing sliver,seed36,3,i,50,22,uniform,nan,nan,nan,0.0,nan,nan,nan,nan,0.0,21.0,1.0,22.0,nan,nan,nan,nan,nan,
bi14.1,14.1,inside the Turing sliver,seed36,3,i,100,22,uniform,nan,nan,nan,0.0,nan,nan,nan,nan,0.0,20.0,1.0,22.0,nan,nan,nan,nan,nan,
bi14.1,14.1,inside the Turing sliver,seed36,3,i,200,27,uniform,nan,nan,nan,0.0,nan,nan,nan,nan,0.0,41.0,1.0,27.0,nan,nan,nan,nan,nan,
bi14.1,14.1,inside the Turing sliver,seed36,3,i,400,28,uniform,nan,nan,nan,0.0,nan,nan,nan,nan,0.0,43.0,1.0,28.0,nan,nan,nan,nan,nan,
bi14.1,14.1,inside the Turing sliver,seed36,3,i,600,27,uniform,nan,nan,nan,0.0,nan,nan,nan,nan,0.0,42.0,1.0,27.0,nan,nan,nan,nan,nan,
bi14.1,14.1,inside the Turing sliver,seed9,1,a,50,9,uniform,nan,nan,nan,0.0,nan,nan,nan,nan,0.0,4.0,1.0,9.0,nan,nan,nan,nan,nan,
bi14.1,14.1,inside the Turing sliver,seed9,1,a,100,9,uniform,nan,nan,nan,0.0,nan,nan,nan,nan,0.0,4.0,1.0,9.0,nan,nan,nan,nan,nan,
bi14.1,14.1,inside the Turing sliver,seed9,1,a,200,9,uniform,nan,nan,nan,0.0,nan,nan,nan,nan,0.0,4.0,1.0,9.0,nan,nan,nan,nan,nan,
bi14.1,14.1,inside the Turing sliver,seed9,1,a,400,9,uniform,nan,nan,nan,0.0,nan,nan,nan,nan,0.0,2.0,1.0,9.0,nan,nan,nan,nan,nan,
bi14.1,14.1,inside the Turing sliver,seed9,1,a,600,9,uniform,nan,nan,nan,0.0,nan,nan,nan,nan,0.0,1.0,1.0,9.0,nan,nan,nan,nan,nan,
bi14.1,14.1,inside the Turing sliver,seed9,1,i,50,7,uniform,nan,nan,nan,0.0,nan,nan,nan,nan,0.0,2.0,1.0,7.0,nan,nan,nan,nan,nan,
bi14.1,14.1,inside the Turing sliver,seed9,1,i,100,7,uniform,nan,nan,nan,0.0,nan,nan,nan,nan,0.0,2.0,1.0,7.0,nan,nan,nan,nan,nan,
bi14.1,14.1,inside the Turing sliver,seed9,1,i,200,9,uniform,nan,nan,nan,0.0,nan,nan,nan,nan,0.0,4.0,1.0,9.0,nan,nan,nan,nan,nan,
bi14.1,14.1,inside the Turing sliver,seed9,1,i,400,9,uniform,nan,nan,nan,0.0,nan,nan,nan,nan,0.0,2.0,1.0,9.0,nan,nan,nan,nan,nan,
bi14.1,14.1,inside the Turing sliver,seed9,1,i,600,9,uniform,nan,nan,nan,0.0,nan,nan,nan,nan,0.0,1.0,1.0,9.0,nan,nan,nan,nan,nan,
bi14.1,14.1,inside the Turing sliver,seed9,2,a,50,9,uniform,nan,nan,nan,0.0,nan,nan,nan,nan,0.0,3.0,1.0,9.0,nan,nan,nan,nan,nan,
bi14.1,14.1,inside the Turing sliver,seed9,2,a,100,9,uniform,nan,nan,nan,0.0,nan,nan,nan,nan,0.0,4.0,1.0,9.0,nan,nan,nan,nan,nan,
bi14.1,14.1,inside the Turing sliver,seed9,2,a,200,9,uniform,nan,nan,nan,0.0,nan,nan,nan,nan,0.0,3.0,1.0,9.0,nan,nan,nan,nan,nan,
bi14.1,14.1,inside the Turing sliver,seed9,2,a,400,9,uniform,nan,nan,nan,0.0,nan,nan,nan,nan,0.0,3.0,1.0,9.0,nan,nan,nan,nan,nan,
bi14.1,14.1,inside the Turing sliver,seed9,2,a,600,9,uniform,nan,nan,nan,0.0,nan,nan,nan,nan,0.0,2.0,1.0,9.0,nan,nan,nan,nan,nan,
bi14.1,14.1,inside the Turing sliver,seed9,2,i,50,8,uniform,nan,nan,nan,0.0,nan,nan,nan,nan,0.0,2.0,1.0,8.0,nan,nan,nan,nan,nan,
bi14.1,14.1,inside the Turing sliver,seed9,2,i,100,8,uniform,nan,nan,nan,0.0,nan,nan,nan,nan,0.0,3.0,1.0,8.0,nan,nan,nan,nan,nan,
bi14.1,14.1,inside the Turing sliver,seed9,2,i,200,9,uniform,nan,nan,nan,0.0,nan,nan,nan,nan,0.0,3.0,1.0,9.0,nan,nan,nan,nan,nan,
bi14.1,14.1,inside the Turing sliver,seed9,2,i,400,9,uniform,nan,nan,nan,0.0,nan,nan,nan,nan,0.0,3.0,1.0,9.0,nan,nan,nan,nan,nan,
bi14.1,14.1,inside the Turing sliver,seed9,2,i,600,9,uniform,nan,nan,nan,0.0,nan,nan,nan,nan,0.0,2.0,1.0,9.0,nan,nan,nan,nan,nan,
bi14.1,14.1,inside the Turing sliver,seed9,3,a,50,9,uniform,nan,nan,nan,0.0,nan,nan,nan,nan,0.0,3.0,1.0,9.0,nan,nan,nan,nan,nan,
bi14.1,14.1,inside the Turing sliver,seed9,3,a,100,9,uniform,nan,nan,nan,0.0,nan,nan,nan,nan,0.0,3.0,1.0,9.0,nan,nan,nan,nan,nan,
bi14.1,14.1,inside the Turing sliver,seed9,3,a,200,9,uniform,nan,nan,nan,0.0,nan,nan,nan,nan,0.0,3.0,1.0,9.0,nan,nan,nan,nan,nan,
bi14.1,14.1,inside the Turing sliver,seed9,3,a,400,9,uniform,nan,nan,nan,0.0,nan,nan,nan,nan,0.0,2.0,1.0,9.0,nan,nan,nan,nan,nan,
bi14.1,14.1,inside the Turing sliver,seed9,3,a,600,9,uniform,nan,nan,nan,0.0,nan,nan,nan,nan,0.0,0.0,1.0,9.0,nan,nan,nan,nan,nan,
bi14.1,14.1,inside the Turing sliver,seed9,3,i,50,9,uniform,nan,nan,nan,0.0,nan,nan,nan,nan,0.0,2.0,1.0,9.0,nan,nan,nan,nan,nan,
bi14.1,14.1,inside the Turing sliver,seed9,3,i,100,9,uniform,nan,nan,nan,0.0,nan,nan,nan,nan,0.0,3.0,1.0,9.0,nan,nan,nan,nan,nan,
bi14.1,14.1,inside the Turing sliver,seed9,3,i,200,9,uniform,nan,nan,nan,0.0,nan,nan,nan,nan,0.0,3.0,1.0,9.0,nan,nan,nan,nan,nan,
bi14.1,14.1,inside the Turing sliver,seed9,3,i,400,9,uniform,nan,nan,nan,0.0,nan,nan,nan,nan,0.0,2.0,1.0,9.0,nan,nan,nan,nan,nan,
bi14.1,14.1,inside the Turing sliver,seed9,3,i,600,9,uniform,nan,nan,nan,0.0,nan,nan,nan,nan,0.0,0.0,1.0,9.0,nan,nan,nan,nan,nan,
bi15,15.0,3B_big,nucl,1,a,50,66,uniform,11.845848056537102,nan,nan,0.0,nan,nan,nan,nan,0.0,219.0,1.0,66.0,0.5873110733101321,nan,nan,nan,nan,
bi15,15.0,3B_big,nucl,1,a,100,66,uniform,12.55875,nan,nan,0.0,nan,nan,nan,nan,0.0,218.0,1.0,66.0,0.5816395344030865,nan,nan,nan,nan,
bi15,15.0,3B_big,nucl,1,a,200,66,uniform,15.325751833740831,nan,nan,0.0,nan,nan,nan,nan,0.0,220.0,1.0,66.0,1.0748795138898477,nan,nan,nan,nan,
bi15,15.0,3B_big,nucl,1,a,400,66,uniform,15.959480198019802,nan,nan,0.0,nan,nan,nan,nan,0.0,213.0,1.0,66.0,1.3651901672662372,nan,nan,nan,nan,
bi15,15.0,3B_big,nucl,1,a,600,66,uniform,15.0925,nan,nan,0.0,nan,nan,nan,nan,0.0,212.0,1.0,66.0,1.213564719561978,nan,nan,nan,nan,
bi15,15.0,3B_big,nucl,1,i,50,30,uniform,nan,nan,nan,0.0,nan,nan,nan,nan,0.0,37.0,1.0,30.0,nan,nan,nan,nan,nan,
bi15,15.0,3B_big,nucl,1,i,100,28,uniform,nan,nan,nan,0.0,nan,nan,nan,nan,0.0,32.0,1.0,28.0,nan,nan,nan,nan,nan,
bi15,15.0,3B_big,nucl,1,i,200,40,uniform,nan,nan,nan,0.0,nan,nan,nan,nan,0.0,74.0,1.0,40.0,nan,nan,nan,nan,nan,
bi15,15.0,3B_big,nucl,1,i,400,51,uniform,17.7425,nan,nan,0.0,nan,nan,nan,nan,0.0,119.0,1.0,51.0,0.6123570325502253,nan,nan,nan,nan,
bi15,15.0,3B_big,nucl,1,i,600,34,uniform,nan,nan,nan,0.0,nan,nan,nan,nan,0.0,53.0,1.0,34.0,nan,nan,nan,nan,nan,
bi15,15.0,3B_big,nucl,2,a,50,62,uniform,11.1775,nan,nan,0.0,nan,nan,nan,nan,0.0,201.0,1.0,62.0,1.3618033731305317,nan,nan,nan,nan,
bi15,15.0,3B_big,nucl,2,a,100,62,uniform,15.772632352941176,nan,nan,0.0,nan,nan,nan,nan,0.0,200.0,1.0,62.0,1.3998856239585964,nan,nan,nan,nan,
bi15,15.0,3B_big,nucl,2,a,200,63,uniform,14.56125,nan,nan,0.0,nan,nan,nan,nan,0.0,193.0,1.0,63.0,1.0654856448168042,nan,nan,nan,nan,
bi15,15.0,3B_big,nucl,2,a,400,63,uniform,16.813636363636363,nan,nan,0.0,nan,nan,nan,nan,0.0,193.0,1.0,63.0,0.677700704855726,nan,nan,nan,nan,
bi15,15.0,3B_big,nucl,2,a,600,63,uniform,16.39792576419214,nan,nan,0.0,nan,nan,nan,nan,0.0,194.0,1.0,63.0,0.4664339518559195,nan,nan,nan,nan,
bi15,15.0,3B_big,nucl,2,i,50,31,uniform,nan,nan,nan,0.0,nan,nan,nan,nan,0.0,39.0,1.0,31.0,nan,nan,nan,nan,nan,
bi15,15.0,3B_big,nucl,2,i,100,36,uniform,nan,nan,nan,0.0,nan,nan,nan,nan,0.0,58.0,1.0,36.0,nan,nan,nan,nan,nan,
bi15,15.0,3B_big,nucl,2,i,200,44,uniform,nan,nan,nan,0.0,nan,nan,nan,nan,0.0,86.0,1.0,44.0,nan,nan,nan,nan,nan,
bi15,15.0,3B_big,nucl,2,i,400,45,uniform,nan,nan,nan,0.0,nan,nan,nan,nan,0.0,99.0,1.0,45.0,nan,nan,nan,nan,nan,
bi15,15.0,3B_big,nucl,2,i,600,49,uniform,19.48375,nan,nan,0.0,nan,nan,nan,nan,0.0,110.0,1.0,49.0,0.3852338537425688,nan,nan,nan,nan,
bi15,15.0,3B_big,nucl,3,a,50,63,uniform,10.955,nan,nan,0.0,nan,nan,nan,nan,0.0,185.0,1.0,63.0,0.606932043004701,nan,nan,nan,nan,
bi15,15.0,3B_big,nucl,3,a,100,62,uniform,13.005,nan,nan,0.0,nan,nan,nan,nan,0.0,182.0,1.0,62.0,1.0085537983066037,nan,nan,nan,nan,
bi15,15.0,3B_big,nucl,3,a,200,62,uniform,15.325574162679425,nan,nan,0.0,nan,nan,nan,nan,0.0,186.0,1.0,62.0,1.3754454636011435,nan,nan,nan,nan,
bi15,15.0,3B_big,nucl,3,a,400,62,uniform,15.955,nan,nan,0.0,nan,nan,nan,nan,0.0,185.0,1.0,62.0,1.2622877670249626,nan,nan,nan,nan,
bi15,15.0,3B_big,nucl,3,a,600,62,uniform,16.406113537117903,nan,nan,0.0,nan,nan,nan,nan,0.0,183.0,1.0,62.0,1.504141215570706,nan,nan,nan,nan,
bi15,15.0,3B_big,nucl,3,i,50,33,uniform,nan,nan,nan,0.0,nan,nan,nan,nan,0.0,43.0,1.0,33.0,nan,nan,nan,nan,nan,
bi15,15.0,3B_big,nucl,3,i,100,36,uniform,nan,nan,nan,0.0,nan,nan,nan,nan,0.0,56.0,1.0,36.0,nan,nan,nan,nan,nan,
bi15,15.0,3B_big,nucl,3,i,200,51,uniform,17.263383838383838,nan,nan,0.0,nan,nan,nan,nan,0.0,119.0,1.0,51.0,0.7024946100084816,nan,nan,nan,nan,
bi15,15.0,3B_big,nucl,3,i,400,38,uniform,nan,nan,nan,0.0,nan,nan,nan,nan,0.0,69.0,1.0,38.0,nan,nan,nan,nan,nan,
bi15,15.0,3B_big,nucl,3,i,600,36,uniform,nan,nan,nan,0.0,nan,nan,nan,nan,0.0,60.0,1.0,36.0,nan,nan,nan,nan,nan,
bi15,15.0,3B_big,random,1,a,50,58,uniform,4.91,nan,nan,0.0,nan,nan,nan,nan,0.0,147.0,1.0,58.0,2.2792765861182738,nan,nan,nan,nan,
bi15,15.0,3B_big,random,1,a,100,57,uniform,4.445,nan,nan,0.0,nan,nan,nan,nan,0.0,141.0,1.0,57.0,2.8104782320296486,nan,nan,nan,nan,
bi15,15.0,3B_big,random,1,a,200,55,uniform,4.905,nan,nan,0.0,nan,nan,nan,nan,0.0,131.0,1.0,55.0,2.6125548045817832,nan,nan,nan,nan,
bi15,15.0,3B_big,random,1,a,400,55,uniform,4.925,nan,nan,0.0,nan,nan,nan,nan,0.0,131.0,1.0,55.0,2.3920944808970277,nan,nan,nan,nan,
bi15,15.0,3B_big,random,1,a,600,55,uniform,4.91,nan,nan,0.0,nan,nan,nan,nan,0.0,131.0,1.0,55.0,2.5344775068949397,nan,nan,nan,nan,
bi15,15.0,3B_big,random,1,i,50,1,uniform,nan,nan,nan,0.0,nan,nan,nan,nan,0.0,0.0,1.0,1.0,nan,nan,nan,nan,nan,
bi15,15.0,3B_big,random,1,i,100,6,uniform,nan,nan,nan,0.0,nan,nan,nan,nan,0.0,1.0,1.0,6.0,nan,nan,nan,nan,nan,
bi15,15.0,3B_big,random,1,i,200,1,uniform,nan,nan,nan,0.0,nan,nan,nan,nan,0.0,0.0,1.0,1.0,nan,nan,nan,nan,nan,
bi15,15.0,3B_big,random,1,i,400,1,uniform,nan,nan,nan,0.0,nan,nan,nan,nan,0.0,0.0,1.0,1.0,nan,nan,nan,nan,nan,
bi15,15.0,3B_big,random,1,i,600,1,uniform,nan,nan,nan,0.0,nan,nan,nan,nan,0.0,0.0,1.0,1.0,nan,nan,nan,nan,nan,
bi15,15.0,3B_big,random,2,a,50,81,uniform,10.58875,nan,nan,0.0,nan,nan,nan,nan,0.0,314.0,1.0,81.0,0.579692025384131,nan,nan,nan,nan,
bi15,15.0,3B_big,random,2,a,100,80,uniform,10.59625,nan,nan,0.0,nan,nan,nan,nan,0.0,310.0,1.0,80.0,0.6149737707520041,nan,nan,nan,nan,
bi15,15.0,3B_big,random,2,a,200,80,uniform,10.496875,nan,nan,0.0,nan,nan,nan,nan,0.0,309.0,1.0,80.0,0.5417451405811428,nan,nan,nan,nan,
bi15,15.0,3B_big,random,2,a,400,80,uniform,10.434782608695652,nan,nan,0.0,nan,nan,nan,nan,0.0,309.0,1.0,80.0,0.5348885851954139,nan,nan,nan,nan,
bi15,15.0,3B_big,random,2,a,600,80,uniform,10.482201646090536,nan,nan,0.0,nan,nan,nan,nan,0.0,309.0,1.0,80.0,0.5367092009613929,nan,nan,nan,nan,
bi15,15.0,3B_big,random,2,i,50,1,uniform,nan,nan,nan,0.0,nan,nan,nan,nan,0.0,0.0,1.0,1.0,nan,nan,nan,nan,nan,
bi15,15.0,3B_big,random,2,i,100,1,uniform,nan,nan,nan,0.0,nan,nan,nan,nan,0.0,0.0,1.0,1.0,nan,nan,nan,nan,nan,
bi15,15.0,3B_big,random,2,i,200,2,uniform,nan,nan,nan,0.0,nan,nan,nan,nan,0.0,0.0,1.0,2.0,nan,nan,nan,nan,nan,
bi15,15.0,3B_big,random,2,i,400,2,uniform,nan,nan,nan,0.0,nan,nan,nan,nan,0.0,0.0,1.0,2.0,nan,nan,nan,nan,nan,
bi15,15.0,3B_big,random,2,i,600,1,uniform,nan,nan,nan,0.0,nan,nan,nan,nan,0.0,0.0,1.0,1.0,nan,nan,nan,nan,nan,
bi15,15.0,3B_big,random,3,a,50,75,uniform,10.5775,nan,nan,0.0,nan,nan,nan,nan,0.0,276.0,1.0,75.0,1.1250261833043538,nan,nan,nan,nan,
bi15,15.0,3B_big,random,3,a,100,74,uniform,12.065,nan,nan,0.0,nan,nan,nan,nan,0.0,269.0,1.0,74.0,1.234660055151043,nan,nan,nan,nan,
bi15,15.0,3B_big,random,3,a,200,73,uniform,12.085,nan,nan,0.0,nan,nan,nan,nan,0.0,261.0,1.0,73.0,1.0234446447644705,nan,nan,nan,nan,
bi15,15.0,3B_big,random,3,a,400,73,uniform,11.971666666666666,nan,nan,0.0,nan,nan,nan,nan,0.0,262.0,1.0,73.0,1.025864050652222,nan,nan,nan,nan,
bi15,15.0,3B_big,random,3,a,600,73,uniform,11.866089108910892,nan,nan,0.0,nan,nan,nan,nan,0.0,262.0,1.0,73.0,1.0458049813609622,nan,nan,nan,nan,
bi15,15.0,3B_big,random,3,i,50,1,uniform,nan,nan,nan,0.0,nan,nan,nan,nan,0.0,0.0,1.0,1.0,nan,nan,nan,nan,nan,
bi15,15.0,3B_big,random,3,i,100,2,uniform,nan,nan,nan,0.0,nan,nan,nan,nan,0.0,0.0,1.0,2.0,nan,nan,nan,nan,nan,
bi15,15.0,3B_big,random,3,i,200,1,uniform,nan,nan,nan,0.0,nan,nan,nan,nan,0.0,0.0,1.0,1.0,nan,nan,nan,nan,nan,
bi15,15.0,3B_big,random,3,i,400,1,uniform,nan,nan,nan,0.0,nan,nan,nan,nan,0.0,0.0,1.0,1.0,nan,nan,nan,nan,nan,
bi15,15.0,3B_big,random,3,i,600,1,uniform,nan,nan,nan,0.0,nan,nan,nan,nan,0.0,0.0,1.0,1.0,nan,nan,nan,nan,nan,
bi15,15.0,3B_big,seed144,1,a,50,104,uniform,8.735,nan,nan,0.0,nan,nan,nan,nan,0.0,609.0,1.0,104.0,0.29789486900598716,0.6171599683978196,nan,0.3044974035197329,nan,
bi15,15.0,3B_big,seed144,1,a,100,103,uniform,8.2375,nan,nan,0.0,nan,nan,nan,nan,0.0,589.0,1.0,103.0,0.6707707021265258,nan,nan,nan,nan,
bi15,15.0,3B_big,seed144,1,a,200,101,uniform,8.1875,nan,nan,0.0,nan,nan,nan,nan,0.0,566.0,1.0,101.0,0.8059391997791023,nan,nan,nan,nan,
bi15,15.0,3B_big,seed144,1,a,400,101,uniform,8.19875,nan,nan,0.0,nan,nan,nan,nan,0.0,565.0,1.0,101.0,0.8643388831067532,nan,nan,nan,nan,
bi15,15.0,3B_big,seed144,1,a,600,101,uniform,8.21125,nan,nan,0.0,nan,nan,nan,nan,0.0,565.0,1.0,101.0,0.7653833929357865,nan,nan,nan,nan,
bi15,15.0,3B_big,seed144,1,i,50,6,uniform,nan,nan,nan,0.0,nan,nan,nan,nan,0.0,1.0,1.0,6.0,nan,nan,nan,nan,nan,
bi15,15.0,3B_big,seed144,1,i,100,8,uniform,nan,nan,nan,0.0,nan,nan,nan,nan,0.0,3.0,1.0,8.0,nan,nan,nan,nan,nan,
bi15,15.0,3B_big,seed144,1,i,200,9,uniform,nan,nan,nan,0.0,nan,nan,nan,nan,0.0,4.0,1.0,9.0,nan,nan,nan,nan,nan,
bi15,15.0,3B_big,seed144,1,i,400,10,uniform,nan,nan,nan,0.0,nan,nan,nan,nan,0.0,5.0,1.0,10.0,nan,nan,nan,nan,nan,
bi15,15.0,3B_big,seed144,1,i,600,10,uniform,nan,nan,nan,0.0,nan,nan,nan,nan,0.0,5.0,1.0,10.0,nan,nan,nan,nan,nan,
bi15,15.0,3B_big,seed144,2,a,50,109,uniform,8.25,nan,nan,0.0,nan,nan,nan,nan,0.0,736.0,1.0,109.0,0.6349636370758763,nan,nan,nan,nan,
bi15,15.0,3B_big,seed144,2,a,100,108,uniform,8.508125,nan,nan,0.0,nan,nan,nan,nan,0.0,715.0,1.0,108.0,0.6389796111278699,nan,nan,nan,nan,
bi15,15.0,3B_big,seed144,2,a,200,107,uniform,8.57,nan,nan,0.0,nan,nan,nan,nan,0.0,703.0,1.0,107.0,0.5825937808362252,nan,nan,nan,nan,
bi15,15.0,3B_big,seed144,2,a,400,107,uniform,8.590833333333332,nan,nan,0.0,nan,nan,nan,nan,0.0,703.0,1.0,107.0,0.7458476032226473,nan,nan,nan,nan,
bi15,15.0,3B_big,seed144,2,a,600,107,uniform,8.615,nan,nan,0.0,nan,nan,nan,nan,0.0,703.0,1.0,107.0,0.7129985318319286,nan,nan,nan,nan,
bi15,15.0,3B_big,seed144,2,i,50,7,uniform,nan,nan,nan,0.0,nan,nan,nan,nan,0.0,2.0,1.0,7.0,nan,nan,nan,nan,nan,
bi15,15.0,3B_big,seed144,2,i,100,10,uniform,nan,nan,nan,0.0,nan,nan,nan,nan,0.0,4.0,1.0,10.0,nan,nan,nan,nan,nan,
bi15,15.0,3B_big,seed144,2,i,200,9,uniform,nan,nan,nan,0.0,nan,nan,nan,nan,0.0,2.0,1.0,9.0,nan,nan,nan,nan,nan,
bi15,15.0,3B_big,seed144,2,i,400,9,uniform,nan,nan,nan,0.0,nan,nan,nan,nan,0.0,2.0,1.0,9.0,nan,nan,nan,nan,nan,
bi15,15.0,3B_big,seed144,2,i,600,9,uniform,nan,nan,nan,0.0,nan,nan,nan,nan,0.0,2.0,1.0,9.0,nan,nan,nan,nan,nan,
bi15,15.0,3B_big,seed144,3,a,50,97,uniform,10.24125,nan,nan,0.0,nan,nan,nan,nan,0.0,513.0,1.0,97.0,1.1633673365339618,nan,nan,nan,nan,
bi15,15.0,3B_big,seed144,3,a,100,97,uniform,10.106666666666667,nan,nan,0.0,nan,nan,nan,nan,0.0,514.0,1.0,97.0,0.9897456186817213,nan,nan,nan,nan,
bi15,15.0,3B_big,seed144,3,a,200,95,uniform,10.9575,nan,nan,0.0,nan,nan,nan,nan,0.0,493.0,1.0,95.0,0.6468479574182568,nan,nan,nan,nan,
bi15,15.0,3B_big,seed144,3,a,400,95,uniform,10.9595,nan,nan,0.0,nan,nan,nan,nan,0.0,492.0,1.0,95.0,0.6584458174748088,nan,nan,nan,nan,
bi15,15.0,3B_big,seed144,3,a,600,95,uniform,10.162454128440366,nan,nan,0.0,nan,nan,nan,nan,0.0,492.0,1.0,95.0,0.5475107206755575,nan,nan,nan,nan,
bi15,15.0,3B_big,seed144,3,i,50,16,uniform,nan,nan,nan,0.0,nan,nan,nan,nan,0.0,7.0,1.0,16.0,nan,nan,nan,nan,nan,
bi15,15.0,3B_big,seed144,3,i,100,18,uniform,nan,nan,nan,0.0,nan,nan,nan,nan,0.0,10.0,1.0,18.0,nan,nan,nan,nan,nan,
bi15,15.0,3B_big,seed144,3,i,200,30,uniform,nan,nan,nan,0.0,nan,nan,nan,nan,0.0,35.0,1.0,30.0,nan,nan,nan,nan,nan,
bi15,15.0,3B_big,seed144,3,i,400,36,uniform,nan,nan,nan,0.0,nan,nan,nan,nan,0.0,57.0,1.0,36.0,nan,nan,nan,nan,nan,
bi15,15.0,3B_big,seed144,3,i,600,30,uniform,nan,nan,nan,0.0,nan,nan,nan,nan,0.0,35.0,1.0,30.0,nan,nan,nan,nan,nan,
bi15,15.0,3B_big,seed1,0,a,50,1,uniform,nan,nan,nan,0.0,nan,nan,nan,nan,0.0,0.0,1.0,1.0,nan,nan,nan,nan,nan,
bi15,15.0,3B_big,seed1,0,a,100,1,uniform,nan,nan,nan,0.0,nan,nan,nan,nan,0.0,0.0,1.0,1.0,nan,nan,nan,nan,nan,
bi15,15.0,3B_big,seed1,0,a,200,1,uniform,nan,nan,nan,0.0,nan,nan,nan,nan,0.0,0.0,1.0,1.0,nan,nan,nan,nan,nan,
bi15,15.0,3B_big,seed1,0,a,400,1,uniform,nan,nan,nan,0.0,nan,nan,nan,nan,0.0,0.0,1.0,1.0,nan,nan,nan,nan,nan,
bi15,15.0,3B_big,seed1,0,a,600,1,uniform,nan,nan,nan,0.0,nan,nan,nan,nan,0.0,0.0,1.0,1.0,nan,nan,nan,nan,nan,
bi15,15.0,3B_big,seed1,0,i,50,1,uniform,nan,nan,nan,0.0,nan,nan,nan,nan,0.0,0.0,1.0,1.0,nan,nan,nan,nan,nan,
bi15,15.0,3B_big,seed1,0,i,100,1,uniform,nan,nan,nan,0.0,nan,nan,nan,nan,0.0,0.0,1.0,1.0,nan,nan,nan,nan,nan,
bi15,15.0,3B_big,seed1,0,i,200,1,uniform,nan,nan,nan,0.0,nan,nan,nan,nan,0.0,0.0,1.0,1.0,nan,nan,nan,nan,nan,
bi15,15.0,3B_big,seed1,0,i,400,1,uniform,nan,nan,nan,0.0,nan,nan,nan,nan,0.0,0.0,1.0,1.0,nan,nan,nan,nan,nan,
bi15,15.0,3B_big,seed1,0,i,600,1,uniform,nan,nan,nan,0.0,nan,nan,nan,nan,0.0,0.0,1.0,1.0,nan,nan,nan,nan,nan,
bi15,15.0,3B_big,seed36,1,a,50,33,uniform,nan,nan,nan,0.0,nan,nan,nan,nan,0.0,60.0,1.0,33.0,nan,nan,nan,nan,nan,
bi15,15.0,3B_big,seed36,1,a,100,33,uniform,nan,nan,nan,0.0,nan,nan,nan,nan,0.0,60.0,1.0,33.0,nan,nan,nan,nan,nan,
bi15,15.0,3B_big,seed36,1,a,200,33,uniform,nan,nan,nan,0.0,nan,nan,nan,nan,0.0,56.0,1.0,33.0,nan,nan,nan,nan,nan,
bi15,15.0,3B_big,seed36,1,a,400,33,uniform,nan,nan,nan,0.0,nan,nan,nan,nan,0.0,54.0,1.0,33.0,nan,nan,nan,nan,nan,
bi15,15.0,3B_big,seed36,1,a,600,33,uniform,nan,nan,nan,0.0,nan,nan,nan,nan,0.0,56.0,1.0,33.0,nan,nan,nan,nan,nan,
bi15,15.0,3B_big,seed36,1,i,50,16,uniform,nan,nan,nan,0.0,nan,nan,nan,nan,0.0,11.0,1.0,16.0,nan,nan,nan,nan,nan,
bi15,15.0,3B_big,seed36,1,i,100,17,uniform,nan,nan,nan,0.0,nan,nan,nan,nan,0.0,12.0,1.0,17.0,nan,nan,nan,nan,nan,
bi15,15.0,3B_big,seed36,1,i,200,27,uniform,nan,nan,nan,0.0,nan,nan,nan,nan,0.0,38.0,1.0,27.0,nan,nan,nan,nan,nan,
bi15,15.0,3B_big,seed36,1,i,400,26,uniform,nan,nan,nan,0.0,nan,nan,nan,nan,0.0,32.0,1.0,26.0,nan,nan,nan,nan,nan,
bi15,15.0,3B_big,seed36,1,i,600,27,uniform,nan,nan,nan,0.0,nan,nan,nan,nan,0.0,35.0,1.0,27.0,nan,nan,nan,nan,nan,
bi15,15.0,3B_big,seed36,2,a,50,33,uniform,nan,nan,nan,0.0,nan,nan,nan,nan,0.0,61.0,1.0,33.0,nan,nan,nan,nan,nan,
bi15,15.0,3B_big,seed36,2,a,100,33,uniform,nan,nan,nan,0.0,nan,nan,nan,nan,0.0,59.0,1.0,33.0,nan,nan,nan,nan,nan,
bi15,15.0,3B_big,seed36,2,a,200,33,uniform,nan,nan,nan,0.0,nan,nan,nan,nan,0.0,58.0,1.0,33.0,nan,nan,nan,nan,nan,
bi15,15.0,3B_big,seed36,2,a,400,33,uniform,nan,nan,nan,0.0,nan,nan,nan,nan,0.0,59.0,1.0,33.0,nan,nan,nan,nan,nan,
bi15,15.0,3B_big,seed36,2,a,600,33,uniform,nan,nan,nan,0.0,nan,nan,nan,nan,0.0,61.0,1.0,33.0,nan,nan,nan,nan,nan,
bi15,15.0,3B_big,seed36,2,i,50,19,uniform,nan,nan,nan,0.0,nan,nan,nan,nan,0.0,13.0,1.0,19.0,nan,nan,nan,nan,nan,
bi15,15.0,3B_big,seed36,2,i,100,21,uniform,nan,nan,nan,0.0,nan,nan,nan,nan,0.0,18.0,1.0,21.0,nan,nan,nan,nan,nan,
bi15,15.0,3B_big,seed36,2,i,200,27,uniform,nan,nan,nan,0.0,nan,nan,nan,nan,0.0,35.0,1.0,27.0,nan,nan,nan,nan,nan,
bi15,15.0,3B_big,seed36,2,i,400,29,uniform,nan,nan,nan,0.0,nan,nan,nan,nan,0.0,43.0,1.0,29.0,nan,nan,nan,nan,nan,
bi15,15.0,3B_big,seed36,2,i,600,26,uniform,nan,nan,nan,0.0,nan,nan,nan,nan,0.0,29.0,1.0,26.0,nan,nan,nan,nan,nan,
bi15,15.0,3B_big,seed36,3,a,50,33,uniform,nan,nan,nan,0.0,nan,nan,nan,nan,0.0,60.0,1.0,33.0,nan,nan,nan,nan,nan,
bi15,15.0,3B_big,seed36,3,a,100,33,uniform,nan,nan,nan,0.0,nan,nan,nan,nan,0.0,60.0,1.0,33.0,nan,nan,nan,nan,nan,
bi15,15.0,3B_big,seed36,3,a,200,33,uniform,nan,nan,nan,0.0,nan,nan,nan,nan,0.0,61.0,1.0,33.0,nan,nan,nan,nan,nan,
bi15,15.0,3B_big,seed36,3,a,400,33,uniform,nan,nan,nan,0.0,nan,nan,nan,nan,0.0,60.0,1.0,33.0,nan,nan,nan,nan,nan,
bi15,15.0,3B_big,seed36,3,a,600,33,uniform,nan,nan,nan,0.0,nan,nan,nan,nan,0.0,59.0,1.0,33.0,nan,nan,nan,nan,nan,
bi15,15.0,3B_big,seed36,3,i,50,22,uniform,nan,nan,nan,0.0,nan,nan,nan,nan,0.0,21.0,1.0,22.0,nan,nan,nan,nan,nan,
bi15,15.0,3B_big,seed36,3,i,100,23,uniform,nan,nan,nan,0.0,nan,nan,nan,nan,0.0,23.0,1.0,23.0,nan,nan,nan,nan,nan,
bi15,15.0,3B_big,seed36,3,i,200,27,uniform,nan,nan,nan,0.0,nan,nan,nan,nan,0.0,39.0,1.0,27.0,nan,nan,nan,nan,nan,
bi15,15.0,3B_big,seed36,3,i,400,27,uniform,nan,nan,nan,0.0,nan,nan,nan,nan,0.0,39.0,1.0,27.0,nan,nan,nan,nan,nan,
bi15,15.0,3B_big,seed36,3,i,600,27,uniform,nan,nan,nan,0.0,nan,nan,nan,nan,0.0,39.0,1.0,27.0,nan,nan,nan,nan,nan,
bi15,15.0,3B_big,seed9,1,a,50,9,uniform,nan,nan,nan,0.0,nan,nan,nan,nan,0.0,4.0,1.0,9.0,nan,nan,nan,nan,nan,
bi15,15.0,3B_big,seed9,1,a,100,9,uniform,nan,nan,nan,0.0,nan,nan,nan,nan,0.0,4.0,1.0,9.0,nan,nan,nan,nan,nan,
bi15,15.0,3B_big,seed9,1,a,200,9,uniform,nan,nan,nan,0.0,nan,nan,nan,nan,0.0,4.0,1.0,9.0,nan,nan,nan,nan,nan,
bi15,15.0,3B_big,seed9,1,a,400,9,uniform,nan,nan,nan,0.0,nan,nan,nan,nan,0.0,3.0,1.0,9.0,nan,nan,nan,nan,nan,
bi15,15.0,3B_big,seed9,1,a,600,9,uniform,nan,nan,nan,0.0,nan,nan,nan,nan,0.0,2.0,1.0,9.0,nan,nan,nan,nan,nan,
bi15,15.0,3B_big,seed9,1,i,50,7,uniform,nan,nan,nan,0.0,nan,nan,nan,nan,0.0,2.0,1.0,7.0,nan,nan,nan,nan,nan,
bi15,15.0,3B_big,seed9,1,i,100,7,uniform,nan,nan,nan,0.0,nan,nan,nan,nan,0.0,2.0,1.0,7.0,nan,nan,nan,nan,nan,
bi15,15.0,3B_big,seed9,1,i,200,9,uniform,nan,nan,nan,0.0,nan,nan,nan,nan,0.0,4.0,1.0,9.0,nan,nan,nan,nan,nan,
bi15,15.0,3B_big,seed9,1,i,400,9,uniform,nan,nan,nan,0.0,nan,nan,nan,nan,0.0,4.0,1.0,9.0,nan,nan,nan,nan,nan,
bi15,15.0,3B_big,seed9,1,i,600,9,uniform,nan,nan,nan,0.0,nan,nan,nan,nan,0.0,2.0,1.0,9.0,nan,nan,nan,nan,nan,
bi15,15.0,3B_big,seed9,2,a,50,9,uniform,nan,nan,nan,0.0,nan,nan,nan,nan,0.0,3.0,1.0,9.0,nan,nan,nan,nan,nan,
bi15,15.0,3B_big,seed9,2,a,100,9,uniform,nan,nan,nan,0.0,nan,nan,nan,nan,0.0,3.0,1.0,9.0,nan,nan,nan,nan,nan,
bi15,15.0,3B_big,seed9,2,a,200,9,uniform,nan,nan,nan,0.0,nan,nan,nan,nan,0.0,4.0,1.0,9.0,nan,nan,nan,nan,nan,
bi15,15.0,3B_big,seed9,2,a,400,9,uniform,nan,nan,nan,0.0,nan,nan,nan,nan,0.0,3.0,1.0,9.0,nan,nan,nan,nan,nan,
bi15,15.0,3B_big,seed9,2,a,600,9,uniform,nan,nan,nan,0.0,nan,nan,nan,nan,0.0,2.0,1.0,9.0,nan,nan,nan,nan,nan,
bi15,15.0,3B_big,seed9,2,i,50,8,uniform,nan,nan,nan,0.0,nan,nan,nan,nan,0.0,2.0,1.0,8.0,nan,nan,nan,nan,nan,
bi15,15.0,3B_big,seed9,2,i,100,8,uniform,nan,nan,nan,0.0,nan,nan,nan,nan,0.0,2.0,1.0,8.0,nan,nan,nan,nan,nan,
bi15,15.0,3B_big,seed9,2,i,200,9,uniform,nan,nan,nan,0.0,nan,nan,nan,nan,0.0,4.0,1.0,9.0,nan,nan,nan,nan,nan,
bi15,15.0,3B_big,seed9,2,i,400,9,uniform,nan,nan,nan,0.0,nan,nan,nan,nan,0.0,3.0,1.0,9.0,nan,nan,nan,nan,nan,
bi15,15.0,3B_big,seed9,2,i,600,9,uniform,nan,nan,nan,0.0,nan,nan,nan,nan,0.0,2.0,1.0,9.0,nan,nan,nan,nan,nan,
bi15,15.0,3B_big,seed9,3,a,50,9,uniform,nan,nan,nan,0.0,nan,nan,nan,nan,0.0,3.0,1.0,9.0,nan,nan,nan,nan,nan,
bi15,15.0,3B_big,seed9,3,a,100,9,uniform,nan,nan,nan,0.0,nan,nan,nan,nan,0.0,3.0,1.0,9.0,nan,nan,nan,nan,nan,
bi15,15.0,3B_big,seed9,3,a,200,9,uniform,nan,nan,nan,0.0,nan,nan,nan,nan,0.0,2.0,1.0,9.0,nan,nan,nan,nan,nan,
bi15,15.0,3B_big,seed9,3,a,400,9,uniform,nan,nan,nan,0.0,nan,nan,nan,nan,0.0,2.0,1.0,9.0,nan,nan,nan,nan,nan,
bi15,15.0,3B_big,seed9,3,a,600,9,uniform,nan,nan,nan,0.0,nan,nan,nan,nan,0.0,0.0,1.0,9.0,nan,nan,nan,nan,nan,
bi15,15.0,3B_big,seed9,3,i,50,9,uniform,nan,nan,nan,0.0,nan,nan,nan,nan,0.0,3.0,1.0,9.0,nan,nan,nan,nan,nan,
bi15,15.0,3B_big,seed9,3,i,100,9,uniform,nan,nan,nan,0.0,nan,nan,nan,nan,0.0,3.0,1.0,9.0,nan,nan,nan,nan,nan,
bi15,15.0,3B_big,seed9,3,i,200,9,uniform,nan,nan,nan,0.0,nan,nan,nan,nan,0.0,2.0,1.0,9.0,nan,nan,nan,nan,nan,
bi15,15.0,3B_big,seed9,3,i,400,9,uniform,nan,nan,nan,0.0,nan,nan,nan,nan,0.0,2.0,1.0,9.0,nan,nan,nan,nan,nan,
bi15,15.0,3B_big,seed9,3,i,600,9,uniform,nan,nan,nan,0.0,nan,nan,nan,nan,0.0,2.0,1.0,9.0,nan,nan,nan,nan,nan,
bi20,20.0,3L,nucl,1,a,50,60,uniform,10.8925,nan,nan,0.0,nan,nan,nan,nan,0.0,180.0,1.0,60.0,0.231617624311926,nan,nan,nan,nan,
bi20,20.0,3L,nucl,1,a,100,61,uniform,12.1525,nan,nan,0.0,nan,nan,nan,nan,0.0,187.0,1.0,61.0,0.7534477191972151,nan,nan,nan,nan,
bi20,20.0,3L,nucl,1,a,200,61,uniform,13.1825,nan,nan,0.0,nan,nan,nan,nan,0.0,183.0,1.0,61.0,1.1920535019911327,nan,nan,nan,nan,
bi20,20.0,3L,nucl,1,a,400,61,uniform,14.263583815028902,nan,nan,0.0,nan,nan,nan,nan,0.0,181.0,1.0,61.0,1.1994753985197992,nan,nan,nan,nan,
bi20,20.0,3L,nucl,1,a,600,61,uniform,14.807018348623853,nan,nan,0.0,nan,nan,nan,nan,0.0,182.0,1.0,61.0,1.4272963318107763,nan,nan,nan,nan,
bi20,20.0,3L,nucl,1,i,50,46,uniform,nan,nan,nan,0.0,nan,nan,nan,nan,0.0,97.0,1.0,46.0,nan,nan,nan,nan,nan,
bi20,20.0,3L,nucl,1,i,100,52,uniform,11.5775,nan,nan,0.0,nan,nan,nan,nan,0.0,128.0,1.0,52.0,2.268893551283396,nan,nan,nan,nan,
bi20,20.0,3L,nucl,1,i,200,55,uniform,12.6225,nan,nan,0.0,nan,nan,nan,nan,0.0,148.0,1.0,55.0,1.9307509455255127,nan,nan,nan,nan,
bi20,20.0,3L,nucl,1,i,400,57,uniform,13.72,nan,nan,0.0,nan,nan,nan,nan,0.0,155.0,1.0,57.0,1.7346455747190006,nan,nan,nan,nan,
bi20,20.0,3L,nucl,1,i,600,58,uniform,18.464166666666667,nan,nan,0.0,nan,nan,nan,nan,0.0,160.0,1.0,58.0,2.446038214691644,nan,nan,nan,nan,
bi20,20.0,3L,nucl,2,a,50,60,uniform,9.9425,nan,nan,0.0,nan,nan,nan,nan,0.0,190.0,1.0,60.0,1.3807416831909092,nan,nan,nan,nan,
bi20,20.0,3L,nucl,2,a,100,61,uniform,11.1475,nan,nan,0.0,nan,nan,nan,nan,0.0,191.0,1.0,61.0,1.0399591396714651,nan,nan,nan,nan,
bi20,20.0,3L,nucl,2,a,200,62,uniform,16.357045454545453,nan,nan,0.0,nan,nan,nan,nan,0.0,192.0,1.0,62.0,1.1057664493009631,nan,nan,nan,nan,
bi20,20.0,3L,nucl,2,a,400,62,uniform,14.03875,nan,nan,0.0,nan,nan,nan,nan,0.0,187.0,1.0,62.0,1.1049908161864435,nan,nan,nan,nan,
bi20,20.0,3L,nucl,2,a,600,62,uniform,16.5875,nan,nan,0.0,nan,nan,nan,nan,0.0,185.0,1.0,62.0,1.1299344223901944,nan,nan,nan,nan,
bi20,20.0,3L,nucl,2,i,50,40,uniform,nan,nan,nan,0.0,nan,nan,nan,nan,0.0,79.0,1.0,40.0,nan,nan,nan,nan,nan,
bi20,20.0,3L,nucl,2,i,100,44,uniform,nan,nan,nan,0.0,nan,nan,nan,nan,0.0,97.0,1.0,44.0,nan,nan,nan,nan,nan,
bi20,20.0,3L,nucl,2,i,200,56,uniform,12.97875,nan,nan,0.0,nan,nan,nan,nan,0.0,152.0,1.0,56.0,0.45965691033196593,nan,nan,nan,nan,
bi20,20.0,3L,nucl,2,i,400,59,uniform,13.1975,nan,nan,0.0,nan,nan,nan,nan,0.0,174.0,1.0,59.0,1.271865687811043,nan,nan,nan,nan,
bi20,20.0,3L,nucl,2,i,600,60,uniform,15.851680672268907,nan,nan,0.0,nan,nan,nan,nan,0.0,177.0,1.0,60.0,1.070525032113943,nan,nan,nan,nan,
bi20,20.0,3L,nucl,3,a,50,64,uniform,10.14,nan,nan,0.0,nan,nan,nan,nan,0.0,200.0,1.0,64.0,0.926751575066617,nan,nan,nan,nan,
bi20,20.0,3L,nucl,3,a,100,64,uniform,11.7025,nan,nan,0.0,nan,nan,nan,nan,0.0,203.0,1.0,64.0,0.8187756270919868,nan,nan,nan,nan,
bi20,20.0,3L,nucl,3,a,200,64,uniform,15.893,nan,nan,0.0,nan,nan,nan,nan,0.0,198.0,1.0,64.0,1.331622062267547,nan,nan,nan,nan,
bi20,20.0,3L,nucl,3,a,400,65,uniform,16.07125,nan,nan,0.0,nan,nan,nan,nan,0.0,204.0,1.0,65.0,1.4798994848314002,nan,nan,nan,nan,
bi20,20.0,3L,nucl,3,a,600,65,uniform,17.902585820895524,nan,nan,0.0,nan,nan,nan,nan,0.0,205.0,1.0,65.0,1.3752130087095649,nan,nan,nan,nan,
bi20,20.0,3L,nucl,3,i,50,39,uniform,nan,nan,nan,0.0,nan,nan,nan,nan,0.0,64.0,1.0,39.0,nan,nan,nan,nan,nan,
bi20,20.0,3L,nucl,3,i,100,49,uniform,14.0875,nan,nan,0.0,nan,nan,nan,nan,0.0,103.0,1.0,49.0,0.9346271357218592,nan,nan,nan,nan,
bi20,20.0,3L,nucl,3,i,200,54,uniform,15.215,nan,nan,0.0,nan,nan,nan,nan,0.0,131.0,1.0,54.0,0.4497514106300014,nan,nan,nan,nan,
bi20,20.0,3L,nucl,3,i,400,61,uniform,16.283952702702702,nan,nan,0.0,nan,nan,nan,nan,0.0,172.0,1.0,61.0,0.3557666709677979,nan,nan,nan,nan,
bi20,20.0,3L,nucl,3,i,600,61,uniform,17.29061497326203,nan,nan,0.0,nan,nan,nan,nan,0.0,178.0,1.0,61.0,0.24137149085569265,nan,nan,nan,nan,
bi20,20.0,3L,random,1,a,50,193,uniform,8.868233113009834,nan,nan,0.0,nan,nan,nan,nan,0.0,2044.0,1.0,193.0,0.5459911929732428,0.5480764651345185,3.7121116843246793,0.1697500124172901,0.06052493971949817,
bi20,20.0,3L,random,1,a,100,186,uniform,9.141048593350384,nan,nan,0.0,nan,nan,nan,nan,0.0,1900.0,1.0,186.0,0.5664915330881983,0.6741063556281196,2.7636807041485016,0.1350407117529324,0.11826458963954578,
bi20,20.0,3L,random,1,a,200,184,uniform,9.293953488372093,nan,nan,0.0,nan,nan,nan,nan,0.0,1842.0,1.0,184.0,0.43828306446526893,0.6397050199384288,6.00443622981124,0.1624972561114746,0.09815467971767723,
bi20,20.0,3L,random,1,a,400,182,uniform,9.355120591811918,nan,nan,0.0,nan,nan,nan,nan,0.0,1791.0,1.0,182.0,0.45275147884216943,0.7810245303359841,3.522539428263173,0.1916582747041023,0.06225771653106879,
bi20,20.0,3L,random,1,a,600,182,uniform,9.3301513671875,nan,nan,0.0,nan,nan,nan,nan,0.0,1792.0,1.0,182.0,0.5084187383824317,0.7571704133453026,nan,0.14537252496567907,nan,
bi20,20.0,3L,random,1,i,50,36,uniform,nan,nan,nan,0.0,nan,nan,nan,nan,0.0,60.0,1.0,36.0,nan,nan,nan,nan,nan,
bi20,20.0,3L,random,1,i,100,148,uniform,9.471973281887012,nan,nan,0.0,nan,nan,nan,nan,0.0,1190.0,1.0,148.0,0.5337408559378198,0.6150840612199798,4.957082242596101,0.1753122802070831,0.14021000740585482,
bi20,20.0,3L,random,1,i,200,29,uniform,nan,nan,nan,0.0,nan,nan,nan,nan,0.0,40.0,1.0,29.0,nan,nan,nan,nan,nan,
bi20,20.0,3L,random,1,i,400,18,uniform,nan,nan,nan,0.0,nan,nan,nan,nan,0.0,8.0,1.0,18.0,nan,nan,nan,nan,nan,
bi20,20.0,3L,random,1,i,600,18,uniform,nan,nan,nan,0.0,nan,nan,nan,nan,0.0,9.0,1.0,18.0,nan,nan,nan,nan,nan,
bi20,20.0,3L,random,2,a,50,182,uniform,8.646885813148788,nan,nan,0.0,nan,nan,nan,nan,0.0,1857.0,1.0,182.0,0.34265498736538297,0.5522124259078495,4.298546265890365,0.16470781451406716,0.13345006717359878,
bi20,20.0,3L,random,2,a,100,179,uniform,8.627284315957205,nan,nan,0.0,nan,nan,nan,nan,0.0,1789.0,1.0,179.0,0.41512854501491153,0.7051453161565402,4.715068928446327,0.12718262685190207,0.13113969755426544,
bi20,20.0,3L,random,2,a,200,175,uniform,8.70255066921606,nan,nan,0.0,nan,nan,nan,nan,0.0,1690.0,1.0,175.0,0.5077404677271623,1.0754700379225521,5.570094393912318,0.13350830924383308,0.11512438098719277,
bi20,20.0,3L,random,2,a,400,174,uniform,8.72244654532603,nan,nan,0.0,nan,nan,nan,nan,0.0,1667.0,1.0,174.0,0.46156551374078314,1.2443472184241824,6.112918173429228,0.2007357639630411,0.2167042311996496,
bi20,20.0,3L,random,2,a,600,174,uniform,8.689751491053677,nan,nan,0.0,nan,nan,nan,nan,0.0,1667.0,1.0,174.0,0.4971706259312118,1.460976050134431,5.809475019311125,0.17649409513511058,0.17787880928174774,
bi20,20.0,3L,random,2,i,50,35,uniform,nan,nan,nan,0.0,nan,nan,nan,nan,0.0,80.0,1.0,35.0,nan,nan,nan,nan,nan,
bi20,20.0,3L,random,2,i,100,21,uniform,nan,nan,nan,0.0,nan,nan,nan,nan,0.0,27.0,1.0,21.0,nan,nan,nan,nan,nan,
bi20,20.0,3L,random,2,i,200,34,uniform,nan,nan,nan,0.0,nan,nan,nan,nan,0.0,60.0,1.0,34.0,nan,nan,nan,nan,nan,
bi20,20.0,3L,random,2,i,400,35,uniform,nan,nan,nan,0.0,nan,nan,nan,nan,0.0,63.0,1.0,35.0,nan,nan,nan,nan,nan,
bi20,20.0,3L,random,2,i,600,36,uniform,nan,nan,nan,0.0,nan,nan,nan,nan,0.0,64.0,1.0,36.0,nan,nan,nan,nan,nan,
bi20,20.0,3L,random,3,a,50,179,uniform,9.048425384707146,nan,nan,0.0,nan,nan,nan,nan,0.0,1739.0,1.0,179.0,0.6484343472754591,1.029862750054888,5.046815271808064,0.1821849270025495,0.10028585397253012,
bi20,20.0,3L,random,3,a,100,176,uniform,9.0336377189713,nan,nan,0.0,nan,nan,nan,nan,0.0,1683.0,1.0,176.0,0.36154371903604743,0.8147061126477672,3.9447359643269975,0.21215032335720593,0.13691343075186058,
bi20,20.0,3L,random,3,a,200,175,uniform,8.945614261168386,nan,nan,0.0,nan,nan,nan,nan,0.0,1668.0,1.0,175.0,0.487456565817556,0.960960907402698,5.679593776594241,0.16051548963113135,0.11538942488027235,
bi20,20.0,3L,random,3,a,400,175,uniform,8.952060221870047,nan,nan,0.0,nan,nan,nan,nan,0.0,1672.0,1.0,175.0,0.41103200947217333,0.8496092852011448,4.3227768852902875,0.15733972492791568,0.10539504192183088,
bi20,20.0,3L,random,3,a,600,175,uniform,8.931423993591027,nan,nan,0.0,nan,nan,nan,nan,0.0,1674.0,1.0,175.0,0.38112160632638886,0.834615507274277,5.5809910354255186,0.16103952970890875,0.1638950714822724,
bi20,20.0,3L,random,3,i,50,55,uniform,8.3325,nan,nan,0.0,nan,nan,nan,nan,0.0,157.0,1.0,55.0,0.6072034941576959,nan,nan,nan,nan,
bi20,20.0,3L,random,3,i,100,19,uniform,nan,nan,nan,0.0,nan,nan,nan,nan,0.0,14.0,1.0,19.0,nan,nan,nan,nan,nan,
bi20,20.0,3L,random,3,i,200,46,uniform,11.0,nan,nan,0.0,nan,nan,nan,nan,0.0,103.0,1.0,46.0,0.4311295540636356,nan,nan,nan,nan,
bi20,20.0,3L,random,3,i,400,40,uniform,nan,nan,nan,0.0,nan,nan,nan,nan,0.0,80.0,1.0,40.0,nan,nan,nan,nan,nan,
bi20,20.0,3L,random,3,i,600,37,uniform,nan,nan,nan,0.0,nan,nan,nan,nan,0.0,67.0,1.0,37.0,nan,nan,nan,nan,nan,
bi20,20.0,3L,seed144,1,a,50,114,uniform,7.975233644859813,nan,nan,0.0,nan,nan,nan,nan,0.0,726.0,1.0,114.0,0.8542632358209483,nan,nan,nan,nan,
bi20,20.0,3L,seed144,1,a,100,112,uniform,8.057122699386502,nan,nan,0.0,nan,nan,nan,nan,0.0,700.0,1.0,112.0,0.9403641834781868,nan,nan,nan,nan,
bi20,20.0,3L,seed144,1,a,200,112,uniform,8.066162361623617,nan,nan,0.0,nan,nan,nan,nan,0.0,699.0,1.0,112.0,0.9933171329003097,nan,nan,nan,nan,
bi20,20.0,3L,seed144,1,a,400,112,uniform,8.056764705882353,nan,nan,0.0,nan,nan,nan,nan,0.0,701.0,1.0,112.0,1.058824149102887,nan,nan,nan,nan,
bi20,20.0,3L,seed144,1,a,600,112,uniform,8.064839704069051,nan,nan,0.0,nan,nan,nan,nan,0.0,701.0,1.0,112.0,0.9811689729492238,nan,nan,nan,nan,
bi20,20.0,3L,seed144,1,i,50,32,uniform,nan,nan,nan,0.0,nan,nan,nan,nan,0.0,38.0,1.0,32.0,nan,nan,nan,nan,nan,
bi20,20.0,3L,seed144,1,i,100,37,uniform,nan,nan,nan,0.0,nan,nan,nan,nan,0.0,59.0,1.0,37.0,nan,nan,nan,nan,nan,
bi20,20.0,3L,seed144,1,i,200,36,uniform,nan,nan,nan,0.0,nan,nan,nan,nan,0.0,59.0,1.0,36.0,nan,nan,nan,nan,nan,
bi20,20.0,3L,seed144,1,i,400,36,uniform,nan,nan,nan,0.0,nan,nan,nan,nan,0.0,61.0,1.0,36.0,nan,nan,nan,nan,nan,
bi20,20.0,3L,seed144,1,i,600,37,uniform,nan,nan,nan,0.0,nan,nan,nan,nan,0.0,66.0,1.0,37.0,nan,nan,nan,nan,nan,
bi20,20.0,3L,seed144,2,a,50,116,uniform,7.981677240285488,nan,nan,0.0,nan,nan,nan,nan,0.0,821.0,1.0,116.0,0.269886129702123,nan,nan,nan,nan,
bi20,20.0,3L,seed144,2,a,100,116,uniform,8.06125,nan,nan,0.0,nan,nan,nan,nan,0.0,816.0,1.0,116.0,0.22968448101041333,nan,nan,nan,nan,
bi20,20.0,3L,seed144,2,a,200,116,uniform,8.070625,nan,nan,0.0,nan,nan,nan,nan,0.0,814.0,1.0,116.0,0.2628807256397066,nan,nan,nan,nan,
bi20,20.0,3L,seed144,2,a,400,115,uniform,8.04125,nan,nan,0.0,nan,nan,nan,nan,0.0,797.0,1.0,115.0,0.19956014676034733,nan,nan,nan,nan,
bi20,20.0,3L,seed144,2,a,600,115,uniform,8.0225,nan,nan,0.0,nan,nan,nan,nan,0.0,797.0,1.0,115.0,0.27329059769493264,nan,nan,nan,nan,
bi20,20.0,3L,seed144,2,i,50,24,uniform,nan,nan,nan,0.0,nan,nan,nan,nan,0.0,29.0,1.0,24.0,nan,nan,nan,nan,nan,
bi20,20.0,3L,seed144,2,i,100,22,uniform,nan,nan,nan,0.0,nan,nan,nan,nan,0.0,23.0,1.0,22.0,nan,nan,nan,nan,nan,
bi20,20.0,3L,seed144,2,i,200,22,uniform,nan,nan,nan,0.0,nan,nan,nan,nan,0.0,24.0,1.0,22.0,nan,nan,nan,nan,nan,
bi20,20.0,3L,seed144,2,i,400,23,uniform,nan,nan,nan,0.0,nan,nan,nan,nan,0.0,26.0,1.0,23.0,nan,nan,nan,nan,nan,
bi20,20.0,3L,seed144,2,i,600,23,uniform,nan,nan,nan,0.0,nan,nan,nan,nan,0.0,26.0,1.0,23.0,nan,nan,nan,nan,nan,
bi20,20.0,3L,seed144,3,a,50,107,uniform,7.10475,nan,nan,0.0,nan,nan,nan,nan,0.0,629.0,1.0,107.0,0.9068211901703397,nan,nan,nan,nan,
bi20,20.0,3L,seed144,3,a,100,103,uniform,9.504861425339367,nan,nan,0.0,nan,nan,nan,nan,0.0,584.0,1.0,103.0,1.4795941508725285,nan,nan,nan,nan,
bi20,20.0,3L,seed144,3,a,200,102,uniform,9.581666666666667,nan,nan,0.0,nan,nan,nan,nan,0.0,574.0,1.0,102.0,1.7144667600368573,nan,nan,nan,nan,
bi20,20.0,3L,seed144,3,a,400,102,uniform,9.615,nan,nan,0.0,nan,nan,nan,nan,0.0,574.0,1.0,102.0,1.7223228402191582,nan,nan,nan,nan,
bi20,20.0,3L,seed144,3,a,600,102,uniform,9.645,nan,nan,0.0,nan,nan,nan,nan,0.0,574.0,1.0,102.0,1.7224834464725616,nan,nan,nan,nan,
bi20,20.0,3L,seed144,3,i,50,37,uniform,nan,nan,nan,0.0,nan,nan,nan,nan,0.0,61.0,1.0,37.0,nan,nan,nan,nan,nan,
bi20,20.0,3L,seed144,3,i,100,42,uniform,nan,nan,nan,0.0,nan,nan,nan,nan,0.0,77.0,1.0,42.0,nan,nan,nan,nan,nan,
bi20,20.0,3L,seed144,3,i,200,42,uniform,nan,nan,nan,0.0,nan,nan,nan,nan,0.0,74.0,1.0,42.0,nan,nan,nan,nan,nan,
bi20,20.0,3L,seed144,3,i,400,42,uniform,nan,nan,nan,0.0,nan,nan,nan,nan,0.0,74.0,1.0,42.0,nan,nan,nan,nan,nan,
bi20,20.0,3L,seed144,3,i,600,42,uniform,nan,nan,nan,0.0,nan,nan,nan,nan,0.0,74.0,1.0,42.0,nan,nan,nan,nan,nan,
bi20,20.0,3L,seed1,0,a,50,1,uniform,nan,nan,nan,0.0,nan,nan,nan,nan,0.0,0.0,1.0,1.0,nan,nan,nan,nan,nan,
bi20,20.0,3L,seed1,0,a,100,1,uniform,nan,nan,nan,0.0,nan,nan,nan,nan,0.0,0.0,1.0,1.0,nan,nan,nan,nan,nan,
bi20,20.0,3L,seed1,0,a,200,1,uniform,nan,nan,nan,0.0,nan,nan,nan,nan,0.0,0.0,1.0,1.0,nan,nan,nan,nan,nan,
bi20,20.0,3L,seed1,0,a,400,1,uniform,nan,nan,nan,0.0,nan,nan,nan,nan,0.0,0.0,1.0,1.0,nan,nan,nan,nan,nan,
bi20,20.0,3L,seed1,0,a,600,1,uniform,nan,nan,nan,0.0,nan,nan,nan,nan,0.0,0.0,1.0,1.0,nan,nan,nan,nan,nan,
bi20,20.0,3L,seed1,0,i,50,1,uniform,nan,nan,nan,0.0,nan,nan,nan,nan,0.0,0.0,1.0,1.0,nan,nan,nan,nan,nan,
bi20,20.0,3L,seed1,0,i,100,1,uniform,nan,nan,nan,0.0,nan,nan,nan,nan,0.0,0.0,1.0,1.0,nan,nan,nan,nan,nan,
bi20,20.0,3L,seed1,0,i,200,1,uniform,nan,nan,nan,0.0,nan,nan,nan,nan,0.0,0.0,1.0,1.0,nan,nan,nan,nan,nan,
bi20,20.0,3L,seed1,0,i,400,1,uniform,nan,nan,nan,0.0,nan,nan,nan,nan,0.0,0.0,1.0,1.0,nan,nan,nan,nan,nan,
bi20,20.0,3L,seed1,0,i,600,1,uniform,nan,nan,nan,0.0,nan,nan,nan,nan,0.0,0.0,1.0,1.0,nan,nan,nan,nan,nan,
bi20,20.0,3L,seed36,1,a,50,34,uniform,nan,nan,nan,0.0,nan,nan,nan,nan,0.0,67.0,1.0,34.0,nan,nan,nan,nan,nan,
bi20,20.0,3L,seed36,1,a,100,34,uniform,nan,nan,nan,0.0,nan,nan,nan,nan,0.0,67.0,1.0,34.0,nan,nan,nan,nan,nan,
bi20,20.0,3L,seed36,1,a,200,34,uniform,nan,nan,nan,0.0,nan,nan,nan,nan,0.0,65.0,1.0,34.0,nan,nan,nan,nan,nan,
bi20,20.0,3L,seed36,1,a,400,34,uniform,nan,nan,nan,0.0,nan,nan,nan,nan,0.0,64.0,1.0,34.0,nan,nan,nan,nan,nan,
bi20,20.0,3L,seed36,1,a,600,34,uniform,nan,nan,nan,0.0,nan,nan,nan,nan,0.0,64.0,1.0,34.0,nan,nan,nan,nan,nan,
bi20,20.0,3L,seed36,1,i,50,25,uniform,nan,nan,nan,0.0,nan,nan,nan,nan,0.0,37.0,1.0,25.0,nan,nan,nan,nan,nan,
bi20,20.0,3L,seed36,1,i,100,24,uniform,nan,nan,nan,0.0,nan,nan,nan,nan,0.0,34.0,1.0,24.0,nan,nan,nan,nan,nan,
bi20,20.0,3L,seed36,1,i,200,25,uniform,nan,nan,nan,0.0,nan,nan,nan,nan,0.0,36.0,1.0,25.0,nan,nan,nan,nan,nan,
bi20,20.0,3L,seed36,1,i,400,26,uniform,nan,nan,nan,0.0,nan,nan,nan,nan,0.0,38.0,1.0,26.0,nan,nan,nan,nan,nan,
bi20,20.0,3L,seed36,1,i,600,27,uniform,nan,nan,nan,0.0,nan,nan,nan,nan,0.0,39.0,1.0,27.0,nan,nan,nan,nan,nan,
bi20,20.0,3L,seed36,2,a,50,34,uniform,nan,nan,nan,0.0,nan,nan,nan,nan,0.0,66.0,1.0,34.0,nan,nan,nan,nan,nan,
bi20,20.0,3L,seed36,2,a,100,34,uniform,nan,nan,nan,0.0,nan,nan,nan,nan,0.0,65.0,1.0,34.0,nan,nan,nan,nan,nan,
bi20,20.0,3L,seed36,2,a,200,34,uniform,nan,nan,nan,0.0,nan,nan,nan,nan,0.0,63.0,1.0,34.0,nan,nan,nan,nan,nan,
bi20,20.0,3L,seed36,2,a,400,34,uniform,nan,nan,nan,0.0,nan,nan,nan,nan,0.0,63.0,1.0,34.0,nan,nan,nan,nan,nan,
bi20,20.0,3L,seed36,2,a,600,34,uniform,nan,nan,nan,0.0,nan,nan,nan,nan,0.0,62.0,1.0,34.0,nan,nan,nan,nan,nan,
bi20,20.0,3L,seed36,2,i,50,23,uniform,nan,nan,nan,0.0,nan,nan,nan,nan,0.0,25.0,1.0,23.0,nan,nan,nan,nan,nan,
bi20,20.0,3L,seed36,2,i,100,23,uniform,nan,nan,nan,0.0,nan,nan,nan,nan,0.0,25.0,1.0,23.0,nan,nan,nan,nan,nan,
bi20,20.0,3L,seed36,2,i,200,27,uniform,nan,nan,nan,0.0,nan,nan,nan,nan,0.0,39.0,1.0,27.0,nan,nan,nan,nan,nan,
bi20,20.0,3L,seed36,2,i,400,27,uniform,nan,nan,nan,0.0,nan,nan,nan,nan,0.0,39.0,1.0,27.0,nan,nan,nan,nan,nan,
bi20,20.0,3L,seed36,2,i,600,30,uniform,nan,nan,nan,0.0,nan,nan,nan,nan,0.0,49.0,1.0,30.0,nan,nan,nan,nan,nan,
bi20,20.0,3L,seed36,3,a,50,34,uniform,nan,nan,nan,0.0,nan,nan,nan,nan,0.0,64.0,1.0,34.0,nan,nan,nan,nan,nan,
bi20,20.0,3L,seed36,3,a,100,34,uniform,nan,nan,nan,0.0,nan,nan,nan,nan,0.0,63.0,1.0,34.0,nan,nan,nan,nan,nan,
bi20,20.0,3L,seed36,3,a,200,34,uniform,nan,nan,nan,0.0,nan,nan,nan,nan,0.0,64.0,1.0,34.0,nan,nan,nan,nan,nan,
bi20,20.0,3L,seed36,3,a,400,34,uniform,nan,nan,nan,0.0,nan,nan,nan,nan,0.0,65.0,1.0,34.0,nan,nan,nan,nan,nan,
bi20,20.0,3L,seed36,3,a,600,34,uniform,nan,nan,nan,0.0,nan,nan,nan,nan,0.0,65.0,1.0,34.0,nan,nan,nan,nan,nan,
bi20,20.0,3L,seed36,3,i,50,29,uniform,nan,nan,nan,0.0,nan,nan,nan,nan,0.0,44.0,1.0,29.0,nan,nan,nan,nan,nan,
bi20,20.0,3L,seed36,3,i,100,28,uniform,nan,nan,nan,0.0,nan,nan,nan,nan,0.0,42.0,1.0,28.0,nan,nan,nan,nan,nan,
bi20,20.0,3L,seed36,3,i,200,28,uniform,nan,nan,nan,0.0,nan,nan,nan,nan,0.0,42.0,1.0,28.0,nan,nan,nan,nan,nan,
bi20,20.0,3L,seed36,3,i,400,28,uniform,nan,nan,nan,0.0,nan,nan,nan,nan,0.0,43.0,1.0,28.0,nan,nan,nan,nan,nan,
bi20,20.0,3L,seed36,3,i,600,28,uniform,nan,nan,nan,0.0,nan,nan,nan,nan,0.0,43.0,1.0,28.0,nan,nan,nan,nan,nan,
bi20,20.0,3L,seed9,1,a,50,9,uniform,nan,nan,nan,0.0,nan,nan,nan,nan,0.0,4.0,1.0,9.0,nan,nan,nan,nan,nan,
bi20,20.0,3L,seed9,1,a,100,9,uniform,nan,nan,nan,0.0,nan,nan,nan,nan,0.0,4.0,1.0,9.0,nan,nan,nan,nan,nan,
bi20,20.0,3L,seed9,1,a,200,9,uniform,nan,nan,nan,0.0,nan,nan,nan,nan,0.0,4.0,1.0,9.0,nan,nan,nan,nan,nan,
bi20,20.0,3L,seed9,1,a,400,9,uniform,nan,nan,nan,0.0,nan,nan,nan,nan,0.0,4.0,1.0,9.0,nan,nan,nan,nan,nan,
bi20,20.0,3L,seed9,1,a,600,9,uniform,nan,nan,nan,0.0,nan,nan,nan,nan,0.0,4.0,1.0,9.0,nan,nan,nan,nan,nan,
bi20,20.0,3L,seed9,1,i,50,7,uniform,nan,nan,nan,0.0,nan,nan,nan,nan,0.0,2.0,1.0,7.0,nan,nan,nan,nan,nan,
bi20,20.0,3L,seed9,1,i,100,7,uniform,nan,nan,nan,0.0,nan,nan,nan,nan,0.0,2.0,1.0,7.0,nan,nan,nan,nan,nan,
bi20,20.0,3L,seed9,1,i,200,7,uniform,nan,nan,nan,0.0,nan,nan,nan,nan,0.0,2.0,1.0,7.0,nan,nan,nan,nan,nan,
bi20,20.0,3L,seed9,1,i,400,8,uniform,nan,nan,nan,0.0,nan,nan,nan,nan,0.0,3.0,1.0,8.0,nan,nan,nan,nan,nan,
bi20,20.0,3L,seed9,1,i,600,8,uniform,nan,nan,nan,0.0,nan,nan,nan,nan,0.0,3.0,1.0,8.0,nan,nan,nan,nan,nan,
bi20,20.0,3L,seed9,2,a,50,9,uniform,nan,nan,nan,0.0,nan,nan,nan,nan,0.0,3.0,1.0,9.0,nan,nan,nan,nan,nan,
bi20,20.0,3L,seed9,2,a,100,9,uniform,nan,nan,nan,0.0,nan,nan,nan,nan,0.0,3.0,1.0,9.0,nan,nan,nan,nan,nan,
bi20,20.0,3L,seed9,2,a,200,9,uniform,nan,nan,nan,0.0,nan,nan,nan,nan,0.0,3.0,1.0,9.0,nan,nan,nan,nan,nan,
bi20,20.0,3L,seed9,2,a,400,9,uniform,nan,nan,nan,0.0,nan,nan,nan,nan,0.0,3.0,1.0,9.0,nan,nan,nan,nan,nan,
bi20,20.0,3L,seed9,2,a,600,9,uniform,nan,nan,nan,0.0,nan,nan,nan,nan,0.0,3.0,1.0,9.0,nan,nan,nan,nan,nan,
bi20,20.0,3L,seed9,2,i,50,8,uniform,nan,nan,nan,0.0,nan,nan,nan,nan,0.0,2.0,1.0,8.0,nan,nan,nan,nan,nan,
bi20,20.0,3L,seed9,2,i,100,8,uniform,nan,nan,nan,0.0,nan,nan,nan,nan,0.0,2.0,1.0,8.0,nan,nan,nan,nan,nan,
bi20,20.0,3L,seed9,2,i,200,9,uniform,nan,nan,nan,0.0,nan,nan,nan,nan,0.0,3.0,1.0,9.0,nan,nan,nan,nan,nan,
bi20,20.0,3L,seed9,2,i,400,9,uniform,nan,nan,nan,0.0,nan,nan,nan,nan,0.0,3.0,1.0,9.0,nan,nan,nan,nan,nan,
bi20,20.0,3L,seed9,2,i,600,9,uniform,nan,nan,nan,0.0,nan,nan,nan,nan,0.0,3.0,1.0,9.0,nan,nan,nan,nan,nan,
bi20,20.0,3L,seed9,3,a,50,9,uniform,nan,nan,nan,0.0,nan,nan,nan,nan,0.0,3.0,1.0,9.0,nan,nan,nan,nan,nan,
bi20,20.0,3L,seed9,3,a,100,9,uniform,nan,nan,nan,0.0,nan,nan,nan,nan,0.0,3.0,1.0,9.0,nan,nan,nan,nan,nan,
bi20,20.0,3L,seed9,3,a,200,9,uniform,nan,nan,nan,0.0,nan,nan,nan,nan,0.0,3.0,1.0,9.0,nan,nan,nan,nan,nan,
bi20,20.0,3L,seed9,3,a,400,9,uniform,nan,nan,nan,0.0,nan,nan,nan,nan,0.0,3.0,1.0,9.0,nan,nan,nan,nan,nan,
bi20,20.0,3L,seed9,3,a,600,9,uniform,nan,nan,nan,0.0,nan,nan,nan,nan,0.0,3.0,1.0,9.0,nan,nan,nan,nan,nan,
bi20,20.0,3L,seed9,3,i,50,9,uniform,nan,nan,nan,0.0,nan,nan,nan,nan,0.0,2.0,1.0,9.0,nan,nan,nan,nan,nan,
bi20,20.0,3L,seed9,3,i,100,9,uniform,nan,nan,nan,0.0,nan,nan,nan,nan,0.0,3.0,1.0,9.0,nan,nan,nan,nan,nan,
bi20,20.0,3L,seed9,3,i,200,9,uniform,nan,nan,nan,0.0,nan,nan,nan,nan,0.0,3.0,1.0,9.0,nan,nan,nan,nan,nan,
bi20,20.0,3L,seed9,3,i,400,9,uniform,nan,nan,nan,0.0,nan,nan,nan,nan,0.0,3.0,1.0,9.0,nan,nan,nan,nan,nan,
bi20,20.0,3L,seed9,3,i,600,9,uniform,nan,nan,nan,0.0,nan,nan,nan,nan,0.0,3.0,1.0,9.0,nan,nan,nan,nan,nan,
bi25_D10,25.0,2L_JAPI at D_i 10,nucl,1,a,50,67,uniform,8.6475,nan,nan,0.0,nan,nan,nan,nan,0.0,219.0,1.0,67.0,1.1140093674353808,nan,nan,nan,nan,10.0
bi25_D10,25.0,2L_JAPI at D_i 10,nucl,1,a,100,77,uniform,12.451875,nan,nan,0.0,nan,nan,nan,nan,0.0,286.0,1.0,77.0,1.337316725767958,nan,nan,nan,nan,10.0
bi25_D10,25.0,2L_JAPI at D_i 10,nucl,1,a,200,79,uniform,13.460625,nan,nan,0.0,nan,nan,nan,nan,0.0,304.0,1.0,79.0,1.12561559374004,nan,nan,nan,nan,10.0
bi25_D10,25.0,2L_JAPI at D_i 10,nucl,1,a,400,81,uniform,14.370156356220258,nan,nan,0.0,nan,nan,nan,nan,0.0,323.0,1.0,81.0,0.9820497020619261,nan,nan,nan,nan,10.0
bi25_D10,25.0,2L_JAPI at D_i 10,nucl,1,a,600,84,uniform,14.267053020961775,nan,nan,0.0,nan,nan,nan,nan,0.0,342.0,1.0,84.0,0.35111010438018037,nan,nan,nan,nan,10.0
bi25_D10,25.0,2L_JAPI at D_i 10,nucl,1,i,50,63,uniform,8.6125,nan,nan,0.0,nan,nan,nan,nan,0.0,194.0,1.0,63.0,1.1206937829088321,nan,nan,nan,nan,10.0
bi25_D10,25.0,2L_JAPI at D_i 10,nucl,1,i,100,76,uniform,11.969,nan,nan,0.0,nan,nan,nan,nan,0.0,276.0,1.0,76.0,0.9263077301028045,nan,nan,nan,nan,10.0
bi25_D10,25.0,2L_JAPI at D_i 10,nucl,1,i,200,79,uniform,13.364166666666666,nan,nan,0.0,nan,nan,nan,nan,0.0,306.0,1.0,79.0,1.086796769077335,nan,nan,nan,nan,10.0
bi25_D10,25.0,2L_JAPI at D_i 10,nucl,1,i,400,81,uniform,14.21875,nan,nan,0.0,nan,nan,nan,nan,0.0,323.0,1.0,81.0,0.9101577589859338,nan,nan,nan,nan,10.0
bi25_D10,25.0,2L_JAPI at D_i 10,nucl,1,i,600,84,uniform,14.019973190348525,nan,nan,0.0,nan,nan,nan,nan,0.0,343.0,1.0,84.0,0.26654558277300394,nan,nan,nan,nan,10.0
bi25_D10,25.0,2L_JAPI at D_i 10,nucl,2,a,50,62,uniform,9.14,nan,nan,0.0,nan,nan,nan,nan,0.0,198.0,1.0,62.0,1.8979589521730664,nan,nan,nan,nan,10.0
bi25_D10,25.0,2L_JAPI at D_i 10,nucl,2,a,100,71,uniform,12.973333333333333,nan,nan,0.0,nan,nan,nan,nan,0.0,244.0,1.0,71.0,1.1224741547402228,nan,nan,nan,nan,10.0
bi25_D10,25.0,2L_JAPI at D_i 10,nucl,2,a,200,76,uniform,13.493131487889274,nan,nan,0.0,nan,nan,nan,nan,0.0,280.0,1.0,76.0,0.6009414911557452,nan,nan,nan,nan,10.0
bi25_D10,25.0,2L_JAPI at D_i 10,nucl,2,a,400,79,uniform,14.044166666666667,nan,nan,0.0,nan,nan,nan,nan,0.0,308.0,1.0,79.0,0.6534475541369463,nan,nan,nan,nan,10.0
bi25_D10,25.0,2L_JAPI at D_i 10,nucl,2,a,600,79,uniform,14.19625,nan,nan,0.0,nan,nan,nan,nan,0.0,309.0,1.0,79.0,0.9187286057691167,nan,nan,nan,nan,10.0
bi25_D10,25.0,2L_JAPI at D_i 10,nucl,2,i,50,60,uniform,11.9725,nan,nan,0.0,nan,nan,nan,nan,0.0,186.0,1.0,60.0,0.427459265022917,nan,nan,nan,nan,10.0
bi25_D10,25.0,2L_JAPI at D_i 10,nucl,2,i,100,70,uniform,12.9613125,nan,nan,0.0,nan,nan,nan,nan,0.0,238.0,1.0,70.0,1.136261063926481,nan,nan,nan,nan,10.0
bi25_D10,25.0,2L_JAPI at D_i 10,nucl,2,i,200,76,uniform,13.1175,nan,nan,0.0,nan,nan,nan,nan,0.0,277.0,1.0,76.0,0.5582576899674542,nan,nan,nan,nan,10.0
bi25_D10,25.0,2L_JAPI at D_i 10,nucl,2,i,400,79,uniform,13.695,nan,nan,0.0,nan,nan,nan,nan,0.0,309.0,1.0,79.0,0.7090865418456235,nan,nan,nan,nan,10.0
bi25_D10,25.0,2L_JAPI at D_i 10,nucl,2,i,600,79,uniform,14.138277945619336,nan,nan,0.0,nan,nan,nan,nan,0.0,310.0,1.0,79.0,0.8355211262100835,nan,nan,nan,nan,10.0
bi25_D10,25.0,2L_JAPI at D_i 10,nucl,3,a,50,75,uniform,12.07,nan,nan,0.0,nan,nan,nan,nan,0.0,276.0,1.0,75.0,1.4893431694595887,nan,nan,nan,nan,10.0
bi25_D10,25.0,2L_JAPI at D_i 10,nucl,3,a,100,78,uniform,11.894836852207293,nan,nan,0.0,nan,nan,nan,nan,0.0,304.0,1.0,78.0,1.382692511954112,nan,nan,nan,nan,10.0
bi25_D10,25.0,2L_JAPI at D_i 10,nucl,3,a,200,82,uniform,11.14875,nan,nan,0.0,nan,nan,nan,nan,0.0,339.0,1.0,82.0,0.8374997260639367,nan,nan,nan,nan,10.0
bi25_D10,25.0,2L_JAPI at D_i 10,nucl,3,a,400,88,uniform,12.677276507276508,nan,nan,0.0,nan,nan,nan,nan,0.0,389.0,1.0,88.0,0.7183836535208331,nan,nan,nan,nan,10.0
bi25_D10,25.0,2L_JAPI at D_i 10,nucl,3,a,600,89,uniform,14.0015,nan,nan,0.0,nan,nan,nan,nan,0.0,394.0,1.0,89.0,0.4762464624401511,nan,nan,nan,nan,10.0
bi25_D10,25.0,2L_JAPI at D_i 10,nucl,3,i,50,72,uniform,7.1475,nan,nan,0.0,nan,nan,nan,nan,0.0,247.0,1.0,72.0,1.3772169057663701,nan,nan,nan,nan,10.0
bi25_D10,25.0,2L_JAPI at D_i 10,nucl,3,i,100,75,uniform,11.329445544554455,nan,nan,0.0,nan,nan,nan,nan,0.0,281.0,1.0,75.0,0.6101791429271268,nan,nan,nan,nan,10.0
bi25_D10,25.0,2L_JAPI at D_i 10,nucl,3,i,200,82,uniform,12.465625,nan,nan,0.0,nan,nan,nan,nan,0.0,339.0,1.0,82.0,1.0245713433864594,nan,nan,nan,nan,10.0
bi25_D10,25.0,2L_JAPI at D_i 10,nucl,3,i,400,88,uniform,13.806757900677201,nan,nan,0.0,nan,nan,nan,nan,0.0,389.0,1.0,88.0,0.7870465402633303,nan,nan,nan,nan,10.0
bi25_D10,25.0,2L_JAPI at D_i 10,nucl,3,i,600,89,uniform,13.836469291801352,nan,nan,0.0,nan,nan,nan,nan,0.0,395.0,1.0,89.0,0.5197207400641904,nan,nan,nan,nan,10.0
bi25_D10,25.0,2L_JAPI at D_i 10,random,1,a,50,229,uniform,7.262526797677535,nan,nan,0.0,nan,nan,nan,nan,0.0,3058.0,1.0,229.0,0.23590439479097683,0.6686361441233486,2.9005556606443306,0.15500391957383025,0.07546932346400163,10.0
bi25_D10,25.0,2L_JAPI at D_i 10,random,1,a,100,223,uniform,7.864177135678392,nan,nan,0.0,nan,nan,nan,nan,0.0,2888.0,1.0,223.0,0.4366482315761334,0.8680553579780746,2.9630884092244747,0.1554993674787204,0.09241462873040918,10.0
bi25_D10,25.0,2L_JAPI at D_i 10,random,1,a,200,223,uniform,7.983500473036897,nan,nan,0.0,nan,nan,nan,nan,0.0,2884.0,1.0,223.0,0.46571116703058574,0.81727503938322,2.7048641612466735,0.12383031027048191,0.07578409646005521,10.0
bi25_D10,25.0,2L_JAPI at D_i 10,random,1,a,400,223,uniform,7.734597701149426,nan,nan,0.0,nan,nan,nan,nan,0.0,2894.0,1.0,223.0,0.45491199947602395,0.8857755573225864,5.0228211832484035,0.12294099381883912,0.10090830843032066,10.0
bi25_D10,25.0,2L_JAPI at D_i 10,random,1,a,600,222,uniform,8.373723777475478,nan,nan,0.0,nan,nan,nan,nan,0.0,2867.0,1.0,222.0,0.44901724927329734,0.7151212312635987,4.061553801399597,0.15502537273730477,0.10459353604941296,10.0
bi25_D10,25.0,2L_JAPI at D_i 10,random,1,i,50,219,uniform,7.215802338957055,nan,nan,0.0,nan,nan,nan,nan,0.0,2812.0,1.0,219.0,0.2184223548826382,1.2424209534456097,4.399337071271837,0.14076592491262438,0.1069989941614824,10.0
bi25_D10,25.0,2L_JAPI at D_i 10,random,1,i,100,220,uniform,7.350018867924528,nan,nan,0.0,nan,nan,nan,nan,0.0,2813.0,1.0,220.0,0.19069593045650116,0.7749421885520613,2.667729380081772,0.1366915368551908,0.052417081803098814,10.0
bi25_D10,25.0,2L_JAPI at D_i 10,random,1,i,200,219,uniform,7.5063148805078415,nan,nan,0.0,nan,nan,nan,nan,0.0,2790.0,1.0,219.0,0.3863815795439099,0.7620770989525871,4.394051923645453,0.12511809560311168,0.1419202700247289,10.0
bi25_D10,25.0,2L_JAPI at D_i 10,random,1,i,400,219,uniform,7.536363433501934,nan,nan,0.0,nan,nan,nan,nan,0.0,2804.0,1.0,219.0,0.421768615618759,0.9415888793781472,5.464373248598599,0.14561606848701156,0.10749683374052416,10.0
bi25_D10,25.0,2L_JAPI at D_i 10,random,1,i,600,218,uniform,7.54012010569301,nan,nan,0.0,nan,nan,nan,nan,0.0,2773.0,1.0,218.0,0.30804195799748996,0.8436437007869797,5.355706652721002,0.11757370624817987,0.06641074321037388,10.0
bi25_D10,25.0,2L_JAPI at D_i 10,random,2,a,50,235,uniform,7.654212238574749,nan,nan,0.0,nan,nan,nan,nan,0.0,3234.0,1.0,235.0,0.24410901026298565,1.1423076863618644,4.949352861738593,0.11022388433846061,0.08173160154783765,10.0
bi25_D10,25.0,2L_JAPI at D_i 10,random,2,a,100,227,uniform,8.132147470398278,nan,nan,0.0,nan,nan,nan,nan,0.0,3002.0,1.0,227.0,0.28417963169144544,0.7073085426842393,4.6689054055474735,0.17430778172297498,0.07164038717429302,10.0
bi25_D10,25.0,2L_JAPI at D_i 10,random,2,a,200,227,uniform,8.337834808680753,nan,nan,0.0,nan,nan,nan,nan,0.0,3010.0,1.0,227.0,0.37324334533008136,0.9735813873392596,4.066140180253497,0.11175610457899732,0.09478003647149062,10.0
bi25_D10,25.0,2L_JAPI at D_i 10,random,2,a,400,227,uniform,8.31188785046729,nan,nan,0.0,nan,nan,nan,nan,0.0,3010.0,1.0,227.0,0.3147598386220581,0.7798439615989496,4.341106809712627,0.15864637825514855,0.09348050383836574,10.0
bi25_D10,25.0,2L_JAPI at D_i 10,random,2,a,600,226,uniform,8.352958694659973,11.25,1.7054908485856906,41.0,nan,nan,nan,nan,0.0,2979.0,1.0,226.0,0.38731672965418207,0.44330920773869653,4.367586649141045,0.19397774013190244,0.07427518857272258,10.0
bi25_D10,25.0,2L_JAPI at D_i 10,random,2,i,50,186,uniform,7.450665213781652,nan,nan,0.0,nan,nan,nan,nan,0.0,1972.0,1.0,186.0,0.3053417317243308,0.6237413361625713,nan,0.15066320460129928,nan,10.0
bi25_D10,25.0,2L_JAPI at D_i 10,random,2,i,100,185,uniform,7.856601150527325,nan,nan,0.0,nan,nan,nan,nan,0.0,1932.0,1.0,185.0,0.20155184968310463,0.8921029934178295,nan,0.14739463106964934,nan,10.0
bi25_D10,25.0,2L_JAPI at D_i 10,random,2,i,200,196,uniform,7.932921417439094,nan,nan,0.0,nan,nan,nan,nan,0.0,2206.0,1.0,196.0,0.17082532088818256,0.7341267652491815,4.942558941367203,0.14942600602117836,0.08550310838975378,10.0
bi25_D10,25.0,2L_JAPI at D_i 10,random,2,i,400,199,uniform,7.947419590643275,nan,nan,0.0,nan,nan,nan,nan,0.0,2280.0,1.0,199.0,0.19785261818008168,0.7919151024417908,3.6927172534985284,0.14247518597753245,0.06323847843414451,10.0
bi25_D10,25.0,2L_JAPI at D_i 10,random,2,i,600,202,uniform,7.992117671176712,nan,nan,0.0,nan,nan,nan,nan,0.0,2345.0,1.0,202.0,0.18626472157497623,0.5618628648458035,2.8700593172318,0.18621341735025726,0.09234350219631744,10.0
bi25_D10,25.0,2L_JAPI at D_i 10,random,3,a,50,221,uniform,7.685208543558695,nan,nan,0.0,nan,nan,nan,nan,0.0,2808.0,1.0,221.0,0.35951482195769924,1.5657816777560958,5.142266676709257,0.14734214948096808,0.1094175019099961,10.0
bi25_D10,25.0,2L_JAPI at D_i 10,random,3,a,100,216,uniform,8.327339757790577,nan,nan,0.0,nan,nan,nan,nan,0.0,2673.0,1.0,216.0,0.24116567738649575,1.365540578229441,4.134373125157408,0.14075955852815805,0.11385166718429998,10.0
bi25_D10,25.0,2L_JAPI at D_i 10,random,3,a,200,215,uniform,8.45613488372093,13.25,1.6733067729083664,42.0,nan,nan,nan,nan,0.0,2642.0,1.0,215.0,0.2217284557968876,1.1309975930812388,2.18061784697378,0.17549460478195977,0.09295456847216264,10.0
bi25_D10,25.0,2L_JAPI at D_i 10,random,3,a,400,213,uniform,8.479559967885375,12.25,1.6824849007765315,39.0,nan,nan,nan,nan,0.0,2575.0,1.0,213.0,0.18449496304287488,0.6918090583698875,3.1532060404187567,0.17441942204989797,0.09242676925146916,10.0
bi25_D10,25.0,2L_JAPI at D_i 10,random,3,a,600,213,uniform,8.493053482587065,12.25,1.899007337073802,44.0,nan,nan,nan,nan,0.0,2573.0,1.0,213.0,0.18847015368393616,0.397578597664085,4.1372730223209215,0.2188966014833554,0.07159765430479925,10.0
bi25_D10,25.0,2L_JAPI at D_i 10,random,3,i,50,167,uniform,7.935171019900498,nan,nan,0.0,nan,nan,nan,nan,0.0,1557.0,1.0,167.0,0.46901704954864526,0.9833321660356336,nan,0.11003526892895082,nan,10.0
bi25_D10,25.0,2L_JAPI at D_i 10,random,3,i,100,178,uniform,8.034218802415296,nan,nan,0.0,nan,nan,nan,nan,0.0,1773.0,1.0,178.0,0.29576022432785537,0.8380291757500357,3.322784233399514,0.15426297893243737,0.10489617991276289,10.0
bi25_D10,25.0,2L_JAPI at D_i 10,random,3,i,200,180,uniform,8.14898483172697,nan,nan,0.0,nan,nan,nan,nan,0.0,1817.0,1.0,180.0,0.5425641758309848,0.6457658457796001,3.7863133308078525,0.17611252720933734,0.0825472557971474,10.0
bi25_D10,25.0,2L_JAPI at D_i 10,random,3,i,400,183,uniform,8.237408953632972,12.75,1.8028169014084507,32.0,nan,nan,nan,nan,0.0,1858.0,1.0,183.0,0.49602648452902404,1.1417754260022377,3.947388377142538,0.1985390340160824,0.08816671183078555,10.0
bi25_D10,25.0,2L_JAPI at D_i 10,random,3,i,600,184,uniform,8.754028096330275,nan,nan,0.0,nan,nan,nan,nan,0.0,1877.0,1.0,184.0,0.579756972656968,0.7888440910598241,5.988173599886851,0.21780817024874408,0.10152093508987901,10.0
bi25_D10,25.0,2L_JAPI at D_i 10,seed1,0,a,50,1,uniform,nan,nan,nan,0.0,nan,nan,nan,nan,0.0,0.0,1.0,1.0,nan,nan,nan,nan,nan,10.0
bi25_D10,25.0,2L_JAPI at D_i 10,seed1,0,a,100,1,uniform,nan,nan,nan,0.0,nan,nan,nan,nan,0.0,0.0,1.0,1.0,nan,nan,nan,nan,nan,10.0
bi25_D10,25.0,2L_JAPI at D_i 10,seed1,0,a,200,1,uniform,nan,nan,nan,0.0,nan,nan,nan,nan,0.0,0.0,1.0,1.0,nan,nan,nan,nan,nan,10.0
bi25_D10,25.0,2L_JAPI at D_i 10,seed1,0,a,400,1,uniform,nan,nan,nan,0.0,nan,nan,nan,nan,0.0,0.0,1.0,1.0,nan,nan,nan,nan,nan,10.0
bi25_D10,25.0,2L_JAPI at D_i 10,seed1,0,a,600,1,uniform,nan,nan,nan,0.0,nan,nan,nan,nan,0.0,0.0,1.0,1.0,nan,nan,nan,nan,nan,10.0
bi25_D10,25.0,2L_JAPI at D_i 10,seed1,0,i,50,1,uniform,nan,nan,nan,0.0,nan,nan,nan,nan,0.0,0.0,1.0,1.0,nan,nan,nan,nan,nan,10.0
bi25_D10,25.0,2L_JAPI at D_i 10,seed1,0,i,100,1,uniform,nan,nan,nan,0.0,nan,nan,nan,nan,0.0,0.0,1.0,1.0,nan,nan,nan,nan,nan,10.0
bi25_D10,25.0,2L_JAPI at D_i 10,seed1,0,i,200,1,uniform,nan,nan,nan,0.0,nan,nan,nan,nan,0.0,0.0,1.0,1.0,nan,nan,nan,nan,nan,10.0
bi25_D10,25.0,2L_JAPI at D_i 10,seed1,0,i,400,1,uniform,nan,nan,nan,0.0,nan,nan,nan,nan,0.0,0.0,1.0,1.0,nan,nan,nan,nan,nan,10.0
bi25_D10,25.0,2L_JAPI at D_i 10,seed1,0,i,600,1,uniform,nan,nan,nan,0.0,nan,nan,nan,nan,0.0,0.0,1.0,1.0,nan,nan,nan,nan,nan,10.0
bi25_D10,25.0,2L_JAPI at D_i 10,seed36,1,a,50,36,uniform,nan,nan,nan,0.0,nan,nan,nan,nan,0.0,80.0,1.0,36.0,nan,nan,nan,nan,nan,10.0
bi25_D10,25.0,2L_JAPI at D_i 10,seed36,1,a,100,36,uniform,nan,nan,nan,0.0,nan,nan,nan,nan,0.0,80.0,1.0,36.0,nan,nan,nan,nan,nan,10.0
bi25_D10,25.0,2L_JAPI at D_i 10,seed36,1,a,200,36,uniform,nan,nan,nan,0.0,nan,nan,nan,nan,0.0,80.0,1.0,36.0,nan,nan,nan,nan,nan,10.0
bi25_D10,25.0,2L_JAPI at D_i 10,seed36,1,a,400,36,uniform,nan,nan,nan,0.0,nan,nan,nan,nan,0.0,80.0,1.0,36.0,nan,nan,nan,nan,nan,10.0
bi25_D10,25.0,2L_JAPI at D_i 10,seed36,1,a,600,36,uniform,nan,nan,nan,0.0,nan,nan,nan,nan,0.0,80.0,1.0,36.0,nan,nan,nan,nan,nan,10.0
bi25_D10,25.0,2L_JAPI at D_i 10,seed36,1,i,50,33,uniform,nan,nan,nan,0.0,nan,nan,nan,nan,0.0,63.0,1.0,33.0,nan,nan,nan,nan,nan,10.0
bi25_D10,25.0,2L_JAPI at D_i 10,seed36,1,i,100,33,uniform,nan,nan,nan,0.0,nan,nan,nan,nan,0.0,63.0,1.0,33.0,nan,nan,nan,nan,nan,10.0
bi25_D10,25.0,2L_JAPI at D_i 10,seed36,1,i,200,35,uniform,nan,nan,nan,0.0,nan,nan,nan,nan,0.0,75.0,1.0,35.0,nan,nan,nan,nan,nan,10.0
bi25_D10,25.0,2L_JAPI at D_i 10,seed36,1,i,400,35,uniform,nan,nan,nan,0.0,nan,nan,nan,nan,0.0,75.0,1.0,35.0,nan,nan,nan,nan,nan,10.0
bi25_D10,25.0,2L_JAPI at D_i 10,seed36,1,i,600,35,uniform,nan,nan,nan,0.0,nan,nan,nan,nan,0.0,75.0,1.0,35.0,nan,nan,nan,nan,nan,10.0
bi25_D10,25.0,2L_JAPI at D_i 10,seed36,2,a,50,35,uniform,nan,nan,nan,0.0,nan,nan,nan,nan,0.0,70.0,1.0,35.0,nan,nan,nan,nan,nan,10.0
bi25_D10,25.0,2L_JAPI at D_i 10,seed36,2,a,100,35,uniform,nan,nan,nan,0.0,nan,nan,nan,nan,0.0,70.0,1.0,35.0,nan,nan,nan,nan,nan,10.0
bi25_D10,25.0,2L_JAPI at D_i 10,seed36,2,a,200,35,uniform,nan,nan,nan,0.0,nan,nan,nan,nan,0.0,70.0,1.0,35.0,nan,nan,nan,nan,nan,10.0
bi25_D10,25.0,2L_JAPI at D_i 10,seed36,2,a,400,35,uniform,nan,nan,nan,0.0,nan,nan,nan,nan,0.0,70.0,1.0,35.0,nan,nan,nan,nan,nan,10.0
bi25_D10,25.0,2L_JAPI at D_i 10,seed36,2,a,600,35,uniform,nan,nan,nan,0.0,nan,nan,nan,nan,0.0,70.0,1.0,35.0,nan,nan,nan,nan,nan,10.0
bi25_D10,25.0,2L_JAPI at D_i 10,seed36,2,i,50,33,uniform,nan,nan,nan,0.0,nan,nan,nan,nan,0.0,61.0,1.0,33.0,nan,nan,nan,nan,nan,10.0
bi25_D10,25.0,2L_JAPI at D_i 10,seed36,2,i,100,34,uniform,nan,nan,nan,0.0,nan,nan,nan,nan,0.0,65.0,1.0,34.0,nan,nan,nan,nan,nan,10.0
bi25_D10,25.0,2L_JAPI at D_i 10,seed36,2,i,200,35,uniform,nan,nan,nan,0.0,nan,nan,nan,nan,0.0,70.0,1.0,35.0,nan,nan,nan,nan,nan,10.0
bi25_D10,25.0,2L_JAPI at D_i 10,seed36,2,i,400,35,uniform,nan,nan,nan,0.0,nan,nan,nan,nan,0.0,70.0,1.0,35.0,nan,nan,nan,nan,nan,10.0
bi25_D10,25.0,2L_JAPI at D_i 10,seed36,2,i,600,35,uniform,nan,nan,nan,0.0,nan,nan,nan,nan,0.0,70.0,1.0,35.0,nan,nan,nan,nan,nan,10.0
bi25_D10,25.0,2L_JAPI at D_i 10,seed36,3,a,50,34,uniform,nan,nan,nan,0.0,nan,nan,nan,nan,0.0,63.0,1.0,34.0,nan,nan,nan,nan,nan,10.0
bi25_D10,25.0,2L_JAPI at D_i 10,seed36,3,a,100,34,uniform,nan,nan,nan,0.0,nan,nan,nan,nan,0.0,63.0,1.0,34.0,nan,nan,nan,nan,nan,10.0
bi25_D10,25.0,2L_JAPI at D_i 10,seed36,3,a,200,34,uniform,nan,nan,nan,0.0,nan,nan,nan,nan,0.0,63.0,1.0,34.0,nan,nan,nan,nan,nan,10.0
bi25_D10,25.0,2L_JAPI at D_i 10,seed36,3,a,400,34,uniform,nan,nan,nan,0.0,nan,nan,nan,nan,0.0,63.0,1.0,34.0,nan,nan,nan,nan,nan,10.0
bi25_D10,25.0,2L_JAPI at D_i 10,seed36,3,a,600,34,uniform,nan,nan,nan,0.0,nan,nan,nan,nan,0.0,63.0,1.0,34.0,nan,nan,nan,nan,nan,10.0
bi25_D10,25.0,2L_JAPI at D_i 10,seed36,3,i,50,32,uniform,nan,nan,nan,0.0,nan,nan,nan,nan,0.0,55.0,1.0,32.0,nan,nan,nan,nan,nan,10.0
bi25_D10,25.0,2L_JAPI at D_i 10,seed36,3,i,100,33,uniform,nan,nan,nan,0.0,nan,nan,nan,nan,0.0,59.0,1.0,33.0,nan,nan,nan,nan,nan,10.0
bi25_D10,25.0,2L_JAPI at D_i 10,seed36,3,i,200,33,uniform,nan,nan,nan,0.0,nan,nan,nan,nan,0.0,59.0,1.0,33.0,nan,nan,nan,nan,nan,10.0
bi25_D10,25.0,2L_JAPI at D_i 10,seed36,3,i,400,33,uniform,nan,nan,nan,0.0,nan,nan,nan,nan,0.0,59.0,1.0,33.0,nan,nan,nan,nan,nan,10.0
bi25_D10,25.0,2L_JAPI at D_i 10,seed36,3,i,600,33,uniform,nan,nan,nan,0.0,nan,nan,nan,nan,0.0,59.0,1.0,33.0,nan,nan,nan,nan,nan,10.0
bi25_D5,25.0,2L_JAPI at D_i 5,nucl,1,a,50,27,uniform,nan,nan,nan,0.0,nan,nan,nan,nan,0.0,30.0,1.0,27.0,nan,nan,nan,nan,nan,5.0
bi25_D5,25.0,2L_JAPI at D_i 5,nucl,1,a,100,43,uniform,nan,nan,nan,0.0,nan,nan,nan,nan,0.0,93.0,1.0,43.0,nan,nan,nan,nan,nan,5.0
bi25_D5,25.0,2L_JAPI at D_i 5,nucl,1,a,200,64,uniform,11.7175,nan,nan,0.0,nan,nan,nan,nan,0.0,219.0,1.0,64.0,0.960668800055172,nan,nan,nan,nan,5.0
bi25_D5,25.0,2L_JAPI at D_i 5,nucl,1,a,400,86,uniform,12.67875,nan,nan,0.0,nan,nan,nan,nan,0.0,402.0,1.0,86.0,0.6918557336995781,nan,nan,nan,nan,5.0
bi25_D5,25.0,2L_JAPI at D_i 5,nucl,1,a,600,91,uniform,12.983556661562021,nan,nan,0.0,nan,nan,nan,nan,0.0,442.0,1.0,91.0,0.7120919162640896,0.6154888549862173,nan,0.1138983265768439,nan,5.0
bi25_D5,25.0,2L_JAPI at D_i 5,nucl,1,i,50,27,uniform,nan,nan,nan,0.0,nan,nan,nan,nan,0.0,30.0,1.0,27.0,nan,nan,nan,nan,nan,5.0
bi25_D5,25.0,2L_JAPI at D_i 5,nucl,1,i,100,43,uniform,nan,nan,nan,0.0,nan,nan,nan,nan,0.0,93.0,1.0,43.0,nan,nan,nan,nan,nan,5.0
bi25_D5,25.0,2L_JAPI at D_i 5,nucl,1,i,200,64,uniform,11.7175,nan,nan,0.0,nan,nan,nan,nan,0.0,214.0,1.0,64.0,1.1672531333965446,nan,nan,nan,nan,5.0
bi25_D5,25.0,2L_JAPI at D_i 5,nucl,1,i,400,86,uniform,12.67875,nan,nan,0.0,nan,nan,nan,nan,0.0,403.0,1.0,86.0,0.7356686075893447,nan,nan,nan,nan,5.0
bi25_D5,25.0,2L_JAPI at D_i 5,nucl,1,i,600,90,uniform,13.126666666666667,nan,nan,0.0,nan,nan,nan,nan,0.0,430.0,1.0,90.0,0.35143549416332864,nan,nan,nan,nan,5.0
bi25_D5,25.0,2L_JAPI at D_i 5,nucl,2,a,50,21,uniform,nan,nan,nan,0.0,nan,nan,nan,nan,0.0,30.0,1.0,21.0,nan,nan,nan,nan,nan,5.0
bi25_D5,25.0,2L_JAPI at D_i 5,nucl,2,a,100,46,uniform,12.4825,nan,nan,0.0,nan,nan,nan,nan,0.0,113.0,1.0,46.0,0.5972970912243313,nan,nan,nan,nan,5.0
bi25_D5,25.0,2L_JAPI at D_i 5,nucl,2,a,200,65,uniform,13.300162689804772,nan,nan,0.0,nan,nan,nan,nan,0.0,225.0,1.0,65.0,0.44100252001445855,nan,nan,nan,nan,5.0
bi25_D5,25.0,2L_JAPI at D_i 5,nucl,2,a,400,80,uniform,13.108362831858408,nan,nan,0.0,nan,nan,nan,nan,0.0,341.0,1.0,80.0,1.0832594734875503,nan,nan,nan,nan,5.0
bi25_D5,25.0,2L_JAPI at D_i 5,nucl,2,a,600,89,uniform,11.73125,nan,nan,0.0,nan,nan,nan,nan,0.0,442.0,1.0,89.0,0.9701357227196438,1.1239722458617276,nan,0.419686046740246,nan,5.0
bi25_D5,25.0,2L_JAPI at D_i 5,nucl,2,i,50,20,uniform,nan,nan,nan,0.0,nan,nan,nan,nan,0.0,28.0,1.0,20.0,nan,nan,nan,nan,nan,5.0
bi25_D5,25.0,2L_JAPI at D_i 5,nucl,2,i,100,43,uniform,nan,nan,nan,0.0,nan,nan,nan,nan,0.0,97.0,1.0,43.0,nan,nan,nan,nan,nan,5.0
bi25_D5,25.0,2L_JAPI at D_i 5,nucl,2,i,200,64,uniform,13.0375,nan,nan,0.0,nan,nan,nan,nan,0.0,218.0,1.0,64.0,0.5432049569279546,nan,nan,nan,nan,5.0
bi25_D5,25.0,2L_JAPI at D_i 5,nucl,2,i,400,80,uniform,12.13625,nan,nan,0.0,nan,nan,nan,nan,0.0,342.0,1.0,80.0,1.249333250295364,nan,nan,nan,nan,5.0
bi25_D5,25.0,2L_JAPI at D_i 5,nucl,2,i,600,89,uniform,12.008125,nan,nan,0.0,nan,nan,nan,nan,0.0,447.0,1.0,89.0,0.7994624568067626,nan,nan,nan,nan,5.0
bi25_D5,25.0,2L_JAPI at D_i 5,nucl,3,a,50,34,uniform,nan,nan,nan,0.0,nan,nan,nan,nan,0.0,55.0,1.0,34.0,nan,nan,nan,nan,nan,5.0
bi25_D5,25.0,2L_JAPI at D_i 5,nucl,3,a,100,48,uniform,12.52,nan,nan,0.0,nan,nan,nan,nan,0.0,112.0,1.0,48.0,0.7524814672436098,nan,nan,nan,nan,5.0
bi25_D5,25.0,2L_JAPI at D_i 5,nucl,3,a,200,67,uniform,13.5775,nan,nan,0.0,nan,nan,nan,nan,0.0,245.0,1.0,67.0,1.0038489615293482,nan,nan,nan,nan,5.0
bi25_D5,25.0,2L_JAPI at D_i 5,nucl,3,a,400,85,uniform,12.901341240875912,nan,nan,0.0,nan,nan,nan,nan,0.0,406.0,1.0,85.0,0.6095415485973388,0.6684870978560469,nan,0.2619933565958306,nan,5.0
bi25_D5,25.0,2L_JAPI at D_i 5,nucl,3,a,600,96,uniform,12.93104425256341,nan,nan,0.0,nan,nan,nan,nan,0.0,505.0,1.0,96.0,0.32612495360749993,0.36420186439337926,2.473470346609305,0.37113065122280664,0.19778620105571434,5.0
bi25_D5,25.0,2L_JAPI at D_i 5,nucl,3,i,50,34,uniform,nan,nan,nan,0.0,nan,nan,nan,nan,0.0,55.0,1.0,34.0,nan,nan,nan,nan,nan,5.0
bi25_D5,25.0,2L_JAPI at D_i 5,nucl,3,i,100,46,uniform,12.5275,nan,nan,0.0,nan,nan,nan,nan,0.0,104.0,1.0,46.0,0.6037093554381747,nan,nan,nan,nan,5.0
bi25_D5,25.0,2L_JAPI at D_i 5,nucl,3,i,200,67,uniform,14.360416666666667,nan,nan,0.0,nan,nan,nan,nan,0.0,244.0,1.0,67.0,1.0896499953821015,nan,nan,nan,nan,5.0
bi25_D5,25.0,2L_JAPI at D_i 5,nucl,3,i,400,85,uniform,12.682105882352941,nan,nan,0.0,nan,nan,nan,nan,0.0,404.0,1.0,85.0,0.7231263124782623,0.9164298936634487,1.434521258005409,0.5436166123501222,0.267276937123659,5.0
bi25_D5,25.0,2L_JAPI at D_i 5,nucl,3,i,600,95,uniform,12.9575,nan,nan,0.0,nan,nan,nan,nan,0.0,500.0,1.0,95.0,0.30021236049822103,0.8362577538800651,2.8349938417295775,0.46809224685360323,0.20676214679364774,5.0
bi25_D5,25.0,2L_JAPI at D_i 5,random,1,a,50,67,uniform,7.1075,nan,nan,0.0,nan,nan,nan,nan,0.0,262.0,1.0,67.0,0.5091291736758009,nan,nan,nan,nan,5.0
bi25_D5,25.0,2L_JAPI at D_i 5,random,1,a,100,67,uniform,7.95375,nan,nan,0.0,nan,nan,nan,nan,0.0,263.0,1.0,67.0,0.24093283632528842,nan,nan,nan,nan,5.0
bi25_D5,25.0,2L_JAPI at D_i 5,random,1,a,200,67,uniform,8.155,nan,nan,0.0,nan,nan,nan,nan,0.0,268.0,1.0,67.0,0.504223497556653,nan,nan,nan,nan,5.0
bi25_D5,25.0,2L_JAPI at D_i 5,random,1,a,400,67,uniform,8.12,nan,nan,0.0,nan,nan,nan,nan,0.0,269.0,1.0,67.0,0.6039757201414374,nan,nan,nan,nan,5.0
bi25_D5,25.0,2L_JAPI at D_i 5,random,1,a,600,67,uniform,8.14,nan,nan,0.0,nan,nan,nan,nan,0.0,272.0,1.0,67.0,0.6974310244419634,nan,nan,nan,nan,5.0
bi25_D5,25.0,2L_JAPI at D_i 5,random,1,i,50,67,uniform,6.555,nan,nan,0.0,nan,nan,nan,nan,0.0,261.0,1.0,67.0,0.6151034475079059,nan,nan,nan,nan,5.0
bi25_D5,25.0,2L_JAPI at D_i 5,random,1,i,100,67,uniform,7.42625,nan,nan,0.0,nan,nan,nan,nan,0.0,263.0,1.0,67.0,0.4230171765751694,nan,nan,nan,nan,5.0
bi25_D5,25.0,2L_JAPI at D_i 5,random,1,i,200,67,uniform,7.605,nan,nan,0.0,nan,nan,nan,nan,0.0,265.0,1.0,67.0,0.7208003948578096,nan,nan,nan,nan,5.0
bi25_D5,25.0,2L_JAPI at D_i 5,random,1,i,400,67,uniform,7.63,nan,nan,0.0,nan,nan,nan,nan,0.0,271.0,1.0,67.0,0.7102677448687913,nan,nan,nan,nan,5.0
bi25_D5,25.0,2L_JAPI at D_i 5,random,1,i,600,67,uniform,7.635,nan,nan,0.0,nan,nan,nan,nan,0.0,271.0,1.0,67.0,0.8936610663719439,nan,nan,nan,nan,5.0
bi25_D5,25.0,2L_JAPI at D_i 5,random,2,a,50,80,uniform,6.985,nan,nan,0.0,nan,nan,nan,nan,0.0,400.0,1.0,80.0,0.5137803983608686,nan,nan,nan,nan,5.0
bi25_D5,25.0,2L_JAPI at D_i 5,random,2,a,100,80,uniform,7.1850000000000005,nan,nan,0.0,nan,nan,nan,nan,0.0,400.0,1.0,80.0,0.9057717476353311,nan,nan,nan,nan,5.0
bi25_D5,25.0,2L_JAPI at D_i 5,random,2,a,200,80,uniform,7.1625,nan,nan,0.0,nan,nan,nan,nan,0.0,405.0,1.0,80.0,1.2312830756684638,nan,nan,nan,nan,5.0
bi25_D5,25.0,2L_JAPI at D_i 5,random,2,a,400,80,uniform,7.74,nan,nan,0.0,nan,nan,nan,nan,0.0,405.0,1.0,80.0,1.2602961798315515,nan,nan,nan,nan,5.0
bi25_D5,25.0,2L_JAPI at D_i 5,random,2,a,600,80,uniform,10.882545230263158,nan,nan,0.0,nan,nan,nan,nan,0.0,404.0,1.0,80.0,1.6521111879524513,nan,nan,nan,nan,5.0
bi25_D5,25.0,2L_JAPI at D_i 5,random,2,i,50,80,uniform,6.48875,nan,nan,0.0,nan,nan,nan,nan,0.0,402.0,1.0,80.0,0.7192694028344796,nan,nan,nan,nan,5.0
bi25_D5,25.0,2L_JAPI at D_i 5,random,2,i,100,80,uniform,6.6850000000000005,nan,nan,0.0,nan,nan,nan,nan,0.0,403.0,1.0,80.0,1.072999747590077,nan,nan,nan,nan,5.0
bi25_D5,25.0,2L_JAPI at D_i 5,random,2,i,200,80,uniform,6.715,nan,nan,0.0,nan,nan,nan,nan,0.0,406.0,1.0,80.0,0.9866680260748735,nan,nan,nan,nan,5.0
bi25_D5,25.0,2L_JAPI at D_i 5,random,2,i,400,80,uniform,6.74,nan,nan,0.0,nan,nan,nan,nan,0.0,405.0,1.0,80.0,1.1525525685017688,nan,nan,nan,nan,5.0
bi25_D5,25.0,2L_JAPI at D_i 5,random,2,i,600,80,uniform,6.615,nan,nan,0.0,nan,nan,nan,nan,0.0,402.0,1.0,80.0,1.790500080823008,nan,nan,nan,nan,5.0
bi25_D5,25.0,2L_JAPI at D_i 5,random,3,a,50,74,uniform,7.215,nan,nan,0.0,nan,nan,nan,nan,0.0,328.0,1.0,74.0,0.6006210589510653,nan,nan,nan,nan,5.0
bi25_D5,25.0,2L_JAPI at D_i 5,random,3,a,100,74,uniform,7.7125,nan,nan,0.0,nan,nan,nan,nan,0.0,328.0,1.0,74.0,0.34917250401289757,nan,nan,nan,nan,5.0
bi25_D5,25.0,2L_JAPI at D_i 5,random,3,a,200,74,uniform,7.605,nan,nan,0.0,nan,nan,nan,nan,0.0,327.0,1.0,74.0,0.7995654266279911,nan,nan,nan,nan,5.0
bi25_D5,25.0,2L_JAPI at D_i 5,random,3,a,400,74,uniform,7.725,nan,nan,0.0,nan,nan,nan,nan,0.0,324.0,1.0,74.0,0.751175490879097,nan,nan,nan,nan,5.0
bi25_D5,25.0,2L_JAPI at D_i 5,random,3,a,600,74,uniform,7.7425,nan,nan,0.0,nan,nan,nan,nan,0.0,325.0,1.0,74.0,1.0253782602963772,nan,nan,nan,nan,5.0
bi25_D5,25.0,2L_JAPI at D_i 5,random,3,i,50,75,uniform,6.6975,nan,nan,0.0,nan,nan,nan,nan,0.0,336.0,1.0,75.0,0.7342379455599062,nan,nan,nan,nan,5.0
bi25_D5,25.0,2L_JAPI at D_i 5,random,3,i,100,75,uniform,7.18,nan,nan,0.0,nan,nan,nan,nan,0.0,336.0,1.0,75.0,0.6188411686670693,nan,nan,nan,nan,5.0
bi25_D5,25.0,2L_JAPI at D_i 5,random,3,i,200,75,uniform,7.23,nan,nan,0.0,nan,nan,nan,nan,0.0,337.0,1.0,75.0,0.9477115196726995,nan,nan,nan,nan,5.0
bi25_D5,25.0,2L_JAPI at D_i 5,random,3,i,400,75,uniform,7.205,nan,nan,0.0,nan,nan,nan,nan,0.0,332.0,1.0,75.0,1.1947390058730898,nan,nan,nan,nan,5.0
bi25_D5,25.0,2L_JAPI at D_i 5,random,3,i,600,75,uniform,7.1375,nan,nan,0.0,nan,nan,nan,nan,0.0,331.0,1.0,75.0,1.1635244240930267,nan,nan,nan,nan,5.0
bi25_D5,25.0,2L_JAPI at D_i 5,seed1,0,a,50,1,uniform,nan,nan,nan,0.0,nan,nan,nan,nan,0.0,0.0,1.0,1.0,nan,nan,nan,nan,nan,5.0
bi25_D5,25.0,2L_JAPI at D_i 5,seed1,0,a,100,1,uniform,nan,nan,nan,0.0,nan,nan,nan,nan,0.0,0.0,1.0,1.0,nan,nan,nan,nan,nan,5.0
bi25_D5,25.0,2L_JAPI at D_i 5,seed1,0,a,200,1,uniform,nan,nan,nan,0.0,nan,nan,nan,nan,0.0,0.0,1.0,1.0,nan,nan,nan,nan,nan,5.0
bi25_D5,25.0,2L_JAPI at D_i 5,seed1,0,a,400,1,uniform,nan,nan,nan,0.0,nan,nan,nan,nan,0.0,0.0,1.0,1.0,nan,nan,nan,nan,nan,5.0
bi25_D5,25.0,2L_JAPI at D_i 5,seed1,0,a,600,1,uniform,nan,nan,nan,0.0,nan,nan,nan,nan,0.0,0.0,1.0,1.0,nan,nan,nan,nan,nan,5.0
bi25_D5,25.0,2L_JAPI at D_i 5,seed1,0,i,50,1,uniform,nan,nan,nan,0.0,nan,nan,nan,nan,0.0,0.0,1.0,1.0,nan,nan,nan,nan,nan,5.0
bi25_D5,25.0,2L_JAPI at D_i 5,seed1,0,i,100,1,uniform,nan,nan,nan,0.0,nan,nan,nan,nan,0.0,0.0,1.0,1.0,nan,nan,nan,nan,nan,5.0
bi25_D5,25.0,2L_JAPI at D_i 5,seed1,0,i,200,1,uniform,nan,nan,nan,0.0,nan,nan,nan,nan,0.0,0.0,1.0,1.0,nan,nan,nan,nan,nan,5.0
bi25_D5,25.0,2L_JAPI at D_i 5,seed1,0,i,400,1,uniform,nan,nan,nan,0.0,nan,nan,nan,nan,0.0,0.0,1.0,1.0,nan,nan,nan,nan,nan,5.0
bi25_D5,25.0,2L_JAPI at D_i 5,seed1,0,i,600,1,uniform,nan,nan,nan,0.0,nan,nan,nan,nan,0.0,0.0,1.0,1.0,nan,nan,nan,nan,nan,5.0
bi25_D5,25.0,2L_JAPI at D_i 5,seed36,1,a,50,36,uniform,nan,nan,nan,0.0,nan,nan,nan,nan,0.0,78.0,1.0,36.0,nan,nan,nan,nan,nan,5.0
bi25_D5,25.0,2L_JAPI at D_i 5,seed36,1,a,100,36,uniform,nan,nan,nan,0.0,nan,nan,nan,nan,0.0,80.0,1.0,36.0,nan,nan,nan,nan,nan,5.0
bi25_D5,25.0,2L_JAPI at D_i 5,seed36,1,a,200,36,uniform,nan,nan,nan,0.0,nan,nan,nan,nan,0.0,80.0,1.0,36.0,nan,nan,nan,nan,nan,5.0
bi25_D5,25.0,2L_JAPI at D_i 5,seed36,1,a,400,36,uniform,nan,nan,nan,0.0,nan,nan,nan,nan,0.0,78.0,1.0,36.0,nan,nan,nan,nan,nan,5.0
bi25_D5,25.0,2L_JAPI at D_i 5,seed36,1,a,600,36,uniform,nan,nan,nan,0.0,nan,nan,nan,nan,0.0,78.0,1.0,36.0,nan,nan,nan,nan,nan,5.0
bi25_D5,25.0,2L_JAPI at D_i 5,seed36,1,i,50,36,uniform,nan,nan,nan,0.0,nan,nan,nan,nan,0.0,78.0,1.0,36.0,nan,nan,nan,nan,nan,5.0
bi25_D5,25.0,2L_JAPI at D_i 5,seed36,1,i,100,36,uniform,nan,nan,nan,0.0,nan,nan,nan,nan,0.0,79.0,1.0,36.0,nan,nan,nan,nan,nan,5.0
bi25_D5,25.0,2L_JAPI at D_i 5,seed36,1,i,200,36,uniform,nan,nan,nan,0.0,nan,nan,nan,nan,0.0,80.0,1.0,36.0,nan,nan,nan,nan,nan,5.0
bi25_D5,25.0,2L_JAPI at D_i 5,seed36,1,i,400,36,uniform,nan,nan,nan,0.0,nan,nan,nan,nan,0.0,79.0,1.0,36.0,nan,nan,nan,nan,nan,5.0
bi25_D5,25.0,2L_JAPI at D_i 5,seed36,1,i,600,36,uniform,nan,nan,nan,0.0,nan,nan,nan,nan,0.0,79.0,1.0,36.0,nan,nan,nan,nan,nan,5.0
bi25_D5,25.0,2L_JAPI at D_i 5,seed36,2,a,50,34,uniform,nan,nan,nan,0.0,nan,nan,nan,nan,0.0,70.0,1.0,34.0,nan,nan,nan,nan,nan,5.0
bi25_D5,25.0,2L_JAPI at D_i 5,seed36,2,a,100,34,uniform,nan,nan,nan,0.0,nan,nan,nan,nan,0.0,70.0,1.0,34.0,nan,nan,nan,nan,nan,5.0
bi25_D5,25.0,2L_JAPI at D_i 5,seed36,2,a,200,34,uniform,nan,nan,nan,0.0,nan,nan,nan,nan,0.0,69.0,1.0,34.0,nan,nan,nan,nan,nan,5.0
bi25_D5,25.0,2L_JAPI at D_i 5,seed36,2,a,400,34,uniform,nan,nan,nan,0.0,nan,nan,nan,nan,0.0,68.0,1.0,34.0,nan,nan,nan,nan,nan,5.0
bi25_D5,25.0,2L_JAPI at D_i 5,seed36,2,a,600,34,uniform,nan,nan,nan,0.0,nan,nan,nan,nan,0.0,68.0,1.0,34.0,nan,nan,nan,nan,nan,5.0
bi25_D5,25.0,2L_JAPI at D_i 5,seed36,2,i,50,34,uniform,nan,nan,nan,0.0,nan,nan,nan,nan,0.0,70.0,1.0,34.0,nan,nan,nan,nan,nan,5.0
bi25_D5,25.0,2L_JAPI at D_i 5,seed36,2,i,100,34,uniform,nan,nan,nan,0.0,nan,nan,nan,nan,0.0,70.0,1.0,34.0,nan,nan,nan,nan,nan,5.0
bi25_D5,25.0,2L_JAPI at D_i 5,seed36,2,i,200,34,uniform,nan,nan,nan,0.0,nan,nan,nan,nan,0.0,69.0,1.0,34.0,nan,nan,nan,nan,nan,5.0
bi25_D5,25.0,2L_JAPI at D_i 5,seed36,2,i,400,34,uniform,nan,nan,nan,0.0,nan,nan,nan,nan,0.0,68.0,1.0,34.0,nan,nan,nan,nan,nan,5.0
bi25_D5,25.0,2L_JAPI at D_i 5,seed36,2,i,600,34,uniform,nan,nan,nan,0.0,nan,nan,nan,nan,0.0,68.0,1.0,34.0,nan,nan,nan,nan,nan,5.0
bi25_D5,25.0,2L_JAPI at D_i 5,seed36,3,a,50,34,uniform,nan,nan,nan,0.0,nan,nan,nan,nan,0.0,63.0,1.0,34.0,nan,nan,nan,nan,nan,5.0
bi25_D5,25.0,2L_JAPI at D_i 5,seed36,3,a,100,34,uniform,nan,nan,nan,0.0,nan,nan,nan,nan,0.0,63.0,1.0,34.0,nan,nan,nan,nan,nan,5.0
bi25_D5,25.0,2L_JAPI at D_i 5,seed36,3,a,200,34,uniform,nan,nan,nan,0.0,nan,nan,nan,nan,0.0,63.0,1.0,34.0,nan,nan,nan,nan,nan,5.0
bi25_D5,25.0,2L_JAPI at D_i 5,seed36,3,a,400,34,uniform,nan,nan,nan,0.0,nan,nan,nan,nan,0.0,63.0,1.0,34.0,nan,nan,nan,nan,nan,5.0
bi25_D5,25.0,2L_JAPI at D_i 5,seed36,3,a,600,34,uniform,nan,nan,nan,0.0,nan,nan,nan,nan,0.0,63.0,1.0,34.0,nan,nan,nan,nan,nan,5.0
bi25_D5,25.0,2L_JAPI at D_i 5,seed36,3,i,50,34,uniform,nan,nan,nan,0.0,nan,nan,nan,nan,0.0,63.0,1.0,34.0,nan,nan,nan,nan,nan,5.0
bi25_D5,25.0,2L_JAPI at D_i 5,seed36,3,i,100,34,uniform,nan,nan,nan,0.0,nan,nan,nan,nan,0.0,63.0,1.0,34.0,nan,nan,nan,nan,nan,5.0
bi25_D5,25.0,2L_JAPI at D_i 5,seed36,3,i,200,34,uniform,nan,nan,nan,0.0,nan,nan,nan,nan,0.0,63.0,1.0,34.0,nan,nan,nan,nan,nan,5.0
bi25_D5,25.0,2L_JAPI at D_i 5,seed36,3,i,400,34,uniform,nan,nan,nan,0.0,nan,nan,nan,nan,0.0,63.0,1.0,34.0,nan,nan,nan,nan,nan,5.0
bi25_D5,25.0,2L_JAPI at D_i 5,seed36,3,i,600,34,uniform,nan,nan,nan,0.0,nan,nan,nan,nan,0.0,63.0,1.0,34.0,nan,nan,nan,nan,nan,5.0
bi25,25.0,2L_JAPI,nucl,1,a,50,58,uniform,8.565,nan,nan,0.0,nan,nan,nan,nan,0.0,170.0,1.0,58.0,1.230623927690083,nan,nan,nan,nan,
bi25,25.0,2L_JAPI,nucl,1,a,100,61,uniform,10.1725,nan,nan,0.0,nan,nan,nan,nan,0.0,185.0,1.0,61.0,0.7368159523754604,nan,nan,nan,nan,
bi25,25.0,2L_JAPI,nucl,1,a,200,61,uniform,11.6525,nan,nan,0.0,nan,nan,nan,nan,0.0,186.0,1.0,61.0,0.72661766061817,nan,nan,nan,nan,
bi25,25.0,2L_JAPI,nucl,1,a,400,61,uniform,14.263583815028902,nan,nan,0.0,nan,nan,nan,nan,0.0,181.0,1.0,61.0,1.2110915342800463,nan,nan,nan,nan,
bi25,25.0,2L_JAPI,nucl,1,a,600,61,uniform,17.90081081081081,nan,nan,0.0,nan,nan,nan,nan,0.0,178.0,1.0,61.0,1.359942598830903,nan,nan,nan,nan,
bi25,25.0,2L_JAPI,nucl,1,i,50,47,uniform,13.9175,nan,nan,0.0,nan,nan,nan,nan,0.0,101.0,1.0,47.0,0.7908695082365571,nan,nan,nan,nan,
bi25,25.0,2L_JAPI,nucl,1,i,100,50,uniform,14.925,nan,nan,0.0,nan,nan,nan,nan,0.0,115.0,1.0,50.0,0.6732753223571286,nan,nan,nan,nan,
bi25,25.0,2L_JAPI,nucl,1,i,200,57,uniform,11.6125,nan,nan,0.0,nan,nan,nan,nan,0.0,157.0,1.0,57.0,1.1499629327340382,nan,nan,nan,nan,
bi25,25.0,2L_JAPI,nucl,1,i,400,60,uniform,12.145,nan,nan,0.0,nan,nan,nan,nan,0.0,175.0,1.0,60.0,0.9882972932616069,nan,nan,nan,nan,
bi25,25.0,2L_JAPI,nucl,1,i,600,61,uniform,12.72,nan,nan,0.0,nan,nan,nan,nan,0.0,179.0,1.0,61.0,0.9579354015366522,nan,nan,nan,nan,
bi25,25.0,2L_JAPI,nucl,2,a,50,57,uniform,9.0925,nan,nan,0.0,nan,nan,nan,nan,0.0,167.0,1.0,57.0,1.5242103012783055,nan,nan,nan,nan,
bi25,25.0,2L_JAPI,nucl,2,a,100,59,uniform,10.1175,nan,nan,0.0,nan,nan,nan,nan,0.0,173.0,1.0,59.0,1.9250539004347518,nan,nan,nan,nan,
bi25,25.0,2L_JAPI,nucl,2,a,200,61,uniform,12.205,nan,nan,0.0,nan,nan,nan,nan,0.0,178.0,1.0,61.0,1.444378117639888,nan,nan,nan,nan,
bi25,25.0,2L_JAPI,nucl,2,a,400,61,uniform,15.833392018779342,nan,nan,0.0,nan,nan,nan,nan,0.0,173.0,1.0,61.0,1.0881449630384,nan,nan,nan,nan,
bi25,25.0,2L_JAPI,nucl,2,a,600,61,uniform,15.290656565656565,nan,nan,0.0,nan,nan,nan,nan,0.0,173.0,1.0,61.0,0.8776040571709958,nan,nan,nan,nan,
bi25,25.0,2L_JAPI,nucl,2,i,50,44,uniform,nan,nan,nan,0.0,nan,nan,nan,nan,0.0,93.0,1.0,44.0,nan,nan,nan,nan,nan,
bi25,25.0,2L_JAPI,nucl,2,i,100,53,uniform,12.655,nan,nan,0.0,nan,nan,nan,nan,0.0,133.0,1.0,53.0,0.5434242697763363,nan,nan,nan,nan,
bi25,25.0,2L_JAPI,nucl,2,i,200,57,uniform,13.1625,nan,nan,0.0,nan,nan,nan,nan,0.0,160.0,1.0,57.0,0.46007223975165473,nan,nan,nan,nan,
bi25,25.0,2L_JAPI,nucl,2,i,400,60,uniform,14.925,nan,nan,0.0,nan,nan,nan,nan,0.0,172.0,1.0,60.0,0.5519425886331456,nan,nan,nan,nan,
bi25,25.0,2L_JAPI,nucl,2,i,600,60,uniform,15.0225,nan,nan,0.0,nan,nan,nan,nan,0.0,170.0,1.0,60.0,0.6975539266105995,nan,nan,nan,nan,
bi25,25.0,2L_JAPI,nucl,3,a,50,63,uniform,10.665,nan,nan,0.0,nan,nan,nan,nan,0.0,187.0,1.0,63.0,0.6189720085726599,nan,nan,nan,nan,
bi25,25.0,2L_JAPI,nucl,3,a,100,64,uniform,11.7025,nan,nan,0.0,nan,nan,nan,nan,0.0,193.0,1.0,64.0,0.6263686935743381,nan,nan,nan,nan,
bi25,25.0,2L_JAPI,nucl,3,a,200,64,uniform,14.03625,nan,nan,0.0,nan,nan,nan,nan,0.0,193.0,1.0,64.0,1.187969886756682,nan,nan,nan,nan,
bi25,25.0,2L_JAPI,nucl,3,a,400,66,uniform,14.0775,nan,nan,0.0,nan,nan,nan,nan,0.0,201.0,1.0,66.0,1.1873696337021356,nan,nan,nan,nan,
bi25,25.0,2L_JAPI,nucl,3,a,600,66,uniform,16.864065573770493,nan,nan,0.0,nan,nan,nan,nan,0.0,203.0,1.0,66.0,1.052797717121429,nan,nan,nan,nan,
bi25,25.0,2L_JAPI,nucl,3,i,50,51,uniform,14.1025,nan,nan,0.0,nan,nan,nan,nan,0.0,111.0,1.0,51.0,0.38149781568653457,nan,nan,nan,nan,
bi25,25.0,2L_JAPI,nucl,3,i,100,54,uniform,14.71,nan,nan,0.0,nan,nan,nan,nan,0.0,124.0,1.0,54.0,0.3085973161608287,nan,nan,nan,nan,
bi25,25.0,2L_JAPI,nucl,3,i,200,59,uniform,12.1725,nan,nan,0.0,nan,nan,nan,nan,0.0,154.0,1.0,59.0,1.063231411192481,nan,nan,nan,nan,
bi25,25.0,2L_JAPI,nucl,3,i,400,64,uniform,15.821696428571428,nan,nan,0.0,nan,nan,nan,nan,0.0,184.0,1.0,64.0,1.3828084288864975,nan,nan,nan,nan,
bi25,25.0,2L_JAPI,nucl,3,i,600,66,uniform,16.807694859038143,nan,nan,0.0,nan,nan,nan,nan,0.0,203.0,1.0,66.0,1.1828682108866178,nan,nan,nan,nan,
bi25,25.0,2L_JAPI,random,1,a,50,209,uniform,7.697456087219867,nan,nan,0.0,nan,nan,nan,nan,0.0,2439.0,1.0,209.0,0.3137410084594767,0.7875873586889106,2.306192862674059,0.11793708129432388,0.122096094787702,
bi25,25.0,2L_JAPI,random,1,a,100,198,uniform,8.421417525773196,nan,nan,0.0,nan,nan,nan,nan,0.0,2164.0,1.0,198.0,0.4648698515678548,0.6430097498961725,4.213890719987883,0.13075473638985552,0.07846448292621605,
bi25,25.0,2L_JAPI,random,1,a,200,191,uniform,8.952525586248013,13.25,1.677681748856126,33.0,nan,nan,nan,nan,0.0,2004.0,1.0,191.0,0.3986172958849372,0.7706422018348624,3.2154159917497456,0.18401925906749153,0.14763187881160383,
bi25,25.0,2L_JAPI,random,1,a,400,191,uniform,8.961714473396102,13.25,1.6991504247876061,34.0,nan,nan,nan,nan,0.0,2005.0,1.0,191.0,0.4090344391151487,0.6730496770436749,2.5049967864179785,0.17692809160256975,0.10750456203949593,
bi25,25.0,2L_JAPI,random,1,a,600,191,uniform,8.96250584733149,nan,nan,0.0,nan,nan,nan,nan,0.0,2005.0,1.0,191.0,0.4218808950692555,0.9218037872683222,4.298167129912798,0.1539689051768007,0.19450028045431433,
bi25,25.0,2L_JAPI,random,1,i,50,90,uniform,10.125355113636363,nan,nan,0.0,nan,nan,nan,nan,0.0,403.0,1.0,90.0,0.9122330784733478,nan,nan,nan,nan,
bi25,25.0,2L_JAPI,random,1,i,100,76,uniform,11.463300330033004,nan,nan,0.0,nan,nan,nan,nan,0.0,268.0,1.0,76.0,1.2313257869432832,nan,nan,nan,nan,
bi25,25.0,2L_JAPI,random,1,i,200,25,uniform,nan,nan,nan,0.0,nan,nan,nan,nan,0.0,29.0,1.0,25.0,nan,nan,nan,nan,nan,
bi25,25.0,2L_JAPI,random,1,i,400,24,uniform,nan,nan,nan,0.0,nan,nan,nan,nan,0.0,27.0,1.0,24.0,nan,nan,nan,nan,nan,
bi25,25.0,2L_JAPI,random,1,i,600,24,uniform,nan,nan,nan,0.0,nan,nan,nan,nan,0.0,27.0,1.0,24.0,nan,nan,nan,nan,nan,
bi25,25.0,2L_JAPI,random,2,a,50,211,uniform,8.127940226171244,nan,nan,0.0,nan,nan,nan,nan,0.0,2521.0,1.0,211.0,0.14478879201956577,0.8006140916707358,3.876332229968611,0.09790191079369852,0.09713480164046212,
bi25,25.0,2L_JAPI,random,2,a,100,199,uniform,8.266302279739458,nan,nan,0.0,nan,nan,nan,nan,0.0,2235.0,1.0,199.0,0.2855549210094821,0.4346134936801766,3.779644730092272,0.13691276496145266,0.07806198788386068,
bi25,25.0,2L_JAPI,random,2,a,200,188,uniform,8.576026995305165,nan,nan,0.0,nan,nan,nan,nan,0.0,1966.0,1.0,188.0,0.3913153968245615,0.6142028905620602,4.789011390886517,0.15864051612241456,0.11121181016825403,
bi25,25.0,2L_JAPI,random,2,a,400,186,uniform,8.703343465045593,nan,nan,0.0,nan,nan,nan,nan,0.0,1914.0,1.0,186.0,0.4304945786130792,0.6654064625910044,3.392608135467484,0.15890934953155794,0.08410315500954783,
bi25,25.0,2L_JAPI,random,2,a,600,186,uniform,8.664489910313902,nan,nan,0.0,nan,nan,nan,nan,0.0,1914.0,1.0,186.0,0.4572617003148447,0.6598058874197198,3.645938417062895,0.12926443007664354,0.07960351394225895,
bi25,25.0,2L_JAPI,random,2,i,50,34,uniform,nan,nan,nan,0.0,nan,nan,nan,nan,0.0,52.0,1.0,34.0,nan,nan,nan,nan,nan,
bi25,25.0,2L_JAPI,random,2,i,100,34,uniform,nan,nan,nan,0.0,nan,nan,nan,nan,0.0,48.0,1.0,34.0,nan,nan,nan,nan,nan,
bi25,25.0,2L_JAPI,random,2,i,200,34,uniform,nan,nan,nan,0.0,nan,nan,nan,nan,0.0,47.0,1.0,34.0,nan,nan,nan,nan,nan,
bi25,25.0,2L_JAPI,random,2,i,400,31,uniform,nan,nan,nan,0.0,nan,nan,nan,nan,0.0,36.0,1.0,31.0,nan,nan,nan,nan,nan,
bi25,25.0,2L_JAPI,random,2,i,600,31,uniform,nan,nan,nan,0.0,nan,nan,nan,nan,0.0,36.0,1.0,31.0,nan,nan,nan,nan,nan,
bi25,25.0,2L_JAPI,random,3,a,50,209,uniform,8.236767728674204,nan,nan,0.0,nan,nan,nan,nan,0.0,2466.0,1.0,209.0,0.3212294549986186,1.2187932284676835,5.518983934880531,0.10639932622495274,0.11307291910138982,
bi25,25.0,2L_JAPI,random,3,a,100,198,uniform,8.616569767441861,13.25,1.7966903073286054,38.0,nan,nan,nan,nan,0.0,2187.0,1.0,198.0,0.3401955123327581,1.5006231362625222,5.979419721646278,0.20306701769650884,0.1356054196319568,
bi25,25.0,2L_JAPI,random,3,a,200,193,uniform,8.945269346458845,nan,nan,0.0,nan,nan,nan,nan,0.0,2077.0,1.0,193.0,0.3178668247711894,0.8956391134199105,3.2084887408248766,0.1586227006305736,0.09083832974706547,
bi25,25.0,2L_JAPI,random,3,a,400,190,uniform,9.261567127344522,13.25,1.8461538461538463,36.0,nan,nan,nan,nan,0.0,2011.0,1.0,190.0,0.37471322505851057,0.7417060270304104,3.6265518992749715,0.22538292553152406,0.08351949245764433,
bi25,25.0,2L_JAPI,random,3,a,600,190,uniform,9.2590373631604,13.25,1.8063221274460612,36.0,nan,nan,nan,nan,0.0,2009.0,1.0,190.0,0.39859257421139815,0.6388636914817061,3.2887011958454897,0.1985684080567489,0.09568690261933255,
bi25,25.0,2L_JAPI,random,3,i,50,28,uniform,nan,nan,nan,0.0,nan,nan,nan,nan,0.0,38.0,1.0,28.0,nan,nan,nan,nan,nan,
bi25,25.0,2L_JAPI,random,3,i,100,2,uniform,nan,nan,nan,0.0,nan,nan,nan,nan,0.0,0.0,1.0,2.0,nan,nan,nan,nan,nan,
bi25,25.0,2L_JAPI,random,3,i,200,3,uniform,nan,nan,nan,0.0,nan,nan,nan,nan,0.0,0.0,1.0,3.0,nan,nan,nan,nan,nan,
bi25,25.0,2L_JAPI,random,3,i,400,4,uniform,nan,nan,nan,0.0,nan,nan,nan,nan,0.0,0.0,1.0,4.0,nan,nan,nan,nan,nan,
bi25,25.0,2L_JAPI,random,3,i,600,4,uniform,nan,nan,nan,0.0,nan,nan,nan,nan,0.0,0.0,1.0,4.0,nan,nan,nan,nan,nan,
bi25,25.0,2L_JAPI,seed144,1,a,50,116,uniform,7.39630846325167,nan,nan,0.0,nan,nan,nan,nan,0.0,752.0,1.0,116.0,0.31660622316444054,nan,nan,nan,nan,
bi25,25.0,2L_JAPI,seed144,1,a,100,114,uniform,7.790217048145225,nan,nan,0.0,nan,nan,nan,nan,0.0,734.0,1.0,114.0,0.39826289995966674,nan,nan,nan,nan,
bi25,25.0,2L_JAPI,seed144,1,a,200,113,uniform,8.083072183098592,nan,nan,0.0,nan,nan,nan,nan,0.0,716.0,1.0,113.0,0.452101781295874,nan,nan,nan,nan,
bi25,25.0,2L_JAPI,seed144,1,a,400,113,uniform,8.061672597864769,nan,nan,0.0,nan,nan,nan,nan,0.0,715.0,1.0,113.0,0.5520462316738978,nan,nan,nan,nan,
bi25,25.0,2L_JAPI,seed144,1,a,600,113,uniform,8.092165605095541,nan,nan,0.0,nan,nan,nan,nan,0.0,715.0,1.0,113.0,0.5521312836832681,nan,nan,nan,nan,
bi25,25.0,2L_JAPI,seed144,1,i,50,33,uniform,nan,nan,nan,0.0,nan,nan,nan,nan,0.0,41.0,1.0,33.0,nan,nan,nan,nan,nan,
bi25,25.0,2L_JAPI,seed144,1,i,100,32,uniform,nan,nan,nan,0.0,nan,nan,nan,nan,0.0,37.0,1.0,32.0,nan,nan,nan,nan,nan,
bi25,25.0,2L_JAPI,seed144,1,i,200,33,uniform,nan,nan,nan,0.0,nan,nan,nan,nan,0.0,45.0,1.0,33.0,nan,nan,nan,nan,nan,
bi25,25.0,2L_JAPI,seed144,1,i,400,31,uniform,nan,nan,nan,0.0,nan,nan,nan,nan,0.0,39.0,1.0,31.0,nan,nan,nan,nan,nan,
bi25,25.0,2L_JAPI,seed144,1,i,600,31,uniform,nan,nan,nan,0.0,nan,nan,nan,nan,0.0,39.0,1.0,31.0,nan,nan,nan,nan,nan,
bi25,25.0,2L_JAPI,seed144,2,a,50,118,uniform,7.645833333333333,nan,nan,0.0,nan,nan,nan,nan,0.0,847.0,1.0,118.0,1.0795006737395296,nan,nan,nan,nan,
bi25,25.0,2L_JAPI,seed144,2,a,100,117,uniform,8.43481308411215,nan,nan,0.0,nan,nan,nan,nan,0.0,836.0,1.0,117.0,1.2619925274497823,nan,nan,nan,nan,
bi25,25.0,2L_JAPI,seed144,2,a,200,117,uniform,8.599981343283583,nan,nan,0.0,nan,nan,nan,nan,0.0,834.0,1.0,117.0,1.2369347287178523,nan,nan,nan,nan,
bi25,25.0,2L_JAPI,seed144,2,a,400,117,uniform,8.665709459459459,nan,nan,0.0,nan,nan,nan,nan,0.0,833.0,1.0,117.0,1.328190394796045,nan,nan,nan,nan,
bi25,25.0,2L_JAPI,seed144,2,a,600,117,uniform,8.614338394793926,nan,nan,0.0,nan,nan,nan,nan,0.0,833.0,1.0,117.0,1.308450904457962,nan,nan,nan,nan,
bi25,25.0,2L_JAPI,seed144,2,i,50,49,uniform,13.1,nan,nan,0.0,nan,nan,nan,nan,0.0,123.0,1.0,49.0,0.8602678363253672,nan,nan,nan,nan,
bi25,25.0,2L_JAPI,seed144,2,i,100,35,uniform,nan,nan,nan,0.0,nan,nan,nan,nan,0.0,50.0,1.0,35.0,nan,nan,nan,nan,nan,
bi25,25.0,2L_JAPI,seed144,2,i,200,36,uniform,nan,nan,nan,0.0,nan,nan,nan,nan,0.0,56.0,1.0,36.0,nan,nan,nan,nan,nan,
bi25,25.0,2L_JAPI,seed144,2,i,400,36,uniform,nan,nan,nan,0.0,nan,nan,nan,nan,0.0,56.0,1.0,36.0,nan,nan,nan,nan,nan,
bi25,25.0,2L_JAPI,seed144,2,i,600,36,uniform,nan,nan,nan,0.0,nan,nan,nan,nan,0.0,56.0,1.0,36.0,nan,nan,nan,nan,nan,
bi25,25.0,2L_JAPI,seed144,3,a,50,109,uniform,7.752966666666667,nan,nan,0.0,nan,nan,nan,nan,0.0,654.0,1.0,109.0,0.6763213713403338,nan,nan,nan,nan,
bi25,25.0,2L_JAPI,seed144,3,a,100,106,uniform,8.4375,nan,nan,0.0,nan,nan,nan,nan,0.0,619.0,1.0,106.0,1.2064345406328327,nan,nan,nan,nan,
bi25,25.0,2L_JAPI,seed144,3,a,200,105,uniform,8.74,nan,nan,0.0,nan,nan,nan,nan,0.0,601.0,1.0,105.0,1.2111234302368874,nan,nan,nan,nan,
bi25,25.0,2L_JAPI,seed144,3,a,400,104,uniform,8.73875,nan,nan,0.0,nan,nan,nan,nan,0.0,592.0,1.0,104.0,0.4577811732430769,nan,nan,nan,nan,
bi25,25.0,2L_JAPI,seed144,3,a,600,104,uniform,8.735,nan,nan,0.0,nan,nan,nan,nan,0.0,592.0,1.0,104.0,0.4573069143940504,nan,nan,nan,nan,
bi25,25.0,2L_JAPI,seed144,3,i,50,53,uniform,11.9225,nan,nan,0.0,nan,nan,nan,nan,0.0,137.0,1.0,53.0,0.38953842039930736,nan,nan,nan,nan,
bi25,25.0,2L_JAPI,seed144,3,i,100,56,uniform,10.1425,nan,nan,0.0,nan,nan,nan,nan,0.0,149.0,1.0,56.0,1.1976581374790338,nan,nan,nan,nan,
bi25,25.0,2L_JAPI,seed144,3,i,200,54,uniform,12.12,nan,nan,0.0,nan,nan,nan,nan,0.0,138.0,1.0,54.0,0.7327721607513639,nan,nan,nan,nan,
bi25,25.0,2L_JAPI,seed144,3,i,400,50,uniform,13.5675,nan,nan,0.0,nan,nan,nan,nan,0.0,116.0,1.0,50.0,0.5006964413734487,nan,nan,nan,nan,
bi25,25.0,2L_JAPI,seed144,3,i,600,50,uniform,14.135,nan,nan,0.0,nan,nan,nan,nan,0.0,116.0,1.0,50.0,0.30082972958623483,nan,nan,nan,nan,
bi25,25.0,2L_JAPI,seed1,0,a,50,1,uniform,nan,nan,nan,0.0,nan,nan,nan,nan,0.0,0.0,1.0,1.0,nan,nan,nan,nan,nan,
bi25,25.0,2L_JAPI,seed1,0,a,100,1,uniform,nan,nan,nan,0.0,nan,nan,nan,nan,0.0,0.0,1.0,1.0,nan,nan,nan,nan,nan,
bi25,25.0,2L_JAPI,seed1,0,a,200,1,uniform,nan,nan,nan,0.0,nan,nan,nan,nan,0.0,0.0,1.0,1.0,nan,nan,nan,nan,nan,
bi25,25.0,2L_JAPI,seed1,0,a,400,1,uniform,nan,nan,nan,0.0,nan,nan,nan,nan,0.0,0.0,1.0,1.0,nan,nan,nan,nan,nan,
bi25,25.0,2L_JAPI,seed1,0,a,600,1,uniform,nan,nan,nan,0.0,nan,nan,nan,nan,0.0,0.0,1.0,1.0,nan,nan,nan,nan,nan,
bi25,25.0,2L_JAPI,seed1,0,i,50,1,uniform,nan,nan,nan,0.0,nan,nan,nan,nan,0.0,0.0,1.0,1.0,nan,nan,nan,nan,nan,
bi25,25.0,2L_JAPI,seed1,0,i,100,1,uniform,nan,nan,nan,0.0,nan,nan,nan,nan,0.0,0.0,1.0,1.0,nan,nan,nan,nan,nan,
bi25,25.0,2L_JAPI,seed1,0,i,200,1,uniform,nan,nan,nan,0.0,nan,nan,nan,nan,0.0,0.0,1.0,1.0,nan,nan,nan,nan,nan,
bi25,25.0,2L_JAPI,seed1,0,i,400,1,uniform,nan,nan,nan,0.0,nan,nan,nan,nan,0.0,0.0,1.0,1.0,nan,nan,nan,nan,nan,
bi25,25.0,2L_JAPI,seed1,0,i,600,1,uniform,nan,nan,nan,0.0,nan,nan,nan,nan,0.0,0.0,1.0,1.0,nan,nan,nan,nan,nan,
bi25,25.0,2L_JAPI,seed36,1,a,50,35,uniform,nan,nan,nan,0.0,nan,nan,nan,nan,0.0,74.0,1.0,35.0,nan,nan,nan,nan,nan,
bi25,25.0,2L_JAPI,seed36,1,a,100,35,uniform,nan,nan,nan,0.0,nan,nan,nan,nan,0.0,74.0,1.0,35.0,nan,nan,nan,nan,nan,
bi25,25.0,2L_JAPI,seed36,1,a,200,35,uniform,nan,nan,nan,0.0,nan,nan,nan,nan,0.0,73.0,1.0,35.0,nan,nan,nan,nan,nan,
bi25,25.0,2L_JAPI,seed36,1,a,400,35,uniform,nan,nan,nan,0.0,nan,nan,nan,nan,0.0,73.0,1.0,35.0,nan,nan,nan,nan,nan,
bi25,25.0,2L_JAPI,seed36,1,a,600,35,uniform,nan,nan,nan,0.0,nan,nan,nan,nan,0.0,73.0,1.0,35.0,nan,nan,nan,nan,nan,
bi25,25.0,2L_JAPI,seed36,1,i,50,27,uniform,nan,nan,nan,0.0,nan,nan,nan,nan,0.0,40.0,1.0,27.0,nan,nan,nan,nan,nan,
bi25,25.0,2L_JAPI,seed36,1,i,100,27,uniform,nan,nan,nan,0.0,nan,nan,nan,nan,0.0,40.0,1.0,27.0,nan,nan,nan,nan,nan,
bi25,25.0,2L_JAPI,seed36,1,i,200,27,uniform,nan,nan,nan,0.0,nan,nan,nan,nan,0.0,40.0,1.0,27.0,nan,nan,nan,nan,nan,
bi25,25.0,2L_JAPI,seed36,1,i,400,27,uniform,nan,nan,nan,0.0,nan,nan,nan,nan,0.0,40.0,1.0,27.0,nan,nan,nan,nan,nan,
bi25,25.0,2L_JAPI,seed36,1,i,600,27,uniform,nan,nan,nan,0.0,nan,nan,nan,nan,0.0,40.0,1.0,27.0,nan,nan,nan,nan,nan,
bi25,25.0,2L_JAPI,seed36,2,a,50,35,uniform,nan,nan,nan,0.0,nan,nan,nan,nan,0.0,71.0,1.0,35.0,nan,nan,nan,nan,nan,
bi25,25.0,2L_JAPI,seed36,2,a,100,35,uniform,nan,nan,nan,0.0,nan,nan,nan,nan,0.0,71.0,1.0,35.0,nan,nan,nan,nan,nan,
bi25,25.0,2L_JAPI,seed36,2,a,200,35,uniform,nan,nan,nan,0.0,nan,nan,nan,nan,0.0,73.0,1.0,35.0,nan,nan,nan,nan,nan,
bi25,25.0,2L_JAPI,seed36,2,a,400,35,uniform,nan,nan,nan,0.0,nan,nan,nan,nan,0.0,72.0,1.0,35.0,nan,nan,nan,nan,nan,
bi25,25.0,2L_JAPI,seed36,2,a,600,35,uniform,nan,nan,nan,0.0,nan,nan,nan,nan,0.0,73.0,1.0,35.0,nan,nan,nan,nan,nan,
bi25,25.0,2L_JAPI,seed36,2,i,50,27,uniform,nan,nan,nan,0.0,nan,nan,nan,nan,0.0,40.0,1.0,27.0,nan,nan,nan,nan,nan,
bi25,25.0,2L_JAPI,seed36,2,i,100,27,uniform,nan,nan,nan,0.0,nan,nan,nan,nan,0.0,40.0,1.0,27.0,nan,nan,nan,nan,nan,
bi25,25.0,2L_JAPI,seed36,2,i,200,27,uniform,nan,nan,nan,0.0,nan,nan,nan,nan,0.0,41.0,1.0,27.0,nan,nan,nan,nan,nan,
bi25,25.0,2L_JAPI,seed36,2,i,400,28,uniform,nan,nan,nan,0.0,nan,nan,nan,nan,0.0,45.0,1.0,28.0,nan,nan,nan,nan,nan,
bi25,25.0,2L_JAPI,seed36,2,i,600,29,uniform,nan,nan,nan,0.0,nan,nan,nan,nan,0.0,49.0,1.0,29.0,nan,nan,nan,nan,nan,
bi25,25.0,2L_JAPI,seed36,3,a,50,34,uniform,nan,nan,nan,0.0,nan,nan,nan,nan,0.0,63.0,1.0,34.0,nan,nan,nan,nan,nan,
bi25,25.0,2L_JAPI,seed36,3,a,100,34,uniform,nan,nan,nan,0.0,nan,nan,nan,nan,0.0,63.0,1.0,34.0,nan,nan,nan,nan,nan,
bi25,25.0,2L_JAPI,seed36,3,a,200,34,uniform,nan,nan,nan,0.0,nan,nan,nan,nan,0.0,62.0,1.0,34.0,nan,nan,nan,nan,nan,
bi25,25.0,2L_JAPI,seed36,3,a,400,34,uniform,nan,nan,nan,0.0,nan,nan,nan,nan,0.0,62.0,1.0,34.0,nan,nan,nan,nan,nan,
bi25,25.0,2L_JAPI,seed36,3,a,600,34,uniform,nan,nan,nan,0.0,nan,nan,nan,nan,0.0,62.0,1.0,34.0,nan,nan,nan,nan,nan,
bi25,25.0,2L_JAPI,seed36,3,i,50,30,uniform,nan,nan,nan,0.0,nan,nan,nan,nan,0.0,48.0,1.0,30.0,nan,nan,nan,nan,nan,
bi25,25.0,2L_JAPI,seed36,3,i,100,29,uniform,nan,nan,nan,0.0,nan,nan,nan,nan,0.0,44.0,1.0,29.0,nan,nan,nan,nan,nan,
bi25,25.0,2L_JAPI,seed36,3,i,200,29,uniform,nan,nan,nan,0.0,nan,nan,nan,nan,0.0,44.0,1.0,29.0,nan,nan,nan,nan,nan,
bi25,25.0,2L_JAPI,seed36,3,i,400,29,uniform,nan,nan,nan,0.0,nan,nan,nan,nan,0.0,44.0,1.0,29.0,nan,nan,nan,nan,nan,
bi25,25.0,2L_JAPI,seed36,3,i,600,29,uniform,nan,nan,nan,0.0,nan,nan,nan,nan,0.0,44.0,1.0,29.0,nan,nan,nan,nan,nan,
bi25,25.0,2L_JAPI,seed9,1,a,50,9,uniform,nan,nan,nan,0.0,nan,nan,nan,nan,0.0,4.0,1.0,9.0,nan,nan,nan,nan,nan,
bi25,25.0,2L_JAPI,seed9,1,a,100,9,uniform,nan,nan,nan,0.0,nan,nan,nan,nan,0.0,4.0,1.0,9.0,nan,nan,nan,nan,nan,
bi25,25.0,2L_JAPI,seed9,1,a,200,9,uniform,nan,nan,nan,0.0,nan,nan,nan,nan,0.0,4.0,1.0,9.0,nan,nan,nan,nan,nan,
bi25,25.0,2L_JAPI,seed9,1,a,400,9,uniform,nan,nan,nan,0.0,nan,nan,nan,nan,0.0,4.0,1.0,9.0,nan,nan,nan,nan,nan,
bi25,25.0,2L_JAPI,seed9,1,a,600,9,uniform,nan,nan,nan,0.0,nan,nan,nan,nan,0.0,4.0,1.0,9.0,nan,nan,nan,nan,nan,
bi25,25.0,2L_JAPI,seed9,1,i,50,7,uniform,nan,nan,nan,0.0,nan,nan,nan,nan,0.0,2.0,1.0,7.0,nan,nan,nan,nan,nan,
bi25,25.0,2L_JAPI,seed9,1,i,100,7,uniform,nan,nan,nan,0.0,nan,nan,nan,nan,0.0,2.0,1.0,7.0,nan,nan,nan,nan,nan,
bi25,25.0,2L_JAPI,seed9,1,i,200,7,uniform,nan,nan,nan,0.0,nan,nan,nan,nan,0.0,2.0,1.0,7.0,nan,nan,nan,nan,nan,
bi25,25.0,2L_JAPI,seed9,1,i,400,7,uniform,nan,nan,nan,0.0,nan,nan,nan,nan,0.0,2.0,1.0,7.0,nan,nan,nan,nan,nan,
bi25,25.0,2L_JAPI,seed9,1,i,600,7,uniform,nan,nan,nan,0.0,nan,nan,nan,nan,0.0,2.0,1.0,7.0,nan,nan,nan,nan,nan,
bi25,25.0,2L_JAPI,seed9,2,a,50,9,uniform,nan,nan,nan,0.0,nan,nan,nan,nan,0.0,3.0,1.0,9.0,nan,nan,nan,nan,nan,
bi25,25.0,2L_JAPI,seed9,2,a,100,9,uniform,nan,nan,nan,0.0,nan,nan,nan,nan,0.0,3.0,1.0,9.0,nan,nan,nan,nan,nan,
bi25,25.0,2L_JAPI,seed9,2,a,200,9,uniform,nan,nan,nan,0.0,nan,nan,nan,nan,0.0,3.0,1.0,9.0,nan,nan,nan,nan,nan,
bi25,25.0,2L_JAPI,seed9,2,a,400,9,uniform,nan,nan,nan,0.0,nan,nan,nan,nan,0.0,3.0,1.0,9.0,nan,nan,nan,nan,nan,
bi25,25.0,2L_JAPI,seed9,2,a,600,9,uniform,nan,nan,nan,0.0,nan,nan,nan,nan,0.0,3.0,1.0,9.0,nan,nan,nan,nan,nan,
bi25,25.0,2L_JAPI,seed9,2,i,50,8,uniform,nan,nan,nan,0.0,nan,nan,nan,nan,0.0,2.0,1.0,8.0,nan,nan,nan,nan,nan,
bi25,25.0,2L_JAPI,seed9,2,i,100,8,uniform,nan,nan,nan,0.0,nan,nan,nan,nan,0.0,2.0,1.0,8.0,nan,nan,nan,nan,nan,
bi25,25.0,2L_JAPI,seed9,2,i,200,8,uniform,nan,nan,nan,0.0,nan,nan,nan,nan,0.0,2.0,1.0,8.0,nan,nan,nan,nan,nan,
bi25,25.0,2L_JAPI,seed9,2,i,400,9,uniform,nan,nan,nan,0.0,nan,nan,nan,nan,0.0,3.0,1.0,9.0,nan,nan,nan,nan,nan,
bi25,25.0,2L_JAPI,seed9,2,i,600,9,uniform,nan,nan,nan,0.0,nan,nan,nan,nan,0.0,3.0,1.0,9.0,nan,nan,nan,nan,nan,
bi25,25.0,2L_JAPI,seed9,3,a,50,9,uniform,nan,nan,nan,0.0,nan,nan,nan,nan,0.0,2.0,1.0,9.0,nan,nan,nan,nan,nan,
bi25,25.0,2L_JAPI,seed9,3,a,100,9,uniform,nan,nan,nan,0.0,nan,nan,nan,nan,0.0,2.0,1.0,9.0,nan,nan,nan,nan,nan,
bi25,25.0,2L_JAPI,seed9,3,a,200,9,uniform,nan,nan,nan,0.0,nan,nan,nan,nan,0.0,3.0,1.0,9.0,nan,nan,nan,nan,nan,
bi25,25.0,2L_JAPI,seed9,3,a,400,9,uniform,nan,nan,nan,0.0,nan,nan,nan,nan,0.0,3.0,1.0,9.0,nan,nan,nan,nan,nan,
bi25,25.0,2L_JAPI,seed9,3,a,600,9,uniform,nan,nan,nan,0.0,nan,nan,nan,nan,0.0,3.0,1.0,9.0,nan,nan,nan,nan,nan,
bi25,25.0,2L_JAPI,seed9,3,i,50,9,uniform,nan,nan,nan,0.0,nan,nan,nan,nan,0.0,2.0,1.0,9.0,nan,nan,nan,nan,nan,
bi25,25.0,2L_JAPI,seed9,3,i,100,9,uniform,nan,nan,nan,0.0,nan,nan,nan,nan,0.0,2.0,1.0,9.0,nan,nan,nan,nan,nan,
bi25,25.0,2L_JAPI,seed9,3,i,200,9,uniform,nan,nan,nan,0.0,nan,nan,nan,nan,0.0,2.0,1.0,9.0,nan,nan,nan,nan,nan,
bi25,25.0,2L_JAPI,seed9,3,i,400,9,uniform,nan,nan,nan,0.0,nan,nan,nan,nan,0.0,2.0,1.0,9.0,nan,nan,nan,nan,nan,
bi25,25.0,2L_JAPI,seed9,3,i,600,9,uniform,nan,nan,nan,0.0,nan,nan,nan,nan,0.0,2.0,1.0,9.0,nan,nan,nan,nan,nan,
bi30,30.0,3B_small,nucl,1,a,50,53,uniform,9.0075,nan,nan,0.0,nan,nan,nan,nan,0.0,137.0,1.0,53.0,0.939331169537814,nan,nan,nan,nan,
bi30,30.0,3B_small,nucl,1,a,100,57,uniform,10.63,nan,nan,0.0,nan,nan,nan,nan,0.0,160.0,1.0,57.0,0.9448356762162391,nan,nan,nan,nan,
bi30,30.0,3B_small,nucl,1,a,200,57,uniform,12.125,nan,nan,0.0,nan,nan,nan,nan,0.0,161.0,1.0,57.0,0.8938040692127938,nan,nan,nan,nan,
bi30,30.0,3B_small,nucl,1,a,400,59,uniform,14.2125,nan,nan,0.0,nan,nan,nan,nan,0.0,172.0,1.0,59.0,0.6611699119532117,nan,nan,nan,nan,
bi30,30.0,3B_small,nucl,1,a,600,59,uniform,15.8685,nan,nan,0.0,nan,nan,nan,nan,0.0,171.0,1.0,59.0,0.8956697576584133,nan,nan,nan,nan,
bi30,30.0,3B_small,nucl,1,i,50,46,uniform,12.0225,nan,nan,0.0,nan,nan,nan,nan,0.0,103.0,1.0,46.0,0.7949541756855464,nan,nan,nan,nan,
bi30,30.0,3B_small,nucl,1,i,100,52,uniform,12.12,nan,nan,0.0,nan,nan,nan,nan,0.0,130.0,1.0,52.0,0.6178634009970707,nan,nan,nan,nan,
bi30,30.0,3B_small,nucl,1,i,200,54,uniform,13.155,nan,nan,0.0,nan,nan,nan,nan,0.0,141.0,1.0,54.0,0.475533974165014,nan,nan,nan,nan,
bi30,30.0,3B_small,nucl,1,i,400,58,uniform,14.67534090909091,nan,nan,0.0,nan,nan,nan,nan,0.0,162.0,1.0,58.0,0.4462509665466754,nan,nan,nan,nan,
bi30,30.0,3B_small,nucl,1,i,600,58,uniform,15.25579737335835,nan,nan,0.0,nan,nan,nan,nan,0.0,164.0,1.0,58.0,0.3328568169983767,nan,nan,nan,nan,
bi30,30.0,3B_small,nucl,2,a,50,55,uniform,9.89375,nan,nan,0.0,nan,nan,nan,nan,0.0,157.0,1.0,55.0,0.9775066488375072,nan,nan,nan,nan,
bi30,30.0,3B_small,nucl,2,a,100,56,uniform,11.14,nan,nan,0.0,nan,nan,nan,nan,0.0,155.0,1.0,56.0,1.0984327281655892,nan,nan,nan,nan,
bi30,30.0,3B_small,nucl,2,a,200,58,uniform,12.22,nan,nan,0.0,nan,nan,nan,nan,0.0,165.0,1.0,58.0,1.2465312796128465,nan,nan,nan,nan,
bi30,30.0,3B_small,nucl,2,a,400,60,uniform,15.0125,nan,nan,0.0,nan,nan,nan,nan,0.0,172.0,1.0,60.0,0.5408314499885288,nan,nan,nan,nan,
bi30,30.0,3B_small,nucl,2,a,600,60,uniform,15.851680672268907,nan,nan,0.0,nan,nan,nan,nan,0.0,170.0,1.0,60.0,0.5471271685338875,nan,nan,nan,nan,
bi30,30.0,3B_small,nucl,2,i,50,48,uniform,12.05,nan,nan,0.0,nan,nan,nan,nan,0.0,112.0,1.0,48.0,0.31424213382684457,nan,nan,nan,nan,
bi30,30.0,3B_small,nucl,2,i,100,49,uniform,13.91375,nan,nan,0.0,nan,nan,nan,nan,0.0,112.0,1.0,49.0,0.24211094103326292,nan,nan,nan,nan,
bi30,30.0,3B_small,nucl,2,i,200,54,uniform,13.95125,nan,nan,0.0,nan,nan,nan,nan,0.0,143.0,1.0,54.0,0.2544050713999093,nan,nan,nan,nan,
bi30,30.0,3B_small,nucl,2,i,400,59,uniform,13.7075,nan,nan,0.0,nan,nan,nan,nan,0.0,170.0,1.0,59.0,0.7877520460655096,nan,nan,nan,nan,
bi30,30.0,3B_small,nucl,2,i,600,60,uniform,14.7840625,nan,nan,0.0,nan,nan,nan,nan,0.0,173.0,1.0,60.0,0.6113814478127292,nan,nan,nan,nan,
bi30,30.0,3B_small,nucl,3,a,50,61,uniform,10.6875,nan,nan,0.0,nan,nan,nan,nan,0.0,169.0,1.0,61.0,0.7008567138321269,nan,nan,nan,nan,
bi30,30.0,3B_small,nucl,3,a,100,62,uniform,12.2375,nan,nan,0.0,nan,nan,nan,nan,0.0,174.0,1.0,62.0,0.42793083367360035,nan,nan,nan,nan,
bi30,30.0,3B_small,nucl,3,a,200,62,uniform,12.98875,nan,nan,0.0,nan,nan,nan,nan,0.0,178.0,1.0,62.0,0.7896810322282456,nan,nan,nan,nan,
bi30,30.0,3B_small,nucl,3,a,400,63,uniform,15.818698347107437,nan,nan,0.0,nan,nan,nan,nan,0.0,185.0,1.0,63.0,1.1703336922271197,nan,nan,nan,nan,
bi30,30.0,3B_small,nucl,3,a,600,64,uniform,15.890503597122303,nan,nan,0.0,nan,nan,nan,nan,0.0,191.0,1.0,64.0,1.534246878856243,nan,nan,nan,nan,
bi30,30.0,3B_small,nucl,3,i,50,53,uniform,10.56,nan,nan,0.0,nan,nan,nan,nan,0.0,116.0,1.0,53.0,0.8129175030830312,nan,nan,nan,nan,
bi30,30.0,3B_small,nucl,3,i,100,59,uniform,11.6375,nan,nan,0.0,nan,nan,nan,nan,0.0,152.0,1.0,59.0,0.3363188358851422,nan,nan,nan,nan,
bi30,30.0,3B_small,nucl,3,i,200,60,uniform,11.69,nan,nan,0.0,nan,nan,nan,nan,0.0,162.0,1.0,60.0,0.8885740347910971,nan,nan,nan,nan,
bi30,30.0,3B_small,nucl,3,i,400,63,uniform,12.49625,nan,nan,0.0,nan,nan,nan,nan,0.0,183.0,1.0,63.0,0.7616704149497358,nan,nan,nan,nan,
bi30,30.0,3B_small,nucl,3,i,600,64,uniform,12.225,nan,nan,0.0,nan,nan,nan,nan,0.0,190.0,1.0,64.0,1.4185807672830466,nan,nan,nan,nan,
bi30,30.0,3B_small,random,1,a,50,190,uniform,7.040122732123799,nan,nan,0.0,nan,nan,nan,nan,0.0,2084.0,1.0,190.0,0.17950794399880438,nan,nan,nan,nan,
bi30,30.0,3B_small,random,1,a,100,183,uniform,7.119642857142857,nan,nan,0.0,nan,nan,nan,nan,0.0,1909.0,1.0,183.0,0.4534152764753795,0.9910845174403943,4.383948934974359,0.14154748665551237,0.10110256891101879,
bi30,30.0,3B_small,random,1,a,200,180,uniform,7.314761306532663,nan,nan,0.0,nan,nan,nan,nan,0.0,1832.0,1.0,180.0,0.6955596672406635,1.1577036657874837,nan,0.13659001045085264,nan,
bi30,30.0,3B_small,random,1,a,400,177,uniform,9.005342679127725,nan,nan,0.0,nan,nan,nan,nan,0.0,1790.0,1.0,177.0,0.8496021565535424,1.185308238941152,nan,0.17149004138128265,nan,
bi30,30.0,3B_small,random,1,a,600,176,uniform,9.127511266094421,nan,nan,0.0,nan,nan,nan,nan,0.0,1766.0,1.0,176.0,0.7941045463783052,1.4540114530345196,nan,0.14675298075161233,nan,
bi30,30.0,3B_small,random,1,i,50,136,uniform,7.090625,nan,nan,0.0,nan,nan,nan,nan,0.0,992.0,1.0,136.0,0.6433083387219556,nan,nan,nan,nan,
bi30,30.0,3B_small,random,1,i,100,138,uniform,7.2375,nan,nan,0.0,nan,nan,nan,nan,0.0,1030.0,1.0,138.0,0.764076944385333,nan,nan,nan,nan,
bi30,30.0,3B_small,random,1,i,200,110,uniform,7.21,nan,nan,0.0,nan,nan,nan,nan,0.0,624.0,1.0,110.0,0.6653176838616938,nan,nan,nan,nan,
bi30,30.0,3B_small,random,1,i,400,109,uniform,7.18875,nan,nan,0.0,nan,nan,nan,nan,0.0,614.0,1.0,109.0,0.6799967289273791,nan,nan,nan,nan,
bi30,30.0,3B_small,random,1,i,600,109,uniform,8.296471962616822,nan,nan,0.0,nan,nan,nan,nan,0.0,612.0,1.0,109.0,0.8491249247810674,nan,nan,nan,nan,
bi30,30.0,3B_small,random,2,a,50,193,uniform,7.908614689980444,nan,nan,0.0,nan,nan,nan,nan,0.0,2147.0,1.0,193.0,0.19522935793653748,0.9869210164143579,3.7402935604531558,0.19962112299704363,0.10889797224268727,
bi30,30.0,3B_small,random,2,a,100,187,uniform,8.264033321763277,nan,nan,0.0,nan,nan,nan,nan,0.0,2026.0,1.0,187.0,0.19122276742713668,1.0992778162413273,4.147589661478098,0.11345079524776262,0.1374380339333103,
bi30,30.0,3B_small,random,2,a,200,184,uniform,8.505494880546076,nan,nan,0.0,nan,nan,nan,nan,0.0,1944.0,1.0,184.0,0.33441274282170774,1.3236234244505698,5.04922232071647,0.17154430253730227,0.10752164634904328,
bi30,30.0,3B_small,random,2,a,400,183,uniform,8.600356344326439,nan,nan,0.0,nan,nan,nan,nan,0.0,1934.0,1.0,183.0,0.41043677849153837,1.2636479688774738,4.7336928290963085,0.17643178741731053,0.09400202418587006,
bi30,30.0,3B_small,random,2,a,600,183,uniform,8.621410731550112,nan,nan,0.0,nan,nan,nan,nan,0.0,1934.0,1.0,183.0,0.4311794943045202,1.3045097490551327,5.138625271310764,0.1511771264059902,0.09977976440962791,
bi30,30.0,3B_small,random,2,i,50,43,uniform,9.9775,nan,nan,0.0,nan,nan,nan,nan,0.0,105.0,1.0,43.0,1.3868375566158706,nan,nan,nan,nan,
bi30,30.0,3B_small,random,2,i,100,35,uniform,nan,nan,nan,0.0,nan,nan,nan,nan,0.0,69.0,1.0,35.0,nan,nan,nan,nan,nan,
bi30,30.0,3B_small,random,2,i,200,31,uniform,nan,nan,nan,0.0,nan,nan,nan,nan,0.0,59.0,1.0,31.0,nan,nan,nan,nan,nan,
bi30,30.0,3B_small,random,2,i,400,31,uniform,nan,nan,nan,0.0,nan,nan,nan,nan,0.0,58.0,1.0,31.0,nan,nan,nan,nan,nan,
bi30,30.0,3B_small,random,2,i,600,29,uniform,nan,nan,nan,0.0,nan,nan,nan,nan,0.0,51.0,1.0,29.0,nan,nan,nan,nan,nan,
bi30,30.0,3B_small,random,3,a,50,189,uniform,8.136696918767507,nan,nan,0.0,nan,nan,nan,nan,0.0,2012.0,1.0,189.0,0.35048413812041573,1.7786456215091246,nan,0.11455012043388722,nan,
bi30,30.0,3B_small,random,3,a,100,183,uniform,8.430255591054314,nan,nan,0.0,nan,nan,nan,nan,0.0,1903.0,1.0,183.0,0.3648260294283051,1.2670327149787595,5.872475575747855,0.17450530954312993,0.10952868264638874,
bi30,30.0,3B_small,random,3,a,200,177,uniform,8.611408859840232,nan,nan,0.0,nan,nan,nan,nan,0.0,1776.0,1.0,177.0,0.4615936874768361,0.5563931713116238,2.803764210842274,0.2138495530226696,0.09915619834212216,
bi30,30.0,3B_small,random,3,a,400,176,uniform,8.687547055251974,nan,nan,0.0,nan,nan,nan,nan,0.0,1754.0,1.0,176.0,0.4373997695978205,0.5308057344270818,3.875881956084318,0.16701609680485352,0.09364977464666098,
bi30,30.0,3B_small,random,3,a,600,176,uniform,9.377322672064777,13.25,1.7241379310344829,30.0,nan,nan,nan,nan,0.0,1756.0,1.0,176.0,0.46378488028261616,0.4466637511778374,4.207050224574408,0.19838286988033071,0.11506367435163027,
bi30,30.0,3B_small,random,3,i,50,56,uniform,8.055,nan,nan,0.0,nan,nan,nan,nan,0.0,159.0,1.0,56.0,1.13511037609999,nan,nan,nan,nan,
bi30,30.0,3B_small,random,3,i,100,40,uniform,nan,nan,nan,0.0,nan,nan,nan,nan,0.0,84.0,1.0,40.0,nan,nan,nan,nan,nan,
bi30,30.0,3B_small,random,3,i,200,33,uniform,nan,nan,nan,0.0,nan,nan,nan,nan,0.0,52.0,1.0,33.0,nan,nan,nan,nan,nan,
bi30,30.0,3B_small,random,3,i,400,33,uniform,nan,nan,nan,0.0,nan,nan,nan,nan,0.0,56.0,1.0,33.0,nan,nan,nan,nan,nan,
bi30,30.0,3B_small,random,3,i,600,35,uniform,nan,nan,nan,0.0,nan,nan,nan,nan,0.0,64.0,1.0,35.0,nan,nan,nan,nan,nan,
bi30,30.0,3B_small,seed144,1,a,50,113,uniform,7.2275,nan,nan,0.0,nan,nan,nan,nan,0.0,730.0,1.0,113.0,0.4412539707640568,nan,nan,nan,nan,
bi30,30.0,3B_small,seed144,1,a,100,110,uniform,7.950558637083994,nan,nan,0.0,nan,nan,nan,nan,0.0,694.0,1.0,110.0,0.5246081077416073,nan,nan,nan,nan,
bi30,30.0,3B_small,seed144,1,a,200,108,uniform,8.196116751269034,nan,nan,0.0,nan,nan,nan,nan,0.0,663.0,1.0,108.0,0.6888855264443808,0.24743582965269678,nan,0.2587586715495751,nan,
bi30,30.0,3B_small,seed144,1,a,400,107,uniform,8.224534574468086,nan,nan,0.0,nan,nan,nan,nan,0.0,655.0,1.0,107.0,0.7550898305262678,nan,nan,nan,nan,
bi30,30.0,3B_small,seed144,1,a,600,107,uniform,8.238612903225807,nan,nan,0.0,nan,nan,nan,nan,0.0,655.0,1.0,107.0,0.6988904261778903,nan,nan,nan,nan,
bi30,30.0,3B_small,seed144,1,i,50,50,uniform,7.435,nan,nan,0.0,nan,nan,nan,nan,0.0,130.0,1.0,50.0,0.7167571470593934,nan,nan,nan,nan,
bi30,30.0,3B_small,seed144,1,i,100,52,uniform,7.46,nan,nan,0.0,nan,nan,nan,nan,0.0,141.0,1.0,52.0,0.9641020873466748,nan,nan,nan,nan,
bi30,30.0,3B_small,seed144,1,i,200,54,uniform,7.4825,nan,nan,0.0,nan,nan,nan,nan,0.0,151.0,1.0,54.0,0.8000375444565737,nan,nan,nan,nan,
bi30,30.0,3B_small,seed144,1,i,400,52,uniform,7.455,nan,nan,0.0,nan,nan,nan,nan,0.0,135.0,1.0,52.0,1.1136076683335807,nan,nan,nan,nan,
bi30,30.0,3B_small,seed144,1,i,600,52,uniform,7.4825,nan,nan,0.0,nan,nan,nan,nan,0.0,135.0,1.0,52.0,1.105168748041302,nan,nan,nan,nan,
bi30,30.0,3B_small,seed144,2,a,50,114,uniform,7.573601108033241,nan,nan,0.0,nan,nan,nan,nan,0.0,784.0,1.0,114.0,0.4390909698901301,nan,nan,nan,nan,
bi30,30.0,3B_small,seed144,2,a,100,113,uniform,7.745,nan,nan,0.0,nan,nan,nan,nan,0.0,774.0,1.0,113.0,0.42744921655146045,nan,nan,nan,nan,
bi30,30.0,3B_small,seed144,2,a,200,111,uniform,8.021875,nan,nan,0.0,nan,nan,nan,nan,0.0,737.0,1.0,111.0,0.6772089038055118,nan,nan,nan,nan,
bi30,30.0,3B_small,seed144,2,a,400,111,uniform,8.101666666666667,nan,nan,0.0,nan,nan,nan,nan,0.0,735.0,1.0,111.0,0.7865594343511186,nan,nan,nan,nan,
bi30,30.0,3B_small,seed144,2,a,600,111,uniform,8.085,nan,nan,0.0,nan,nan,nan,nan,0.0,734.0,1.0,111.0,0.8865320799460794,nan,nan,nan,nan,
bi30,30.0,3B_small,seed144,2,i,50,70,uniform,10.215,nan,nan,0.0,nan,nan,nan,nan,0.0,270.0,1.0,70.0,1.456113412600398,nan,nan,nan,nan,
bi30,30.0,3B_small,seed144,2,i,100,65,uniform,13.448333333333334,nan,nan,0.0,nan,nan,nan,nan,0.0,233.0,1.0,65.0,0.5823019852334048,nan,nan,nan,nan,
bi30,30.0,3B_small,seed144,2,i,200,50,uniform,14.3775,nan,nan,0.0,nan,nan,nan,nan,0.0,122.0,1.0,50.0,0.12529874657799778,nan,nan,nan,nan,
bi30,30.0,3B_small,seed144,2,i,400,50,uniform,14.379166666666666,nan,nan,0.0,nan,nan,nan,nan,0.0,122.0,1.0,50.0,0.15700075227202856,nan,nan,nan,nan,
bi30,30.0,3B_small,seed144,2,i,600,51,uniform,14.389166666666666,nan,nan,0.0,nan,nan,nan,nan,0.0,130.0,1.0,51.0,0.15521174187972991,nan,nan,nan,nan,
bi30,30.0,3B_small,seed144,3,a,50,105,uniform,7.029566420664207,nan,nan,0.0,nan,nan,nan,nan,0.0,599.0,1.0,105.0,0.6286700902476148,nan,nan,nan,nan,
bi30,30.0,3B_small,seed144,3,a,100,104,uniform,7.5175,nan,nan,0.0,nan,nan,nan,nan,0.0,583.0,1.0,104.0,0.7289840889209791,nan,nan,nan,nan,
bi30,30.0,3B_small,seed144,3,a,200,104,uniform,9.402857142857142,nan,nan,0.0,nan,nan,nan,nan,0.0,583.0,1.0,104.0,1.1564589874810691,nan,nan,nan,nan,
bi30,30.0,3B_small,seed144,3,a,400,104,uniform,8.170743626062324,nan,nan,0.0,nan,nan,nan,nan,0.0,583.0,1.0,104.0,0.9443696795740824,nan,nan,nan,nan,
bi30,30.0,3B_small,seed144,3,a,600,104,uniform,9.409642857142858,nan,nan,0.0,nan,nan,nan,nan,0.0,583.0,1.0,104.0,1.1551390065038658,nan,nan,nan,nan,
bi30,30.0,3B_small,seed144,3,i,50,82,uniform,10.904416666666666,nan,nan,0.0,nan,nan,nan,nan,0.0,358.0,1.0,82.0,0.6690855436839249,nan,nan,nan,nan,
bi30,30.0,3B_small,seed144,3,i,100,81,uniform,10.933983333333334,nan,nan,0.0,nan,nan,nan,nan,0.0,349.0,1.0,81.0,0.764201342991645,nan,nan,nan,nan,
bi30,30.0,3B_small,seed144,3,i,200,81,uniform,11.029166666666667,nan,nan,0.0,nan,nan,nan,nan,0.0,347.0,1.0,81.0,0.7404099104240791,nan,nan,nan,nan,
bi30,30.0,3B_small,seed144,3,i,400,82,uniform,11.059375,nan,nan,0.0,nan,nan,nan,nan,0.0,355.0,1.0,82.0,0.873605820075939,nan,nan,nan,nan,
bi30,30.0,3B_small,seed144,3,i,600,82,uniform,11.061595563139932,nan,nan,0.0,nan,nan,nan,nan,0.0,355.0,1.0,82.0,0.9601948014608358,nan,nan,nan,nan,
bi30,30.0,3B_small,seed1,0,a,50,1,uniform,nan,nan,nan,0.0,nan,nan,nan,nan,0.0,0.0,1.0,1.0,nan,nan,nan,nan,nan,
bi30,30.0,3B_small,seed1,0,a,100,1,uniform,nan,nan,nan,0.0,nan,nan,nan,nan,0.0,0.0,1.0,1.0,nan,nan,nan,nan,nan,
bi30,30.0,3B_small,seed1,0,a,200,1,uniform,nan,nan,nan,0.0,nan,nan,nan,nan,0.0,0.0,1.0,1.0,nan,nan,nan,nan,nan,
bi30,30.0,3B_small,seed1,0,a,400,1,uniform,nan,nan,nan,0.0,nan,nan,nan,nan,0.0,0.0,1.0,1.0,nan,nan,nan,nan,nan,
bi30,30.0,3B_small,seed1,0,a,600,1,uniform,nan,nan,nan,0.0,nan,nan,nan,nan,0.0,0.0,1.0,1.0,nan,nan,nan,nan,nan,
bi30,30.0,3B_small,seed1,0,i,50,1,uniform,nan,nan,nan,0.0,nan,nan,nan,nan,0.0,0.0,1.0,1.0,nan,nan,nan,nan,nan,
bi30,30.0,3B_small,seed1,0,i,100,1,uniform,nan,nan,nan,0.0,nan,nan,nan,nan,0.0,0.0,1.0,1.0,nan,nan,nan,nan,nan,
bi30,30.0,3B_small,seed1,0,i,200,1,uniform,nan,nan,nan,0.0,nan,nan,nan,nan,0.0,0.0,1.0,1.0,nan,nan,nan,nan,nan,
bi30,30.0,3B_small,seed1,0,i,400,1,uniform,nan,nan,nan,0.0,nan,nan,nan,nan,0.0,0.0,1.0,1.0,nan,nan,nan,nan,nan,
bi30,30.0,3B_small,seed1,0,i,600,1,uniform,nan,nan,nan,0.0,nan,nan,nan,nan,0.0,0.0,1.0,1.0,nan,nan,nan,nan,nan,
bi30,30.0,3B_small,seed36,1,a,50,35,uniform,nan,nan,nan,0.0,nan,nan,nan,nan,0.0,71.0,1.0,35.0,nan,nan,nan,nan,nan,
bi30,30.0,3B_small,seed36,1,a,100,35,uniform,nan,nan,nan,0.0,nan,nan,nan,nan,0.0,74.0,1.0,35.0,nan,nan,nan,nan,nan,
bi30,30.0,3B_small,seed36,1,a,200,35,uniform,nan,nan,nan,0.0,nan,nan,nan,nan,0.0,74.0,1.0,35.0,nan,nan,nan,nan,nan,
bi30,30.0,3B_small,seed36,1,a,400,35,uniform,nan,nan,nan,0.0,nan,nan,nan,nan,0.0,74.0,1.0,35.0,nan,nan,nan,nan,nan,
bi30,30.0,3B_small,seed36,1,a,600,35,uniform,nan,nan,nan,0.0,nan,nan,nan,nan,0.0,74.0,1.0,35.0,nan,nan,nan,nan,nan,
bi30,30.0,3B_small,seed36,1,i,50,30,uniform,nan,nan,nan,0.0,nan,nan,nan,nan,0.0,50.0,1.0,30.0,nan,nan,nan,nan,nan,
bi30,30.0,3B_small,seed36,1,i,100,30,uniform,nan,nan,nan,0.0,nan,nan,nan,nan,0.0,50.0,1.0,30.0,nan,nan,nan,nan,nan,
bi30,30.0,3B_small,seed36,1,i,200,30,uniform,nan,nan,nan,0.0,nan,nan,nan,nan,0.0,50.0,1.0,30.0,nan,nan,nan,nan,nan,
bi30,30.0,3B_small,seed36,1,i,400,30,uniform,nan,nan,nan,0.0,nan,nan,nan,nan,0.0,50.0,1.0,30.0,nan,nan,nan,nan,nan,
bi30,30.0,3B_small,seed36,1,i,600,30,uniform,nan,nan,nan,0.0,nan,nan,nan,nan,0.0,50.0,1.0,30.0,nan,nan,nan,nan,nan,
bi30,30.0,3B_small,seed36,2,a,50,35,uniform,nan,nan,nan,0.0,nan,nan,nan,nan,0.0,70.0,1.0,35.0,nan,nan,nan,nan,nan,
bi30,30.0,3B_small,seed36,2,a,100,35,uniform,nan,nan,nan,0.0,nan,nan,nan,nan,0.0,70.0,1.0,35.0,nan,nan,nan,nan,nan,
bi30,30.0,3B_small,seed36,2,a,200,35,uniform,nan,nan,nan,0.0,nan,nan,nan,nan,0.0,70.0,1.0,35.0,nan,nan,nan,nan,nan,
bi30,30.0,3B_small,seed36,2,a,400,35,uniform,nan,nan,nan,0.0,nan,nan,nan,nan,0.0,70.0,1.0,35.0,nan,nan,nan,nan,nan,
bi30,30.0,3B_small,seed36,2,a,600,35,uniform,nan,nan,nan,0.0,nan,nan,nan,nan,0.0,70.0,1.0,35.0,nan,nan,nan,nan,nan,
bi30,30.0,3B_small,seed36,2,i,50,27,uniform,nan,nan,nan,0.0,nan,nan,nan,nan,0.0,40.0,1.0,27.0,nan,nan,nan,nan,nan,
bi30,30.0,3B_small,seed36,2,i,100,27,uniform,nan,nan,nan,0.0,nan,nan,nan,nan,0.0,41.0,1.0,27.0,nan,nan,nan,nan,nan,
bi30,30.0,3B_small,seed36,2,i,200,28,uniform,nan,nan,nan,0.0,nan,nan,nan,nan,0.0,45.0,1.0,28.0,nan,nan,nan,nan,nan,
bi30,30.0,3B_small,seed36,2,i,400,28,uniform,nan,nan,nan,0.0,nan,nan,nan,nan,0.0,45.0,1.0,28.0,nan,nan,nan,nan,nan,
bi30,30.0,3B_small,seed36,2,i,600,28,uniform,nan,nan,nan,0.0,nan,nan,nan,nan,0.0,45.0,1.0,28.0,nan,nan,nan,nan,nan,
bi30,30.0,3B_small,seed36,3,a,50,34,uniform,nan,nan,nan,0.0,nan,nan,nan,nan,0.0,63.0,1.0,34.0,nan,nan,nan,nan,nan,
bi30,30.0,3B_small,seed36,3,a,100,34,uniform,nan,nan,nan,0.0,nan,nan,nan,nan,0.0,63.0,1.0,34.0,nan,nan,nan,nan,nan,
bi30,30.0,3B_small,seed36,3,a,200,34,uniform,nan,nan,nan,0.0,nan,nan,nan,nan,0.0,63.0,1.0,34.0,nan,nan,nan,nan,nan,
bi30,30.0,3B_small,seed36,3,a,400,34,uniform,nan,nan,nan,0.0,nan,nan,nan,nan,0.0,63.0,1.0,34.0,nan,nan,nan,nan,nan,
bi30,30.0,3B_small,seed36,3,a,600,34,uniform,nan,nan,nan,0.0,nan,nan,nan,nan,0.0,63.0,1.0,34.0,nan,nan,nan,nan,nan,
bi30,30.0,3B_small,seed36,3,i,50,30,uniform,nan,nan,nan,0.0,nan,nan,nan,nan,0.0,45.0,1.0,30.0,nan,nan,nan,nan,nan,
bi30,30.0,3B_small,seed36,3,i,100,30,uniform,nan,nan,nan,0.0,nan,nan,nan,nan,0.0,45.0,1.0,30.0,nan,nan,nan,nan,nan,
bi30,30.0,3B_small,seed36,3,i,200,30,uniform,nan,nan,nan,0.0,nan,nan,nan,nan,0.0,45.0,1.0,30.0,nan,nan,nan,nan,nan,
bi30,30.0,3B_small,seed36,3,i,400,30,uniform,nan,nan,nan,0.0,nan,nan,nan,nan,0.0,45.0,1.0,30.0,nan,nan,nan,nan,nan,
bi30,30.0,3B_small,seed36,3,i,600,30,uniform,nan,nan,nan,0.0,nan,nan,nan,nan,0.0,45.0,1.0,30.0,nan,nan,nan,nan,nan,
bi30,30.0,3B_small,seed9,1,a,50,9,uniform,nan,nan,nan,0.0,nan,nan,nan,nan,0.0,4.0,1.0,9.0,nan,nan,nan,nan,nan,
bi30,30.0,3B_small,seed9,1,a,100,9,uniform,nan,nan,nan,0.0,nan,nan,nan,nan,0.0,4.0,1.0,9.0,nan,nan,nan,nan,nan,
bi30,30.0,3B_small,seed9,1,a,200,9,uniform,nan,nan,nan,0.0,nan,nan,nan,nan,0.0,4.0,1.0,9.0,nan,nan,nan,nan,nan,
bi30,30.0,3B_small,seed9,1,a,400,9,uniform,nan,nan,nan,0.0,nan,nan,nan,nan,0.0,4.0,1.0,9.0,nan,nan,nan,nan,nan,
bi30,30.0,3B_small,seed9,1,a,600,9,uniform,nan,nan,nan,0.0,nan,nan,nan,nan,0.0,4.0,1.0,9.0,nan,nan,nan,nan,nan,
bi30,30.0,3B_small,seed9,1,i,50,7,uniform,nan,nan,nan,0.0,nan,nan,nan,nan,0.0,2.0,1.0,7.0,nan,nan,nan,nan,nan,
bi30,30.0,3B_small,seed9,1,i,100,7,uniform,nan,nan,nan,0.0,nan,nan,nan,nan,0.0,2.0,1.0,7.0,nan,nan,nan,nan,nan,
bi30,30.0,3B_small,seed9,1,i,200,8,uniform,nan,nan,nan,0.0,nan,nan,nan,nan,0.0,3.0,1.0,8.0,nan,nan,nan,nan,nan,
bi30,30.0,3B_small,seed9,1,i,400,8,uniform,nan,nan,nan,0.0,nan,nan,nan,nan,0.0,3.0,1.0,8.0,nan,nan,nan,nan,nan,
bi30,30.0,3B_small,seed9,1,i,600,8,uniform,nan,nan,nan,0.0,nan,nan,nan,nan,0.0,3.0,1.0,8.0,nan,nan,nan,nan,nan,
bi30,30.0,3B_small,seed9,2,a,50,9,uniform,nan,nan,nan,0.0,nan,nan,nan,nan,0.0,3.0,1.0,9.0,nan,nan,nan,nan,nan,
bi30,30.0,3B_small,seed9,2,a,100,9,uniform,nan,nan,nan,0.0,nan,nan,nan,nan,0.0,3.0,1.0,9.0,nan,nan,nan,nan,nan,
bi30,30.0,3B_small,seed9,2,a,200,9,uniform,nan,nan,nan,0.0,nan,nan,nan,nan,0.0,3.0,1.0,9.0,nan,nan,nan,nan,nan,
bi30,30.0,3B_small,seed9,2,a,400,9,uniform,nan,nan,nan,0.0,nan,nan,nan,nan,0.0,3.0,1.0,9.0,nan,nan,nan,nan,nan,
bi30,30.0,3B_small,seed9,2,a,600,9,uniform,nan,nan,nan,0.0,nan,nan,nan,nan,0.0,3.0,1.0,9.0,nan,nan,nan,nan,nan,
bi30,30.0,3B_small,seed9,2,i,50,8,uniform,nan,nan,nan,0.0,nan,nan,nan,nan,0.0,2.0,1.0,8.0,nan,nan,nan,nan,nan,
bi30,30.0,3B_small,seed9,2,i,100,8,uniform,nan,nan,nan,0.0,nan,nan,nan,nan,0.0,2.0,1.0,8.0,nan,nan,nan,nan,nan,
bi30,30.0,3B_small,seed9,2,i,200,8,uniform,nan,nan,nan,0.0,nan,nan,nan,nan,0.0,2.0,1.0,8.0,nan,nan,nan,nan,nan,
bi30,30.0,3B_small,seed9,2,i,400,8,uniform,nan,nan,nan,0.0,nan,nan,nan,nan,0.0,2.0,1.0,8.0,nan,nan,nan,nan,nan,
bi30,30.0,3B_small,seed9,2,i,600,8,uniform,nan,nan,nan,0.0,nan,nan,nan,nan,0.0,2.0,1.0,8.0,nan,nan,nan,nan,nan,
bi30,30.0,3B_small,seed9,3,a,50,9,uniform,nan,nan,nan,0.0,nan,nan,nan,nan,0.0,2.0,1.0,9.0,nan,nan,nan,nan,nan,
bi30,30.0,3B_small,seed9,3,a,100,9,uniform,nan,nan,nan,0.0,nan,nan,nan,nan,0.0,2.0,1.0,9.0,nan,nan,nan,nan,nan,
bi30,30.0,3B_small,seed9,3,a,200,9,uniform,nan,nan,nan,0.0,nan,nan,nan,nan,0.0,2.0,1.0,9.0,nan,nan,nan,nan,nan,
bi30,30.0,3B_small,seed9,3,a,400,9,uniform,nan,nan,nan,0.0,nan,nan,nan,nan,0.0,2.0,1.0,9.0,nan,nan,nan,nan,nan,
bi30,30.0,3B_small,seed9,3,a,600,9,uniform,nan,nan,nan,0.0,nan,nan,nan,nan,0.0,2.0,1.0,9.0,nan,nan,nan,nan,nan,
bi30,30.0,3B_small,seed9,3,i,50,9,uniform,nan,nan,nan,0.0,nan,nan,nan,nan,0.0,2.0,1.0,9.0,nan,nan,nan,nan,nan,
bi30,30.0,3B_small,seed9,3,i,100,9,uniform,nan,nan,nan,0.0,nan,nan,nan,nan,0.0,2.0,1.0,9.0,nan,nan,nan,nan,nan,
bi30,30.0,3B_small,seed9,3,i,200,9,uniform,nan,nan,nan,0.0,nan,nan,nan,nan,0.0,2.0,1.0,9.0,nan,nan,nan,nan,nan,
bi30,30.0,3B_small,seed9,3,i,400,9,uniform,nan,nan,nan,0.0,nan,nan,nan,nan,0.0,2.0,1.0,9.0,nan,nan,nan,nan,nan,
bi30,30.0,3B_small,seed9,3,i,600,9,uniform,nan,nan,nan,0.0,nan,nan,nan,nan,0.0,2.0,1.0,9.0,nan,nan,nan,nan,nan,
bi50,50.0,S8D_lowri,nucl,1,a,50,36,uniform,nan,nan,nan,0.0,nan,nan,nan,nan,0.0,58.0,1.0,36.0,nan,nan,nan,nan,nan,
bi50,50.0,S8D_lowri,nucl,1,a,100,42,uniform,nan,nan,nan,0.0,nan,nan,nan,nan,0.0,77.0,1.0,42.0,nan,nan,nan,nan,nan,
bi50,50.0,S8D_lowri,nucl,1,a,200,45,uniform,nan,nan,nan,0.0,nan,nan,nan,nan,0.0,91.0,1.0,45.0,nan,nan,nan,nan,nan,
bi50,50.0,S8D_lowri,nucl,1,a,400,52,uniform,13.09,nan,nan,0.0,nan,nan,nan,nan,0.0,123.0,1.0,52.0,0.7760547299710354,nan,nan,nan,nan,
bi50,50.0,S8D_lowri,nucl,1,a,600,54,uniform,13.1575,nan,nan,0.0,nan,nan,nan,nan,0.0,132.0,1.0,54.0,0.8315753471954005,nan,nan,nan,nan,
bi50,50.0,S8D_lowri,nucl,1,i,50,35,uniform,nan,nan,nan,0.0,nan,nan,nan,nan,0.0,55.0,1.0,35.0,nan,nan,nan,nan,nan,
bi50,50.0,S8D_lowri,nucl,1,i,100,42,uniform,nan,nan,nan,0.0,nan,nan,nan,nan,0.0,77.0,1.0,42.0,nan,nan,nan,nan,nan,
bi50,50.0,S8D_lowri,nucl,1,i,200,45,uniform,nan,nan,nan,0.0,nan,nan,nan,nan,0.0,90.0,1.0,45.0,nan,nan,nan,nan,nan,
bi50,50.0,S8D_lowri,nucl,1,i,400,52,uniform,12.1225,nan,nan,0.0,nan,nan,nan,nan,0.0,123.0,1.0,52.0,0.9653701549387594,nan,nan,nan,nan,
bi50,50.0,S8D_lowri,nucl,1,i,600,54,uniform,12.155,nan,nan,0.0,nan,nan,nan,nan,0.0,131.0,1.0,54.0,1.068910084147876,nan,nan,nan,nan,
bi50,50.0,S8D_lowri,nucl,2,a,50,36,uniform,nan,nan,nan,0.0,nan,nan,nan,nan,0.0,63.0,1.0,36.0,nan,nan,nan,nan,nan,
bi50,50.0,S8D_lowri,nucl,2,a,100,43,uniform,nan,nan,nan,0.0,nan,nan,nan,nan,0.0,90.0,1.0,43.0,nan,nan,nan,nan,nan,
bi50,50.0,S8D_lowri,nucl,2,a,200,47,uniform,10.5125,nan,nan,0.0,nan,nan,nan,nan,0.0,107.0,1.0,47.0,2.436514518856198,nan,nan,nan,nan,
bi50,50.0,S8D_lowri,nucl,2,a,400,53,uniform,13.1425,nan,nan,0.0,nan,nan,nan,nan,0.0,134.0,1.0,53.0,1.3470024928662983,nan,nan,nan,nan,
bi50,50.0,S8D_lowri,nucl,2,a,600,54,uniform,13.97375,nan,nan,0.0,nan,nan,nan,nan,0.0,143.0,1.0,54.0,0.8355423319537228,nan,nan,nan,nan,
bi50,50.0,S8D_lowri,nucl,2,i,50,35,uniform,nan,nan,nan,0.0,nan,nan,nan,nan,0.0,61.0,1.0,35.0,nan,nan,nan,nan,nan,
bi50,50.0,S8D_lowri,nucl,2,i,100,43,uniform,nan,nan,nan,0.0,nan,nan,nan,nan,0.0,89.0,1.0,43.0,nan,nan,nan,nan,nan,
bi50,50.0,S8D_lowri,nucl,2,i,200,47,uniform,9.47,nan,nan,0.0,nan,nan,nan,nan,0.0,107.0,1.0,47.0,2.975146607814292,nan,nan,nan,nan,
bi50,50.0,S8D_lowri,nucl,2,i,400,52,uniform,12.6175,nan,nan,0.0,nan,nan,nan,nan,0.0,132.0,1.0,52.0,1.6877054011905892,nan,nan,nan,nan,
bi50,50.0,S8D_lowri,nucl,2,i,600,54,uniform,13.6575,nan,nan,0.0,nan,nan,nan,nan,0.0,143.0,1.0,54.0,0.9521212494446565,nan,nan,nan,nan,
bi50,50.0,S8D_lowri,nucl,3,a,50,39,uniform,nan,nan,nan,0.0,nan,nan,nan,nan,0.0,67.0,1.0,39.0,nan,nan,nan,nan,nan,
bi50,50.0,S8D_lowri,nucl,3,a,100,42,uniform,nan,nan,nan,0.0,nan,nan,nan,nan,0.0,75.0,1.0,42.0,nan,nan,nan,nan,nan,
bi50,50.0,S8D_lowri,nucl,3,a,200,47,uniform,nan,nan,nan,0.0,nan,nan,nan,nan,0.0,99.0,1.0,47.0,nan,nan,nan,nan,nan,
bi50,50.0,S8D_lowri,nucl,3,a,400,54,uniform,14.735,nan,nan,0.0,nan,nan,nan,nan,0.0,140.0,1.0,54.0,0.6097820969311938,nan,nan,nan,nan,
bi50,50.0,S8D_lowri,nucl,3,a,600,55,uniform,14.7025,nan,nan,0.0,nan,nan,nan,nan,0.0,144.0,1.0,55.0,0.6588861075614331,nan,nan,nan,nan,
bi50,50.0,S8D_lowri,nucl,3,i,50,39,uniform,nan,nan,nan,0.0,nan,nan,nan,nan,0.0,64.0,1.0,39.0,nan,nan,nan,nan,nan,
bi50,50.0,S8D_lowri,nucl,3,i,100,42,uniform,nan,nan,nan,0.0,nan,nan,nan,nan,0.0,73.0,1.0,42.0,nan,nan,nan,nan,nan,
bi50,50.0,S8D_lowri,nucl,3,i,200,47,uniform,nan,nan,nan,0.0,nan,nan,nan,nan,0.0,98.0,1.0,47.0,nan,nan,nan,nan,nan,
bi50,50.0,S8D_lowri,nucl,3,i,400,54,uniform,14.1225,nan,nan,0.0,nan,nan,nan,nan,0.0,142.0,1.0,54.0,0.69422336007212,nan,nan,nan,nan,
bi50,50.0,S8D_lowri,nucl,3,i,600,55,uniform,14.21,nan,nan,0.0,nan,nan,nan,nan,0.0,148.0,1.0,55.0,0.7030135559278514,nan,nan,nan,nan,
bi50,50.0,S8D_lowri,random,1,a,50,8,uniform,nan,nan,nan,0.0,nan,nan,nan,nan,0.0,3.0,1.0,8.0,nan,nan,nan,nan,nan,
bi50,50.0,S8D_lowri,random,1,a,100,8,uniform,nan,nan,nan,0.0,nan,nan,nan,nan,0.0,3.0,1.0,8.0,nan,nan,nan,nan,nan,
bi50,50.0,S8D_lowri,random,1,a,200,8,uniform,nan,nan,nan,0.0,nan,nan,nan,nan,0.0,3.0,1.0,8.0,nan,nan,nan,nan,nan,
bi50,50.0,S8D_lowri,random,1,a,400,8,uniform,nan,nan,nan,0.0,nan,nan,nan,nan,0.0,3.0,1.0,8.0,nan,nan,nan,nan,nan,
bi50,50.0,S8D_lowri,random,1,a,600,8,uniform,nan,nan,nan,0.0,nan,nan,nan,nan,0.0,3.0,1.0,8.0,nan,nan,nan,nan,nan,
bi50,50.0,S8D_lowri,random,1,i,50,8,uniform,nan,nan,nan,0.0,nan,nan,nan,nan,0.0,3.0,1.0,8.0,nan,nan,nan,nan,nan,
bi50,50.0,S8D_lowri,random,1,i,100,8,uniform,nan,nan,nan,0.0,nan,nan,nan,nan,0.0,3.0,1.0,8.0,nan,nan,nan,nan,nan,
bi50,50.0,S8D_lowri,random,1,i,200,8,uniform,nan,nan,nan,0.0,nan,nan,nan,nan,0.0,3.0,1.0,8.0,nan,nan,nan,nan,nan,
bi50,50.0,S8D_lowri,random,1,i,400,8,uniform,nan,nan,nan,0.0,nan,nan,nan,nan,0.0,3.0,1.0,8.0,nan,nan,nan,nan,nan,
bi50,50.0,S8D_lowri,random,1,i,600,8,uniform,nan,nan,nan,0.0,nan,nan,nan,nan,0.0,3.0,1.0,8.0,nan,nan,nan,nan,nan,
bi50,50.0,S8D_lowri,random,2,a,50,11,uniform,nan,nan,nan,0.0,nan,nan,nan,nan,0.0,4.0,1.0,11.0,nan,nan,nan,nan,nan,
bi50,50.0,S8D_lowri,random,2,a,100,11,uniform,nan,nan,nan,0.0,nan,nan,nan,nan,0.0,4.0,1.0,11.0,nan,nan,nan,nan,nan,
bi50,50.0,S8D_lowri,random,2,a,200,11,uniform,nan,nan,nan,0.0,nan,nan,nan,nan,0.0,4.0,1.0,11.0,nan,nan,nan,nan,nan,
bi50,50.0,S8D_lowri,random,2,a,400,11,uniform,nan,nan,nan,0.0,nan,nan,nan,nan,0.0,4.0,1.0,11.0,nan,nan,nan,nan,nan,
bi50,50.0,S8D_lowri,random,2,a,600,11,uniform,nan,nan,nan,0.0,nan,nan,nan,nan,0.0,4.0,1.0,11.0,nan,nan,nan,nan,nan,
bi50,50.0,S8D_lowri,random,2,i,50,11,uniform,nan,nan,nan,0.0,nan,nan,nan,nan,0.0,4.0,1.0,11.0,nan,nan,nan,nan,nan,
bi50,50.0,S8D_lowri,random,2,i,100,11,uniform,nan,nan,nan,0.0,nan,nan,nan,nan,0.0,4.0,1.0,11.0,nan,nan,nan,nan,nan,
bi50,50.0,S8D_lowri,random,2,i,200,11,uniform,nan,nan,nan,0.0,nan,nan,nan,nan,0.0,4.0,1.0,11.0,nan,nan,nan,nan,nan,
bi50,50.0,S8D_lowri,random,2,i,400,11,uniform,nan,nan,nan,0.0,nan,nan,nan,nan,0.0,4.0,1.0,11.0,nan,nan,nan,nan,nan,
bi50,50.0,S8D_lowri,random,2,i,600,11,uniform,nan,nan,nan,0.0,nan,nan,nan,nan,0.0,4.0,1.0,11.0,nan,nan,nan,nan,nan,
bi50,50.0,S8D_lowri,random,3,a,50,14,uniform,nan,nan,nan,0.0,nan,nan,nan,nan,0.0,11.0,1.0,14.0,nan,nan,nan,nan,nan,
bi50,50.0,S8D_lowri,random,3,a,100,14,uniform,nan,nan,nan,0.0,nan,nan,nan,nan,0.0,11.0,1.0,14.0,nan,nan,nan,nan,nan,
bi50,50.0,S8D_lowri,random,3,a,200,14,uniform,nan,nan,nan,0.0,nan,nan,nan,nan,0.0,11.0,1.0,14.0,nan,nan,nan,nan,nan,
bi50,50.0,S8D_lowri,random,3,a,400,14,uniform,nan,nan,nan,0.0,nan,nan,nan,nan,0.0,11.0,1.0,14.0,nan,nan,nan,nan,nan,
bi50,50.0,S8D_lowri,random,3,a,600,14,uniform,nan,nan,nan,0.0,nan,nan,nan,nan,0.0,11.0,1.0,14.0,nan,nan,nan,nan,nan,
bi50,50.0,S8D_lowri,random,3,i,50,14,uniform,nan,nan,nan,0.0,nan,nan,nan,nan,0.0,11.0,1.0,14.0,nan,nan,nan,nan,nan,
bi50,50.0,S8D_lowri,random,3,i,100,14,uniform,nan,nan,nan,0.0,nan,nan,nan,nan,0.0,11.0,1.0,14.0,nan,nan,nan,nan,nan,
bi50,50.0,S8D_lowri,random,3,i,200,14,uniform,nan,nan,nan,0.0,nan,nan,nan,nan,0.0,11.0,1.0,14.0,nan,nan,nan,nan,nan,
bi50,50.0,S8D_lowri,random,3,i,400,14,uniform,nan,nan,nan,0.0,nan,nan,nan,nan,0.0,11.0,1.0,14.0,nan,nan,nan,nan,nan,
bi50,50.0,S8D_lowri,random,3,i,600,14,uniform,nan,nan,nan,0.0,nan,nan,nan,nan,0.0,11.0,1.0,14.0,nan,nan,nan,nan,nan,
bi50,50.0,S8D_lowri,seed144,1,a,50,105,lattice,7.1525,nan,nan,0.0,nan,nan,nan,nan,0.0,631.0,1.0,105.0,0.47237437975253005,nan,nan,nan,nan,
bi50,50.0,S8D_lowri,seed144,1,a,100,103,lattice,7.515652173913043,nan,nan,0.0,nan,nan,nan,nan,0.0,609.0,1.0,103.0,0.7084809945354937,nan,nan,nan,nan,
bi50,50.0,S8D_lowri,seed144,1,a,200,103,lattice,7.4802163461538465,nan,nan,0.0,nan,nan,nan,nan,0.0,606.0,1.0,103.0,0.9119108906056688,nan,nan,nan,nan,
bi50,50.0,S8D_lowri,seed144,1,a,400,103,lattice,7.518073047858942,nan,nan,0.0,nan,nan,nan,nan,0.0,603.0,1.0,103.0,0.7671826830859481,nan,nan,nan,nan,
bi50,50.0,S8D_lowri,seed144,1,a,600,103,lattice,7.569475982532751,nan,nan,0.0,nan,nan,nan,nan,0.0,603.0,1.0,103.0,0.7327482835779721,nan,nan,nan,nan,
bi50,50.0,S8D_lowri,seed144,1,i,50,98,uniform,7.396130319148936,nan,nan,0.0,nan,nan,nan,nan,0.0,552.0,1.0,98.0,0.5453767336879999,nan,nan,nan,nan,
bi50,50.0,S8D_lowri,seed144,1,i,100,96,uniform,8.59538409703504,nan,nan,0.0,nan,nan,nan,nan,0.0,528.0,1.0,96.0,0.6613097838386288,nan,nan,nan,nan,
bi50,50.0,S8D_lowri,seed144,1,i,200,98,uniform,8.381635446685879,nan,nan,0.0,nan,nan,nan,nan,0.0,544.0,1.0,98.0,0.6036627156373228,nan,nan,nan,nan,
bi50,50.0,S8D_lowri,seed144,1,i,400,98,uniform,7.15125,nan,nan,0.0,nan,nan,nan,nan,0.0,544.0,1.0,98.0,0.7057858973312983,nan,nan,nan,nan,
bi50,50.0,S8D_lowri,seed144,1,i,600,99,uniform,7.022134615384616,nan,nan,0.0,nan,nan,nan,nan,0.0,553.0,1.0,99.0,0.828158397215391,nan,nan,nan,nan,
bi50,50.0,S8D_lowri,seed144,2,a,50,108,lattice,6.6675,nan,nan,0.0,nan,nan,nan,nan,0.0,700.0,1.0,108.0,0.8140405585464535,nan,nan,nan,nan,
bi50,50.0,S8D_lowri,seed144,2,a,100,104,lattice,6.6274999999999995,nan,nan,0.0,nan,nan,nan,nan,0.0,658.0,1.0,104.0,1.1831082701386741,nan,nan,nan,nan,
bi50,50.0,S8D_lowri,seed144,2,a,200,104,lattice,6.66625,nan,nan,0.0,nan,nan,nan,nan,0.0,654.0,1.0,104.0,1.1456823644496057,nan,nan,nan,nan,
bi50,50.0,S8D_lowri,seed144,2,a,400,104,lattice,6.6762500000000005,nan,nan,0.0,nan,nan,nan,nan,0.0,656.0,1.0,104.0,1.1595824556770844,nan,nan,nan,nan,
bi50,50.0,S8D_lowri,seed144,2,a,600,104,lattice,6.68125,nan,nan,0.0,nan,nan,nan,nan,0.0,660.0,1.0,104.0,1.1598708452270363,nan,nan,nan,nan,
bi50,50.0,S8D_lowri,seed144,2,i,50,102,uniform,8.22875,nan,nan,0.0,nan,nan,nan,nan,0.0,633.0,1.0,102.0,1.0158468300747696,nan,nan,nan,nan,
bi50,50.0,S8D_lowri,seed144,2,i,100,102,uniform,8.071666666666667,nan,nan,0.0,nan,nan,nan,nan,0.0,636.0,1.0,102.0,0.9733402144791107,nan,nan,nan,nan,
bi50,50.0,S8D_lowri,seed144,2,i,200,104,uniform,8.23,nan,nan,0.0,nan,nan,nan,nan,0.0,655.0,1.0,104.0,1.098162484649512,nan,nan,nan,nan,
bi50,50.0,S8D_lowri,seed144,2,i,400,104,uniform,8.061666666666667,nan,nan,0.0,nan,nan,nan,nan,0.0,657.0,1.0,104.0,0.952609141689385,nan,nan,nan,nan,
bi50,50.0,S8D_lowri,seed144,2,i,600,104,uniform,8.476086956521739,nan,nan,0.0,nan,nan,nan,nan,0.0,658.0,1.0,104.0,0.9603007277358433,nan,nan,nan,nan,
bi50,50.0,S8D_lowri,seed144,3,a,50,103,lattice,6.1925,nan,nan,0.0,nan,nan,nan,nan,0.0,575.0,1.0,103.0,1.1656846631872322,nan,nan,nan,nan,
bi50,50.0,S8D_lowri,seed144,3,a,100,102,lattice,6.21,nan,nan,0.0,nan,nan,nan,nan,0.0,567.0,1.0,102.0,1.036803619833814,nan,nan,nan,nan,
bi50,50.0,S8D_lowri,seed144,3,a,200,102,lattice,6.20375,nan,nan,0.0,nan,nan,nan,nan,0.0,567.0,1.0,102.0,1.1129937581261833,nan,nan,nan,nan,
bi50,50.0,S8D_lowri,seed144,3,a,400,102,lattice,6.165,nan,nan,0.0,nan,nan,nan,nan,0.0,576.0,1.0,102.0,1.3044189722512927,nan,nan,nan,nan,
bi50,50.0,S8D_lowri,seed144,3,a,600,102,lattice,8.201386138613861,nan,nan,0.0,nan,nan,nan,nan,0.0,576.0,1.0,102.0,1.1025775261758215,nan,nan,nan,nan,
bi50,50.0,S8D_lowri,seed144,3,i,50,96,uniform,8.848239436619718,nan,nan,0.0,nan,nan,nan,nan,0.0,500.0,1.0,96.0,0.630638591820445,nan,nan,nan,nan,
bi50,50.0,S8D_lowri,seed144,3,i,100,96,uniform,8.86234631147541,nan,nan,0.0,nan,nan,nan,nan,0.0,501.0,1.0,96.0,0.6999060306369211,nan,nan,nan,nan,
bi50,50.0,S8D_lowri,seed144,3,i,200,96,uniform,8.983926848874598,nan,nan,0.0,nan,nan,nan,nan,0.0,501.0,1.0,96.0,0.8409801158680301,nan,nan,nan,nan,
bi50,50.0,S8D_lowri,seed144,3,i,400,98,uniform,8.936945652173913,nan,nan,0.0,nan,nan,nan,nan,0.0,536.0,1.0,98.0,0.9354451044925751,nan,nan,nan,nan,
bi50,50.0,S8D_lowri,seed144,3,i,600,98,uniform,8.966783216783217,nan,nan,0.0,nan,nan,nan,nan,0.0,540.0,1.0,98.0,0.9857482558572999,nan,nan,nan,nan,
bi50,50.0,S8D_lowri,seed1,0,a,50,1,uniform,nan,nan,nan,0.0,nan,nan,nan,nan,0.0,0.0,1.0,1.0,nan,nan,nan,nan,nan,
bi50,50.0,S8D_lowri,seed1,0,a,100,1,uniform,nan,nan,nan,0.0,nan,nan,nan,nan,0.0,0.0,1.0,1.0,nan,nan,nan,nan,nan,
bi50,50.0,S8D_lowri,seed1,0,a,200,1,uniform,nan,nan,nan,0.0,nan,nan,nan,nan,0.0,0.0,1.0,1.0,nan,nan,nan,nan,nan,
bi50,50.0,S8D_lowri,seed1,0,a,400,1,uniform,nan,nan,nan,0.0,nan,nan,nan,nan,0.0,0.0,1.0,1.0,nan,nan,nan,nan,nan,
bi50,50.0,S8D_lowri,seed1,0,a,600,1,uniform,nan,nan,nan,0.0,nan,nan,nan,nan,0.0,0.0,1.0,1.0,nan,nan,nan,nan,nan,
bi50,50.0,S8D_lowri,seed1,0,i,50,1,uniform,nan,nan,nan,0.0,nan,nan,nan,nan,0.0,0.0,1.0,1.0,nan,nan,nan,nan,nan,
bi50,50.0,S8D_lowri,seed1,0,i,100,1,uniform,nan,nan,nan,0.0,nan,nan,nan,nan,0.0,0.0,1.0,1.0,nan,nan,nan,nan,nan,
bi50,50.0,S8D_lowri,seed1,0,i,200,1,uniform,nan,nan,nan,0.0,nan,nan,nan,nan,0.0,0.0,1.0,1.0,nan,nan,nan,nan,nan,
bi50,50.0,S8D_lowri,seed1,0,i,400,1,uniform,nan,nan,nan,0.0,nan,nan,nan,nan,0.0,0.0,1.0,1.0,nan,nan,nan,nan,nan,
bi50,50.0,S8D_lowri,seed1,0,i,600,1,uniform,nan,nan,nan,0.0,nan,nan,nan,nan,0.0,0.0,1.0,1.0,nan,nan,nan,nan,nan,
bi50,50.0,S8D_lowri,seed36,1,a,50,35,uniform,nan,nan,nan,0.0,nan,nan,nan,nan,0.0,73.0,1.0,35.0,nan,nan,nan,nan,nan,
bi50,50.0,S8D_lowri,seed36,1,a,100,35,uniform,nan,nan,nan,0.0,nan,nan,nan,nan,0.0,74.0,1.0,35.0,nan,nan,nan,nan,nan,
bi50,50.0,S8D_lowri,seed36,1,a,200,35,uniform,nan,nan,nan,0.0,nan,nan,nan,nan,0.0,75.0,1.0,35.0,nan,nan,nan,nan,nan,
bi50,50.0,S8D_lowri,seed36,1,a,400,35,uniform,nan,nan,nan,0.0,nan,nan,nan,nan,0.0,73.0,1.0,35.0,nan,nan,nan,nan,nan,
bi50,50.0,S8D_lowri,seed36,1,a,600,35,uniform,nan,nan,nan,0.0,nan,nan,nan,nan,0.0,73.0,1.0,35.0,nan,nan,nan,nan,nan,
bi50,50.0,S8D_lowri,seed36,1,i,50,33,uniform,nan,nan,nan,0.0,nan,nan,nan,nan,0.0,64.0,1.0,33.0,nan,nan,nan,nan,nan,
bi50,50.0,S8D_lowri,seed36,1,i,100,33,uniform,nan,nan,nan,0.0,nan,nan,nan,nan,0.0,64.0,1.0,33.0,nan,nan,nan,nan,nan,
bi50,50.0,S8D_lowri,seed36,1,i,200,35,uniform,nan,nan,nan,0.0,nan,nan,nan,nan,0.0,75.0,1.0,35.0,nan,nan,nan,nan,nan,
bi50,50.0,S8D_lowri,seed36,1,i,400,35,uniform,nan,nan,nan,0.0,nan,nan,nan,nan,0.0,74.0,1.0,35.0,nan,nan,nan,nan,nan,
bi50,50.0,S8D_lowri,seed36,1,i,600,35,uniform,nan,nan,nan,0.0,nan,nan,nan,nan,0.0,74.0,1.0,35.0,nan,nan,nan,nan,nan,
bi50,50.0,S8D_lowri,seed36,2,a,50,35,uniform,nan,nan,nan,0.0,nan,nan,nan,nan,0.0,71.0,1.0,35.0,nan,nan,nan,nan,nan,
bi50,50.0,S8D_lowri,seed36,2,a,100,35,uniform,nan,nan,nan,0.0,nan,nan,nan,nan,0.0,71.0,1.0,35.0,nan,nan,nan,nan,nan,
bi50,50.0,S8D_lowri,seed36,2,a,200,35,uniform,nan,nan,nan,0.0,nan,nan,nan,nan,0.0,71.0,1.0,35.0,nan,nan,nan,nan,nan,
bi50,50.0,S8D_lowri,seed36,2,a,400,35,uniform,nan,nan,nan,0.0,nan,nan,nan,nan,0.0,70.0,1.0,35.0,nan,nan,nan,nan,nan,
bi50,50.0,S8D_lowri,seed36,2,a,600,35,uniform,nan,nan,nan,0.0,nan,nan,nan,nan,0.0,71.0,1.0,35.0,nan,nan,nan,nan,nan,
bi50,50.0,S8D_lowri,seed36,2,i,50,34,uniform,nan,nan,nan,0.0,nan,nan,nan,nan,0.0,67.0,1.0,34.0,nan,nan,nan,nan,nan,
bi50,50.0,S8D_lowri,seed36,2,i,100,34,uniform,nan,nan,nan,0.0,nan,nan,nan,nan,0.0,67.0,1.0,34.0,nan,nan,nan,nan,nan,
bi50,50.0,S8D_lowri,seed36,2,i,200,35,uniform,nan,nan,nan,0.0,nan,nan,nan,nan,0.0,71.0,1.0,35.0,nan,nan,nan,nan,nan,
bi50,50.0,S8D_lowri,seed36,2,i,400,35,uniform,nan,nan,nan,0.0,nan,nan,nan,nan,0.0,71.0,1.0,35.0,nan,nan,nan,nan,nan,
bi50,50.0,S8D_lowri,seed36,2,i,600,35,uniform,nan,nan,nan,0.0,nan,nan,nan,nan,0.0,71.0,1.0,35.0,nan,nan,nan,nan,nan,
bi50,50.0,S8D_lowri,seed36,3,a,50,34,uniform,nan,nan,nan,0.0,nan,nan,nan,nan,0.0,63.0,1.0,34.0,nan,nan,nan,nan,nan,
bi50,50.0,S8D_lowri,seed36,3,a,100,34,uniform,nan,nan,nan,0.0,nan,nan,nan,nan,0.0,63.0,1.0,34.0,nan,nan,nan,nan,nan,
bi50,50.0,S8D_lowri,seed36,3,a,200,34,uniform,nan,nan,nan,0.0,nan,nan,nan,nan,0.0,63.0,1.0,34.0,nan,nan,nan,nan,nan,
bi50,50.0,S8D_lowri,seed36,3,a,400,34,uniform,nan,nan,nan,0.0,nan,nan,nan,nan,0.0,64.0,1.0,34.0,nan,nan,nan,nan,nan,
bi50,50.0,S8D_lowri,seed36,3,a,600,34,uniform,nan,nan,nan,0.0,nan,nan,nan,nan,0.0,64.0,1.0,34.0,nan,nan,nan,nan,nan,
bi50,50.0,S8D_lowri,seed36,3,i,50,33,uniform,nan,nan,nan,0.0,nan,nan,nan,nan,0.0,59.0,1.0,33.0,nan,nan,nan,nan,nan,
bi50,50.0,S8D_lowri,seed36,3,i,100,33,uniform,nan,nan,nan,0.0,nan,nan,nan,nan,0.0,59.0,1.0,33.0,nan,nan,nan,nan,nan,
bi50,50.0,S8D_lowri,seed36,3,i,200,34,uniform,nan,nan,nan,0.0,nan,nan,nan,nan,0.0,63.0,1.0,34.0,nan,nan,nan,nan,nan,
bi50,50.0,S8D_lowri,seed36,3,i,400,34,uniform,nan,nan,nan,0.0,nan,nan,nan,nan,0.0,64.0,1.0,34.0,nan,nan,nan,nan,nan,
bi50,50.0,S8D_lowri,seed36,3,i,600,34,uniform,nan,nan,nan,0.0,nan,nan,nan,nan,0.0,64.0,1.0,34.0,nan,nan,nan,nan,nan,
bi50,50.0,S8D_lowri,seed9,1,a,50,9,uniform,nan,nan,nan,0.0,nan,nan,nan,nan,0.0,4.0,1.0,9.0,nan,nan,nan,nan,nan,
bi50,50.0,S8D_lowri,seed9,1,a,100,9,uniform,nan,nan,nan,0.0,nan,nan,nan,nan,0.0,4.0,1.0,9.0,nan,nan,nan,nan,nan,
bi50,50.0,S8D_lowri,seed9,1,a,200,9,uniform,nan,nan,nan,0.0,nan,nan,nan,nan,0.0,4.0,1.0,9.0,nan,nan,nan,nan,nan,
bi50,50.0,S8D_lowri,seed9,1,a,400,9,uniform,nan,nan,nan,0.0,nan,nan,nan,nan,0.0,4.0,1.0,9.0,nan,nan,nan,nan,nan,
bi50,50.0,S8D_lowri,seed9,1,a,600,9,uniform,nan,nan,nan,0.0,nan,nan,nan,nan,0.0,4.0,1.0,9.0,nan,nan,nan,nan,nan,
bi50,50.0,S8D_lowri,seed9,1,i,50,8,uniform,nan,nan,nan,0.0,nan,nan,nan,nan,0.0,3.0,1.0,8.0,nan,nan,nan,nan,nan,
bi50,50.0,S8D_lowri,seed9,1,i,100,8,uniform,nan,nan,nan,0.0,nan,nan,nan,nan,0.0,3.0,1.0,8.0,nan,nan,nan,nan,nan,
bi50,50.0,S8D_lowri,seed9,1,i,200,8,uniform,nan,nan,nan,0.0,nan,nan,nan,nan,0.0,3.0,1.0,8.0,nan,nan,nan,nan,nan,
bi50,50.0,S8D_lowri,seed9,1,i,400,8,uniform,nan,nan,nan,0.0,nan,nan,nan,nan,0.0,3.0,1.0,8.0,nan,nan,nan,nan,nan,
bi50,50.0,S8D_lowri,seed9,1,i,600,8,uniform,nan,nan,nan,0.0,nan,nan,nan,nan,0.0,3.0,1.0,8.0,nan,nan,nan,nan,nan,
bi50,50.0,S8D_lowri,seed9,2,a,50,9,uniform,nan,nan,nan,0.0,nan,nan,nan,nan,0.0,3.0,1.0,9.0,nan,nan,nan,nan,nan,
bi50,50.0,S8D_lowri,seed9,2,a,100,9,uniform,nan,nan,nan,0.0,nan,nan,nan,nan,0.0,3.0,1.0,9.0,nan,nan,nan,nan,nan,
bi50,50.0,S8D_lowri,seed9,2,a,200,9,uniform,nan,nan,nan,0.0,nan,nan,nan,nan,0.0,3.0,1.0,9.0,nan,nan,nan,nan,nan,
bi50,50.0,S8D_lowri,seed9,2,a,400,9,uniform,nan,nan,nan,0.0,nan,nan,nan,nan,0.0,3.0,1.0,9.0,nan,nan,nan,nan,nan,
bi50,50.0,S8D_lowri,seed9,2,a,600,9,uniform,nan,nan,nan,0.0,nan,nan,nan,nan,0.0,3.0,1.0,9.0,nan,nan,nan,nan,nan,
bi50,50.0,S8D_lowri,seed9,2,i,50,9,uniform,nan,nan,nan,0.0,nan,nan,nan,nan,0.0,3.0,1.0,9.0,nan,nan,nan,nan,nan,
bi50,50.0,S8D_lowri,seed9,2,i,100,9,uniform,nan,nan,nan,0.0,nan,nan,nan,nan,0.0,3.0,1.0,9.0,nan,nan,nan,nan,nan,
bi50,50.0,S8D_lowri,seed9,2,i,200,9,uniform,nan,nan,nan,0.0,nan,nan,nan,nan,0.0,3.0,1.0,9.0,nan,nan,nan,nan,nan,
bi50,50.0,S8D_lowri,seed9,2,i,400,9,uniform,nan,nan,nan,0.0,nan,nan,nan,nan,0.0,3.0,1.0,9.0,nan,nan,nan,nan,nan,
bi50,50.0,S8D_lowri,seed9,2,i,600,9,uniform,nan,nan,nan,0.0,nan,nan,nan,nan,0.0,3.0,1.0,9.0,nan,nan,nan,nan,nan,
bi50,50.0,S8D_lowri,seed9,3,a,50,9,uniform,nan,nan,nan,0.0,nan,nan,nan,nan,0.0,2.0,1.0,9.0,nan,nan,nan,nan,nan,
bi50,50.0,S8D_lowri,seed9,3,a,100,9,uniform,nan,nan,nan,0.0,nan,nan,nan,nan,0.0,2.0,1.0,9.0,nan,nan,nan,nan,nan,
bi50,50.0,S8D_lowri,seed9,3,a,200,9,uniform,nan,nan,nan,0.0,nan,nan,nan,nan,0.0,2.0,1.0,9.0,nan,nan,nan,nan,nan,
bi50,50.0,S8D_lowri,seed9,3,a,400,9,uniform,nan,nan,nan,0.0,nan,nan,nan,nan,0.0,2.0,1.0,9.0,nan,nan,nan,nan,nan,
bi50,50.0,S8D_lowri,seed9,3,a,600,9,uniform,nan,nan,nan,0.0,nan,nan,nan,nan,0.0,2.0,1.0,9.0,nan,nan,nan,nan,nan,
bi50,50.0,S8D_lowri,seed9,3,i,50,9,uniform,nan,nan,nan,0.0,nan,nan,nan,nan,0.0,2.0,1.0,9.0,nan,nan,nan,nan,nan,
bi50,50.0,S8D_lowri,seed9,3,i,100,9,uniform,nan,nan,nan,0.0,nan,nan,nan,nan,0.0,2.0,1.0,9.0,nan,nan,nan,nan,nan,
bi50,50.0,S8D_lowri,seed9,3,i,200,9,uniform,nan,nan,nan,0.0,nan,nan,nan,nan,0.0,2.0,1.0,9.0,nan,nan,nan,nan,nan,
bi50,50.0,S8D_lowri,seed9,3,i,400,9,uniform,nan,nan,nan,0.0,nan,nan,nan,nan,0.0,2.0,1.0,9.0,nan,nan,nan,nan,nan,
bi50,50.0,S8D_lowri,seed9,3,i,600,9,uniform,nan,nan,nan,0.0,nan,nan,nan,nan,0.0,2.0,1.0,9.0,nan,nan,nan,nan,nan,
