panel,b_a,b_i,closed_form,alpha,G
n3_3_D10,2.5,1.0,Turing,1.593985500300438,0.7198794238461756
n3_3_D10,2.5,1.06,no activated state,nan,nan
n3_3_D10,2.5,1.12,no activated state,nan,nan
n3_3_D10,2.5,1.19,no activated state,nan,nan
n3_3_D10,2.5,1.26,no activated state,nan,nan
n3_3_D10,2.5,1.33,no activated state,nan,nan
n3_3_D10,2.5,1.41,no activated state,nan,nan
n3_3_D10,2.5,1.5,no activated state,nan,nan
n3_3_D10,2.5,1.58,no activated state,nan,nan
n3_3_D10,2.5,1.68,no activated state,nan,nan
n3_3_D10,2.5,1.78,no activated state,nan,nan
n3_3_D10,2.5,1.88,no activated state,nan,nan
n3_3_D10,2.5,2.0,no activated state,nan,nan
n3_3_D10,2.5,2.11,no activated state,nan,nan
n3_3_D10,2.5,2.24,no activated state,nan,nan
n3_3_D10,2.5,2.37,no activated state,nan,nan
n3_3_D10,2.5,2.51,no activated state,nan,nan
n3_3_D10,2.5,2.66,no activated state,nan,nan
n3_3_D10,2.5,2.82,no activated state,nan,nan
n3_3_D10,2.5,2.99,no activated state,nan,nan
n3_3_D10,2.5,3.16,no activated state,nan,nan
n3_3_D10,2.5,3.35,no activated state,nan,nan
n3_3_D10,2.5,3.55,no activated state,nan,nan
n3_3_D10,2.5,3.76,no activated state,nan,nan
n3_3_D10,2.5,3.98,no activated state,nan,nan
n3_3_D10,2.5,4.22,no activated state,nan,nan
n3_3_D10,2.5,4.47,no activated state,nan,nan
n3_3_D10,2.5,4.73,no activated state,nan,nan
n3_3_D10,2.5,5.01,no activated state,nan,nan
n3_3_D10,2.5,5.31,no activated state,nan,nan
n3_3_D10,2.5,5.62,no activated state,nan,nan
n3_3_D10,2.5,5.96,no activated state,nan,nan
n3_3_D10,2.5,6.31,no activated state,nan,nan
n3_3_D10,2.5,6.68,no activated state,nan,nan
n3_3_D10,2.5,7.08,no activated state,nan,nan
n3_3_D10,2.5,7.5,no activated state,nan,nan
n3_3_D10,2.5,7.94,no activated state,nan,nan
n3_3_D10,2.5,8.41,no activated state,nan,nan
n3_3_D10,2.5,8.91,no activated state,nan,nan
n3_3_D10,2.5,9.44,no activated state,nan,nan
n3_3_D10,2.5,10.0,no activated state,nan,nan
n3_3_D10,2.5,10.6,no activated state,nan,nan
n3_3_D10,2.5,11.2,no activated state,nan,nan
n3_3_D10,2.5,11.9,no activated state,nan,nan
n3_3_D10,2.5,12.6,no activated state,nan,nan
n3_3_D10,2.5,13.3,no activated state,nan,nan
n3_3_D10,2.5,14.1,no activated state,nan,nan
n3_3_D10,2.5,15.0,no activated state,nan,nan
n3_3_D10,2.5,15.8,no activated state,nan,nan
n3_3_D10,2.5,16.8,no activated state,nan,nan
n3_3_D10,2.5,17.8,no activated state,nan,nan
n3_3_D10,2.5,18.8,no activated state,nan,nan
n3_3_D10,2.5,20.0,no activated state,nan,nan
n3_3_D10,2.5,21.1,no activated state,nan,nan
n3_3_D10,2.5,22.4,no activated state,nan,nan
n3_3_D10,2.5,23.7,no activated state,nan,nan
n3_3_D10,2.5,25.1,no activated state,nan,nan
n3_3_D10,2.5,26.6,no activated state,nan,nan
n3_3_D10,2.5,28.2,no activated state,nan,nan
n3_3_D10,2.5,29.9,no activated state,nan,nan
n3_3_D10,2.5,31.6,no activated state,nan,nan
n3_3_D10,2.5,33.5,no activated state,nan,nan
n3_3_D10,2.5,35.5,no activated state,nan,nan
n3_3_D10,2.5,37.6,no activated state,nan,nan
n3_3_D10,2.5,39.8,no activated state,nan,nan
n3_3_D10,2.5,42.2,no activated state,nan,nan
n3_3_D10,2.5,44.7,no activated state,nan,nan
n3_3_D10,2.5,47.3,no activated state,nan,nan
n3_3_D10,2.5,50.1,no activated state,nan,nan
n3_3_D10,2.5,53.1,no activated state,nan,nan
n3_3_D10,2.5,56.2,no activated state,nan,nan
n3_3_D10,2.5,59.6,no activated state,nan,nan
n3_3_D10,2.5,63.1,no activated state,nan,nan
n3_3_D10,2.5,66.8,no activated state,nan,nan
n3_3_D10,2.5,70.8,no activated state,nan,nan
n3_3_D10,2.5,75.0,no activated state,nan,nan
n3_3_D10,2.5,79.4,no activated state,nan,nan
n3_3_D10,2.5,84.1,no activated state,nan,nan
n3_3_D10,2.5,89.1,no activated state,nan,nan
n3_3_D10,2.5,94.4,no activated state,nan,nan
n3_3_D10,2.5,100.0,no activated state,nan,nan
n3_3_D10,2.63,1.0,Turing,1.2547914171249737,0.7674853277477165
n3_3_D10,2.63,1.06,Turing,1.4227271284095049,0.8261276748046378
n3_3_D10,2.63,1.12,Turing,1.6463221080011756,0.8363578657377284
n3_3_D10,2.63,1.19,no activated state,nan,nan
n3_3_D10,2.63,1.26,no activated state,nan,nan
n3_3_D10,2.63,1.33,no activated state,nan,nan
n3_3_D10,2.63,1.41,no activated state,nan,nan
n3_3_D10,2.63,1.5,no activated state,nan,nan
n3_3_D10,2.63,1.58,no activated state,nan,nan
n3_3_D10,2.63,1.68,no activated state,nan,nan
n3_3_D10,2.63,1.78,no activated state,nan,nan
n3_3_D10,2.63,1.88,no activated state,nan,nan
n3_3_D10,2.63,2.0,no activated state,nan,nan
n3_3_D10,2.63,2.11,no activated state,nan,nan
n3_3_D10,2.63,2.24,no activated state,nan,nan
n3_3_D10,2.63,2.37,no activated state,nan,nan
n3_3_D10,2.63,2.51,no activated state,nan,nan
n3_3_D10,2.63,2.66,no activated state,nan,nan
n3_3_D10,2.63,2.82,no activated state,nan,nan
n3_3_D10,2.63,2.99,no activated state,nan,nan
n3_3_D10,2.63,3.16,no activated state,nan,nan
n3_3_D10,2.63,3.35,no activated state,nan,nan
n3_3_D10,2.63,3.55,no activated state,nan,nan
n3_3_D10,2.63,3.76,no activated state,nan,nan
n3_3_D10,2.63,3.98,no activated state,nan,nan
n3_3_D10,2.63,4.22,no activated state,nan,nan
n3_3_D10,2.63,4.47,no activated state,nan,nan
n3_3_D10,2.63,4.73,no activated state,nan,nan
n3_3_D10,2.63,5.01,no activated state,nan,nan
n3_3_D10,2.63,5.31,no activated state,nan,nan
n3_3_D10,2.63,5.62,no activated state,nan,nan
n3_3_D10,2.63,5.96,no activated state,nan,nan
n3_3_D10,2.63,6.31,no activated state,nan,nan
n3_3_D10,2.63,6.68,no activated state,nan,nan
n3_3_D10,2.63,7.08,no activated state,nan,nan
n3_3_D10,2.63,7.5,no activated state,nan,nan
n3_3_D10,2.63,7.94,no activated state,nan,nan
n3_3_D10,2.63,8.41,no activated state,nan,nan
n3_3_D10,2.63,8.91,no activated state,nan,nan
n3_3_D10,2.63,9.44,no activated state,nan,nan
n3_3_D10,2.63,10.0,no activated state,nan,nan
n3_3_D10,2.63,10.6,no activated state,nan,nan
n3_3_D10,2.63,11.2,no activated state,nan,nan
n3_3_D10,2.63,11.9,no activated state,nan,nan
n3_3_D10,2.63,12.6,no activated state,nan,nan
n3_3_D10,2.63,13.3,no activated state,nan,nan
n3_3_D10,2.63,14.1,no activated state,nan,nan
n3_3_D10,2.63,15.0,no activated state,nan,nan
n3_3_D10,2.63,15.8,no activated state,nan,nan
n3_3_D10,2.63,16.8,no activated state,nan,nan
n3_3_D10,2.63,17.8,no activated state,nan,nan
n3_3_D10,2.63,18.8,no activated state,nan,nan
n3_3_D10,2.63,20.0,no activated state,nan,nan
n3_3_D10,2.63,21.1,no activated state,nan,nan
n3_3_D10,2.63,22.4,no activated state,nan,nan
n3_3_D10,2.63,23.7,no activated state,nan,nan
n3_3_D10,2.63,25.1,no activated state,nan,nan
n3_3_D10,2.63,26.6,no activated state,nan,nan
n3_3_D10,2.63,28.2,no activated state,nan,nan
n3_3_D10,2.63,29.9,no activated state,nan,nan
n3_3_D10,2.63,31.6,no activated state,nan,nan
n3_3_D10,2.63,33.5,no activated state,nan,nan
n3_3_D10,2.63,35.5,no activated state,nan,nan
n3_3_D10,2.63,37.6,no activated state,nan,nan
n3_3_D10,2.63,39.8,no activated state,nan,nan
n3_3_D10,2.63,42.2,no activated state,nan,nan
n3_3_D10,2.63,44.7,no activated state,nan,nan
n3_3_D10,2.63,47.3,no activated state,nan,nan
n3_3_D10,2.63,50.1,no activated state,nan,nan
n3_3_D10,2.63,53.1,no activated state,nan,nan
n3_3_D10,2.63,56.2,no activated state,nan,nan
n3_3_D10,2.63,59.6,no activated state,nan,nan
n3_3_D10,2.63,63.1,no activated state,nan,nan
n3_3_D10,2.63,66.8,no activated state,nan,nan
n3_3_D10,2.63,70.8,no activated state,nan,nan
n3_3_D10,2.63,75.0,no activated state,nan,nan
n3_3_D10,2.63,79.4,no activated state,nan,nan
n3_3_D10,2.63,84.1,no activated state,nan,nan
n3_3_D10,2.63,89.1,no activated state,nan,nan
n3_3_D10,2.63,94.4,no activated state,nan,nan
n3_3_D10,2.63,100.0,no activated state,nan,nan
n3_3_D10,2.77,1.0,linearly stable,1.0675551709706057,0.7273740174223355
n3_3_D10,2.77,1.06,Turing,1.199035966551078,0.8073713149513371
n3_3_D10,2.77,1.12,Turing,1.3388117767931615,0.8784632371066712
n3_3_D10,2.77,1.19,Turing,1.5184986025396412,0.9397095261165643
n3_3_D10,2.77,1.26,Turing,1.7596246259721455,0.9339324177586681
n3_3_D10,2.77,1.33,no activated state,nan,nan
n3_3_D10,2.77,1.41,no activated state,nan,nan
n3_3_D10,2.77,1.5,no activated state,nan,nan
n3_3_D10,2.77,1.58,no activated state,nan,nan
n3_3_D10,2.77,1.68,no activated state,nan,nan
n3_3_D10,2.77,1.78,no activated state,nan,nan
n3_3_D10,2.77,1.88,no activated state,nan,nan
n3_3_D10,2.77,2.0,no activated state,nan,nan
n3_3_D10,2.77,2.11,no activated state,nan,nan
n3_3_D10,2.77,2.24,no activated state,nan,nan
n3_3_D10,2.77,2.37,no activated state,nan,nan
n3_3_D10,2.77,2.51,no activated state,nan,nan
n3_3_D10,2.77,2.66,no activated state,nan,nan
n3_3_D10,2.77,2.82,no activated state,nan,nan
n3_3_D10,2.77,2.99,no activated state,nan,nan
n3_3_D10,2.77,3.16,no activated state,nan,nan
n3_3_D10,2.77,3.35,no activated state,nan,nan
n3_3_D10,2.77,3.55,no activated state,nan,nan
n3_3_D10,2.77,3.76,no activated state,nan,nan
n3_3_D10,2.77,3.98,no activated state,nan,nan
n3_3_D10,2.77,4.22,no activated state,nan,nan
n3_3_D10,2.77,4.47,no activated state,nan,nan
n3_3_D10,2.77,4.73,no activated state,nan,nan
n3_3_D10,2.77,5.01,no activated state,nan,nan
n3_3_D10,2.77,5.31,no activated state,nan,nan
n3_3_D10,2.77,5.62,no activated state,nan,nan
n3_3_D10,2.77,5.96,no activated state,nan,nan
n3_3_D10,2.77,6.31,no activated state,nan,nan
n3_3_D10,2.77,6.68,no activated state,nan,nan
n3_3_D10,2.77,7.08,no activated state,nan,nan
n3_3_D10,2.77,7.5,no activated state,nan,nan
n3_3_D10,2.77,7.94,no activated state,nan,nan
n3_3_D10,2.77,8.41,no activated state,nan,nan
n3_3_D10,2.77,8.91,no activated state,nan,nan
n3_3_D10,2.77,9.44,no activated state,nan,nan
n3_3_D10,2.77,10.0,no activated state,nan,nan
n3_3_D10,2.77,10.6,no activated state,nan,nan
n3_3_D10,2.77,11.2,no activated state,nan,nan
n3_3_D10,2.77,11.9,no activated state,nan,nan
n3_3_D10,2.77,12.6,no activated state,nan,nan
n3_3_D10,2.77,13.3,no activated state,nan,nan
n3_3_D10,2.77,14.1,no activated state,nan,nan
n3_3_D10,2.77,15.0,no activated state,nan,nan
n3_3_D10,2.77,15.8,no activated state,nan,nan
n3_3_D10,2.77,16.8,no activated state,nan,nan
n3_3_D10,2.77,17.8,no activated state,nan,nan
n3_3_D10,2.77,18.8,no activated state,nan,nan
n3_3_D10,2.77,20.0,no activated state,nan,nan
n3_3_D10,2.77,21.1,no activated state,nan,nan
n3_3_D10,2.77,22.4,no activated state,nan,nan
n3_3_D10,2.77,23.7,no activated state,nan,nan
n3_3_D10,2.77,25.1,no activated state,nan,nan
n3_3_D10,2.77,26.6,no activated state,nan,nan
n3_3_D10,2.77,28.2,no activated state,nan,nan
n3_3_D10,2.77,29.9,no activated state,nan,nan
n3_3_D10,2.77,31.6,no activated state,nan,nan
n3_3_D10,2.77,33.5,no activated state,nan,nan
n3_3_D10,2.77,35.5,no activated state,nan,nan
n3_3_D10,2.77,37.6,no activated state,nan,nan
n3_3_D10,2.77,39.8,no activated state,nan,nan
n3_3_D10,2.77,42.2,no activated state,nan,nan
n3_3_D10,2.77,44.7,no activated state,nan,nan
n3_3_D10,2.77,47.3,no activated state,nan,nan
n3_3_D10,2.77,50.1,no activated state,nan,nan
n3_3_D10,2.77,53.1,no activated state,nan,nan
n3_3_D10,2.77,56.2,no activated state,nan,nan
n3_3_D10,2.77,59.6,no activated state,nan,nan
n3_3_D10,2.77,63.1,no activated state,nan,nan
n3_3_D10,2.77,66.8,no activated state,nan,nan
n3_3_D10,2.77,70.8,no activated state,nan,nan
n3_3_D10,2.77,75.0,no activated state,nan,nan
n3_3_D10,2.77,79.4,no activated state,nan,nan
n3_3_D10,2.77,84.1,no activated state,nan,nan
n3_3_D10,2.77,89.1,no activated state,nan,nan
n3_3_D10,2.77,94.4,no activated state,nan,nan
n3_3_D10,2.77,100.0,no activated state,nan,nan
n3_3_D10,2.92,1.0,linearly stable,0.9190867569908674,0.6686447002988084
n3_3_D10,2.92,1.06,linearly stable,1.0330557191524816,0.7527505576870319
n3_3_D10,2.92,1.12,linearly stable,1.1518210809885194,0.8343331757766889
n3_3_D10,2.92,1.19,Turing,1.2961533594067476,0.9225986592538006
n3_3_D10,2.92,1.26,Turing,1.4478122445198567,0.9976939097636954
n3_3_D10,2.92,1.33,Turing,1.612183184591947,1.0491280551849775
n3_3_D10,2.92,1.41,Turing,1.863021265153103,1.024120625215689
n3_3_D10,2.92,1.5,no activated state,nan,nan
n3_3_D10,2.92,1.58,no activated state,nan,nan
n3_3_D10,2.92,1.68,no activated state,nan,nan
n3_3_D10,2.92,1.78,no activated state,nan,nan
n3_3_D10,2.92,1.88,no activated state,nan,nan
n3_3_D10,2.92,2.0,no activated state,nan,nan
n3_3_D10,2.92,2.11,no activated state,nan,nan
n3_3_D10,2.92,2.24,no activated state,nan,nan
n3_3_D10,2.92,2.37,no activated state,nan,nan
n3_3_D10,2.92,2.51,no activated state,nan,nan
n3_3_D10,2.92,2.66,no activated state,nan,nan
n3_3_D10,2.92,2.82,no activated state,nan,nan
n3_3_D10,2.92,2.99,no activated state,nan,nan
n3_3_D10,2.92,3.16,no activated state,nan,nan
n3_3_D10,2.92,3.35,no activated state,nan,nan
n3_3_D10,2.92,3.55,no activated state,nan,nan
n3_3_D10,2.92,3.76,no activated state,nan,nan
n3_3_D10,2.92,3.98,no activated state,nan,nan
n3_3_D10,2.92,4.22,no activated state,nan,nan
n3_3_D10,2.92,4.47,no activated state,nan,nan
n3_3_D10,2.92,4.73,no activated state,nan,nan
n3_3_D10,2.92,5.01,no activated state,nan,nan
n3_3_D10,2.92,5.31,no activated state,nan,nan
n3_3_D10,2.92,5.62,no activated state,nan,nan
n3_3_D10,2.92,5.96,no activated state,nan,nan
n3_3_D10,2.92,6.31,no activated state,nan,nan
n3_3_D10,2.92,6.68,no activated state,nan,nan
n3_3_D10,2.92,7.08,no activated state,nan,nan
n3_3_D10,2.92,7.5,no activated state,nan,nan
n3_3_D10,2.92,7.94,no activated state,nan,nan
n3_3_D10,2.92,8.41,no activated state,nan,nan
n3_3_D10,2.92,8.91,no activated state,nan,nan
n3_3_D10,2.92,9.44,no activated state,nan,nan
n3_3_D10,2.92,10.0,no activated state,nan,nan
n3_3_D10,2.92,10.6,no activated state,nan,nan
n3_3_D10,2.92,11.2,no activated state,nan,nan
n3_3_D10,2.92,11.9,no activated state,nan,nan
n3_3_D10,2.92,12.6,no activated state,nan,nan
n3_3_D10,2.92,13.3,no activated state,nan,nan
n3_3_D10,2.92,14.1,no activated state,nan,nan
n3_3_D10,2.92,15.0,no activated state,nan,nan
n3_3_D10,2.92,15.8,no activated state,nan,nan
n3_3_D10,2.92,16.8,no activated state,nan,nan
n3_3_D10,2.92,17.8,no activated state,nan,nan
n3_3_D10,2.92,18.8,no activated state,nan,nan
n3_3_D10,2.92,20.0,no activated state,nan,nan
n3_3_D10,2.92,21.1,no activated state,nan,nan
n3_3_D10,2.92,22.4,no activated state,nan,nan
n3_3_D10,2.92,23.7,no activated state,nan,nan
n3_3_D10,2.92,25.1,no activated state,nan,nan
n3_3_D10,2.92,26.6,no activated state,nan,nan
n3_3_D10,2.92,28.2,no activated state,nan,nan
n3_3_D10,2.92,29.9,no activated state,nan,nan
n3_3_D10,2.92,31.6,no activated state,nan,nan
n3_3_D10,2.92,33.5,no activated state,nan,nan
n3_3_D10,2.92,35.5,no activated state,nan,nan
n3_3_D10,2.92,37.6,no activated state,nan,nan
n3_3_D10,2.92,39.8,no activated state,nan,nan
n3_3_D10,2.92,42.2,no activated state,nan,nan
n3_3_D10,2.92,44.7,no activated state,nan,nan
n3_3_D10,2.92,47.3,no activated state,nan,nan
n3_3_D10,2.92,50.1,no activated state,nan,nan
n3_3_D10,2.92,53.1,no activated state,nan,nan
n3_3_D10,2.92,56.2,no activated state,nan,nan
n3_3_D10,2.92,59.6,no activated state,nan,nan
n3_3_D10,2.92,63.1,no activated state,nan,nan
n3_3_D10,2.92,66.8,no activated state,nan,nan
n3_3_D10,2.92,70.8,no activated state,nan,nan
n3_3_D10,2.92,75.0,no activated state,nan,nan
n3_3_D10,2.92,79.4,no activated state,nan,nan
n3_3_D10,2.92,84.1,no activated state,nan,nan
n3_3_D10,2.92,89.1,no activated state,nan,nan
n3_3_D10,2.92,94.4,no activated state,nan,nan
n3_3_D10,2.92,100.0,no activated state,nan,nan
n3_3_D10,3.08,1.0,linearly stable,0.7939076449908912,0.6040341976946652
n3_3_D10,3.08,1.06,linearly stable,0.8949968884830076,0.6864488399158778
n3_3_D10,3.08,1.12,linearly stable,1.0003185196842619,0.7692238301439956
n3_3_D10,3.08,1.19,linearly stable,1.1275226711244954,0.8639632904550479
n3_3_D10,3.08,1.26,Turing,1.258524098488789,0.9538211361394986
n3_3_D10,3.08,1.33,Turing,1.3929960946775508,1.0351652692155033
n3_3_D10,3.08,1.41,Turing,1.5520991388698924,1.1113068770050578
n3_3_D10,3.08,1.5,Turing,1.7464550145721194,1.1583813015212199
n3_3_D10,3.08,1.58,Turing,2.02553738891282,1.0523841021521163
n3_3_D10,3.08,1.68,no activated state,nan,nan
n3_3_D10,3.08,1.78,no activated state,nan,nan
n3_3_D10,3.08,1.88,no activated state,nan,nan
n3_3_D10,3.08,2.0,no activated state,nan,nan
n3_3_D10,3.08,2.11,no activated state,nan,nan
n3_3_D10,3.08,2.24,no activated state,nan,nan
n3_3_D10,3.08,2.37,no activated state,nan,nan
n3_3_D10,3.08,2.51,no activated state,nan,nan
n3_3_D10,3.08,2.66,no activated state,nan,nan
n3_3_D10,3.08,2.82,no activated state,nan,nan
n3_3_D10,3.08,2.99,no activated state,nan,nan
n3_3_D10,3.08,3.16,no activated state,nan,nan
n3_3_D10,3.08,3.35,no activated state,nan,nan
n3_3_D10,3.08,3.55,no activated state,nan,nan
n3_3_D10,3.08,3.76,no activated state,nan,nan
n3_3_D10,3.08,3.98,no activated state,nan,nan
n3_3_D10,3.08,4.22,no activated state,nan,nan
n3_3_D10,3.08,4.47,no activated state,nan,nan
n3_3_D10,3.08,4.73,no activated state,nan,nan
n3_3_D10,3.08,5.01,no activated state,nan,nan
n3_3_D10,3.08,5.31,no activated state,nan,nan
n3_3_D10,3.08,5.62,no activated state,nan,nan
n3_3_D10,3.08,5.96,no activated state,nan,nan
n3_3_D10,3.08,6.31,no activated state,nan,nan
n3_3_D10,3.08,6.68,no activated state,nan,nan
n3_3_D10,3.08,7.08,no activated state,nan,nan
n3_3_D10,3.08,7.5,no activated state,nan,nan
n3_3_D10,3.08,7.94,no activated state,nan,nan
n3_3_D10,3.08,8.41,no activated state,nan,nan
n3_3_D10,3.08,8.91,no activated state,nan,nan
n3_3_D10,3.08,9.44,no activated state,nan,nan
n3_3_D10,3.08,10.0,no activated state,nan,nan
n3_3_D10,3.08,10.6,no activated state,nan,nan
n3_3_D10,3.08,11.2,no activated state,nan,nan
n3_3_D10,3.08,11.9,no activated state,nan,nan
n3_3_D10,3.08,12.6,no activated state,nan,nan
n3_3_D10,3.08,13.3,no activated state,nan,nan
n3_3_D10,3.08,14.1,no activated state,nan,nan
n3_3_D10,3.08,15.0,no activated state,nan,nan
n3_3_D10,3.08,15.8,no activated state,nan,nan
n3_3_D10,3.08,16.8,no activated state,nan,nan
n3_3_D10,3.08,17.8,no activated state,nan,nan
n3_3_D10,3.08,18.8,no activated state,nan,nan
n3_3_D10,3.08,20.0,no activated state,nan,nan
n3_3_D10,3.08,21.1,no activated state,nan,nan
n3_3_D10,3.08,22.4,no activated state,nan,nan
n3_3_D10,3.08,23.7,no activated state,nan,nan
n3_3_D10,3.08,25.1,no activated state,nan,nan
n3_3_D10,3.08,26.6,no activated state,nan,nan
n3_3_D10,3.08,28.2,no activated state,nan,nan
n3_3_D10,3.08,29.9,no activated state,nan,nan
n3_3_D10,3.08,31.6,no activated state,nan,nan
n3_3_D10,3.08,33.5,no activated state,nan,nan
n3_3_D10,3.08,35.5,no activated state,nan,nan
n3_3_D10,3.08,37.6,no activated state,nan,nan
n3_3_D10,3.08,39.8,no activated state,nan,nan
n3_3_D10,3.08,42.2,no activated state,nan,nan
n3_3_D10,3.08,44.7,no activated state,nan,nan
n3_3_D10,3.08,47.3,no activated state,nan,nan
n3_3_D10,3.08,50.1,no activated state,nan,nan
n3_3_D10,3.08,53.1,no activated state,nan,nan
n3_3_D10,3.08,56.2,no activated state,nan,nan
n3_3_D10,3.08,59.6,no activated state,nan,nan
n3_3_D10,3.08,63.1,no activated state,nan,nan
n3_3_D10,3.08,66.8,no activated state,nan,nan
n3_3_D10,3.08,70.8,no activated state,nan,nan
n3_3_D10,3.08,75.0,no activated state,nan,nan
n3_3_D10,3.08,79.4,no activated state,nan,nan
n3_3_D10,3.08,84.1,no activated state,nan,nan
n3_3_D10,3.08,89.1,no activated state,nan,nan
n3_3_D10,3.08,94.4,no activated state,nan,nan
n3_3_D10,3.08,100.0,no activated state,nan,nan
n3_3_D10,3.24,1.0,linearly stable,0.6918987052027833,0.5428874735853124
n3_3_D10,3.24,1.06,linearly stable,0.7826261986599399,0.6211714177530603
n3_3_D10,3.24,1.12,linearly stable,0.8775829034147078,0.7013580074437664
n3_3_D10,3.24,1.19,linearly stable,0.992651392802813,0.7956437242223977
n3_3_D10,3.24,1.26,linearly stable,1.1112067743674132,0.8886914628147836
n3_3_D10,3.24,1.33,Turing,1.2322405975442712,0.9782121104024812
n3_3_D10,3.24,1.41,Turing,1.3727191677458126,1.0729384357511969
n3_3_D10,3.24,1.5,Turing,1.533323676358139,1.164294952847842
n3_3_D10,3.24,1.58,Turing,1.6801726606453993,1.224456433673828
n3_3_D10,3.24,1.68,Turing,1.8819839175221331,1.246897781971962
n3_3_D10,3.24,1.78,no activated state,nan,nan
n3_3_D10,3.24,1.88,no activated state,nan,nan
n3_3_D10,3.24,2.0,no activated state,nan,nan
n3_3_D10,3.24,2.11,no activated state,nan,nan
n3_3_D10,3.24,2.24,no activated state,nan,nan
n3_3_D10,3.24,2.37,no activated state,nan,nan
n3_3_D10,3.24,2.51,no activated state,nan,nan
n3_3_D10,3.24,2.66,no activated state,nan,nan
n3_3_D10,3.24,2.82,no activated state,nan,nan
n3_3_D10,3.24,2.99,no activated state,nan,nan
n3_3_D10,3.24,3.16,no activated state,nan,nan
n3_3_D10,3.24,3.35,no activated state,nan,nan
n3_3_D10,3.24,3.55,no activated state,nan,nan
n3_3_D10,3.24,3.76,no activated state,nan,nan
n3_3_D10,3.24,3.98,no activated state,nan,nan
n3_3_D10,3.24,4.22,no activated state,nan,nan
n3_3_D10,3.24,4.47,no activated state,nan,nan
n3_3_D10,3.24,4.73,no activated state,nan,nan
n3_3_D10,3.24,5.01,no activated state,nan,nan
n3_3_D10,3.24,5.31,no activated state,nan,nan
n3_3_D10,3.24,5.62,no activated state,nan,nan
n3_3_D10,3.24,5.96,no activated state,nan,nan
n3_3_D10,3.24,6.31,no activated state,nan,nan
n3_3_D10,3.24,6.68,no activated state,nan,nan
n3_3_D10,3.24,7.08,no activated state,nan,nan
n3_3_D10,3.24,7.5,no activated state,nan,nan
n3_3_D10,3.24,7.94,no activated state,nan,nan
n3_3_D10,3.24,8.41,no activated state,nan,nan
n3_3_D10,3.24,8.91,no activated state,nan,nan
n3_3_D10,3.24,9.44,no activated state,nan,nan
n3_3_D10,3.24,10.0,no activated state,nan,nan
n3_3_D10,3.24,10.6,no activated state,nan,nan
n3_3_D10,3.24,11.2,no activated state,nan,nan
n3_3_D10,3.24,11.9,no activated state,nan,nan
n3_3_D10,3.24,12.6,no activated state,nan,nan
n3_3_D10,3.24,13.3,no activated state,nan,nan
n3_3_D10,3.24,14.1,no activated state,nan,nan
n3_3_D10,3.24,15.0,no activated state,nan,nan
n3_3_D10,3.24,15.8,no activated state,nan,nan
n3_3_D10,3.24,16.8,no activated state,nan,nan
n3_3_D10,3.24,17.8,no activated state,nan,nan
n3_3_D10,3.24,18.8,no activated state,nan,nan
n3_3_D10,3.24,20.0,no activated state,nan,nan
n3_3_D10,3.24,21.1,no activated state,nan,nan
n3_3_D10,3.24,22.4,no activated state,nan,nan
n3_3_D10,3.24,23.7,no activated state,nan,nan
n3_3_D10,3.24,25.1,no activated state,nan,nan
n3_3_D10,3.24,26.6,no activated state,nan,nan
n3_3_D10,3.24,28.2,no activated state,nan,nan
n3_3_D10,3.24,29.9,no activated state,nan,nan
n3_3_D10,3.24,31.6,no activated state,nan,nan
n3_3_D10,3.24,33.5,no activated state,nan,nan
n3_3_D10,3.24,35.5,no activated state,nan,nan
n3_3_D10,3.24,37.6,no activated state,nan,nan
n3_3_D10,3.24,39.8,no activated state,nan,nan
n3_3_D10,3.24,42.2,no activated state,nan,nan
n3_3_D10,3.24,44.7,no activated state,nan,nan
n3_3_D10,3.24,47.3,no activated state,nan,nan
n3_3_D10,3.24,50.1,no activated state,nan,nan
n3_3_D10,3.24,53.1,no activated state,nan,nan
n3_3_D10,3.24,56.2,no activated state,nan,nan
n3_3_D10,3.24,59.6,no activated state,nan,nan
n3_3_D10,3.24,63.1,no activated state,nan,nan
n3_3_D10,3.24,66.8,no activated state,nan,nan
n3_3_D10,3.24,70.8,no activated state,nan,nan
n3_3_D10,3.24,75.0,no activated state,nan,nan
n3_3_D10,3.24,79.4,no activated state,nan,nan
n3_3_D10,3.24,84.1,no activated state,nan,nan
n3_3_D10,3.24,89.1,no activated state,nan,nan
n3_3_D10,3.24,94.4,no activated state,nan,nan
n3_3_D10,3.24,100.0,no activated state,nan,nan
n3_3_D10,3.42,1.0,linearly stable,0.5974261135801424,0.480494500416054
n3_3_D10,3.42,1.06,linearly stable,0.6782406373715467,0.5530271720613971
n3_3_D10,3.42,1.12,linearly stable,0.7633620464999331,0.6284365373251135
n3_3_D10,3.42,1.19,linearly stable,0.8671786651441991,0.7187982802774256
n3_3_D10,3.42,1.26,linearly stable,0.9747739020793247,0.8102085453702195
n3_3_D10,3.42,1.33,linearly stable,1.0850602860527019,0.9009935828311704
n3_3_D10,3.42,1.41,Turing,1.2131476538272796,1.0017461304514224
n3_3_D10,3.42,1.5,Turing,1.3584732824478696,1.1079837774322803
n3_3_D10,3.42,1.58,Turing,1.4879672094978331,1.192735482556873
n3_3_D10,3.42,1.68,Turing,1.6503868561640178,1.2798197656925474
n3_3_D10,3.42,1.78,Turing,1.8167010776553754,1.334646170709784
n3_3_D10,3.42,1.88,Turing,2.00396537640978,1.3236088185879504
n3_3_D10,3.42,2.0,no activated state,nan,nan
n3_3_D10,3.42,2.11,no activated state,nan,nan
n3_3_D10,3.42,2.24,no activated state,nan,nan
n3_3_D10,3.42,2.37,no activated state,nan,nan
n3_3_D10,3.42,2.51,no activated state,nan,nan
n3_3_D10,3.42,2.66,no activated state,nan,nan
n3_3_D10,3.42,2.82,no activated state,nan,nan
n3_3_D10,3.42,2.99,no activated state,nan,nan
n3_3_D10,3.42,3.16,no activated state,nan,nan
n3_3_D10,3.42,3.35,no activated state,nan,nan
n3_3_D10,3.42,3.55,no activated state,nan,nan
n3_3_D10,3.42,3.76,no activated state,nan,nan
n3_3_D10,3.42,3.98,no activated state,nan,nan
n3_3_D10,3.42,4.22,no activated state,nan,nan
n3_3_D10,3.42,4.47,no activated state,nan,nan
n3_3_D10,3.42,4.73,no activated state,nan,nan
n3_3_D10,3.42,5.01,no activated state,nan,nan
n3_3_D10,3.42,5.31,no activated state,nan,nan
n3_3_D10,3.42,5.62,no activated state,nan,nan
n3_3_D10,3.42,5.96,no activated state,nan,nan
n3_3_D10,3.42,6.31,no activated state,nan,nan
n3_3_D10,3.42,6.68,no activated state,nan,nan
n3_3_D10,3.42,7.08,no activated state,nan,nan
n3_3_D10,3.42,7.5,no activated state,nan,nan
n3_3_D10,3.42,7.94,no activated state,nan,nan
n3_3_D10,3.42,8.41,no activated state,nan,nan
n3_3_D10,3.42,8.91,no activated state,nan,nan
n3_3_D10,3.42,9.44,no activated state,nan,nan
n3_3_D10,3.42,10.0,no activated state,nan,nan
n3_3_D10,3.42,10.6,no activated state,nan,nan
n3_3_D10,3.42,11.2,no activated state,nan,nan
n3_3_D10,3.42,11.9,no activated state,nan,nan
n3_3_D10,3.42,12.6,no activated state,nan,nan
n3_3_D10,3.42,13.3,no activated state,nan,nan
n3_3_D10,3.42,14.1,no activated state,nan,nan
n3_3_D10,3.42,15.0,no activated state,nan,nan
n3_3_D10,3.42,15.8,no activated state,nan,nan
n3_3_D10,3.42,16.8,no activated state,nan,nan
n3_3_D10,3.42,17.8,no activated state,nan,nan
n3_3_D10,3.42,18.8,no activated state,nan,nan
n3_3_D10,3.42,20.0,no activated state,nan,nan
n3_3_D10,3.42,21.1,no activated state,nan,nan
n3_3_D10,3.42,22.4,no activated state,nan,nan
n3_3_D10,3.42,23.7,no activated state,nan,nan
n3_3_D10,3.42,25.1,no activated state,nan,nan
n3_3_D10,3.42,26.6,no activated state,nan,nan
n3_3_D10,3.42,28.2,no activated state,nan,nan
n3_3_D10,3.42,29.9,no activated state,nan,nan
n3_3_D10,3.42,31.6,no activated state,nan,nan
n3_3_D10,3.42,33.5,no activated state,nan,nan
n3_3_D10,3.42,35.5,no activated state,nan,nan
n3_3_D10,3.42,37.6,no activated state,nan,nan
n3_3_D10,3.42,39.8,no activated state,nan,nan
n3_3_D10,3.42,42.2,no activated state,nan,nan
n3_3_D10,3.42,44.7,no activated state,nan,nan
n3_3_D10,3.42,47.3,no activated state,nan,nan
n3_3_D10,3.42,50.1,no activated state,nan,nan
n3_3_D10,3.42,53.1,no activated state,nan,nan
n3_3_D10,3.42,56.2,no activated state,nan,nan
n3_3_D10,3.42,59.6,no activated state,nan,nan
n3_3_D10,3.42,63.1,no activated state,nan,nan
n3_3_D10,3.42,66.8,no activated state,nan,nan
n3_3_D10,3.42,70.8,no activated state,nan,nan
n3_3_D10,3.42,75.0,no activated state,nan,nan
n3_3_D10,3.42,79.4,no activated state,nan,nan
n3_3_D10,3.42,84.1,no activated state,nan,nan
n3_3_D10,3.42,89.1,no activated state,nan,nan
n3_3_D10,3.42,94.4,no activated state,nan,nan
n3_3_D10,3.42,100.0,no activated state,nan,nan
n3_3_D10,3.6,1.0,linearly stable,0.51939038649373,0.4253445839345455
n3_3_D10,3.6,1.06,linearly stable,0.5916136249967809,0.4918427137878658
n3_3_D10,3.6,1.12,linearly stable,0.6681675140577841,0.5617381259961978
n3_3_D10,3.6,1.19,linearly stable,0.7621788766306986,0.6466194112544388
n3_3_D10,3.6,1.26,linearly stable,0.8603147722519718,0.7339120331175734
n3_3_D10,3.6,1.33,linearly stable,0.9615761567396419,0.8223030444678532
n3_3_D10,3.6,1.41,linearly stable,1.0798895629749246,0.9229241939965485
n3_3_D10,3.6,1.5,Turing,1.2147184980942332,1.033149017306578
n3_3_D10,3.6,1.58,Turing,1.3348788959125246,1.1261586337972358
n3_3_D10,3.6,1.68,Turing,1.4842467544152043,1.2323635276695346
n3_3_D10,3.6,1.78,Turing,1.6320901263511902,1.322817634727473
n3_3_D10,3.6,1.88,Turing,1.7792097975325591,1.3909037167712164
n3_3_D10,3.6,2.0,Turing,1.9612348484503435,1.4249179033602966
n3_3_D10,3.6,2.11,uniform ON,2.182946912333294,1.31607344459499
n3_3_D10,3.6,2.24,no activated state,nan,nan
n3_3_D10,3.6,2.37,no activated state,nan,nan
n3_3_D10,3.6,2.51,no activated state,nan,nan
n3_3_D10,3.6,2.66,no activated state,nan,nan
n3_3_D10,3.6,2.82,no activated state,nan,nan
n3_3_D10,3.6,2.99,no activated state,nan,nan
n3_3_D10,3.6,3.16,no activated state,nan,nan
n3_3_D10,3.6,3.35,no activated state,nan,nan
n3_3_D10,3.6,3.55,no activated state,nan,nan
n3_3_D10,3.6,3.76,no activated state,nan,nan
n3_3_D10,3.6,3.98,no activated state,nan,nan
n3_3_D10,3.6,4.22,no activated state,nan,nan
n3_3_D10,3.6,4.47,no activated state,nan,nan
n3_3_D10,3.6,4.73,no activated state,nan,nan
n3_3_D10,3.6,5.01,no activated state,nan,nan
n3_3_D10,3.6,5.31,no activated state,nan,nan
n3_3_D10,3.6,5.62,no activated state,nan,nan
n3_3_D10,3.6,5.96,no activated state,nan,nan
n3_3_D10,3.6,6.31,no activated state,nan,nan
n3_3_D10,3.6,6.68,no activated state,nan,nan
n3_3_D10,3.6,7.08,no activated state,nan,nan
n3_3_D10,3.6,7.5,no activated state,nan,nan
n3_3_D10,3.6,7.94,no activated state,nan,nan
n3_3_D10,3.6,8.41,no activated state,nan,nan
n3_3_D10,3.6,8.91,no activated state,nan,nan
n3_3_D10,3.6,9.44,no activated state,nan,nan
n3_3_D10,3.6,10.0,no activated state,nan,nan
n3_3_D10,3.6,10.6,no activated state,nan,nan
n3_3_D10,3.6,11.2,no activated state,nan,nan
n3_3_D10,3.6,11.9,no activated state,nan,nan
n3_3_D10,3.6,12.6,no activated state,nan,nan
n3_3_D10,3.6,13.3,no activated state,nan,nan
n3_3_D10,3.6,14.1,no activated state,nan,nan
n3_3_D10,3.6,15.0,no activated state,nan,nan
n3_3_D10,3.6,15.8,no activated state,nan,nan
n3_3_D10,3.6,16.8,no activated state,nan,nan
n3_3_D10,3.6,17.8,no activated state,nan,nan
n3_3_D10,3.6,18.8,no activated state,nan,nan
n3_3_D10,3.6,20.0,no activated state,nan,nan
n3_3_D10,3.6,21.1,no activated state,nan,nan
n3_3_D10,3.6,22.4,no activated state,nan,nan
n3_3_D10,3.6,23.7,no activated state,nan,nan
n3_3_D10,3.6,25.1,no activated state,nan,nan
n3_3_D10,3.6,26.6,no activated state,nan,nan
n3_3_D10,3.6,28.2,no activated state,nan,nan
n3_3_D10,3.6,29.9,no activated state,nan,nan
n3_3_D10,3.6,31.6,no activated state,nan,nan
n3_3_D10,3.6,33.5,no activated state,nan,nan
n3_3_D10,3.6,35.5,no activated state,nan,nan
n3_3_D10,3.6,37.6,no activated state,nan,nan
n3_3_D10,3.6,39.8,no activated state,nan,nan
n3_3_D10,3.6,42.2,no activated state,nan,nan
n3_3_D10,3.6,44.7,no activated state,nan,nan
n3_3_D10,3.6,47.3,no activated state,nan,nan
n3_3_D10,3.6,50.1,no activated state,nan,nan
n3_3_D10,3.6,53.1,no activated state,nan,nan
n3_3_D10,3.6,56.2,no activated state,nan,nan
n3_3_D10,3.6,59.6,no activated state,nan,nan
n3_3_D10,3.6,63.1,no activated state,nan,nan
n3_3_D10,3.6,66.8,no activated state,nan,nan
n3_3_D10,3.6,70.8,no activated state,nan,nan
n3_3_D10,3.6,75.0,no activated state,nan,nan
n3_3_D10,3.6,79.4,no activated state,nan,nan
n3_3_D10,3.6,84.1,no activated state,nan,nan
n3_3_D10,3.6,89.1,no activated state,nan,nan
n3_3_D10,3.6,94.4,no activated state,nan,nan
n3_3_D10,3.6,100.0,no activated state,nan,nan
n3_3_D10,3.79,1.0,linearly stable,0.45091712056906874,0.3745901154563647
n3_3_D10,3.79,1.06,linearly stable,0.5152173715567856,0.43488893211256885
n3_3_D10,3.79,1.12,linearly stable,0.5837921365282726,0.49883936588710853
n3_3_D10,3.79,1.19,linearly stable,0.6685859613411319,0.5773413302277711
n3_3_D10,3.79,1.26,linearly stable,0.7577674506974039,0.6591202356848681
n3_3_D10,3.79,1.33,linearly stable,0.8504777446247256,0.7431375836507562
n3_3_D10,3.79,1.41,linearly stable,0.9596328656843109,0.8405005742013868
n3_3_D10,3.79,1.5,linearly stable,1.0850024601606854,0.949761049064759
n3_3_D10,3.79,1.58,Turing,1.1974398939155169,1.044800503123312
n3_3_D10,3.79,1.68,Turing,1.337736546586992,1.1582439992276439
n3_3_D10,3.79,1.78,Turing,1.4763740334078148,1.262730671662246
n3_3_D10,3.79,1.88,Turing,1.6124575795942349,1.354852990512339
n3_3_D10,3.79,2.0,Turing,1.7723262926045895,1.4432624047081735
n3_3_D10,3.79,2.11,Turing,1.9175483944860585,1.4942670223105399
n3_3_D10,3.79,2.24,Turing,2.0990527326182313,1.4880440391007883
n3_3_D10,3.79,2.37,no activated state,nan,nan
n3_3_D10,3.79,2.51,no activated state,nan,nan
n3_3_D10,3.79,2.66,no activated state,nan,nan
n3_3_D10,3.79,2.82,no activated state,nan,nan
n3_3_D10,3.79,2.99,no activated state,nan,nan
n3_3_D10,3.79,3.16,no activated state,nan,nan
n3_3_D10,3.79,3.35,no activated state,nan,nan
n3_3_D10,3.79,3.55,no activated state,nan,nan
n3_3_D10,3.79,3.76,no activated state,nan,nan
n3_3_D10,3.79,3.98,no activated state,nan,nan
n3_3_D10,3.79,4.22,no activated state,nan,nan
n3_3_D10,3.79,4.47,no activated state,nan,nan
n3_3_D10,3.79,4.73,no activated state,nan,nan
n3_3_D10,3.79,5.01,no activated state,nan,nan
n3_3_D10,3.79,5.31,no activated state,nan,nan
n3_3_D10,3.79,5.62,no activated state,nan,nan
n3_3_D10,3.79,5.96,no activated state,nan,nan
n3_3_D10,3.79,6.31,no activated state,nan,nan
n3_3_D10,3.79,6.68,no activated state,nan,nan
n3_3_D10,3.79,7.08,no activated state,nan,nan
n3_3_D10,3.79,7.5,no activated state,nan,nan
n3_3_D10,3.79,7.94,no activated state,nan,nan
n3_3_D10,3.79,8.41,no activated state,nan,nan
n3_3_D10,3.79,8.91,no activated state,nan,nan
n3_3_D10,3.79,9.44,no activated state,nan,nan
n3_3_D10,3.79,10.0,no activated state,nan,nan
n3_3_D10,3.79,10.6,no activated state,nan,nan
n3_3_D10,3.79,11.2,no activated state,nan,nan
n3_3_D10,3.79,11.9,no activated state,nan,nan
n3_3_D10,3.79,12.6,no activated state,nan,nan
n3_3_D10,3.79,13.3,no activated state,nan,nan
n3_3_D10,3.79,14.1,no activated state,nan,nan
n3_3_D10,3.79,15.0,no activated state,nan,nan
n3_3_D10,3.79,15.8,no activated state,nan,nan
n3_3_D10,3.79,16.8,no activated state,nan,nan
n3_3_D10,3.79,17.8,no activated state,nan,nan
n3_3_D10,3.79,18.8,no activated state,nan,nan
n3_3_D10,3.79,20.0,no activated state,nan,nan
n3_3_D10,3.79,21.1,no activated state,nan,nan
n3_3_D10,3.79,22.4,no activated state,nan,nan
n3_3_D10,3.79,23.7,no activated state,nan,nan
n3_3_D10,3.79,25.1,no activated state,nan,nan
n3_3_D10,3.79,26.6,no activated state,nan,nan
n3_3_D10,3.79,28.2,no activated state,nan,nan
n3_3_D10,3.79,29.9,no activated state,nan,nan
n3_3_D10,3.79,31.6,no activated state,nan,nan
n3_3_D10,3.79,33.5,no activated state,nan,nan
n3_3_D10,3.79,35.5,no activated state,nan,nan
n3_3_D10,3.79,37.6,no activated state,nan,nan
n3_3_D10,3.79,39.8,no activated state,nan,nan
n3_3_D10,3.79,42.2,no activated state,nan,nan
n3_3_D10,3.79,44.7,no activated state,nan,nan
n3_3_D10,3.79,47.3,no activated state,nan,nan
n3_3_D10,3.79,50.1,no activated state,nan,nan
n3_3_D10,3.79,53.1,no activated state,nan,nan
n3_3_D10,3.79,56.2,no activated state,nan,nan
n3_3_D10,3.79,59.6,no activated state,nan,nan
n3_3_D10,3.79,63.1,no activated state,nan,nan
n3_3_D10,3.79,66.8,no activated state,nan,nan
n3_3_D10,3.79,70.8,no activated state,nan,nan
n3_3_D10,3.79,75.0,no activated state,nan,nan
n3_3_D10,3.79,79.4,no activated state,nan,nan
n3_3_D10,3.79,84.1,no activated state,nan,nan
n3_3_D10,3.79,89.1,no activated state,nan,nan
n3_3_D10,3.79,94.4,no activated state,nan,nan
n3_3_D10,3.79,100.0,no activated state,nan,nan
n3_3_D10,3.99,1.0,linearly stable,0.3910260746317733,0.3285799344396161
n3_3_D10,3.99,1.06,linearly stable,0.44805772134782007,0.3827892587419459
n3_3_D10,3.99,1.12,linearly stable,0.5092299489147734,0.4407161881602476
n3_3_D10,3.99,1.19,linearly stable,0.5853665756219085,0.51246403542119
n3_3_D10,3.99,1.26,linearly stable,0.6660299321854795,0.5880012067624276
n3_3_D10,3.99,1.33,linearly stable,0.750514176803973,0.666514317984008
n3_3_D10,3.99,1.41,linearly stable,0.8507871915388052,0.7587663423226502
n3_3_D10,3.99,1.5,linearly stable,0.966983884770402,0.8641435611314445
n3_3_D10,3.99,1.58,linearly stable,1.0720674649598778,0.9577108181662849
n3_3_D10,3.99,1.68,Turing,1.2042033961525593,1.0723987300421514
n3_3_D10,3.99,1.78,Turing,1.3356206843558243,1.1821800245505911
n3_3_D10,3.99,1.88,Turing,1.464970743091494,1.2845810322391114
n3_3_D10,3.99,2.0,Turing,1.616201616630384,1.3942289807164288
n3_3_D10,3.99,2.11,Turing,1.7505153861698628,1.4782557549497075
n3_3_D10,3.99,2.24,Turing,1.9047130275058448,1.550398277027252
n3_3_D10,3.99,2.37,Turing,2.0581916733361734,1.5789881246278323
n3_3_D10,3.99,2.51,uniform ON,2.249305651798836,1.495049632471377
n3_3_D10,3.99,2.66,no activated state,nan,nan
n3_3_D10,3.99,2.82,no activated state,nan,nan
n3_3_D10,3.99,2.99,no activated state,nan,nan
n3_3_D10,3.99,3.16,no activated state,nan,nan
n3_3_D10,3.99,3.35,no activated state,nan,nan
n3_3_D10,3.99,3.55,no activated state,nan,nan
n3_3_D10,3.99,3.76,no activated state,nan,nan
n3_3_D10,3.99,3.98,no activated state,nan,nan
n3_3_D10,3.99,4.22,no activated state,nan,nan
n3_3_D10,3.99,4.47,no activated state,nan,nan
n3_3_D10,3.99,4.73,no activated state,nan,nan
n3_3_D10,3.99,5.01,no activated state,nan,nan
n3_3_D10,3.99,5.31,no activated state,nan,nan
n3_3_D10,3.99,5.62,no activated state,nan,nan
n3_3_D10,3.99,5.96,no activated state,nan,nan
n3_3_D10,3.99,6.31,no activated state,nan,nan
n3_3_D10,3.99,6.68,no activated state,nan,nan
n3_3_D10,3.99,7.08,no activated state,nan,nan
n3_3_D10,3.99,7.5,no activated state,nan,nan
n3_3_D10,3.99,7.94,no activated state,nan,nan
n3_3_D10,3.99,8.41,no activated state,nan,nan
n3_3_D10,3.99,8.91,no activated state,nan,nan
n3_3_D10,3.99,9.44,no activated state,nan,nan
n3_3_D10,3.99,10.0,no activated state,nan,nan
n3_3_D10,3.99,10.6,no activated state,nan,nan
n3_3_D10,3.99,11.2,no activated state,nan,nan
n3_3_D10,3.99,11.9,no activated state,nan,nan
n3_3_D10,3.99,12.6,no activated state,nan,nan
n3_3_D10,3.99,13.3,no activated state,nan,nan
n3_3_D10,3.99,14.1,no activated state,nan,nan
n3_3_D10,3.99,15.0,no activated state,nan,nan
n3_3_D10,3.99,15.8,no activated state,nan,nan
n3_3_D10,3.99,16.8,no activated state,nan,nan
n3_3_D10,3.99,17.8,no activated state,nan,nan
n3_3_D10,3.99,18.8,no activated state,nan,nan
n3_3_D10,3.99,20.0,no activated state,nan,nan
n3_3_D10,3.99,21.1,no activated state,nan,nan
n3_3_D10,3.99,22.4,no activated state,nan,nan
n3_3_D10,3.99,23.7,no activated state,nan,nan
n3_3_D10,3.99,25.1,no activated state,nan,nan
n3_3_D10,3.99,26.6,no activated state,nan,nan
n3_3_D10,3.99,28.2,no activated state,nan,nan
n3_3_D10,3.99,29.9,no activated state,nan,nan
n3_3_D10,3.99,31.6,no activated state,nan,nan
n3_3_D10,3.99,33.5,no activated state,nan,nan
n3_3_D10,3.99,35.5,no activated state,nan,nan
n3_3_D10,3.99,37.6,no activated state,nan,nan
n3_3_D10,3.99,39.8,no activated state,nan,nan
n3_3_D10,3.99,42.2,no activated state,nan,nan
n3_3_D10,3.99,44.7,no activated state,nan,nan
n3_3_D10,3.99,47.3,no activated state,nan,nan
n3_3_D10,3.99,50.1,no activated state,nan,nan
n3_3_D10,3.99,53.1,no activated state,nan,nan
n3_3_D10,3.99,56.2,no activated state,nan,nan
n3_3_D10,3.99,59.6,no activated state,nan,nan
n3_3_D10,3.99,63.1,no activated state,nan,nan
n3_3_D10,3.99,66.8,no activated state,nan,nan
n3_3_D10,3.99,70.8,no activated state,nan,nan
n3_3_D10,3.99,75.0,no activated state,nan,nan
n3_3_D10,3.99,79.4,no activated state,nan,nan
n3_3_D10,3.99,84.1,no activated state,nan,nan
n3_3_D10,3.99,89.1,no activated state,nan,nan
n3_3_D10,3.99,94.4,no activated state,nan,nan
n3_3_D10,3.99,100.0,no activated state,nan,nan
n3_3_D10,4.2,1.0,linearly stable,0.3388135792807079,0.2873541108648409
n3_3_D10,4.2,1.06,linearly stable,0.3892259838106925,0.33576002868650523
n3_3_D10,4.2,1.12,linearly stable,0.4435818672807603,0.38781809894881514
n3_3_D10,4.2,1.19,linearly stable,0.5116445705302914,0.45278852685128423
n3_3_D10,4.2,1.26,linearly stable,0.5842491827535994,0.5218021765252226
n3_3_D10,4.2,1.33,linearly stable,0.6608371761999976,0.5942339929053413
n3_3_D10,4.2,1.41,linearly stable,0.7524553010930389,0.6803114672729368
n3_3_D10,4.2,1.5,linearly stable,0.8595818293599926,0.7800357764723058
n3_3_D10,4.2,1.58,linearly stable,0.9573269474071838,0.8699859446516007
n3_3_D10,4.2,1.68,linearly stable,1.0813473978598007,0.9823501322957815
n3_3_D10,4.2,1.78,Turing,1.2058248654601034,1.0926144912397848
n3_3_D10,4.2,1.88,Turing,1.3292824935892245,1.1987225823083356
n3_3_D10,4.2,2.0,Turing,1.4744301509766555,1.3178445947723518
n3_3_D10,4.2,2.11,Turing,1.6034500516592063,1.4165958160854093
n3_3_D10,4.2,2.24,Turing,1.750148441003164,1.5168568846373458
n3_3_D10,4.2,2.37,Turing,1.890698386404194,1.5945450678299202
n3_3_D10,4.2,2.51,Turing,2.037161684485293,1.6440561446551398
n3_3_D10,4.2,2.66,Turing,2.1970685435908774,1.6317946250400515
n3_3_D10,4.2,2.82,no activated state,nan,nan
n3_3_D10,4.2,2.99,no activated state,nan,nan
n3_3_D10,4.2,3.16,no activated state,nan,nan
n3_3_D10,4.2,3.35,no activated state,nan,nan
n3_3_D10,4.2,3.55,no activated state,nan,nan
n3_3_D10,4.2,3.76,no activated state,nan,nan
n3_3_D10,4.2,3.98,no activated state,nan,nan
n3_3_D10,4.2,4.22,no activated state,nan,nan
n3_3_D10,4.2,4.47,no activated state,nan,nan
n3_3_D10,4.2,4.73,no activated state,nan,nan
n3_3_D10,4.2,5.01,no activated state,nan,nan
n3_3_D10,4.2,5.31,no activated state,nan,nan
n3_3_D10,4.2,5.62,no activated state,nan,nan
n3_3_D10,4.2,5.96,no activated state,nan,nan
n3_3_D10,4.2,6.31,no activated state,nan,nan
n3_3_D10,4.2,6.68,no activated state,nan,nan
n3_3_D10,4.2,7.08,no activated state,nan,nan
n3_3_D10,4.2,7.5,no activated state,nan,nan
n3_3_D10,4.2,7.94,no activated state,nan,nan
n3_3_D10,4.2,8.41,no activated state,nan,nan
n3_3_D10,4.2,8.91,no activated state,nan,nan
n3_3_D10,4.2,9.44,no activated state,nan,nan
n3_3_D10,4.2,10.0,no activated state,nan,nan
n3_3_D10,4.2,10.6,no activated state,nan,nan
n3_3_D10,4.2,11.2,no activated state,nan,nan
n3_3_D10,4.2,11.9,no activated state,nan,nan
n3_3_D10,4.2,12.6,no activated state,nan,nan
n3_3_D10,4.2,13.3,no activated state,nan,nan
n3_3_D10,4.2,14.1,no activated state,nan,nan
n3_3_D10,4.2,15.0,no activated state,nan,nan
n3_3_D10,4.2,15.8,no activated state,nan,nan
n3_3_D10,4.2,16.8,no activated state,nan,nan
n3_3_D10,4.2,17.8,no activated state,nan,nan
n3_3_D10,4.2,18.8,no activated state,nan,nan
n3_3_D10,4.2,20.0,no activated state,nan,nan
n3_3_D10,4.2,21.1,no activated state,nan,nan
n3_3_D10,4.2,22.4,no activated state,nan,nan
n3_3_D10,4.2,23.7,no activated state,nan,nan
n3_3_D10,4.2,25.1,no activated state,nan,nan
n3_3_D10,4.2,26.6,no activated state,nan,nan
n3_3_D10,4.2,28.2,no activated state,nan,nan
n3_3_D10,4.2,29.9,no activated state,nan,nan
n3_3_D10,4.2,31.6,no activated state,nan,nan
n3_3_D10,4.2,33.5,no activated state,nan,nan
n3_3_D10,4.2,35.5,no activated state,nan,nan
n3_3_D10,4.2,37.6,no activated state,nan,nan
n3_3_D10,4.2,39.8,no activated state,nan,nan
n3_3_D10,4.2,42.2,no activated state,nan,nan
n3_3_D10,4.2,44.7,no activated state,nan,nan
n3_3_D10,4.2,47.3,no activated state,nan,nan
n3_3_D10,4.2,50.1,no activated state,nan,nan
n3_3_D10,4.2,53.1,no activated state,nan,nan
n3_3_D10,4.2,56.2,no activated state,nan,nan
n3_3_D10,4.2,59.6,no activated state,nan,nan
n3_3_D10,4.2,63.1,no activated state,nan,nan
n3_3_D10,4.2,66.8,no activated state,nan,nan
n3_3_D10,4.2,70.8,no activated state,nan,nan
n3_3_D10,4.2,75.0,no activated state,nan,nan
n3_3_D10,4.2,79.4,no activated state,nan,nan
n3_3_D10,4.2,84.1,no activated state,nan,nan
n3_3_D10,4.2,89.1,no activated state,nan,nan
n3_3_D10,4.2,94.4,no activated state,nan,nan
n3_3_D10,4.2,100.0,no activated state,nan,nan
n3_3_D10,4.43,1.0,linearly stable,0.29156481486208097,0.24922824274808292
n3_3_D10,4.43,1.06,linearly stable,0.33574513573349407,0.29199281936044497
n3_3_D10,4.43,1.12,linearly stable,0.38361537468057905,0.3382473982504183
n3_3_D10,4.43,1.19,linearly stable,0.4439001997229626,0.39636700846590456
n3_3_D10,4.43,1.26,linearly stable,0.5086296317795647,0.4585943907740759
n3_3_D10,4.43,1.33,linearly stable,0.5773829244982391,0.5244674082422367
n3_3_D10,4.43,1.41,linearly stable,0.6602661081711592,0.6035352107775769
n3_3_D10,4.43,1.5,linearly stable,0.7580570406810996,0.6962691360163057
n3_3_D10,4.43,1.58,linearly stable,0.848103775923573,0.7810366124916
n3_3_D10,4.43,1.68,linearly stable,0.963464709163522,0.8885842144737923
n3_3_D10,4.43,1.78,linearly stable,1.0804616298200211,0.9961749415984631
n3_3_D10,4.43,1.88,linearly stable,1.197635863109698,1.1020337457640303
n3_3_D10,4.43,2.0,Turing,1.336701100109067,1.2244444740914924
n3_3_D10,4.43,2.11,Turing,1.4612765699110093,1.3301074961433792
n3_3_D10,4.43,2.24,Turing,1.6035376790528542,1.4442822886025661
n3_3_D10,4.43,2.37,Turing,1.7395172444917644,1.5440478496469163
n3_3_D10,4.43,2.51,Turing,1.8786688483193479,1.6316757542237594
n3_3_D10,4.43,2.66,Turing,2.02030703372568,1.6967337879053708
n3_3_D10,4.43,2.82,Turing,2.1667752598674603,1.7194450049801522
n3_3_D10,4.43,2.99,uniform ON,2.337257122300305,1.6301870637310576
n3_3_D10,4.43,3.16,no activated state,nan,nan
n3_3_D10,4.43,3.35,no activated state,nan,nan
n3_3_D10,4.43,3.55,no activated state,nan,nan
n3_3_D10,4.43,3.76,no activated state,nan,nan
n3_3_D10,4.43,3.98,no activated state,nan,nan
n3_3_D10,4.43,4.22,no activated state,nan,nan
n3_3_D10,4.43,4.47,no activated state,nan,nan
n3_3_D10,4.43,4.73,no activated state,nan,nan
n3_3_D10,4.43,5.01,no activated state,nan,nan
n3_3_D10,4.43,5.31,no activated state,nan,nan
n3_3_D10,4.43,5.62,no activated state,nan,nan
n3_3_D10,4.43,5.96,no activated state,nan,nan
n3_3_D10,4.43,6.31,no activated state,nan,nan
n3_3_D10,4.43,6.68,no activated state,nan,nan
n3_3_D10,4.43,7.08,no activated state,nan,nan
n3_3_D10,4.43,7.5,no activated state,nan,nan
n3_3_D10,4.43,7.94,no activated state,nan,nan
n3_3_D10,4.43,8.41,no activated state,nan,nan
n3_3_D10,4.43,8.91,no activated state,nan,nan
n3_3_D10,4.43,9.44,no activated state,nan,nan
n3_3_D10,4.43,10.0,no activated state,nan,nan
n3_3_D10,4.43,10.6,no activated state,nan,nan
n3_3_D10,4.43,11.2,no activated state,nan,nan
n3_3_D10,4.43,11.9,no activated state,nan,nan
n3_3_D10,4.43,12.6,no activated state,nan,nan
n3_3_D10,4.43,13.3,no activated state,nan,nan
n3_3_D10,4.43,14.1,no activated state,nan,nan
n3_3_D10,4.43,15.0,no activated state,nan,nan
n3_3_D10,4.43,15.8,no activated state,nan,nan
n3_3_D10,4.43,16.8,no activated state,nan,nan
n3_3_D10,4.43,17.8,no activated state,nan,nan
n3_3_D10,4.43,18.8,no activated state,nan,nan
n3_3_D10,4.43,20.0,no activated state,nan,nan
n3_3_D10,4.43,21.1,no activated state,nan,nan
n3_3_D10,4.43,22.4,no activated state,nan,nan
n3_3_D10,4.43,23.7,no activated state,nan,nan
n3_3_D10,4.43,25.1,no activated state,nan,nan
n3_3_D10,4.43,26.6,no activated state,nan,nan
n3_3_D10,4.43,28.2,no activated state,nan,nan
n3_3_D10,4.43,29.9,no activated state,nan,nan
n3_3_D10,4.43,31.6,no activated state,nan,nan
n3_3_D10,4.43,33.5,no activated state,nan,nan
n3_3_D10,4.43,35.5,no activated state,nan,nan
n3_3_D10,4.43,37.6,no activated state,nan,nan
n3_3_D10,4.43,39.8,no activated state,nan,nan
n3_3_D10,4.43,42.2,no activated state,nan,nan
n3_3_D10,4.43,44.7,no activated state,nan,nan
n3_3_D10,4.43,47.3,no activated state,nan,nan
n3_3_D10,4.43,50.1,no activated state,nan,nan
n3_3_D10,4.43,53.1,no activated state,nan,nan
n3_3_D10,4.43,56.2,no activated state,nan,nan
n3_3_D10,4.43,59.6,no activated state,nan,nan
n3_3_D10,4.43,63.1,no activated state,nan,nan
n3_3_D10,4.43,66.8,no activated state,nan,nan
n3_3_D10,4.43,70.8,no activated state,nan,nan
n3_3_D10,4.43,75.0,no activated state,nan,nan
n3_3_D10,4.43,79.4,no activated state,nan,nan
n3_3_D10,4.43,84.1,no activated state,nan,nan
n3_3_D10,4.43,89.1,no activated state,nan,nan
n3_3_D10,4.43,94.4,no activated state,nan,nan
n3_3_D10,4.43,100.0,no activated state,nan,nan
n3_3_D10,4.67,1.0,linearly stable,0.25101032727945427,0.2159297359109551
n3_3_D10,4.67,1.06,linearly stable,0.28964895259153445,0.25356101750458115
n3_3_D10,4.67,1.12,linearly stable,0.3316958865091968,0.29446164845856215
n3_3_D10,4.67,1.19,linearly stable,0.38491636983984157,0.3461511761546664
n3_3_D10,4.67,1.26,linearly stable,0.4423959874930036,0.4018687955546032
n3_3_D10,4.67,1.33,linearly stable,0.5038305503200942,0.4612839371001217
n3_3_D10,4.67,1.41,linearly stable,0.5784154385785032,0.5332075895308387
n3_3_D10,4.67,1.5,linearly stable,0.6671547127042453,0.6184421197882306
n3_3_D10,4.67,1.58,linearly stable,0.7495746791201542,0.6972286296727771
n3_3_D10,4.67,1.68,linearly stable,0.8561540657246046,0.7984739691831495
n3_3_D10,4.67,1.78,linearly stable,0.9653704869795321,0.9013317964469083
n3_3_D10,4.67,1.88,linearly stable,1.0758684738290687,1.0042634305361045
n3_3_D10,4.67,2.0,Turing,1.2084093561190352,1.1258178186195948
n3_3_D10,4.67,2.11,Turing,1.3283490437325085,1.233480568544253
n3_3_D10,4.67,2.24,Turing,1.466540943568221,1.3538033519271695
n3_3_D10,4.67,2.37,Turing,1.5995463239065222,1.4643777827222997
n3_3_D10,4.67,2.51,Turing,1.7359779767497505,1.5700560276093416
n3_3_D10,4.67,2.66,Turing,1.873876781556046,1.6648310536139295
n3_3_D10,4.67,2.82,Turing,2.011981474954862,1.7404107526747168
n3_3_D10,4.67,2.99,Turing,2.150738391906157,1.7831767870996849
n3_3_D10,4.67,3.16,Turing,2.287841279186514,1.7651328197042289
n3_3_D10,4.67,3.35,no activated state,nan,nan
n3_3_D10,4.67,3.55,no activated state,nan,nan
n3_3_D10,4.67,3.76,no activated state,nan,nan
n3_3_D10,4.67,3.98,no activated state,nan,nan
n3_3_D10,4.67,4.22,no activated state,nan,nan
n3_3_D10,4.67,4.47,no activated state,nan,nan
n3_3_D10,4.67,4.73,no activated state,nan,nan
n3_3_D10,4.67,5.01,no activated state,nan,nan
n3_3_D10,4.67,5.31,no activated state,nan,nan
n3_3_D10,4.67,5.62,no activated state,nan,nan
n3_3_D10,4.67,5.96,no activated state,nan,nan
n3_3_D10,4.67,6.31,no activated state,nan,nan
n3_3_D10,4.67,6.68,no activated state,nan,nan
n3_3_D10,4.67,7.08,no activated state,nan,nan
n3_3_D10,4.67,7.5,no activated state,nan,nan
n3_3_D10,4.67,7.94,no activated state,nan,nan
n3_3_D10,4.67,8.41,no activated state,nan,nan
n3_3_D10,4.67,8.91,no activated state,nan,nan
n3_3_D10,4.67,9.44,no activated state,nan,nan
n3_3_D10,4.67,10.0,no activated state,nan,nan
n3_3_D10,4.67,10.6,no activated state,nan,nan
n3_3_D10,4.67,11.2,no activated state,nan,nan
n3_3_D10,4.67,11.9,no activated state,nan,nan
n3_3_D10,4.67,12.6,no activated state,nan,nan
n3_3_D10,4.67,13.3,no activated state,nan,nan
n3_3_D10,4.67,14.1,no activated state,nan,nan
n3_3_D10,4.67,15.0,no activated state,nan,nan
n3_3_D10,4.67,15.8,no activated state,nan,nan
n3_3_D10,4.67,16.8,no activated state,nan,nan
n3_3_D10,4.67,17.8,no activated state,nan,nan
n3_3_D10,4.67,18.8,no activated state,nan,nan
n3_3_D10,4.67,20.0,no activated state,nan,nan
n3_3_D10,4.67,21.1,no activated state,nan,nan
n3_3_D10,4.67,22.4,no activated state,nan,nan
n3_3_D10,4.67,23.7,no activated state,nan,nan
n3_3_D10,4.67,25.1,no activated state,nan,nan
n3_3_D10,4.67,26.6,no activated state,nan,nan
n3_3_D10,4.67,28.2,no activated state,nan,nan
n3_3_D10,4.67,29.9,no activated state,nan,nan
n3_3_D10,4.67,31.6,no activated state,nan,nan
n3_3_D10,4.67,33.5,no activated state,nan,nan
n3_3_D10,4.67,35.5,no activated state,nan,nan
n3_3_D10,4.67,37.6,no activated state,nan,nan
n3_3_D10,4.67,39.8,no activated state,nan,nan
n3_3_D10,4.67,42.2,no activated state,nan,nan
n3_3_D10,4.67,44.7,no activated state,nan,nan
n3_3_D10,4.67,47.3,no activated state,nan,nan
n3_3_D10,4.67,50.1,no activated state,nan,nan
n3_3_D10,4.67,53.1,no activated state,nan,nan
n3_3_D10,4.67,56.2,no activated state,nan,nan
n3_3_D10,4.67,59.6,no activated state,nan,nan
n3_3_D10,4.67,63.1,no activated state,nan,nan
n3_3_D10,4.67,66.8,no activated state,nan,nan
n3_3_D10,4.67,70.8,no activated state,nan,nan
n3_3_D10,4.67,75.0,no activated state,nan,nan
n3_3_D10,4.67,79.4,no activated state,nan,nan
n3_3_D10,4.67,84.1,no activated state,nan,nan
n3_3_D10,4.67,89.1,no activated state,nan,nan
n3_3_D10,4.67,94.4,no activated state,nan,nan
n3_3_D10,4.67,100.0,no activated state,nan,nan
n3_3_D10,4.91,1.0,linearly stable,0.21751364637920734,0.18805225851714985
n3_3_D10,4.91,1.06,linearly stable,0.2514358078553861,0.2212427207977759
n3_3_D10,4.91,1.12,linearly stable,0.28848490804861926,0.25746109063394174
n3_3_D10,4.91,1.19,linearly stable,0.3355814592464056,0.30345118787595193
n3_3_D10,4.91,1.26,linearly stable,0.386701639746891,0.3533020374220369
n3_3_D10,4.91,1.33,linearly stable,0.44163274873160485,0.4067834925175794
n3_3_D10,4.91,1.41,linearly stable,0.5087315321368568,0.47197976505546535
n3_3_D10,4.91,1.5,linearly stable,0.5891515060986975,0.5499069473437421
n3_3_D10,4.91,1.58,linearly stable,0.6644185556528104,0.6226038296508825
n3_3_D10,4.91,1.68,linearly stable,0.7625699089565893,0.7170060668071072
n3_3_D10,4.91,1.78,linearly stable,0.8641111094394904,0.8141120339457053
n3_3_D10,4.91,1.88,linearly stable,0.9678301397253485,0.9125970579213943
n3_3_D10,4.91,2.0,linearly stable,1.0935336471855788,1.0307768171935194
n3_3_D10,4.91,2.11,Turing,1.2084746940188253,1.1374068085873017
n3_3_D10,4.91,2.24,Turing,1.3422444934868234,1.259244448177928
n3_3_D10,4.91,2.37,Turing,1.4722336361673338,1.3745086990745536
n3_3_D10,4.91,2.51,Turing,1.6066236030915637,1.489138611881727
n3_3_D10,4.91,2.66,Turing,1.743135535260482,1.5987437810877205
n3_3_D10,4.91,2.82,Turing,1.8796995117417363,1.6979596316030783
n3_3_D10,4.91,2.99,Turing,2.0148222055880165,1.7798101944926596
n3_3_D10,4.91,3.16,Turing,2.141006799018336,1.8318777377501827
n3_3_D10,4.91,3.35,Turing,2.2754583213809774,1.840955558923353
n3_3_D10,4.91,3.55,uniform ON,2.4271677717310776,1.7320403839555814
n3_3_D10,4.91,3.76,no activated state,nan,nan
n3_3_D10,4.91,3.98,no activated state,nan,nan
n3_3_D10,4.91,4.22,no activated state,nan,nan
n3_3_D10,4.91,4.47,no activated state,nan,nan
n3_3_D10,4.91,4.73,no activated state,nan,nan
n3_3_D10,4.91,5.01,no activated state,nan,nan
n3_3_D10,4.91,5.31,no activated state,nan,nan
n3_3_D10,4.91,5.62,no activated state,nan,nan
n3_3_D10,4.91,5.96,no activated state,nan,nan
n3_3_D10,4.91,6.31,no activated state,nan,nan
n3_3_D10,4.91,6.68,no activated state,nan,nan
n3_3_D10,4.91,7.08,no activated state,nan,nan
n3_3_D10,4.91,7.5,no activated state,nan,nan
n3_3_D10,4.91,7.94,no activated state,nan,nan
n3_3_D10,4.91,8.41,no activated state,nan,nan
n3_3_D10,4.91,8.91,no activated state,nan,nan
n3_3_D10,4.91,9.44,no activated state,nan,nan
n3_3_D10,4.91,10.0,no activated state,nan,nan
n3_3_D10,4.91,10.6,no activated state,nan,nan
n3_3_D10,4.91,11.2,no activated state,nan,nan
n3_3_D10,4.91,11.9,no activated state,nan,nan
n3_3_D10,4.91,12.6,no activated state,nan,nan
n3_3_D10,4.91,13.3,no activated state,nan,nan
n3_3_D10,4.91,14.1,no activated state,nan,nan
n3_3_D10,4.91,15.0,no activated state,nan,nan
n3_3_D10,4.91,15.8,no activated state,nan,nan
n3_3_D10,4.91,16.8,no activated state,nan,nan
n3_3_D10,4.91,17.8,no activated state,nan,nan
n3_3_D10,4.91,18.8,no activated state,nan,nan
n3_3_D10,4.91,20.0,no activated state,nan,nan
n3_3_D10,4.91,21.1,no activated state,nan,nan
n3_3_D10,4.91,22.4,no activated state,nan,nan
n3_3_D10,4.91,23.7,no activated state,nan,nan
n3_3_D10,4.91,25.1,no activated state,nan,nan
n3_3_D10,4.91,26.6,no activated state,nan,nan
n3_3_D10,4.91,28.2,no activated state,nan,nan
n3_3_D10,4.91,29.9,no activated state,nan,nan
n3_3_D10,4.91,31.6,no activated state,nan,nan
n3_3_D10,4.91,33.5,no activated state,nan,nan
n3_3_D10,4.91,35.5,no activated state,nan,nan
n3_3_D10,4.91,37.6,no activated state,nan,nan
n3_3_D10,4.91,39.8,no activated state,nan,nan
n3_3_D10,4.91,42.2,no activated state,nan,nan
n3_3_D10,4.91,44.7,no activated state,nan,nan
n3_3_D10,4.91,47.3,no activated state,nan,nan
n3_3_D10,4.91,50.1,no activated state,nan,nan
n3_3_D10,4.91,53.1,no activated state,nan,nan
n3_3_D10,4.91,56.2,no activated state,nan,nan
n3_3_D10,4.91,59.6,no activated state,nan,nan
n3_3_D10,4.91,63.1,no activated state,nan,nan
n3_3_D10,4.91,66.8,no activated state,nan,nan
n3_3_D10,4.91,70.8,no activated state,nan,nan
n3_3_D10,4.91,75.0,no activated state,nan,nan
n3_3_D10,4.91,79.4,no activated state,nan,nan
n3_3_D10,4.91,84.1,no activated state,nan,nan
n3_3_D10,4.91,89.1,no activated state,nan,nan
n3_3_D10,4.91,94.4,no activated state,nan,nan
n3_3_D10,4.91,100.0,no activated state,nan,nan
n3_3_D10,5.18,1.0,linearly stable,0.18647876904119243,0.16193879542267253
n3_3_D10,5.18,1.06,linearly stable,0.21591541246977364,0.19085376407453358
n3_3_D10,5.18,1.12,linearly stable,0.24817597532158198,0.22252327019293638
n3_3_D10,5.18,1.19,linearly stable,0.2893525435278874,0.2629145549848478
n3_3_D10,5.18,1.26,linearly stable,0.33425976328939877,0.3069235200382253
n3_3_D10,5.18,1.33,linearly stable,0.3827629007661112,0.354404068142958
n3_3_D10,5.18,1.41,linearly stable,0.4423605944976231,0.4126647379930515
n3_3_D10,5.18,1.5,linearly stable,0.5143015318590582,0.4828618896094946
n3_3_D10,5.18,1.58,linearly stable,0.5821409242475176,0.5489122881292439
n3_3_D10,5.18,1.68,linearly stable,0.6713488172016627,0.6355255157839461
n3_3_D10,5.18,1.78,linearly stable,0.7645268497923242,0.725654967686449
n3_3_D10,5.18,1.88,linearly stable,0.8606403913114723,0.8181973104597177
n3_3_D10,5.18,2.0,linearly stable,0.9783965385223546,0.930864926901383
n3_3_D10,5.18,2.11,linearly stable,1.0872834722469378,1.0341860712662225
n3_3_D10,5.18,2.24,Turing,1.215446092282989,1.1544481560434927
n3_3_D10,5.18,2.37,Turing,1.341426117910378,1.2708098371013805
n3_3_D10,5.18,2.51,Turing,1.4730762827889519,1.389758097331148
n3_3_D10,5.18,2.66,Turing,1.6081007784145167,1.5078335752440861
n3_3_D10,5.18,2.82,Turing,1.7441637041183937,1.6209927166033906
n3_3_D10,5.18,2.99,Turing,1.879136407194335,1.7245152358055327
n3_3_D10,5.18,3.16,Turing,2.0043085256150386,1.8083677116056367
n3_3_D10,5.18,3.35,Turing,2.1335914984890008,1.8748124720016122
n3_3_D10,5.18,3.55,Turing,2.260106328273908,1.9052636412559654
n3_3_D10,5.18,3.76,Turing,2.3893225704860983,1.8684269006762346
n3_3_D10,5.18,3.98,no activated state,nan,nan
n3_3_D10,5.18,4.22,no activated state,nan,nan
n3_3_D10,5.18,4.47,no activated state,nan,nan
n3_3_D10,5.18,4.73,no activated state,nan,nan
n3_3_D10,5.18,5.01,no activated state,nan,nan
n3_3_D10,5.18,5.31,no activated state,nan,nan
n3_3_D10,5.18,5.62,no activated state,nan,nan
n3_3_D10,5.18,5.96,no activated state,nan,nan
n3_3_D10,5.18,6.31,no activated state,nan,nan
n3_3_D10,5.18,6.68,no activated state,nan,nan
n3_3_D10,5.18,7.08,no activated state,nan,nan
n3_3_D10,5.18,7.5,no activated state,nan,nan
n3_3_D10,5.18,7.94,no activated state,nan,nan
n3_3_D10,5.18,8.41,no activated state,nan,nan
n3_3_D10,5.18,8.91,no activated state,nan,nan
n3_3_D10,5.18,9.44,no activated state,nan,nan
n3_3_D10,5.18,10.0,no activated state,nan,nan
n3_3_D10,5.18,10.6,no activated state,nan,nan
n3_3_D10,5.18,11.2,no activated state,nan,nan
n3_3_D10,5.18,11.9,no activated state,nan,nan
n3_3_D10,5.18,12.6,no activated state,nan,nan
n3_3_D10,5.18,13.3,no activated state,nan,nan
n3_3_D10,5.18,14.1,no activated state,nan,nan
n3_3_D10,5.18,15.0,no activated state,nan,nan
n3_3_D10,5.18,15.8,no activated state,nan,nan
n3_3_D10,5.18,16.8,no activated state,nan,nan
n3_3_D10,5.18,17.8,no activated state,nan,nan
n3_3_D10,5.18,18.8,no activated state,nan,nan
n3_3_D10,5.18,20.0,no activated state,nan,nan
n3_3_D10,5.18,21.1,no activated state,nan,nan
n3_3_D10,5.18,22.4,no activated state,nan,nan
n3_3_D10,5.18,23.7,no activated state,nan,nan
n3_3_D10,5.18,25.1,no activated state,nan,nan
n3_3_D10,5.18,26.6,no activated state,nan,nan
n3_3_D10,5.18,28.2,no activated state,nan,nan
n3_3_D10,5.18,29.9,no activated state,nan,nan
n3_3_D10,5.18,31.6,no activated state,nan,nan
n3_3_D10,5.18,33.5,no activated state,nan,nan
n3_3_D10,5.18,35.5,no activated state,nan,nan
n3_3_D10,5.18,37.6,no activated state,nan,nan
n3_3_D10,5.18,39.8,no activated state,nan,nan
n3_3_D10,5.18,42.2,no activated state,nan,nan
n3_3_D10,5.18,44.7,no activated state,nan,nan
n3_3_D10,5.18,47.3,no activated state,nan,nan
n3_3_D10,5.18,50.1,no activated state,nan,nan
n3_3_D10,5.18,53.1,no activated state,nan,nan
n3_3_D10,5.18,56.2,no activated state,nan,nan
n3_3_D10,5.18,59.6,no activated state,nan,nan
n3_3_D10,5.18,63.1,no activated state,nan,nan
n3_3_D10,5.18,66.8,no activated state,nan,nan
n3_3_D10,5.18,70.8,no activated state,nan,nan
n3_3_D10,5.18,75.0,no activated state,nan,nan
n3_3_D10,5.18,79.4,no activated state,nan,nan
n3_3_D10,5.18,84.1,no activated state,nan,nan
n3_3_D10,5.18,89.1,no activated state,nan,nan
n3_3_D10,5.18,94.4,no activated state,nan,nan
n3_3_D10,5.18,100.0,no activated state,nan,nan
n3_3_D10,5.45,1.0,linearly stable,0.16099671761802636,0.14030281180764778
n3_3_D10,5.45,1.06,linearly stable,0.1866652954482514,0.16559204880700737
n3_3_D10,5.45,1.12,linearly stable,0.21487672101168132,0.1933743965568031
n3_3_D10,5.45,1.19,linearly stable,0.2510076854822849,0.2289364214572669
n3_3_D10,5.45,1.26,linearly stable,0.2905695744272321,0.26784905527758474
n3_3_D10,5.45,1.33,linearly stable,0.333484710284805,0.31002697393307804
n3_3_D10,5.45,1.41,linearly stable,0.3864811492762371,0.3620624243006619
n3_3_D10,5.45,1.5,linearly stable,0.45084510073356476,0.4251777050873376
n3_3_D10,5.45,1.58,linearly stable,0.5119341987698303,0.4849909144746826
n3_3_D10,5.45,1.68,linearly stable,0.5928525903244263,0.5640674146539018
n3_3_D10,5.45,1.78,linearly stable,0.678088992504333,0.6471516420822426
n3_3_D10,5.45,1.88,linearly stable,0.7667828781122785,0.7333393290054411
n3_3_D10,5.45,2.0,linearly stable,0.876523039354777,0.8395334806018662
n3_3_D10,5.45,2.11,linearly stable,0.9790536003700682,0.9382155813503849
n3_3_D10,5.45,2.24,linearly stable,1.101033072842095,1.0547801209111984
n3_3_D10,5.45,2.37,Turing,1.2222929121093817,1.169514800238787
n3_3_D10,5.45,2.51,Turing,1.3504201955456203,1.2891248362095
n3_3_D10,5.45,2.66,Turing,1.483267279163944,1.410764251065098
n3_3_D10,5.45,2.82,Turing,1.6184873949437801,1.5310968286302857
n3_3_D10,5.45,2.99,Turing,1.7537401470488128,1.6463518272158808
n3_3_D10,5.45,3.16,Turing,1.879789043894865,1.7468738511252193
n3_3_D10,5.45,3.35,Turing,2.0098219748706807,1.8397049849661717
n3_3_D10,5.45,3.55,Turing,2.135154819323506,1.9121585908028602
n3_3_D10,5.45,3.76,Turing,2.2559382483186265,1.9546679644132339
n3_3_D10,5.45,3.98,Turing,2.374735453405827,1.9481101120054078
n3_3_D10,5.45,4.22,uniform ON,2.5124329151576044,1.8108071981977796
n3_3_D10,5.45,4.47,no activated state,nan,nan
n3_3_D10,5.45,4.73,no activated state,nan,nan
n3_3_D10,5.45,5.01,no activated state,nan,nan
n3_3_D10,5.45,5.31,no activated state,nan,nan
n3_3_D10,5.45,5.62,no activated state,nan,nan
n3_3_D10,5.45,5.96,no activated state,nan,nan
n3_3_D10,5.45,6.31,no activated state,nan,nan
n3_3_D10,5.45,6.68,no activated state,nan,nan
n3_3_D10,5.45,7.08,no activated state,nan,nan
n3_3_D10,5.45,7.5,no activated state,nan,nan
n3_3_D10,5.45,7.94,no activated state,nan,nan
n3_3_D10,5.45,8.41,no activated state,nan,nan
n3_3_D10,5.45,8.91,no activated state,nan,nan
n3_3_D10,5.45,9.44,no activated state,nan,nan
n3_3_D10,5.45,10.0,no activated state,nan,nan
n3_3_D10,5.45,10.6,no activated state,nan,nan
n3_3_D10,5.45,11.2,no activated state,nan,nan
n3_3_D10,5.45,11.9,no activated state,nan,nan
n3_3_D10,5.45,12.6,no activated state,nan,nan
n3_3_D10,5.45,13.3,no activated state,nan,nan
n3_3_D10,5.45,14.1,no activated state,nan,nan
n3_3_D10,5.45,15.0,no activated state,nan,nan
n3_3_D10,5.45,15.8,no activated state,nan,nan
n3_3_D10,5.45,16.8,no activated state,nan,nan
n3_3_D10,5.45,17.8,no activated state,nan,nan
n3_3_D10,5.45,18.8,no activated state,nan,nan
n3_3_D10,5.45,20.0,no activated state,nan,nan
n3_3_D10,5.45,21.1,no activated state,nan,nan
n3_3_D10,5.45,22.4,no activated state,nan,nan
n3_3_D10,5.45,23.7,no activated state,nan,nan
n3_3_D10,5.45,25.1,no activated state,nan,nan
n3_3_D10,5.45,26.6,no activated state,nan,nan
n3_3_D10,5.45,28.2,no activated state,nan,nan
n3_3_D10,5.45,29.9,no activated state,nan,nan
n3_3_D10,5.45,31.6,no activated state,nan,nan
n3_3_D10,5.45,33.5,no activated state,nan,nan
n3_3_D10,5.45,35.5,no activated state,nan,nan
n3_3_D10,5.45,37.6,no activated state,nan,nan
n3_3_D10,5.45,39.8,no activated state,nan,nan
n3_3_D10,5.45,42.2,no activated state,nan,nan
n3_3_D10,5.45,44.7,no activated state,nan,nan
n3_3_D10,5.45,47.3,no activated state,nan,nan
n3_3_D10,5.45,50.1,no activated state,nan,nan
n3_3_D10,5.45,53.1,no activated state,nan,nan
n3_3_D10,5.45,56.2,no activated state,nan,nan
n3_3_D10,5.45,59.6,no activated state,nan,nan
n3_3_D10,5.45,63.1,no activated state,nan,nan
n3_3_D10,5.45,66.8,no activated state,nan,nan
n3_3_D10,5.45,70.8,no activated state,nan,nan
n3_3_D10,5.45,75.0,no activated state,nan,nan
n3_3_D10,5.45,79.4,no activated state,nan,nan
n3_3_D10,5.45,84.1,no activated state,nan,nan
n3_3_D10,5.45,89.1,no activated state,nan,nan
n3_3_D10,5.45,94.4,no activated state,nan,nan
n3_3_D10,5.45,100.0,no activated state,nan,nan
n3_3_D10,5.74,1.0,linearly stable,0.13848163705070526,0.12104611270821605
n3_3_D10,5.74,1.06,linearly stable,0.16075581302909836,0.1430456484778865
n3_3_D10,5.74,1.12,linearly stable,0.185299061053124,0.16727869656456534
n3_3_D10,5.74,1.19,linearly stable,0.21682802401421764,0.19839706211485825
n3_3_D10,5.74,1.26,linearly stable,0.2514749586589532,0.23257639966194604
n3_3_D10,5.74,1.33,linearly stable,0.28920583914347886,0.26977753006071997
n3_3_D10,5.74,1.41,linearly stable,0.33601277904901994,0.3158957514124074
n3_3_D10,5.74,1.5,linearly stable,0.3931774418455679,0.3721684532195926
n3_3_D10,5.74,1.58,linearly stable,0.44775810020936524,0.42584093311410787
n3_3_D10,5.74,1.68,linearly stable,0.520545569898471,0.49732270341004237
n3_3_D10,5.74,1.78,linearly stable,0.5978258050595143,0.5730847000626015
n3_3_D10,5.74,1.88,linearly stable,0.6789089946085725,0.652409124224252
n3_3_D10,5.74,2.0,linearly stable,0.7801831579573801,0.7512101355213239
n3_3_D10,5.74,2.11,linearly stable,0.87576068920291,0.8441218017313948
n3_3_D10,5.74,2.24,linearly stable,0.9906788605750829,0.9553174663263113
n3_3_D10,5.74,2.37,linearly stable,1.1062261356190493,1.0664179989509277
n3_3_D10,5.74,2.51,Turing,1.229729319778319,1.1841729893852004
n3_3_D10,5.74,2.66,Turing,1.3592954798449766,1.3062598979983817
n3_3_D10,5.74,2.82,Turing,1.4927132168425148,1.429873198234191
n3_3_D10,5.74,2.99,Turing,1.6276224844229328,1.5518204435424927
n3_3_D10,5.74,3.16,Turing,1.754510664064526,1.6624767144272368
n3_3_D10,5.74,3.35,Turing,1.886283588304194,1.7711826542333198
n3_3_D10,5.74,3.55,Turing,2.013564543540303,1.8668440637052661
n3_3_D10,5.74,3.76,Turing,2.1353106068307754,1.944365812157025
n3_3_D10,5.74,3.98,Turing,2.2513279935305333,1.9966186377368027
n3_3_D10,5.74,4.22,Turing,2.367529594378395,2.0106286730368943
n3_3_D10,5.74,4.47,uniform ON,2.4846369921086735,1.94710835987609
n3_3_D10,5.74,4.73,no activated state,nan,nan
n3_3_D10,5.74,5.01,no activated state,nan,nan
n3_3_D10,5.74,5.31,no activated state,nan,nan
n3_3_D10,5.74,5.62,no activated state,nan,nan
n3_3_D10,5.74,5.96,no activated state,nan,nan
n3_3_D10,5.74,6.31,no activated state,nan,nan
n3_3_D10,5.74,6.68,no activated state,nan,nan
n3_3_D10,5.74,7.08,no activated state,nan,nan
n3_3_D10,5.74,7.5,no activated state,nan,nan
n3_3_D10,5.74,7.94,no activated state,nan,nan
n3_3_D10,5.74,8.41,no activated state,nan,nan
n3_3_D10,5.74,8.91,no activated state,nan,nan
n3_3_D10,5.74,9.44,no activated state,nan,nan
n3_3_D10,5.74,10.0,no activated state,nan,nan
n3_3_D10,5.74,10.6,no activated state,nan,nan
n3_3_D10,5.74,11.2,no activated state,nan,nan
n3_3_D10,5.74,11.9,no activated state,nan,nan
n3_3_D10,5.74,12.6,no activated state,nan,nan
n3_3_D10,5.74,13.3,no activated state,nan,nan
n3_3_D10,5.74,14.1,no activated state,nan,nan
n3_3_D10,5.74,15.0,no activated state,nan,nan
n3_3_D10,5.74,15.8,no activated state,nan,nan
n3_3_D10,5.74,16.8,no activated state,nan,nan
n3_3_D10,5.74,17.8,no activated state,nan,nan
n3_3_D10,5.74,18.8,no activated state,nan,nan
n3_3_D10,5.74,20.0,no activated state,nan,nan
n3_3_D10,5.74,21.1,no activated state,nan,nan
n3_3_D10,5.74,22.4,no activated state,nan,nan
n3_3_D10,5.74,23.7,no activated state,nan,nan
n3_3_D10,5.74,25.1,no activated state,nan,nan
n3_3_D10,5.74,26.6,no activated state,nan,nan
n3_3_D10,5.74,28.2,no activated state,nan,nan
n3_3_D10,5.74,29.9,no activated state,nan,nan
n3_3_D10,5.74,31.6,no activated state,nan,nan
n3_3_D10,5.74,33.5,no activated state,nan,nan
n3_3_D10,5.74,35.5,no activated state,nan,nan
n3_3_D10,5.74,37.6,no activated state,nan,nan
n3_3_D10,5.74,39.8,no activated state,nan,nan
n3_3_D10,5.74,42.2,no activated state,nan,nan
n3_3_D10,5.74,44.7,no activated state,nan,nan
n3_3_D10,5.74,47.3,no activated state,nan,nan
n3_3_D10,5.74,50.1,no activated state,nan,nan
n3_3_D10,5.74,53.1,no activated state,nan,nan
n3_3_D10,5.74,56.2,no activated state,nan,nan
n3_3_D10,5.74,59.6,no activated state,nan,nan
n3_3_D10,5.74,63.1,no activated state,nan,nan
n3_3_D10,5.74,66.8,no activated state,nan,nan
n3_3_D10,5.74,70.8,no activated state,nan,nan
n3_3_D10,5.74,75.0,no activated state,nan,nan
n3_3_D10,5.74,79.4,no activated state,nan,nan
n3_3_D10,5.74,84.1,no activated state,nan,nan
n3_3_D10,5.74,89.1,no activated state,nan,nan
n3_3_D10,5.74,94.4,no activated state,nan,nan
n3_3_D10,5.74,100.0,no activated state,nan,nan
n3_3_D10,6.05,1.0,linearly stable,0.11877542339316527,0.1040880742479866
n3_3_D10,6.05,1.06,linearly stable,0.1380278051535917,0.12314218886027645
n3_3_D10,6.05,1.12,linearly stable,0.1592892494709105,0.1441799750008254
n3_3_D10,6.05,1.19,linearly stable,0.18667612930660082,0.17127125433405024
n3_3_D10,6.05,1.26,linearly stable,0.2168674536495977,0.20112654276903064
n3_3_D10,6.05,1.33,linearly stable,0.24986107067089414,0.23374020449644267
n3_3_D10,6.05,1.41,linearly stable,0.29095857179663176,0.2743448724431274
n3_3_D10,6.05,1.5,linearly stable,0.34140319691901655,0.3241530545465228
n3_3_D10,6.05,1.58,linearly stable,0.389828659589851,0.3719325097822167
n3_3_D10,6.05,1.68,linearly stable,0.4548074058524505,0.4359858145650497
n3_3_D10,6.05,1.78,linearly stable,0.5243008154905806,0.5044077417278114
n3_3_D10,6.05,1.88,linearly stable,0.5977766203123346,0.5766480134979175
n3_3_D10,6.05,2.0,linearly stable,0.6903655367365722,0.6675089625425685
n3_3_D10,6.05,2.11,linearly stable,0.7785856017575998,0.7538775515422387
n3_3_D10,6.05,2.24,linearly stable,0.8857460569565156,0.8584698898939438
n3_3_D10,6.05,2.37,linearly stable,0.9947005600540582,0.9643798634241578
n3_3_D10,6.05,2.51,linearly stable,1.1125029521892928,1.0782794005075418
n3_3_D10,6.05,2.66,Turing,1.237585122464871,1.1983313555235648
n3_3_D10,6.05,2.82,Turing,1.3679774038048882,1.3222006169891258
n3_3_D10,6.05,2.99,Turing,1.5014384562378789,1.4471448769654098
n3_3_D10,6.05,3.16,Turing,1.6283819246982632,1.5635735334660938
n3_3_D10,6.05,3.35,Turing,1.761544112647734,1.682049708918766
n3_3_D10,6.05,3.55,Turing,1.891229570143131,1.7920517930593498
n3_3_D10,6.05,3.76,Turing,2.0158418401344464,1.8899586196784899
n3_3_D10,6.05,3.98,Turing,2.1343307361128616,1.9716284540491096
n3_3_D10,6.05,4.22,Turing,2.2509463471589397,2.0336403121340334
n3_3_D10,6.05,4.47,Turing,2.3608201296865494,2.062383957063302
n3_3_D10,6.05,4.73,Turing,2.466955402649325,2.0378435126219747
n3_3_D10,6.05,5.01,uniform ON,2.5889722891539915,1.8672743991624854
n3_3_D10,6.05,5.31,no activated state,nan,nan
n3_3_D10,6.05,5.62,no activated state,nan,nan
n3_3_D10,6.05,5.96,no activated state,nan,nan
n3_3_D10,6.05,6.31,no activated state,nan,nan
n3_3_D10,6.05,6.68,no activated state,nan,nan
n3_3_D10,6.05,7.08,no activated state,nan,nan
n3_3_D10,6.05,7.5,no activated state,nan,nan
n3_3_D10,6.05,7.94,no activated state,nan,nan
n3_3_D10,6.05,8.41,no activated state,nan,nan
n3_3_D10,6.05,8.91,no activated state,nan,nan
n3_3_D10,6.05,9.44,no activated state,nan,nan
n3_3_D10,6.05,10.0,no activated state,nan,nan
n3_3_D10,6.05,10.6,no activated state,nan,nan
n3_3_D10,6.05,11.2,no activated state,nan,nan
n3_3_D10,6.05,11.9,no activated state,nan,nan
n3_3_D10,6.05,12.6,no activated state,nan,nan
n3_3_D10,6.05,13.3,no activated state,nan,nan
n3_3_D10,6.05,14.1,no activated state,nan,nan
n3_3_D10,6.05,15.0,no activated state,nan,nan
n3_3_D10,6.05,15.8,no activated state,nan,nan
n3_3_D10,6.05,16.8,no activated state,nan,nan
n3_3_D10,6.05,17.8,no activated state,nan,nan
n3_3_D10,6.05,18.8,no activated state,nan,nan
n3_3_D10,6.05,20.0,no activated state,nan,nan
n3_3_D10,6.05,21.1,no activated state,nan,nan
n3_3_D10,6.05,22.4,no activated state,nan,nan
n3_3_D10,6.05,23.7,no activated state,nan,nan
n3_3_D10,6.05,25.1,no activated state,nan,nan
n3_3_D10,6.05,26.6,no activated state,nan,nan
n3_3_D10,6.05,28.2,no activated state,nan,nan
n3_3_D10,6.05,29.9,no activated state,nan,nan
n3_3_D10,6.05,31.6,no activated state,nan,nan
n3_3_D10,6.05,33.5,no activated state,nan,nan
n3_3_D10,6.05,35.5,no activated state,nan,nan
n3_3_D10,6.05,37.6,no activated state,nan,nan
n3_3_D10,6.05,39.8,no activated state,nan,nan
n3_3_D10,6.05,42.2,no activated state,nan,nan
n3_3_D10,6.05,44.7,no activated state,nan,nan
n3_3_D10,6.05,47.3,no activated state,nan,nan
n3_3_D10,6.05,50.1,no activated state,nan,nan
n3_3_D10,6.05,53.1,no activated state,nan,nan
n3_3_D10,6.05,56.2,no activated state,nan,nan
n3_3_D10,6.05,59.6,no activated state,nan,nan
n3_3_D10,6.05,63.1,no activated state,nan,nan
n3_3_D10,6.05,66.8,no activated state,nan,nan
n3_3_D10,6.05,70.8,no activated state,nan,nan
n3_3_D10,6.05,75.0,no activated state,nan,nan
n3_3_D10,6.05,79.4,no activated state,nan,nan
n3_3_D10,6.05,84.1,no activated state,nan,nan
n3_3_D10,6.05,89.1,no activated state,nan,nan
n3_3_D10,6.05,94.4,no activated state,nan,nan
n3_3_D10,6.05,100.0,no activated state,nan,nan
n3_3_D10,6.37,1.0,linearly stable,0.1021304096717961,0.0896913430979904
n3_3_D10,6.37,1.06,linearly stable,0.11879295269213996,0.10620959533441093
n3_3_D10,6.37,1.12,linearly stable,0.13722959580316707,0.12448363937136891
n3_3_D10,6.37,1.19,linearly stable,0.1610325992756202,0.14807201274740012
n3_3_D10,6.37,1.26,linearly stable,0.18734472898538557,0.1741405180460207
n3_3_D10,6.37,1.33,linearly stable,0.2161853725960431,0.20270615009721704
n3_3_D10,6.37,1.41,linearly stable,0.25223641630357985,0.23840117493683027
n3_3_D10,6.37,1.5,linearly stable,0.296679762045562,0.28238587072441373
n3_3_D10,6.37,1.58,linearly stable,0.3395453426052727,0.324787130626372
n3_3_D10,6.37,1.68,linearly stable,0.3973753587033094,0.38195400875336716
n3_3_D10,6.37,1.78,linearly stable,0.4596214984860607,0.4434351603146554
n3_3_D10,6.37,1.88,linearly stable,0.525885910924631,0.5088209215458067
n3_3_D10,6.37,2.0,linearly stable,0.6100538356003871,0.5917657085255221
n3_3_D10,6.37,2.11,linearly stable,0.6909478462057113,0.6713558818240606
n3_3_D10,6.37,2.24,linearly stable,0.7901340318551735,0.7687438932142525
n3_3_D10,6.37,2.37,linearly stable,0.8920305113547361,0.8685224494230751
n3_3_D10,6.37,2.51,linearly stable,1.0034032700690803,0.9771994410977175
n3_3_D10,6.37,2.66,linearly stable,1.123034823087714,1.0933842537733645
n3_3_D10,6.37,2.82,Turing,1.2492602170355942,1.215180006733734
n3_3_D10,6.37,2.99,Turing,1.380054870847706,1.3402492081629904
n3_3_D10,6.37,3.16,Turing,1.5059449922394788,1.4591486086628114
n3_3_D10,6.37,3.35,Turing,1.639510344384144,1.5830745062537743
n3_3_D10,6.37,3.55,Turing,1.7709816590619412,1.7018258384442586
n3_3_D10,6.37,3.76,Turing,1.8984403204142308,1.8123549395864897
n3_3_D10,6.37,3.98,Turing,2.0203760172065737,1.9115264643070917
n3_3_D10,6.37,4.22,Turing,2.1405318076404347,1.9991199427284738
n3_3_D10,6.37,4.47,Turing,2.252747079932899,2.065674461304513
n3_3_D10,6.37,4.73,Turing,2.3574844032144546,2.1044508475686605
n3_3_D10,6.37,5.01,Turing,2.459990167259287,2.101776516631692
n3_3_D10,6.37,5.31,uniform ON,2.5659138409655275,2.0115516656739523
n3_3_D10,6.37,5.62,no activated state,nan,nan
n3_3_D10,6.37,5.96,no activated state,nan,nan
n3_3_D10,6.37,6.31,no activated state,nan,nan
n3_3_D10,6.37,6.68,no activated state,nan,nan
n3_3_D10,6.37,7.08,no activated state,nan,nan
n3_3_D10,6.37,7.5,no activated state,nan,nan
n3_3_D10,6.37,7.94,no activated state,nan,nan
n3_3_D10,6.37,8.41,no activated state,nan,nan
n3_3_D10,6.37,8.91,no activated state,nan,nan
n3_3_D10,6.37,9.44,no activated state,nan,nan
n3_3_D10,6.37,10.0,no activated state,nan,nan
n3_3_D10,6.37,10.6,no activated state,nan,nan
n3_3_D10,6.37,11.2,no activated state,nan,nan
n3_3_D10,6.37,11.9,no activated state,nan,nan
n3_3_D10,6.37,12.6,no activated state,nan,nan
n3_3_D10,6.37,13.3,no activated state,nan,nan
n3_3_D10,6.37,14.1,no activated state,nan,nan
n3_3_D10,6.37,15.0,no activated state,nan,nan
n3_3_D10,6.37,15.8,no activated state,nan,nan
n3_3_D10,6.37,16.8,no activated state,nan,nan
n3_3_D10,6.37,17.8,no activated state,nan,nan
n3_3_D10,6.37,18.8,no activated state,nan,nan
n3_3_D10,6.37,20.0,no activated state,nan,nan
n3_3_D10,6.37,21.1,no activated state,nan,nan
n3_3_D10,6.37,22.4,no activated state,nan,nan
n3_3_D10,6.37,23.7,no activated state,nan,nan
n3_3_D10,6.37,25.1,no activated state,nan,nan
n3_3_D10,6.37,26.6,no activated state,nan,nan
n3_3_D10,6.37,28.2,no activated state,nan,nan
n3_3_D10,6.37,29.9,no activated state,nan,nan
n3_3_D10,6.37,31.6,no activated state,nan,nan
n3_3_D10,6.37,33.5,no activated state,nan,nan
n3_3_D10,6.37,35.5,no activated state,nan,nan
n3_3_D10,6.37,37.6,no activated state,nan,nan
n3_3_D10,6.37,39.8,no activated state,nan,nan
n3_3_D10,6.37,42.2,no activated state,nan,nan
n3_3_D10,6.37,44.7,no activated state,nan,nan
n3_3_D10,6.37,47.3,no activated state,nan,nan
n3_3_D10,6.37,50.1,no activated state,nan,nan
n3_3_D10,6.37,53.1,no activated state,nan,nan
n3_3_D10,6.37,56.2,no activated state,nan,nan
n3_3_D10,6.37,59.6,no activated state,nan,nan
n3_3_D10,6.37,63.1,no activated state,nan,nan
n3_3_D10,6.37,66.8,no activated state,nan,nan
n3_3_D10,6.37,70.8,no activated state,nan,nan
n3_3_D10,6.37,75.0,no activated state,nan,nan
n3_3_D10,6.37,79.4,no activated state,nan,nan
n3_3_D10,6.37,84.1,no activated state,nan,nan
n3_3_D10,6.37,89.1,no activated state,nan,nan
n3_3_D10,6.37,94.4,no activated state,nan,nan
n3_3_D10,6.37,100.0,no activated state,nan,nan
n3_3_D10,6.71,1.0,linearly stable,0.08765650045526041,0.07711964531013471
n3_3_D10,6.71,1.06,linearly stable,0.1020388369340468,0.09139713521638783
n3_3_D10,6.71,1.12,linearly stable,0.11797920246887672,0.10721945737572042
n3_3_D10,6.71,1.19,linearly stable,0.13860093904462445,0.12768554689124248
n3_3_D10,6.71,1.26,linearly stable,0.1614511831987362,0.1503593464593008
n3_3_D10,6.71,1.33,linearly stable,0.18656350502700314,0.17527277637307578
n3_3_D10,6.71,1.41,linearly stable,0.21805192138541973,0.2065041503771971
n3_3_D10,6.71,1.5,linearly stable,0.25702077717899163,0.245142562567418
n3_3_D10,6.71,1.58,linearly stable,0.2947642497690346,0.28255227305544595
n3_3_D10,6.71,1.68,linearly stable,0.345931434073112,0.33324405467732543
n3_3_D10,6.71,1.78,linearly stable,0.4013256818430293,0.3880916402654624
n3_3_D10,6.71,1.88,linearly stable,0.4606629959460755,0.44680324198093724
n3_3_D10,6.71,2.0,linearly stable,0.5365828369923581,0.5218556338337017
n3_3_D10,6.71,2.11,linearly stable,0.6101356121602511,0.5944879418123276
n3_3_D10,6.71,2.24,linearly stable,0.7011124603254262,0.6842017928055589
n3_3_D10,6.71,2.37,linearly stable,0.7954932146371244,0.7771035705559983
n3_3_D10,6.71,2.51,linearly stable,0.8997268746195136,0.8794666314725172
n3_3_D10,6.71,2.66,linearly stable,1.0129542209294091,0.9903192230580532
n3_3_D10,6.71,2.82,linearly stable,1.1338551306157134,1.1081922446946073
n3_3_D10,6.71,2.99,Turing,1.260694703343645,1.2311523856176785
n3_3_D10,6.71,3.16,Turing,1.3842823748878081,1.3500477732551635
n3_3_D10,6.71,3.35,Turing,1.517008115545213,1.4763713947662065
n3_3_D10,6.71,3.55,Turing,1.6492326229509755,1.600250785005131
n3_3_D10,6.71,3.76,Turing,1.7788496485293077,1.7189177651086747
n3_3_D10,6.71,3.98,Turing,1.904043453600945,1.8296371836778422
n3_3_D10,6.71,4.22,Turing,2.02832335482382,1.933666368140813
n3_3_D10,6.71,4.47,Turing,2.144803112054395,2.0226051452241762
n3_3_D10,6.71,4.73,Turing,2.2531292898071476,2.0929134880999962
n3_3_D10,6.71,5.01,Turing,2.3570839164115576,2.1408680189372227
n3_3_D10,6.71,5.31,Turing,2.4567188920090226,2.1539250787751048
n3_3_D10,6.71,5.62,Turing,2.5517441323039014,2.106965170044742
n3_3_D10,6.71,5.96,uniform ON,2.6704215634570474,1.8476512276179764
n3_3_D10,6.71,6.31,no activated state,nan,nan
n3_3_D10,6.71,6.68,no activated state,nan,nan
n3_3_D10,6.71,7.08,no activated state,nan,nan
n3_3_D10,6.71,7.5,no activated state,nan,nan
n3_3_D10,6.71,7.94,no activated state,nan,nan
n3_3_D10,6.71,8.41,no activated state,nan,nan
n3_3_D10,6.71,8.91,no activated state,nan,nan
n3_3_D10,6.71,9.44,no activated state,nan,nan
n3_3_D10,6.71,10.0,no activated state,nan,nan
n3_3_D10,6.71,10.6,no activated state,nan,nan
n3_3_D10,6.71,11.2,no activated state,nan,nan
n3_3_D10,6.71,11.9,no activated state,nan,nan
n3_3_D10,6.71,12.6,no activated state,nan,nan
n3_3_D10,6.71,13.3,no activated state,nan,nan
n3_3_D10,6.71,14.1,no activated state,nan,nan
n3_3_D10,6.71,15.0,no activated state,nan,nan
n3_3_D10,6.71,15.8,no activated state,nan,nan
n3_3_D10,6.71,16.8,no activated state,nan,nan
n3_3_D10,6.71,17.8,no activated state,nan,nan
n3_3_D10,6.71,18.8,no activated state,nan,nan
n3_3_D10,6.71,20.0,no activated state,nan,nan
n3_3_D10,6.71,21.1,no activated state,nan,nan
n3_3_D10,6.71,22.4,no activated state,nan,nan
n3_3_D10,6.71,23.7,no activated state,nan,nan
n3_3_D10,6.71,25.1,no activated state,nan,nan
n3_3_D10,6.71,26.6,no activated state,nan,nan
n3_3_D10,6.71,28.2,no activated state,nan,nan
n3_3_D10,6.71,29.9,no activated state,nan,nan
n3_3_D10,6.71,31.6,no activated state,nan,nan
n3_3_D10,6.71,33.5,no activated state,nan,nan
n3_3_D10,6.71,35.5,no activated state,nan,nan
n3_3_D10,6.71,37.6,no activated state,nan,nan
n3_3_D10,6.71,39.8,no activated state,nan,nan
n3_3_D10,6.71,42.2,no activated state,nan,nan
n3_3_D10,6.71,44.7,no activated state,nan,nan
n3_3_D10,6.71,47.3,no activated state,nan,nan
n3_3_D10,6.71,50.1,no activated state,nan,nan
n3_3_D10,6.71,53.1,no activated state,nan,nan
n3_3_D10,6.71,56.2,no activated state,nan,nan
n3_3_D10,6.71,59.6,no activated state,nan,nan
n3_3_D10,6.71,63.1,no activated state,nan,nan
n3_3_D10,6.71,66.8,no activated state,nan,nan
n3_3_D10,6.71,70.8,no activated state,nan,nan
n3_3_D10,6.71,75.0,no activated state,nan,nan
n3_3_D10,6.71,79.4,no activated state,nan,nan
n3_3_D10,6.71,84.1,no activated state,nan,nan
n3_3_D10,6.71,89.1,no activated state,nan,nan
n3_3_D10,6.71,94.4,no activated state,nan,nan
n3_3_D10,6.71,100.0,no activated state,nan,nan
n3_3_D10,7.07,1.0,linearly stable,0.07514287382424223,0.06621195360378199
n3_3_D10,7.07,1.06,linearly stable,0.08753251489135971,0.07852544875611334
n3_3_D10,7.07,1.12,linearly stable,0.10128434628590721,0.09219161637317969
n3_3_D10,7.07,1.19,linearly stable,0.11910613260116709,0.10990055582227298
n3_3_D10,7.07,1.26,linearly stable,0.1388952108814553,0.12956185138237744
n3_3_D10,7.07,1.33,linearly stable,0.16069363162355443,0.15121641058831573
n3_3_D10,7.07,1.41,linearly stable,0.18810144134999096,0.1784385693979425
n3_3_D10,7.07,1.5,linearly stable,0.2221358659678545,0.21223476425911153
n3_3_D10,7.07,1.58,linearly stable,0.25522252823321545,0.2450812840067661
n3_3_D10,7.07,1.68,linearly stable,0.30027016664395634,0.28978766567295533
n3_3_D10,7.07,1.78,linearly stable,0.3492919604271104,0.3384181506288117
n3_3_D10,7.07,1.88,linearly stable,0.4020966955366967,0.3907763532620748
n3_3_D10,7.07,2.0,linearly stable,0.4701046533499609,0.4581675099701964
n3_3_D10,7.07,2.11,linearly stable,0.5364742985476628,0.5238852958186265
n3_3_D10,7.07,2.24,linearly stable,0.6192293164091011,0.6057499217017674
n3_3_D10,7.07,2.37,linearly stable,0.7058635773670768,0.6913469060826354
n3_3_D10,7.07,2.51,linearly stable,0.8024791233612935,0.786657920338967
n3_3_D10,7.07,2.66,linearly stable,0.9085584894336656,0.8910916601482162
n3_3_D10,7.07,2.82,linearly stable,1.0231381274217177,1.003587852357123
n3_3_D10,7.07,2.99,linearly stable,1.1448170612575146,1.1226181313726715
n3_3_D10,7.07,3.16,Turing,1.2648377495594794,1.239461622436882
n3_3_D10,7.07,3.35,Turing,1.3953467614893862,1.3656750136961944
n3_3_D10,7.07,3.55,Turing,1.5270221358581288,1.4918083205481127
n3_3_D10,7.07,3.76,Turing,1.657687383611444,1.6152842279196653
n3_3_D10,7.07,3.98,Turing,1.7853363019234139,1.733552561336079
n3_3_D10,7.07,4.22,Turing,1.9133580005872814,1.8486537890817765
n3_3_D10,7.07,4.47,Turing,2.03435280643843,1.9524179763439253
n3_3_D10,7.07,4.73,Turing,2.1474621019557434,2.0423438488482937
n3_3_D10,7.07,5.01,Turing,2.2559960050302132,2.117971884764013
n3_3_D10,7.07,5.31,Turing,2.358872660886531,2.1729993950668334
n3_3_D10,7.07,5.62,Turing,2.4530853820646605,2.1976585835284723
n3_3_D10,7.07,5.96,Turing,2.546123237655709,2.175246472512373
n3_3_D10,7.07,6.31,uniform ON,2.6391283262014023,2.0524501478064794
n3_3_D10,7.07,6.68,no activated state,nan,nan
n3_3_D10,7.07,7.08,no activated state,nan,nan
n3_3_D10,7.07,7.5,no activated state,nan,nan
n3_3_D10,7.07,7.94,no activated state,nan,nan
n3_3_D10,7.07,8.41,no activated state,nan,nan
n3_3_D10,7.07,8.91,no activated state,nan,nan
n3_3_D10,7.07,9.44,no activated state,nan,nan
n3_3_D10,7.07,10.0,no activated state,nan,nan
n3_3_D10,7.07,10.6,no activated state,nan,nan
n3_3_D10,7.07,11.2,no activated state,nan,nan
n3_3_D10,7.07,11.9,no activated state,nan,nan
n3_3_D10,7.07,12.6,no activated state,nan,nan
n3_3_D10,7.07,13.3,no activated state,nan,nan
n3_3_D10,7.07,14.1,no activated state,nan,nan
n3_3_D10,7.07,15.0,no activated state,nan,nan
n3_3_D10,7.07,15.8,no activated state,nan,nan
n3_3_D10,7.07,16.8,no activated state,nan,nan
n3_3_D10,7.07,17.8,no activated state,nan,nan
n3_3_D10,7.07,18.8,no activated state,nan,nan
n3_3_D10,7.07,20.0,no activated state,nan,nan
n3_3_D10,7.07,21.1,no activated state,nan,nan
n3_3_D10,7.07,22.4,no activated state,nan,nan
n3_3_D10,7.07,23.7,no activated state,nan,nan
n3_3_D10,7.07,25.1,no activated state,nan,nan
n3_3_D10,7.07,26.6,no activated state,nan,nan
n3_3_D10,7.07,28.2,no activated state,nan,nan
n3_3_D10,7.07,29.9,no activated state,nan,nan
n3_3_D10,7.07,31.6,no activated state,nan,nan
n3_3_D10,7.07,33.5,no activated state,nan,nan
n3_3_D10,7.07,35.5,no activated state,nan,nan
n3_3_D10,7.07,37.6,no activated state,nan,nan
n3_3_D10,7.07,39.8,no activated state,nan,nan
n3_3_D10,7.07,42.2,no activated state,nan,nan
n3_3_D10,7.07,44.7,no activated state,nan,nan
n3_3_D10,7.07,47.3,no activated state,nan,nan
n3_3_D10,7.07,50.1,no activated state,nan,nan
n3_3_D10,7.07,53.1,no activated state,nan,nan
n3_3_D10,7.07,56.2,no activated state,nan,nan
n3_3_D10,7.07,59.6,no activated state,nan,nan
n3_3_D10,7.07,63.1,no activated state,nan,nan
n3_3_D10,7.07,66.8,no activated state,nan,nan
n3_3_D10,7.07,70.8,no activated state,nan,nan
n3_3_D10,7.07,75.0,no activated state,nan,nan
n3_3_D10,7.07,79.4,no activated state,nan,nan
n3_3_D10,7.07,84.1,no activated state,nan,nan
n3_3_D10,7.07,89.1,no activated state,nan,nan
n3_3_D10,7.07,94.4,no activated state,nan,nan
n3_3_D10,7.07,100.0,no activated state,nan,nan
n3_3_D10,7.45,1.0,linearly stable,0.06437348307604862,0.05679655190667478
n3_3_D10,7.45,1.06,linearly stable,0.07503224573471412,0.06739999234211212
n3_3_D10,7.45,1.12,linearly stable,0.08687781143860651,0.07918336211604099
n3_3_D10,7.45,1.19,linearly stable,0.10225255222804464,0.09447623655798687
n3_3_D10,7.45,1.26,linearly stable,0.11935547778853961,0.11148654911936352
n3_3_D10,7.45,1.33,linearly stable,0.1382328768869776,0.13025979240611993
n3_3_D10,7.45,1.41,linearly stable,0.162024523347697,0.15391719673814547
n3_3_D10,7.45,1.5,linearly stable,0.19165645024801126,0.1833771339118075
n3_3_D10,7.45,1.58,linearly stable,0.2205570405514099,0.21210465275286583
n3_3_D10,7.45,1.68,linearly stable,0.2600547828639649,0.25135694742223263
n3_3_D10,7.45,1.78,linearly stable,0.30323399506641646,0.29425539936401557
n3_3_D10,7.45,1.88,linearly stable,0.3499764145654277,0.3406782876998737
n3_3_D10,7.45,2.0,linearly stable,0.41053247615114574,0.4007943811136791
n3_3_D10,7.45,2.11,linearly stable,0.4700191970114833,0.45981778015752894
n3_3_D10,7.45,2.24,linearly stable,0.5447360410681669,0.533904292553066
n3_3_D10,7.45,2.37,linearly stable,0.6236088043726086,0.6120461091979392
n3_3_D10,7.45,2.51,linearly stable,0.7123658958277096,0.6998885612407989
n3_3_D10,7.45,2.66,linearly stable,0.8107967883703071,0.7971722187415254
n3_3_D10,7.45,2.82,linearly stable,0.9182814961326408,0.9032136581846744
n3_3_D10,7.45,2.99,linearly stable,1.0337688927255333,1.01687904163866
n3_3_D10,7.45,3.16,linearly stable,1.1490536191278982,1.1299943049219818
n3_3_D10,7.45,3.35,Turing,1.275974137267743,1.2540052837645126
n3_3_D10,7.45,3.55,Turing,1.4056893726175896,1.3800002622944085
n3_3_D10,7.45,3.76,Turing,1.536061347761609,1.5055929798766667
n3_3_D10,7.45,3.98,Turing,1.6650012235387637,1.628363101022476
n3_3_D10,7.45,4.22,Turing,1.79584734145367,1.750814241023547
n3_3_D10,7.45,4.47,Turing,1.920846683826953,1.8647769303470256
n3_3_D10,7.45,4.73,Turing,2.0387464600381424,1.9680790716621246
n3_3_D10,7.45,5.01,Turing,2.152606095615451,2.061672518692059
n3_3_D10,7.45,5.31,Turing,2.2607853020727373,2.141289194479741
n3_3_D10,7.45,5.62,Turing,2.359321301793136,2.20024174329893
n3_3_D10,7.45,5.96,Turing,2.4543375439990385,2.235033419779938
n3_3_D10,7.45,6.31,Turing,2.541010892639851,2.231061929559256
n3_3_D10,7.45,6.68,uniform ON,2.6254582521790026,2.1599852674995708
n3_3_D10,7.45,7.08,no activated state,nan,nan
n3_3_D10,7.45,7.5,no activated state,nan,nan
n3_3_D10,7.45,7.94,no activated state,nan,nan
n3_3_D10,7.45,8.41,no activated state,nan,nan
n3_3_D10,7.45,8.91,no activated state,nan,nan
n3_3_D10,7.45,9.44,no activated state,nan,nan
n3_3_D10,7.45,10.0,no activated state,nan,nan
n3_3_D10,7.45,10.6,no activated state,nan,nan
n3_3_D10,7.45,11.2,no activated state,nan,nan
n3_3_D10,7.45,11.9,no activated state,nan,nan
n3_3_D10,7.45,12.6,no activated state,nan,nan
n3_3_D10,7.45,13.3,no activated state,nan,nan
n3_3_D10,7.45,14.1,no activated state,nan,nan
n3_3_D10,7.45,15.0,no activated state,nan,nan
n3_3_D10,7.45,15.8,no activated state,nan,nan
n3_3_D10,7.45,16.8,no activated state,nan,nan
n3_3_D10,7.45,17.8,no activated state,nan,nan
n3_3_D10,7.45,18.8,no activated state,nan,nan
n3_3_D10,7.45,20.0,no activated state,nan,nan
n3_3_D10,7.45,21.1,no activated state,nan,nan
n3_3_D10,7.45,22.4,no activated state,nan,nan
n3_3_D10,7.45,23.7,no activated state,nan,nan
n3_3_D10,7.45,25.1,no activated state,nan,nan
n3_3_D10,7.45,26.6,no activated state,nan,nan
n3_3_D10,7.45,28.2,no activated state,nan,nan
n3_3_D10,7.45,29.9,no activated state,nan,nan
n3_3_D10,7.45,31.6,no activated state,nan,nan
n3_3_D10,7.45,33.5,no activated state,nan,nan
n3_3_D10,7.45,35.5,no activated state,nan,nan
n3_3_D10,7.45,37.6,no activated state,nan,nan
n3_3_D10,7.45,39.8,no activated state,nan,nan
n3_3_D10,7.45,42.2,no activated state,nan,nan
n3_3_D10,7.45,44.7,no activated state,nan,nan
n3_3_D10,7.45,47.3,no activated state,nan,nan
n3_3_D10,7.45,50.1,no activated state,nan,nan
n3_3_D10,7.45,53.1,no activated state,nan,nan
n3_3_D10,7.45,56.2,no activated state,nan,nan
n3_3_D10,7.45,59.6,no activated state,nan,nan
n3_3_D10,7.45,63.1,no activated state,nan,nan
n3_3_D10,7.45,66.8,no activated state,nan,nan
n3_3_D10,7.45,70.8,no activated state,nan,nan
n3_3_D10,7.45,75.0,no activated state,nan,nan
n3_3_D10,7.45,79.4,no activated state,nan,nan
n3_3_D10,7.45,84.1,no activated state,nan,nan
n3_3_D10,7.45,89.1,no activated state,nan,nan
n3_3_D10,7.45,94.4,no activated state,nan,nan
n3_3_D10,7.45,100.0,no activated state,nan,nan
n3_3_D10,7.85,1.0,linearly stable,0.05513803762583902,0.048701906122971955
n3_3_D10,7.85,1.06,linearly stable,0.06430064397495061,0.05782427417755323
n3_3_D10,7.85,1.12,linearly stable,0.07449451371810001,0.06797293170565383
n3_3_D10,7.85,1.19,linearly stable,0.08774284345100292,0.08116179100845136
n3_3_D10,7.85,1.26,linearly stable,0.10250345272579564,0.0958551782718571
n3_3_D10,7.85,1.33,linearly stable,0.11882384189581285,0.11210003597430748
n3_3_D10,7.85,1.41,linearly stable,0.13943528148542783,0.13261423140410986
n3_3_D10,7.85,1.5,linearly stable,0.16517275984270996,0.15822729048942047
n3_3_D10,7.85,1.58,linearly stable,0.19034626536639865,0.18327578055699428
n3_3_D10,7.85,1.68,linearly stable,0.22486458195297498,0.21761711183303778
n3_3_D10,7.85,1.78,linearly stable,0.2627520459341578,0.2553025564014507
n3_3_D10,7.85,1.88,linearly stable,0.30394580762174195,0.29626693331444026
n3_3_D10,7.85,2.0,linearly stable,0.3575932377485751,0.34959939777992044
n3_3_D10,7.85,2.11,linearly stable,0.41060315135318415,0.40227866273810675
n3_3_D10,7.85,2.24,linearly stable,0.47762382385144964,0.4688510874070329
n3_3_D10,7.85,2.37,linearly stable,0.5489075707930869,0.539617149319652
n3_3_D10,7.85,2.51,linearly stable,0.629788987745407,0.6198536926534509
n3_3_D10,7.85,2.66,linearly stable,0.7203181061881684,0.7095780564127314
n3_3_D10,7.85,2.82,linearly stable,0.8201864961323598,0.808439789664515
n3_3_D10,7.85,2.99,linearly stable,0.9286837677501131,0.9156742266737775
n3_3_D10,7.85,3.16,linearly stable,1.0382397081915449,1.02373653896194
n3_3_D10,7.85,3.35,linearly stable,1.1603150020816062,1.1438232096420857
n3_3_D10,7.85,3.55,Turing,1.2866796315709936,1.267665449943539
n3_3_D10,7.85,3.76,Turing,1.4153301746821616,1.3931033605780776
n3_3_D10,7.85,3.98,Turing,1.544198457084206,1.5178624188963212
n3_3_D10,7.85,4.22,Turing,1.6766253687590786,1.6447548462425599
n3_3_D10,7.85,4.47,Turing,1.8046660615808594,1.7656020991837993
n3_3_D10,7.85,4.73,Turing,1.926753097977248,1.8782962113811037
n3_3_D10,7.85,5.01,Turing,2.045773650614665,1.9844748489566002
n3_3_D10,7.85,5.31,Turing,2.1596989977987944,2.080652063558897
n3_3_D10,7.85,5.62,Turing,2.2638921139111767,2.160883900915249
n3_3_D10,7.85,5.96,Turing,2.3641882681091193,2.226118778458658
n3_3_D10,7.85,6.31,Turing,2.4544134250996352,2.2669021256442337
n3_3_D10,7.85,6.68,Turing,2.5382017991505523,2.276473718252179
n3_3_D10,7.85,7.08,uniform ON,2.619347027843639,2.2341381003511223
n3_3_D10,7.85,7.5,uniform ON,2.7035167710182986,2.0685448363833134
n3_3_D10,7.85,7.94,no activated state,nan,nan
n3_3_D10,7.85,8.41,no activated state,nan,nan
n3_3_D10,7.85,8.91,no activated state,nan,nan
n3_3_D10,7.85,9.44,no activated state,nan,nan
n3_3_D10,7.85,10.0,no activated state,nan,nan
n3_3_D10,7.85,10.6,no activated state,nan,nan
n3_3_D10,7.85,11.2,no activated state,nan,nan
n3_3_D10,7.85,11.9,no activated state,nan,nan
n3_3_D10,7.85,12.6,no activated state,nan,nan
n3_3_D10,7.85,13.3,no activated state,nan,nan
n3_3_D10,7.85,14.1,no activated state,nan,nan
n3_3_D10,7.85,15.0,no activated state,nan,nan
n3_3_D10,7.85,15.8,no activated state,nan,nan
n3_3_D10,7.85,16.8,no activated state,nan,nan
n3_3_D10,7.85,17.8,no activated state,nan,nan
n3_3_D10,7.85,18.8,no activated state,nan,nan
n3_3_D10,7.85,20.0,no activated state,nan,nan
n3_3_D10,7.85,21.1,no activated state,nan,nan
n3_3_D10,7.85,22.4,no activated state,nan,nan
n3_3_D10,7.85,23.7,no activated state,nan,nan
n3_3_D10,7.85,25.1,no activated state,nan,nan
n3_3_D10,7.85,26.6,no activated state,nan,nan
n3_3_D10,7.85,28.2,no activated state,nan,nan
n3_3_D10,7.85,29.9,no activated state,nan,nan
n3_3_D10,7.85,31.6,no activated state,nan,nan
n3_3_D10,7.85,33.5,no activated state,nan,nan
n3_3_D10,7.85,35.5,no activated state,nan,nan
n3_3_D10,7.85,37.6,no activated state,nan,nan
n3_3_D10,7.85,39.8,no activated state,nan,nan
n3_3_D10,7.85,42.2,no activated state,nan,nan
n3_3_D10,7.85,44.7,no activated state,nan,nan
n3_3_D10,7.85,47.3,no activated state,nan,nan
n3_3_D10,7.85,50.1,no activated state,nan,nan
n3_3_D10,7.85,53.1,no activated state,nan,nan
n3_3_D10,7.85,56.2,no activated state,nan,nan
n3_3_D10,7.85,59.6,no activated state,nan,nan
n3_3_D10,7.85,63.1,no activated state,nan,nan
n3_3_D10,7.85,66.8,no activated state,nan,nan
n3_3_D10,7.85,70.8,no activated state,nan,nan
n3_3_D10,7.85,75.0,no activated state,nan,nan
n3_3_D10,7.85,79.4,no activated state,nan,nan
n3_3_D10,7.85,84.1,no activated state,nan,nan
n3_3_D10,7.85,89.1,no activated state,nan,nan
n3_3_D10,7.85,94.4,no activated state,nan,nan
n3_3_D10,7.85,100.0,no activated state,nan,nan
n3_3_D10,8.26,1.0,linearly stable,0.047409047454245234,0.041913422929746945
n3_3_D10,8.26,1.06,linearly stable,0.05531111588055093,0.04978595677998836
n3_3_D10,8.26,1.12,linearly stable,0.06411058127983094,0.05855225246533394
n3_3_D10,8.26,1.19,linearly stable,0.07555931563449747,0.06995738163243422
n3_3_D10,8.26,1.26,linearly stable,0.08833174201091698,0.08268055293185927
n3_3_D10,8.26,1.33,linearly stable,0.10247454897571429,0.09676805841189012
n3_3_D10,8.26,1.41,linearly stable,0.12036699326720612,0.11458936845105563
n3_3_D10,8.26,1.5,linearly stable,0.1427581860069279,0.1368896519681393
n3_3_D10,8.26,1.58,linearly stable,0.16471145860776215,0.15875169413771006
n3_3_D10,8.26,1.68,linearly stable,0.19489923587482305,0.1888105062507191
n3_3_D10,8.26,1.78,linearly stable,0.22814727234511623,0.22191159954903666
n3_3_D10,8.26,1.88,linearly stable,0.26443255937366505,0.25803036625640663
n3_3_D10,8.26,2.0,linearly stable,0.3119009791655952,0.305270680424264
n3_3_D10,8.26,2.11,linearly stable,0.35904400354768773,0.3521748805626221
n3_3_D10,8.26,2.24,linearly stable,0.4189893914277758,0.41179748475596173
n3_3_D10,8.26,2.37,linearly stable,0.48317080827022696,0.4756074245024653
n3_3_D10,8.26,2.51,linearly stable,0.5565267971446829,0.5485024730503577
n3_3_D10,8.26,2.66,linearly stable,0.6393122085429235,0.6307152167107287
n3_3_D10,8.26,2.82,linearly stable,0.7314802459577208,0.7221704858269666
n3_3_D10,8.26,2.99,linearly stable,0.8326258461233718,0.8224268872136742
n3_3_D10,8.26,3.16,linearly stable,0.9358439051471631,0.924599446549902
n3_3_D10,8.26,3.35,linearly stable,1.0521591668826211,1.0395316868472615
n3_3_D10,8.26,3.55,linearly stable,1.174026061917604,1.159656799603896
n3_3_D10,8.26,3.76,Turing,1.2996470815605103,1.2830762050878546
n3_3_D10,8.26,3.98,Turing,1.4270641587158035,1.4076998675024035
n3_3_D10,8.26,4.22,Turing,1.559661593715985,1.536567839477032
n3_3_D10,8.26,4.47,Turing,1.6894691198222538,1.6615739438946042
n3_3_D10,8.26,4.73,Turing,1.8146923278531928,1.7805917741178945
n3_3_D10,8.26,5.01,Turing,1.9380951142650404,1.8956084745152961
n3_3_D10,8.26,5.31,Turing,2.0573637509896385,2.003445555476831
n3_3_D10,8.26,5.62,Turing,2.167299185458382,2.098204341044441
n3_3_D10,8.26,5.96,Turing,2.2736668392567747,2.182853033208774
n3_3_D10,8.26,6.31,Turing,2.3694221793718784,2.248933501243256
n3_3_D10,8.26,6.68,Turing,2.4576722171092045,2.294780157232435
n3_3_D10,8.26,7.08,Turing,2.540762387842913,2.31359356795174
n3_3_D10,8.26,7.5,Turing,2.6176223173183706,2.2899509085267264
n3_3_D10,8.26,7.94,uniform ON,2.6923347934837345,2.1861992325078674
n3_3_D10,8.26,8.41,no activated state,nan,nan
n3_3_D10,8.26,8.91,no activated state,nan,nan
n3_3_D10,8.26,9.44,no activated state,nan,nan
n3_3_D10,8.26,10.0,no activated state,nan,nan
n3_3_D10,8.26,10.6,no activated state,nan,nan
n3_3_D10,8.26,11.2,no activated state,nan,nan
n3_3_D10,8.26,11.9,no activated state,nan,nan
n3_3_D10,8.26,12.6,no activated state,nan,nan
n3_3_D10,8.26,13.3,no activated state,nan,nan
n3_3_D10,8.26,14.1,no activated state,nan,nan
n3_3_D10,8.26,15.0,no activated state,nan,nan
n3_3_D10,8.26,15.8,no activated state,nan,nan
n3_3_D10,8.26,16.8,no activated state,nan,nan
n3_3_D10,8.26,17.8,no activated state,nan,nan
n3_3_D10,8.26,18.8,no activated state,nan,nan
n3_3_D10,8.26,20.0,no activated state,nan,nan
n3_3_D10,8.26,21.1,no activated state,nan,nan
n3_3_D10,8.26,22.4,no activated state,nan,nan
n3_3_D10,8.26,23.7,no activated state,nan,nan
n3_3_D10,8.26,25.1,no activated state,nan,nan
n3_3_D10,8.26,26.6,no activated state,nan,nan
n3_3_D10,8.26,28.2,no activated state,nan,nan
n3_3_D10,8.26,29.9,no activated state,nan,nan
n3_3_D10,8.26,31.6,no activated state,nan,nan
n3_3_D10,8.26,33.5,no activated state,nan,nan
n3_3_D10,8.26,35.5,no activated state,nan,nan
n3_3_D10,8.26,37.6,no activated state,nan,nan
n3_3_D10,8.26,39.8,no activated state,nan,nan
n3_3_D10,8.26,42.2,no activated state,nan,nan
n3_3_D10,8.26,44.7,no activated state,nan,nan
n3_3_D10,8.26,47.3,no activated state,nan,nan
n3_3_D10,8.26,50.1,no activated state,nan,nan
n3_3_D10,8.26,53.1,no activated state,nan,nan
n3_3_D10,8.26,56.2,no activated state,nan,nan
n3_3_D10,8.26,59.6,no activated state,nan,nan
n3_3_D10,8.26,63.1,no activated state,nan,nan
n3_3_D10,8.26,66.8,no activated state,nan,nan
n3_3_D10,8.26,70.8,no activated state,nan,nan
n3_3_D10,8.26,75.0,no activated state,nan,nan
n3_3_D10,8.26,79.4,no activated state,nan,nan
n3_3_D10,8.26,84.1,no activated state,nan,nan
n3_3_D10,8.26,89.1,no activated state,nan,nan
n3_3_D10,8.26,94.4,no activated state,nan,nan
n3_3_D10,8.26,100.0,no activated state,nan,nan
n3_3_D10,8.71,1.0,linearly stable,0.04049584469276157,0.03583063261851393
n3_3_D10,8.71,1.06,linearly stable,0.04726388738250342,0.04257726429185188
n3_3_D10,8.71,1.12,linearly stable,0.054806698905464635,0.05009603964595086
n3_3_D10,8.71,1.19,linearly stable,0.06463016179698189,0.05988792054231325
n3_3_D10,8.71,1.26,linearly stable,0.07560240300747667,0.07082450953640816
n3_3_D10,8.71,1.33,linearly stable,0.08776790239273025,0.0829500073941782
n3_3_D10,8.71,1.41,linearly stable,0.10318298055379993,0.09831367337948033
n3_3_D10,8.71,1.5,linearly stable,0.1225120625640248,0.11757711803135651
n3_3_D10,8.71,1.58,linearly stable,0.14150440411425969,0.1365036644698877
n3_3_D10,8.71,1.68,linearly stable,0.16768762594704156,0.1625940005806954
n3_3_D10,8.71,1.78,linearly stable,0.1966152853384766,0.19141599706992835
n3_3_D10,8.71,1.88,linearly stable,0.2282938573873643,0.22297504182829184
n3_3_D10,8.71,2.0,linearly stable,0.2699074213831123,0.26442522548524106
n3_3_D10,8.71,2.11,linearly stable,0.31142948713899987,0.30577665047621033
n3_3_D10,8.71,2.24,linearly stable,0.36450836886226035,0.3586255426860623
n3_3_D10,8.71,2.37,linearly stable,0.42168947419537695,0.4155428189370306
n3_3_D10,8.71,2.51,linearly stable,0.4874936410241687,0.4810207997130321
n3_3_D10,8.71,2.66,linearly stable,0.5623378881536039,0.5554614698967166
n3_3_D10,8.71,2.82,linearly stable,0.6463983711133235,0.6390219893198887
n3_3_D10,8.71,2.99,linearly stable,0.7395475860147448,0.73155074316877
n3_3_D10,8.71,3.16,linearly stable,0.835590368545804,0.8268680813296636
n3_3_D10,8.71,3.35,linearly stable,0.9450291760153225,0.935353128805042
n3_3_D10,8.71,3.55,linearly stable,1.0610861749554927,1.0502171074887463
n3_3_D10,8.71,3.76,linearly stable,1.18223435446416,1.1698682327566834
n3_3_D10,8.71,3.98,Turing,1.306708842477331,1.2924578202254093
n3_3_D10,8.71,4.22,Turing,1.4379698997007888,1.4212231510469013
n3_3_D10,8.71,4.47,Turing,1.5681899839763145,1.5482585517661442
n3_3_D10,8.71,4.73,Turing,1.6954308290993165,1.6714217735355308
n3_3_D10,8.71,5.01,Turing,1.8223700627918578,1.792906068346746
n3_3_D10,8.71,5.31,Turing,1.946487471891604,1.9096720408073193
n3_3_D10,8.71,5.62,Turing,2.062078884826752,2.0156298522734173
n3_3_D10,8.71,5.96,Turing,2.174893106450995,2.114874090855794
n3_3_D10,8.71,6.31,Turing,2.2770926256017616,2.1989039261995833
n3_3_D10,8.71,6.68,Turing,2.3715196694327165,2.2680707595048517
n3_3_D10,8.71,7.08,Turing,2.460072503128064,2.319907881670363
n3_3_D10,8.71,7.5,Turing,2.540496369369195,2.346973896555089
n3_3_D10,8.71,7.94,Turing,2.613917357466076,2.339792294180379
n3_3_D10,8.71,8.41,uniform ON,2.6841562270586365,2.2745517817227165
n3_3_D10,8.71,8.91,uniform ON,2.761308404951172,2.0441170501046275
n3_3_D10,8.71,9.44,no activated state,nan,nan
n3_3_D10,8.71,10.0,no activated state,nan,nan
n3_3_D10,8.71,10.6,no activated state,nan,nan
n3_3_D10,8.71,11.2,no activated state,nan,nan
n3_3_D10,8.71,11.9,no activated state,nan,nan
n3_3_D10,8.71,12.6,no activated state,nan,nan
n3_3_D10,8.71,13.3,no activated state,nan,nan
n3_3_D10,8.71,14.1,no activated state,nan,nan
n3_3_D10,8.71,15.0,no activated state,nan,nan
n3_3_D10,8.71,15.8,no activated state,nan,nan
n3_3_D10,8.71,16.8,no activated state,nan,nan
n3_3_D10,8.71,17.8,no activated state,nan,nan
n3_3_D10,8.71,18.8,no activated state,nan,nan
n3_3_D10,8.71,20.0,no activated state,nan,nan
n3_3_D10,8.71,21.1,no activated state,nan,nan
n3_3_D10,8.71,22.4,no activated state,nan,nan
n3_3_D10,8.71,23.7,no activated state,nan,nan
n3_3_D10,8.71,25.1,no activated state,nan,nan
n3_3_D10,8.71,26.6,no activated state,nan,nan
n3_3_D10,8.71,28.2,no activated state,nan,nan
n3_3_D10,8.71,29.9,no activated state,nan,nan
n3_3_D10,8.71,31.6,no activated state,nan,nan
n3_3_D10,8.71,33.5,no activated state,nan,nan
n3_3_D10,8.71,35.5,no activated state,nan,nan
n3_3_D10,8.71,37.6,no activated state,nan,nan
n3_3_D10,8.71,39.8,no activated state,nan,nan
n3_3_D10,8.71,42.2,no activated state,nan,nan
n3_3_D10,8.71,44.7,no activated state,nan,nan
n3_3_D10,8.71,47.3,no activated state,nan,nan
n3_3_D10,8.71,50.1,no activated state,nan,nan
n3_3_D10,8.71,53.1,no activated state,nan,nan
n3_3_D10,8.71,56.2,no activated state,nan,nan
n3_3_D10,8.71,59.6,no activated state,nan,nan
n3_3_D10,8.71,63.1,no activated state,nan,nan
n3_3_D10,8.71,66.8,no activated state,nan,nan
n3_3_D10,8.71,70.8,no activated state,nan,nan
n3_3_D10,8.71,75.0,no activated state,nan,nan
n3_3_D10,8.71,79.4,no activated state,nan,nan
n3_3_D10,8.71,84.1,no activated state,nan,nan
n3_3_D10,8.71,89.1,no activated state,nan,nan
n3_3_D10,8.71,94.4,no activated state,nan,nan
n3_3_D10,8.71,100.0,no activated state,nan,nan
n3_3_D10,9.17,1.0,linearly stable,0.03474635511258228,0.030764072658170355
n3_3_D10,9.17,1.06,linearly stable,0.04056654631514922,0.036568584889128786
n3_3_D10,9.17,1.12,linearly stable,0.047057418571311405,0.04304186196566566
n3_3_D10,9.17,1.19,linearly stable,0.05551786556110738,0.051479199824200295
n3_3_D10,9.17,1.26,linearly stable,0.0649770563334735,0.060912316476381734
n3_3_D10,9.17,1.33,linearly stable,0.07547652119807768,0.07138254293479188
n3_3_D10,9.17,1.41,linearly stable,0.08879804061802488,0.08466650893635569
n3_3_D10,9.17,1.5,linearly stable,0.10552969223762232,0.10135025738978903
n3_3_D10,9.17,1.58,linearly stable,0.12199994711527029,0.11777253914394484
n3_3_D10,9.17,1.68,linearly stable,0.14475522228183269,0.14046016396018113
n3_3_D10,9.17,1.78,linearly stable,0.16996196820488008,0.16559005820094583
n3_3_D10,9.17,1.88,linearly stable,0.19764599392265136,0.19318727839924996
n3_3_D10,9.17,2.0,linearly stable,0.23414027279046667,0.22956311951765435
n3_3_D10,9.17,2.11,linearly stable,0.2706999789928318,0.26599938003391427
n3_3_D10,9.17,2.24,linearly stable,0.31764855805433845,0.31278197208093605
n3_3_D10,9.17,2.37,linearly stable,0.3684951839015287,0.3634387140894687
n3_3_D10,9.17,2.51,linearly stable,0.4273584960658364,0.422067990036695
n3_3_D10,9.17,2.66,linearly stable,0.49476629482840007,0.48918725752712355
n3_3_D10,9.17,2.82,linearly stable,0.571061682148462,0.5651266539759869
n3_3_D10,9.17,2.99,linearly stable,0.656340056499148,0.6499652565221361
n3_3_D10,9.17,3.16,linearly stable,0.7450852775012468,0.738198825689538
n3_3_D10,9.17,3.35,linearly stable,0.8472342567746303,0.8396787741823164
n3_3_D10,9.17,3.55,linearly stable,0.956770996343133,0.9483837061867911
n3_3_D10,9.17,3.76,linearly stable,1.0724616876970396,1.0630373743118424
n3_3_D10,9.17,3.98,linearly stable,1.1927850583321082,1.1820640374977336
n3_3_D10,9.17,4.22,Turing,1.3212903959205975,1.3088651610454105
n3_3_D10,9.17,4.47,Turing,1.4504429050367356,1.4358601160567097
n3_3_D10,9.17,4.73,Turing,1.5782602144836981,1.5609375168987996
n3_3_D10,9.17,5.01,Turing,1.7073788457215362,1.6864226117286951
n3_3_D10,9.17,5.31,Turing,1.8351737985205911,1.8093670378018354
n3_3_D10,9.17,5.62,Turing,1.955545649886706,1.9234477342661127
n3_3_D10,9.17,5.96,Turing,2.074239745882671,2.0333834777751996
n3_3_D10,9.17,6.31,Turing,2.1827208177514095,2.1302986611169668
n3_3_D10,9.17,6.68,Turing,2.2836257890827114,2.215395710579715
n3_3_D10,9.17,7.08,Turing,2.3786146840001954,2.287930033250957
n3_3_D10,9.17,7.5,Turing,2.4647908834357763,2.342552175076536
n3_3_D10,9.17,7.94,Turing,2.542633026640942,2.375244319323491
n3_3_D10,9.17,8.41,Turing,2.614519616923304,2.378878434479737
n3_3_D10,9.17,8.91,uniform ON,2.6816665057391216,2.3361322697436857
n3_3_D10,9.17,9.44,uniform ON,2.7485162317765153,2.194865550331934
n3_3_D10,9.17,10.0,no activated state,nan,nan
n3_3_D10,9.17,10.6,no activated state,nan,nan
n3_3_D10,9.17,11.2,no activated state,nan,nan
n3_3_D10,9.17,11.9,no activated state,nan,nan
n3_3_D10,9.17,12.6,no activated state,nan,nan
n3_3_D10,9.17,13.3,no activated state,nan,nan
n3_3_D10,9.17,14.1,no activated state,nan,nan
n3_3_D10,9.17,15.0,no activated state,nan,nan
n3_3_D10,9.17,15.8,no activated state,nan,nan
n3_3_D10,9.17,16.8,no activated state,nan,nan
n3_3_D10,9.17,17.8,no activated state,nan,nan
n3_3_D10,9.17,18.8,no activated state,nan,nan
n3_3_D10,9.17,20.0,no activated state,nan,nan
n3_3_D10,9.17,21.1,no activated state,nan,nan
n3_3_D10,9.17,22.4,no activated state,nan,nan
n3_3_D10,9.17,23.7,no activated state,nan,nan
n3_3_D10,9.17,25.1,no activated state,nan,nan
n3_3_D10,9.17,26.6,no activated state,nan,nan
n3_3_D10,9.17,28.2,no activated state,nan,nan
n3_3_D10,9.17,29.9,no activated state,nan,nan
n3_3_D10,9.17,31.6,no activated state,nan,nan
n3_3_D10,9.17,33.5,no activated state,nan,nan
n3_3_D10,9.17,35.5,no activated state,nan,nan
n3_3_D10,9.17,37.6,no activated state,nan,nan
n3_3_D10,9.17,39.8,no activated state,nan,nan
n3_3_D10,9.17,42.2,no activated state,nan,nan
n3_3_D10,9.17,44.7,no activated state,nan,nan
n3_3_D10,9.17,47.3,no activated state,nan,nan
n3_3_D10,9.17,50.1,no activated state,nan,nan
n3_3_D10,9.17,53.1,no activated state,nan,nan
n3_3_D10,9.17,56.2,no activated state,nan,nan
n3_3_D10,9.17,59.6,no activated state,nan,nan
n3_3_D10,9.17,63.1,no activated state,nan,nan
n3_3_D10,9.17,66.8,no activated state,nan,nan
n3_3_D10,9.17,70.8,no activated state,nan,nan
n3_3_D10,9.17,75.0,no activated state,nan,nan
n3_3_D10,9.17,79.4,no activated state,nan,nan
n3_3_D10,9.17,84.1,no activated state,nan,nan
n3_3_D10,9.17,89.1,no activated state,nan,nan
n3_3_D10,9.17,94.4,no activated state,nan,nan
n3_3_D10,9.17,100.0,no activated state,nan,nan
n3_3_D10,9.66,1.0,linearly stable,0.029755392746771858,0.026360328846271635
n3_3_D10,9.66,1.06,linearly stable,0.03474929677897143,0.03134278770772568
n3_3_D10,9.66,1.12,linearly stable,0.04032196437841762,0.03690261525226402
n3_3_D10,9.66,1.19,linearly stable,0.04759081539544552,0.04415460862247967
n3_3_D10,9.66,1.26,linearly stable,0.055724755607815535,0.05226953668025907
n3_3_D10,9.66,1.33,linearly stable,0.06476190540498805,0.06128537754164175
n3_3_D10,9.66,1.41,linearly stable,0.07624123209025968,0.0727373513934702
n3_3_D10,9.66,1.5,linearly stable,0.09068001414423332,0.0871412680411338
n3_3_D10,9.66,1.58,linearly stable,0.10491599944178653,0.10134236564760765
n3_3_D10,9.66,1.68,linearly stable,0.12462169010049062,0.12099890644107411
n3_3_D10,9.66,1.78,linearly stable,0.14650095843368527,0.14282240623652573
n3_3_D10,9.66,1.88,linearly stable,0.1705920432450566,0.16685058206158349
n3_3_D10,9.66,2.0,linearly stable,0.20244882939441022,0.1986216721447236
n3_3_D10,9.66,2.11,linearly stable,0.23447601653939432,0.23055970234587755
n3_3_D10,9.66,2.24,linearly stable,0.27577134540655657,0.2717354001069011
n3_3_D10,9.66,2.37,linearly stable,0.32070879466309143,0.3165363311476279
n3_3_D10,9.66,2.51,linearly stable,0.3730105201838396,0.36867026047009593
n3_3_D10,9.66,2.66,linearly stable,0.43327539607021137,0.42872893122208344
n3_3_D10,9.66,2.82,linearly stable,0.5019686854487923,0.49716873638875514
n3_3_D10,9.66,2.99,linearly stable,0.5793629157741057,0.5742511255851732
n3_3_D10,9.66,3.16,linearly stable,0.6605986109689187,0.6551256431053374
n3_3_D10,9.66,3.35,linearly stable,0.7549928060318203,0.7490499267170563
n3_3_D10,9.66,3.55,linearly stable,0.8572855972579698,0.8507617496567944
n3_3_D10,9.66,3.76,linearly stable,0.9665475587593062,0.9593037938712299
n3_3_D10,9.66,3.98,linearly stable,1.0815371988336024,1.0733990501609043
n3_3_D10,9.66,4.22,linearly stable,1.2058926813151833,1.1965872705393568
n3_3_D10,9.66,4.47,Turing,1.3325084901159647,1.3217362724027888
n3_3_D10,9.66,4.73,Turing,1.4594508835695064,1.4468302462530191
n3_3_D10,9.66,5.01,Turing,1.5893571148231347,1.5743049758510144
n3_3_D10,9.66,5.31,Turing,1.7195988134215434,1.7013287418350242
n3_3_D10,9.66,5.62,Turing,1.8437944512714288,1.8213885567888455
n3_3_D10,9.66,5.96,Turing,1.9676886052326121,1.939581835052659
n3_3_D10,9.66,6.31,Turing,2.0821294973962923,2.046577045424965
n3_3_D10,9.66,6.68,Turing,2.189549846204496,2.143948279165051
n3_3_D10,9.66,7.08,Turing,2.2914187295080035,2.231762878213101
n3_3_D10,9.66,7.5,Turing,2.384283909330014,2.3052758529125006
n3_3_D10,9.66,7.94,Turing,2.468237939101198,2.3623131307112413
n3_3_D10,9.66,8.41,Turing,2.5452830966138995,2.4004225273694315
n3_3_D10,9.66,8.91,Turing,2.615632833764967,2.4128926568396722
n3_3_D10,9.66,9.44,Turing,2.680233698134602,2.387301577016512
n3_3_D10,9.66,10.0,uniform ON,2.74163689456752,2.2929210625660414
n3_3_D10,9.66,10.6,no activated state,nan,nan
n3_3_D10,9.66,11.2,no activated state,nan,nan
n3_3_D10,9.66,11.9,no activated state,nan,nan
n3_3_D10,9.66,12.6,no activated state,nan,nan
n3_3_D10,9.66,13.3,no activated state,nan,nan
n3_3_D10,9.66,14.1,no activated state,nan,nan
n3_3_D10,9.66,15.0,no activated state,nan,nan
n3_3_D10,9.66,15.8,no activated state,nan,nan
n3_3_D10,9.66,16.8,no activated state,nan,nan
n3_3_D10,9.66,17.8,no activated state,nan,nan
n3_3_D10,9.66,18.8,no activated state,nan,nan
n3_3_D10,9.66,20.0,no activated state,nan,nan
n3_3_D10,9.66,21.1,no activated state,nan,nan
n3_3_D10,9.66,22.4,no activated state,nan,nan
n3_3_D10,9.66,23.7,no activated state,nan,nan
n3_3_D10,9.66,25.1,no activated state,nan,nan
n3_3_D10,9.66,26.6,no activated state,nan,nan
n3_3_D10,9.66,28.2,no activated state,nan,nan
n3_3_D10,9.66,29.9,no activated state,nan,nan
n3_3_D10,9.66,31.6,no activated state,nan,nan
n3_3_D10,9.66,33.5,no activated state,nan,nan
n3_3_D10,9.66,35.5,no activated state,nan,nan
n3_3_D10,9.66,37.6,no activated state,nan,nan
n3_3_D10,9.66,39.8,no activated state,nan,nan
n3_3_D10,9.66,42.2,no activated state,nan,nan
n3_3_D10,9.66,44.7,no activated state,nan,nan
n3_3_D10,9.66,47.3,no activated state,nan,nan
n3_3_D10,9.66,50.1,no activated state,nan,nan
n3_3_D10,9.66,53.1,no activated state,nan,nan
n3_3_D10,9.66,56.2,no activated state,nan,nan
n3_3_D10,9.66,59.6,no activated state,nan,nan
n3_3_D10,9.66,63.1,no activated state,nan,nan
n3_3_D10,9.66,66.8,no activated state,nan,nan
n3_3_D10,9.66,70.8,no activated state,nan,nan
n3_3_D10,9.66,75.0,no activated state,nan,nan
n3_3_D10,9.66,79.4,no activated state,nan,nan
n3_3_D10,9.66,84.1,no activated state,nan,nan
n3_3_D10,9.66,89.1,no activated state,nan,nan
n3_3_D10,9.66,94.4,no activated state,nan,nan
n3_3_D10,9.66,100.0,no activated state,nan,nan
n3_3_D10,10.2,1.0,linearly stable,0.025300267031214352,0.022425007975580932
n3_3_D10,10.2,1.06,linearly stable,0.029553851711522805,0.02667035220051073
n3_3_D10,10.2,1.12,linearly stable,0.03430291489911863,0.031410173118759835
n3_3_D10,10.2,1.19,linearly stable,0.040501464437899815,0.037596592507325936
n3_3_D10,10.2,1.26,linearly stable,0.04744308129630548,0.04452453429532249
n3_3_D10,10.2,1.33,linearly stable,0.05516215419193682,0.052228286820667366
n3_3_D10,10.2,1.41,linearly stable,0.06497730881448627,0.062023786050672436
n3_3_D10,10.2,1.5,linearly stable,0.07733895694536475,0.07436039698388552
n3_3_D10,10.2,1.58,linearly stable,0.0895445507509488,0.0865409559968521
n3_3_D10,10.2,1.68,linearly stable,0.10646859322844915,0.10342976013262625
n3_3_D10,10.2,1.78,linearly stable,0.1252987506554324,0.12221997663337275
n3_3_D10,10.2,1.88,linearly stable,0.1460805469559746,0.14295677137674762
n3_3_D10,10.2,2.0,linearly stable,0.173638950368168,0.17045396112396186
n3_3_D10,10.2,2.11,linearly stable,0.20143428461955482,0.19818571461390821
n3_3_D10,10.2,2.24,linearly stable,0.2374063015348301,0.23407258080812213
n3_3_D10,10.2,2.37,linearly stable,0.2767223654457093,0.27329169176939005
n3_3_D10,10.2,2.51,linearly stable,0.32270800801230237,0.31915847049469237
n3_3_D10,10.2,2.66,linearly stable,0.3759996638852132,0.3723044849269789
n3_3_D10,10.2,2.82,linearly stable,0.43714569594714003,0.4332720902254103
n3_3_D10,10.2,2.99,linearly stable,0.5065540065110874,0.5024617455873445
n3_3_D10,10.2,3.16,linearly stable,0.5800036213631511,0.5756591812327909
n3_3_D10,10.2,3.35,linearly stable,0.6661271724765331,0.6614561831652611
n3_3_D10,10.2,3.55,linearly stable,0.7604126516615166,0.7553400911330999
n3_3_D10,10.2,3.76,linearly stable,0.8622358028456911,0.8566685153332405
n3_3_D10,10.2,3.98,linearly stable,0.9706591133197292,0.9644810374430142
n3_3_D10,10.2,4.22,linearly stable,1.089394755698585,1.0824249396208476
n3_3_D10,10.2,4.47,Turing,1.211896866176085,1.2039393391878048
n3_3_D10,10.2,4.73,Turing,1.3363712632248244,1.3271784079760989
n3_3_D10,10.2,5.01,Turing,1.4654958965537463,1.4546908376041316
n3_3_D10,10.2,5.31,Turing,1.5967496040371372,1.5838286999707574
n3_3_D10,10.2,5.62,Turing,1.7236027154362805,1.707985934953433
n3_3_D10,10.2,5.96,Turing,1.8518024753418585,1.8325036872975247
n3_3_D10,10.2,6.31,Turing,1.9716827453769827,1.9476220041291037
n3_3_D10,10.2,6.68,Turing,2.0854618814375527,2.0550418523405742
n3_3_D10,10.2,7.08,Turing,2.1944302635009842,2.155223863707636
n3_3_D10,10.2,7.5,Turing,2.2945856984271265,2.2434558237484543
n3_3_D10,10.2,7.94,Turing,2.385660145704061,2.318246802089953
n3_3_D10,10.2,8.41,Turing,2.4694478821136414,2.3790606382518615
n3_3_D10,10.2,8.91,Turing,2.5457145684288998,2.4224308770885807
n3_3_D10,10.2,9.44,Turing,2.6147213383689483,2.4433203445750054
n3_3_D10,10.2,10.0,Turing,2.6772605504313436,2.4329967325437147
n3_3_D10,10.2,10.6,uniform ON,2.735916064628388,2.371095524123873
n3_3_D10,10.2,11.2,uniform ON,2.7918387315903734,2.2046693542016276
n3_3_D10,10.2,11.9,no activated state,nan,nan
n3_3_D10,10.2,12.6,no activated state,nan,nan
n3_3_D10,10.2,13.3,no activated state,nan,nan
n3_3_D10,10.2,14.1,no activated state,nan,nan
n3_3_D10,10.2,15.0,no activated state,nan,nan
n3_3_D10,10.2,15.8,no activated state,nan,nan
n3_3_D10,10.2,16.8,no activated state,nan,nan
n3_3_D10,10.2,17.8,no activated state,nan,nan
n3_3_D10,10.2,18.8,no activated state,nan,nan
n3_3_D10,10.2,20.0,no activated state,nan,nan
n3_3_D10,10.2,21.1,no activated state,nan,nan
n3_3_D10,10.2,22.4,no activated state,nan,nan
n3_3_D10,10.2,23.7,no activated state,nan,nan
n3_3_D10,10.2,25.1,no activated state,nan,nan
n3_3_D10,10.2,26.6,no activated state,nan,nan
n3_3_D10,10.2,28.2,no activated state,nan,nan
n3_3_D10,10.2,29.9,no activated state,nan,nan
n3_3_D10,10.2,31.6,no activated state,nan,nan
n3_3_D10,10.2,33.5,no activated state,nan,nan
n3_3_D10,10.2,35.5,no activated state,nan,nan
n3_3_D10,10.2,37.6,no activated state,nan,nan
n3_3_D10,10.2,39.8,no activated state,nan,nan
n3_3_D10,10.2,42.2,no activated state,nan,nan
n3_3_D10,10.2,44.7,no activated state,nan,nan
n3_3_D10,10.2,47.3,no activated state,nan,nan
n3_3_D10,10.2,50.1,no activated state,nan,nan
n3_3_D10,10.2,53.1,no activated state,nan,nan
n3_3_D10,10.2,56.2,no activated state,nan,nan
n3_3_D10,10.2,59.6,no activated state,nan,nan
n3_3_D10,10.2,63.1,no activated state,nan,nan
n3_3_D10,10.2,66.8,no activated state,nan,nan
n3_3_D10,10.2,70.8,no activated state,nan,nan
n3_3_D10,10.2,75.0,no activated state,nan,nan
n3_3_D10,10.2,79.4,no activated state,nan,nan
n3_3_D10,10.2,84.1,no activated state,nan,nan
n3_3_D10,10.2,89.1,no activated state,nan,nan
n3_3_D10,10.2,94.4,no activated state,nan,nan
n3_3_D10,10.2,100.0,no activated state,nan,nan
n3_3_D10,10.7,1.0,linearly stable,0.0219330159789487,0.019447918050361016
n3_3_D10,10.7,1.06,linearly stable,0.025625335122387516,0.023134063479331737
n3_3_D10,10.7,1.12,linearly stable,0.029749405939643148,0.027251211437391384
n3_3_D10,10.7,1.19,linearly stable,0.03513482994462691,0.032627551686628745
n3_3_D10,10.7,1.26,linearly stable,0.04116937558555278,0.038651859692393965
n3_3_D10,10.7,1.33,linearly stable,0.04788416935059503,0.045355187900973426
n3_3_D10,10.7,1.41,linearly stable,0.05642901036067283,0.05388532492751841
n3_3_D10,10.7,1.5,linearly stable,0.06720141210533392,0.06463900603746647
n3_3_D10,10.7,1.58,linearly stable,0.07784948205851538,0.07526836758365421
n3_3_D10,10.7,1.68,linearly stable,0.09263309622086435,0.09002566568977624
n3_3_D10,10.7,1.78,linearly stable,0.10910803560395854,0.10647080135463988
n3_3_D10,10.7,1.88,linearly stable,0.1273227235754273,0.12465193965400148
n3_3_D10,10.7,2.0,linearly stable,0.15152921181907364,0.14881284203377296
n3_3_D10,10.7,2.11,linearly stable,0.17600440074924262,0.17324074210400955
n3_3_D10,10.7,2.24,linearly stable,0.20777026043944657,0.20494336246698708
n3_3_D10,10.7,2.37,linearly stable,0.24260671088697672,0.23970793258043616
n3_3_D10,10.7,2.51,linearly stable,0.2835094361815452,0.28052270573224125
n3_3_D10,10.7,2.66,linearly stable,0.33112314357244066,0.32802889385597933
n3_3_D10,10.7,2.82,linearly stable,0.38603744543081053,0.3828118216876043
n3_3_D10,10.7,2.99,linearly stable,0.44874149063799385,0.44535536164295536
n3_3_D10,10.7,3.16,linearly stable,0.5155282004873345,0.5119575751044507
n3_3_D10,10.7,3.35,linearly stable,0.5944102599701533,0.5906016253964939
n3_3_D10,10.7,3.55,linearly stable,0.6814827010680726,0.6773826265510884
n3_3_D10,10.7,3.76,linearly stable,0.7763655228282755,0.7719080815258291
n3_3_D10,10.7,3.98,linearly stable,0.8783810255163605,0.8734846169453605
n3_3_D10,10.7,4.22,linearly stable,0.9912781483164481,0.9858158825984731
n3_3_D10,10.7,4.47,linearly stable,1.1090670523601307,1.1029030872335661
n3_3_D10,10.7,4.73,Turing,1.230136074809732,1.2230999638983224
n3_3_D10,10.7,5.01,Turing,1.3572237254524178,1.3490568564959537
n3_3_D10,10.7,5.31,Turing,1.4879896275816247,1.478349053634003
n3_3_D10,10.7,5.62,Turing,1.6159063865394008,1.6044015222088723
n3_3_D10,10.7,5.96,Turing,1.7467287015149515,1.7326966153341454
n3_3_D10,10.7,6.31,Turing,1.8704755113927396,1.8532003891597104
n3_3_D10,10.7,6.68,Turing,1.9891846913667313,1.9676137643282983
n3_3_D10,10.7,7.08,Turing,2.1040069874682654,2.0765531419554417
n3_3_D10,10.7,7.5,Turing,2.2104826427811766,2.1751245308234313
n3_3_D10,10.7,7.94,Turing,2.3080234064830205,2.2619946097181156
n3_3_D10,10.7,8.41,Turing,2.3982647319048214,2.337394984706329
n3_3_D10,10.7,8.91,Turing,2.480663634595302,2.398946155101676
n3_3_D10,10.7,9.44,Turing,2.5551564800416156,2.4437788701395355
n3_3_D10,10.7,10.0,Turing,2.622109635387773,2.467768818643768
n3_3_D10,10.7,10.6,Turing,2.6832553386882214,2.4635736674510795
n3_3_D10,10.7,11.2,uniform ON,2.736303108565419,2.4193446028549404
n3_3_D10,10.7,11.9,uniform ON,2.792906977029387,2.2790035712779737
n3_3_D10,10.7,12.6,no activated state,nan,nan
n3_3_D10,10.7,13.3,no activated state,nan,nan
n3_3_D10,10.7,14.1,no activated state,nan,nan
n3_3_D10,10.7,15.0,no activated state,nan,nan
n3_3_D10,10.7,15.8,no activated state,nan,nan
n3_3_D10,10.7,16.8,no activated state,nan,nan
n3_3_D10,10.7,17.8,no activated state,nan,nan
n3_3_D10,10.7,18.8,no activated state,nan,nan
n3_3_D10,10.7,20.0,no activated state,nan,nan
n3_3_D10,10.7,21.1,no activated state,nan,nan
n3_3_D10,10.7,22.4,no activated state,nan,nan
n3_3_D10,10.7,23.7,no activated state,nan,nan
n3_3_D10,10.7,25.1,no activated state,nan,nan
n3_3_D10,10.7,26.6,no activated state,nan,nan
n3_3_D10,10.7,28.2,no activated state,nan,nan
n3_3_D10,10.7,29.9,no activated state,nan,nan
n3_3_D10,10.7,31.6,no activated state,nan,nan
n3_3_D10,10.7,33.5,no activated state,nan,nan
n3_3_D10,10.7,35.5,no activated state,nan,nan
n3_3_D10,10.7,37.6,no activated state,nan,nan
n3_3_D10,10.7,39.8,no activated state,nan,nan
n3_3_D10,10.7,42.2,no activated state,nan,nan
n3_3_D10,10.7,44.7,no activated state,nan,nan
n3_3_D10,10.7,47.3,no activated state,nan,nan
n3_3_D10,10.7,50.1,no activated state,nan,nan
n3_3_D10,10.7,53.1,no activated state,nan,nan
n3_3_D10,10.7,56.2,no activated state,nan,nan
n3_3_D10,10.7,59.6,no activated state,nan,nan
n3_3_D10,10.7,63.1,no activated state,nan,nan
n3_3_D10,10.7,66.8,no activated state,nan,nan
n3_3_D10,10.7,70.8,no activated state,nan,nan
n3_3_D10,10.7,75.0,no activated state,nan,nan
n3_3_D10,10.7,79.4,no activated state,nan,nan
n3_3_D10,10.7,84.1,no activated state,nan,nan
n3_3_D10,10.7,89.1,no activated state,nan,nan
n3_3_D10,10.7,94.4,no activated state,nan,nan
n3_3_D10,10.7,100.0,no activated state,nan,nan
n3_3_D10,11.3,1.0,linearly stable,0.018635106681746283,0.016529883384985913
n3_3_D10,11.3,1.06,linearly stable,0.021776279401225396,0.019666612947771982
n3_3_D10,11.3,1.12,linearly stable,0.025286135685257616,0.023171487916124195
n3_3_D10,11.3,1.19,linearly stable,0.02987167860624318,0.027750496241667033
n3_3_D10,11.3,1.26,linearly stable,0.03501288282018011,0.032884337936890565
n3_3_D10,11.3,1.33,linearly stable,0.040737302809198406,0.03860051501461783
n3_3_D10,11.3,1.41,linearly stable,0.04802744986531515,0.045880095080722175
n3_3_D10,11.3,1.5,linearly stable,0.057227012698415125,0.05506621100268613
n3_3_D10,11.3,1.58,linearly stable,0.06633021281058038,0.0641559803403773
n3_3_D10,11.3,1.68,linearly stable,0.0789851630547842,0.07679205056679286
n3_3_D10,11.3,1.78,linearly stable,0.09311015651371146,0.0908956789491224
n3_3_D10,11.3,1.88,linearly stable,0.10875411017868242,0.10651560359033686
n3_3_D10,11.3,2.0,linearly stable,0.1295888127519904,0.12731769210406052
n3_3_D10,11.3,2.11,linearly stable,0.15070671373501066,0.14840180292806238
n3_3_D10,11.3,2.24,linearly stable,0.1781933867621237,0.17584335387590108
n3_3_D10,11.3,2.37,linearly stable,0.20843899164559399,0.20603775929091153
n3_3_D10,11.3,2.51,linearly stable,0.24408833769597227,0.241624580825053
n3_3_D10,11.3,2.66,linearly stable,0.28577412498234567,0.28323410893163553
n3_3_D10,11.3,2.82,linearly stable,0.33410371158317165,0.33147076569483136
n3_3_D10,11.3,2.99,linearly stable,0.3896219867503994,0.3868758533644231
n3_3_D10,11.3,3.16,linearly stable,0.4491491630270179,0.4462733654965566
n3_3_D10,11.3,3.35,linearly stable,0.5199860689912651,0.5169436418067124
n3_3_D10,11.3,3.55,linearly stable,0.5988511910681927,0.5956056262876642
n3_3_D10,11.3,3.76,linearly stable,0.6856053220964736,0.6821118796738316
n3_3_D10,11.3,3.98,linearly stable,0.7798426095569235,0.776046306217264
n3_3_D10,11.3,4.22,linearly stable,0.8853113073831349,0.8811268847014543
n3_3_D10,11.3,4.47,linearly stable,0.9966926601279307,0.9920300052674953
n3_3_D10,11.3,4.73,linearly stable,1.1126294520352937,1.1073763711699829
n3_3_D10,11.3,5.01,Turing,1.235943187514673,1.229930020059951
n3_3_D10,11.3,5.31,Turing,1.3645815730199415,1.357585236992764
n3_3_D10,11.3,5.62,Turing,1.4921696083054368,1.4839391608172734
n3_3_D10,11.3,5.96,Turing,1.624476688516263,1.6145867743172584
n3_3_D10,11.3,6.31,Turing,1.7513448167051542,1.7393430996170998
n3_3_D10,11.3,6.68,Turing,1.8746306075372734,1.8598552419504264
n3_3_D10,11.3,7.08,Turing,1.9953565026459077,1.9768167268202943
n3_3_D10,11.3,7.5,Turing,2.10859198693459,2.085042829873344
n3_3_D10,11.3,7.94,Turing,2.2133797174879235,2.1831385778697836
n3_3_D10,11.3,8.41,Turing,2.31116677200635,2.271730100154526
n3_3_D10,11.3,8.91,Turing,2.4010680847148307,2.3489037681503717
n3_3_D10,11.3,9.44,Turing,2.482696510802737,2.4127706826970003
n3_3_D10,11.3,10.0,Turing,2.5561038500843276,2.461138389868008
n3_3_D10,11.3,10.6,Turing,2.6227344212017742,2.4912621793403
n3_3_D10,11.3,11.2,Turing,2.679395200139131,2.497346159893219
n3_3_D10,11.3,11.9,uniform ON,2.7358904452498813,2.4676277969842904
n3_3_D10,11.3,12.6,uniform ON,2.785523500700405,2.3787346803710907
n3_3_D10,11.3,13.3,uniform ON,2.835809846222055,2.141690395440193
n3_3_D10,11.3,14.1,no activated state,nan,nan
n3_3_D10,11.3,15.0,no activated state,nan,nan
n3_3_D10,11.3,15.8,no activated state,nan,nan
n3_3_D10,11.3,16.8,no activated state,nan,nan
n3_3_D10,11.3,17.8,no activated state,nan,nan
n3_3_D10,11.3,18.8,no activated state,nan,nan
n3_3_D10,11.3,20.0,no activated state,nan,nan
n3_3_D10,11.3,21.1,no activated state,nan,nan
n3_3_D10,11.3,22.4,no activated state,nan,nan
n3_3_D10,11.3,23.7,no activated state,nan,nan
n3_3_D10,11.3,25.1,no activated state,nan,nan
n3_3_D10,11.3,26.6,no activated state,nan,nan
n3_3_D10,11.3,28.2,no activated state,nan,nan
n3_3_D10,11.3,29.9,no activated state,nan,nan
n3_3_D10,11.3,31.6,no activated state,nan,nan
n3_3_D10,11.3,33.5,no activated state,nan,nan
n3_3_D10,11.3,35.5,no activated state,nan,nan
n3_3_D10,11.3,37.6,no activated state,nan,nan
n3_3_D10,11.3,39.8,no activated state,nan,nan
n3_3_D10,11.3,42.2,no activated state,nan,nan
n3_3_D10,11.3,44.7,no activated state,nan,nan
n3_3_D10,11.3,47.3,no activated state,nan,nan
n3_3_D10,11.3,50.1,no activated state,nan,nan
n3_3_D10,11.3,53.1,no activated state,nan,nan
n3_3_D10,11.3,56.2,no activated state,nan,nan
n3_3_D10,11.3,59.6,no activated state,nan,nan
n3_3_D10,11.3,63.1,no activated state,nan,nan
n3_3_D10,11.3,66.8,no activated state,nan,nan
n3_3_D10,11.3,70.8,no activated state,nan,nan
n3_3_D10,11.3,75.0,no activated state,nan,nan
n3_3_D10,11.3,79.4,no activated state,nan,nan
n3_3_D10,11.3,84.1,no activated state,nan,nan
n3_3_D10,11.3,89.1,no activated state,nan,nan
n3_3_D10,11.3,94.4,no activated state,nan,nan
n3_3_D10,11.3,100.0,no activated state,nan,nan
n3_3_D10,11.9,1.0,linearly stable,0.01596553412133017,0.014166185936774723
n3_3_D10,11.9,1.06,linearly stable,0.018659523408340872,0.016856921912143802
n3_3_D10,11.9,1.12,linearly stable,0.021670668280875716,0.019864420016644062
n3_3_D10,11.9,1.19,linearly stable,0.02560618177930729,0.02379515054576554
n3_3_D10,11.9,1.26,linearly stable,0.03002064380907754,0.028204224881425537
n3_3_D10,11.9,1.33,linearly stable,0.034938439097681684,0.033115989816778345
n3_3_D10,11.9,1.41,linearly stable,0.04120524222965716,0.039375064784613126
n3_3_D10,11.9,1.5,linearly stable,0.04911968215546969,0.047279674251392484
n3_3_D10,11.9,1.58,linearly stable,0.05695809624969539,0.05510827404400497
n3_3_D10,11.9,1.68,linearly stable,0.06786616460816652,0.06600255345484501
n3_3_D10,11.9,1.78,linearly stable,0.08005701154666245,0.07817780664739973
n3_3_D10,11.9,1.88,linearly stable,0.09357814397635511,0.09168141369168528
n3_3_D10,11.9,2.0,linearly stable,0.11161726352945134,0.10969676756562147
n3_3_D10,11.9,2.11,linearly stable,0.12993852082223867,0.12799342733191973
n3_3_D10,11.9,2.24,linearly stable,0.15384101931243377,0.1518631182237658
n3_3_D10,11.9,2.37,linearly stable,0.18021601102853146,0.17820093610034235
n3_3_D10,11.9,2.51,linearly stable,0.21140228505273606,0.20934188692930467
n3_3_D10,11.9,2.66,linearly stable,0.24800593411318117,0.24589036170704906
n3_3_D10,11.9,2.82,linearly stable,0.2906289229291563,0.28844626388513306
n3_3_D10,11.9,2.99,linearly stable,0.33983935843118074,0.3375751982266425
n3_3_D10,11.9,3.16,linearly stable,0.39289958600377806,0.3905423266767926
n3_3_D10,11.9,3.35,linearly stable,0.45644406735491083,0.4539675561594693
n3_3_D10,11.9,3.55,linearly stable,0.5277109375463828,0.5250895913274868
n3_3_D10,11.9,3.76,linearly stable,0.6067475677363763,0.6039502238293334
n3_3_D10,11.9,3.98,linearly stable,0.6933718505838752,0.6903604557257065
n3_3_D10,11.9,4.22,linearly stable,0.7912843780218047,0.7880000745894338
n3_3_D10,11.9,4.47,linearly stable,0.8958080363223265,0.8921893397857461
n3_3_D10,11.9,4.73,linearly stable,1.0058503955119664,1.0018213014485355
n3_3_D10,11.9,5.01,linearly stable,1.1243099622190482,1.1197558813700135
n3_3_D10,11.9,5.31,Turing,1.2494659153371837,1.2442373596567213
n3_3_D10,11.9,5.62,Turing,1.3752223014945573,1.3691530521338122
n3_3_D10,11.9,5.96,Turing,1.5073649913305998,1.5001735551114055
n3_3_D10,11.9,6.31,Turing,1.6357600720389935,1.627151296829759
n3_3_D10,11.9,6.68,Turing,1.7621304834438656,1.7516743012144833
n3_3_D10,11.9,7.08,Turing,1.887420298754778,1.8744765338649196
n3_3_D10,11.9,7.5,Turing,2.006329258104174,1.990102271594795
n3_3_D10,11.9,7.94,Turing,2.117560864843125,2.0969852245289013
n3_3_D10,11.9,8.41,Turing,2.2223735526416686,2.1958775209466377
n3_3_D10,11.9,8.91,Turing,2.319553158486335,2.2849485073778775
n3_3_D10,11.9,9.44,Turing,2.4083990960809403,2.3626202098692666
n3_3_D10,11.9,10.0,Turing,2.4886810189794337,2.4273981554052355
n3_3_D10,11.9,10.6,Turing,2.561686137623639,2.478288745985602
n3_3_D10,11.9,11.2,Turing,2.6235924806548856,2.510507143069552
n3_3_D10,11.9,11.9,Turing,2.6845579362535745,2.5235365099714038
n3_3_D10,11.9,12.6,Turing,2.7361081773398137,2.5060323382930276
n3_3_D10,11.9,13.3,uniform ON,2.780892656244745,2.447152079490812
n3_3_D10,11.9,14.1,uniform ON,2.8283161207657908,2.2847356510847905
n3_3_D10,11.9,15.0,no activated state,nan,nan
n3_3_D10,11.9,15.8,no activated state,nan,nan
n3_3_D10,11.9,16.8,no activated state,nan,nan
n3_3_D10,11.9,17.8,no activated state,nan,nan
n3_3_D10,11.9,18.8,no activated state,nan,nan
n3_3_D10,11.9,20.0,no activated state,nan,nan
n3_3_D10,11.9,21.1,no activated state,nan,nan
n3_3_D10,11.9,22.4,no activated state,nan,nan
n3_3_D10,11.9,23.7,no activated state,nan,nan
n3_3_D10,11.9,25.1,no activated state,nan,nan
n3_3_D10,11.9,26.6,no activated state,nan,nan
n3_3_D10,11.9,28.2,no activated state,nan,nan
n3_3_D10,11.9,29.9,no activated state,nan,nan
n3_3_D10,11.9,31.6,no activated state,nan,nan
n3_3_D10,11.9,33.5,no activated state,nan,nan
n3_3_D10,11.9,35.5,no activated state,nan,nan
n3_3_D10,11.9,37.6,no activated state,nan,nan
n3_3_D10,11.9,39.8,no activated state,nan,nan
n3_3_D10,11.9,42.2,no activated state,nan,nan
n3_3_D10,11.9,44.7,no activated state,nan,nan
n3_3_D10,11.9,47.3,no activated state,nan,nan
n3_3_D10,11.9,50.1,no activated state,nan,nan
n3_3_D10,11.9,53.1,no activated state,nan,nan
n3_3_D10,11.9,56.2,no activated state,nan,nan
n3_3_D10,11.9,59.6,no activated state,nan,nan
n3_3_D10,11.9,63.1,no activated state,nan,nan
n3_3_D10,11.9,66.8,no activated state,nan,nan
n3_3_D10,11.9,70.8,no activated state,nan,nan
n3_3_D10,11.9,75.0,no activated state,nan,nan
n3_3_D10,11.9,79.4,no activated state,nan,nan
n3_3_D10,11.9,84.1,no activated state,nan,nan
n3_3_D10,11.9,89.1,no activated state,nan,nan
n3_3_D10,11.9,94.4,no activated state,nan,nan
n3_3_D10,11.9,100.0,no activated state,nan,nan
n3_3_D10,12.5,1.0,linearly stable,0.013781760279227062,0.012231549909896285
n3_3_D10,12.5,1.06,linearly stable,0.01610924692762783,0.014556617233044458
n3_3_D10,12.5,1.12,linearly stable,0.01871142006177784,0.01715607880513719
n3_3_D10,12.5,1.19,linearly stable,0.02211349443222088,0.020554597358944632
n3_3_D10,12.5,1.26,linearly stable,0.025931054840530265,0.024368153150432545
n3_3_D10,12.5,1.33,linearly stable,0.03018570491719519,0.02861832189436201
n3_3_D10,12.5,1.41,linearly stable,0.03561022781865042,0.03403710325376605
n3_3_D10,12.5,1.5,linearly stable,0.042465384116885385,0.04088495852996818
n3_3_D10,12.5,1.58,linearly stable,0.04925958478910264,0.04767187283395104
n3_3_D10,12.5,1.68,linearly stable,0.058722624132282464,0.057124679378085456
n3_3_D10,12.5,1.78,linearly stable,0.06930969982090851,0.06770018910951682
n3_3_D10,12.5,1.88,linearly stable,0.08106589503714323,0.0794433934012078
n3_3_D10,12.5,2.0,linearly stable,0.09677304619268456,0.0951329408223581
n3_3_D10,12.5,2.11,linearly stable,0.11275249523609265,0.11109418532730597
n3_3_D10,12.5,2.24,linearly stable,0.13364025522264122,0.13195768835311425
n3_3_D10,12.5,2.37,linearly stable,0.15674198713788257,0.1550319671701307
n3_3_D10,12.5,2.51,linearly stable,0.1841303536687242,0.18238690713893965
n3_3_D10,12.5,2.66,linearly stable,0.21637694161477994,0.21459286757245685
n3_3_D10,12.5,2.82,linearly stable,0.25406393575221353,0.25223055409010264
n3_3_D10,12.5,2.99,linearly stable,0.2977606940318036,0.2958675392989838
n3_3_D10,12.5,3.16,linearly stable,0.34509973643611624,0.3431384668038165
n3_3_D10,12.5,3.35,linearly stable,0.40210052329890755,0.40005224463925787
n3_3_D10,12.5,3.55,linearly stable,0.46643119437830804,0.46427757813189907
n3_3_D10,12.5,3.76,linearly stable,0.538278264108081,0.5359971038092468
n3_3_D10,12.5,3.98,linearly stable,0.6176368101795108,0.615201143892743
n3_3_D10,12.5,4.22,linearly stable,0.7081192666655429,0.7054874859658704
n3_3_D10,12.5,4.47,linearly stable,0.8056396579677533,0.8027687594998217
n3_3_D10,12.5,4.73,linearly stable,0.9093598859944785,0.9061970609659064
n3_3_D10,12.5,5.01,linearly stable,1.0222367720523924,1.0187026208236207
n3_3_D10,12.5,5.31,linearly stable,1.1428941056827424,1.138885804117563
n3_3_D10,12.5,5.62,Turing,1.265602583530372,1.261007044179466
n3_3_D10,12.5,5.96,Turing,1.396159159216038,1.3907849918363637
n3_3_D10,12.5,6.31,Turing,1.5246254076083285,1.5182745975368714
n3_3_D10,12.5,6.68,Turing,1.6526408002519368,1.6450258522698449
n3_3_D10,12.5,7.08,Turing,1.7811238048061226,1.7718188442919973
n3_3_D10,12.5,7.5,Turing,1.9045158279231582,1.8929966493487835
n3_3_D10,12.5,7.94,Turing,2.021227026618322,2.006796911771649
n3_3_D10,12.5,8.41,Turing,2.1323359489025164,2.1139735035335434
n3_3_D10,12.5,8.91,Turing,2.236317759513192,2.212614485184831
n3_3_D10,12.5,9.44,Turing,2.332160682906383,2.3011658172317513
n3_3_D10,12.5,10.0,Turing,2.4193488664055662,2.3783470432028015
n3_3_D10,12.5,10.6,Turing,2.4990273299883787,2.4439458428787124
n3_3_D10,12.5,11.2,Turing,2.5667611070798113,2.493110072740146
n3_3_D10,12.5,11.9,Turing,2.6333842684701576,2.5305325548711854
n3_3_D10,12.5,12.6,Turing,2.689255948831741,2.5460938428406084
n3_3_D10,12.5,13.3,Turing,2.736696444750715,2.5372986831299036
n3_3_D10,12.5,14.1,uniform ON,2.7832214745744888,2.489049558310203
n3_3_D10,12.5,15.0,uniform ON,2.8298282563744115,2.3524541838801385
n3_3_D10,12.5,15.8,no activated state,nan,nan
n3_3_D10,12.5,16.8,no activated state,nan,nan
n3_3_D10,12.5,17.8,no activated state,nan,nan
n3_3_D10,12.5,18.8,no activated state,nan,nan
n3_3_D10,12.5,20.0,no activated state,nan,nan
n3_3_D10,12.5,21.1,no activated state,nan,nan
n3_3_D10,12.5,22.4,no activated state,nan,nan
n3_3_D10,12.5,23.7,no activated state,nan,nan
n3_3_D10,12.5,25.1,no activated state,nan,nan
n3_3_D10,12.5,26.6,no activated state,nan,nan
n3_3_D10,12.5,28.2,no activated state,nan,nan
n3_3_D10,12.5,29.9,no activated state,nan,nan
n3_3_D10,12.5,31.6,no activated state,nan,nan
n3_3_D10,12.5,33.5,no activated state,nan,nan
n3_3_D10,12.5,35.5,no activated state,nan,nan
n3_3_D10,12.5,37.6,no activated state,nan,nan
n3_3_D10,12.5,39.8,no activated state,nan,nan
n3_3_D10,12.5,42.2,no activated state,nan,nan
n3_3_D10,12.5,44.7,no activated state,nan,nan
n3_3_D10,12.5,47.3,no activated state,nan,nan
n3_3_D10,12.5,50.1,no activated state,nan,nan
n3_3_D10,12.5,53.1,no activated state,nan,nan
n3_3_D10,12.5,56.2,no activated state,nan,nan
n3_3_D10,12.5,59.6,no activated state,nan,nan
n3_3_D10,12.5,63.1,no activated state,nan,nan
n3_3_D10,12.5,66.8,no activated state,nan,nan
n3_3_D10,12.5,70.8,no activated state,nan,nan
n3_3_D10,12.5,75.0,no activated state,nan,nan
n3_3_D10,12.5,79.4,no activated state,nan,nan
n3_3_D10,12.5,84.1,no activated state,nan,nan
n3_3_D10,12.5,89.1,no activated state,nan,nan
n3_3_D10,12.5,94.4,no activated state,nan,nan
n3_3_D10,12.5,100.0,no activated state,nan,nan
n3_3_D10,13.2,1.0,linearly stable,0.011708808540765503,0.010394200933088581
n3_3_D10,13.2,1.06,linearly stable,0.013687811701715846,0.0123714611586188
n3_3_D10,13.2,1.12,linearly stable,0.015900921786601296,0.014582618018185287
n3_3_D10,13.2,1.19,linearly stable,0.018795209031997273,0.01747434428424343
n3_3_D10,13.2,1.26,linearly stable,0.022044146004046583,0.020720397568637514
n3_3_D10,13.2,1.33,linearly stable,0.025666537566950032,0.024339562825424023
n3_3_D10,13.2,1.41,linearly stable,0.030287201590290636,0.028956094277732082
n3_3_D10,13.2,1.5,linearly stable,0.03613010014157125,0.034793739432973654
n3_3_D10,13.2,1.58,linearly stable,0.04192502077525373,0.04058341903002449
n3_3_D10,13.2,1.68,linearly stable,0.050002856384688266,0.04865389729274479
n3_3_D10,13.2,1.78,linearly stable,0.05904931688020576,0.057692046139863604
n3_3_D10,13.2,1.88,linearly stable,0.06910607844673167,0.06773947733365053
n3_3_D10,13.2,2.0,linearly stable,0.08256126898410943,0.08118203330873172
n3_3_D10,13.2,2.11,linearly stable,0.09627160803970691,0.09487931712725027
n3_3_D10,13.2,2.24,linearly stable,0.11422664945630778,0.11281697920896709
n3_3_D10,13.2,2.37,linearly stable,0.13412899570025139,0.13269967825778967
n3_3_D10,13.2,2.51,linearly stable,0.15778465230003402,0.15633144353045544
n3_3_D10,13.2,2.66,linearly stable,0.18572066678143873,0.18423846419192808
n3_3_D10,13.2,2.82,linearly stable,0.21848587831537492,0.21696855045504343
n3_3_D10,13.2,2.99,linearly stable,0.2566334679654577,0.2550736486344006
n3_3_D10,13.2,3.16,linearly stable,0.2981528609276819,0.2965447336396644
n3_3_D10,13.2,3.35,linearly stable,0.34841326707432907,0.34674359841307517
n3_3_D10,13.2,3.55,linearly stable,0.4054902440964506,0.40374630483780427
n3_3_D10,13.2,3.76,linearly stable,0.46968348759499756,0.4678499396475825
n3_3_D10,13.2,3.98,linearly stable,0.5411427216699684,0.5392010520842133
n3_3_D10,13.2,4.22,linearly stable,0.6233377527665319,0.6212594585195244
n3_3_D10,13.2,4.47,linearly stable,0.7127957847911665,0.7105517370863865
n3_3_D10,13.2,4.73,linearly stable,0.8089459445120977,0.8065006240262815
n3_3_D10,13.2,5.01,linearly stable,0.9147803577111877,0.9120805156680486
n3_3_D10,13.2,5.31,linearly stable,1.0293117829591507,1.0262890058082341
n3_3_D10,13.2,5.62,linearly stable,1.147302924572896,1.1438828691921052
n3_3_D10,13.2,5.96,Turing,1.274546858144022,1.27060377775537
n3_3_D10,13.2,6.31,Turing,1.4015031224090915,1.3969088326123391
n3_3_D10,13.2,6.68,Turing,1.529772196552131,1.5243412852780636
n3_3_D10,13.2,7.08,Turing,1.6603055368256243,1.6537647432143658
n3_3_D10,13.2,7.5,Turing,1.787386635681773,1.7794030632487137
n3_3_D10,13.2,7.94,Turing,1.9091575085614405,1.899292036356862
n3_3_D10,13.2,8.41,Turing,2.0265126903590565,2.0141252555582736
n3_3_D10,13.2,8.91,Turing,2.137603408244453,2.121819014440554
n3_3_D10,13.2,9.44,Turing,2.241067722409138,2.2206862327556225
n3_3_D10,13.2,10.0,Turing,2.3360507818718803,2.30942071586429
n3_3_D10,13.2,10.6,Turing,2.423520132171849,2.3881958227634943
n3_3_D10,13.2,11.2,Turing,2.498305971351424,2.4516653737136753
n3_3_D10,13.2,11.9,Turing,2.5721232097697775,2.5080015859266624
n3_3_D10,13.2,12.6,Turing,2.6340316216213995,2.5463810309272876
n3_3_D10,13.2,13.3,Turing,2.686307360130156,2.567009319035643
n3_3_D10,13.2,14.1,Turing,2.736692721244964,2.5673696095214225
n3_3_D10,13.2,15.0,uniform ON,2.784317294799807,2.531962636178074
n3_3_D10,13.2,15.8,uniform ON,2.821111147884359,2.4542722196689626
n3_3_D10,13.2,16.8,uniform ON,2.865719873850358,2.2146636583297807
n3_3_D10,13.2,17.8,no activated state,nan,nan
n3_3_D10,13.2,18.8,no activated state,nan,nan
n3_3_D10,13.2,20.0,no activated state,nan,nan
n3_3_D10,13.2,21.1,no activated state,nan,nan
n3_3_D10,13.2,22.4,no activated state,nan,nan
n3_3_D10,13.2,23.7,no activated state,nan,nan
n3_3_D10,13.2,25.1,no activated state,nan,nan
n3_3_D10,13.2,26.6,no activated state,nan,nan
n3_3_D10,13.2,28.2,no activated state,nan,nan
n3_3_D10,13.2,29.9,no activated state,nan,nan
n3_3_D10,13.2,31.6,no activated state,nan,nan
n3_3_D10,13.2,33.5,no activated state,nan,nan
n3_3_D10,13.2,35.5,no activated state,nan,nan
n3_3_D10,13.2,37.6,no activated state,nan,nan
n3_3_D10,13.2,39.8,no activated state,nan,nan
n3_3_D10,13.2,42.2,no activated state,nan,nan
n3_3_D10,13.2,44.7,no activated state,nan,nan
n3_3_D10,13.2,47.3,no activated state,nan,nan
n3_3_D10,13.2,50.1,no activated state,nan,nan
n3_3_D10,13.2,53.1,no activated state,nan,nan
n3_3_D10,13.2,56.2,no activated state,nan,nan
n3_3_D10,13.2,59.6,no activated state,nan,nan
n3_3_D10,13.2,63.1,no activated state,nan,nan
n3_3_D10,13.2,66.8,no activated state,nan,nan
n3_3_D10,13.2,70.8,no activated state,nan,nan
n3_3_D10,13.2,75.0,no activated state,nan,nan
n3_3_D10,13.2,79.4,no activated state,nan,nan
n3_3_D10,13.2,84.1,no activated state,nan,nan
n3_3_D10,13.2,89.1,no activated state,nan,nan
n3_3_D10,13.2,94.4,no activated state,nan,nan
n3_3_D10,13.2,100.0,no activated state,nan,nan
n3_3_D10,13.9,1.0,linearly stable,0.010031174945253185,0.008906606112199077
n3_3_D10,13.9,1.06,linearly stable,0.011727737386446724,0.010601891264930562
n3_3_D10,13.9,1.12,linearly stable,0.013625375809921847,0.012498098436194023
n3_3_D10,13.9,1.19,linearly stable,0.016107698248729707,0.014978544513802941
n3_3_D10,13.9,1.26,linearly stable,0.018895009705878985,0.01776374348279363
n3_3_D10,13.9,1.33,linearly stable,0.022003735450432216,0.02087010614042007
n3_3_D10,13.9,1.41,linearly stable,0.0259707404625249,0.02483408487935153
n3_3_D10,13.9,1.5,linearly stable,0.030989590847990245,0.029849089184692347
n3_3_D10,13.9,1.58,linearly stable,0.03597000448915788,0.034825666871297414
n3_3_D10,13.9,1.68,linearly stable,0.04291707203952699,0.04176735132681462
n3_3_D10,13.9,1.78,linearly stable,0.050703558907581714,0.0495477593872961
n3_3_D10,13.9,1.88,linearly stable,0.05936756444006186,0.058204944206477295
n3_3_D10,13.9,2.0,linearly stable,0.07097243133348285,0.06980058019944642
n3_3_D10,13.9,2.11,linearly stable,0.08281278478330723,0.08163140166591837
n3_3_D10,13.9,2.24,linearly stable,0.09834249352406366,0.09714843101144521
n3_3_D10,13.9,2.37,linearly stable,0.11558781790487627,0.11437943458665115
n3_3_D10,13.9,2.51,linearly stable,0.13612837231145625,0.13490259304962465
n3_3_D10,13.9,2.66,linearly stable,0.16044597287277795,0.15919910885869676
n3_3_D10,13.9,2.82,linearly stable,0.18905088284420324,0.1877785129197871
n3_3_D10,13.9,2.99,linearly stable,0.22246901848590495,0.22116584708768927
n3_3_D10,13.9,3.16,linearly stable,0.2589813994515373,0.25764327841568624
n3_3_D10,13.9,3.35,linearly stable,0.30337779562415323,0.30199525102208946
n3_3_D10,13.9,3.55,linearly stable,0.35405913206725703,0.3526231166754018
n3_3_D10,13.9,3.76,linearly stable,0.41139715264631815,0.4098968167009549
n3_3_D10,13.9,3.98,linearly stable,0.4756497954701302,0.4740721109874279
n3_3_D10,13.9,4.22,linearly stable,0.5501145411023742,0.5484394909934759
n3_3_D10,13.9,4.47,linearly stable,0.6318468981059344,0.630054230334084
n3_3_D10,13.9,4.73,linearly stable,0.7205030677380608,0.718568244301962
n3_3_D10,13.9,5.01,linearly stable,0.8190722542027433,0.8169585860289237
n3_3_D10,13.9,5.31,linearly stable,0.9269205766075856,0.9245812682017751
n3_3_D10,13.9,5.62,linearly stable,1.0393296120244795,1.0367143802515366
n3_3_D10,13.9,5.96,linearly stable,1.162061386206954,1.1590852187796346
n3_3_D10,13.9,6.31,Turing,1.2861028432296688,1.2826802928726397
n3_3_D10,13.9,6.68,Turing,1.413066118280922,1.4090740156467187
n3_3_D10,13.9,7.08,Turing,1.543992089116814,1.539249757777829
n3_3_D10,13.9,7.5,Turing,1.6731519218030546,1.6674413846173612
n3_3_D10,13.9,7.94,Turing,1.7985089505508243,1.7915446375168758
n3_3_D10,13.9,8.41,Turing,1.9208151500009474,1.9121828269738135
n3_3_D10,13.9,8.91,Turing,2.0379557746178527,2.027093287130687
n3_3_D10,13.9,9.44,Turing,2.1482492802900266,2.134391478509308
n3_3_D10,13.9,10.0,Turing,2.250507436002122,2.2326102518574023
n3_3_D10,13.9,10.6,Turing,2.345505822961459,2.322036109395219
n3_3_D10,13.9,11.2,Turing,2.427324629890813,2.396669557004952
n3_3_D10,13.9,11.9,Turing,2.5085596824491385,2.4669324251390607
n3_3_D10,13.9,12.6,Turing,2.5769627300535984,2.520785269708928
n3_3_D10,13.9,13.3,Turing,2.634792061371302,2.5594150446853536
n3_3_D10,13.9,14.1,Turing,2.690370470882072,2.585504491123981
n3_3_D10,13.9,15.0,Turing,2.742288565569011,2.590914321665397
n3_3_D10,13.9,15.8,Turing,2.781161053987317,2.5712331669538533
n3_3_D10,13.9,16.8,uniform ON,2.822821001791687,2.5025667680560146
n3_3_D10,13.9,17.8,uniform ON,2.8604711197722805,2.34406527901997
n3_3_D10,13.9,18.8,no activated state,nan,nan
n3_3_D10,13.9,20.0,no activated state,nan,nan
n3_3_D10,13.9,21.1,no activated state,nan,nan
n3_3_D10,13.9,22.4,no activated state,nan,nan
n3_3_D10,13.9,23.7,no activated state,nan,nan
n3_3_D10,13.9,25.1,no activated state,nan,nan
n3_3_D10,13.9,26.6,no activated state,nan,nan
n3_3_D10,13.9,28.2,no activated state,nan,nan
n3_3_D10,13.9,29.9,no activated state,nan,nan
n3_3_D10,13.9,31.6,no activated state,nan,nan
n3_3_D10,13.9,33.5,no activated state,nan,nan
n3_3_D10,13.9,35.5,no activated state,nan,nan
n3_3_D10,13.9,37.6,no activated state,nan,nan
n3_3_D10,13.9,39.8,no activated state,nan,nan
n3_3_D10,13.9,42.2,no activated state,nan,nan
n3_3_D10,13.9,44.7,no activated state,nan,nan
n3_3_D10,13.9,47.3,no activated state,nan,nan
n3_3_D10,13.9,50.1,no activated state,nan,nan
n3_3_D10,13.9,53.1,no activated state,nan,nan
n3_3_D10,13.9,56.2,no activated state,nan,nan
n3_3_D10,13.9,59.6,no activated state,nan,nan
n3_3_D10,13.9,63.1,no activated state,nan,nan
n3_3_D10,13.9,66.8,no activated state,nan,nan
n3_3_D10,13.9,70.8,no activated state,nan,nan
n3_3_D10,13.9,75.0,no activated state,nan,nan
n3_3_D10,13.9,79.4,no activated state,nan,nan
n3_3_D10,13.9,84.1,no activated state,nan,nan
n3_3_D10,13.9,89.1,no activated state,nan,nan
n3_3_D10,13.9,94.4,no activated state,nan,nan
n3_3_D10,13.9,100.0,no activated state,nan,nan
n3_3_D10,14.6,1.0,linearly stable,0.008659043501833774,0.00768948646588238
n3_3_D10,14.6,1.06,linearly stable,0.010124322897972937,0.009153815307401343
n3_3_D10,14.6,1.12,linearly stable,0.011763535659791713,0.01079196302313925
n3_3_D10,14.6,1.19,linearly stable,0.013908237424347436,0.012935268660573249
n3_3_D10,14.6,1.26,linearly stable,0.0163170262291078,0.015342485835683074
n3_3_D10,14.6,1.33,linearly stable,0.019004304122434035,0.018028005899388234
n3_3_D10,14.6,1.41,linearly stable,0.022434613451398633,0.02145606444049015
n3_3_D10,14.6,1.5,linearly stable,0.026776246103416335,0.02579483716495929
n3_3_D10,14.6,1.58,linearly stable,0.031086597495114332,0.030102336814228824
n3_3_D10,14.6,1.68,linearly stable,0.03710228891361422,0.03611402740655026
n3_3_D10,14.6,1.78,linearly stable,0.043849404275429826,0.042856626405886736
n3_3_D10,14.6,1.88,linearly stable,0.051362554255263704,0.05036471072958653
n3_3_D10,14.6,2.0,linearly stable,0.06143526302948099,0.06043056703373927
n3_3_D10,14.6,2.11,linearly stable,0.07172340361897522,0.07071163546919078
n3_3_D10,14.6,2.24,linearly stable,0.0852341705731986,0.08421300101959425
n3_3_D10,14.6,2.37,linearly stable,0.10026006984484492,0.09922828985993346
n3_3_D10,14.6,2.51,linearly stable,0.1181881601839867,0.11714350261757814
n3_3_D10,14.6,2.66,linearly stable,0.13945667090470726,0.1383964212593848
n3_3_D10,14.6,2.82,linearly stable,0.16453585493569167,0.1634567669010108
n3_3_D10,14.6,2.99,linearly stable,0.193918761941561,0.19281695699759938
n3_3_D10,14.6,3.16,linearly stable,0.22612592837909584,0.22499838900990332
n3_3_D10,14.6,3.35,linearly stable,0.2654340673683284,0.26427387928936896
n3_3_D10,14.6,3.55,linearly stable,0.3105046392972678,0.3093052405307722
n3_3_D10,14.6,3.76,linearly stable,0.36175098681440265,0.36050454035565477
n3_3_D10,14.6,3.98,linearly stable,0.4195028530120287,0.41819999097327387
n3_3_D10,14.6,4.22,linearly stable,0.48686789525023466,0.4854942500899253
n3_3_D10,14.6,4.47,linearly stable,0.5613498412561354,0.5598910061953548
n3_3_D10,14.6,4.73,linearly stable,0.6427902541908688,0.6412288737281973
n3_3_D10,14.6,5.01,linearly stable,0.7341394598707394,0.7324496461026777
n3_3_D10,14.6,5.31,linearly stable,0.8350695858201667,0.8332185393856032
n3_3_D10,14.6,5.62,linearly stable,0.9413756132126281,0.9393284570625571
n3_3_D10,14.6,5.96,linearly stable,1.0587557157392768,1.0564535063713474
n3_3_D10,14.6,6.31,linearly stable,1.1788029100673911,1.176187189775919
n3_3_D10,14.6,6.68,Turing,1.3031757924816678,1.30016256795292
n3_3_D10,14.6,7.08,Turing,1.43304505478149,1.4295116598793576
n3_3_D10,14.6,7.5,Turing,1.5627962091475216,1.5585960234794092
n3_3_D10,14.6,7.94,Turing,1.6903041347352539,1.6852463040847883
n3_3_D10,14.6,8.41,Turing,1.8162280760982388,1.8100369574640822
n3_3_D10,14.6,8.91,Turing,1.9382576577002946,1.9305616246860269
n3_3_D10,14.6,9.44,Turing,2.0544387088308715,2.0447352665521668
n3_3_D10,14.6,10.0,Turing,2.1632713187778014,2.1508794762753274
n3_3_D10,14.6,10.6,Turing,2.2653331060037756,2.249259095154729
n3_3_D10,14.6,11.2,Turing,2.3539575255736405,2.333170944999514
n3_3_D10,14.6,11.9,Turing,2.4425790949445343,2.414657598362961
n3_3_D10,14.6,12.6,Turing,2.5176408832917687,2.480353301897719
n3_3_D10,14.6,13.3,Turing,2.5813495061084977,2.5318498728781065
n3_3_D10,14.6,14.1,Turing,2.6426909232413536,2.5747365988130326
n3_3_D10,14.6,15.0,Turing,2.6999015690890253,2.6035679785833006
n3_3_D10,14.6,15.8,Turing,2.7424190986980905,2.611658205106554
n3_3_D10,14.6,16.8,Turing,2.7870377347200463,2.5957443809497227
n3_3_D10,14.6,17.8,uniform ON,2.8246203228994364,2.542556969714063
n3_3_D10,14.6,18.8,uniform ON,2.8578099421896592,2.428701819742458
n3_3_D10,14.6,20.0,no activated state,nan,nan
n3_3_D10,14.6,21.1,no activated state,nan,nan
n3_3_D10,14.6,22.4,no activated state,nan,nan
n3_3_D10,14.6,23.7,no activated state,nan,nan
n3_3_D10,14.6,25.1,no activated state,nan,nan
n3_3_D10,14.6,26.6,no activated state,nan,nan
n3_3_D10,14.6,28.2,no activated state,nan,nan
n3_3_D10,14.6,29.9,no activated state,nan,nan
n3_3_D10,14.6,31.6,no activated state,nan,nan
n3_3_D10,14.6,33.5,no activated state,nan,nan
n3_3_D10,14.6,35.5,no activated state,nan,nan
n3_3_D10,14.6,37.6,no activated state,nan,nan
n3_3_D10,14.6,39.8,no activated state,nan,nan
n3_3_D10,14.6,42.2,no activated state,nan,nan
n3_3_D10,14.6,44.7,no activated state,nan,nan
n3_3_D10,14.6,47.3,no activated state,nan,nan
n3_3_D10,14.6,50.1,no activated state,nan,nan
n3_3_D10,14.6,53.1,no activated state,nan,nan
n3_3_D10,14.6,56.2,no activated state,nan,nan
n3_3_D10,14.6,59.6,no activated state,nan,nan
n3_3_D10,14.6,63.1,no activated state,nan,nan
n3_3_D10,14.6,66.8,no activated state,nan,nan
n3_3_D10,14.6,70.8,no activated state,nan,nan
n3_3_D10,14.6,75.0,no activated state,nan,nan
n3_3_D10,14.6,79.4,no activated state,nan,nan
n3_3_D10,14.6,84.1,no activated state,nan,nan
n3_3_D10,14.6,89.1,no activated state,nan,nan
n3_3_D10,14.6,94.4,no activated state,nan,nan
n3_3_D10,14.6,100.0,no activated state,nan,nan
n3_3_D10,15.4,1.0,linearly stable,0.0073805648394902335,0.006555099927410525
n3_3_D10,15.4,1.06,linearly stable,0.008630123695850145,0.007803969011213347
n3_3_D10,15.4,1.12,linearly stable,0.010028223044850737,0.009201295566046803
n3_3_D10,15.4,1.19,linearly stable,0.01185779963583422,0.011029859226438128
n3_3_D10,15.4,1.26,linearly stable,0.013913121621425217,0.013084041077914237
n3_3_D10,15.4,1.33,linearly stable,0.01620664307427988,0.015376287479454184
n3_3_D10,15.4,1.41,linearly stable,0.01913520545825087,0.018303217489688838
n3_3_D10,15.4,1.5,linearly stable,0.022843213639547888,0.022009151921036432
n3_3_D10,15.4,1.58,linearly stable,0.026526076754436856,0.025689947664559967
n3_3_D10,15.4,1.68,linearly stable,0.03166864010620374,0.03082961135925758
n3_3_D10,15.4,1.78,linearly stable,0.0374401003351873,0.0365977993250311
n3_3_D10,15.4,1.88,linearly stable,0.043871348795157195,0.04302537883802173
n3_3_D10,15.4,2.0,linearly stable,0.052501066729650825,0.051650135841577266
n3_3_D10,15.4,2.11,linearly stable,0.06132422357496847,0.06046817530191283
n3_3_D10,15.4,2.24,linearly stable,0.0729247565933333,0.0720619095236286
n3_3_D10,15.4,2.37,linearly stable,0.08584442350351629,0.08497390875263507
n3_3_D10,15.4,2.51,linearly stable,0.10128463313121905,0.10040481996669048
n3_3_D10,15.4,2.66,linearly stable,0.11963731259482369,0.11874625197843493
n3_3_D10,15.4,2.82,linearly stable,0.1413280303917558,0.14042339629016415
n3_3_D10,15.4,2.99,linearly stable,0.16680980075677643,0.1658888208820841
n3_3_D10,15.4,3.16,linearly stable,0.19482651590429578,0.19388704755889274
n3_3_D10,15.4,3.35,linearly stable,0.22914230031272098,0.22817941811737735
n3_3_D10,15.4,3.55,linearly stable,0.2686546554522994,0.2676637131413314
n3_3_D10,15.4,3.76,linearly stable,0.31379807598062825,0.31277354690027037
n3_3_D10,15.4,3.98,linearly stable,0.3649510163914458,0.3638863238394874
n3_3_D10,15.4,4.22,linearly stable,0.4249952105002154,0.42388028584536935
n3_3_D10,15.4,4.47,linearly stable,0.49185955588604824,0.49068439345477777
n3_3_D10,15.4,4.73,linearly stable,0.5655500440130512,0.5643026607890796
n3_3_D10,15.4,5.01,linearly stable,0.6489355037379158,0.6475980692584455
n3_3_D10,15.4,5.31,linearly stable,0.7419754653839338,0.7405255445551397
n3_3_D10,15.4,5.62,linearly stable,0.8410183796290284,0.8394323776995318
n3_3_D10,15.4,5.96,linearly stable,0.9516475244513364,0.949885579970952
n3_3_D10,15.4,6.31,linearly stable,1.0661917147423856,1.064214859956529
n3_3_D10,15.4,6.68,linearly stable,1.186385327709249,1.1841377663320787
n3_3_D10,15.4,7.08,Turing,1.313575016218886,1.3109756495447205
n3_3_D10,15.4,7.5,Turing,1.4424004701795492,1.4393533471687756
n3_3_D10,15.4,7.94,Turing,1.5707365821295203,1.5671176782712835
n3_3_D10,15.4,8.41,Turing,1.6991998932992902,1.694830909101578
n3_3_D10,15.4,8.91,Turing,1.8253498142682172,1.819992038937273
n3_3_D10,15.4,9.44,Turing,1.946993618973658,1.9403264786510541
n3_3_D10,15.4,10.0,Turing,2.0623209592354645,2.0539129499171698
n3_3_D10,15.4,10.6,Turing,2.1716908794129797,2.160915893407641
n3_3_D10,15.4,11.2,Turing,2.267614568416887,2.253832252264786
n3_3_D10,15.4,11.9,Turing,2.3644069286889637,2.346107257213464
n3_3_D10,15.4,12.6,Turing,2.4470446743434837,2.4228666109908357
n3_3_D10,15.4,13.3,Turing,2.517617334237731,2.4858472610543996
n3_3_D10,15.4,14.1,Turing,2.585883209636449,2.5427754033108303
n3_3_D10,15.4,15.0,Turing,2.6497247274422002,2.589471177072796
n3_3_D10,15.4,15.8,Turing,2.6971486613906546,2.6165472574663893
n3_3_D10,15.4,16.8,Turing,2.7466369290684622,2.631473397864446
n3_3_D10,15.4,17.8,Turing,2.7876116495752505,2.6237262675089896
n3_3_D10,15.4,18.8,uniform ON,2.822158592611429,2.5884170916788687
n3_3_D10,15.4,20.0,uniform ON,2.8577716854217075,2.492320416325525
n3_3_D10,15.4,21.1,uniform ON,2.8885399949400887,2.2934762586548114
n3_3_D10,15.4,22.4,no activated state,nan,nan
n3_3_D10,15.4,23.7,no activated state,nan,nan
n3_3_D10,15.4,25.1,no activated state,nan,nan
n3_3_D10,15.4,26.6,no activated state,nan,nan
n3_3_D10,15.4,28.2,no activated state,nan,nan
n3_3_D10,15.4,29.9,no activated state,nan,nan
n3_3_D10,15.4,31.6,no activated state,nan,nan
n3_3_D10,15.4,33.5,no activated state,nan,nan
n3_3_D10,15.4,35.5,no activated state,nan,nan
n3_3_D10,15.4,37.6,no activated state,nan,nan
n3_3_D10,15.4,39.8,no activated state,nan,nan
n3_3_D10,15.4,42.2,no activated state,nan,nan
n3_3_D10,15.4,44.7,no activated state,nan,nan
n3_3_D10,15.4,47.3,no activated state,nan,nan
n3_3_D10,15.4,50.1,no activated state,nan,nan
n3_3_D10,15.4,53.1,no activated state,nan,nan
n3_3_D10,15.4,56.2,no activated state,nan,nan
n3_3_D10,15.4,59.6,no activated state,nan,nan
n3_3_D10,15.4,63.1,no activated state,nan,nan
n3_3_D10,15.4,66.8,no activated state,nan,nan
n3_3_D10,15.4,70.8,no activated state,nan,nan
n3_3_D10,15.4,75.0,no activated state,nan,nan
n3_3_D10,15.4,79.4,no activated state,nan,nan
n3_3_D10,15.4,84.1,no activated state,nan,nan
n3_3_D10,15.4,89.1,no activated state,nan,nan
n3_3_D10,15.4,94.4,no activated state,nan,nan
n3_3_D10,15.4,100.0,no activated state,nan,nan
n3_3_D10,16.2,1.0,linearly stable,0.006341717619011922,0.005633096208950735
n3_3_D10,16.2,1.06,linearly stable,0.007415830697492076,0.006706700512354141
n3_3_D10,16.2,1.12,linearly stable,0.008617777714112873,0.007908077552901767
n3_3_D10,16.2,1.19,linearly stable,0.010190904489059793,0.0094804572955081
n3_3_D10,16.2,1.26,linearly stable,0.011958456678166418,0.01124716871724981
n3_3_D10,16.2,1.33,linearly stable,0.013931260529847167,0.013219032406270589
n3_3_D10,16.2,1.41,linearly stable,0.01645092162552042,0.01573749001494049
n3_3_D10,16.2,1.5,linearly stable,0.01964219320244276,0.018927232934496503
n3_3_D10,16.2,1.58,linearly stable,0.02281292496654519,0.02209644100906659
n3_3_D10,16.2,1.68,linearly stable,0.02724221111309655,0.026523590502116667
n3_3_D10,16.2,1.78,linearly stable,0.03221571705773141,0.03149468585467103
n3_3_D10,16.2,1.88,linearly stable,0.03776097111578769,0.037037237873130055
n3_3_D10,16.2,2.0,linearly stable,0.04520709858176242,0.04447971310332831
n3_3_D10,16.2,2.11,linearly stable,0.05282638964740183,0.05209523830617733
n3_3_D10,16.2,2.24,linearly stable,0.06285373843561282,0.06211758630541689
n3_3_D10,16.2,2.37,linearly stable,0.07403423575264301,0.07329244700699859
n3_3_D10,16.2,2.51,linearly stable,0.08741384837273225,0.08666522883030484
n3_3_D10,16.2,2.66,linearly stable,0.10334261272447665,0.10258573720323011
n3_3_D10,16.2,2.82,linearly stable,0.12220416984839944,0.12143734043543343
n3_3_D10,16.2,2.99,linearly stable,0.1444117572507837,0.1436329543684376
n3_3_D10,16.2,3.16,linearly stable,0.16889045226302768,0.1680981235915711
n3_3_D10,16.2,3.35,linearly stable,0.1989614293503612,0.19815199702890296
n3_3_D10,16.2,3.55,linearly stable,0.23370768486465587,0.23287779095007877
n3_3_D10,16.2,3.76,linearly stable,0.2735658594585063,0.27271152347673777
n3_3_D10,16.2,3.98,linearly stable,0.31893765146213193,0.31805415484052124
n3_3_D10,16.2,4.22,linearly stable,0.3724794157761555,0.37155954575245015
n3_3_D10,16.2,4.47,linearly stable,0.43246621606718605,0.4315028609981593
n3_3_D10,16.2,4.73,linearly stable,0.499024928934072,0.4980096158219687
n3_3_D10,16.2,5.01,linearly stable,0.574912799127624,0.5738329477130854
n3_3_D10,16.2,5.31,linearly stable,0.6603131364564129,0.6591530155661428
n3_3_D10,16.2,5.62,linearly stable,0.7520761638914472,0.7508193946715269
n3_3_D10,16.2,5.96,linearly stable,0.855628602849427,0.8542475232533844
n3_3_D10,16.2,6.31,linearly stable,0.9640369099124688,0.9625048388150095
n3_3_D10,16.2,6.68,linearly stable,1.0791169085431545,1.0773957659463533
n3_3_D10,16.2,7.08,linearly stable,1.202398740836177,1.2004334266306789
n3_3_D10,16.2,7.5,Turing,1.3288705101410256,1.3265964679696427
n3_3_D10,16.2,7.94,Turing,1.4564968275148935,1.4538311741901058
n3_3_D10,16.2,8.41,Turing,1.5859134777832797,1.5827375782566455
n3_3_D10,16.2,8.91,Turing,1.714647756556388,1.7108038360234477
n3_3_D10,16.2,9.44,Turing,1.840355392489883,1.8356329258910766
n3_3_D10,16.2,10.0,Turing,1.9609807172254954,1.955098087604278
n3_3_D10,16.2,10.6,Turing,2.0766886642331404,2.0692392455224606
n3_3_D10,16.2,11.2,Turing,2.1792302622271924,2.1698032070346005
n3_3_D10,16.2,11.9,Turing,2.2837024695390777,2.271325001522272
n3_3_D10,16.2,12.6,Turing,2.373683291630517,2.357493892682939
n3_3_D10,16.2,13.3,Turing,2.451082133683446,2.4300053670254633
n3_3_D10,16.2,14.1,Turing,2.526406095605105,2.4980917510537624
n3_3_D10,16.2,15.0,Turing,2.5971981448023413,2.5580567951891147
n3_3_D10,16.2,15.8,Turing,2.649940155602201,2.5981157738608265
n3_3_D10,16.2,16.8,Turing,2.7050030925694912,2.6320264642237614
n3_3_D10,16.2,17.8,Turing,2.7504313730934893,2.64846928018961
n3_3_D10,16.2,18.8,Turing,2.7883257639948456,2.6465889329292303
n3_3_D10,16.2,20.0,uniform ON,2.8262238200507803,2.6159243257365485
n3_3_D10,16.2,21.1,uniform ON,2.8556990286722908,2.550712812683777
n3_3_D10,16.2,22.4,uniform ON,2.8870136423584216,2.3895438623465965
n3_3_D10,16.2,23.7,no activated state,nan,nan
n3_3_D10,16.2,25.1,no activated state,nan,nan
n3_3_D10,16.2,26.6,no activated state,nan,nan
n3_3_D10,16.2,28.2,no activated state,nan,nan
n3_3_D10,16.2,29.9,no activated state,nan,nan
n3_3_D10,16.2,31.6,no activated state,nan,nan
n3_3_D10,16.2,33.5,no activated state,nan,nan
n3_3_D10,16.2,35.5,no activated state,nan,nan
n3_3_D10,16.2,37.6,no activated state,nan,nan
n3_3_D10,16.2,39.8,no activated state,nan,nan
n3_3_D10,16.2,42.2,no activated state,nan,nan
n3_3_D10,16.2,44.7,no activated state,nan,nan
n3_3_D10,16.2,47.3,no activated state,nan,nan
n3_3_D10,16.2,50.1,no activated state,nan,nan
n3_3_D10,16.2,53.1,no activated state,nan,nan
n3_3_D10,16.2,56.2,no activated state,nan,nan
n3_3_D10,16.2,59.6,no activated state,nan,nan
n3_3_D10,16.2,63.1,no activated state,nan,nan
n3_3_D10,16.2,66.8,no activated state,nan,nan
n3_3_D10,16.2,70.8,no activated state,nan,nan
n3_3_D10,16.2,75.0,no activated state,nan,nan
n3_3_D10,16.2,79.4,no activated state,nan,nan
n3_3_D10,16.2,84.1,no activated state,nan,nan
n3_3_D10,16.2,89.1,no activated state,nan,nan
n3_3_D10,16.2,94.4,no activated state,nan,nan
n3_3_D10,16.2,100.0,no activated state,nan,nan
n3_3_D10,17.1,1.0,linearly stable,0.0053933062664826,0.004791168522661969
n3_3_D10,17.1,1.06,linearly stable,0.006307122452724578,0.005704617051152195
n3_3_D10,17.1,1.12,linearly stable,0.007329811215573301,0.006726893953856792
n3_3_D10,17.1,1.19,linearly stable,0.008668507377495915,0.008065050353717065
n3_3_D10,17.1,1.26,linearly stable,0.010172906038020235,0.009568841575543573
n3_3_D10,17.1,1.33,linearly stable,0.01185231190136704,0.011247568252596226
n3_3_D10,17.1,1.41,linearly stable,0.013997726664949917,0.013392113698658793
n3_3_D10,17.1,1.5,linearly stable,0.01671577203573027,0.016109055028884843
n3_3_D10,17.1,1.58,linearly stable,0.019417181255232396,0.018809363971190513
n3_3_D10,17.1,1.68,linearly stable,0.023192289613230055,0.022582929716232603
n3_3_D10,17.1,1.78,linearly stable,0.027433230991904867,0.026822131115102052
n3_3_D10,17.1,1.88,linearly stable,0.03216419105302015,0.0315511413423271
n3_3_D10,17.1,2.0,linearly stable,0.03852101575522748,0.03790533139334827
n3_3_D10,17.1,2.11,linearly stable,0.04503057202240268,0.04441217206798833
n3_3_D10,17.1,2.24,linearly stable,0.05360502049421245,0.05298301603054248
n3_3_D10,17.1,2.37,linearly stable,0.0631756830452872,0.06254961794050677
n3_3_D10,17.1,2.51,linearly stable,0.0746429092038925,0.07401192620293603
n3_3_D10,17.1,2.66,linearly stable,0.08831498759783774,0.08767806500994826
n3_3_D10,17.1,2.82,linearly stable,0.1045326208468359,0.10388854341779874
n3_3_D10,17.1,2.99,linearly stable,0.12366664604105493,0.12301397101043586
n3_3_D10,17.1,3.16,linearly stable,0.1448069759133227,0.1441446000703106
n3_3_D10,17.1,3.35,linearly stable,0.17084827645255973,0.1701736506378028
n3_3_D10,17.1,3.55,linearly stable,0.20103674930895377,0.2003474925394314
n3_3_D10,17.1,3.76,linearly stable,0.23579720754373779,0.23509050666677447
n3_3_D10,17.1,3.98,linearly stable,0.2755369959895485,0.2748095284771527
n3_3_D10,17.1,4.22,linearly stable,0.3226682884110057,0.3219149830312861
n3_3_D10,17.1,4.47,linearly stable,0.3757784535688453,0.3749943481792677
n3_3_D10,17.1,4.73,linearly stable,0.43508843290529264,0.43426764558121816
n3_3_D10,17.1,5.01,linearly stable,0.5032059450789087,0.502339761412794
n3_3_D10,17.1,5.31,linearly stable,0.580499204027147,0.5795767942570154
n3_3_D10,17.1,5.62,linearly stable,0.6643130677642521,0.6633232706777981
n3_3_D10,17.1,5.96,linearly stable,0.7598566689798083,0.7587806403675594
n3_3_D10,17.1,6.31,linearly stable,0.8609902115154602,0.8598100270630211
n3_3_D10,17.1,6.68,linearly stable,0.9696107600862984,0.9683009243758008
n3_3_D10,17.1,7.08,linearly stable,1.0874418344035321,1.0859656312491448
n3_3_D10,17.1,7.5,linearly stable,1.2099308366236334,1.2082456973106206
n3_3_D10,17.1,7.94,Turing,1.3352223225168038,1.3332739905994306
n3_3_D10,17.1,8.41,Turing,1.4640332676218473,1.4617444467022547
n3_3_D10,17.1,8.91,Turing,1.5939597570992745,1.5912283908981844
n3_3_D10,17.1,9.44,Turing,1.7225918964421234,1.719282749143045
n3_3_D10,17.1,10.0,Turing,1.8476880134327216,1.8436213776855062
n3_3_D10,17.1,10.6,Turing,1.969240710082103,1.9641584028207664
n3_3_D10,17.1,11.2,Turing,2.0782518156085272,2.0718962990973666
n3_3_D10,17.1,11.9,Turing,2.1905723954341134,2.182330645938973
n3_3_D10,17.1,12.6,Turing,2.2883318026441124,2.2776702534416735
n3_3_D10,17.1,13.3,Turing,2.3731697403154253,2.359426930829181
n3_3_D10,17.1,14.1,Turing,2.456381522435449,2.4381094834549617
n3_3_D10,17.1,15.0,Turing,2.535137782675445,2.5101500452206884
n3_3_D10,17.1,15.8,Turing,2.5941224482351357,2.5613442280044176
n3_3_D10,17.1,16.8,Turing,2.655917675813217,2.610308659372052
n3_3_D10,17.1,17.8,Turing,2.706969007041062,2.6440838254260184
n3_3_D10,17.1,18.8,Turing,2.749465639893466,2.663437439160551
n3_3_D10,17.1,20.0,Turing,2.79161099466504,2.667266709632341
n3_3_D10,17.1,21.1,Turing,2.823682689763767,2.6499884048329485
n3_3_D10,17.1,22.4,uniform ON,2.8556007747357612,2.5966330109130085
n3_3_D10,17.1,23.7,uniform ON,2.8832170243856234,2.487288893810743
n3_3_D10,17.1,25.1,uniform ON,2.913154005628343,2.1972152892645433
n3_3_D10,17.1,26.6,no activated state,nan,nan
n3_3_D10,17.1,28.2,no activated state,nan,nan
n3_3_D10,17.1,29.9,no activated state,nan,nan
n3_3_D10,17.1,31.6,no activated state,nan,nan
n3_3_D10,17.1,33.5,no activated state,nan,nan
n3_3_D10,17.1,35.5,no activated state,nan,nan
n3_3_D10,17.1,37.6,no activated state,nan,nan
n3_3_D10,17.1,39.8,no activated state,nan,nan
n3_3_D10,17.1,42.2,no activated state,nan,nan
n3_3_D10,17.1,44.7,no activated state,nan,nan
n3_3_D10,17.1,47.3,no activated state,nan,nan
n3_3_D10,17.1,50.1,no activated state,nan,nan
n3_3_D10,17.1,53.1,no activated state,nan,nan
n3_3_D10,17.1,56.2,no activated state,nan,nan
n3_3_D10,17.1,59.6,no activated state,nan,nan
n3_3_D10,17.1,63.1,no activated state,nan,nan
n3_3_D10,17.1,66.8,no activated state,nan,nan
n3_3_D10,17.1,70.8,no activated state,nan,nan
n3_3_D10,17.1,75.0,no activated state,nan,nan
n3_3_D10,17.1,79.4,no activated state,nan,nan
n3_3_D10,17.1,84.1,no activated state,nan,nan
n3_3_D10,17.1,89.1,no activated state,nan,nan
n3_3_D10,17.1,94.4,no activated state,nan,nan
n3_3_D10,17.1,100.0,no activated state,nan,nan
n3_3_D10,18.0,1.0,linearly stable,0.004624875202727141,0.004108882201368002
n3_3_D10,18.0,1.06,linearly stable,0.005408726978018308,0.004892463812934909
n3_3_D10,18.0,1.12,linearly stable,0.006286048038746661,0.005769482242936929
n3_3_D10,18.0,1.19,linearly stable,0.007434587266405779,0.006917624881147779
n3_3_D10,18.0,1.26,linearly stable,0.008725465991083925,0.008208057321320465
n3_3_D10,18.0,1.33,linearly stable,0.010166731184874767,0.009648823555617848
n3_3_D10,18.0,1.41,linearly stable,0.012008259781102093,0.011489713572027655
n3_3_D10,18.0,1.5,linearly stable,0.01434184855857823,0.013822491441858435
n3_3_D10,18.0,1.58,linearly stable,0.016661752057545276,0.016141586901808502
n3_3_D10,18.0,1.68,linearly stable,0.019904720557906708,0.019383422688685283
n3_3_D10,18.0,1.78,linearly stable,0.02354924753035581,0.023026672269056487
n3_3_D10,18.0,1.88,linearly stable,0.027616616344543266,0.02709260993503522
n3_3_D10,18.0,2.0,linearly stable,0.03308468118701324,0.03255874149589012
n3_3_D10,18.0,2.11,linearly stable,0.038687554230470766,0.03815962247599479
n3_3_D10,18.0,2.24,linearly stable,0.04607301371368233,0.045542438770801254
n3_3_D10,18.0,2.37,linearly stable,0.05432367391923598,0.053790122597575346
n3_3_D10,18.0,2.51,linearly stable,0.06421923666981,0.06368208243005744
n3_3_D10,18.0,2.66,linearly stable,0.07603161240541267,0.07549010936060763
n3_3_D10,18.0,2.82,linearly stable,0.09006328874267033,0.08951655086603547
n3_3_D10,18.0,2.99,linearly stable,0.10664622930456635,0.1060932063315896
n3_3_D10,18.0,3.16,linearly stable,0.1250032798596148,0.12444317216143058
n3_3_D10,18.0,3.35,linearly stable,0.14766715501090055,0.1470981110180824
n3_3_D10,18.0,3.55,linearly stable,0.1740111976657065,0.17343149489579382
n3_3_D10,18.0,3.76,linearly stable,0.20443965114737028,0.20384726007496623
n3_3_D10,18.0,3.98,linearly stable,0.23935164117073493,0.23874417224627215
n3_3_D10,18.0,4.22,linearly stable,0.2809307085385264,0.28030451915728904
n3_3_D10,18.0,4.47,linearly stable,0.32801147887987714,0.3273630280166959
n3_3_D10,18.0,4.73,linearly stable,0.3808749106242937,0.3802000194214041
n3_3_D10,18.0,5.01,linearly stable,0.44196503685111255,0.44125752568786314
n3_3_D10,18.0,5.31,linearly stable,0.5117766022893983,0.5110288331984054
n3_3_D10,18.0,5.62,linearly stable,0.5880756723552285,0.5872798449457296
n3_3_D10,18.0,5.96,linearly stable,0.6758212979625158,0.6749642458799401
n3_3_D10,18.0,6.31,linearly stable,0.7696049189906963,0.7686742769837986
n3_3_D10,18.0,6.68,linearly stable,0.8713827805668836,0.8703610153676921
n3_3_D10,18.0,7.08,linearly stable,0.9830421251529665,0.9819040980816807
n3_3_D10,18.0,7.5,linearly stable,1.1005195303843789,1.0992363828794103
n3_3_D10,18.0,7.94,Turing,1.22219235268977,1.220727558162002
n3_3_D10,18.0,8.41,Turing,1.3489020444944537,1.347203798614704
n3_3_D10,18.0,8.91,Turing,1.4784033380424586,1.4764037195007411
n3_3_D10,18.0,9.44,Turing,1.6083222920514242,1.6059319012582116
n3_3_D10,18.0,10.0,Turing,1.7363293917178488,1.7334301896874502
n3_3_D10,18.0,10.6,Turing,1.8623050468188533,1.8587282474046591
n3_3_D10,18.0,11.2,Turing,1.9766396409085765,1.9722189610117908
n3_3_D10,18.0,11.9,Turing,2.095804414133866,2.0901417411283787
n3_3_D10,18.0,12.6,Turing,2.2006532114789605,2.193407587701732
n3_3_D10,18.0,13.3,Turing,2.292500220882581,2.283251245327115
n3_3_D10,18.0,14.1,Turing,2.3833556089855135,2.37118039289989
n3_3_D10,18.0,15.0,Turing,2.4700332503987754,2.4535497666723343
n3_3_D10,18.0,15.8,Turing,2.5353688199893587,2.5139236473115676
n3_3_D10,18.0,16.8,Turing,2.6041664179077393,2.5746189019523866
n3_3_D10,18.0,17.8,Turing,2.6612219302329967,2.6208838086757154
n3_3_D10,18.0,18.8,Turing,2.708801974030472,2.654204896591214
n3_3_D10,18.0,20.0,Turing,2.7559472913998473,2.6782190244186843
n3_3_D10,18.0,21.1,Turing,2.791635094292934,2.6850007503891384
n3_3_D10,18.0,22.4,Turing,2.8266535868281615,2.6725841378840554
n3_3_D10,18.0,23.7,uniform ON,2.8558024671403577,2.6331484223550077
n3_3_D10,18.0,25.1,uniform ON,2.882594454460623,2.5467261459617268
n3_3_D10,18.0,26.6,uniform ON,2.908963975438276,2.3503398597182
n3_3_D10,18.0,28.2,no activated state,nan,nan
n3_3_D10,18.0,29.9,no activated state,nan,nan
n3_3_D10,18.0,31.6,no activated state,nan,nan
n3_3_D10,18.0,33.5,no activated state,nan,nan
n3_3_D10,18.0,35.5,no activated state,nan,nan
n3_3_D10,18.0,37.6,no activated state,nan,nan
n3_3_D10,18.0,39.8,no activated state,nan,nan
n3_3_D10,18.0,42.2,no activated state,nan,nan
n3_3_D10,18.0,44.7,no activated state,nan,nan
n3_3_D10,18.0,47.3,no activated state,nan,nan
n3_3_D10,18.0,50.1,no activated state,nan,nan
n3_3_D10,18.0,53.1,no activated state,nan,nan
n3_3_D10,18.0,56.2,no activated state,nan,nan
n3_3_D10,18.0,59.6,no activated state,nan,nan
n3_3_D10,18.0,63.1,no activated state,nan,nan
n3_3_D10,18.0,66.8,no activated state,nan,nan
n3_3_D10,18.0,70.8,no activated state,nan,nan
n3_3_D10,18.0,75.0,no activated state,nan,nan
n3_3_D10,18.0,79.4,no activated state,nan,nan
n3_3_D10,18.0,84.1,no activated state,nan,nan
n3_3_D10,18.0,89.1,no activated state,nan,nan
n3_3_D10,18.0,94.4,no activated state,nan,nan
n3_3_D10,18.0,100.0,no activated state,nan,nan
n3_3_D10,19.0,1.0,linearly stable,0.003932995702190412,0.0034944650873862766
n3_3_D10,19.0,1.06,linearly stable,0.004599763463047468,0.004161037595123833
n3_3_D10,19.0,1.12,linearly stable,0.005346100853815483,0.004907156277264502
n3_3_D10,19.0,1.19,linearly stable,0.006323262428989063,0.0058840312551782185
n3_3_D10,19.0,1.26,linearly stable,0.0074216582189601255,0.006982104555204651
n3_3_D10,19.0,1.33,linearly stable,0.008648183576821178,0.0082082693842652
n3_3_D10,19.0,1.41,linearly stable,0.010215592289848474,0.009775216722164349
n3_3_D10,19.0,1.5,linearly stable,0.012202229765546524,0.011761268376779446
n3_3_D10,19.0,1.58,linearly stable,0.014177675495969044,0.01373613042648683
n3_3_D10,19.0,1.68,linearly stable,0.016939897195130782,0.01649753403281277
n3_3_D10,19.0,1.78,linearly stable,0.020045217004384552,0.019601931415435585
n3_3_D10,19.0,1.88,linearly stable,0.023512154328022117,0.023067835482113316
n3_3_D10,19.0,2.0,linearly stable,0.028175235356550976,0.027729521058052292
n3_3_D10,19.0,2.11,linearly stable,0.03295592254958446,0.03250877076836608
n3_3_D10,19.0,2.24,linearly stable,0.039261705294547644,0.038812646796596045
n3_3_D10,19.0,2.37,linearly stable,0.04631171499956066,0.04586051027310681
n3_3_D10,19.0,2.51,linearly stable,0.05477493662927946,0.05432113506758663
n3_3_D10,19.0,2.66,linearly stable,0.06488850189998874,0.06443156760629147
n3_3_D10,19.0,2.82,linearly stable,0.07691775406456569,0.0764570512229386
n3_3_D10,19.0,2.99,linearly stable,0.09115601254451888,0.09069078855276833
n3_3_D10,19.0,3.16,linearly stable,0.10694518012770993,0.10647486425594506
n3_3_D10,19.0,3.35,linearly stable,0.12647889376231747,0.1260021619004759
n3_3_D10,19.0,3.55,linearly stable,0.14924048927846323,0.14875611419184365
n3_3_D10,19.0,3.76,linearly stable,0.17560628595163252,0.17511282534445907
n3_3_D10,19.0,3.98,linearly stable,0.20595678172985432,0.2054525423937622
n3_3_D10,19.0,4.22,linearly stable,0.24224312184827812,0.24172552573268583
n3_3_D10,19.0,4.47,linearly stable,0.2835155511288481,0.28298210752155073
n3_3_D10,19.0,4.73,linearly stable,0.3300927112248222,0.32954049317312817
n3_3_D10,19.0,5.01,linearly stable,0.38423108483722523,0.38365577180447363
n3_3_D10,19.0,5.31,linearly stable,0.4465129020212052,0.4459091819346592
n3_3_D10,19.0,5.62,linearly stable,0.5150934504882616,0.5144559465973231
n3_3_D10,19.0,5.96,linearly stable,0.5946302529164088,0.5939498921332053
n3_3_D10,19.0,6.31,linearly stable,0.6804403089232876,0.6797086783335173
n3_3_D10,19.0,6.68,linearly stable,0.7745140784211348,0.7737192868389744
n3_3_D10,19.0,7.08,linearly stable,0.8788759535114641,0.8780010285110166
n3_3_D10,19.0,7.5,linearly stable,0.9900022491550051,0.9890279062694063
n3_3_D10,19.0,7.94,linearly stable,1.1065574559210658,1.1054594651265133
n3_3_D10,19.0,8.41,Turing,1.2295474131313173,1.2282915729922979
n3_3_D10,19.0,8.91,Turing,1.356977671777046,1.3555194753476627
n3_3_D10,19.0,9.44,Turing,1.4866123594798815,1.48489364951261
n3_3_D10,19.0,10.0,Turing,1.6161315391347004,1.6140760587436072
n3_3_D10,19.0,10.6,Turing,1.7453660329630825,1.7428652910155307
n3_3_D10,19.0,11.2,Turing,1.8642066182605177,1.8611551820620922
n3_3_D10,19.0,11.9,Turing,1.9896620009339223,1.985805711815942
n3_3_D10,19.0,12.6,Turing,2.1014104297276823,2.0965353669316893
n3_3_D10,19.0,13.3,Turing,2.2003622467641435,2.194205994879191
n3_3_D10,19.0,14.1,Turing,2.2992254643899193,2.2912096742818786
n3_3_D10,19.0,15.0,Turing,2.3944484818704304,2.383713513558591
n3_3_D10,19.0,15.8,Turing,2.466801193489194,2.452955184028286
n3_3_D10,19.0,16.8,Turing,2.5435030961063103,2.5246132992019183
n3_3_D10,19.0,17.8,Turing,2.6074851115798,2.581935124067766
n3_3_D10,19.0,18.8,Turing,2.6610596192116973,2.6267941774525423
n3_3_D10,19.0,20.0,Turing,2.714273730307221,2.6660564601746426
n3_3_D10,19.0,21.1,Turing,2.754558029867619,2.6892140917657383
n3_3_D10,19.0,22.4,Turing,2.793942350749006,2.7012325859457054
n3_3_D10,19.0,23.7,Turing,2.826374877540406,2.6957945266815635
n3_3_D10,19.0,25.1,uniform ON,2.855390305633945,2.6671519394007435
n3_3_D10,19.0,26.6,uniform ON,2.881507676029461,2.6011434958012694
n3_3_D10,19.0,28.2,uniform ON,2.905897861553919,2.461364892953141
n3_3_D10,19.0,29.9,no activated state,nan,nan
n3_3_D10,19.0,31.6,no activated state,nan,nan
n3_3_D10,19.0,33.5,no activated state,nan,nan
n3_3_D10,19.0,35.5,no activated state,nan,nan
n3_3_D10,19.0,37.6,no activated state,nan,nan
n3_3_D10,19.0,39.8,no activated state,nan,nan
n3_3_D10,19.0,42.2,no activated state,nan,nan
n3_3_D10,19.0,44.7,no activated state,nan,nan
n3_3_D10,19.0,47.3,no activated state,nan,nan
n3_3_D10,19.0,50.1,no activated state,nan,nan
n3_3_D10,19.0,53.1,no activated state,nan,nan
n3_3_D10,19.0,56.2,no activated state,nan,nan
n3_3_D10,19.0,59.6,no activated state,nan,nan
n3_3_D10,19.0,63.1,no activated state,nan,nan
n3_3_D10,19.0,66.8,no activated state,nan,nan
n3_3_D10,19.0,70.8,no activated state,nan,nan
n3_3_D10,19.0,75.0,no activated state,nan,nan
n3_3_D10,19.0,79.4,no activated state,nan,nan
n3_3_D10,19.0,84.1,no activated state,nan,nan
n3_3_D10,19.0,89.1,no activated state,nan,nan
n3_3_D10,19.0,94.4,no activated state,nan,nan
n3_3_D10,19.0,100.0,no activated state,nan,nan
n3_3_D10,20.0,1.0,linearly stable,0.0033724720697776434,0.0029966275279302225
n3_3_D10,20.0,1.06,linearly stable,0.003944338262725888,0.0035683502300196813
n3_3_D10,20.0,1.12,linearly stable,0.004584491874527363,0.004208343118999705
n3_3_D10,20.0,1.19,linearly stable,0.005422698250387659,0.005046338891239073
n3_3_D10,20.0,1.26,linearly stable,0.006364991949355914,0.0059883956228643145
n3_3_D10,20.0,1.33,linearly stable,0.007417321964221513,0.007040460733906059
n3_3_D10,20.0,1.41,linearly stable,0.008762300544990942,0.008385100335103965
n3_3_D10,20.0,1.5,linearly stable,0.010467303436309305,0.010089672850902459
n3_3_D10,20.0,1.58,linearly stable,0.012163020599900265,0.01178496125189157
n3_3_D10,20.0,1.68,linearly stable,0.014534638331947791,0.014155978093776812
n3_3_D10,20.0,1.78,linearly stable,0.017201581015925282,0.016822243349062276
n3_3_D10,20.0,1.88,linearly stable,0.02018002273822561,0.01979992636795195
n3_3_D10,20.0,2.0,linearly stable,0.02418761987027762,0.02380649904103778
n3_3_D10,20.0,2.11,linearly stable,0.02829813814935389,0.027915962242796494
n3_3_D10,20.0,2.24,linearly stable,0.033722821925903035,0.0333392469058983
n3_3_D10,20.0,2.37,linearly stable,0.03979160048617181,0.03940645110537325
n3_3_D10,20.0,2.51,linearly stable,0.04708228262474723,0.04669522904720192
n3_3_D10,20.0,2.66,linearly stable,0.055802375842437635,0.0554130261272414
n3_3_D10,20.0,2.82,linearly stable,0.06618516133959262,0.06579305092675572
n3_3_D10,20.0,2.99,linearly stable,0.07849000885909274,0.07809458850067852
n3_3_D10,20.0,3.16,linearly stable,0.09215473717315292,0.09175559171448867
n3_3_D10,20.0,3.35,linearly stable,0.10908872861491736,0.10868489333944895
n3_3_D10,20.0,3.55,linearly stable,0.12886094765462897,0.128451531170498
n3_3_D10,20.0,3.76,linearly stable,0.151817928357303,0.1514018852987698
n3_3_D10,20.0,3.98,linearly stable,0.17831635251394562,0.17789245864555958
n3_3_D10,20.0,4.22,linearly stable,0.21009872724716272,0.20966512042441865
n3_3_D10,20.0,4.47,linearly stable,0.24638334305393206,0.24593823360165834
n3_3_D10,20.0,4.73,linearly stable,0.28750525512713343,0.28704654749488795
n3_3_D10,20.0,5.01,linearly stable,0.3355357705362014,0.33506037621588114
n3_3_D10,20.0,5.31,linearly stable,0.3911032504727755,0.39060738942491957
n3_3_D10,20.0,5.62,linearly stable,0.45268038114840814,0.45216025714546815
n3_3_D10,20.0,5.96,linearly stable,0.5246120462911228,0.5240612547893329
n3_3_D10,20.0,6.31,linearly stable,0.6028470554856352,0.6022597253442346
n3_3_D10,20.0,6.68,linearly stable,0.6893771353826915,0.6887449919301838
n3_3_D10,20.0,7.08,linearly stable,0.7863144553380136,0.7856257365684878
n3_3_D10,20.0,7.5,linearly stable,0.8906433629715117,0.8898848312463932
n3_3_D10,20.0,7.94,linearly stable,1.0013176565575512,1.0004727936851638
n3_3_D10,20.0,8.41,linearly stable,1.1195123275961785,1.118557922398801
n3_3_D10,20.0,8.91,Turing,1.2435296645003353,1.242435727937377
n3_3_D10,20.0,9.44,Turing,1.371347557360645,1.3700751770289274
n3_3_D10,20.0,10.0,Turing,1.5007507513153193,1.4992492486846807
n3_3_D10,20.0,10.6,Turing,1.6315948271086975,1.629792455396307
n3_3_D10,20.0,11.2,Turing,1.753464562553403,1.7512925390609722
n3_3_D10,20.0,11.9,Turing,1.8837564809457188,1.8810478123259933
n3_3_D10,20.0,12.6,Turing,2.001253000850127,1.9978695271714262
n3_3_D10,20.0,13.3,Turing,2.106442769881766,2.102215801193672
n3_3_D10,20.0,14.1,Turing,2.2126263299840927,2.207182406635662
n3_3_D10,20.0,15.0,Turing,2.3159342563560785,2.3087218847982345
n3_3_D10,20.0,15.8,Turing,2.39510774538009,2.3858837786043674
n3_3_D10,20.0,16.8,Turing,2.4796715913308924,2.4672058330545186
n3_3_D10,20.0,17.8,Turing,2.550693787574189,2.533975610140894
n3_3_D10,20.0,18.8,Turing,2.610479562774519,2.5882355426599095
n3_3_D10,20.0,20.0,Turing,2.6701125427913373,2.6390996576693033
n3_3_D10,20.0,21.1,Turing,2.7153783084230514,2.6737165317771354
n3_3_D10,20.0,22.4,Turing,2.7596643605705715,2.701234153858465
n3_3_D10,20.0,23.7,Turing,2.796056036697854,2.714912848508223
n3_3_D10,20.0,25.1,Turing,2.8283850285623062,2.713790618702083
n3_3_D10,20.0,26.6,uniform ON,2.856969250814916,2.6919954613643964
n3_3_D10,20.0,28.2,uniform ON,2.8823434217112234,2.638539128377944
n3_3_D10,20.0,29.9,uniform ON,2.905423964560013,2.528102451166707
n3_3_D10,20.0,31.6,uniform ON,2.92765514188274,2.2828055360816517
n3_3_D10,20.0,33.5,no activated state,nan,nan
n3_3_D10,20.0,35.5,no activated state,nan,nan
n3_3_D10,20.0,37.6,no activated state,nan,nan
n3_3_D10,20.0,39.8,no activated state,nan,nan
n3_3_D10,20.0,42.2,no activated state,nan,nan
n3_3_D10,20.0,44.7,no activated state,nan,nan
n3_3_D10,20.0,47.3,no activated state,nan,nan
n3_3_D10,20.0,50.1,no activated state,nan,nan
n3_3_D10,20.0,53.1,no activated state,nan,nan
n3_3_D10,20.0,56.2,no activated state,nan,nan
n3_3_D10,20.0,59.6,no activated state,nan,nan
n3_3_D10,20.0,63.1,no activated state,nan,nan
n3_3_D10,20.0,66.8,no activated state,nan,nan
n3_3_D10,20.0,70.8,no activated state,nan,nan
n3_3_D10,20.0,75.0,no activated state,nan,nan
n3_3_D10,20.0,79.4,no activated state,nan,nan
n3_3_D10,20.0,84.1,no activated state,nan,nan
n3_3_D10,20.0,89.1,no activated state,nan,nan
n3_3_D10,20.0,94.4,no activated state,nan,nan
n3_3_D10,20.0,100.0,no activated state,nan,nan
n4_4_D10,2.5,1.0,Turing,1.4391608344073759,1.0489197222267388
n4_4_D10,2.5,1.06,Turing,1.7353253739970227,1.171087170447514
n4_4_D10,2.5,1.12,no activated state,nan,nan
n4_4_D10,2.5,1.19,no activated state,nan,nan
n4_4_D10,2.5,1.26,no activated state,nan,nan
n4_4_D10,2.5,1.33,no activated state,nan,nan
n4_4_D10,2.5,1.41,no activated state,nan,nan
n4_4_D10,2.5,1.5,no activated state,nan,nan
n4_4_D10,2.5,1.58,no activated state,nan,nan
n4_4_D10,2.5,1.68,no activated state,nan,nan
n4_4_D10,2.5,1.78,no activated state,nan,nan
n4_4_D10,2.5,1.88,no activated state,nan,nan
n4_4_D10,2.5,2.0,no activated state,nan,nan
n4_4_D10,2.5,2.11,no activated state,nan,nan
n4_4_D10,2.5,2.24,no activated state,nan,nan
n4_4_D10,2.5,2.37,no activated state,nan,nan
n4_4_D10,2.5,2.51,no activated state,nan,nan
n4_4_D10,2.5,2.66,no activated state,nan,nan
n4_4_D10,2.5,2.82,no activated state,nan,nan
n4_4_D10,2.5,2.99,no activated state,nan,nan
n4_4_D10,2.5,3.16,no activated state,nan,nan
n4_4_D10,2.5,3.35,no activated state,nan,nan
n4_4_D10,2.5,3.55,no activated state,nan,nan
n4_4_D10,2.5,3.76,no activated state,nan,nan
n4_4_D10,2.5,3.98,no activated state,nan,nan
n4_4_D10,2.5,4.22,no activated state,nan,nan
n4_4_D10,2.5,4.47,no activated state,nan,nan
n4_4_D10,2.5,4.73,no activated state,nan,nan
n4_4_D10,2.5,5.01,no activated state,nan,nan
n4_4_D10,2.5,5.31,no activated state,nan,nan
n4_4_D10,2.5,5.62,no activated state,nan,nan
n4_4_D10,2.5,5.96,no activated state,nan,nan
n4_4_D10,2.5,6.31,no activated state,nan,nan
n4_4_D10,2.5,6.68,no activated state,nan,nan
n4_4_D10,2.5,7.08,no activated state,nan,nan
n4_4_D10,2.5,7.5,no activated state,nan,nan
n4_4_D10,2.5,7.94,no activated state,nan,nan
n4_4_D10,2.5,8.41,no activated state,nan,nan
n4_4_D10,2.5,8.91,no activated state,nan,nan
n4_4_D10,2.5,9.44,no activated state,nan,nan
n4_4_D10,2.5,10.0,no activated state,nan,nan
n4_4_D10,2.5,10.6,no activated state,nan,nan
n4_4_D10,2.5,11.2,no activated state,nan,nan
n4_4_D10,2.5,11.9,no activated state,nan,nan
n4_4_D10,2.5,12.6,no activated state,nan,nan
n4_4_D10,2.5,13.3,no activated state,nan,nan
n4_4_D10,2.5,14.1,no activated state,nan,nan
n4_4_D10,2.5,15.0,no activated state,nan,nan
n4_4_D10,2.5,15.8,no activated state,nan,nan
n4_4_D10,2.5,16.8,no activated state,nan,nan
n4_4_D10,2.5,17.8,no activated state,nan,nan
n4_4_D10,2.5,18.8,no activated state,nan,nan
n4_4_D10,2.5,20.0,no activated state,nan,nan
n4_4_D10,2.5,21.1,no activated state,nan,nan
n4_4_D10,2.5,22.4,no activated state,nan,nan
n4_4_D10,2.5,23.7,no activated state,nan,nan
n4_4_D10,2.5,25.1,no activated state,nan,nan
n4_4_D10,2.5,26.6,no activated state,nan,nan
n4_4_D10,2.5,28.2,no activated state,nan,nan
n4_4_D10,2.5,29.9,no activated state,nan,nan
n4_4_D10,2.5,31.6,no activated state,nan,nan
n4_4_D10,2.5,33.5,no activated state,nan,nan
n4_4_D10,2.5,35.5,no activated state,nan,nan
n4_4_D10,2.5,37.6,no activated state,nan,nan
n4_4_D10,2.5,39.8,no activated state,nan,nan
n4_4_D10,2.5,42.2,no activated state,nan,nan
n4_4_D10,2.5,44.7,no activated state,nan,nan
n4_4_D10,2.5,47.3,no activated state,nan,nan
n4_4_D10,2.5,50.1,no activated state,nan,nan
n4_4_D10,2.5,53.1,no activated state,nan,nan
n4_4_D10,2.5,56.2,no activated state,nan,nan
n4_4_D10,2.5,59.6,no activated state,nan,nan
n4_4_D10,2.5,63.1,no activated state,nan,nan
n4_4_D10,2.5,66.8,no activated state,nan,nan
n4_4_D10,2.5,70.8,no activated state,nan,nan
n4_4_D10,2.5,75.0,no activated state,nan,nan
n4_4_D10,2.5,79.4,no activated state,nan,nan
n4_4_D10,2.5,84.1,no activated state,nan,nan
n4_4_D10,2.5,89.1,no activated state,nan,nan
n4_4_D10,2.5,94.4,no activated state,nan,nan
n4_4_D10,2.5,100.0,no activated state,nan,nan
n4_4_D10,2.63,1.0,linearly stable,1.1815497984454013,0.9425564170082056
n4_4_D10,2.63,1.06,Turing,1.4020200800221914,1.0968727311082596
n4_4_D10,2.63,1.12,Turing,1.64892236297518,1.2371889999459793
n4_4_D10,2.63,1.19,Turing,2.015520642280711,1.3308570822246164
n4_4_D10,2.63,1.26,no activated state,nan,nan
n4_4_D10,2.63,1.33,no activated state,nan,nan
n4_4_D10,2.63,1.41,no activated state,nan,nan
n4_4_D10,2.63,1.5,no activated state,nan,nan
n4_4_D10,2.63,1.58,no activated state,nan,nan
n4_4_D10,2.63,1.68,no activated state,nan,nan
n4_4_D10,2.63,1.78,no activated state,nan,nan
n4_4_D10,2.63,1.88,no activated state,nan,nan
n4_4_D10,2.63,2.0,no activated state,nan,nan
n4_4_D10,2.63,2.11,no activated state,nan,nan
n4_4_D10,2.63,2.24,no activated state,nan,nan
n4_4_D10,2.63,2.37,no activated state,nan,nan
n4_4_D10,2.63,2.51,no activated state,nan,nan
n4_4_D10,2.63,2.66,no activated state,nan,nan
n4_4_D10,2.63,2.82,no activated state,nan,nan
n4_4_D10,2.63,2.99,no activated state,nan,nan
n4_4_D10,2.63,3.16,no activated state,nan,nan
n4_4_D10,2.63,3.35,no activated state,nan,nan
n4_4_D10,2.63,3.55,no activated state,nan,nan
n4_4_D10,2.63,3.76,no activated state,nan,nan
n4_4_D10,2.63,3.98,no activated state,nan,nan
n4_4_D10,2.63,4.22,no activated state,nan,nan
n4_4_D10,2.63,4.47,no activated state,nan,nan
n4_4_D10,2.63,4.73,no activated state,nan,nan
n4_4_D10,2.63,5.01,no activated state,nan,nan
n4_4_D10,2.63,5.31,no activated state,nan,nan
n4_4_D10,2.63,5.62,no activated state,nan,nan
n4_4_D10,2.63,5.96,no activated state,nan,nan
n4_4_D10,2.63,6.31,no activated state,nan,nan
n4_4_D10,2.63,6.68,no activated state,nan,nan
n4_4_D10,2.63,7.08,no activated state,nan,nan
n4_4_D10,2.63,7.5,no activated state,nan,nan
n4_4_D10,2.63,7.94,no activated state,nan,nan
n4_4_D10,2.63,8.41,no activated state,nan,nan
n4_4_D10,2.63,8.91,no activated state,nan,nan
n4_4_D10,2.63,9.44,no activated state,nan,nan
n4_4_D10,2.63,10.0,no activated state,nan,nan
n4_4_D10,2.63,10.6,no activated state,nan,nan
n4_4_D10,2.63,11.2,no activated state,nan,nan
n4_4_D10,2.63,11.9,no activated state,nan,nan
n4_4_D10,2.63,12.6,no activated state,nan,nan
n4_4_D10,2.63,13.3,no activated state,nan,nan
n4_4_D10,2.63,14.1,no activated state,nan,nan
n4_4_D10,2.63,15.0,no activated state,nan,nan
n4_4_D10,2.63,15.8,no activated state,nan,nan
n4_4_D10,2.63,16.8,no activated state,nan,nan
n4_4_D10,2.63,17.8,no activated state,nan,nan
n4_4_D10,2.63,18.8,no activated state,nan,nan
n4_4_D10,2.63,20.0,no activated state,nan,nan
n4_4_D10,2.63,21.1,no activated state,nan,nan
n4_4_D10,2.63,22.4,no activated state,nan,nan
n4_4_D10,2.63,23.7,no activated state,nan,nan
n4_4_D10,2.63,25.1,no activated state,nan,nan
n4_4_D10,2.63,26.6,no activated state,nan,nan
n4_4_D10,2.63,28.2,no activated state,nan,nan
n4_4_D10,2.63,29.9,no activated state,nan,nan
n4_4_D10,2.63,31.6,no activated state,nan,nan
n4_4_D10,2.63,33.5,no activated state,nan,nan
n4_4_D10,2.63,35.5,no activated state,nan,nan
n4_4_D10,2.63,37.6,no activated state,nan,nan
n4_4_D10,2.63,39.8,no activated state,nan,nan
n4_4_D10,2.63,42.2,no activated state,nan,nan
n4_4_D10,2.63,44.7,no activated state,nan,nan
n4_4_D10,2.63,47.3,no activated state,nan,nan
n4_4_D10,2.63,50.1,no activated state,nan,nan
n4_4_D10,2.63,53.1,no activated state,nan,nan
n4_4_D10,2.63,56.2,no activated state,nan,nan
n4_4_D10,2.63,59.6,no activated state,nan,nan
n4_4_D10,2.63,63.1,no activated state,nan,nan
n4_4_D10,2.63,66.8,no activated state,nan,nan
n4_4_D10,2.63,70.8,no activated state,nan,nan
n4_4_D10,2.63,75.0,no activated state,nan,nan
n4_4_D10,2.63,79.4,no activated state,nan,nan
n4_4_D10,2.63,84.1,no activated state,nan,nan
n4_4_D10,2.63,89.1,no activated state,nan,nan
n4_4_D10,2.63,94.4,no activated state,nan,nan
n4_4_D10,2.63,100.0,no activated state,nan,nan
n4_4_D10,2.77,1.0,linearly stable,0.9787574052821775,0.8210819505130204
n4_4_D10,2.77,1.06,linearly stable,1.1637149221791585,0.9731375874960346
n4_4_D10,2.77,1.12,Turing,1.3645593749190086,1.127006013430356
n4_4_D10,2.77,1.19,Turing,1.6196676716154754,1.2972579682286627
n4_4_D10,2.77,1.26,Turing,1.907932400235881,1.4330416086098112
n4_4_D10,2.77,1.33,no activated state,nan,nan
n4_4_D10,2.77,1.41,no activated state,nan,nan
n4_4_D10,2.77,1.5,no activated state,nan,nan
n4_4_D10,2.77,1.58,no activated state,nan,nan
n4_4_D10,2.77,1.68,no activated state,nan,nan
n4_4_D10,2.77,1.78,no activated state,nan,nan
n4_4_D10,2.77,1.88,no activated state,nan,nan
n4_4_D10,2.77,2.0,no activated state,nan,nan
n4_4_D10,2.77,2.11,no activated state,nan,nan
n4_4_D10,2.77,2.24,no activated state,nan,nan
n4_4_D10,2.77,2.37,no activated state,nan,nan
n4_4_D10,2.77,2.51,no activated state,nan,nan
n4_4_D10,2.77,2.66,no activated state,nan,nan
n4_4_D10,2.77,2.82,no activated state,nan,nan
n4_4_D10,2.77,2.99,no activated state,nan,nan
n4_4_D10,2.77,3.16,no activated state,nan,nan
n4_4_D10,2.77,3.35,no activated state,nan,nan
n4_4_D10,2.77,3.55,no activated state,nan,nan
n4_4_D10,2.77,3.76,no activated state,nan,nan
n4_4_D10,2.77,3.98,no activated state,nan,nan
n4_4_D10,2.77,4.22,no activated state,nan,nan
n4_4_D10,2.77,4.47,no activated state,nan,nan
n4_4_D10,2.77,4.73,no activated state,nan,nan
n4_4_D10,2.77,5.01,no activated state,nan,nan
n4_4_D10,2.77,5.31,no activated state,nan,nan
n4_4_D10,2.77,5.62,no activated state,nan,nan
n4_4_D10,2.77,5.96,no activated state,nan,nan
n4_4_D10,2.77,6.31,no activated state,nan,nan
n4_4_D10,2.77,6.68,no activated state,nan,nan
n4_4_D10,2.77,7.08,no activated state,nan,nan
n4_4_D10,2.77,7.5,no activated state,nan,nan
n4_4_D10,2.77,7.94,no activated state,nan,nan
n4_4_D10,2.77,8.41,no activated state,nan,nan
n4_4_D10,2.77,8.91,no activated state,nan,nan
n4_4_D10,2.77,9.44,no activated state,nan,nan
n4_4_D10,2.77,10.0,no activated state,nan,nan
n4_4_D10,2.77,10.6,no activated state,nan,nan
n4_4_D10,2.77,11.2,no activated state,nan,nan
n4_4_D10,2.77,11.9,no activated state,nan,nan
n4_4_D10,2.77,12.6,no activated state,nan,nan
n4_4_D10,2.77,13.3,no activated state,nan,nan
n4_4_D10,2.77,14.1,no activated state,nan,nan
n4_4_D10,2.77,15.0,no activated state,nan,nan
n4_4_D10,2.77,15.8,no activated state,nan,nan
n4_4_D10,2.77,16.8,no activated state,nan,nan
n4_4_D10,2.77,17.8,no activated state,nan,nan
n4_4_D10,2.77,18.8,no activated state,nan,nan
n4_4_D10,2.77,20.0,no activated state,nan,nan
n4_4_D10,2.77,21.1,no activated state,nan,nan
n4_4_D10,2.77,22.4,no activated state,nan,nan
n4_4_D10,2.77,23.7,no activated state,nan,nan
n4_4_D10,2.77,25.1,no activated state,nan,nan
n4_4_D10,2.77,26.6,no activated state,nan,nan
n4_4_D10,2.77,28.2,no activated state,nan,nan
n4_4_D10,2.77,29.9,no activated state,nan,nan
n4_4_D10,2.77,31.6,no activated state,nan,nan
n4_4_D10,2.77,33.5,no activated state,nan,nan
n4_4_D10,2.77,35.5,no activated state,nan,nan
n4_4_D10,2.77,37.6,no activated state,nan,nan
n4_4_D10,2.77,39.8,no activated state,nan,nan
n4_4_D10,2.77,42.2,no activated state,nan,nan
n4_4_D10,2.77,44.7,no activated state,nan,nan
n4_4_D10,2.77,47.3,no activated state,nan,nan
n4_4_D10,2.77,50.1,no activated state,nan,nan
n4_4_D10,2.77,53.1,no activated state,nan,nan
n4_4_D10,2.77,56.2,no activated state,nan,nan
n4_4_D10,2.77,59.6,no activated state,nan,nan
n4_4_D10,2.77,63.1,no activated state,nan,nan
n4_4_D10,2.77,66.8,no activated state,nan,nan
n4_4_D10,2.77,70.8,no activated state,nan,nan
n4_4_D10,2.77,75.0,no activated state,nan,nan
n4_4_D10,2.77,79.4,no activated state,nan,nan
n4_4_D10,2.77,84.1,no activated state,nan,nan
n4_4_D10,2.77,89.1,no activated state,nan,nan
n4_4_D10,2.77,94.4,no activated state,nan,nan
n4_4_D10,2.77,100.0,no activated state,nan,nan
n4_4_D10,2.92,1.0,linearly stable,0.8104873209739489,0.7019608800387611
n4_4_D10,2.92,1.06,linearly stable,0.9686753892297553,0.842256717453557
n4_4_D10,2.92,1.12,linearly stable,1.1408097781078137,0.9901562142682651
n4_4_D10,2.92,1.19,Turing,1.3571626192859392,1.1663982606351395
n4_4_D10,2.92,1.26,Turing,1.5887397703922383,1.3375648286759072
n4_4_D10,2.92,1.33,Turing,1.837419629502254,1.4892492750457504
n4_4_D10,2.92,1.41,Turing,2.1662305312699983,1.5951802543648137
n4_4_D10,2.92,1.5,no activated state,nan,nan
n4_4_D10,2.92,1.58,no activated state,nan,nan
n4_4_D10,2.92,1.68,no activated state,nan,nan
n4_4_D10,2.92,1.78,no activated state,nan,nan
n4_4_D10,2.92,1.88,no activated state,nan,nan
n4_4_D10,2.92,2.0,no activated state,nan,nan
n4_4_D10,2.92,2.11,no activated state,nan,nan
n4_4_D10,2.92,2.24,no activated state,nan,nan
n4_4_D10,2.92,2.37,no activated state,nan,nan
n4_4_D10,2.92,2.51,no activated state,nan,nan
n4_4_D10,2.92,2.66,no activated state,nan,nan
n4_4_D10,2.92,2.82,no activated state,nan,nan
n4_4_D10,2.92,2.99,no activated state,nan,nan
n4_4_D10,2.92,3.16,no activated state,nan,nan
n4_4_D10,2.92,3.35,no activated state,nan,nan
n4_4_D10,2.92,3.55,no activated state,nan,nan
n4_4_D10,2.92,3.76,no activated state,nan,nan
n4_4_D10,2.92,3.98,no activated state,nan,nan
n4_4_D10,2.92,4.22,no activated state,nan,nan
n4_4_D10,2.92,4.47,no activated state,nan,nan
n4_4_D10,2.92,4.73,no activated state,nan,nan
n4_4_D10,2.92,5.01,no activated state,nan,nan
n4_4_D10,2.92,5.31,no activated state,nan,nan
n4_4_D10,2.92,5.62,no activated state,nan,nan
n4_4_D10,2.92,5.96,no activated state,nan,nan
n4_4_D10,2.92,6.31,no activated state,nan,nan
n4_4_D10,2.92,6.68,no activated state,nan,nan
n4_4_D10,2.92,7.08,no activated state,nan,nan
n4_4_D10,2.92,7.5,no activated state,nan,nan
n4_4_D10,2.92,7.94,no activated state,nan,nan
n4_4_D10,2.92,8.41,no activated state,nan,nan
n4_4_D10,2.92,8.91,no activated state,nan,nan
n4_4_D10,2.92,9.44,no activated state,nan,nan
n4_4_D10,2.92,10.0,no activated state,nan,nan
n4_4_D10,2.92,10.6,no activated state,nan,nan
n4_4_D10,2.92,11.2,no activated state,nan,nan
n4_4_D10,2.92,11.9,no activated state,nan,nan
n4_4_D10,2.92,12.6,no activated state,nan,nan
n4_4_D10,2.92,13.3,no activated state,nan,nan
n4_4_D10,2.92,14.1,no activated state,nan,nan
n4_4_D10,2.92,15.0,no activated state,nan,nan
n4_4_D10,2.92,15.8,no activated state,nan,nan
n4_4_D10,2.92,16.8,no activated state,nan,nan
n4_4_D10,2.92,17.8,no activated state,nan,nan
n4_4_D10,2.92,18.8,no activated state,nan,nan
n4_4_D10,2.92,20.0,no activated state,nan,nan
n4_4_D10,2.92,21.1,no activated state,nan,nan
n4_4_D10,2.92,22.4,no activated state,nan,nan
n4_4_D10,2.92,23.7,no activated state,nan,nan
n4_4_D10,2.92,25.1,no activated state,nan,nan
n4_4_D10,2.92,26.6,no activated state,nan,nan
n4_4_D10,2.92,28.2,no activated state,nan,nan
n4_4_D10,2.92,29.9,no activated state,nan,nan
n4_4_D10,2.92,31.6,no activated state,nan,nan
n4_4_D10,2.92,33.5,no activated state,nan,nan
n4_4_D10,2.92,35.5,no activated state,nan,nan
n4_4_D10,2.92,37.6,no activated state,nan,nan
n4_4_D10,2.92,39.8,no activated state,nan,nan
n4_4_D10,2.92,42.2,no activated state,nan,nan
n4_4_D10,2.92,44.7,no activated state,nan,nan
n4_4_D10,2.92,47.3,no activated state,nan,nan
n4_4_D10,2.92,50.1,no activated state,nan,nan
n4_4_D10,2.92,53.1,no activated state,nan,nan
n4_4_D10,2.92,56.2,no activated state,nan,nan
n4_4_D10,2.92,59.6,no activated state,nan,nan
n4_4_D10,2.92,63.1,no activated state,nan,nan
n4_4_D10,2.92,66.8,no activated state,nan,nan
n4_4_D10,2.92,70.8,no activated state,nan,nan
n4_4_D10,2.92,75.0,no activated state,nan,nan
n4_4_D10,2.92,79.4,no activated state,nan,nan
n4_4_D10,2.92,84.1,no activated state,nan,nan
n4_4_D10,2.92,89.1,no activated state,nan,nan
n4_4_D10,2.92,94.4,no activated state,nan,nan
n4_4_D10,2.92,100.0,no activated state,nan,nan
n4_4_D10,3.08,1.0,linearly stable,0.6691807608016358,0.5921996974597384
n4_4_D10,3.08,1.06,linearly stable,0.8044521805120972,0.7172753376944184
n4_4_D10,3.08,1.12,linearly stable,0.9529953272163394,0.8524370698532806
n4_4_D10,3.08,1.19,linearly stable,1.1410563815447952,1.0193200172332708
n4_4_D10,3.08,1.26,Turing,1.3424717577553826,1.1909051838922842
n4_4_D10,3.08,1.33,Turing,1.5548672788081443,1.3602731258044356
n4_4_D10,3.08,1.41,Turing,1.8098735946683653,1.5390855068970082
n4_4_D10,3.08,1.5,Turing,2.120223972928705,1.6919528628135663
n4_4_D10,3.08,1.58,uniform ON,2.512431396922196,1.6482476603642147
n4_4_D10,3.08,1.68,no activated state,nan,nan
n4_4_D10,3.08,1.78,no activated state,nan,nan
n4_4_D10,3.08,1.88,no activated state,nan,nan
n4_4_D10,3.08,2.0,no activated state,nan,nan
n4_4_D10,3.08,2.11,no activated state,nan,nan
n4_4_D10,3.08,2.24,no activated state,nan,nan
n4_4_D10,3.08,2.37,no activated state,nan,nan
n4_4_D10,3.08,2.51,no activated state,nan,nan
n4_4_D10,3.08,2.66,no activated state,nan,nan
n4_4_D10,3.08,2.82,no activated state,nan,nan
n4_4_D10,3.08,2.99,no activated state,nan,nan
n4_4_D10,3.08,3.16,no activated state,nan,nan
n4_4_D10,3.08,3.35,no activated state,nan,nan
n4_4_D10,3.08,3.55,no activated state,nan,nan
n4_4_D10,3.08,3.76,no activated state,nan,nan
n4_4_D10,3.08,3.98,no activated state,nan,nan
n4_4_D10,3.08,4.22,no activated state,nan,nan
n4_4_D10,3.08,4.47,no activated state,nan,nan
n4_4_D10,3.08,4.73,no activated state,nan,nan
n4_4_D10,3.08,5.01,no activated state,nan,nan
n4_4_D10,3.08,5.31,no activated state,nan,nan
n4_4_D10,3.08,5.62,no activated state,nan,nan
n4_4_D10,3.08,5.96,no activated state,nan,nan
n4_4_D10,3.08,6.31,no activated state,nan,nan
n4_4_D10,3.08,6.68,no activated state,nan,nan
n4_4_D10,3.08,7.08,no activated state,nan,nan
n4_4_D10,3.08,7.5,no activated state,nan,nan
n4_4_D10,3.08,7.94,no activated state,nan,nan
n4_4_D10,3.08,8.41,no activated state,nan,nan
n4_4_D10,3.08,8.91,no activated state,nan,nan
n4_4_D10,3.08,9.44,no activated state,nan,nan
n4_4_D10,3.08,10.0,no activated state,nan,nan
n4_4_D10,3.08,10.6,no activated state,nan,nan
n4_4_D10,3.08,11.2,no activated state,nan,nan
n4_4_D10,3.08,11.9,no activated state,nan,nan
n4_4_D10,3.08,12.6,no activated state,nan,nan
n4_4_D10,3.08,13.3,no activated state,nan,nan
n4_4_D10,3.08,14.1,no activated state,nan,nan
n4_4_D10,3.08,15.0,no activated state,nan,nan
n4_4_D10,3.08,15.8,no activated state,nan,nan
n4_4_D10,3.08,16.8,no activated state,nan,nan
n4_4_D10,3.08,17.8,no activated state,nan,nan
n4_4_D10,3.08,18.8,no activated state,nan,nan
n4_4_D10,3.08,20.0,no activated state,nan,nan
n4_4_D10,3.08,21.1,no activated state,nan,nan
n4_4_D10,3.08,22.4,no activated state,nan,nan
n4_4_D10,3.08,23.7,no activated state,nan,nan
n4_4_D10,3.08,25.1,no activated state,nan,nan
n4_4_D10,3.08,26.6,no activated state,nan,nan
n4_4_D10,3.08,28.2,no activated state,nan,nan
n4_4_D10,3.08,29.9,no activated state,nan,nan
n4_4_D10,3.08,31.6,no activated state,nan,nan
n4_4_D10,3.08,33.5,no activated state,nan,nan
n4_4_D10,3.08,35.5,no activated state,nan,nan
n4_4_D10,3.08,37.6,no activated state,nan,nan
n4_4_D10,3.08,39.8,no activated state,nan,nan
n4_4_D10,3.08,42.2,no activated state,nan,nan
n4_4_D10,3.08,44.7,no activated state,nan,nan
n4_4_D10,3.08,47.3,no activated state,nan,nan
n4_4_D10,3.08,50.1,no activated state,nan,nan
n4_4_D10,3.08,53.1,no activated state,nan,nan
n4_4_D10,3.08,56.2,no activated state,nan,nan
n4_4_D10,3.08,59.6,no activated state,nan,nan
n4_4_D10,3.08,63.1,no activated state,nan,nan
n4_4_D10,3.08,66.8,no activated state,nan,nan
n4_4_D10,3.08,70.8,no activated state,nan,nan
n4_4_D10,3.08,75.0,no activated state,nan,nan
n4_4_D10,3.08,79.4,no activated state,nan,nan
n4_4_D10,3.08,84.1,no activated state,nan,nan
n4_4_D10,3.08,89.1,no activated state,nan,nan
n4_4_D10,3.08,94.4,no activated state,nan,nan
n4_4_D10,3.08,100.0,no activated state,nan,nan
n4_4_D10,3.24,1.0,linearly stable,0.5568273039027285,0.4999179693758311
n4_4_D10,3.24,1.06,linearly stable,0.6729306173408878,0.609853134912493
n4_4_D10,3.24,1.12,linearly stable,0.8016947825712601,0.7306879394503029
n4_4_D10,3.24,1.19,linearly stable,0.9664552655404242,0.8832389058885606
n4_4_D10,3.24,1.26,linearly stable,1.144693645545606,1.0449002525598234
n4_4_D10,3.24,1.33,Turing,1.333826196422196,1.211253270386737
n4_4_D10,3.24,1.41,Turing,1.5601216297567775,1.4001822551311927
n4_4_D10,3.24,1.5,Turing,1.8246264708459146,1.5989644849114286
n4_4_D10,3.24,1.58,Turing,2.0696186719228344,1.7466721585946852
n4_4_D10,3.24,1.68,uniform ON,2.416516652634071,1.8314310344112557
n4_4_D10,3.24,1.78,no activated state,nan,nan
n4_4_D10,3.24,1.88,no activated state,nan,nan
n4_4_D10,3.24,2.0,no activated state,nan,nan
n4_4_D10,3.24,2.11,no activated state,nan,nan
n4_4_D10,3.24,2.24,no activated state,nan,nan
n4_4_D10,3.24,2.37,no activated state,nan,nan
n4_4_D10,3.24,2.51,no activated state,nan,nan
n4_4_D10,3.24,2.66,no activated state,nan,nan
n4_4_D10,3.24,2.82,no activated state,nan,nan
n4_4_D10,3.24,2.99,no activated state,nan,nan
n4_4_D10,3.24,3.16,no activated state,nan,nan
n4_4_D10,3.24,3.35,no activated state,nan,nan
n4_4_D10,3.24,3.55,no activated state,nan,nan
n4_4_D10,3.24,3.76,no activated state,nan,nan
n4_4_D10,3.24,3.98,no activated state,nan,nan
n4_4_D10,3.24,4.22,no activated state,nan,nan
n4_4_D10,3.24,4.47,no activated state,nan,nan
n4_4_D10,3.24,4.73,no activated state,nan,nan
n4_4_D10,3.24,5.01,no activated state,nan,nan
n4_4_D10,3.24,5.31,no activated state,nan,nan
n4_4_D10,3.24,5.62,no activated state,nan,nan
n4_4_D10,3.24,5.96,no activated state,nan,nan
n4_4_D10,3.24,6.31,no activated state,nan,nan
n4_4_D10,3.24,6.68,no activated state,nan,nan
n4_4_D10,3.24,7.08,no activated state,nan,nan
n4_4_D10,3.24,7.5,no activated state,nan,nan
n4_4_D10,3.24,7.94,no activated state,nan,nan
n4_4_D10,3.24,8.41,no activated state,nan,nan
n4_4_D10,3.24,8.91,no activated state,nan,nan
n4_4_D10,3.24,9.44,no activated state,nan,nan
n4_4_D10,3.24,10.0,no activated state,nan,nan
n4_4_D10,3.24,10.6,no activated state,nan,nan
n4_4_D10,3.24,11.2,no activated state,nan,nan
n4_4_D10,3.24,11.9,no activated state,nan,nan
n4_4_D10,3.24,12.6,no activated state,nan,nan
n4_4_D10,3.24,13.3,no activated state,nan,nan
n4_4_D10,3.24,14.1,no activated state,nan,nan
n4_4_D10,3.24,15.0,no activated state,nan,nan
n4_4_D10,3.24,15.8,no activated state,nan,nan
n4_4_D10,3.24,16.8,no activated state,nan,nan
n4_4_D10,3.24,17.8,no activated state,nan,nan
n4_4_D10,3.24,18.8,no activated state,nan,nan
n4_4_D10,3.24,20.0,no activated state,nan,nan
n4_4_D10,3.24,21.1,no activated state,nan,nan
n4_4_D10,3.24,22.4,no activated state,nan,nan
n4_4_D10,3.24,23.7,no activated state,nan,nan
n4_4_D10,3.24,25.1,no activated state,nan,nan
n4_4_D10,3.24,26.6,no activated state,nan,nan
n4_4_D10,3.24,28.2,no activated state,nan,nan
n4_4_D10,3.24,29.9,no activated state,nan,nan
n4_4_D10,3.24,31.6,no activated state,nan,nan
n4_4_D10,3.24,33.5,no activated state,nan,nan
n4_4_D10,3.24,35.5,no activated state,nan,nan
n4_4_D10,3.24,37.6,no activated state,nan,nan
n4_4_D10,3.24,39.8,no activated state,nan,nan
n4_4_D10,3.24,42.2,no activated state,nan,nan
n4_4_D10,3.24,44.7,no activated state,nan,nan
n4_4_D10,3.24,47.3,no activated state,nan,nan
n4_4_D10,3.24,50.1,no activated state,nan,nan
n4_4_D10,3.24,53.1,no activated state,nan,nan
n4_4_D10,3.24,56.2,no activated state,nan,nan
n4_4_D10,3.24,59.6,no activated state,nan,nan
n4_4_D10,3.24,63.1,no activated state,nan,nan
n4_4_D10,3.24,66.8,no activated state,nan,nan
n4_4_D10,3.24,70.8,no activated state,nan,nan
n4_4_D10,3.24,75.0,no activated state,nan,nan
n4_4_D10,3.24,79.4,no activated state,nan,nan
n4_4_D10,3.24,84.1,no activated state,nan,nan
n4_4_D10,3.24,89.1,no activated state,nan,nan
n4_4_D10,3.24,94.4,no activated state,nan,nan
n4_4_D10,3.24,100.0,no activated state,nan,nan
n4_4_D10,3.42,1.0,linearly stable,0.4564851571865778,0.4144286915552306
n4_4_D10,3.42,1.06,linearly stable,0.5544849251012152,0.50873682339873
n4_4_D10,3.42,1.12,linearly stable,0.6642861329833383,0.613870041955713
n4_4_D10,3.42,1.19,linearly stable,0.8064458716240974,0.7489928735404525
n4_4_D10,3.42,1.26,linearly stable,0.962226977303728,0.8954741633343819
n4_4_D10,3.42,1.33,linearly stable,1.1295593102644155,1.0504386672847341
n4_4_D10,3.42,1.41,Turing,1.3318949480631823,1.2333744121415018
n4_4_D10,3.42,1.5,Turing,1.569417829237596,1.4390997658360416
n4_4_D10,3.42,1.58,Turing,1.7860810815834038,1.613636160923765
n4_4_D10,3.42,1.68,Turing,2.0624048089740197,1.805160131735895
n4_4_D10,3.42,1.78,Turing,2.352678817295934,1.9340774022774554
n4_4_D10,3.42,1.88,no activated state,nan,nan
n4_4_D10,3.42,2.0,no activated state,nan,nan
n4_4_D10,3.42,2.11,no activated state,nan,nan
n4_4_D10,3.42,2.24,no activated state,nan,nan
n4_4_D10,3.42,2.37,no activated state,nan,nan
n4_4_D10,3.42,2.51,no activated state,nan,nan
n4_4_D10,3.42,2.66,no activated state,nan,nan
n4_4_D10,3.42,2.82,no activated state,nan,nan
n4_4_D10,3.42,2.99,no activated state,nan,nan
n4_4_D10,3.42,3.16,no activated state,nan,nan
n4_4_D10,3.42,3.35,no activated state,nan,nan
n4_4_D10,3.42,3.55,no activated state,nan,nan
n4_4_D10,3.42,3.76,no activated state,nan,nan
n4_4_D10,3.42,3.98,no activated state,nan,nan
n4_4_D10,3.42,4.22,no activated state,nan,nan
n4_4_D10,3.42,4.47,no activated state,nan,nan
n4_4_D10,3.42,4.73,no activated state,nan,nan
n4_4_D10,3.42,5.01,no activated state,nan,nan
n4_4_D10,3.42,5.31,no activated state,nan,nan
n4_4_D10,3.42,5.62,no activated state,nan,nan
n4_4_D10,3.42,5.96,no activated state,nan,nan
n4_4_D10,3.42,6.31,no activated state,nan,nan
n4_4_D10,3.42,6.68,no activated state,nan,nan
n4_4_D10,3.42,7.08,no activated state,nan,nan
n4_4_D10,3.42,7.5,no activated state,nan,nan
n4_4_D10,3.42,7.94,no activated state,nan,nan
n4_4_D10,3.42,8.41,no activated state,nan,nan
n4_4_D10,3.42,8.91,no activated state,nan,nan
n4_4_D10,3.42,9.44,no activated state,nan,nan
n4_4_D10,3.42,10.0,no activated state,nan,nan
n4_4_D10,3.42,10.6,no activated state,nan,nan
n4_4_D10,3.42,11.2,no activated state,nan,nan
n4_4_D10,3.42,11.9,no activated state,nan,nan
n4_4_D10,3.42,12.6,no activated state,nan,nan
n4_4_D10,3.42,13.3,no activated state,nan,nan
n4_4_D10,3.42,14.1,no activated state,nan,nan
n4_4_D10,3.42,15.0,no activated state,nan,nan
n4_4_D10,3.42,15.8,no activated state,nan,nan
n4_4_D10,3.42,16.8,no activated state,nan,nan
n4_4_D10,3.42,17.8,no activated state,nan,nan
n4_4_D10,3.42,18.8,no activated state,nan,nan
n4_4_D10,3.42,20.0,no activated state,nan,nan
n4_4_D10,3.42,21.1,no activated state,nan,nan
n4_4_D10,3.42,22.4,no activated state,nan,nan
n4_4_D10,3.42,23.7,no activated state,nan,nan
n4_4_D10,3.42,25.1,no activated state,nan,nan
n4_4_D10,3.42,26.6,no activated state,nan,nan
n4_4_D10,3.42,28.2,no activated state,nan,nan
n4_4_D10,3.42,29.9,no activated state,nan,nan
n4_4_D10,3.42,31.6,no activated state,nan,nan
n4_4_D10,3.42,33.5,no activated state,nan,nan
n4_4_D10,3.42,35.5,no activated state,nan,nan
n4_4_D10,3.42,37.6,no activated state,nan,nan
n4_4_D10,3.42,39.8,no activated state,nan,nan
n4_4_D10,3.42,42.2,no activated state,nan,nan
n4_4_D10,3.42,44.7,no activated state,nan,nan
n4_4_D10,3.42,47.3,no activated state,nan,nan
n4_4_D10,3.42,50.1,no activated state,nan,nan
n4_4_D10,3.42,53.1,no activated state,nan,nan
n4_4_D10,3.42,56.2,no activated state,nan,nan
n4_4_D10,3.42,59.6,no activated state,nan,nan
n4_4_D10,3.42,63.1,no activated state,nan,nan
n4_4_D10,3.42,66.8,no activated state,nan,nan
n4_4_D10,3.42,70.8,no activated state,nan,nan
n4_4_D10,3.42,75.0,no activated state,nan,nan
n4_4_D10,3.42,79.4,no activated state,nan,nan
n4_4_D10,3.42,84.1,no activated state,nan,nan
n4_4_D10,3.42,89.1,no activated state,nan,nan
n4_4_D10,3.42,94.4,no activated state,nan,nan
n4_4_D10,3.42,100.0,no activated state,nan,nan
n4_4_D10,3.6,1.0,linearly stable,0.3771649435409907,0.3451107926058345
n4_4_D10,3.6,1.06,linearly stable,0.46008229015428403,0.42572250314130683
n4_4_D10,3.6,1.12,linearly stable,0.5538018014398705,0.516561841166694
n4_4_D10,3.6,1.19,linearly stable,0.676414475075485,0.6348990598726911
n4_4_D10,3.6,1.26,linearly stable,0.8124010924565477,0.7653424977011827
n4_4_D10,3.6,1.33,linearly stable,0.9603056482193946,0.906038098509925
n4_4_D10,3.6,1.41,linearly stable,1.1415257202746671,1.076268721586758
n4_4_D10,3.6,1.5,Turing,1.3571072883937534,1.2745431672483822
n4_4_D10,3.6,1.58,Turing,1.555531275016667,1.4511851065396664
n4_4_D10,3.6,1.68,Turing,1.8080503777756447,1.6633271444418927
n4_4_D10,3.6,1.78,Turing,2.0624214103550567,1.8528886271596277
n4_4_D10,3.6,1.88,Turing,2.3203812033348683,1.9987206655887098
n4_4_D10,3.6,2.0,uniform ON,2.6747329687223322,2.019916218987452
n4_4_D10,3.6,2.11,no activated state,nan,nan
n4_4_D10,3.6,2.24,no activated state,nan,nan
n4_4_D10,3.6,2.37,no activated state,nan,nan
n4_4_D10,3.6,2.51,no activated state,nan,nan
n4_4_D10,3.6,2.66,no activated state,nan,nan
n4_4_D10,3.6,2.82,no activated state,nan,nan
n4_4_D10,3.6,2.99,no activated state,nan,nan
n4_4_D10,3.6,3.16,no activated state,nan,nan
n4_4_D10,3.6,3.35,no activated state,nan,nan
n4_4_D10,3.6,3.55,no activated state,nan,nan
n4_4_D10,3.6,3.76,no activated state,nan,nan
n4_4_D10,3.6,3.98,no activated state,nan,nan
n4_4_D10,3.6,4.22,no activated state,nan,nan
n4_4_D10,3.6,4.47,no activated state,nan,nan
n4_4_D10,3.6,4.73,no activated state,nan,nan
n4_4_D10,3.6,5.01,no activated state,nan,nan
n4_4_D10,3.6,5.31,no activated state,nan,nan
n4_4_D10,3.6,5.62,no activated state,nan,nan
n4_4_D10,3.6,5.96,no activated state,nan,nan
n4_4_D10,3.6,6.31,no activated state,nan,nan
n4_4_D10,3.6,6.68,no activated state,nan,nan
n4_4_D10,3.6,7.08,no activated state,nan,nan
n4_4_D10,3.6,7.5,no activated state,nan,nan
n4_4_D10,3.6,7.94,no activated state,nan,nan
n4_4_D10,3.6,8.41,no activated state,nan,nan
n4_4_D10,3.6,8.91,no activated state,nan,nan
n4_4_D10,3.6,9.44,no activated state,nan,nan
n4_4_D10,3.6,10.0,no activated state,nan,nan
n4_4_D10,3.6,10.6,no activated state,nan,nan
n4_4_D10,3.6,11.2,no activated state,nan,nan
n4_4_D10,3.6,11.9,no activated state,nan,nan
n4_4_D10,3.6,12.6,no activated state,nan,nan
n4_4_D10,3.6,13.3,no activated state,nan,nan
n4_4_D10,3.6,14.1,no activated state,nan,nan
n4_4_D10,3.6,15.0,no activated state,nan,nan
n4_4_D10,3.6,15.8,no activated state,nan,nan
n4_4_D10,3.6,16.8,no activated state,nan,nan
n4_4_D10,3.6,17.8,no activated state,nan,nan
n4_4_D10,3.6,18.8,no activated state,nan,nan
n4_4_D10,3.6,20.0,no activated state,nan,nan
n4_4_D10,3.6,21.1,no activated state,nan,nan
n4_4_D10,3.6,22.4,no activated state,nan,nan
n4_4_D10,3.6,23.7,no activated state,nan,nan
n4_4_D10,3.6,25.1,no activated state,nan,nan
n4_4_D10,3.6,26.6,no activated state,nan,nan
n4_4_D10,3.6,28.2,no activated state,nan,nan
n4_4_D10,3.6,29.9,no activated state,nan,nan
n4_4_D10,3.6,31.6,no activated state,nan,nan
n4_4_D10,3.6,33.5,no activated state,nan,nan
n4_4_D10,3.6,35.5,no activated state,nan,nan
n4_4_D10,3.6,37.6,no activated state,nan,nan
n4_4_D10,3.6,39.8,no activated state,nan,nan
n4_4_D10,3.6,42.2,no activated state,nan,nan
n4_4_D10,3.6,44.7,no activated state,nan,nan
n4_4_D10,3.6,47.3,no activated state,nan,nan
n4_4_D10,3.6,50.1,no activated state,nan,nan
n4_4_D10,3.6,53.1,no activated state,nan,nan
n4_4_D10,3.6,56.2,no activated state,nan,nan
n4_4_D10,3.6,59.6,no activated state,nan,nan
n4_4_D10,3.6,63.1,no activated state,nan,nan
n4_4_D10,3.6,66.8,no activated state,nan,nan
n4_4_D10,3.6,70.8,no activated state,nan,nan
n4_4_D10,3.6,75.0,no activated state,nan,nan
n4_4_D10,3.6,79.4,no activated state,nan,nan
n4_4_D10,3.6,84.1,no activated state,nan,nan
n4_4_D10,3.6,89.1,no activated state,nan,nan
n4_4_D10,3.6,94.4,no activated state,nan,nan
n4_4_D10,3.6,100.0,no activated state,nan,nan
n4_4_D10,3.79,1.0,linearly stable,0.3107961721295136,0.28608546498881593
n4_4_D10,3.79,1.06,linearly stable,0.38051695264721097,0.3543505822420602
n4_4_D10,3.79,1.12,linearly stable,0.4599305833109999,0.4319634604003401
n4_4_D10,3.79,1.19,linearly stable,0.5648056474047727,0.5341980538179306
n4_4_D10,3.79,1.26,linearly stable,0.6824157652619594,0.6484362444768706
n4_4_D10,3.79,1.33,linearly stable,0.8118699785024099,0.7735808879815403
n4_4_D10,3.79,1.41,linearly stable,0.9726274773540831,0.9279091520425548
n4_4_D10,3.79,1.5,linearly stable,1.1668110847342246,1.112253325674191
n4_4_D10,3.79,1.58,Turing,1.3481125724981635,1.2815825190401229
n4_4_D10,3.79,1.68,Turing,1.5816289444576186,1.4939057745856656
n4_4_D10,3.79,1.78,Turing,1.8180359372341752,1.698598536028338
n4_4_D10,3.79,1.88,Turing,2.053695204057114,1.885408204612618
n4_4_D10,3.79,2.0,Turing,2.3348008223273435,2.0660903686352783
n4_4_D10,3.79,2.11,uniform ON,2.6025961613017534,2.147904144049805
n4_4_D10,3.79,2.24,no activated state,nan,nan
n4_4_D10,3.79,2.37,no activated state,nan,nan
n4_4_D10,3.79,2.51,no activated state,nan,nan
n4_4_D10,3.79,2.66,no activated state,nan,nan
n4_4_D10,3.79,2.82,no activated state,nan,nan
n4_4_D10,3.79,2.99,no activated state,nan,nan
n4_4_D10,3.79,3.16,no activated state,nan,nan
n4_4_D10,3.79,3.35,no activated state,nan,nan
n4_4_D10,3.79,3.55,no activated state,nan,nan
n4_4_D10,3.79,3.76,no activated state,nan,nan
n4_4_D10,3.79,3.98,no activated state,nan,nan
n4_4_D10,3.79,4.22,no activated state,nan,nan
n4_4_D10,3.79,4.47,no activated state,nan,nan
n4_4_D10,3.79,4.73,no activated state,nan,nan
n4_4_D10,3.79,5.01,no activated state,nan,nan
n4_4_D10,3.79,5.31,no activated state,nan,nan
n4_4_D10,3.79,5.62,no activated state,nan,nan
n4_4_D10,3.79,5.96,no activated state,nan,nan
n4_4_D10,3.79,6.31,no activated state,nan,nan
n4_4_D10,3.79,6.68,no activated state,nan,nan
n4_4_D10,3.79,7.08,no activated state,nan,nan
n4_4_D10,3.79,7.5,no activated state,nan,nan
n4_4_D10,3.79,7.94,no activated state,nan,nan
n4_4_D10,3.79,8.41,no activated state,nan,nan
n4_4_D10,3.79,8.91,no activated state,nan,nan
n4_4_D10,3.79,9.44,no activated state,nan,nan
n4_4_D10,3.79,10.0,no activated state,nan,nan
n4_4_D10,3.79,10.6,no activated state,nan,nan
n4_4_D10,3.79,11.2,no activated state,nan,nan
n4_4_D10,3.79,11.9,no activated state,nan,nan
n4_4_D10,3.79,12.6,no activated state,nan,nan
n4_4_D10,3.79,13.3,no activated state,nan,nan
n4_4_D10,3.79,14.1,no activated state,nan,nan
n4_4_D10,3.79,15.0,no activated state,nan,nan
n4_4_D10,3.79,15.8,no activated state,nan,nan
n4_4_D10,3.79,16.8,no activated state,nan,nan
n4_4_D10,3.79,17.8,no activated state,nan,nan
n4_4_D10,3.79,18.8,no activated state,nan,nan
n4_4_D10,3.79,20.0,no activated state,nan,nan
n4_4_D10,3.79,21.1,no activated state,nan,nan
n4_4_D10,3.79,22.4,no activated state,nan,nan
n4_4_D10,3.79,23.7,no activated state,nan,nan
n4_4_D10,3.79,25.1,no activated state,nan,nan
n4_4_D10,3.79,26.6,no activated state,nan,nan
n4_4_D10,3.79,28.2,no activated state,nan,nan
n4_4_D10,3.79,29.9,no activated state,nan,nan
n4_4_D10,3.79,31.6,no activated state,nan,nan
n4_4_D10,3.79,33.5,no activated state,nan,nan
n4_4_D10,3.79,35.5,no activated state,nan,nan
n4_4_D10,3.79,37.6,no activated state,nan,nan
n4_4_D10,3.79,39.8,no activated state,nan,nan
n4_4_D10,3.79,42.2,no activated state,nan,nan
n4_4_D10,3.79,44.7,no activated state,nan,nan
n4_4_D10,3.79,47.3,no activated state,nan,nan
n4_4_D10,3.79,50.1,no activated state,nan,nan
n4_4_D10,3.79,53.1,no activated state,nan,nan
n4_4_D10,3.79,56.2,no activated state,nan,nan
n4_4_D10,3.79,59.6,no activated state,nan,nan
n4_4_D10,3.79,63.1,no activated state,nan,nan
n4_4_D10,3.79,66.8,no activated state,nan,nan
n4_4_D10,3.79,70.8,no activated state,nan,nan
n4_4_D10,3.79,75.0,no activated state,nan,nan
n4_4_D10,3.79,79.4,no activated state,nan,nan
n4_4_D10,3.79,84.1,no activated state,nan,nan
n4_4_D10,3.79,89.1,no activated state,nan,nan
n4_4_D10,3.79,94.4,no activated state,nan,nan
n4_4_D10,3.79,100.0,no activated state,nan,nan
n4_4_D10,3.99,1.0,linearly stable,0.2556188979262082,0.2363787570107705
n4_4_D10,3.99,1.06,linearly stable,0.31394238432347477,0.29377442184102626
n4_4_D10,3.99,1.12,linearly stable,0.3808167931350668,0.35951006923186196
n4_4_D10,3.99,1.19,linearly stable,0.46985800768532426,0.4468980089564052
n4_4_D10,3.99,1.26,linearly stable,0.57069825592199,0.5456526650747126
n4_4_D10,3.99,1.33,linearly stable,0.6829031365514511,0.6552290100639109
n4_4_D10,3.99,1.41,linearly stable,0.8240027447958433,0.7924739022776174
n4_4_D10,3.99,1.5,linearly stable,0.9970211029257321,0.9597225878793253
n4_4_D10,3.99,1.58,linearly stable,1.1610461895770543,1.1169020147974904
n4_4_D10,3.99,1.68,Turing,1.3756292222016597,1.3197471113158428
n4_4_D10,3.99,1.78,Turing,1.596131706662765,1.5234179847554756
n4_4_D10,3.99,1.88,Turing,1.8179779861676892,1.7207545426073476
n4_4_D10,3.99,2.0,Turing,2.081134648415553,1.9381745364641696
n4_4_D10,3.99,2.11,Turing,2.317429820940501,2.1053844381952316
n4_4_D10,3.99,2.24,Turing,2.59622863859361,2.2310887754680087
n4_4_D10,3.99,2.37,no activated state,nan,nan
n4_4_D10,3.99,2.51,no activated state,nan,nan
n4_4_D10,3.99,2.66,no activated state,nan,nan
n4_4_D10,3.99,2.82,no activated state,nan,nan
n4_4_D10,3.99,2.99,no activated state,nan,nan
n4_4_D10,3.99,3.16,no activated state,nan,nan
n4_4_D10,3.99,3.35,no activated state,nan,nan
n4_4_D10,3.99,3.55,no activated state,nan,nan
n4_4_D10,3.99,3.76,no activated state,nan,nan
n4_4_D10,3.99,3.98,no activated state,nan,nan
n4_4_D10,3.99,4.22,no activated state,nan,nan
n4_4_D10,3.99,4.47,no activated state,nan,nan
n4_4_D10,3.99,4.73,no activated state,nan,nan
n4_4_D10,3.99,5.01,no activated state,nan,nan
n4_4_D10,3.99,5.31,no activated state,nan,nan
n4_4_D10,3.99,5.62,no activated state,nan,nan
n4_4_D10,3.99,5.96,no activated state,nan,nan
n4_4_D10,3.99,6.31,no activated state,nan,nan
n4_4_D10,3.99,6.68,no activated state,nan,nan
n4_4_D10,3.99,7.08,no activated state,nan,nan
n4_4_D10,3.99,7.5,no activated state,nan,nan
n4_4_D10,3.99,7.94,no activated state,nan,nan
n4_4_D10,3.99,8.41,no activated state,nan,nan
n4_4_D10,3.99,8.91,no activated state,nan,nan
n4_4_D10,3.99,9.44,no activated state,nan,nan
n4_4_D10,3.99,10.0,no activated state,nan,nan
n4_4_D10,3.99,10.6,no activated state,nan,nan
n4_4_D10,3.99,11.2,no activated state,nan,nan
n4_4_D10,3.99,11.9,no activated state,nan,nan
n4_4_D10,3.99,12.6,no activated state,nan,nan
n4_4_D10,3.99,13.3,no activated state,nan,nan
n4_4_D10,3.99,14.1,no activated state,nan,nan
n4_4_D10,3.99,15.0,no activated state,nan,nan
n4_4_D10,3.99,15.8,no activated state,nan,nan
n4_4_D10,3.99,16.8,no activated state,nan,nan
n4_4_D10,3.99,17.8,no activated state,nan,nan
n4_4_D10,3.99,18.8,no activated state,nan,nan
n4_4_D10,3.99,20.0,no activated state,nan,nan
n4_4_D10,3.99,21.1,no activated state,nan,nan
n4_4_D10,3.99,22.4,no activated state,nan,nan
n4_4_D10,3.99,23.7,no activated state,nan,nan
n4_4_D10,3.99,25.1,no activated state,nan,nan
n4_4_D10,3.99,26.6,no activated state,nan,nan
n4_4_D10,3.99,28.2,no activated state,nan,nan
n4_4_D10,3.99,29.9,no activated state,nan,nan
n4_4_D10,3.99,31.6,no activated state,nan,nan
n4_4_D10,3.99,33.5,no activated state,nan,nan
n4_4_D10,3.99,35.5,no activated state,nan,nan
n4_4_D10,3.99,37.6,no activated state,nan,nan
n4_4_D10,3.99,39.8,no activated state,nan,nan
n4_4_D10,3.99,42.2,no activated state,nan,nan
n4_4_D10,3.99,44.7,no activated state,nan,nan
n4_4_D10,3.99,47.3,no activated state,nan,nan
n4_4_D10,3.99,50.1,no activated state,nan,nan
n4_4_D10,3.99,53.1,no activated state,nan,nan
n4_4_D10,3.99,56.2,no activated state,nan,nan
n4_4_D10,3.99,59.6,no activated state,nan,nan
n4_4_D10,3.99,63.1,no activated state,nan,nan
n4_4_D10,3.99,66.8,no activated state,nan,nan
n4_4_D10,3.99,70.8,no activated state,nan,nan
n4_4_D10,3.99,75.0,no activated state,nan,nan
n4_4_D10,3.99,79.4,no activated state,nan,nan
n4_4_D10,3.99,84.1,no activated state,nan,nan
n4_4_D10,3.99,89.1,no activated state,nan,nan
n4_4_D10,3.99,94.4,no activated state,nan,nan
n4_4_D10,3.99,100.0,no activated state,nan,nan
n4_4_D10,4.2,1.0,linearly stable,0.20999014973252672,0.19487815520629123
n4_4_D10,4.2,1.06,linearly stable,0.2585832450488823,0.2428747513064902
n4_4_D10,4.2,1.12,linearly stable,0.31461539607775,0.2981794634600601
n4_4_D10,4.2,1.19,linearly stable,0.3897453613969537,0.3722618242848951
n4_4_D10,4.2,1.26,linearly stable,0.4755594608191811,0.4567674938778341
n4_4_D10,4.2,1.33,linearly stable,0.5719600899184578,0.5515377643478231
n4_4_D10,4.2,1.41,linearly stable,0.6945619912365073,0.6717818845498141
n4_4_D10,4.2,1.5,linearly stable,0.8469985748705429,0.820752141068684
n4_4_D10,4.2,1.58,linearly stable,0.9936441456954093,0.96336653176393
n4_4_D10,4.2,1.68,linearly stable,1.1885800883729392,1.1515575958024438
n4_4_D10,4.2,1.78,Turing,1.3923974755073347,1.3459974066272975
n4_4_D10,4.2,1.88,Turing,1.6006954982935029,1.541131108483124
n4_4_D10,4.2,2.0,Turing,1.8509318184384278,1.7680437114671947
n4_4_D10,4.2,2.11,Turing,2.07622966037638,1.960676153550809
n4_4_D10,4.2,2.24,Turing,2.3343130182813336,2.156295546348929
n4_4_D10,4.2,2.37,Turing,2.5854286412400365,2.294780050144966
n4_4_D10,4.2,2.51,uniform ON,2.874202187704843,2.2976194942691683
n4_4_D10,4.2,2.66,no activated state,nan,nan
n4_4_D10,4.2,2.82,no activated state,nan,nan
n4_4_D10,4.2,2.99,no activated state,nan,nan
n4_4_D10,4.2,3.16,no activated state,nan,nan
n4_4_D10,4.2,3.35,no activated state,nan,nan
n4_4_D10,4.2,3.55,no activated state,nan,nan
n4_4_D10,4.2,3.76,no activated state,nan,nan
n4_4_D10,4.2,3.98,no activated state,nan,nan
n4_4_D10,4.2,4.22,no activated state,nan,nan
n4_4_D10,4.2,4.47,no activated state,nan,nan
n4_4_D10,4.2,4.73,no activated state,nan,nan
n4_4_D10,4.2,5.01,no activated state,nan,nan
n4_4_D10,4.2,5.31,no activated state,nan,nan
n4_4_D10,4.2,5.62,no activated state,nan,nan
n4_4_D10,4.2,5.96,no activated state,nan,nan
n4_4_D10,4.2,6.31,no activated state,nan,nan
n4_4_D10,4.2,6.68,no activated state,nan,nan
n4_4_D10,4.2,7.08,no activated state,nan,nan
n4_4_D10,4.2,7.5,no activated state,nan,nan
n4_4_D10,4.2,7.94,no activated state,nan,nan
n4_4_D10,4.2,8.41,no activated state,nan,nan
n4_4_D10,4.2,8.91,no activated state,nan,nan
n4_4_D10,4.2,9.44,no activated state,nan,nan
n4_4_D10,4.2,10.0,no activated state,nan,nan
n4_4_D10,4.2,10.6,no activated state,nan,nan
n4_4_D10,4.2,11.2,no activated state,nan,nan
n4_4_D10,4.2,11.9,no activated state,nan,nan
n4_4_D10,4.2,12.6,no activated state,nan,nan
n4_4_D10,4.2,13.3,no activated state,nan,nan
n4_4_D10,4.2,14.1,no activated state,nan,nan
n4_4_D10,4.2,15.0,no activated state,nan,nan
n4_4_D10,4.2,15.8,no activated state,nan,nan
n4_4_D10,4.2,16.8,no activated state,nan,nan
n4_4_D10,4.2,17.8,no activated state,nan,nan
n4_4_D10,4.2,18.8,no activated state,nan,nan
n4_4_D10,4.2,20.0,no activated state,nan,nan
n4_4_D10,4.2,21.1,no activated state,nan,nan
n4_4_D10,4.2,22.4,no activated state,nan,nan
n4_4_D10,4.2,23.7,no activated state,nan,nan
n4_4_D10,4.2,25.1,no activated state,nan,nan
n4_4_D10,4.2,26.6,no activated state,nan,nan
n4_4_D10,4.2,28.2,no activated state,nan,nan
n4_4_D10,4.2,29.9,no activated state,nan,nan
n4_4_D10,4.2,31.6,no activated state,nan,nan
n4_4_D10,4.2,33.5,no activated state,nan,nan
n4_4_D10,4.2,35.5,no activated state,nan,nan
n4_4_D10,4.2,37.6,no activated state,nan,nan
n4_4_D10,4.2,39.8,no activated state,nan,nan
n4_4_D10,4.2,42.2,no activated state,nan,nan
n4_4_D10,4.2,44.7,no activated state,nan,nan
n4_4_D10,4.2,47.3,no activated state,nan,nan
n4_4_D10,4.2,50.1,no activated state,nan,nan
n4_4_D10,4.2,53.1,no activated state,nan,nan
n4_4_D10,4.2,56.2,no activated state,nan,nan
n4_4_D10,4.2,59.6,no activated state,nan,nan
n4_4_D10,4.2,63.1,no activated state,nan,nan
n4_4_D10,4.2,66.8,no activated state,nan,nan
n4_4_D10,4.2,70.8,no activated state,nan,nan
n4_4_D10,4.2,75.0,no activated state,nan,nan
n4_4_D10,4.2,79.4,no activated state,nan,nan
n4_4_D10,4.2,84.1,no activated state,nan,nan
n4_4_D10,4.2,89.1,no activated state,nan,nan
n4_4_D10,4.2,94.4,no activated state,nan,nan
n4_4_D10,4.2,100.0,no activated state,nan,nan
n4_4_D10,4.43,1.0,linearly stable,0.17091403659249638,0.15907436349984136
n4_4_D10,4.43,1.06,linearly stable,0.21094699757706836,0.19872807200782783
n4_4_D10,4.43,1.12,linearly stable,0.2573361252660642,0.24465719583570425
n4_4_D10,4.43,1.19,linearly stable,0.3199212517601633,0.30658438770613955
n4_4_D10,4.43,1.26,linearly stable,0.39194981010708885,0.3777981512809129
n4_4_D10,4.43,1.33,linearly stable,0.4735607237031507,0.45840363365520975
n4_4_D10,4.43,1.41,linearly stable,0.5784269910415136,0.5618331232192693
n4_4_D10,4.43,1.5,linearly stable,0.7105041011946112,0.6918301158947417
n4_4_D10,4.43,1.58,linearly stable,0.8393475755336324,0.818295503734374
n4_4_D10,4.43,1.68,linearly stable,1.013339260298257,0.9883894423450108
n4_4_D10,4.43,1.78,linearly stable,1.1985638757486679,1.1683307613900658
n4_4_D10,4.43,1.88,Turing,1.3912732193386632,1.35383292359151
n4_4_D10,4.43,2.0,Turing,1.6270460975171472,1.5773002131966063
n4_4_D10,4.43,2.11,Turing,1.8426564144459965,1.776455024611141
n4_4_D10,4.43,2.24,Turing,2.0916330620884525,1.995993097032045
n4_4_D10,4.43,2.37,Turing,2.3307602443665365,2.187848177036816
n4_4_D10,4.43,2.51,Turing,2.577044125414156,2.3463424430640747
n4_4_D10,4.43,2.66,uniform ON,2.8392264526231945,2.4142326932208737
n4_4_D10,4.43,2.82,no activated state,nan,nan
n4_4_D10,4.43,2.99,no activated state,nan,nan
n4_4_D10,4.43,3.16,no activated state,nan,nan
n4_4_D10,4.43,3.35,no activated state,nan,nan
n4_4_D10,4.43,3.55,no activated state,nan,nan
n4_4_D10,4.43,3.76,no activated state,nan,nan
n4_4_D10,4.43,3.98,no activated state,nan,nan
n4_4_D10,4.43,4.22,no activated state,nan,nan
n4_4_D10,4.43,4.47,no activated state,nan,nan
n4_4_D10,4.43,4.73,no activated state,nan,nan
n4_4_D10,4.43,5.01,no activated state,nan,nan
n4_4_D10,4.43,5.31,no activated state,nan,nan
n4_4_D10,4.43,5.62,no activated state,nan,nan
n4_4_D10,4.43,5.96,no activated state,nan,nan
n4_4_D10,4.43,6.31,no activated state,nan,nan
n4_4_D10,4.43,6.68,no activated state,nan,nan
n4_4_D10,4.43,7.08,no activated state,nan,nan
n4_4_D10,4.43,7.5,no activated state,nan,nan
n4_4_D10,4.43,7.94,no activated state,nan,nan
n4_4_D10,4.43,8.41,no activated state,nan,nan
n4_4_D10,4.43,8.91,no activated state,nan,nan
n4_4_D10,4.43,9.44,no activated state,nan,nan
n4_4_D10,4.43,10.0,no activated state,nan,nan
n4_4_D10,4.43,10.6,no activated state,nan,nan
n4_4_D10,4.43,11.2,no activated state,nan,nan
n4_4_D10,4.43,11.9,no activated state,nan,nan
n4_4_D10,4.43,12.6,no activated state,nan,nan
n4_4_D10,4.43,13.3,no activated state,nan,nan
n4_4_D10,4.43,14.1,no activated state,nan,nan
n4_4_D10,4.43,15.0,no activated state,nan,nan
n4_4_D10,4.43,15.8,no activated state,nan,nan
n4_4_D10,4.43,16.8,no activated state,nan,nan
n4_4_D10,4.43,17.8,no activated state,nan,nan
n4_4_D10,4.43,18.8,no activated state,nan,nan
n4_4_D10,4.43,20.0,no activated state,nan,nan
n4_4_D10,4.43,21.1,no activated state,nan,nan
n4_4_D10,4.43,22.4,no activated state,nan,nan
n4_4_D10,4.43,23.7,no activated state,nan,nan
n4_4_D10,4.43,25.1,no activated state,nan,nan
n4_4_D10,4.43,26.6,no activated state,nan,nan
n4_4_D10,4.43,28.2,no activated state,nan,nan
n4_4_D10,4.43,29.9,no activated state,nan,nan
n4_4_D10,4.43,31.6,no activated state,nan,nan
n4_4_D10,4.43,33.5,no activated state,nan,nan
n4_4_D10,4.43,35.5,no activated state,nan,nan
n4_4_D10,4.43,37.6,no activated state,nan,nan
n4_4_D10,4.43,39.8,no activated state,nan,nan
n4_4_D10,4.43,42.2,no activated state,nan,nan
n4_4_D10,4.43,44.7,no activated state,nan,nan
n4_4_D10,4.43,47.3,no activated state,nan,nan
n4_4_D10,4.43,50.1,no activated state,nan,nan
n4_4_D10,4.43,53.1,no activated state,nan,nan
n4_4_D10,4.43,56.2,no activated state,nan,nan
n4_4_D10,4.43,59.6,no activated state,nan,nan
n4_4_D10,4.43,63.1,no activated state,nan,nan
n4_4_D10,4.43,66.8,no activated state,nan,nan
n4_4_D10,4.43,70.8,no activated state,nan,nan
n4_4_D10,4.43,75.0,no activated state,nan,nan
n4_4_D10,4.43,79.4,no activated state,nan,nan
n4_4_D10,4.43,84.1,no activated state,nan,nan
n4_4_D10,4.43,89.1,no activated state,nan,nan
n4_4_D10,4.43,94.4,no activated state,nan,nan
n4_4_D10,4.43,100.0,no activated state,nan,nan
n4_4_D10,4.67,1.0,linearly stable,0.13922828724681224,0.12987530574654102
n4_4_D10,4.67,1.06,linearly stable,0.17216237016703362,0.1625658910936325
n4_4_D10,4.67,1.12,linearly stable,0.21048028147381004,0.20058974316680284
n4_4_D10,4.67,1.19,linearly stable,0.26244103077390024,0.25213222676994995
n4_4_D10,4.67,1.26,linearly stable,0.3226210273418024,0.3117977876179654
n4_4_D10,4.67,1.33,linearly stable,0.39130090083465285,0.379847870012862
n4_4_D10,4.67,1.41,linearly stable,0.48032834711796735,0.46798406064504067
n4_4_D10,4.67,1.5,linearly stable,0.5937129689568685,0.5800944863662986
n4_4_D10,4.67,1.58,linearly stable,0.7056855478219477,0.6906306681577636
n4_4_D10,4.67,1.68,linearly stable,0.8590552458254681,0.8416855765278154
n4_4_D10,4.67,1.78,linearly stable,1.0250775967246755,1.0046345549399316
n4_4_D10,4.67,1.88,linearly stable,1.2008279351256923,1.176287420996585
n4_4_D10,4.67,2.0,Turing,1.4199926472031903,1.3886518808286996
n4_4_D10,4.67,2.11,Turing,1.6242443644292637,1.584105309888435
n4_4_D10,4.67,2.24,Turing,1.8641465217510995,1.808905961562827
n4_4_D10,4.67,2.37,Turing,2.0974078768130466,2.019256729202866
n4_4_D10,4.67,2.51,Turing,2.3372224177437673,2.2201458556571785
n4_4_D10,4.67,2.66,Turing,2.5797645354922616,2.3918798493773723
n4_4_D10,4.67,2.82,uniform ON,2.8278469398398367,2.49363692021484
n4_4_D10,4.67,2.99,no activated state,nan,nan
n4_4_D10,4.67,3.16,no activated state,nan,nan
n4_4_D10,4.67,3.35,no activated state,nan,nan
n4_4_D10,4.67,3.55,no activated state,nan,nan
n4_4_D10,4.67,3.76,no activated state,nan,nan
n4_4_D10,4.67,3.98,no activated state,nan,nan
n4_4_D10,4.67,4.22,no activated state,nan,nan
n4_4_D10,4.67,4.47,no activated state,nan,nan
n4_4_D10,4.67,4.73,no activated state,nan,nan
n4_4_D10,4.67,5.01,no activated state,nan,nan
n4_4_D10,4.67,5.31,no activated state,nan,nan
n4_4_D10,4.67,5.62,no activated state,nan,nan
n4_4_D10,4.67,5.96,no activated state,nan,nan
n4_4_D10,4.67,6.31,no activated state,nan,nan
n4_4_D10,4.67,6.68,no activated state,nan,nan
n4_4_D10,4.67,7.08,no activated state,nan,nan
n4_4_D10,4.67,7.5,no activated state,nan,nan
n4_4_D10,4.67,7.94,no activated state,nan,nan
n4_4_D10,4.67,8.41,no activated state,nan,nan
n4_4_D10,4.67,8.91,no activated state,nan,nan
n4_4_D10,4.67,9.44,no activated state,nan,nan
n4_4_D10,4.67,10.0,no activated state,nan,nan
n4_4_D10,4.67,10.6,no activated state,nan,nan
n4_4_D10,4.67,11.2,no activated state,nan,nan
n4_4_D10,4.67,11.9,no activated state,nan,nan
n4_4_D10,4.67,12.6,no activated state,nan,nan
n4_4_D10,4.67,13.3,no activated state,nan,nan
n4_4_D10,4.67,14.1,no activated state,nan,nan
n4_4_D10,4.67,15.0,no activated state,nan,nan
n4_4_D10,4.67,15.8,no activated state,nan,nan
n4_4_D10,4.67,16.8,no activated state,nan,nan
n4_4_D10,4.67,17.8,no activated state,nan,nan
n4_4_D10,4.67,18.8,no activated state,nan,nan
n4_4_D10,4.67,20.0,no activated state,nan,nan
n4_4_D10,4.67,21.1,no activated state,nan,nan
n4_4_D10,4.67,22.4,no activated state,nan,nan
n4_4_D10,4.67,23.7,no activated state,nan,nan
n4_4_D10,4.67,25.1,no activated state,nan,nan
n4_4_D10,4.67,26.6,no activated state,nan,nan
n4_4_D10,4.67,28.2,no activated state,nan,nan
n4_4_D10,4.67,29.9,no activated state,nan,nan
n4_4_D10,4.67,31.6,no activated state,nan,nan
n4_4_D10,4.67,33.5,no activated state,nan,nan
n4_4_D10,4.67,35.5,no activated state,nan,nan
n4_4_D10,4.67,37.6,no activated state,nan,nan
n4_4_D10,4.67,39.8,no activated state,nan,nan
n4_4_D10,4.67,42.2,no activated state,nan,nan
n4_4_D10,4.67,44.7,no activated state,nan,nan
n4_4_D10,4.67,47.3,no activated state,nan,nan
n4_4_D10,4.67,50.1,no activated state,nan,nan
n4_4_D10,4.67,53.1,no activated state,nan,nan
n4_4_D10,4.67,56.2,no activated state,nan,nan
n4_4_D10,4.67,59.6,no activated state,nan,nan
n4_4_D10,4.67,63.1,no activated state,nan,nan
n4_4_D10,4.67,66.8,no activated state,nan,nan
n4_4_D10,4.67,70.8,no activated state,nan,nan
n4_4_D10,4.67,75.0,no activated state,nan,nan
n4_4_D10,4.67,79.4,no activated state,nan,nan
n4_4_D10,4.67,84.1,no activated state,nan,nan
n4_4_D10,4.67,89.1,no activated state,nan,nan
n4_4_D10,4.67,94.4,no activated state,nan,nan
n4_4_D10,4.67,100.0,no activated state,nan,nan
n4_4_D10,4.91,1.0,linearly stable,0.11447421814706837,0.10696552058864493
n4_4_D10,4.91,1.06,linearly stable,0.1417622557346947,0.13409310911294287
n4_4_D10,4.91,1.12,linearly stable,0.17361282238414066,0.16575056496080035
n4_4_D10,4.91,1.19,linearly stable,0.2169790800045246,0.20884332676095535
n4_4_D10,4.91,1.26,linearly stable,0.26745900734366757,0.25898867913685775
n4_4_D10,4.91,1.33,linearly stable,0.3254039640483328,0.31652657628494874
n4_4_D10,4.91,1.41,linearly stable,0.40105204986333653,0.3916030182998765
n4_4_D10,4.91,1.5,linearly stable,0.4982812074763525,0.48802303029172706
n4_4_D10,4.91,1.58,linearly stable,0.5952820772800722,0.5841219130370193
n4_4_D10,4.91,1.68,linearly stable,0.7297480720158234,0.7171538783972805
n4_4_D10,4.91,1.78,linearly stable,0.8774205776159327,0.8629537430021329
n4_4_D10,4.91,1.88,linearly stable,1.0361650707275465,1.0192469561865407
n4_4_D10,4.91,2.0,Turing,1.2376305780204815,1.2167343103379356
n4_4_D10,4.91,2.11,Turing,1.4288784366319542,1.4029637378784536
n4_4_D10,4.91,2.24,Turing,1.6576922161066023,1.623416849245515
n4_4_D10,4.91,2.37,Turing,1.884172622756334,1.8376704441386589
n4_4_D10,4.91,2.51,Turing,2.120255619432125,2.0539397280963922
n4_4_D10,4.91,2.66,Turing,2.3600679472522845,2.2601976289858925
n4_4_D10,4.91,2.82,Turing,2.599113032852779,2.4388974655150744
n4_4_D10,4.91,2.99,uniform ON,2.837783724690575,2.557206032838029
n4_4_D10,4.91,3.16,uniform ON,3.085890171874803,2.5092314542351186
n4_4_D10,4.91,3.35,no activated state,nan,nan
n4_4_D10,4.91,3.55,no activated state,nan,nan
n4_4_D10,4.91,3.76,no activated state,nan,nan
n4_4_D10,4.91,3.98,no activated state,nan,nan
n4_4_D10,4.91,4.22,no activated state,nan,nan
n4_4_D10,4.91,4.47,no activated state,nan,nan
n4_4_D10,4.91,4.73,no activated state,nan,nan
n4_4_D10,4.91,5.01,no activated state,nan,nan
n4_4_D10,4.91,5.31,no activated state,nan,nan
n4_4_D10,4.91,5.62,no activated state,nan,nan
n4_4_D10,4.91,5.96,no activated state,nan,nan
n4_4_D10,4.91,6.31,no activated state,nan,nan
n4_4_D10,4.91,6.68,no activated state,nan,nan
n4_4_D10,4.91,7.08,no activated state,nan,nan
n4_4_D10,4.91,7.5,no activated state,nan,nan
n4_4_D10,4.91,7.94,no activated state,nan,nan
n4_4_D10,4.91,8.41,no activated state,nan,nan
n4_4_D10,4.91,8.91,no activated state,nan,nan
n4_4_D10,4.91,9.44,no activated state,nan,nan
n4_4_D10,4.91,10.0,no activated state,nan,nan
n4_4_D10,4.91,10.6,no activated state,nan,nan
n4_4_D10,4.91,11.2,no activated state,nan,nan
n4_4_D10,4.91,11.9,no activated state,nan,nan
n4_4_D10,4.91,12.6,no activated state,nan,nan
n4_4_D10,4.91,13.3,no activated state,nan,nan
n4_4_D10,4.91,14.1,no activated state,nan,nan
n4_4_D10,4.91,15.0,no activated state,nan,nan
n4_4_D10,4.91,15.8,no activated state,nan,nan
n4_4_D10,4.91,16.8,no activated state,nan,nan
n4_4_D10,4.91,17.8,no activated state,nan,nan
n4_4_D10,4.91,18.8,no activated state,nan,nan
n4_4_D10,4.91,20.0,no activated state,nan,nan
n4_4_D10,4.91,21.1,no activated state,nan,nan
n4_4_D10,4.91,22.4,no activated state,nan,nan
n4_4_D10,4.91,23.7,no activated state,nan,nan
n4_4_D10,4.91,25.1,no activated state,nan,nan
n4_4_D10,4.91,26.6,no activated state,nan,nan
n4_4_D10,4.91,28.2,no activated state,nan,nan
n4_4_D10,4.91,29.9,no activated state,nan,nan
n4_4_D10,4.91,31.6,no activated state,nan,nan
n4_4_D10,4.91,33.5,no activated state,nan,nan
n4_4_D10,4.91,35.5,no activated state,nan,nan
n4_4_D10,4.91,37.6,no activated state,nan,nan
n4_4_D10,4.91,39.8,no activated state,nan,nan
n4_4_D10,4.91,42.2,no activated state,nan,nan
n4_4_D10,4.91,44.7,no activated state,nan,nan
n4_4_D10,4.91,47.3,no activated state,nan,nan
n4_4_D10,4.91,50.1,no activated state,nan,nan
n4_4_D10,4.91,53.1,no activated state,nan,nan
n4_4_D10,4.91,56.2,no activated state,nan,nan
n4_4_D10,4.91,59.6,no activated state,nan,nan
n4_4_D10,4.91,63.1,no activated state,nan,nan
n4_4_D10,4.91,66.8,no activated state,nan,nan
n4_4_D10,4.91,70.8,no activated state,nan,nan
n4_4_D10,4.91,75.0,no activated state,nan,nan
n4_4_D10,4.91,79.4,no activated state,nan,nan
n4_4_D10,4.91,84.1,no activated state,nan,nan
n4_4_D10,4.91,89.1,no activated state,nan,nan
n4_4_D10,4.91,94.4,no activated state,nan,nan
n4_4_D10,4.91,100.0,no activated state,nan,nan
n4_4_D10,5.18,1.0,linearly stable,0.09279059019500391,0.08682956631297707
n4_4_D10,5.18,1.06,linearly stable,0.11505966871987461,0.10899554758927849
n4_4_D10,5.18,1.12,linearly stable,0.14112565353126394,0.13493781439810945
n4_4_D10,5.18,1.19,linearly stable,0.17674379962950226,0.17038140325785475
n4_4_D10,5.18,1.26,linearly stable,0.21839138929660518,0.2118164584137647
n4_4_D10,5.18,1.33,linearly stable,0.26644711660427056,0.25961501990331415
n4_4_D10,5.18,1.41,linearly stable,0.32958863997179266,0.32239784832586466
n4_4_D10,5.18,1.5,linearly stable,0.41142160486692037,0.40372757953468535
n4_4_D10,5.18,1.58,linearly stable,0.49383091674719415,0.4855815168176456
n4_4_D10,5.18,1.68,linearly stable,0.60935532955307,0.6002336651878898
n4_4_D10,5.18,1.78,linearly stable,0.7379711545916487,0.7277274384593985
n4_4_D10,5.18,1.88,linearly stable,0.8782982733416764,0.8666100981500844
n4_4_D10,5.18,2.0,linearly stable,1.0595211322836326,1.0455359948532834
n4_4_D10,5.18,2.11,Turing,1.2348315241271721,1.2180142294120013
n4_4_D10,5.18,2.24,Turing,1.4487912913401968,1.4273780229615614
n4_4_D10,5.18,2.37,Turing,1.665031195063627,1.6371007614572037
n4_4_D10,5.18,2.51,Turing,1.8949165652467235,1.856800067888508
n4_4_D10,5.18,2.66,Turing,2.132410333928076,2.0778249285704633
n4_4_D10,5.18,2.82,Turing,2.3712826987146816,2.2889857379319363
n4_4_D10,5.18,2.99,Turing,2.6065003801092472,2.475098868103705
n4_4_D10,5.18,3.16,uniform ON,2.8241947581118727,2.6054615360807825
n4_4_D10,5.18,3.35,uniform ON,3.059595102754558,2.6320555682360682
n4_4_D10,5.18,3.55,no activated state,nan,nan
n4_4_D10,5.18,3.76,no activated state,nan,nan
n4_4_D10,5.18,3.98,no activated state,nan,nan
n4_4_D10,5.18,4.22,no activated state,nan,nan
n4_4_D10,5.18,4.47,no activated state,nan,nan
n4_4_D10,5.18,4.73,no activated state,nan,nan
n4_4_D10,5.18,5.01,no activated state,nan,nan
n4_4_D10,5.18,5.31,no activated state,nan,nan
n4_4_D10,5.18,5.62,no activated state,nan,nan
n4_4_D10,5.18,5.96,no activated state,nan,nan
n4_4_D10,5.18,6.31,no activated state,nan,nan
n4_4_D10,5.18,6.68,no activated state,nan,nan
n4_4_D10,5.18,7.08,no activated state,nan,nan
n4_4_D10,5.18,7.5,no activated state,nan,nan
n4_4_D10,5.18,7.94,no activated state,nan,nan
n4_4_D10,5.18,8.41,no activated state,nan,nan
n4_4_D10,5.18,8.91,no activated state,nan,nan
n4_4_D10,5.18,9.44,no activated state,nan,nan
n4_4_D10,5.18,10.0,no activated state,nan,nan
n4_4_D10,5.18,10.6,no activated state,nan,nan
n4_4_D10,5.18,11.2,no activated state,nan,nan
n4_4_D10,5.18,11.9,no activated state,nan,nan
n4_4_D10,5.18,12.6,no activated state,nan,nan
n4_4_D10,5.18,13.3,no activated state,nan,nan
n4_4_D10,5.18,14.1,no activated state,nan,nan
n4_4_D10,5.18,15.0,no activated state,nan,nan
n4_4_D10,5.18,15.8,no activated state,nan,nan
n4_4_D10,5.18,16.8,no activated state,nan,nan
n4_4_D10,5.18,17.8,no activated state,nan,nan
n4_4_D10,5.18,18.8,no activated state,nan,nan
n4_4_D10,5.18,20.0,no activated state,nan,nan
n4_4_D10,5.18,21.1,no activated state,nan,nan
n4_4_D10,5.18,22.4,no activated state,nan,nan
n4_4_D10,5.18,23.7,no activated state,nan,nan
n4_4_D10,5.18,25.1,no activated state,nan,nan
n4_4_D10,5.18,26.6,no activated state,nan,nan
n4_4_D10,5.18,28.2,no activated state,nan,nan
n4_4_D10,5.18,29.9,no activated state,nan,nan
n4_4_D10,5.18,31.6,no activated state,nan,nan
n4_4_D10,5.18,33.5,no activated state,nan,nan
n4_4_D10,5.18,35.5,no activated state,nan,nan
n4_4_D10,5.18,37.6,no activated state,nan,nan
n4_4_D10,5.18,39.8,no activated state,nan,nan
n4_4_D10,5.18,42.2,no activated state,nan,nan
n4_4_D10,5.18,44.7,no activated state,nan,nan
n4_4_D10,5.18,47.3,no activated state,nan,nan
n4_4_D10,5.18,50.1,no activated state,nan,nan
n4_4_D10,5.18,53.1,no activated state,nan,nan
n4_4_D10,5.18,56.2,no activated state,nan,nan
n4_4_D10,5.18,59.6,no activated state,nan,nan
n4_4_D10,5.18,63.1,no activated state,nan,nan
n4_4_D10,5.18,66.8,no activated state,nan,nan
n4_4_D10,5.18,70.8,no activated state,nan,nan
n4_4_D10,5.18,75.0,no activated state,nan,nan
n4_4_D10,5.18,79.4,no activated state,nan,nan
n4_4_D10,5.18,84.1,no activated state,nan,nan
n4_4_D10,5.18,89.1,no activated state,nan,nan
n4_4_D10,5.18,94.4,no activated state,nan,nan
n4_4_D10,5.18,100.0,no activated state,nan,nan
n4_4_D10,5.45,1.0,linearly stable,0.0759673965306984,0.07116502080868999
n4_4_D10,5.45,1.06,linearly stable,0.09429487404969406,0.08942457531172687
n4_4_D10,5.45,1.12,linearly stable,0.11579461556383963,0.11084299453861503
n4_4_D10,5.45,1.19,linearly stable,0.14525612571999202,0.14019010017521122
n4_4_D10,5.45,1.26,linearly stable,0.17982690494112452,0.174622095527087
n4_4_D10,5.45,1.33,linearly stable,0.2198812484784396,0.21450922841158246
n4_4_D10,5.45,1.41,linearly stable,0.2727788609466013,0.26717485645734057
n4_4_D10,5.45,1.5,linearly stable,0.3417940634866179,0.33586686452520037
n4_4_D10,5.45,1.58,linearly stable,0.41182333413417993,0.4055422804791299
n4_4_D10,5.45,1.68,linearly stable,0.5108948283145103,0.5040633959231957
n4_4_D10,5.45,1.78,linearly stable,0.6224473591718866,0.6149164471015415
n4_4_D10,5.45,1.88,linearly stable,0.7456862813793612,0.7372669867974944
n4_4_D10,5.45,2.0,linearly stable,0.9072383953900851,0.8974296238162389
n4_4_D10,5.45,2.11,linearly stable,1.0661309827423433,1.0546406714750376
n4_4_D10,5.45,2.24,Turing,1.2635816573411467,1.2494202479655165
n4_4_D10,5.45,2.37,Turing,1.4671087852993994,1.4492519561560766
n4_4_D10,5.45,2.51,Turing,1.687835676352384,1.6643610942955172
n4_4_D10,5.45,2.66,Turing,1.9204163338493414,1.888151846928085
n4_4_D10,5.45,2.82,Turing,2.1585030563490664,2.1120364506690827
n4_4_D10,5.45,2.99,Turing,2.395704303191438,2.325429328088979
n4_4_D10,5.45,3.16,Turing,2.6145273180117217,2.5054184487183715
n4_4_D10,5.45,3.35,uniform ON,2.8383757694168352,2.653254223340385
n4_4_D10,5.45,3.55,uniform ON,3.058880072883529,2.7107680294165357
n4_4_D10,5.45,3.76,no activated state,nan,nan
n4_4_D10,5.45,3.98,no activated state,nan,nan
n4_4_D10,5.45,4.22,no activated state,nan,nan
n4_4_D10,5.45,4.47,no activated state,nan,nan
n4_4_D10,5.45,4.73,no activated state,nan,nan
n4_4_D10,5.45,5.01,no activated state,nan,nan
n4_4_D10,5.45,5.31,no activated state,nan,nan
n4_4_D10,5.45,5.62,no activated state,nan,nan
n4_4_D10,5.45,5.96,no activated state,nan,nan
n4_4_D10,5.45,6.31,no activated state,nan,nan
n4_4_D10,5.45,6.68,no activated state,nan,nan
n4_4_D10,5.45,7.08,no activated state,nan,nan
n4_4_D10,5.45,7.5,no activated state,nan,nan
n4_4_D10,5.45,7.94,no activated state,nan,nan
n4_4_D10,5.45,8.41,no activated state,nan,nan
n4_4_D10,5.45,8.91,no activated state,nan,nan
n4_4_D10,5.45,9.44,no activated state,nan,nan
n4_4_D10,5.45,10.0,no activated state,nan,nan
n4_4_D10,5.45,10.6,no activated state,nan,nan
n4_4_D10,5.45,11.2,no activated state,nan,nan
n4_4_D10,5.45,11.9,no activated state,nan,nan
n4_4_D10,5.45,12.6,no activated state,nan,nan
n4_4_D10,5.45,13.3,no activated state,nan,nan
n4_4_D10,5.45,14.1,no activated state,nan,nan
n4_4_D10,5.45,15.0,no activated state,nan,nan
n4_4_D10,5.45,15.8,no activated state,nan,nan
n4_4_D10,5.45,16.8,no activated state,nan,nan
n4_4_D10,5.45,17.8,no activated state,nan,nan
n4_4_D10,5.45,18.8,no activated state,nan,nan
n4_4_D10,5.45,20.0,no activated state,nan,nan
n4_4_D10,5.45,21.1,no activated state,nan,nan
n4_4_D10,5.45,22.4,no activated state,nan,nan
n4_4_D10,5.45,23.7,no activated state,nan,nan
n4_4_D10,5.45,25.1,no activated state,nan,nan
n4_4_D10,5.45,26.6,no activated state,nan,nan
n4_4_D10,5.45,28.2,no activated state,nan,nan
n4_4_D10,5.45,29.9,no activated state,nan,nan
n4_4_D10,5.45,31.6,no activated state,nan,nan
n4_4_D10,5.45,33.5,no activated state,nan,nan
n4_4_D10,5.45,35.5,no activated state,nan,nan
n4_4_D10,5.45,37.6,no activated state,nan,nan
n4_4_D10,5.45,39.8,no activated state,nan,nan
n4_4_D10,5.45,42.2,no activated state,nan,nan
n4_4_D10,5.45,44.7,no activated state,nan,nan
n4_4_D10,5.45,47.3,no activated state,nan,nan
n4_4_D10,5.45,50.1,no activated state,nan,nan
n4_4_D10,5.45,53.1,no activated state,nan,nan
n4_4_D10,5.45,56.2,no activated state,nan,nan
n4_4_D10,5.45,59.6,no activated state,nan,nan
n4_4_D10,5.45,63.1,no activated state,nan,nan
n4_4_D10,5.45,66.8,no activated state,nan,nan
n4_4_D10,5.45,70.8,no activated state,nan,nan
n4_4_D10,5.45,75.0,no activated state,nan,nan
n4_4_D10,5.45,79.4,no activated state,nan,nan
n4_4_D10,5.45,84.1,no activated state,nan,nan
n4_4_D10,5.45,89.1,no activated state,nan,nan
n4_4_D10,5.45,94.4,no activated state,nan,nan
n4_4_D10,5.45,100.0,no activated state,nan,nan
n4_4_D10,5.74,1.0,linearly stable,0.06190546652543105,0.05804416261915078
n4_4_D10,5.74,1.06,linearly stable,0.07690605591791888,0.07300028945904212
n4_4_D10,5.74,1.12,linearly stable,0.0945357400604605,0.09057684133208632
n4_4_D10,5.74,1.19,linearly stable,0.11875150007284851,0.11471803735787119
n4_4_D10,5.74,1.26,linearly stable,0.1472518398515903,0.14312820187543793
n4_4_D10,5.74,1.33,linearly stable,0.18038820278885614,0.17615630940633467
n4_4_D10,5.74,1.41,linearly stable,0.22434039031671293,0.21995898033289812
n4_4_D10,5.74,1.5,linearly stable,0.2820132816171421,0.2774248010827865
n4_4_D10,5.74,1.58,linearly stable,0.3409171396640791,0.3361034768798861
n4_4_D10,5.74,1.68,linearly stable,0.42491592160441316,0.41975492449424207
n4_4_D10,5.74,1.78,linearly stable,0.5204427342341162,0.514844894886535
n4_4_D10,5.74,1.88,linearly stable,0.6271579179397553,0.6210117507158128
n4_4_D10,5.74,2.0,linearly stable,0.7689566701506076,0.7619652717755633
n4_4_D10,5.74,2.11,linearly stable,0.9105676113846877,0.9025700734268599
n4_4_D10,5.74,2.24,linearly stable,1.0895630523639532,1.0799973291458176
n4_4_D10,5.74,2.37,Turing,1.2776284702332545,1.2659402008387208
n4_4_D10,5.74,2.51,Turing,1.4857261919882698,1.470888898678889
n4_4_D10,5.74,2.66,Turing,1.709669502547992,1.6900405137359773
n4_4_D10,5.74,2.82,Turing,1.9437675845108449,1.916642206955244
n4_4_D10,5.74,2.99,Turing,2.18148419714446,2.1422701959730692
n4_4_D10,5.74,3.16,Turing,2.403833537459297,2.345842904206864
n4_4_D10,5.74,3.35,Turing,2.631832171341671,2.5397502710309956
n4_4_D10,5.74,3.55,uniform ON,2.8490170748198267,2.6943543159122
n4_4_D10,5.74,3.76,uniform ON,3.0577370657509655,2.7758494003380236
n4_4_D10,5.74,3.98,uniform ON,3.287264485437449,2.6359253146257795
n4_4_D10,5.74,4.22,no activated state,nan,nan
n4_4_D10,5.74,4.47,no activated state,nan,nan
n4_4_D10,5.74,4.73,no activated state,nan,nan
n4_4_D10,5.74,5.01,no activated state,nan,nan
n4_4_D10,5.74,5.31,no activated state,nan,nan
n4_4_D10,5.74,5.62,no activated state,nan,nan
n4_4_D10,5.74,5.96,no activated state,nan,nan
n4_4_D10,5.74,6.31,no activated state,nan,nan
n4_4_D10,5.74,6.68,no activated state,nan,nan
n4_4_D10,5.74,7.08,no activated state,nan,nan
n4_4_D10,5.74,7.5,no activated state,nan,nan
n4_4_D10,5.74,7.94,no activated state,nan,nan
n4_4_D10,5.74,8.41,no activated state,nan,nan
n4_4_D10,5.74,8.91,no activated state,nan,nan
n4_4_D10,5.74,9.44,no activated state,nan,nan
n4_4_D10,5.74,10.0,no activated state,nan,nan
n4_4_D10,5.74,10.6,no activated state,nan,nan
n4_4_D10,5.74,11.2,no activated state,nan,nan
n4_4_D10,5.74,11.9,no activated state,nan,nan
n4_4_D10,5.74,12.6,no activated state,nan,nan
n4_4_D10,5.74,13.3,no activated state,nan,nan
n4_4_D10,5.74,14.1,no activated state,nan,nan
n4_4_D10,5.74,15.0,no activated state,nan,nan
n4_4_D10,5.74,15.8,no activated state,nan,nan
n4_4_D10,5.74,16.8,no activated state,nan,nan
n4_4_D10,5.74,17.8,no activated state,nan,nan
n4_4_D10,5.74,18.8,no activated state,nan,nan
n4_4_D10,5.74,20.0,no activated state,nan,nan
n4_4_D10,5.74,21.1,no activated state,nan,nan
n4_4_D10,5.74,22.4,no activated state,nan,nan
n4_4_D10,5.74,23.7,no activated state,nan,nan
n4_4_D10,5.74,25.1,no activated state,nan,nan
n4_4_D10,5.74,26.6,no activated state,nan,nan
n4_4_D10,5.74,28.2,no activated state,nan,nan
n4_4_D10,5.74,29.9,no activated state,nan,nan
n4_4_D10,5.74,31.6,no activated state,nan,nan
n4_4_D10,5.74,33.5,no activated state,nan,nan
n4_4_D10,5.74,35.5,no activated state,nan,nan
n4_4_D10,5.74,37.6,no activated state,nan,nan
n4_4_D10,5.74,39.8,no activated state,nan,nan
n4_4_D10,5.74,42.2,no activated state,nan,nan
n4_4_D10,5.74,44.7,no activated state,nan,nan
n4_4_D10,5.74,47.3,no activated state,nan,nan
n4_4_D10,5.74,50.1,no activated state,nan,nan
n4_4_D10,5.74,53.1,no activated state,nan,nan
n4_4_D10,5.74,56.2,no activated state,nan,nan
n4_4_D10,5.74,59.6,no activated state,nan,nan
n4_4_D10,5.74,63.1,no activated state,nan,nan
n4_4_D10,5.74,66.8,no activated state,nan,nan
n4_4_D10,5.74,70.8,no activated state,nan,nan
n4_4_D10,5.74,75.0,no activated state,nan,nan
n4_4_D10,5.74,79.4,no activated state,nan,nan
n4_4_D10,5.74,84.1,no activated state,nan,nan
n4_4_D10,5.74,89.1,no activated state,nan,nan
n4_4_D10,5.74,94.4,no activated state,nan,nan
n4_4_D10,5.74,100.0,no activated state,nan,nan
n4_4_D10,6.05,1.0,linearly stable,0.05027109464736279,0.04716998871487276
n4_4_D10,6.05,1.06,linearly stable,0.06249677626729122,0.05936669437882529
n4_4_D10,6.05,1.12,linearly stable,0.07688737343786434,0.07372272014030197
n4_4_D10,6.05,1.19,linearly stable,0.09669314047222999,0.09348006902884926
n4_4_D10,6.05,1.26,linearly stable,0.1200614383067875,0.11678996093476206
n4_4_D10,6.05,1.33,linearly stable,0.14731041042021964,0.14396902626786395
n4_4_D10,6.05,1.41,linearly stable,0.18358597715750724,0.18014840345829874
n4_4_D10,6.05,1.5,linearly stable,0.23141627620377792,0.22784614676356255
n4_4_D10,6.05,1.58,linearly stable,0.2805394052860928,0.27682594673553074
n4_4_D10,6.05,1.68,linearly stable,0.3510701563464722,0.3471371746404431
n4_4_D10,6.05,1.78,linearly stable,0.4319729864468136,0.4277663588616271
n4_4_D10,6.05,1.88,linearly stable,0.5232336783809739,0.5186870238087297
n4_4_D10,6.05,2.0,linearly stable,0.6459591316432083,0.6408949017040921
n4_4_D10,6.05,2.11,linearly stable,0.7702145937071823,0.7645430998877979
n4_4_D10,6.05,2.24,linearly stable,0.9297386998418471,0.9231364424528803
n4_4_D10,6.05,2.37,linearly stable,1.1003703343435252,1.0925325941415425
n4_4_D10,6.05,2.51,Turing,1.292860065071042,1.2832287331460857
n4_4_D10,6.05,2.66,Turing,1.5044007237249564,1.492106703771241
n4_4_D10,6.05,2.82,Turing,1.7304440506475705,1.714098641868438
n4_4_D10,6.05,2.99,Turing,1.9650593509078784,1.9423835191945396
n4_4_D10,6.05,3.16,Turing,2.1888827441504812,2.156718099230357
n4_4_D10,6.05,3.35,Turing,2.422043335053239,2.3734100898277144
n4_4_D10,6.05,3.55,Turing,2.6457019488069204,2.5687754961430462
n4_4_D10,6.05,3.76,Turing,2.856766189142606,2.728883050592829
n4_4_D10,6.05,3.98,uniform ON,3.0559841344233005,2.8288509515883247
n4_4_D10,6.05,4.22,uniform ON,3.265006643314895,2.7837594322996777
n4_4_D10,6.05,4.47,no activated state,nan,nan
n4_4_D10,6.05,4.73,no activated state,nan,nan
n4_4_D10,6.05,5.01,no activated state,nan,nan
n4_4_D10,6.05,5.31,no activated state,nan,nan
n4_4_D10,6.05,5.62,no activated state,nan,nan
n4_4_D10,6.05,5.96,no activated state,nan,nan
n4_4_D10,6.05,6.31,no activated state,nan,nan
n4_4_D10,6.05,6.68,no activated state,nan,nan
n4_4_D10,6.05,7.08,no activated state,nan,nan
n4_4_D10,6.05,7.5,no activated state,nan,nan
n4_4_D10,6.05,7.94,no activated state,nan,nan
n4_4_D10,6.05,8.41,no activated state,nan,nan
n4_4_D10,6.05,8.91,no activated state,nan,nan
n4_4_D10,6.05,9.44,no activated state,nan,nan
n4_4_D10,6.05,10.0,no activated state,nan,nan
n4_4_D10,6.05,10.6,no activated state,nan,nan
n4_4_D10,6.05,11.2,no activated state,nan,nan
n4_4_D10,6.05,11.9,no activated state,nan,nan
n4_4_D10,6.05,12.6,no activated state,nan,nan
n4_4_D10,6.05,13.3,no activated state,nan,nan
n4_4_D10,6.05,14.1,no activated state,nan,nan
n4_4_D10,6.05,15.0,no activated state,nan,nan
n4_4_D10,6.05,15.8,no activated state,nan,nan
n4_4_D10,6.05,16.8,no activated state,nan,nan
n4_4_D10,6.05,17.8,no activated state,nan,nan
n4_4_D10,6.05,18.8,no activated state,nan,nan
n4_4_D10,6.05,20.0,no activated state,nan,nan
n4_4_D10,6.05,21.1,no activated state,nan,nan
n4_4_D10,6.05,22.4,no activated state,nan,nan
n4_4_D10,6.05,23.7,no activated state,nan,nan
n4_4_D10,6.05,25.1,no activated state,nan,nan
n4_4_D10,6.05,26.6,no activated state,nan,nan
n4_4_D10,6.05,28.2,no activated state,nan,nan
n4_4_D10,6.05,29.9,no activated state,nan,nan
n4_4_D10,6.05,31.6,no activated state,nan,nan
n4_4_D10,6.05,33.5,no activated state,nan,nan
n4_4_D10,6.05,35.5,no activated state,nan,nan
n4_4_D10,6.05,37.6,no activated state,nan,nan
n4_4_D10,6.05,39.8,no activated state,nan,nan
n4_4_D10,6.05,42.2,no activated state,nan,nan
n4_4_D10,6.05,44.7,no activated state,nan,nan
n4_4_D10,6.05,47.3,no activated state,nan,nan
n4_4_D10,6.05,50.1,no activated state,nan,nan
n4_4_D10,6.05,53.1,no activated state,nan,nan
n4_4_D10,6.05,56.2,no activated state,nan,nan
n4_4_D10,6.05,59.6,no activated state,nan,nan
n4_4_D10,6.05,63.1,no activated state,nan,nan
n4_4_D10,6.05,66.8,no activated state,nan,nan
n4_4_D10,6.05,70.8,no activated state,nan,nan
n4_4_D10,6.05,75.0,no activated state,nan,nan
n4_4_D10,6.05,79.4,no activated state,nan,nan
n4_4_D10,6.05,84.1,no activated state,nan,nan
n4_4_D10,6.05,89.1,no activated state,nan,nan
n4_4_D10,6.05,94.4,no activated state,nan,nan
n4_4_D10,6.05,100.0,no activated state,nan,nan
n4_4_D10,6.37,1.0,linearly stable,0.04097811677970409,0.03847247761286003
n4_4_D10,6.37,1.06,linearly stable,0.05097271144605697,0.04844799951994255
n4_4_D10,6.37,1.12,linearly stable,0.0627516889976687,0.06020424984211924
n4_4_D10,6.37,1.19,linearly stable,0.07898886150283024,0.07640964375867093
n4_4_D10,6.37,1.26,linearly stable,0.09818516355059348,0.09556769020018555
n4_4_D10,6.37,1.33,linearly stable,0.12062210377594296,0.1179589516503122
n4_4_D10,6.37,1.41,linearly stable,0.150580124826992,0.14785430978981398
n4_4_D10,6.37,1.5,linearly stable,0.19023589746691538,0.1874240744611419
n4_4_D10,6.37,1.58,linearly stable,0.231148525168845,0.22824413359965623
n4_4_D10,6.37,1.68,linearly stable,0.29022088655647726,0.2871755304719663
n4_4_D10,6.37,1.78,linearly stable,0.358463902782844,0.3552441066233537
n4_4_D10,6.37,1.88,linearly stable,0.43607081127072744,0.43263606202803256
n4_4_D10,6.37,2.0,linearly stable,0.5414962303127457,0.5377377050315477
n4_4_D10,6.37,2.11,linearly stable,0.6494943825443515,0.6453605661362988
n4_4_D10,6.37,2.24,linearly stable,0.7900352483734965,0.7853343436888609
n4_4_D10,6.37,2.37,linearly stable,0.942756411655568,0.937315244005126
n4_4_D10,6.37,2.51,linearly stable,1.1180739071382364,1.1115780910783366
n4_4_D10,6.37,2.66,Turing,1.3145281916921645,1.306499949913268
n4_4_D10,6.37,2.82,Turing,1.528914825739799,1.5186105115879611
n4_4_D10,6.37,2.99,Turing,1.7563693208662925,1.7426026754559774
n4_4_D10,6.37,3.16,Turing,1.9780341634713423,1.9592253761488998
n4_4_D10,6.37,3.35,Turing,2.2136121066100136,2.186337723559681
n4_4_D10,6.37,3.55,Turing,2.4435075032677127,2.4022748633273032
n4_4_D10,6.37,3.76,Turing,2.6626049171710333,2.597606456786338
n4_4_D10,6.37,3.98,Turing,2.8678065723707706,2.760674292415799
n4_4_D10,6.37,4.22,uniform ON,3.0669457054088087,2.8755370874467565
n4_4_D10,6.37,4.47,uniform ON,3.258389458142973,2.8771880008936925
n4_4_D10,6.37,4.73,no activated state,nan,nan
n4_4_D10,6.37,5.01,no activated state,nan,nan
n4_4_D10,6.37,5.31,no activated state,nan,nan
n4_4_D10,6.37,5.62,no activated state,nan,nan
n4_4_D10,6.37,5.96,no activated state,nan,nan
n4_4_D10,6.37,6.31,no activated state,nan,nan
n4_4_D10,6.37,6.68,no activated state,nan,nan
n4_4_D10,6.37,7.08,no activated state,nan,nan
n4_4_D10,6.37,7.5,no activated state,nan,nan
n4_4_D10,6.37,7.94,no activated state,nan,nan
n4_4_D10,6.37,8.41,no activated state,nan,nan
n4_4_D10,6.37,8.91,no activated state,nan,nan
n4_4_D10,6.37,9.44,no activated state,nan,nan
n4_4_D10,6.37,10.0,no activated state,nan,nan
n4_4_D10,6.37,10.6,no activated state,nan,nan
n4_4_D10,6.37,11.2,no activated state,nan,nan
n4_4_D10,6.37,11.9,no activated state,nan,nan
n4_4_D10,6.37,12.6,no activated state,nan,nan
n4_4_D10,6.37,13.3,no activated state,nan,nan
n4_4_D10,6.37,14.1,no activated state,nan,nan
n4_4_D10,6.37,15.0,no activated state,nan,nan
n4_4_D10,6.37,15.8,no activated state,nan,nan
n4_4_D10,6.37,16.8,no activated state,nan,nan
n4_4_D10,6.37,17.8,no activated state,nan,nan
n4_4_D10,6.37,18.8,no activated state,nan,nan
n4_4_D10,6.37,20.0,no activated state,nan,nan
n4_4_D10,6.37,21.1,no activated state,nan,nan
n4_4_D10,6.37,22.4,no activated state,nan,nan
n4_4_D10,6.37,23.7,no activated state,nan,nan
n4_4_D10,6.37,25.1,no activated state,nan,nan
n4_4_D10,6.37,26.6,no activated state,nan,nan
n4_4_D10,6.37,28.2,no activated state,nan,nan
n4_4_D10,6.37,29.9,no activated state,nan,nan
n4_4_D10,6.37,31.6,no activated state,nan,nan
n4_4_D10,6.37,33.5,no activated state,nan,nan
n4_4_D10,6.37,35.5,no activated state,nan,nan
n4_4_D10,6.37,37.6,no activated state,nan,nan
n4_4_D10,6.37,39.8,no activated state,nan,nan
n4_4_D10,6.37,42.2,no activated state,nan,nan
n4_4_D10,6.37,44.7,no activated state,nan,nan
n4_4_D10,6.37,47.3,no activated state,nan,nan
n4_4_D10,6.37,50.1,no activated state,nan,nan
n4_4_D10,6.37,53.1,no activated state,nan,nan
n4_4_D10,6.37,56.2,no activated state,nan,nan
n4_4_D10,6.37,59.6,no activated state,nan,nan
n4_4_D10,6.37,63.1,no activated state,nan,nan
n4_4_D10,6.37,66.8,no activated state,nan,nan
n4_4_D10,6.37,70.8,no activated state,nan,nan
n4_4_D10,6.37,75.0,no activated state,nan,nan
n4_4_D10,6.37,79.4,no activated state,nan,nan
n4_4_D10,6.37,84.1,no activated state,nan,nan
n4_4_D10,6.37,89.1,no activated state,nan,nan
n4_4_D10,6.37,94.4,no activated state,nan,nan
n4_4_D10,6.37,100.0,no activated state,nan,nan
n4_4_D10,6.71,1.0,linearly stable,0.03333139095341009,0.031308035768465865
n4_4_D10,6.71,1.06,linearly stable,0.04148035060200472,0.03944447391382319
n4_4_D10,6.71,1.12,linearly stable,0.051093980965623675,0.049043198995030776
n4_4_D10,6.71,1.19,linearly stable,0.06436365805727107,0.062292062371182066
n4_4_D10,6.71,1.26,linearly stable,0.08007774158335712,0.07798113221198824
n4_4_D10,6.71,1.33,linearly stable,0.09848052763293369,0.09635411008181383
n4_4_D10,6.71,1.41,linearly stable,0.12311265648587177,0.12094544975481795
n4_4_D10,6.71,1.5,linearly stable,0.15582541960986385,0.1536024139071696
n4_4_D10,6.71,1.58,linearly stable,0.1897033086178972,0.18742047897265882
n4_4_D10,6.71,1.68,linearly stable,0.23884983619056444,0.2364763436795362
n4_4_D10,6.71,1.78,linearly stable,0.29596905735579293,0.29348405922402815
n4_4_D10,6.71,1.88,linearly stable,0.3613767815323863,0.35875534935953474
n4_4_D10,6.71,2.0,linearly stable,0.45100765924403996,0.4481825535634262
n4_4_D10,6.71,2.11,linearly stable,0.5437666999700106,0.5407079728482268
n4_4_D10,6.71,2.24,linearly stable,0.665924902879039,0.6625174979169094
n4_4_D10,6.71,2.37,linearly stable,0.8005603162872612,0.7967043955045895
n4_4_D10,6.71,2.51,linearly stable,0.9575924654595647,0.9531081338470077
n4_4_D10,6.71,2.66,linearly stable,1.136770643552523,1.13139065353219
n4_4_D10,6.71,2.82,Turing,1.3362685914806827,1.3295870204466966
n4_4_D10,6.71,2.99,Turing,1.5525482653095102,1.5439342135568022
n4_4_D10,6.71,3.16,Turing,1.7679747442194107,1.7566180332932768
n4_4_D10,6.71,3.35,Turing,2.0019741286126376,1.9861417355803774
n4_4_D10,6.71,3.55,Turing,2.235222071370364,2.212245792493487
n4_4_D10,6.71,3.76,Turing,2.4615910771486744,2.4269066509515094
n4_4_D10,6.71,3.98,Turing,2.6761807716254027,2.621747576170416
n4_4_D10,6.71,4.22,Turing,2.8841000531732854,2.793218840382708
n4_4_D10,6.71,4.47,uniform ON,3.0748109517278532,2.9153485008124953
n4_4_D10,6.71,4.73,uniform ON,3.2533047546051,2.949971708213412
n4_4_D10,6.71,5.01,uniform ON,3.485731840240777,2.5572338340377248
n4_4_D10,6.71,5.31,no activated state,nan,nan
n4_4_D10,6.71,5.62,no activated state,nan,nan
n4_4_D10,6.71,5.96,no activated state,nan,nan
n4_4_D10,6.71,6.31,no activated state,nan,nan
n4_4_D10,6.71,6.68,no activated state,nan,nan
n4_4_D10,6.71,7.08,no activated state,nan,nan
n4_4_D10,6.71,7.5,no activated state,nan,nan
n4_4_D10,6.71,7.94,no activated state,nan,nan
n4_4_D10,6.71,8.41,no activated state,nan,nan
n4_4_D10,6.71,8.91,no activated state,nan,nan
n4_4_D10,6.71,9.44,no activated state,nan,nan
n4_4_D10,6.71,10.0,no activated state,nan,nan
n4_4_D10,6.71,10.6,no activated state,nan,nan
n4_4_D10,6.71,11.2,no activated state,nan,nan
n4_4_D10,6.71,11.9,no activated state,nan,nan
n4_4_D10,6.71,12.6,no activated state,nan,nan
n4_4_D10,6.71,13.3,no activated state,nan,nan
n4_4_D10,6.71,14.1,no activated state,nan,nan
n4_4_D10,6.71,15.0,no activated state,nan,nan
n4_4_D10,6.71,15.8,no activated state,nan,nan
n4_4_D10,6.71,16.8,no activated state,nan,nan
n4_4_D10,6.71,17.8,no activated state,nan,nan
n4_4_D10,6.71,18.8,no activated state,nan,nan
n4_4_D10,6.71,20.0,no activated state,nan,nan
n4_4_D10,6.71,21.1,no activated state,nan,nan
n4_4_D10,6.71,22.4,no activated state,nan,nan
n4_4_D10,6.71,23.7,no activated state,nan,nan
n4_4_D10,6.71,25.1,no activated state,nan,nan
n4_4_D10,6.71,26.6,no activated state,nan,nan
n4_4_D10,6.71,28.2,no activated state,nan,nan
n4_4_D10,6.71,29.9,no activated state,nan,nan
n4_4_D10,6.71,31.6,no activated state,nan,nan
n4_4_D10,6.71,33.5,no activated state,nan,nan
n4_4_D10,6.71,35.5,no activated state,nan,nan
n4_4_D10,6.71,37.6,no activated state,nan,nan
n4_4_D10,6.71,39.8,no activated state,nan,nan
n4_4_D10,6.71,42.2,no activated state,nan,nan
n4_4_D10,6.71,44.7,no activated state,nan,nan
n4_4_D10,6.71,47.3,no activated state,nan,nan
n4_4_D10,6.71,50.1,no activated state,nan,nan
n4_4_D10,6.71,53.1,no activated state,nan,nan
n4_4_D10,6.71,56.2,no activated state,nan,nan
n4_4_D10,6.71,59.6,no activated state,nan,nan
n4_4_D10,6.71,63.1,no activated state,nan,nan
n4_4_D10,6.71,66.8,no activated state,nan,nan
n4_4_D10,6.71,70.8,no activated state,nan,nan
n4_4_D10,6.71,75.0,no activated state,nan,nan
n4_4_D10,6.71,79.4,no activated state,nan,nan
n4_4_D10,6.71,84.1,no activated state,nan,nan
n4_4_D10,6.71,89.1,no activated state,nan,nan
n4_4_D10,6.71,94.4,no activated state,nan,nan
n4_4_D10,6.71,100.0,no activated state,nan,nan
n4_4_D10,7.07,1.0,linearly stable,0.027076001108655046,0.025442078287771112
n4_4_D10,7.07,1.06,linearly stable,0.033708548678376804,0.03206641526344025
n4_4_D10,7.07,1.12,linearly stable,0.04153975597547044,0.03988785713826208
n4_4_D10,7.07,1.19,linearly stable,0.052360811893948256,0.05069529149783776
n4_4_D10,7.07,1.26,linearly stable,0.06519272510379492,0.0635108570822446
n4_4_D10,7.07,1.33,linearly stable,0.08024438906790232,0.0785430716873416
n4_4_D10,7.07,1.41,linearly stable,0.10043199595224372,0.09870411898660723
n4_4_D10,7.07,1.5,linearly stable,0.12731492799819666,0.1255508175759375
n4_4_D10,7.07,1.58,linearly stable,0.15524317368801377,0.15344033993654738
n4_4_D10,7.07,1.68,linearly stable,0.19591827555929342,0.19405699091365827
n4_4_D10,7.07,1.78,linearly stable,0.24343090537857437,0.24149809981781592
n4_4_D10,7.07,1.88,linearly stable,0.29815621227047684,0.2961364137699656
n4_4_D10,7.07,2.0,linearly stable,0.37370561811699377,0.37155693120378863
n4_4_D10,7.07,2.11,linearly stable,0.4525776885569255,0.45028247219834727
n4_4_D10,7.07,2.24,linearly stable,0.5575269016247626,0.5550153006390068
n4_4_D10,7.07,2.37,linearly stable,0.6746396687608796,0.67185325135096
n4_4_D10,7.07,2.51,linearly stable,0.8131831892333512,0.8100173342915101
n4_4_D10,7.07,2.66,linearly stable,0.9738826577814321,0.9701851847346622
n4_4_D10,7.07,2.82,linearly stable,1.1561650443609541,1.1517100296168357
n4_4_D10,7.07,2.99,Turing,1.3578771608557147,1.352321914867027
n4_4_D10,7.07,3.16,Turing,1.5631291578905597,1.556048644058058
n4_4_D10,7.07,3.35,Turing,1.7910749864199822,1.7815685140394089
n4_4_D10,7.07,3.55,Turing,2.0235157956341223,2.0102454490241635
n4_4_D10,7.07,3.76,Turing,2.2540205904878388,2.234769960042028
n4_4_D10,7.07,3.98,Turing,2.4766991059976498,2.447711975930597
n4_4_D10,7.07,4.22,Turing,2.6954956105705987,2.649339875079793
n4_4_D10,7.07,4.47,Turing,2.8968050388916176,2.8204908132887496
n4_4_D10,7.07,4.73,uniform ON,3.080154212141449,2.948505311081077
n4_4_D10,7.07,5.01,uniform ON,3.254634033194694,3.007203305273768
n4_4_D10,7.07,5.31,uniform ON,3.438163563683487,2.8604233363769223
n4_4_D10,7.07,5.62,no activated state,nan,nan
n4_4_D10,7.07,5.96,no activated state,nan,nan
n4_4_D10,7.07,6.31,no activated state,nan,nan
n4_4_D10,7.07,6.68,no activated state,nan,nan
n4_4_D10,7.07,7.08,no activated state,nan,nan
n4_4_D10,7.07,7.5,no activated state,nan,nan
n4_4_D10,7.07,7.94,no activated state,nan,nan
n4_4_D10,7.07,8.41,no activated state,nan,nan
n4_4_D10,7.07,8.91,no activated state,nan,nan
n4_4_D10,7.07,9.44,no activated state,nan,nan
n4_4_D10,7.07,10.0,no activated state,nan,nan
n4_4_D10,7.07,10.6,no activated state,nan,nan
n4_4_D10,7.07,11.2,no activated state,nan,nan
n4_4_D10,7.07,11.9,no activated state,nan,nan
n4_4_D10,7.07,12.6,no activated state,nan,nan
n4_4_D10,7.07,13.3,no activated state,nan,nan
n4_4_D10,7.07,14.1,no activated state,nan,nan
n4_4_D10,7.07,15.0,no activated state,nan,nan
n4_4_D10,7.07,15.8,no activated state,nan,nan
n4_4_D10,7.07,16.8,no activated state,nan,nan
n4_4_D10,7.07,17.8,no activated state,nan,nan
n4_4_D10,7.07,18.8,no activated state,nan,nan
n4_4_D10,7.07,20.0,no activated state,nan,nan
n4_4_D10,7.07,21.1,no activated state,nan,nan
n4_4_D10,7.07,22.4,no activated state,nan,nan
n4_4_D10,7.07,23.7,no activated state,nan,nan
n4_4_D10,7.07,25.1,no activated state,nan,nan
n4_4_D10,7.07,26.6,no activated state,nan,nan
n4_4_D10,7.07,28.2,no activated state,nan,nan
n4_4_D10,7.07,29.9,no activated state,nan,nan
n4_4_D10,7.07,31.6,no activated state,nan,nan
n4_4_D10,7.07,33.5,no activated state,nan,nan
n4_4_D10,7.07,35.5,no activated state,nan,nan
n4_4_D10,7.07,37.6,no activated state,nan,nan
n4_4_D10,7.07,39.8,no activated state,nan,nan
n4_4_D10,7.07,42.2,no activated state,nan,nan
n4_4_D10,7.07,44.7,no activated state,nan,nan
n4_4_D10,7.07,47.3,no activated state,nan,nan
n4_4_D10,7.07,50.1,no activated state,nan,nan
n4_4_D10,7.07,53.1,no activated state,nan,nan
n4_4_D10,7.07,56.2,no activated state,nan,nan
n4_4_D10,7.07,59.6,no activated state,nan,nan
n4_4_D10,7.07,63.1,no activated state,nan,nan
n4_4_D10,7.07,66.8,no activated state,nan,nan
n4_4_D10,7.07,70.8,no activated state,nan,nan
n4_4_D10,7.07,75.0,no activated state,nan,nan
n4_4_D10,7.07,79.4,no activated state,nan,nan
n4_4_D10,7.07,84.1,no activated state,nan,nan
n4_4_D10,7.07,89.1,no activated state,nan,nan
n4_4_D10,7.07,94.4,no activated state,nan,nan
n4_4_D10,7.07,100.0,no activated state,nan,nan
n4_4_D10,7.45,1.0,linearly stable,0.021981615273568345,0.02066149191217691
n4_4_D10,7.45,1.06,linearly stable,0.02737480052203578,0.02604929331034807
n4_4_D10,7.45,1.12,linearly stable,0.03374700837343836,0.03241510218659714
n4_4_D10,7.45,1.19,linearly stable,0.04255979063346338,0.04121896659307689
n4_4_D10,7.45,1.26,linearly stable,0.0530219102856897,0.05167039572923065
n4_4_D10,7.45,1.33,linearly stable,0.06531000933645181,0.0639457927899543
n4_4_D10,7.45,1.41,linearly stable,0.08181853722099852,0.08043700430264084
n4_4_D10,7.45,1.5,linearly stable,0.10385121081807114,0.10244610745511869
n4_4_D10,7.45,1.58,linearly stable,0.12680009088010546,0.12536986334364306
n4_4_D10,7.45,1.68,linearly stable,0.1603320955152845,0.1588640690547197
n4_4_D10,7.45,1.78,linearly stable,0.1996653005806741,0.19815121880136682
n4_4_D10,7.45,1.88,linearly stable,0.2451905284642497,0.2436207037566423
n4_4_D10,7.45,2.0,linearly stable,0.3084310559454355,0.3067791629065473
n4_4_D10,7.45,2.11,linearly stable,0.3749427349159493,0.37319823778405903
n4_4_D10,7.45,2.24,linearly stable,0.46423012258166274,0.46235010071933874
n4_4_D10,7.45,2.37,linearly stable,0.5649391981150083,0.5628889256065726
n4_4_D10,7.45,2.51,linearly stable,0.6855635686001929,0.6832811999550049
n4_4_D10,7.45,2.66,linearly stable,0.8275349543947188,0.8249322530456816
n4_4_D10,7.45,2.82,linearly stable,0.9913067619139091,0.9882554883636635
n4_4_D10,7.45,2.99,linearly stable,1.176003539065416,1.1723135725092722
n4_4_D10,7.45,3.16,Turing,1.3677766785080454,1.3632200179634213
n4_4_D10,7.45,3.35,Turing,1.5854011816128848,1.5794980845669178
n4_4_D10,7.45,3.55,Turing,1.812465229454895,1.8045265186795914
n4_4_D10,7.45,3.76,Turing,2.042842931207957,2.031757876721827
n4_4_D10,7.45,3.98,Turing,2.2702943132580664,2.2542360625291664
n4_4_D10,7.45,4.22,Turing,2.4982347190131877,2.473698440365203
n4_4_D10,7.45,4.47,Turing,2.7112254511821123,2.672402904428771
n4_4_D10,7.45,4.73,Turing,2.90648085287203,2.84292790513398
n4_4_D10,7.45,5.01,uniform ON,3.089493818769667,2.9793991779562643
n4_4_D10,7.45,5.31,uniform ON,3.2601712530824316,3.0549505045587666
n4_4_D10,7.45,5.62,uniform ON,3.422801902620491,2.9906462462409937
n4_4_D10,7.45,5.96,no activated state,nan,nan
n4_4_D10,7.45,6.31,no activated state,nan,nan
n4_4_D10,7.45,6.68,no activated state,nan,nan
n4_4_D10,7.45,7.08,no activated state,nan,nan
n4_4_D10,7.45,7.5,no activated state,nan,nan
n4_4_D10,7.45,7.94,no activated state,nan,nan
n4_4_D10,7.45,8.41,no activated state,nan,nan
n4_4_D10,7.45,8.91,no activated state,nan,nan
n4_4_D10,7.45,9.44,no activated state,nan,nan
n4_4_D10,7.45,10.0,no activated state,nan,nan
n4_4_D10,7.45,10.6,no activated state,nan,nan
n4_4_D10,7.45,11.2,no activated state,nan,nan
n4_4_D10,7.45,11.9,no activated state,nan,nan
n4_4_D10,7.45,12.6,no activated state,nan,nan
n4_4_D10,7.45,13.3,no activated state,nan,nan
n4_4_D10,7.45,14.1,no activated state,nan,nan
n4_4_D10,7.45,15.0,no activated state,nan,nan
n4_4_D10,7.45,15.8,no activated state,nan,nan
n4_4_D10,7.45,16.8,no activated state,nan,nan
n4_4_D10,7.45,17.8,no activated state,nan,nan
n4_4_D10,7.45,18.8,no activated state,nan,nan
n4_4_D10,7.45,20.0,no activated state,nan,nan
n4_4_D10,7.45,21.1,no activated state,nan,nan
n4_4_D10,7.45,22.4,no activated state,nan,nan
n4_4_D10,7.45,23.7,no activated state,nan,nan
n4_4_D10,7.45,25.1,no activated state,nan,nan
n4_4_D10,7.45,26.6,no activated state,nan,nan
n4_4_D10,7.45,28.2,no activated state,nan,nan
n4_4_D10,7.45,29.9,no activated state,nan,nan
n4_4_D10,7.45,31.6,no activated state,nan,nan
n4_4_D10,7.45,33.5,no activated state,nan,nan
n4_4_D10,7.45,35.5,no activated state,nan,nan
n4_4_D10,7.45,37.6,no activated state,nan,nan
n4_4_D10,7.45,39.8,no activated state,nan,nan
n4_4_D10,7.45,42.2,no activated state,nan,nan
n4_4_D10,7.45,44.7,no activated state,nan,nan
n4_4_D10,7.45,47.3,no activated state,nan,nan
n4_4_D10,7.45,50.1,no activated state,nan,nan
n4_4_D10,7.45,53.1,no activated state,nan,nan
n4_4_D10,7.45,56.2,no activated state,nan,nan
n4_4_D10,7.45,59.6,no activated state,nan,nan
n4_4_D10,7.45,63.1,no activated state,nan,nan
n4_4_D10,7.45,66.8,no activated state,nan,nan
n4_4_D10,7.45,70.8,no activated state,nan,nan
n4_4_D10,7.45,75.0,no activated state,nan,nan
n4_4_D10,7.45,79.4,no activated state,nan,nan
n4_4_D10,7.45,84.1,no activated state,nan,nan
n4_4_D10,7.45,89.1,no activated state,nan,nan
n4_4_D10,7.45,94.4,no activated state,nan,nan
n4_4_D10,7.45,100.0,no activated state,nan,nan
n4_4_D10,7.85,1.0,linearly stable,0.0178463378727427,0.016778740994940262
n4_4_D10,7.85,1.06,linearly stable,0.022230583097279766,0.02115945225346228
n4_4_D10,7.85,1.12,linearly stable,0.02741357183586457,0.026338243042772345
n4_4_D10,7.85,1.19,linearly stable,0.034586794308458124,0.03350561931413448
n4_4_D10,7.85,1.26,linearly stable,0.043110251118084975,0.04202207425072198
n4_4_D10,7.85,1.33,linearly stable,0.05313208071912401,0.0520355935373946
n4_4_D10,7.85,1.41,linearly stable,0.06661429278250885,0.0655064918349623
n4_4_D10,7.85,1.5,linearly stable,0.08464077261487235,0.08351760002480962
n4_4_D10,7.85,1.58,linearly stable,0.10345685116341219,0.10231732875762077
n4_4_D10,7.85,1.68,linearly stable,0.13102379768210648,0.1298597435869052
n4_4_D10,7.85,1.78,linearly stable,0.16347187906904148,0.16227803891826287
n4_4_D10,7.85,1.88,linearly stable,0.20117978416182947,0.19995003901618433
n4_4_D10,7.85,2.0,linearly stable,0.2538329715609091,0.2525506411940397
n4_4_D10,7.85,2.11,linearly stable,0.30955367008999657,0.3082123740048435
n4_4_D10,7.85,2.24,linearly stable,0.3849150765991962,0.3834881362238129
n4_4_D10,7.85,2.37,linearly stable,0.4706965251229587,0.4691629878814875
n4_4_D10,7.85,2.51,linearly stable,0.5745451807644519,0.572867896752298
n4_4_D10,7.85,2.66,linearly stable,0.6983397059055858,0.6964665920448826
n4_4_D10,7.85,2.82,linearly stable,0.8432910172839723,0.8411478419610001
n4_4_D10,7.85,2.99,linearly stable,1.009585843567494,1.0070648756518648
n4_4_D10,7.85,3.16,linearly stable,1.1854971989765426,1.182473376557036
n4_4_D10,7.85,3.35,Turing,1.3892320330146082,1.385443627047576
n4_4_D10,7.85,3.55,Turing,1.6065856639463663,1.6016685794177214
n4_4_D10,7.85,3.76,Turing,1.8322241225848743,1.8256062530586992
n4_4_D10,7.85,3.98,Turing,2.060136643258529,2.0509014089187474
n4_4_D10,7.85,4.22,Turing,2.293670558988043,2.2801007827645736
n4_4_D10,7.85,4.47,Turing,2.516370161163057,2.4957265979990497
n4_4_D10,7.85,4.73,Turing,2.7238652934580463,2.6914259707717414
n4_4_D10,7.85,5.01,Turing,2.9201254179301364,2.866589977301272
n4_4_D10,7.85,5.31,uniform ON,3.101807020778759,3.008770733684887
n4_4_D10,7.85,5.62,uniform ON,3.2637111189876125,3.0948161892676476
n4_4_D10,7.85,5.96,uniform ON,3.4220141120773873,3.0728660516378707
n4_4_D10,7.85,6.31,no activated state,nan,nan
n4_4_D10,7.85,6.68,no activated state,nan,nan
n4_4_D10,7.85,7.08,no activated state,nan,nan
n4_4_D10,7.85,7.5,no activated state,nan,nan
n4_4_D10,7.85,7.94,no activated state,nan,nan
n4_4_D10,7.85,8.41,no activated state,nan,nan
n4_4_D10,7.85,8.91,no activated state,nan,nan
n4_4_D10,7.85,9.44,no activated state,nan,nan
n4_4_D10,7.85,10.0,no activated state,nan,nan
n4_4_D10,7.85,10.6,no activated state,nan,nan
n4_4_D10,7.85,11.2,no activated state,nan,nan
n4_4_D10,7.85,11.9,no activated state,nan,nan
n4_4_D10,7.85,12.6,no activated state,nan,nan
n4_4_D10,7.85,13.3,no activated state,nan,nan
n4_4_D10,7.85,14.1,no activated state,nan,nan
n4_4_D10,7.85,15.0,no activated state,nan,nan
n4_4_D10,7.85,15.8,no activated state,nan,nan
n4_4_D10,7.85,16.8,no activated state,nan,nan
n4_4_D10,7.85,17.8,no activated state,nan,nan
n4_4_D10,7.85,18.8,no activated state,nan,nan
n4_4_D10,7.85,20.0,no activated state,nan,nan
n4_4_D10,7.85,21.1,no activated state,nan,nan
n4_4_D10,7.85,22.4,no activated state,nan,nan
n4_4_D10,7.85,23.7,no activated state,nan,nan
n4_4_D10,7.85,25.1,no activated state,nan,nan
n4_4_D10,7.85,26.6,no activated state,nan,nan
n4_4_D10,7.85,28.2,no activated state,nan,nan
n4_4_D10,7.85,29.9,no activated state,nan,nan
n4_4_D10,7.85,31.6,no activated state,nan,nan
n4_4_D10,7.85,33.5,no activated state,nan,nan
n4_4_D10,7.85,35.5,no activated state,nan,nan
n4_4_D10,7.85,37.6,no activated state,nan,nan
n4_4_D10,7.85,39.8,no activated state,nan,nan
n4_4_D10,7.85,42.2,no activated state,nan,nan
n4_4_D10,7.85,44.7,no activated state,nan,nan
n4_4_D10,7.85,47.3,no activated state,nan,nan
n4_4_D10,7.85,50.1,no activated state,nan,nan
n4_4_D10,7.85,53.1,no activated state,nan,nan
n4_4_D10,7.85,56.2,no activated state,nan,nan
n4_4_D10,7.85,59.6,no activated state,nan,nan
n4_4_D10,7.85,63.1,no activated state,nan,nan
n4_4_D10,7.85,66.8,no activated state,nan,nan
n4_4_D10,7.85,70.8,no activated state,nan,nan
n4_4_D10,7.85,75.0,no activated state,nan,nan
n4_4_D10,7.85,79.4,no activated state,nan,nan
n4_4_D10,7.85,84.1,no activated state,nan,nan
n4_4_D10,7.85,89.1,no activated state,nan,nan
n4_4_D10,7.85,94.4,no activated state,nan,nan
n4_4_D10,7.85,100.0,no activated state,nan,nan
n4_4_D10,8.26,1.0,linearly stable,0.014567318244139482,0.013698571194779774
n4_4_D10,8.26,1.06,linearly stable,0.018149679373541616,0.017278585450608067
n4_4_D10,8.26,1.12,linearly stable,0.022386557612328772,0.02151267710521445
n4_4_D10,8.26,1.19,linearly stable,0.02825370513146641,0.027375946156404412
n4_4_D10,8.26,1.26,linearly stable,0.035230281126867435,0.03434788036837608
n4_4_D10,8.26,1.33,linearly stable,0.04344030716012659,0.04255240194053681
n4_4_D10,8.26,1.41,linearly stable,0.05449709676359005,0.053601705867912526
n4_4_D10,8.26,1.5,linearly stable,0.06930214312162875,0.06839659655105237
n4_4_D10,8.26,1.58,linearly stable,0.08478197525946607,0.08386564522458645
n4_4_D10,8.26,1.68,linearly stable,0.10750971214439575,0.10657723721721102
n4_4_D10,8.26,1.78,linearly stable,0.13433607230636158,0.13338404919417018
n4_4_D10,8.26,1.88,linearly stable,0.1656124176045468,0.1646369075557749
n4_4_D10,8.26,2.0,linearly stable,0.209468401603925,0.2084586386994327
n4_4_D10,8.26,2.11,linearly stable,0.25611379131180056,0.2550658140616357
n4_4_D10,8.26,2.24,linearly stable,0.3195876705755243,0.3184845313050095
n4_4_D10,8.26,2.37,linearly stable,0.39238441409225855,0.3912131387180653
n4_4_D10,8.26,2.51,linearly stable,0.4813015592415697,0.48003922712912883
n4_4_D10,8.26,2.66,linearly stable,0.588440679029663,0.5870556432453243
n4_4_D10,8.26,2.82,linearly stable,0.7154985879596403,0.7139465175565495
n4_4_D10,8.26,2.99,linearly stable,0.8634451866206687,0.8616629673656434
n4_4_D10,8.26,3.16,linearly stable,1.022539193260104,1.0204557502963887
n4_4_D10,8.26,3.35,linearly stable,1.2102093711799142,1.2076765475882052
n4_4_D10,8.26,3.55,Turing,1.414569192303182,1.411387039592338
n4_4_D10,8.26,3.76,Turing,1.631367812392265,1.627229465462375
n4_4_D10,8.26,3.98,Turing,1.8552802334032439,1.8497057052552992
n4_4_D10,8.26,4.22,Turing,2.0899534705572496,2.0820614549548293
n4_4_D10,8.26,4.47,Turing,2.318707425768631,2.307135919591049
n4_4_D10,8.26,4.73,Turing,2.536103815874446,2.5185735323634866
n4_4_D10,8.26,5.01,Turing,2.7451541296420086,2.7173218602896583
n4_4_D10,8.26,5.31,Turing,2.9407614635423567,2.8944873126608073
n4_4_D10,8.26,5.62,uniform ON,3.1147230482495614,3.035457895003937
n4_4_D10,8.26,5.96,uniform ON,3.277873237191969,3.131830671571634
n4_4_D10,8.26,6.31,uniform ON,3.4244853950337086,3.1359821328916273
n4_4_D10,8.26,6.68,uniform ON,3.5978621439026295,2.752203872128199
n4_4_D10,8.26,7.08,no activated state,nan,nan
n4_4_D10,8.26,7.5,no activated state,nan,nan
n4_4_D10,8.26,7.94,no activated state,nan,nan
n4_4_D10,8.26,8.41,no activated state,nan,nan
n4_4_D10,8.26,8.91,no activated state,nan,nan
n4_4_D10,8.26,9.44,no activated state,nan,nan
n4_4_D10,8.26,10.0,no activated state,nan,nan
n4_4_D10,8.26,10.6,no activated state,nan,nan
n4_4_D10,8.26,11.2,no activated state,nan,nan
n4_4_D10,8.26,11.9,no activated state,nan,nan
n4_4_D10,8.26,12.6,no activated state,nan,nan
n4_4_D10,8.26,13.3,no activated state,nan,nan
n4_4_D10,8.26,14.1,no activated state,nan,nan
n4_4_D10,8.26,15.0,no activated state,nan,nan
n4_4_D10,8.26,15.8,no activated state,nan,nan
n4_4_D10,8.26,16.8,no activated state,nan,nan
n4_4_D10,8.26,17.8,no activated state,nan,nan
n4_4_D10,8.26,18.8,no activated state,nan,nan
n4_4_D10,8.26,20.0,no activated state,nan,nan
n4_4_D10,8.26,21.1,no activated state,nan,nan
n4_4_D10,8.26,22.4,no activated state,nan,nan
n4_4_D10,8.26,23.7,no activated state,nan,nan
n4_4_D10,8.26,25.1,no activated state,nan,nan
n4_4_D10,8.26,26.6,no activated state,nan,nan
n4_4_D10,8.26,28.2,no activated state,nan,nan
n4_4_D10,8.26,29.9,no activated state,nan,nan
n4_4_D10,8.26,31.6,no activated state,nan,nan
n4_4_D10,8.26,33.5,no activated state,nan,nan
n4_4_D10,8.26,35.5,no activated state,nan,nan
n4_4_D10,8.26,37.6,no activated state,nan,nan
n4_4_D10,8.26,39.8,no activated state,nan,nan
n4_4_D10,8.26,42.2,no activated state,nan,nan
n4_4_D10,8.26,44.7,no activated state,nan,nan
n4_4_D10,8.26,47.3,no activated state,nan,nan
n4_4_D10,8.26,50.1,no activated state,nan,nan
n4_4_D10,8.26,53.1,no activated state,nan,nan
n4_4_D10,8.26,56.2,no activated state,nan,nan
n4_4_D10,8.26,59.6,no activated state,nan,nan
n4_4_D10,8.26,63.1,no activated state,nan,nan
n4_4_D10,8.26,66.8,no activated state,nan,nan
n4_4_D10,8.26,70.8,no activated state,nan,nan
n4_4_D10,8.26,75.0,no activated state,nan,nan
n4_4_D10,8.26,79.4,no activated state,nan,nan
n4_4_D10,8.26,84.1,no activated state,nan,nan
n4_4_D10,8.26,89.1,no activated state,nan,nan
n4_4_D10,8.26,94.4,no activated state,nan,nan
n4_4_D10,8.26,100.0,no activated state,nan,nan
n4_4_D10,8.71,1.0,linearly stable,0.011788478841135763,0.011087293555217299
n4_4_D10,8.71,1.06,linearly stable,0.014689987116001557,0.013987269219211111
n4_4_D10,8.71,1.12,linearly stable,0.01812289868680672,0.01741836171168713
n4_4_D10,8.71,1.19,linearly stable,0.02287902369302719,0.022171956087272997
n4_4_D10,8.71,1.26,linearly stable,0.028537963947504075,0.02782786952890468
n4_4_D10,8.71,1.33,linearly stable,0.03520223359367902,0.03448855244530232
n4_4_D10,8.71,1.41,linearly stable,0.044185560089263554,0.043467005758945146
n4_4_D10,8.71,1.5,linearly stable,0.05622913076506464,0.05550397330183411
n4_4_D10,8.71,1.58,linearly stable,0.06883989430866277,0.06810773573941226
n4_4_D10,8.71,1.68,linearly stable,0.08738914529680386,0.08664652403553658
n4_4_D10,8.71,1.78,linearly stable,0.10933558603715632,0.10858032683206167
n4_4_D10,8.71,1.88,linearly stable,0.1349940156889402,0.1342236146971373
n4_4_D10,8.71,2.0,linearly stable,0.17110275900571814,0.1703103558211669
n4_4_D10,8.71,2.11,linearly stable,0.20967599884358945,0.20885915631945093
n4_4_D10,8.71,2.24,linearly stable,0.262445448196293,0.2615935166015425
n4_4_D10,8.71,2.37,linearly stable,0.3233663157508091,0.32247132971336506
n4_4_D10,8.71,2.51,linearly stable,0.39836496053518955,0.3974128919465994
n4_4_D10,8.71,2.66,linearly stable,0.489602135492925,0.4885738864352341
n4_4_D10,8.71,2.82,linearly stable,0.5990517663438859,0.5979210145622113
n4_4_D10,8.71,2.99,linearly stable,0.7282360230634493,0.7269659712290157
n4_4_D10,8.71,3.16,linearly stable,0.8692878921721783,0.8678383263298504
n4_4_D10,8.71,3.35,linearly stable,1.038586010459261,1.036873355113875
n4_4_D10,8.71,3.55,Turing,1.226618056388745,1.2245329016270337
n4_4_D10,8.71,3.76,Turing,1.4304073401345456,1.4277856914329259
n4_4_D10,8.71,3.98,Turing,1.6456804520543846,1.642271890670377
n4_4_D10,8.71,4.22,Turing,1.876677674759803,1.8720312429591561
n4_4_D10,8.71,4.47,Turing,2.107270023866585,2.1007100612522596
n4_4_D10,8.71,4.73,Turing,2.331432797699332,2.321857853822878
n4_4_D10,8.71,5.01,Turing,2.551541901950314,2.536904987422211
n4_4_D10,8.71,5.31,Turing,2.7612489366020725,2.7378489707117053
n4_4_D10,8.71,5.62,Turing,2.9500983720338185,2.9116638470561464
n4_4_D10,8.71,5.96,uniform ON,3.1275016370632027,3.060532688103924
n4_4_D10,8.71,6.31,uniform ON,3.282520737214366,3.1620894618355417
n4_4_D10,8.71,6.68,uniform ON,3.4234698490488906,3.191355883487464
n4_4_D10,8.71,7.08,uniform ON,3.5683215469530527,3.015371078558203
n4_4_D10,8.71,7.5,no activated state,nan,nan
n4_4_D10,8.71,7.94,no activated state,nan,nan
n4_4_D10,8.71,8.41,no activated state,nan,nan
n4_4_D10,8.71,8.91,no activated state,nan,nan
n4_4_D10,8.71,9.44,no activated state,nan,nan
n4_4_D10,8.71,10.0,no activated state,nan,nan
n4_4_D10,8.71,10.6,no activated state,nan,nan
n4_4_D10,8.71,11.2,no activated state,nan,nan
n4_4_D10,8.71,11.9,no activated state,nan,nan
n4_4_D10,8.71,12.6,no activated state,nan,nan
n4_4_D10,8.71,13.3,no activated state,nan,nan
n4_4_D10,8.71,14.1,no activated state,nan,nan
n4_4_D10,8.71,15.0,no activated state,nan,nan
n4_4_D10,8.71,15.8,no activated state,nan,nan
n4_4_D10,8.71,16.8,no activated state,nan,nan
n4_4_D10,8.71,17.8,no activated state,nan,nan
n4_4_D10,8.71,18.8,no activated state,nan,nan
n4_4_D10,8.71,20.0,no activated state,nan,nan
n4_4_D10,8.71,21.1,no activated state,nan,nan
n4_4_D10,8.71,22.4,no activated state,nan,nan
n4_4_D10,8.71,23.7,no activated state,nan,nan
n4_4_D10,8.71,25.1,no activated state,nan,nan
n4_4_D10,8.71,26.6,no activated state,nan,nan
n4_4_D10,8.71,28.2,no activated state,nan,nan
n4_4_D10,8.71,29.9,no activated state,nan,nan
n4_4_D10,8.71,31.6,no activated state,nan,nan
n4_4_D10,8.71,33.5,no activated state,nan,nan
n4_4_D10,8.71,35.5,no activated state,nan,nan
n4_4_D10,8.71,37.6,no activated state,nan,nan
n4_4_D10,8.71,39.8,no activated state,nan,nan
n4_4_D10,8.71,42.2,no activated state,nan,nan
n4_4_D10,8.71,44.7,no activated state,nan,nan
n4_4_D10,8.71,47.3,no activated state,nan,nan
n4_4_D10,8.71,50.1,no activated state,nan,nan
n4_4_D10,8.71,53.1,no activated state,nan,nan
n4_4_D10,8.71,56.2,no activated state,nan,nan
n4_4_D10,8.71,59.6,no activated state,nan,nan
n4_4_D10,8.71,63.1,no activated state,nan,nan
n4_4_D10,8.71,66.8,no activated state,nan,nan
n4_4_D10,8.71,70.8,no activated state,nan,nan
n4_4_D10,8.71,75.0,no activated state,nan,nan
n4_4_D10,8.71,79.4,no activated state,nan,nan
n4_4_D10,8.71,84.1,no activated state,nan,nan
n4_4_D10,8.71,89.1,no activated state,nan,nan
n4_4_D10,8.71,94.4,no activated state,nan,nan
n4_4_D10,8.71,100.0,no activated state,nan,nan
n4_4_D10,9.17,1.0,linearly stable,0.009599193243205573,0.009029405551166766
n4_4_D10,9.17,1.06,linearly stable,0.011963464108605049,0.011392662435460292
n4_4_D10,9.17,1.12,linearly stable,0.01476156847521315,0.014189563648726871
n4_4_D10,9.17,1.19,linearly stable,0.01863967646081255,0.018065998494162794
n4_4_D10,9.17,1.26,linearly stable,0.02325616837175648,0.022680490184254082
n4_4_D10,9.17,1.33,linearly stable,0.02869591239235625,0.028117865335583078
n4_4_D10,9.17,1.41,linearly stable,0.03603393891880957,0.0354526757030496
n4_4_D10,9.17,1.5,linearly stable,0.04588135817199657,0.045295741361950574
n4_4_D10,9.17,1.58,linearly stable,0.05620438814875284,0.055614160670568576
n4_4_D10,9.17,1.68,linearly stable,0.07141066324279777,0.07081355547348797
n4_4_D10,9.17,1.78,linearly stable,0.08943589301484378,0.08883049025944927
n4_4_D10,9.17,1.88,linearly stable,0.11055677232514816,0.10994145334355063
n4_4_D10,9.17,2.0,linearly stable,0.14036583347443887,0.13973614724491146
n4_4_D10,9.17,2.11,linearly stable,0.17232095258673263,0.17167536365194536
n4_4_D10,9.17,2.24,linearly stable,0.21622431300406175,0.21555598989881994
n4_4_D10,9.17,2.37,linearly stable,0.2671811712896819,0.26648510294062694
n4_4_D10,9.17,2.51,linearly stable,0.33031661743661633,0.3295840006984682
n4_4_D10,9.17,2.66,linearly stable,0.40772846828880427,0.4069474608814532
n4_4_D10,9.17,2.82,linearly stable,0.5014826768288221,0.5006371828160754
n4_4_D10,9.17,2.99,linearly stable,0.6134095349330098,0.6124774090258311
n4_4_D10,9.17,3.16,linearly stable,0.7372146203756578,0.73617230990663
n4_4_D10,9.17,3.35,linearly stable,0.8880578940523032,0.8868565480816665
n4_4_D10,9.17,3.55,linearly stable,1.0585324099680644,1.057109850534607
n4_4_D10,9.17,3.76,Turing,1.2468784481768704,1.2451435001706714
n4_4_D10,9.17,3.98,Turing,1.450003344359322,1.4478198916501959
n4_4_D10,9.17,4.22,Turing,1.6728640267241315,1.6699912799622938
n4_4_D10,9.17,4.47,Turing,1.9005360048736857,1.896623658212041
n4_4_D10,9.17,4.73,Turing,2.126963165670144,2.1214535200203
n4_4_D10,9.17,5.01,Turing,2.3542628454629018,2.346140504796188
n4_4_D10,9.17,5.31,Turing,2.575369735579831,2.5628482423149186
n4_4_D10,9.17,5.62,Turing,2.778078593803406,2.7582344299895087
n4_4_D10,9.17,5.96,uniform ON,2.9710451886610882,2.937811869691422
n4_4_D10,9.17,6.31,uniform ON,3.1404430192696773,3.0834346513973463
n4_4_D10,9.17,6.68,uniform ON,3.2919899649419078,3.189979580829897
n4_4_D10,9.17,7.08,uniform ON,3.4311115812089072,3.2344672892075117
n4_4_D10,9.17,7.5,uniform ON,3.5629163055068362,3.1293367392068583
n4_4_D10,9.17,7.94,no activated state,nan,nan
n4_4_D10,9.17,8.41,no activated state,nan,nan
n4_4_D10,9.17,8.91,no activated state,nan,nan
n4_4_D10,9.17,9.44,no activated state,nan,nan
n4_4_D10,9.17,10.0,no activated state,nan,nan
n4_4_D10,9.17,10.6,no activated state,nan,nan
n4_4_D10,9.17,11.2,no activated state,nan,nan
n4_4_D10,9.17,11.9,no activated state,nan,nan
n4_4_D10,9.17,12.6,no activated state,nan,nan
n4_4_D10,9.17,13.3,no activated state,nan,nan
n4_4_D10,9.17,14.1,no activated state,nan,nan
n4_4_D10,9.17,15.0,no activated state,nan,nan
n4_4_D10,9.17,15.8,no activated state,nan,nan
n4_4_D10,9.17,16.8,no activated state,nan,nan
n4_4_D10,9.17,17.8,no activated state,nan,nan
n4_4_D10,9.17,18.8,no activated state,nan,nan
n4_4_D10,9.17,20.0,no activated state,nan,nan
n4_4_D10,9.17,21.1,no activated state,nan,nan
n4_4_D10,9.17,22.4,no activated state,nan,nan
n4_4_D10,9.17,23.7,no activated state,nan,nan
n4_4_D10,9.17,25.1,no activated state,nan,nan
n4_4_D10,9.17,26.6,no activated state,nan,nan
n4_4_D10,9.17,28.2,no activated state,nan,nan
n4_4_D10,9.17,29.9,no activated state,nan,nan
n4_4_D10,9.17,31.6,no activated state,nan,nan
n4_4_D10,9.17,33.5,no activated state,nan,nan
n4_4_D10,9.17,35.5,no activated state,nan,nan
n4_4_D10,9.17,37.6,no activated state,nan,nan
n4_4_D10,9.17,39.8,no activated state,nan,nan
n4_4_D10,9.17,42.2,no activated state,nan,nan
n4_4_D10,9.17,44.7,no activated state,nan,nan
n4_4_D10,9.17,47.3,no activated state,nan,nan
n4_4_D10,9.17,50.1,no activated state,nan,nan
n4_4_D10,9.17,53.1,no activated state,nan,nan
n4_4_D10,9.17,56.2,no activated state,nan,nan
n4_4_D10,9.17,59.6,no activated state,nan,nan
n4_4_D10,9.17,63.1,no activated state,nan,nan
n4_4_D10,9.17,66.8,no activated state,nan,nan
n4_4_D10,9.17,70.8,no activated state,nan,nan
n4_4_D10,9.17,75.0,no activated state,nan,nan
n4_4_D10,9.17,79.4,no activated state,nan,nan
n4_4_D10,9.17,84.1,no activated state,nan,nan
n4_4_D10,9.17,89.1,no activated state,nan,nan
n4_4_D10,9.17,94.4,no activated state,nan,nan
n4_4_D10,9.17,100.0,no activated state,nan,nan
n4_4_D10,9.66,1.0,linearly stable,0.007797459191195344,0.007335404100439722
n4_4_D10,9.66,1.06,linearly stable,0.009719044079419259,0.009256321136651919
n4_4_D10,9.66,1.12,linearly stable,0.011993783001397418,0.011530267802303632
n4_4_D10,9.66,1.19,linearly stable,0.015147507503389779,0.01468289091613396
n4_4_D10,9.66,1.26,linearly stable,0.01890319342116653,0.01843726066347021
n4_4_D10,9.66,1.33,linearly stable,0.023330717092123088,0.02286322632758864
n4_4_D10,9.66,1.41,linearly stable,0.029306881869696877,0.028837277109899733
n4_4_D10,9.66,1.5,linearly stable,0.03733320570802379,0.03686074163174486
n4_4_D10,9.66,1.58,linearly stable,0.04575517258750361,0.04527968323748854
n4_4_D10,9.66,1.68,linearly stable,0.05817601520111593,0.057696016815749755
n4_4_D10,9.66,1.78,linearly stable,0.0729225096839512,0.07243708366972228
n4_4_D10,9.66,1.88,linearly stable,0.09023347955155048,0.08974157709724724
n4_4_D10,9.66,2.0,linearly stable,0.11472419766399122,0.11422293437455014
n4_4_D10,9.66,2.11,linearly stable,0.14105481684620047,0.14054322262352148
n4_4_D10,9.66,2.24,linearly stable,0.1773607551817551,0.17683444530845083
n4_4_D10,9.66,2.37,linearly stable,0.21968957120073052,0.21914538306832135
n4_4_D10,9.66,2.51,linearly stable,0.2724201058749043,0.27185249516937227
n4_4_D10,9.66,2.66,linearly stable,0.3375089521132639,0.33691053811493576
n4_4_D10,9.66,2.82,linearly stable,0.4169869506167929,0.41634782490409405
n4_4_D10,9.66,2.99,linearly stable,0.5128129629213838,0.5121196876095988
n4_4_D10,9.66,3.16,linearly stable,0.6200222452903579,0.6192608855052878
n4_4_D10,9.66,3.35,linearly stable,0.7524002256484561,0.7515419160841529
n4_4_D10,9.66,3.55,linearly stable,0.9043763763487043,0.9033853458888913
n4_4_D10,9.66,3.76,linearly stable,1.0752808290842846,1.0741057179421536
n4_4_D10,9.66,3.98,Turing,1.263216057400785,1.2617818567327947
n4_4_D10,9.66,4.22,Turing,1.4738603946825513,1.4720366694115838
n4_4_D10,9.66,4.47,Turing,1.6940057330113536,1.691608243091282
n4_4_D10,9.66,4.73,Turing,1.9180607725725758,1.9148029508466566
n4_4_D10,9.66,5.01,Turing,2.1482429771837945,2.143612993522269
n4_4_D10,9.66,5.31,Turing,2.3773057453082185,2.37042522368328
n4_4_D10,9.66,5.62,Turing,2.5917730975223003,2.5812458811475456
n4_4_D10,9.66,5.96,Turing,2.7997391464766404,2.7827369694330755
n4_4_D10,9.66,6.31,uniform ON,2.984929741046653,2.9568208864096777
n4_4_D10,9.66,6.68,uniform ON,3.15171495654453,3.1035527883264327
n4_4_D10,9.66,7.08,uniform ON,3.3033352810677985,3.2163871987095214
n4_4_D10,9.66,7.5,uniform ON,3.437149159660155,3.2722754145110455
n4_4_D10,9.66,7.94,uniform ON,3.5597286607538634,3.2152437404936687
n4_4_D10,9.66,8.41,no activated state,nan,nan
n4_4_D10,9.66,8.91,no activated state,nan,nan
n4_4_D10,9.66,9.44,no activated state,nan,nan
n4_4_D10,9.66,10.0,no activated state,nan,nan
n4_4_D10,9.66,10.6,no activated state,nan,nan
n4_4_D10,9.66,11.2,no activated state,nan,nan
n4_4_D10,9.66,11.9,no activated state,nan,nan
n4_4_D10,9.66,12.6,no activated state,nan,nan
n4_4_D10,9.66,13.3,no activated state,nan,nan
n4_4_D10,9.66,14.1,no activated state,nan,nan
n4_4_D10,9.66,15.0,no activated state,nan,nan
n4_4_D10,9.66,15.8,no activated state,nan,nan
n4_4_D10,9.66,16.8,no activated state,nan,nan
n4_4_D10,9.66,17.8,no activated state,nan,nan
n4_4_D10,9.66,18.8,no activated state,nan,nan
n4_4_D10,9.66,20.0,no activated state,nan,nan
n4_4_D10,9.66,21.1,no activated state,nan,nan
n4_4_D10,9.66,22.4,no activated state,nan,nan
n4_4_D10,9.66,23.7,no activated state,nan,nan
n4_4_D10,9.66,25.1,no activated state,nan,nan
n4_4_D10,9.66,26.6,no activated state,nan,nan
n4_4_D10,9.66,28.2,no activated state,nan,nan
n4_4_D10,9.66,29.9,no activated state,nan,nan
n4_4_D10,9.66,31.6,no activated state,nan,nan
n4_4_D10,9.66,33.5,no activated state,nan,nan
n4_4_D10,9.66,35.5,no activated state,nan,nan
n4_4_D10,9.66,37.6,no activated state,nan,nan
n4_4_D10,9.66,39.8,no activated state,nan,nan
n4_4_D10,9.66,42.2,no activated state,nan,nan
n4_4_D10,9.66,44.7,no activated state,nan,nan
n4_4_D10,9.66,47.3,no activated state,nan,nan
n4_4_D10,9.66,50.1,no activated state,nan,nan
n4_4_D10,9.66,53.1,no activated state,nan,nan
n4_4_D10,9.66,56.2,no activated state,nan,nan
n4_4_D10,9.66,59.6,no activated state,nan,nan
n4_4_D10,9.66,63.1,no activated state,nan,nan
n4_4_D10,9.66,66.8,no activated state,nan,nan
n4_4_D10,9.66,70.8,no activated state,nan,nan
n4_4_D10,9.66,75.0,no activated state,nan,nan
n4_4_D10,9.66,79.4,no activated state,nan,nan
n4_4_D10,9.66,84.1,no activated state,nan,nan
n4_4_D10,9.66,89.1,no activated state,nan,nan
n4_4_D10,9.66,94.4,no activated state,nan,nan
n4_4_D10,9.66,100.0,no activated state,nan,nan
n4_4_D10,10.2,1.0,linearly stable,0.006274618556214584,0.005903335882324543
n4_4_D10,10.2,1.06,linearly stable,0.007821653040907872,0.007449938565382965
n4_4_D10,10.2,1.12,linearly stable,0.009653381234851377,0.009281154629016207
n4_4_D10,10.2,1.19,linearly stable,0.012193584306748217,0.011820645930962345
n4_4_D10,10.2,1.26,linearly stable,0.015219665777398639,0.014845877116987505
n4_4_D10,10.2,1.33,linearly stable,0.018788496744947647,0.018413701970155804
n4_4_D10,10.2,1.41,linearly stable,0.023608069950299182,0.023231910716606425
n4_4_D10,10.2,1.5,linearly stable,0.030085461331113006,0.029707457844949832
n4_4_D10,10.2,1.58,linearly stable,0.03688761608108715,0.03650766287434647
n4_4_D10,10.2,1.68,linearly stable,0.04692977650141561,0.04654692029635171
n4_4_D10,10.2,1.78,linearly stable,0.0588680847047276,0.058481738755078595
n4_4_D10,10.2,1.88,linearly stable,0.07290455146690755,0.07251404798794173
n4_4_D10,10.2,2.0,linearly stable,0.09280342968686028,0.09240692940979917
n4_4_D10,10.2,2.11,linearly stable,0.11425070562497197,0.11384760362970406
n4_4_D10,10.2,2.24,linearly stable,0.14391449969625203,0.14350202309834068
n4_4_D10,10.2,2.37,linearly stable,0.17863353353234235,0.17820971180852613
n4_4_D10,10.2,2.51,linearly stable,0.22208775359081345,0.2216491383880394
n4_4_D10,10.2,2.66,linearly stable,0.2760399606646846,0.2755820041493424
n4_4_D10,10.2,2.82,linearly stable,0.34239400196623127,0.3419106666652252
n4_4_D10,10.2,2.99,linearly stable,0.4230987948646612,0.42258199969798216
n4_4_D10,10.2,3.16,linearly stable,0.5143133306341174,0.5137548935616234
n4_4_D10,10.2,3.35,linearly stable,0.6283086434420899,0.627691628273985
n4_4_D10,10.2,3.55,linearly stable,0.7610799802779606,0.760383933212869
n4_4_D10,10.2,3.76,linearly stable,0.9128687918452152,0.9120649437001211
n4_4_D10,10.2,3.98,linearly stable,1.08289421586543,1.0819414575605195
n4_4_D10,10.2,4.22,Turing,1.2774493313673072,1.2762773752098509
n4_4_D10,10.2,4.47,Turing,1.4854214725482748,1.48393401811581
n4_4_D10,10.2,4.73,Turing,1.7021169618737395,1.7001677658351708
n4_4_D10,10.2,5.01,Turing,1.930192637411007,1.9275254747912876
n4_4_D10,10.2,5.31,Turing,2.162809103029479,2.158995140485572
n4_4_D10,10.2,5.62,Turing,2.3858281240071983,2.380204840891293
n4_4_D10,10.2,5.96,Turing,2.6069462770308256,2.5981977350038727
n4_4_D10,10.2,6.31,Turing,2.8077685998266677,2.7938127074747254
n4_4_D10,10.2,6.68,uniform ON,2.9914513175184423,2.9683971906317264
n4_4_D10,10.2,7.08,uniform ON,3.1599425854836447,3.1200481457595792
n4_4_D10,10.2,7.5,uniform ON,3.30796876796116,3.236607559957043
n4_4_D10,10.2,7.94,uniform ON,3.437503443952452,3.304617307477596
n4_4_D10,10.2,8.41,uniform ON,3.5555921043896674,3.2861323066471417
n4_4_D10,10.2,8.91,uniform ON,3.68706229129187,2.915331936093839
n4_4_D10,10.2,9.44,no activated state,nan,nan
n4_4_D10,10.2,10.0,no activated state,nan,nan
n4_4_D10,10.2,10.6,no activated state,nan,nan
n4_4_D10,10.2,11.2,no activated state,nan,nan
n4_4_D10,10.2,11.9,no activated state,nan,nan
n4_4_D10,10.2,12.6,no activated state,nan,nan
n4_4_D10,10.2,13.3,no activated state,nan,nan
n4_4_D10,10.2,14.1,no activated state,nan,nan
n4_4_D10,10.2,15.0,no activated state,nan,nan
n4_4_D10,10.2,15.8,no activated state,nan,nan
n4_4_D10,10.2,16.8,no activated state,nan,nan
n4_4_D10,10.2,17.8,no activated state,nan,nan
n4_4_D10,10.2,18.8,no activated state,nan,nan
n4_4_D10,10.2,20.0,no activated state,nan,nan
n4_4_D10,10.2,21.1,no activated state,nan,nan
n4_4_D10,10.2,22.4,no activated state,nan,nan
n4_4_D10,10.2,23.7,no activated state,nan,nan
n4_4_D10,10.2,25.1,no activated state,nan,nan
n4_4_D10,10.2,26.6,no activated state,nan,nan
n4_4_D10,10.2,28.2,no activated state,nan,nan
n4_4_D10,10.2,29.9,no activated state,nan,nan
n4_4_D10,10.2,31.6,no activated state,nan,nan
n4_4_D10,10.2,33.5,no activated state,nan,nan
n4_4_D10,10.2,35.5,no activated state,nan,nan
n4_4_D10,10.2,37.6,no activated state,nan,nan
n4_4_D10,10.2,39.8,no activated state,nan,nan
n4_4_D10,10.2,42.2,no activated state,nan,nan
n4_4_D10,10.2,44.7,no activated state,nan,nan
n4_4_D10,10.2,47.3,no activated state,nan,nan
n4_4_D10,10.2,50.1,no activated state,nan,nan
n4_4_D10,10.2,53.1,no activated state,nan,nan
n4_4_D10,10.2,56.2,no activated state,nan,nan
n4_4_D10,10.2,59.6,no activated state,nan,nan
n4_4_D10,10.2,63.1,no activated state,nan,nan
n4_4_D10,10.2,66.8,no activated state,nan,nan
n4_4_D10,10.2,70.8,no activated state,nan,nan
n4_4_D10,10.2,75.0,no activated state,nan,nan
n4_4_D10,10.2,79.4,no activated state,nan,nan
n4_4_D10,10.2,84.1,no activated state,nan,nan
n4_4_D10,10.2,89.1,no activated state,nan,nan
n4_4_D10,10.2,94.4,no activated state,nan,nan
n4_4_D10,10.2,100.0,no activated state,nan,nan
n4_4_D10,10.7,1.0,linearly stable,0.005182550656138041,0.004876203368173345
n4_4_D10,10.7,1.06,linearly stable,0.006460766189275713,0.006154124648630378
n4_4_D10,10.7,1.12,linearly stable,0.007974428557142144,0.007667438075012637
n4_4_D10,10.7,1.19,linearly stable,0.010073944101989252,0.00976646874583383
n4_4_D10,10.7,1.26,linearly stable,0.012575651680785338,0.012267597231912458
n4_4_D10,10.7,1.33,linearly stable,0.015526906076082092,0.015218166602675519
n4_4_D10,10.7,1.41,linearly stable,0.019513921717864147,0.019204253577104938
n4_4_D10,10.7,1.5,linearly stable,0.024875013679122926,0.02456409093677292
n4_4_D10,10.7,1.58,linearly stable,0.03050815909225335,0.030195910769855144
n4_4_D10,10.7,1.68,linearly stable,0.038830596302080966,0.03851637573581145
n4_4_D10,10.7,1.78,linearly stable,0.04873395452545903,0.048417365367897224
n4_4_D10,10.7,1.88,linearly stable,0.0603910336136706,0.060071625824378055
n4_4_D10,10.7,2.0,linearly stable,0.07694126510107502,0.07661779777115166
n4_4_D10,10.7,2.11,linearly stable,0.09481158337427464,0.09448365508969607
n4_4_D10,10.7,2.24,linearly stable,0.11958340063533512,0.11924915188406857
n4_4_D10,10.7,2.37,linearly stable,0.14865864941778417,0.14831677325804454
n4_4_D10,10.7,2.51,linearly stable,0.18517413291300455,0.184822345174424
n4_4_D10,10.7,2.66,linearly stable,0.23070580036039479,0.23034110961205756
n4_4_D10,10.7,2.82,linearly stable,0.2870012764392089,0.2866197448910631
n4_4_D10,10.7,2.99,linearly stable,0.3559184160506099,0.35551482588019223
n4_4_D10,10.7,3.16,linearly stable,0.43440619063732555,0.4339753573472701
n4_4_D10,10.7,3.35,linearly stable,0.5333964800240825,0.5329276749176298
n4_4_D10,10.7,3.55,linearly stable,0.6499711320783352,0.6494516635919306
n4_4_D10,10.7,3.76,linearly stable,0.7849605468891148,0.7843728600914189
n4_4_D10,10.7,3.98,linearly stable,0.9383879026025399,0.937707361502419
n4_4_D10,10.7,4.22,linearly stable,1.1168946003343274,1.1160796647230624
n4_4_D10,10.7,4.47,Turing,1.3112759648034196,1.310271195945014
n4_4_D10,10.7,4.73,Turing,1.5178373358543165,1.5165602675150467
n4_4_D10,10.7,5.01,Turing,1.7398130364438629,1.7381215373960883
n4_4_D10,10.7,5.31,Turing,1.9711702336966086,1.968831568620003
n4_4_D10,10.7,5.62,Turing,2.1978108844865405,2.1944742873913334
n4_4_D10,10.7,5.96,Turing,2.427281455201021,2.4222608990221532
n4_4_D10,10.7,6.31,Turing,2.639826371335304,2.632065297710123
n4_4_D10,10.7,6.68,Turing,2.8376047314552006,2.8251698011930304
n4_4_D10,10.7,7.08,uniform ON,3.0216084155674627,3.0007555026741697
n4_4_D10,10.7,7.5,uniform ON,3.184732547439287,3.1486909077398013
n4_4_D10,10.7,7.94,uniform ON,3.327370391905648,3.2631937610899397
n4_4_D10,10.7,8.41,uniform ON,3.4539927926733522,3.334012552156103
n4_4_D10,10.7,8.91,uniform ON,3.5676606470701424,3.325986302248127
n4_4_D10,10.7,9.44,uniform ON,3.6835911443399274,3.0670544004668954
n4_4_D10,10.7,10.0,no activated state,nan,nan
n4_4_D10,10.7,10.6,no activated state,nan,nan
n4_4_D10,10.7,11.2,no activated state,nan,nan
n4_4_D10,10.7,11.9,no activated state,nan,nan
n4_4_D10,10.7,12.6,no activated state,nan,nan
n4_4_D10,10.7,13.3,no activated state,nan,nan
n4_4_D10,10.7,14.1,no activated state,nan,nan
n4_4_D10,10.7,15.0,no activated state,nan,nan
n4_4_D10,10.7,15.8,no activated state,nan,nan
n4_4_D10,10.7,16.8,no activated state,nan,nan
n4_4_D10,10.7,17.8,no activated state,nan,nan
n4_4_D10,10.7,18.8,no activated state,nan,nan
n4_4_D10,10.7,20.0,no activated state,nan,nan
n4_4_D10,10.7,21.1,no activated state,nan,nan
n4_4_D10,10.7,22.4,no activated state,nan,nan
n4_4_D10,10.7,23.7,no activated state,nan,nan
n4_4_D10,10.7,25.1,no activated state,nan,nan
n4_4_D10,10.7,26.6,no activated state,nan,nan
n4_4_D10,10.7,28.2,no activated state,nan,nan
n4_4_D10,10.7,29.9,no activated state,nan,nan
n4_4_D10,10.7,31.6,no activated state,nan,nan
n4_4_D10,10.7,33.5,no activated state,nan,nan
n4_4_D10,10.7,35.5,no activated state,nan,nan
n4_4_D10,10.7,37.6,no activated state,nan,nan
n4_4_D10,10.7,39.8,no activated state,nan,nan
n4_4_D10,10.7,42.2,no activated state,nan,nan
n4_4_D10,10.7,44.7,no activated state,nan,nan
n4_4_D10,10.7,47.3,no activated state,nan,nan
n4_4_D10,10.7,50.1,no activated state,nan,nan
n4_4_D10,10.7,53.1,no activated state,nan,nan
n4_4_D10,10.7,56.2,no activated state,nan,nan
n4_4_D10,10.7,59.6,no activated state,nan,nan
n4_4_D10,10.7,63.1,no activated state,nan,nan
n4_4_D10,10.7,66.8,no activated state,nan,nan
n4_4_D10,10.7,70.8,no activated state,nan,nan
n4_4_D10,10.7,75.0,no activated state,nan,nan
n4_4_D10,10.7,79.4,no activated state,nan,nan
n4_4_D10,10.7,84.1,no activated state,nan,nan
n4_4_D10,10.7,89.1,no activated state,nan,nan
n4_4_D10,10.7,94.4,no activated state,nan,nan
n4_4_D10,10.7,100.0,no activated state,nan,nan
n4_4_D10,11.3,1.0,linearly stable,0.004167246343333986,0.003921150496787657
n4_4_D10,11.3,1.06,linearly stable,0.005195374336192327,0.004949088430424318
n4_4_D10,11.3,1.12,linearly stable,0.00641304971008827,0.006166538452222636
n4_4_D10,11.3,1.19,linearly stable,0.008102317514801616,0.007855493172927287
n4_4_D10,11.3,1.26,linearly stable,0.010115642553726545,0.009868444375131269
n4_4_D10,11.3,1.33,linearly stable,0.012491388961824335,0.012243748679992965
n4_4_D10,11.3,1.41,linearly stable,0.015702010395839405,0.015453770972030427
n4_4_D10,11.3,1.5,linearly stable,0.020021112732274915,0.01977206425737156
n4_4_D10,11.3,1.58,linearly stable,0.024561839671946473,0.02431193683591652
n4_4_D10,11.3,1.68,linearly stable,0.03127492728694348,0.03102375417477278
n4_4_D10,11.3,1.78,linearly stable,0.039270374798964,0.03901767749931993
n4_4_D10,11.3,1.88,linearly stable,0.048691653137172164,0.04843714397240889
n4_4_D10,11.3,2.0,linearly stable,0.06208614082029085,0.06182902573627091
n4_4_D10,11.3,2.11,linearly stable,0.0765735051420049,0.07631353131356736
n4_4_D10,11.3,2.24,linearly stable,0.0966980705506777,0.09643405485121283
n4_4_D10,11.3,2.37,linearly stable,0.12038149342330584,0.12011261303641618
n4_4_D10,11.3,2.51,linearly stable,0.15022184220500412,0.1499466608030386
n4_4_D10,11.3,2.66,linearly stable,0.18758143328837917,0.1872980824750242
n4_4_D10,11.3,2.82,linearly stable,0.23400659720084338,0.23371263768277636
n4_4_D10,11.3,2.99,linearly stable,0.29119518855315674,0.29088741998908535
n4_4_D10,11.3,3.16,linearly stable,0.3568060610055528,0.35648136322570406
n4_4_D10,11.3,3.35,linearly stable,0.440294249574519,0.43994616571083084
n4_4_D10,11.3,3.55,linearly stable,0.5396849593539756,0.5393060116587767
n4_4_D10,11.3,3.76,linearly stable,0.656250117632946,0.655830141278765
n4_4_D10,11.3,3.98,linearly stable,0.790697150380729,0.7902221498595187
n4_4_D10,11.3,4.22,linearly stable,0.9498087084148872,0.9492554284284647
n4_4_D10,11.3,4.47,linearly stable,1.1264468952242312,1.1257851839887596
n4_4_D10,11.3,4.73,Turing,1.3181269878524704,1.3173130119245928
n4_4_D10,11.3,5.01,Turing,1.5288217286098948,1.5277812959861286
n4_4_D10,11.3,5.31,Turing,1.753790600961516,1.7524052000442212
n4_4_D10,11.3,5.62,Turing,1.979667395272064,1.9777634363538004
n4_4_D10,11.3,5.96,Turing,2.2140821544506553,2.2113257575011716
n4_4_D10,11.3,6.31,Turing,2.436473551701252,2.4323657403077337
n4_4_D10,11.3,6.68,Turing,2.6480289850732177,2.641675323932157
n4_4_D10,11.3,7.08,Turing,2.8487996271553713,2.838508251605875
n4_4_D10,11.3,7.5,uniform ON,3.029748638451349,3.012558736133145
n4_4_D10,11.3,7.94,uniform ON,3.1897319638869215,3.160217148540661
n4_4_D10,11.3,8.41,uniform ON,3.331976132952653,3.2793077173474394
n4_4_D10,11.3,8.91,uniform ON,3.4569017749849973,3.358887114215555
n4_4_D10,11.3,9.44,uniform ON,3.567092613442105,3.373565774435027
n4_4_D10,11.3,10.0,uniform ON,3.6707658525803266,3.2308074944646106
n4_4_D10,11.3,10.6,no activated state,nan,nan
n4_4_D10,11.3,11.2,no activated state,nan,nan
n4_4_D10,11.3,11.9,no activated state,nan,nan
n4_4_D10,11.3,12.6,no activated state,nan,nan
n4_4_D10,11.3,13.3,no activated state,nan,nan
n4_4_D10,11.3,14.1,no activated state,nan,nan
n4_4_D10,11.3,15.0,no activated state,nan,nan
n4_4_D10,11.3,15.8,no activated state,nan,nan
n4_4_D10,11.3,16.8,no activated state,nan,nan
n4_4_D10,11.3,17.8,no activated state,nan,nan
n4_4_D10,11.3,18.8,no activated state,nan,nan
n4_4_D10,11.3,20.0,no activated state,nan,nan
n4_4_D10,11.3,21.1,no activated state,nan,nan
n4_4_D10,11.3,22.4,no activated state,nan,nan
n4_4_D10,11.3,23.7,no activated state,nan,nan
n4_4_D10,11.3,25.1,no activated state,nan,nan
n4_4_D10,11.3,26.6,no activated state,nan,nan
n4_4_D10,11.3,28.2,no activated state,nan,nan
n4_4_D10,11.3,29.9,no activated state,nan,nan
n4_4_D10,11.3,31.6,no activated state,nan,nan
n4_4_D10,11.3,33.5,no activated state,nan,nan
n4_4_D10,11.3,35.5,no activated state,nan,nan
n4_4_D10,11.3,37.6,no activated state,nan,nan
n4_4_D10,11.3,39.8,no activated state,nan,nan
n4_4_D10,11.3,42.2,no activated state,nan,nan
n4_4_D10,11.3,44.7,no activated state,nan,nan
n4_4_D10,11.3,47.3,no activated state,nan,nan
n4_4_D10,11.3,50.1,no activated state,nan,nan
n4_4_D10,11.3,53.1,no activated state,nan,nan
n4_4_D10,11.3,56.2,no activated state,nan,nan
n4_4_D10,11.3,59.6,no activated state,nan,nan
n4_4_D10,11.3,63.1,no activated state,nan,nan
n4_4_D10,11.3,66.8,no activated state,nan,nan
n4_4_D10,11.3,70.8,no activated state,nan,nan
n4_4_D10,11.3,75.0,no activated state,nan,nan
n4_4_D10,11.3,79.4,no activated state,nan,nan
n4_4_D10,11.3,84.1,no activated state,nan,nan
n4_4_D10,11.3,89.1,no activated state,nan,nan
n4_4_D10,11.3,94.4,no activated state,nan,nan
n4_4_D10,11.3,100.0,no activated state,nan,nan
n4_4_D10,11.9,1.0,linearly stable,0.003388751545915003,0.0031887762258069716
n4_4_D10,11.9,1.06,linearly stable,0.004225015056773529,0.004024914153718799
n4_4_D10,11.9,1.12,linearly stable,0.005215557427554529,0.0050153076371868685
n4_4_D10,11.9,1.19,linearly stable,0.0065899127525193,0.006389456139595966
n4_4_D10,11.9,1.26,linearly stable,0.008228198151973842,0.00802749462618117
n4_4_D10,11.9,1.33,linearly stable,0.010161790100824852,0.009960794633249516
n4_4_D10,11.9,1.41,linearly stable,0.01277555935143182,0.012574168345372307
n4_4_D10,11.9,1.5,linearly stable,0.016292981592251454,0.016091056659238583
n4_4_D10,11.9,1.58,linearly stable,0.019992424251145113,0.01978993572301619
n4_4_D10,11.9,1.68,linearly stable,0.02546462223883772,0.025261296191225434
n4_4_D10,11.9,1.78,linearly stable,0.031986626680511776,0.03178229639671226
n4_4_D10,11.9,1.88,linearly stable,0.0396779687799933,0.03947244569300909
n4_4_D10,11.9,2.0,linearly stable,0.0506246467554039,0.050417409951836356
n4_4_D10,11.9,2.11,linearly stable,0.06247995600419953,0.06227084167795234
n4_4_D10,11.9,2.24,linearly stable,0.07897504871366445,0.07876328414305424
n4_4_D10,11.9,2.37,linearly stable,0.09842710415363642,0.09821215638401849
n4_4_D10,11.9,2.51,linearly stable,0.12299777255758704,0.12277871211126695
n4_4_D10,11.9,2.66,linearly stable,0.15385722518082856,0.15363284943265235
n4_4_D10,11.9,2.82,linearly stable,0.19235667114293653,0.1921254202921954
n4_4_D10,11.9,2.99,linearly stable,0.24001468126581926,0.23977452513820485
n4_4_D10,11.9,3.16,linearly stable,0.2950102816667428,0.2947592716235683
n4_4_D10,11.9,3.35,linearly stable,0.36548832080082505,0.36522242350936623
n4_4_D10,11.9,3.55,linearly stable,0.45012582725165595,0.44984045401485845
n4_4_D10,11.9,3.76,linearly stable,0.5504210750793184,0.5501100797532232
n4_4_D10,11.9,3.98,linearly stable,0.6675099839098189,0.6671650423294113
n4_4_D10,11.9,4.22,linearly stable,0.8080660513995506,0.8076735055116503
n4_4_D10,11.9,4.47,linearly stable,0.966685515070445,0.9662281112341429
n4_4_D10,11.9,4.73,linearly stable,1.1419639851977732,1.1414171593583264
n4_4_D10,11.9,5.01,Turing,1.3385223471931451,1.3378451991186298
n4_4_D10,11.9,5.31,Turing,1.5530360001271575,1.5521646967852696
n4_4_D10,11.9,5.62,Turing,1.7733913553622336,1.7722349224395182
n4_4_D10,11.9,5.96,Turing,2.00752125030988,2.005907371107262
n4_4_D10,11.9,6.31,Turing,2.234927569988784,2.2326060922393642
n4_4_D10,11.9,6.68,Turing,2.456154524081427,2.45268523386554
n4_4_D10,11.9,7.08,Turing,2.6705928381461685,2.6651593580882182
n4_4_D10,11.9,7.5,Turing,2.867584873836606,2.8587939375115394
n4_4_D10,11.9,7.94,uniform ON,3.04453619607695,3.029900634135441
n4_4_D10,11.9,8.41,uniform ON,3.203672957414695,3.1783929191481985
n4_4_D10,11.9,8.91,uniform ON,3.343991620477843,3.298772307567218
n4_4_D10,11.9,9.44,uniform ON,3.466189097219861,3.3822643966416135
n4_4_D10,11.9,10.0,uniform ON,3.5727287294444596,3.4090692960063596
n4_4_D10,11.9,10.6,uniform ON,3.671188695297021,3.312091594718685
n4_4_D10,11.9,11.2,no activated state,nan,nan
n4_4_D10,11.9,11.9,no activated state,nan,nan
n4_4_D10,11.9,12.6,no activated state,nan,nan
n4_4_D10,11.9,13.3,no activated state,nan,nan
n4_4_D10,11.9,14.1,no activated state,nan,nan
n4_4_D10,11.9,15.0,no activated state,nan,nan
n4_4_D10,11.9,15.8,no activated state,nan,nan
n4_4_D10,11.9,16.8,no activated state,nan,nan
n4_4_D10,11.9,17.8,no activated state,nan,nan
n4_4_D10,11.9,18.8,no activated state,nan,nan
n4_4_D10,11.9,20.0,no activated state,nan,nan
n4_4_D10,11.9,21.1,no activated state,nan,nan
n4_4_D10,11.9,22.4,no activated state,nan,nan
n4_4_D10,11.9,23.7,no activated state,nan,nan
n4_4_D10,11.9,25.1,no activated state,nan,nan
n4_4_D10,11.9,26.6,no activated state,nan,nan
n4_4_D10,11.9,28.2,no activated state,nan,nan
n4_4_D10,11.9,29.9,no activated state,nan,nan
n4_4_D10,11.9,31.6,no activated state,nan,nan
n4_4_D10,11.9,33.5,no activated state,nan,nan
n4_4_D10,11.9,35.5,no activated state,nan,nan
n4_4_D10,11.9,37.6,no activated state,nan,nan
n4_4_D10,11.9,39.8,no activated state,nan,nan
n4_4_D10,11.9,42.2,no activated state,nan,nan
n4_4_D10,11.9,44.7,no activated state,nan,nan
n4_4_D10,11.9,47.3,no activated state,nan,nan
n4_4_D10,11.9,50.1,no activated state,nan,nan
n4_4_D10,11.9,53.1,no activated state,nan,nan
n4_4_D10,11.9,56.2,no activated state,nan,nan
n4_4_D10,11.9,59.6,no activated state,nan,nan
n4_4_D10,11.9,63.1,no activated state,nan,nan
n4_4_D10,11.9,66.8,no activated state,nan,nan
n4_4_D10,11.9,70.8,no activated state,nan,nan
n4_4_D10,11.9,75.0,no activated state,nan,nan
n4_4_D10,11.9,79.4,no activated state,nan,nan
n4_4_D10,11.9,84.1,no activated state,nan,nan
n4_4_D10,11.9,89.1,no activated state,nan,nan
n4_4_D10,11.9,94.4,no activated state,nan,nan
n4_4_D10,11.9,100.0,no activated state,nan,nan
n4_4_D10,12.5,1.0,linearly stable,0.0027837981598399786,0.0026196156100379677
n4_4_D10,12.5,1.06,linearly stable,0.003470903102793965,0.003306635856971255
n4_4_D10,12.5,1.12,linearly stable,0.004284835626469086,0.004120467975823253
n4_4_D10,12.5,1.19,linearly stable,0.005414267994619415,0.005249760884226091
n4_4_D10,12.5,1.26,linearly stable,0.006760776743319763,0.006596103162836579
n4_4_D10,12.5,1.33,linearly stable,0.008350251793669994,0.008185381415768748
n4_4_D10,12.5,1.41,linearly stable,0.010499290924792515,0.010334153969332557
n4_4_D10,12.5,1.5,linearly stable,0.013392104912824276,0.01322660821000443
n4_4_D10,12.5,1.58,linearly stable,0.016435597904801647,0.016269721587451116
n4_4_D10,12.5,1.68,linearly stable,0.020939363377665554,0.02077292317300624
n4_4_D10,12.5,1.78,linearly stable,0.02631002553686601,0.02614290956021136
n4_4_D10,12.5,1.88,linearly stable,0.032647625166422056,0.032479707037484665
n4_4_D10,12.5,2.0,linearly stable,0.04167511438295213,0.04150604475260782
n4_4_D10,12.5,2.11,linearly stable,0.05146191064063865,0.05129158073023321
n4_4_D10,12.5,2.24,linearly stable,0.06509623374688545,0.06492412713040549
n4_4_D10,12.5,2.37,linearly stable,0.08120060057409173,0.08102636340157891
n4_4_D10,12.5,2.51,linearly stable,0.1015828611400158,0.10140587673906831
n4_4_D10,12.5,2.66,linearly stable,0.12724566795970338,0.12706514183140485
n4_4_D10,12.5,2.82,linearly stable,0.15936188619565028,0.15917679329949627
n4_4_D10,12.5,2.99,linearly stable,0.19927270933325403,0.19908172410174563
n4_4_D10,12.5,3.16,linearly stable,0.24554216250341465,0.24534402886325818
n4_4_D10,12.5,3.35,linearly stable,0.30517501142932524,0.3049671287542224
n4_4_D10,12.5,3.55,linearly stable,0.37729437356598794,0.3770738267580263
n4_4_D10,12.5,3.76,linearly stable,0.46347870428750726,0.46324163730028434
n4_4_D10,12.5,3.98,linearly stable,0.5650998894513841,0.56484115302387
n4_4_D10,12.5,4.22,linearly stable,0.6885429491403299,0.6882541854833222
n4_4_D10,12.5,4.47,linearly stable,0.829793239250805,0.8294641322279529
n4_4_D10,12.5,4.73,linearly stable,0.9883276176653477,0.9879437542402324
n4_4_D10,12.5,5.01,linearly stable,1.1692437239728983,1.1687814574143232
n4_4_D10,12.5,5.31,Turing,1.3705725163020381,1.3699957281654334
n4_4_D10,12.5,5.62,Turing,1.5817327711857563,1.5809913123556765
n4_4_D10,12.5,5.96,Turing,1.811073241256115,1.810073457164196
n4_4_D10,12.5,6.31,Turing,2.038894050398377,2.0375037881129368
n4_4_D10,12.5,6.68,Turing,2.265457876622731,2.263448573959774
n4_4_D10,12.5,7.08,Turing,2.489831043993747,2.4867864926804737
n4_4_D10,12.5,7.5,Turing,2.7001478369061065,2.695373445391496
n4_4_D10,12.5,7.94,Turing,2.892486741850944,2.884767882783604
n4_4_D10,12.5,8.41,uniform ON,3.0681027062276653,3.0551459657002096
n4_4_D10,12.5,8.91,uniform ON,3.224717740270651,3.202215778938508
n4_4_D10,12.5,9.44,uniform ON,3.3617944097857357,3.321456062433462
n4_4_D10,12.5,10.0,uniform ON,3.4803434634873893,3.4056210776890463
n4_4_D10,12.5,10.6,uniform ON,3.5844307238124666,3.4383241967739693
n4_4_D10,12.5,11.2,uniform ON,3.6728810118597734,3.373321819666888
n4_4_D10,12.5,11.9,no activated state,nan,nan
n4_4_D10,12.5,12.6,no activated state,nan,nan
n4_4_D10,12.5,13.3,no activated state,nan,nan
n4_4_D10,12.5,14.1,no activated state,nan,nan
n4_4_D10,12.5,15.0,no activated state,nan,nan
n4_4_D10,12.5,15.8,no activated state,nan,nan
n4_4_D10,12.5,16.8,no activated state,nan,nan
n4_4_D10,12.5,17.8,no activated state,nan,nan
n4_4_D10,12.5,18.8,no activated state,nan,nan
n4_4_D10,12.5,20.0,no activated state,nan,nan
n4_4_D10,12.5,21.1,no activated state,nan,nan
n4_4_D10,12.5,22.4,no activated state,nan,nan
n4_4_D10,12.5,23.7,no activated state,nan,nan
n4_4_D10,12.5,25.1,no activated state,nan,nan
n4_4_D10,12.5,26.6,no activated state,nan,nan
n4_4_D10,12.5,28.2,no activated state,nan,nan
n4_4_D10,12.5,29.9,no activated state,nan,nan
n4_4_D10,12.5,31.6,no activated state,nan,nan
n4_4_D10,12.5,33.5,no activated state,nan,nan
n4_4_D10,12.5,35.5,no activated state,nan,nan
n4_4_D10,12.5,37.6,no activated state,nan,nan
n4_4_D10,12.5,39.8,no activated state,nan,nan
n4_4_D10,12.5,42.2,no activated state,nan,nan
n4_4_D10,12.5,44.7,no activated state,nan,nan
n4_4_D10,12.5,47.3,no activated state,nan,nan
n4_4_D10,12.5,50.1,no activated state,nan,nan
n4_4_D10,12.5,53.1,no activated state,nan,nan
n4_4_D10,12.5,56.2,no activated state,nan,nan
n4_4_D10,12.5,59.6,no activated state,nan,nan
n4_4_D10,12.5,63.1,no activated state,nan,nan
n4_4_D10,12.5,66.8,no activated state,nan,nan
n4_4_D10,12.5,70.8,no activated state,nan,nan
n4_4_D10,12.5,75.0,no activated state,nan,nan
n4_4_D10,12.5,79.4,no activated state,nan,nan
n4_4_D10,12.5,84.1,no activated state,nan,nan
n4_4_D10,12.5,89.1,no activated state,nan,nan
n4_4_D10,12.5,94.4,no activated state,nan,nan
n4_4_D10,12.5,100.0,no activated state,nan,nan
n4_4_D10,13.2,1.0,linearly stable,0.0022388619241118235,0.002106886302964051
n4_4_D10,13.2,1.06,linearly stable,0.0027915580542647866,0.002659527680529515
n4_4_D10,13.2,1.12,linearly stable,0.0034463203537327125,0.0033142250770722952
n4_4_D10,13.2,1.19,linearly stable,0.004354970727774798,0.004222785311184931
n4_4_D10,13.2,1.26,linearly stable,0.005438394603830776,0.005306101602206494
n4_4_D10,13.2,1.33,linearly stable,0.006717497158323482,0.0065850769902455865
n4_4_D10,13.2,1.41,linearly stable,0.008447215831671961,0.008314623438205762
n4_4_D10,13.2,1.5,linearly stable,0.010776158973100802,0.010643334218298835
n4_4_D10,13.2,1.58,linearly stable,0.013227123063144663,0.013094053186113879
n4_4_D10,13.2,1.68,linearly stable,0.016855404512987615,0.016721970661045457
n4_4_D10,13.2,1.78,linearly stable,0.021184160896901005,0.021050291062526417
n4_4_D10,13.2,1.88,linearly stable,0.026295201215843278,0.026160814160452
n4_4_D10,13.2,2.0,linearly stable,0.033581024405386906,0.03344589543143779
n4_4_D10,13.2,2.11,linearly stable,0.041486953841697094,0.04135101361221839
n4_4_D10,13.2,2.24,linearly stable,0.05251364231132438,0.05237655971315985
n4_4_D10,13.2,2.37,linearly stable,0.06555699839460516,0.0654185479144241
n4_4_D10,13.2,2.51,linearly stable,0.0820947613809766,0.08195455026123616
n4_4_D10,13.2,2.66,linearly stable,0.1029642732521654,0.10282179746055232
n4_4_D10,13.2,2.82,linearly stable,0.12915626543176106,0.12901087784674325
n4_4_D10,13.2,2.99,linearly stable,0.16182092056902908,0.16167178936001278
n4_4_D10,13.2,3.16,linearly stable,0.19985140163689552,0.19969774812086738
n4_4_D10,13.2,3.35,linearly stable,0.2491236083273125,0.24896381965683123
n4_4_D10,13.2,3.55,linearly stable,0.3091043583043378,0.3089366521721978
n4_4_D10,13.2,3.76,linearly stable,0.38135093106228046,0.38117297825782204
n4_4_D10,13.2,3.98,linearly stable,0.46734305112782515,0.46715178421719483
n4_4_D10,13.2,4.22,linearly stable,0.5729913723923583,0.5727818653397517
n4_4_D10,13.2,4.47,linearly stable,0.6955117954099244,0.6952781099869139
n4_4_D10,13.2,4.73,linearly stable,0.8351436325940731,0.8348776322333148
n4_4_D10,13.2,5.01,linearly stable,0.9972947266463228,0.9969832638915503
n4_4_D10,13.2,5.31,linearly stable,1.1813564389262137,1.1809798879637605
n4_4_D10,13.2,5.62,Turing,1.3786250326842926,1.3781569131147913
n4_4_D10,13.2,5.96,Turing,1.5979357257575493,1.5973273241283226
n4_4_D10,13.2,6.31,Turing,1.8211905706180858,1.8203753287000344
n4_4_D10,13.2,6.68,Turing,2.0487378581341806,2.0476028541527667
n4_4_D10,13.2,7.08,Turing,2.2796986931374312,2.2780424248644797
n4_4_D10,13.2,7.5,Turing,2.501415367933604,2.4989098332633346
n4_4_D10,13.2,7.94,Turing,2.708701733762185,2.7047855367050415
n4_4_D10,13.2,8.41,Turing,2.9017559421671844,2.8953902203782933
n4_4_D10,13.2,8.91,uniform ON,3.076877254695591,3.0661579680457556
n4_4_D10,13.2,9.44,uniform ON,3.232160203390568,3.213533654879022
n4_4_D10,13.2,10.0,uniform ON,3.3673697900676167,3.3340659386901796
n4_4_D10,13.2,10.6,uniform ON,3.4854479454002583,3.4235528423311714
n4_4_D10,13.2,11.2,uniform ON,3.581977251108511,3.4665403950873213
n4_4_D10,13.2,11.9,uniform ON,3.675579993258557,3.428622985990845
n4_4_D10,13.2,12.6,uniform ON,3.7660689447775493,3.1073796564932317
n4_4_D10,13.2,13.3,no activated state,nan,nan
n4_4_D10,13.2,14.1,no activated state,nan,nan
n4_4_D10,13.2,15.0,no activated state,nan,nan
n4_4_D10,13.2,15.8,no activated state,nan,nan
n4_4_D10,13.2,16.8,no activated state,nan,nan
n4_4_D10,13.2,17.8,no activated state,nan,nan
n4_4_D10,13.2,18.8,no activated state,nan,nan
n4_4_D10,13.2,20.0,no activated state,nan,nan
n4_4_D10,13.2,21.1,no activated state,nan,nan
n4_4_D10,13.2,22.4,no activated state,nan,nan
n4_4_D10,13.2,23.7,no activated state,nan,nan
n4_4_D10,13.2,25.1,no activated state,nan,nan
n4_4_D10,13.2,26.6,no activated state,nan,nan
n4_4_D10,13.2,28.2,no activated state,nan,nan
n4_4_D10,13.2,29.9,no activated state,nan,nan
n4_4_D10,13.2,31.6,no activated state,nan,nan
n4_4_D10,13.2,33.5,no activated state,nan,nan
n4_4_D10,13.2,35.5,no activated state,nan,nan
n4_4_D10,13.2,37.6,no activated state,nan,nan
n4_4_D10,13.2,39.8,no activated state,nan,nan
n4_4_D10,13.2,42.2,no activated state,nan,nan
n4_4_D10,13.2,44.7,no activated state,nan,nan
n4_4_D10,13.2,47.3,no activated state,nan,nan
n4_4_D10,13.2,50.1,no activated state,nan,nan
n4_4_D10,13.2,53.1,no activated state,nan,nan
n4_4_D10,13.2,56.2,no activated state,nan,nan
n4_4_D10,13.2,59.6,no activated state,nan,nan
n4_4_D10,13.2,63.1,no activated state,nan,nan
n4_4_D10,13.2,66.8,no activated state,nan,nan
n4_4_D10,13.2,70.8,no activated state,nan,nan
n4_4_D10,13.2,75.0,no activated state,nan,nan
n4_4_D10,13.2,79.4,no activated state,nan,nan
n4_4_D10,13.2,84.1,no activated state,nan,nan
n4_4_D10,13.2,89.1,no activated state,nan,nan
n4_4_D10,13.2,94.4,no activated state,nan,nan
n4_4_D10,13.2,100.0,no activated state,nan,nan
n4_4_D10,13.9,1.0,linearly stable,0.0018209521306928877,0.0017136535326701353
n4_4_D10,13.9,1.06,linearly stable,0.002270539629588786,0.0021632048268650306
n4_4_D10,13.9,1.12,linearly stable,0.0028031822874505785,0.0026958045706177783
n4_4_D10,13.9,1.19,linearly stable,0.0035424143287143828,0.0034349770153032327
n4_4_D10,13.9,1.26,linearly stable,0.004423915228258135,0.004316406790947346
n4_4_D10,13.9,1.33,linearly stable,0.005464740002784296,0.00535714750567996
n4_4_D10,13.9,1.41,linearly stable,0.006872435536466437,0.006764729210634082
n4_4_D10,13.9,1.5,linearly stable,0.00876815662367525,0.00866029675265444
n4_4_D10,13.9,1.58,linearly stable,0.010763646063249421,0.010655624250771689
n4_4_D10,13.9,1.68,linearly stable,0.0137185049822941,0.01361024277594844
n4_4_D10,13.9,1.78,linearly stable,0.01724513851713283,0.017136588465326136
n4_4_D10,13.9,1.88,linearly stable,0.021410934694705563,0.021302043312575358
n4_4_D10,13.9,2.0,linearly stable,0.02735274692709533,0.027243366213561222
n4_4_D10,13.9,2.11,linearly stable,0.03380485493435392,0.03369493953844905
n4_4_D10,13.9,2.24,linearly stable,0.04281181638592546,0.042701148744679646
n4_4_D10,13.9,2.37,linearly stable,0.05347806319171067,0.05336649582035852
n4_4_D10,13.9,2.51,linearly stable,0.06702061436330853,0.06690789052871712
n4_4_D10,13.9,2.66,linearly stable,0.08414035494019068,0.08402614618107876
n4_4_D10,13.9,2.82,linearly stable,0.1056737241042045,0.10555761032525443
n4_4_D10,13.9,2.99,linearly stable,0.13260282429004722,0.13248426804462993
n4_4_D10,13.9,3.16,linearly stable,0.164059982787633,0.16393848584710552
n4_4_D10,13.9,3.35,linearly stable,0.20498380709872466,0.20485833710844903
n4_4_D10,13.9,3.55,linearly stable,0.25505949671692685,0.25492892593730776
n4_4_D10,13.9,3.76,linearly stable,0.3157543846046984,0.31561725379565153
n4_4_D10,13.9,3.98,linearly stable,0.3885423488843722,0.3883967583350812
n4_4_D10,13.9,4.22,linearly stable,0.4787899428257165,0.4786328685870141
n4_4_D10,13.9,4.47,linearly stable,0.5846017581372105,0.5844296280801486
n4_4_D10,13.9,4.73,linearly stable,0.7067261916266414,0.7065341933883821
n4_4_D10,13.9,5.01,linearly stable,0.8506404505577003,0.8504209103710801
n4_4_D10,13.9,5.31,linearly stable,1.0167930852636378,1.0165347815599821
n4_4_D10,13.9,5.62,linearly stable,1.1982519613559948,1.1979401488464636
n4_4_D10,13.9,5.96,Turing,1.4042196382455927,1.4038275562166735
n4_4_D10,13.9,6.31,Turing,1.6186162023401942,1.6181084024754202
n4_4_D10,13.9,6.68,Turing,1.8422045470014856,1.8415219726840015
n4_4_D10,13.9,7.08,Turing,2.0745576212963113,2.073596918211392
n4_4_D10,13.9,7.5,Turing,2.3029064304982265,2.301503411988269
n4_4_D10,13.9,7.94,Turing,2.521222287884539,2.5191016228525647
n4_4_D10,13.9,8.41,Turing,2.7288371844857435,2.725498485820347
n4_4_D10,13.9,8.91,Turing,2.9207703680077874,2.915314809960452
n4_4_D10,13.9,9.44,uniform ON,3.093761207463029,3.084547109650023
n4_4_D10,13.9,10.0,uniform ON,3.2463266986608534,3.2303078472868103
n4_4_D10,13.9,10.6,uniform ON,3.38058138124083,3.351725921507841
n4_4_D10,13.9,11.2,uniform ON,3.4901692003888884,3.4384201291841108
n4_4_D10,13.9,11.9,uniform ON,3.593780902483515,3.4914752208285305
n4_4_D10,13.9,12.6,uniform ON,3.6786031829919366,3.4720385098153317
n4_4_D10,13.9,13.3,uniform ON,3.75466273779959,3.290264866126612
n4_4_D10,13.9,14.1,no activated state,nan,nan
n4_4_D10,13.9,15.0,no activated state,nan,nan
n4_4_D10,13.9,15.8,no activated state,nan,nan
n4_4_D10,13.9,16.8,no activated state,nan,nan
n4_4_D10,13.9,17.8,no activated state,nan,nan
n4_4_D10,13.9,18.8,no activated state,nan,nan
n4_4_D10,13.9,20.0,no activated state,nan,nan
n4_4_D10,13.9,21.1,no activated state,nan,nan
n4_4_D10,13.9,22.4,no activated state,nan,nan
n4_4_D10,13.9,23.7,no activated state,nan,nan
n4_4_D10,13.9,25.1,no activated state,nan,nan
n4_4_D10,13.9,26.6,no activated state,nan,nan
n4_4_D10,13.9,28.2,no activated state,nan,nan
n4_4_D10,13.9,29.9,no activated state,nan,nan
n4_4_D10,13.9,31.6,no activated state,nan,nan
n4_4_D10,13.9,33.5,no activated state,nan,nan
n4_4_D10,13.9,35.5,no activated state,nan,nan
n4_4_D10,13.9,37.6,no activated state,nan,nan
n4_4_D10,13.9,39.8,no activated state,nan,nan
n4_4_D10,13.9,42.2,no activated state,nan,nan
n4_4_D10,13.9,44.7,no activated state,nan,nan
n4_4_D10,13.9,47.3,no activated state,nan,nan
n4_4_D10,13.9,50.1,no activated state,nan,nan
n4_4_D10,13.9,53.1,no activated state,nan,nan
n4_4_D10,13.9,56.2,no activated state,nan,nan
n4_4_D10,13.9,59.6,no activated state,nan,nan
n4_4_D10,13.9,63.1,no activated state,nan,nan
n4_4_D10,13.9,66.8,no activated state,nan,nan
n4_4_D10,13.9,70.8,no activated state,nan,nan
n4_4_D10,13.9,75.0,no activated state,nan,nan
n4_4_D10,13.9,79.4,no activated state,nan,nan
n4_4_D10,13.9,84.1,no activated state,nan,nan
n4_4_D10,13.9,89.1,no activated state,nan,nan
n4_4_D10,13.9,94.4,no activated state,nan,nan
n4_4_D10,13.9,100.0,no activated state,nan,nan
n4_4_D10,14.6,1.0,linearly stable,0.0014961435792191224,0.0014080111005540029
n4_4_D10,14.6,1.06,linearly stable,0.0018655742506030748,0.0017774173391554235
n4_4_D10,14.6,1.12,linearly stable,0.002303271374839877,0.0022150855040283506
n4_4_D10,14.6,1.19,linearly stable,0.0029107670185801737,0.002822540932998796
n4_4_D10,14.6,1.26,linearly stable,0.0036352305705285026,0.003546956495205261
n4_4_D10,14.6,1.33,linearly stable,0.004490708168753521,0.004402377380261674
n4_4_D10,14.6,1.41,linearly stable,0.005647851583938213,0.0055594440062704505
n4_4_D10,14.6,1.5,linearly stable,0.007206387798022629,0.0071178766536182676
n4_4_D10,14.6,1.58,linearly stable,0.00884723176980895,0.008758611414330354
n4_4_D10,14.6,1.68,linearly stable,0.011277479405425339,0.011188696967483576
n4_4_D10,14.6,1.78,linearly stable,0.014178826748804774,0.014089850290940446
n4_4_D10,14.6,1.88,linearly stable,0.01760718749194723,0.01751798104214771
n4_4_D10,14.6,2.0,linearly stable,0.022499378214653643,0.022409842197115497
n4_4_D10,14.6,2.11,linearly stable,0.027814661637992177,0.027724765707927115
n4_4_D10,14.6,2.24,linearly stable,0.035239773198119106,0.0351493712565127
n4_4_D10,14.6,2.37,linearly stable,0.04404049071474958,0.043949484085545464
n4_4_D10,14.6,2.51,linearly stable,0.055226546063731785,0.05513476304420761
n4_4_D10,14.6,2.66,linearly stable,0.06938674483930463,0.06929396628541545
n4_4_D10,14.6,2.82,linearly stable,0.08722842200464731,0.08713436848403107
n4_4_D10,14.6,2.99,linearly stable,0.10958929212082547,0.10949360748980959
n4_4_D10,14.6,3.16,linearly stable,0.1357785982415276,0.13568095492150048
n4_4_D10,14.6,3.35,linearly stable,0.16996026067858105,0.16985997966800648
n4_4_D10,14.6,3.55,linearly stable,0.21195771301693034,0.2118540594893805
n4_4_D10,14.6,3.76,linearly stable,0.2631163090840545,0.2630083399048687
n4_4_D10,14.6,3.98,linearly stable,0.3248395662218866,0.3247260652356602
n4_4_D10,14.6,4.22,linearly stable,0.4019368764385973,0.40181592188931636
n4_4_D10,14.6,4.47,linearly stable,0.4931419062191269,0.4930112668829036
n4_4_D10,14.6,4.73,linearly stable,0.5995123514765237,0.5993690650878534
n4_4_D10,14.6,5.01,linearly stable,0.7264072131599093,0.726246609818422
n4_4_D10,14.6,5.31,linearly stable,0.8750318828191186,0.8748472572828132
n4_4_D10,14.6,5.62,linearly stable,1.0400051803619452,1.039787932410863
n4_4_D10,14.6,5.96,Turing,1.2307098684608349,1.2304445770630528
n4_4_D10,14.6,6.31,Turing,1.4332258271499585,1.432892657402221
n4_4_D10,14.6,6.68,Turing,1.648912034782759,1.6484785020364336
n4_4_D10,14.6,7.08,Turing,1.8780637030080896,1.8774740024796235
n4_4_D10,14.6,7.5,Turing,2.1084032347098813,2.1075708140429428
n4_4_D10,14.6,7.94,Turing,2.33353293901923,2.3323155248827234
n4_4_D10,14.6,8.41,Turing,2.5522052006053606,2.550348646948799
n4_4_D10,14.6,8.91,Turing,2.7584148949860943,2.7554711576191244
n4_4_D10,14.6,9.44,Turing,2.947638716695189,2.9428044127011677
n4_4_D10,14.6,10.0,uniform ON,3.1171182032933236,3.1089312774924216
n4_4_D10,14.6,10.6,uniform ON,3.268103239447442,3.2537325015878333
n4_4_D10,14.6,11.2,uniform ON,3.392301961252916,3.3671966830712035
n4_4_D10,14.6,11.9,uniform ON,3.5097451342533414,3.461930283551929
n4_4_D10,14.6,12.6,uniform ON,3.6041534073237766,3.5133195391426852
n4_4_D10,14.6,13.3,uniform ON,3.6817134523003197,3.506980952088929
n4_4_D10,14.6,14.1,uniform ON,3.7587793516102868,3.3573722046781733
n4_4_D10,14.6,15.0,no activated state,nan,nan
n4_4_D10,14.6,15.8,no activated state,nan,nan
n4_4_D10,14.6,16.8,no activated state,nan,nan
n4_4_D10,14.6,17.8,no activated state,nan,nan
n4_4_D10,14.6,18.8,no activated state,nan,nan
n4_4_D10,14.6,20.0,no activated state,nan,nan
n4_4_D10,14.6,21.1,no activated state,nan,nan
n4_4_D10,14.6,22.4,no activated state,nan,nan
n4_4_D10,14.6,23.7,no activated state,nan,nan
n4_4_D10,14.6,25.1,no activated state,nan,nan
n4_4_D10,14.6,26.6,no activated state,nan,nan
n4_4_D10,14.6,28.2,no activated state,nan,nan
n4_4_D10,14.6,29.9,no activated state,nan,nan
n4_4_D10,14.6,31.6,no activated state,nan,nan
n4_4_D10,14.6,33.5,no activated state,nan,nan
n4_4_D10,14.6,35.5,no activated state,nan,nan
n4_4_D10,14.6,37.6,no activated state,nan,nan
n4_4_D10,14.6,39.8,no activated state,nan,nan
n4_4_D10,14.6,42.2,no activated state,nan,nan
n4_4_D10,14.6,44.7,no activated state,nan,nan
n4_4_D10,14.6,47.3,no activated state,nan,nan
n4_4_D10,14.6,50.1,no activated state,nan,nan
n4_4_D10,14.6,53.1,no activated state,nan,nan
n4_4_D10,14.6,56.2,no activated state,nan,nan
n4_4_D10,14.6,59.6,no activated state,nan,nan
n4_4_D10,14.6,63.1,no activated state,nan,nan
n4_4_D10,14.6,66.8,no activated state,nan,nan
n4_4_D10,14.6,70.8,no activated state,nan,nan
n4_4_D10,14.6,75.0,no activated state,nan,nan
n4_4_D10,14.6,79.4,no activated state,nan,nan
n4_4_D10,14.6,84.1,no activated state,nan,nan
n4_4_D10,14.6,89.1,no activated state,nan,nan
n4_4_D10,14.6,94.4,no activated state,nan,nan
n4_4_D10,14.6,100.0,no activated state,nan,nan
n4_4_D10,15.4,1.0,linearly stable,0.001208719909072009,0.0011375377965425317
n4_4_D10,15.4,1.06,linearly stable,0.0015072061166070405,0.001436008061721833
n4_4_D10,15.4,1.12,linearly stable,0.0018608627836909086,0.001789645833594755
n4_4_D10,15.4,1.19,linearly stable,0.002351740287079185,0.0022804970992383214
n4_4_D10,15.4,1.26,linearly stable,0.0029371693648672093,0.0028658948685796994
n4_4_D10,15.4,1.33,linearly stable,0.003628521570533838,0.0035572100774565016
n4_4_D10,15.4,1.41,linearly stable,0.0045637547175285675,0.004492393135939827
n4_4_D10,15.4,1.5,linearly stable,0.005823568234685883,0.005752139106773693
n4_4_D10,15.4,1.58,linearly stable,0.007150117586922633,0.007078617242398115
n4_4_D10,15.4,1.68,linearly stable,0.009115249069106657,0.00904364305119082
n4_4_D10,15.4,1.78,linearly stable,0.01146191940659369,0.01139018692534823
n4_4_D10,15.4,1.88,linearly stable,0.014235692924969623,0.014163810579250653
n4_4_D10,15.4,2.0,linearly stable,0.018195386489059828,0.018123289480467715
n4_4_D10,15.4,2.11,linearly stable,0.02249963936392252,0.022427308042570992
n4_4_D10,15.4,2.24,linearly stable,0.02851609139789346,0.028443430851351453
n4_4_D10,15.4,2.37,linearly stable,0.03565274471774771,0.03557969105186401
n4_4_D10,15.4,2.51,linearly stable,0.04473244052873193,0.044658882601961006
n4_4_D10,15.4,2.66,linearly stable,0.056240280949204635,0.056166077218377866
n4_4_D10,15.4,2.82,linearly stable,0.07076239958388086,0.07068737005698603
n4_4_D10,15.4,2.99,linearly stable,0.08899821591952595,0.0889221319715794
n4_4_D10,15.4,3.16,linearly stable,0.1104063424063293,0.11032899524457102
n4_4_D10,15.4,3.35,linearly stable,0.1384294072710346,0.13835036395592903
n4_4_D10,15.4,3.55,linearly stable,0.17298734185022724,0.1729061378570777
n4_4_D10,15.4,3.76,linearly stable,0.21527435124142702,0.21519039482908936
n4_4_D10,15.4,3.98,linearly stable,0.26657495384987007,0.26648748875491557
n4_4_D10,15.4,4.22,linearly stable,0.3310891630473183,0.3309970023802829
n4_4_D10,15.4,4.47,linearly stable,0.40804041169456795,0.4079422001014038
n4_4_D10,15.4,4.73,linearly stable,0.49866379277202233,0.49855775621021337
n4_4_D10,15.4,5.01,linearly stable,0.6080279919527114,0.6079113646308074
n4_4_D10,15.4,5.31,linearly stable,0.7378890831556948,0.737757965579906
n4_4_D10,15.4,5.62,linearly stable,0.8843194799015666,0.8841689931301041
n4_4_D10,15.4,5.96,linearly stable,1.0566612064245433,1.0564827072063105
n4_4_D10,15.4,6.31,Turing,1.243386831320604,1.2431695463926038
n4_4_D10,15.4,6.68,Turing,1.446590282186203,1.4463168840426406
n4_4_D10,15.4,7.08,Turing,1.6675433605140877,1.6671846729289541
n4_4_D10,15.4,7.5,Turing,1.8950847226043157,1.8945966850733573
n4_4_D10,15.4,7.94,Turing,2.122940816937286,2.122252603442874
n4_4_D10,15.4,8.41,Turing,2.349607928954443,2.348595427405032
n4_4_D10,15.4,8.91,Turing,2.56833502667104,2.5667839513687705
n4_4_D10,15.4,9.44,Turing,2.7734037350849383,2.770937399504508
n4_4_D10,15.4,10.0,Turing,2.96066228731263,2.956608256700668
n4_4_D10,15.4,10.6,uniform ON,3.1303079959960405,3.1233887200576085
n4_4_D10,15.4,11.2,uniform ON,3.27171777097763,3.259934714924527
n4_4_D10,15.4,11.9,uniform ON,3.4066440533707603,3.3848563635284967
n4_4_D10,15.4,12.6,uniform ON,3.5152962575180533,3.4753268267730926
n4_4_D10,15.4,13.3,uniform ON,3.603372029381937,3.530425091108296
n4_4_D10,15.4,14.1,uniform ON,3.685223127693396,3.539291766130586
n4_4_D10,15.4,15.0,uniform ON,3.7622812020592837,3.423463177979046
n4_4_D10,15.4,15.8,no activated state,nan,nan
n4_4_D10,15.4,16.8,no activated state,nan,nan
n4_4_D10,15.4,17.8,no activated state,nan,nan
n4_4_D10,15.4,18.8,no activated state,nan,nan
n4_4_D10,15.4,20.0,no activated state,nan,nan
n4_4_D10,15.4,21.1,no activated state,nan,nan
n4_4_D10,15.4,22.4,no activated state,nan,nan
n4_4_D10,15.4,23.7,no activated state,nan,nan
n4_4_D10,15.4,25.1,no activated state,nan,nan
n4_4_D10,15.4,26.6,no activated state,nan,nan
n4_4_D10,15.4,28.2,no activated state,nan,nan
n4_4_D10,15.4,29.9,no activated state,nan,nan
n4_4_D10,15.4,31.6,no activated state,nan,nan
n4_4_D10,15.4,33.5,no activated state,nan,nan
n4_4_D10,15.4,35.5,no activated state,nan,nan
n4_4_D10,15.4,37.6,no activated state,nan,nan
n4_4_D10,15.4,39.8,no activated state,nan,nan
n4_4_D10,15.4,42.2,no activated state,nan,nan
n4_4_D10,15.4,44.7,no activated state,nan,nan
n4_4_D10,15.4,47.3,no activated state,nan,nan
n4_4_D10,15.4,50.1,no activated state,nan,nan
n4_4_D10,15.4,53.1,no activated state,nan,nan
n4_4_D10,15.4,56.2,no activated state,nan,nan
n4_4_D10,15.4,59.6,no activated state,nan,nan
n4_4_D10,15.4,63.1,no activated state,nan,nan
n4_4_D10,15.4,66.8,no activated state,nan,nan
n4_4_D10,15.4,70.8,no activated state,nan,nan
n4_4_D10,15.4,75.0,no activated state,nan,nan
n4_4_D10,15.4,79.4,no activated state,nan,nan
n4_4_D10,15.4,84.1,no activated state,nan,nan
n4_4_D10,15.4,89.1,no activated state,nan,nan
n4_4_D10,15.4,94.4,no activated state,nan,nan
n4_4_D10,15.4,100.0,no activated state,nan,nan
n4_4_D10,16.2,1.0,linearly stable,0.000987113063041889,0.000928993612994811
n4_4_D10,16.2,1.06,linearly stable,0.0012308916170375994,0.0011727615368643844
n4_4_D10,16.2,1.12,linearly stable,0.0015197374199944491,0.0014615947411528798
n4_4_D10,16.2,1.19,linearly stable,0.0019206725901779187,0.0018625124175997842
n4_4_D10,16.2,1.26,linearly stable,0.0023988584650087574,0.002340677418887492
n4_4_D10,16.2,1.33,linearly stable,0.0029635967448538025,0.002905391034178381
n4_4_D10,16.2,1.41,linearly stable,0.0037276086935520425,0.0036693695929901214
n4_4_D10,16.2,1.5,linearly stable,0.0047568808623945635,0.0046985967387932134
n4_4_D10,16.2,1.58,linearly stable,0.0058408049766907055,0.00578247338924803
n4_4_D10,16.2,1.68,linearly stable,0.007446757230959111,0.007388355225848056
n4_4_D10,16.2,1.78,linearly stable,0.009364891353297988,0.009306405093378331
n4_4_D10,16.2,1.88,linearly stable,0.011632665875806136,0.011574079793777323
n4_4_D10,16.2,2.0,linearly stable,0.014871021843647192,0.01481229282260585
n4_4_D10,16.2,2.11,linearly stable,0.018392503532401516,0.018333618547112497
n4_4_D10,16.2,2.24,linearly stable,0.023317135594342453,0.023258031572616408
n4_4_D10,16.2,2.37,linearly stable,0.029162210978548764,0.029102845568980646
n4_4_D10,16.2,2.51,linearly stable,0.0366042196999814,0.03654451925349316
n4_4_D10,16.2,2.66,linearly stable,0.04604533723077564,0.04598520811029682
n4_4_D10,16.2,2.82,linearly stable,0.05797365230217766,0.057912975687944165
n4_4_D10,16.2,2.99,linearly stable,0.07297494252873937,0.07291356789832686
n4_4_D10,16.2,3.16,linearly stable,0.09061802794561435,0.0905558186062378
n4_4_D10,16.2,3.35,linearly stable,0.11376534560159701,0.11370201802823644
n4_4_D10,16.2,3.55,linearly stable,0.1423930638525892,0.14232831590814632
n4_4_D10,16.2,3.76,linearly stable,0.1775481478911214,0.177481597005989
n4_4_D10,16.2,3.98,linearly stable,0.22038184670272853,0.22031300745297683
n4_4_D10,16.2,4.22,linearly stable,0.27453866608125344,0.2744667808413706
n4_4_D10,16.2,4.47,linearly stable,0.33956266348583064,0.33948687888322904
n4_4_D10,16.2,4.73,linearly stable,0.4167415646945205,0.4166607769447923
n4_4_D10,16.2,5.01,linearly stable,0.5107591746661733,0.5106716788933586
n4_4_D10,16.2,5.31,linearly stable,0.6236642971777773,0.6235677269971892
n4_4_D10,16.2,5.62,linearly stable,0.7526554236166585,0.7525468823751706
n4_4_D10,16.2,5.96,linearly stable,0.9068025942144557,0.9066770036549193
n4_4_D10,16.2,6.31,linearly stable,1.0767290857116514,1.0765802960655892
n4_4_D10,16.2,6.68,Turing,1.265189133285383,1.2650074152568584
n4_4_D10,16.2,7.08,Turing,1.4744217963723134,1.4741910698900869
n4_4_D10,16.2,7.5,Turing,1.694739032454636,1.6944356296322791
n4_4_D10,16.2,7.94,Turing,1.9204540755594053,1.9200407670374835
n4_4_D10,16.2,8.41,Turing,2.150219350100324,2.1496321052583327
n4_4_D10,16.2,8.91,Turing,2.3770421156274253,2.376172638509887
n4_4_D10,16.2,9.44,Turing,2.5943933207325856,2.593054912896918
n4_4_D10,16.2,10.0,Turing,2.796931541817189,2.7947969792700613
n4_4_D10,16.2,10.6,Turing,2.9838152321231792,2.9802731235845696
n4_4_D10,16.2,11.2,uniform ON,3.1420424888893725,3.136156999716627
n4_4_D10,16.2,11.9,uniform ON,3.2949755261468523,3.2843691426051653
n4_4_D10,16.2,12.6,uniform ON,3.4192702206665344,3.400291907159644
n4_4_D10,16.2,13.3,uniform ON,3.520330498189179,3.48665193240425
n4_4_D10,16.2,14.1,uniform ON,3.613470321016545,3.549108048629416
n4_4_D10,16.2,15.0,uniform ON,3.697003387405818,3.563384888846805
n4_4_D10,16.2,15.8,uniform ON,3.7586366868984222,3.494294711361575
n4_4_D10,16.2,16.8,no activated state,nan,nan
n4_4_D10,16.2,17.8,no activated state,nan,nan
n4_4_D10,16.2,18.8,no activated state,nan,nan
n4_4_D10,16.2,20.0,no activated state,nan,nan
n4_4_D10,16.2,21.1,no activated state,nan,nan
n4_4_D10,16.2,22.4,no activated state,nan,nan
n4_4_D10,16.2,23.7,no activated state,nan,nan
n4_4_D10,16.2,25.1,no activated state,nan,nan
n4_4_D10,16.2,26.6,no activated state,nan,nan
n4_4_D10,16.2,28.2,no activated state,nan,nan
n4_4_D10,16.2,29.9,no activated state,nan,nan
n4_4_D10,16.2,31.6,no activated state,nan,nan
n4_4_D10,16.2,33.5,no activated state,nan,nan
n4_4_D10,16.2,35.5,no activated state,nan,nan
n4_4_D10,16.2,37.6,no activated state,nan,nan
n4_4_D10,16.2,39.8,no activated state,nan,nan
n4_4_D10,16.2,42.2,no activated state,nan,nan
n4_4_D10,16.2,44.7,no activated state,nan,nan
n4_4_D10,16.2,47.3,no activated state,nan,nan
n4_4_D10,16.2,50.1,no activated state,nan,nan
n4_4_D10,16.2,53.1,no activated state,nan,nan
n4_4_D10,16.2,56.2,no activated state,nan,nan
n4_4_D10,16.2,59.6,no activated state,nan,nan
n4_4_D10,16.2,63.1,no activated state,nan,nan
n4_4_D10,16.2,66.8,no activated state,nan,nan
n4_4_D10,16.2,70.8,no activated state,nan,nan
n4_4_D10,16.2,75.0,no activated state,nan,nan
n4_4_D10,16.2,79.4,no activated state,nan,nan
n4_4_D10,16.2,84.1,no activated state,nan,nan
n4_4_D10,16.2,89.1,no activated state,nan,nan
n4_4_D10,16.2,94.4,no activated state,nan,nan
n4_4_D10,16.2,100.0,no activated state,nan,nan
n4_4_D10,17.1,1.0,linearly stable,0.0007951671898540624,0.0007483576277871984
n4_4_D10,17.1,1.06,linearly stable,0.0009915543265415216,0.000944737867829585
n4_4_D10,17.1,1.12,linearly stable,0.0012242535045068337,0.0011774288722038828
n4_4_D10,17.1,1.19,linearly stable,0.00154726464905508,0.0015004286677873654
n4_4_D10,17.1,1.26,linearly stable,0.0019325288522047401,0.001885679329920594
n4_4_D10,17.1,1.33,linearly stable,0.0023875495622629472,0.002340684040481879
n4_4_D10,17.1,1.41,linearly stable,0.0030031687481582026,0.002956281568297664
n4_4_D10,17.1,1.5,linearly stable,0.0038325994258627816,0.00378568304471943
n4_4_D10,17.1,1.58,linearly stable,0.0047061606928653354,0.004659213530535485
n4_4_D10,17.1,1.68,linearly stable,0.006000606667666997,0.005953613844141052
n4_4_D10,17.1,1.78,linearly stable,0.007546945646817793,0.007499898198992825
n4_4_D10,17.1,1.88,linearly stable,0.0093755258893089,0.009328413737730811
n4_4_D10,17.1,2.0,linearly stable,0.01198741693969474,0.011940212161215658
n4_4_D10,17.1,2.11,linearly stable,0.014828596828554641,0.014781291015845906
n4_4_D10,17.1,2.24,linearly stable,0.018803491047204357,0.018756043400199148
n4_4_D10,17.1,2.37,linearly stable,0.023523790485883378,0.023476173669198817
n4_4_D10,17.1,2.51,linearly stable,0.02953761219972506,0.029489778688131147
n4_4_D10,17.1,2.66,linearly stable,0.03717317206741999,0.03712506152644
n4_4_D10,17.1,2.82,linearly stable,0.04683031810712457,0.04678185411829942
n4_4_D10,17.1,2.99,linearly stable,0.058991296779488334,0.05894238276116656
n4_4_D10,17.1,3.16,linearly stable,0.0733166774217846,0.0732672261016265
n4_4_D10,17.1,3.35,linearly stable,0.09214872054021672,0.09209855084746876
n4_4_D10,17.1,3.55,linearly stable,0.11549850372373038,0.11544742387005205
n4_4_D10,17.1,3.76,linearly stable,0.14426192219285205,0.14420969063844952
n4_4_D10,17.1,3.98,linearly stable,0.17944219040066223,0.17938850265142145
n4_4_D10,17.1,4.22,linearly stable,0.22413495274967277,0.2240793359324092
n4_4_D10,17.1,4.47,linearly stable,0.2781119397301417,0.2780538678880626
n4_4_D10,17.1,4.73,linearly stable,0.3426308622283365,0.342569662550461
n4_4_D10,17.1,5.01,linearly stable,0.42189711201279767,0.42183175426920394
n4_4_D10,17.1,5.31,linearly stable,0.5180748558325501,0.5180039311773729
n4_4_D10,17.1,5.62,linearly stable,0.6292964954844211,0.6292183158084635
n4_4_D10,17.1,5.96,linearly stable,0.7641223435202926,0.7640339787314507
n4_4_D10,17.1,6.31,linearly stable,0.915220121594448,0.9151181256307787
n4_4_D10,17.1,6.68,linearly stable,1.0859080138854291,1.0857870249225314
n4_4_D10,17.1,7.08,Turing,1.2793547015888547,1.2792060259718347
n4_4_D10,17.1,7.5,Turing,1.4876824718996304,1.487493658879656
n4_4_D10,17.1,7.94,Turing,1.7062142212885356,1.7059661383164013
n4_4_D10,17.1,8.41,Turing,1.9341601582797523,1.9338205599255378
n4_4_D10,17.1,8.91,Turing,2.164820972868081,2.1643365549357076
n4_4_D10,17.1,9.44,Turing,2.391289249100626,2.390570095546388
n4_4_D10,17.1,10.0,Turing,2.607272326912265,2.6061640279954164
n4_4_D10,17.1,10.6,Turing,2.8109138764363304,2.809133074616711
n4_4_D10,17.1,11.2,Turing,2.9866523735766863,2.983775106607939
n4_4_D10,17.1,11.9,uniform ON,3.159402464150379,3.1543617602609686
n4_4_D10,17.1,12.6,uniform ON,3.3018071969810006,3.293010301735298
n4_4_D10,17.1,13.3,uniform ON,3.418725545239434,3.403481093443363
n4_4_D10,17.1,14.1,uniform ON,3.52696617904304,3.4986796965723324
n4_4_D10,17.1,15.0,uniform ON,3.6234293165528597,3.567361195277835
n4_4_D10,17.1,15.8,uniform ON,3.6921965212707497,3.5895285566528456
n4_4_D10,17.1,16.8,uniform ON,3.762596517661148,3.538830430118391
n4_4_D10,17.1,17.8,uniform ON,3.8271118197719707,3.247737002456536
n4_4_D10,17.1,18.8,no activated state,nan,nan
n4_4_D10,17.1,20.0,no activated state,nan,nan
n4_4_D10,17.1,21.1,no activated state,nan,nan
n4_4_D10,17.1,22.4,no activated state,nan,nan
n4_4_D10,17.1,23.7,no activated state,nan,nan
n4_4_D10,17.1,25.1,no activated state,nan,nan
n4_4_D10,17.1,26.6,no activated state,nan,nan
n4_4_D10,17.1,28.2,no activated state,nan,nan
n4_4_D10,17.1,29.9,no activated state,nan,nan
n4_4_D10,17.1,31.6,no activated state,nan,nan
n4_4_D10,17.1,33.5,no activated state,nan,nan
n4_4_D10,17.1,35.5,no activated state,nan,nan
n4_4_D10,17.1,37.6,no activated state,nan,nan
n4_4_D10,17.1,39.8,no activated state,nan,nan
n4_4_D10,17.1,42.2,no activated state,nan,nan
n4_4_D10,17.1,44.7,no activated state,nan,nan
n4_4_D10,17.1,47.3,no activated state,nan,nan
n4_4_D10,17.1,50.1,no activated state,nan,nan
n4_4_D10,17.1,53.1,no activated state,nan,nan
n4_4_D10,17.1,56.2,no activated state,nan,nan
n4_4_D10,17.1,59.6,no activated state,nan,nan
n4_4_D10,17.1,63.1,no activated state,nan,nan
n4_4_D10,17.1,66.8,no activated state,nan,nan
n4_4_D10,17.1,70.8,no activated state,nan,nan
n4_4_D10,17.1,75.0,no activated state,nan,nan
n4_4_D10,17.1,79.4,no activated state,nan,nan
n4_4_D10,17.1,84.1,no activated state,nan,nan
n4_4_D10,17.1,89.1,no activated state,nan,nan
n4_4_D10,17.1,94.4,no activated state,nan,nan
n4_4_D10,17.1,100.0,no activated state,nan,nan
n4_4_D10,18.0,1.0,linearly stable,0.0006476869065275004,0.0006095644433917804
n4_4_D10,18.0,1.06,linearly stable,0.0008076573217743466,0.0007695302836823173
n4_4_D10,18.0,1.12,linearly stable,0.0009972100869957146,0.0009590776269809674
n4_4_D10,18.0,1.19,linearly stable,0.0012603362140541918,0.001222196225936926
n4_4_D10,18.0,1.26,linearly stable,0.001574184231361908,0.0015360352613856799
n4_4_D10,18.0,1.33,linearly stable,0.0019448724795729788,0.0019067128974224784
n4_4_D10,18.0,1.41,linearly stable,0.0024464191634989696,0.0024082452166530647
n4_4_D10,18.0,1.5,linearly stable,0.0031222039583576056,0.0030840106450938597
n4_4_D10,18.0,1.58,linearly stable,0.003834000694010964,0.0037957869681430087
n4_4_D10,18.0,1.68,linearly stable,0.004888849512889593,0.004850605509755664
n4_4_D10,18.0,1.78,linearly stable,0.006149132921145828,0.006110852702217844
n4_4_D10,18.0,1.88,linearly stable,0.007639679411821199,0.007601356301160158
n4_4_D10,18.0,2.0,linearly stable,0.009769171461668336,0.009730786961837117
n4_4_D10,18.0,2.11,linearly stable,0.012086190342347258,0.012047738898269782
n4_4_D10,18.0,2.24,linearly stable,0.015328793310507294,0.015290247918208768
n4_4_D10,18.0,2.37,linearly stable,0.019181030403204513,0.019142373001497744
n4_4_D10,18.0,2.51,linearly stable,0.02409135738494239,0.024052556578271652
n4_4_D10,18.0,2.66,linearly stable,0.030329797460873387,0.03029081343713969
n4_4_D10,18.0,2.82,linearly stable,0.03822626357446035,0.03818704598110559
n4_4_D10,18.0,2.99,linearly stable,0.04818015399933495,0.04814063931370547
n4_4_D10,18.0,3.16,linearly stable,0.05992008019986672,0.05988021124494484
n4_4_D10,18.0,3.35,linearly stable,0.07537713340030638,0.07533679151826826
n4_4_D10,18.0,3.55,linearly stable,0.09457996602620433,0.094539026133927
n4_4_D10,18.0,3.76,linearly stable,0.11829251106753125,0.11825081630271427
n4_4_D10,18.0,3.98,linearly stable,0.1473818168890335,0.1473391705225427
n4_4_D10,18.0,4.22,linearly stable,0.184474966945126,0.18443106467039128
n4_4_D10,18.0,4.47,linearly stable,0.22948127858223266,0.22943578536608417
n4_4_D10,18.0,4.73,linearly stable,0.2835778649396419,0.2835303560554385
n4_4_D10,18.0,5.01,linearly stable,0.35049144528725984,0.3504412749769872
n4_4_D10,18.0,5.31,linearly stable,0.4323577897356188,0.432304085806114
n4_4_D10,18.0,5.62,linearly stable,0.5279672318135642,0.5279089680547677
n4_4_D10,18.0,5.96,linearly stable,0.6452383189834716,0.6451737290371434
n4_4_D10,18.0,6.31,linearly stable,0.7784821149626571,0.7784091745351243
n4_4_D10,18.0,6.68,linearly stable,0.9313658024187883,0.9312814078335683
n4_4_D10,18.0,7.08,linearly stable,1.107743697833922,1.1076429026882828
n4_4_D10,18.0,7.5,Turing,1.3014892429525475,1.301365141323039
n4_4_D10,18.0,7.94,Turing,1.5090906027776763,1.5089328139855376
n4_4_D10,18.0,8.41,Turing,1.7305562729848663,1.7303476358118637
n4_4_D10,18.0,8.91,Turing,1.9599505707080516,1.9596633419806235
n4_4_D10,18.0,9.44,Turing,2.1905339631426055,2.1901223410870796
n4_4_D10,18.0,10.0,Turing,2.4155559710907637,2.4149428881408874
n4_4_D10,18.0,10.6,Turing,2.6324372274616366,2.631483755042532
n4_4_D10,18.0,11.2,Turing,2.8233786336977125,2.8218815718126815
n4_4_D10,18.0,11.9,uniform ON,3.014545178428328,3.0119969415961383
n4_4_D10,18.0,12.6,uniform ON,3.1747229449351755,3.1703843347370295
n4_4_D10,18.0,13.3,uniform ON,3.30792629792691,3.300569430937497
n4_4_D10,18.0,14.1,uniform ON,3.432447052326297,3.419107821305386
n4_4_D10,18.0,15.0,uniform ON,3.5440277995398777,3.5183040158960073
n4_4_D10,18.0,15.8,uniform ON,3.6233427045550957,3.5777063659368906
n4_4_D10,18.0,16.8,uniform ON,3.7026777105587123,3.6098948965693682
n4_4_D10,18.0,17.8,uniform ON,3.766337872343967,3.575183179629352
n4_4_D10,18.0,18.8,uniform ON,3.8219592840316428,3.389851640419459
n4_4_D10,18.0,20.0,no activated state,nan,nan
n4_4_D10,18.0,21.1,no activated state,nan,nan
n4_4_D10,18.0,22.4,no activated state,nan,nan
n4_4_D10,18.0,23.7,no activated state,nan,nan
n4_4_D10,18.0,25.1,no activated state,nan,nan
n4_4_D10,18.0,26.6,no activated state,nan,nan
n4_4_D10,18.0,28.2,no activated state,nan,nan
n4_4_D10,18.0,29.9,no activated state,nan,nan
n4_4_D10,18.0,31.6,no activated state,nan,nan
n4_4_D10,18.0,33.5,no activated state,nan,nan
n4_4_D10,18.0,35.5,no activated state,nan,nan
n4_4_D10,18.0,37.6,no activated state,nan,nan
n4_4_D10,18.0,39.8,no activated state,nan,nan
n4_4_D10,18.0,42.2,no activated state,nan,nan
n4_4_D10,18.0,44.7,no activated state,nan,nan
n4_4_D10,18.0,47.3,no activated state,nan,nan
n4_4_D10,18.0,50.1,no activated state,nan,nan
n4_4_D10,18.0,53.1,no activated state,nan,nan
n4_4_D10,18.0,56.2,no activated state,nan,nan
n4_4_D10,18.0,59.6,no activated state,nan,nan
n4_4_D10,18.0,63.1,no activated state,nan,nan
n4_4_D10,18.0,66.8,no activated state,nan,nan
n4_4_D10,18.0,70.8,no activated state,nan,nan
n4_4_D10,18.0,75.0,no activated state,nan,nan
n4_4_D10,18.0,79.4,no activated state,nan,nan
n4_4_D10,18.0,84.1,no activated state,nan,nan
n4_4_D10,18.0,89.1,no activated state,nan,nan
n4_4_D10,18.0,94.4,no activated state,nan,nan
n4_4_D10,18.0,100.0,no activated state,nan,nan
n4_4_D10,19.0,1.0,linearly stable,0.0005217364648397727,0.0004910310097111178
n4_4_D10,19.0,1.06,linearly stable,0.0006506037854978608,0.0006198953620933812
n4_4_D10,19.0,1.12,linearly stable,0.0008033043460553557,0.0007725924049151876
n4_4_D10,19.0,1.19,linearly stable,0.0010152790506654519,0.0009845622254108684
n4_4_D10,19.0,1.26,linearly stable,0.0012681224600079588,0.0012373998076276376
n4_4_D10,19.0,1.33,linearly stable,0.001566767647510403,0.0015360381105405322
n4_4_D10,19.0,1.41,linearly stable,0.0019708561412596914,0.0019401172856677708
n4_4_D10,19.0,1.5,linearly stable,0.002515356785715017,0.002484605367518336
n4_4_D10,19.0,1.58,linearly stable,0.00308891205766626,0.003058147399117481
n4_4_D10,19.0,1.68,linearly stable,0.003938966640753883,0.0039081823449660675
n4_4_D10,19.0,1.78,linearly stable,0.004954685940584902,0.00492387815859017
n4_4_D10,19.0,1.88,linearly stable,0.006156145371971178,0.006125309778095817
n4_4_D10,19.0,2.0,linearly stable,0.007872931006789319,0.007842055613924558
n4_4_D10,19.0,2.11,linearly stable,0.009741303862220274,0.009710385078363732
n4_4_D10,19.0,2.24,linearly stable,0.01235674656143848,0.012325766900001495
n4_4_D10,19.0,2.37,linearly stable,0.015464985213580196,0.015433932996136799
n4_4_D10,19.0,2.51,linearly stable,0.019428650299231354,0.019397505228392023
n4_4_D10,19.0,2.66,linearly stable,0.02446711504715182,0.02443585140933579
n4_4_D10,19.0,2.82,linearly stable,0.030849072275516143,0.030817657589640092
n4_4_D10,19.0,2.99,linearly stable,0.03890084636091107,0.0388692397143284
n4_4_D10,19.0,3.16,linearly stable,0.048407402771925234,0.04837556746274773
n4_4_D10,19.0,3.35,linearly stable,0.0609405611898981,0.06090842103548505
n4_4_D10,19.0,3.55,linearly stable,0.07653729600178405,0.07650477102646547
n4_4_D10,19.0,3.76,linearly stable,0.0958372803024905,0.09580427058320273
n4_4_D10,19.0,3.98,linearly stable,0.11957470443285168,0.11954108521692326
n4_4_D10,19.0,4.22,linearly stable,0.14994168916445227,0.14990726815202726
n4_4_D10,19.0,4.47,linearly stable,0.18693564976411592,0.18690021715300267
n4_4_D10,19.0,4.73,linearly stable,0.2316187987535323,0.23158209072373073
n4_4_D10,19.0,5.01,linearly stable,0.28721942320861293,0.2871810411988815
n4_4_D10,19.0,5.31,linearly stable,0.35574736529379036,0.3557067770619705
n4_4_D10,19.0,5.62,linearly stable,0.4364879573132203,0.43644454720494474
n4_4_D10,19.0,5.96,linearly stable,0.5365795389395807,0.5365322554079759
n4_4_D10,19.0,6.31,linearly stable,0.6517433760259679,0.6516910437827144
n4_4_D10,19.0,6.68,linearly stable,0.7858072652847148,0.785748107784192
n4_4_D10,19.0,7.08,linearly stable,0.9430896526023833,0.9430208860176937
n4_4_D10,19.0,7.5,linearly stable,1.1191775864604554,1.1190954234961321
n4_4_D10,19.0,7.94,Turing,1.3118304864314134,1.3117293621130812
n4_4_D10,19.0,8.41,Turing,1.5220283354215147,1.521899232356272
n4_4_D10,19.0,8.91,Turing,1.745022988137133,1.744851671632503
n4_4_D10,19.0,9.44,Turing,1.9747778244084029,1.974541337262963
n4_4_D10,19.0,10.0,Turing,2.2046088111446966,2.204269382653973
n4_4_D10,19.0,10.6,Turing,2.4315663717257685,2.4310572435575803
n4_4_D10,19.0,11.2,Turing,2.63594654411849,2.63517256117367
n4_4_D10,19.0,11.9,Turing,2.8449769016983986,2.8437020679459324
n4_4_D10,19.0,12.6,uniform ON,3.0235904876045616,3.0214802587544267
n4_4_D10,19.0,13.3,uniform ON,3.174548209813068,3.171055597182119
n4_4_D10,19.0,14.1,uniform ON,3.3176091676516046,3.3114272102142457
n4_4_D10,19.0,15.0,uniform ON,3.4472438568073636,3.435612648660118
n4_4_D10,19.0,15.8,uniform ON,3.5399728709197866,3.51979500510829
n4_4_D10,19.0,16.8,uniform ON,3.6326204807238094,3.5930035581322186
n4_4_D10,19.0,17.8,uniform ON,3.7055884274763584,3.6286114364804063
n4_4_D10,19.0,18.8,uniform ON,3.7643430757288656,3.6142416054680875
n4_4_D10,19.0,20.0,uniform ON,3.823561573918046,3.4659216148571743
n4_4_D10,19.0,21.1,no activated state,nan,nan
n4_4_D10,19.0,22.4,no activated state,nan,nan
n4_4_D10,19.0,23.7,no activated state,nan,nan
n4_4_D10,19.0,25.1,no activated state,nan,nan
n4_4_D10,19.0,26.6,no activated state,nan,nan
n4_4_D10,19.0,28.2,no activated state,nan,nan
n4_4_D10,19.0,29.9,no activated state,nan,nan
n4_4_D10,19.0,31.6,no activated state,nan,nan
n4_4_D10,19.0,33.5,no activated state,nan,nan
n4_4_D10,19.0,35.5,no activated state,nan,nan
n4_4_D10,19.0,37.6,no activated state,nan,nan
n4_4_D10,19.0,39.8,no activated state,nan,nan
n4_4_D10,19.0,42.2,no activated state,nan,nan
n4_4_D10,19.0,44.7,no activated state,nan,nan
n4_4_D10,19.0,47.3,no activated state,nan,nan
n4_4_D10,19.0,50.1,no activated state,nan,nan
n4_4_D10,19.0,53.1,no activated state,nan,nan
n4_4_D10,19.0,56.2,no activated state,nan,nan
n4_4_D10,19.0,59.6,no activated state,nan,nan
n4_4_D10,19.0,63.1,no activated state,nan,nan
n4_4_D10,19.0,66.8,no activated state,nan,nan
n4_4_D10,19.0,70.8,no activated state,nan,nan
n4_4_D10,19.0,75.0,no activated state,nan,nan
n4_4_D10,19.0,79.4,no activated state,nan,nan
n4_4_D10,19.0,84.1,no activated state,nan,nan
n4_4_D10,19.0,89.1,no activated state,nan,nan
n4_4_D10,19.0,94.4,no activated state,nan,nan
n4_4_D10,19.0,100.0,no activated state,nan,nan
n4_4_D10,20.0,1.0,linearly stable,0.00042496547324866185,0.00039995750345267527
n4_4_D10,20.0,1.06,linearly stable,0.0005299338199691306,0.0005049238810761966
n4_4_D10,20.0,1.12,linearly stable,0.0006543170584034641,0.0006293047859441029
n4_4_D10,20.0,1.19,linearly stable,0.0008269853577727027,0.0008019698453835956
n4_4_D10,20.0,1.26,linearly stable,0.001032948529826161,0.0010079291520335143
n4_4_D10,20.0,1.33,linearly stable,0.001276227496039617,0.0012512035514963297
n4_4_D10,20.0,1.41,linearly stable,0.0016054122237965096,0.0015803820981384234
n4_4_D10,20.0,1.5,linearly stable,0.0020490011513323303,0.002023962693167139
n4_4_D10,20.0,1.58,linearly stable,0.002516284272132019,0.002491237032380504
n4_4_D10,20.0,1.68,linearly stable,0.0032088807914276707,0.0031838205282500687
n4_4_D10,20.0,1.78,linearly stable,0.004036527089804842,0.004011451251912455
n4_4_D10,20.0,1.88,linearly stable,0.005015622116448348,0.004990527837198128
n4_4_D10,20.0,2.0,linearly stable,0.006414856894354504,0.006389736228969034
n4_4_D10,20.0,2.11,linearly stable,0.007937893339470925,0.007912743911291247
n4_4_D10,20.0,2.24,linearly stable,0.010070360227150132,0.010045170453152655
n4_4_D10,20.0,2.37,linearly stable,0.012605294932815259,0.012580057086048379
n4_4_D10,20.0,2.51,linearly stable,0.015838936616447086,0.01581363726884746
n4_4_D10,20.0,2.66,linearly stable,0.0199511403715249,0.019925762524687654
n4_4_D10,20.0,2.82,linearly stable,0.025162614055176835,0.025137136257488854
n4_4_D10,20.0,2.99,linearly stable,0.031742060291421126,0.03171645555549716
n4_4_D10,20.0,3.16,linearly stable,0.03951660992445705,0.039490854103704856
n4_4_D10,20.0,3.35,linearly stable,0.04977684748762545,0.04975089045204894
n4_4_D10,20.0,3.55,linearly stable,0.06256178808057866,0.0625355773740667
n4_4_D10,20.0,3.76,linearly stable,0.0784080675900185,0.07838153786300114
n4_4_D10,20.0,3.98,linearly stable,0.09793682501844136,0.09790989497255367
n4_4_D10,20.0,4.22,linearly stable,0.12298283293780354,0.12295537759879561
n4_4_D10,20.0,4.47,linearly stable,0.15359076024390594,0.15356264424518187
n4_4_D10,20.0,4.73,linearly stable,0.19070207878527246,0.1906731330114999
n4_4_D10,20.0,5.01,linearly stable,0.23709847752742208,0.23706844779762196
n4_4_D10,20.0,5.31,linearly stable,0.29461684226131046,0.29458539226396174
n4_4_D10,20.0,5.62,linearly stable,0.3628645476098695,0.36283129378867546
n4_4_D10,20.0,5.96,linearly stable,0.44819660213162216,0.448160893498399
n4_4_D10,20.0,6.31,linearly stable,0.547388853903997,0.5473499783153636
n4_4_D10,20.0,6.68,linearly stable,0.6642448544481603,0.6642017484715619
n4_4_D10,20.0,7.08,linearly stable,0.80327579613899,0.8032268177524066
n4_4_D10,20.0,7.5,linearly stable,0.9614676573327885,0.9614106240470476
n4_4_D10,20.0,7.94,linearly stable,1.137691467668796,1.1376232384109792
n4_4_D10,20.0,8.41,Turing,1.3338276009130654,1.3337431789788623
n4_4_D10,20.0,8.91,Turing,1.5464505870305545,1.546342260319851
n4_4_D10,20.0,9.44,Turing,1.7705793963200125,1.7704350040475791
n4_4_D10,20.0,10.0,Turing,2.000100015003751,1.9998999849962489
n4_4_D10,20.0,10.6,Turing,2.2321541927138817,2.231864600531325
n4_4_D10,20.0,11.2,Turing,2.445873842907594,2.4454475960673014
n4_4_D10,20.0,11.9,Turing,2.6692613497236426,2.668582393661657
n4_4_D10,20.0,12.6,Turing,2.8640993844845073,2.8630076953746495
n4_4_D10,20.0,13.3,uniform ON,3.031670904524155,3.0299087213966964
n4_4_D10,20.0,14.1,uniform ON,3.1929484870525844,3.189904686338114
n4_4_D10,20.0,15.0,uniform ON,3.3411288990218644,3.33553494870181
n4_4_D10,20.0,15.8,uniform ON,3.448220580896029,3.438696490917218
n4_4_D10,20.0,16.8,uniform ON,3.55590476950204,3.5376367420405237
n4_4_D10,20.0,17.8,uniform ON,3.6407670034312454,3.6062533193390363
n4_4_D10,20.0,18.8,uniform ON,3.7083058128663646,3.6438389318820996
n4_4_D10,20.0,20.0,uniform ON,3.772722717998816,3.6364365120189492
n4_4_D10,20.0,21.1,uniform ON,3.8213699533679804,3.5406608817606244
n4_4_D10,20.0,22.4,no activated state,nan,nan
n4_4_D10,20.0,23.7,no activated state,nan,nan
n4_4_D10,20.0,25.1,no activated state,nan,nan
n4_4_D10,20.0,26.6,no activated state,nan,nan
n4_4_D10,20.0,28.2,no activated state,nan,nan
n4_4_D10,20.0,29.9,no activated state,nan,nan
n4_4_D10,20.0,31.6,no activated state,nan,nan
n4_4_D10,20.0,33.5,no activated state,nan,nan
n4_4_D10,20.0,35.5,no activated state,nan,nan
n4_4_D10,20.0,37.6,no activated state,nan,nan
n4_4_D10,20.0,39.8,no activated state,nan,nan
n4_4_D10,20.0,42.2,no activated state,nan,nan
n4_4_D10,20.0,44.7,no activated state,nan,nan
n4_4_D10,20.0,47.3,no activated state,nan,nan
n4_4_D10,20.0,50.1,no activated state,nan,nan
n4_4_D10,20.0,53.1,no activated state,nan,nan
n4_4_D10,20.0,56.2,no activated state,nan,nan
n4_4_D10,20.0,59.6,no activated state,nan,nan
n4_4_D10,20.0,63.1,no activated state,nan,nan
n4_4_D10,20.0,66.8,no activated state,nan,nan
n4_4_D10,20.0,70.8,no activated state,nan,nan
n4_4_D10,20.0,75.0,no activated state,nan,nan
n4_4_D10,20.0,79.4,no activated state,nan,nan
n4_4_D10,20.0,84.1,no activated state,nan,nan
n4_4_D10,20.0,89.1,no activated state,nan,nan
n4_4_D10,20.0,94.4,no activated state,nan,nan
n4_4_D10,20.0,100.0,no activated state,nan,nan
n10_4_D10,2.5,1.0,linearly stable,0.017994696513417008,0.006771593912524692
n10_4_D10,2.5,1.06,linearly stable,0.022490691726085865,0.008568260073480308
n10_4_D10,2.5,1.12,linearly stable,0.02784513379993303,0.010707964084521217
n10_4_D10,2.5,1.19,linearly stable,0.03532714441220164,0.01369785317711408
n10_4_D10,2.5,1.26,linearly stable,0.044327710282351385,0.017294543582444748
n10_4_D10,2.5,1.33,linearly stable,0.05506763959176153,0.0215862539936256
n10_4_D10,2.5,1.41,linearly stable,0.06979276685730618,0.027470387050265367
n10_4_D10,2.5,1.5,linearly stable,0.08999956003445053,0.03554483926344282
n10_4_D10,2.5,1.58,linearly stable,0.11175969405922692,0.044239801959437906
n10_4_D10,2.5,1.68,linearly stable,0.14496516443138985,0.05750772606822313
n10_4_D10,2.5,1.78,linearly stable,0.18626610601661375,0.07400967693035074
n10_4_D10,2.5,1.88,linearly stable,0.23766704428601404,0.09454601005415585
n10_4_D10,2.5,2.0,linearly stable,0.3167001161839844,0.12611970925714475
n10_4_D10,2.5,2.11,linearly stable,0.4119150731489518,0.16415357585221263
n10_4_D10,2.5,2.24,linearly stable,0.5674473644061051,0.2262693732741043
n10_4_D10,2.5,2.37,linearly stable,0.8095165748749344,0.3229099969901467
n10_4_D10,2.5,2.51,Turing,1.556336278747018,0.6206119442209252
n10_4_D10,2.5,2.66,no activated state,nan,nan
n10_4_D10,2.5,2.82,no activated state,nan,nan
n10_4_D10,2.5,2.99,no activated state,nan,nan
n10_4_D10,2.5,3.16,no activated state,nan,nan
n10_4_D10,2.5,3.35,no activated state,nan,nan
n10_4_D10,2.5,3.55,no activated state,nan,nan
n10_4_D10,2.5,3.76,no activated state,nan,nan
n10_4_D10,2.5,3.98,no activated state,nan,nan
n10_4_D10,2.5,4.22,no activated state,nan,nan
n10_4_D10,2.5,4.47,no activated state,nan,nan
n10_4_D10,2.5,4.73,no activated state,nan,nan
n10_4_D10,2.5,5.01,no activated state,nan,nan
n10_4_D10,2.5,5.31,no activated state,nan,nan
n10_4_D10,2.5,5.62,no activated state,nan,nan
n10_4_D10,2.5,5.96,no activated state,nan,nan
n10_4_D10,2.5,6.31,no activated state,nan,nan
n10_4_D10,2.5,6.68,no activated state,nan,nan
n10_4_D10,2.5,7.08,no activated state,nan,nan
n10_4_D10,2.5,7.5,no activated state,nan,nan
n10_4_D10,2.5,7.94,no activated state,nan,nan
n10_4_D10,2.5,8.41,no activated state,nan,nan
n10_4_D10,2.5,8.91,no activated state,nan,nan
n10_4_D10,2.5,9.44,no activated state,nan,nan
n10_4_D10,2.5,10.0,no activated state,nan,nan
n10_4_D10,2.5,10.6,no activated state,nan,nan
n10_4_D10,2.5,11.2,no activated state,nan,nan
n10_4_D10,2.5,11.9,no activated state,nan,nan
n10_4_D10,2.5,12.6,no activated state,nan,nan
n10_4_D10,2.5,13.3,no activated state,nan,nan
n10_4_D10,2.5,14.1,no activated state,nan,nan
n10_4_D10,2.5,15.0,no activated state,nan,nan
n10_4_D10,2.5,15.8,no activated state,nan,nan
n10_4_D10,2.5,16.8,no activated state,nan,nan
n10_4_D10,2.5,17.8,no activated state,nan,nan
n10_4_D10,2.5,18.8,no activated state,nan,nan
n10_4_D10,2.5,20.0,no activated state,nan,nan
n10_4_D10,2.5,21.1,no activated state,nan,nan
n10_4_D10,2.5,22.4,no activated state,nan,nan
n10_4_D10,2.5,23.7,no activated state,nan,nan
n10_4_D10,2.5,25.1,no activated state,nan,nan
n10_4_D10,2.5,26.6,no activated state,nan,nan
n10_4_D10,2.5,28.2,no activated state,nan,nan
n10_4_D10,2.5,29.9,no activated state,nan,nan
n10_4_D10,2.5,31.6,no activated state,nan,nan
n10_4_D10,2.5,33.5,no activated state,nan,nan
n10_4_D10,2.5,35.5,no activated state,nan,nan
n10_4_D10,2.5,37.6,no activated state,nan,nan
n10_4_D10,2.5,39.8,no activated state,nan,nan
n10_4_D10,2.5,42.2,no activated state,nan,nan
n10_4_D10,2.5,44.7,no activated state,nan,nan
n10_4_D10,2.5,47.3,no activated state,nan,nan
n10_4_D10,2.5,50.1,no activated state,nan,nan
n10_4_D10,2.5,53.1,no activated state,nan,nan
n10_4_D10,2.5,56.2,no activated state,nan,nan
n10_4_D10,2.5,59.6,no activated state,nan,nan
n10_4_D10,2.5,63.1,no activated state,nan,nan
n10_4_D10,2.5,66.8,no activated state,nan,nan
n10_4_D10,2.5,70.8,no activated state,nan,nan
n10_4_D10,2.5,75.0,no activated state,nan,nan
n10_4_D10,2.5,79.4,no activated state,nan,nan
n10_4_D10,2.5,84.1,no activated state,nan,nan
n10_4_D10,2.5,89.1,no activated state,nan,nan
n10_4_D10,2.5,94.4,no activated state,nan,nan
n10_4_D10,2.5,100.0,no activated state,nan,nan
n10_4_D10,2.63,1.0,linearly stable,0.010798119073088808,0.004064138856206495
n10_4_D10,2.63,1.06,linearly stable,0.013483778688930803,0.005137784583563946
n10_4_D10,2.63,1.12,linearly stable,0.016675780710914134,0.006413848570695348
n10_4_D10,2.63,1.19,linearly stable,0.021124317768560497,0.008192232583861873
n10_4_D10,2.63,1.26,linearly stable,0.026457401894850463,0.010324224386016151
n10_4_D10,2.63,1.33,linearly stable,0.03279470911591198,0.012857662925145612
n10_4_D10,2.63,1.41,linearly stable,0.04143642257711022,0.016312308942337834
n10_4_D10,2.63,1.5,linearly stable,0.053205289433667646,0.021017049718896626
n10_4_D10,2.63,1.58,linearly stable,0.06576076588706958,0.026036209958029497
n10_4_D10,2.63,1.68,linearly stable,0.08467922652517612,0.03359895516217597
n10_4_D10,2.63,1.78,linearly stable,0.1077931272171917,0.04283872613505271
n10_4_D10,2.63,1.88,linearly stable,0.13589198938096958,0.054071048452882874
n10_4_D10,2.63,2.0,linearly stable,0.17758657688945245,0.0707377796844559
n10_4_D10,2.63,2.11,linearly stable,0.2252480722125383,0.08978909386587412
n10_4_D10,2.63,2.24,linearly stable,0.2965823971967563,0.11830169048253421
n10_4_D10,2.63,2.37,linearly stable,0.38986691564291687,0.15558540807839683
n10_4_D10,2.63,2.51,linearly stable,0.5267603317719194,0.21029296804595357
n10_4_D10,2.63,2.66,linearly stable,0.747273250383792,0.29840105309363896
n10_4_D10,2.63,2.82,Turing,1.2433990280707796,0.49652500337364436
n10_4_D10,2.63,2.99,no activated state,nan,nan
n10_4_D10,2.63,3.16,no activated state,nan,nan
n10_4_D10,2.63,3.35,no activated state,nan,nan
n10_4_D10,2.63,3.55,no activated state,nan,nan
n10_4_D10,2.63,3.76,no activated state,nan,nan
n10_4_D10,2.63,3.98,no activated state,nan,nan
n10_4_D10,2.63,4.22,no activated state,nan,nan
n10_4_D10,2.63,4.47,no activated state,nan,nan
n10_4_D10,2.63,4.73,no activated state,nan,nan
n10_4_D10,2.63,5.01,no activated state,nan,nan
n10_4_D10,2.63,5.31,no activated state,nan,nan
n10_4_D10,2.63,5.62,no activated state,nan,nan
n10_4_D10,2.63,5.96,no activated state,nan,nan
n10_4_D10,2.63,6.31,no activated state,nan,nan
n10_4_D10,2.63,6.68,no activated state,nan,nan
n10_4_D10,2.63,7.08,no activated state,nan,nan
n10_4_D10,2.63,7.5,no activated state,nan,nan
n10_4_D10,2.63,7.94,no activated state,nan,nan
n10_4_D10,2.63,8.41,no activated state,nan,nan
n10_4_D10,2.63,8.91,no activated state,nan,nan
n10_4_D10,2.63,9.44,no activated state,nan,nan
n10_4_D10,2.63,10.0,no activated state,nan,nan
n10_4_D10,2.63,10.6,no activated state,nan,nan
n10_4_D10,2.63,11.2,no activated state,nan,nan
n10_4_D10,2.63,11.9,no activated state,nan,nan
n10_4_D10,2.63,12.6,no activated state,nan,nan
n10_4_D10,2.63,13.3,no activated state,nan,nan
n10_4_D10,2.63,14.1,no activated state,nan,nan
n10_4_D10,2.63,15.0,no activated state,nan,nan
n10_4_D10,2.63,15.8,no activated state,nan,nan
n10_4_D10,2.63,16.8,no activated state,nan,nan
n10_4_D10,2.63,17.8,no activated state,nan,nan
n10_4_D10,2.63,18.8,no activated state,nan,nan
n10_4_D10,2.63,20.0,no activated state,nan,nan
n10_4_D10,2.63,21.1,no activated state,nan,nan
n10_4_D10,2.63,22.4,no activated state,nan,nan
n10_4_D10,2.63,23.7,no activated state,nan,nan
n10_4_D10,2.63,25.1,no activated state,nan,nan
n10_4_D10,2.63,26.6,no activated state,nan,nan
n10_4_D10,2.63,28.2,no activated state,nan,nan
n10_4_D10,2.63,29.9,no activated state,nan,nan
n10_4_D10,2.63,31.6,no activated state,nan,nan
n10_4_D10,2.63,33.5,no activated state,nan,nan
n10_4_D10,2.63,35.5,no activated state,nan,nan
n10_4_D10,2.63,37.6,no activated state,nan,nan
n10_4_D10,2.63,39.8,no activated state,nan,nan
n10_4_D10,2.63,42.2,no activated state,nan,nan
n10_4_D10,2.63,44.7,no activated state,nan,nan
n10_4_D10,2.63,47.3,no activated state,nan,nan
n10_4_D10,2.63,50.1,no activated state,nan,nan
n10_4_D10,2.63,53.1,no activated state,nan,nan
n10_4_D10,2.63,56.2,no activated state,nan,nan
n10_4_D10,2.63,59.6,no activated state,nan,nan
n10_4_D10,2.63,63.1,no activated state,nan,nan
n10_4_D10,2.63,66.8,no activated state,nan,nan
n10_4_D10,2.63,70.8,no activated state,nan,nan
n10_4_D10,2.63,75.0,no activated state,nan,nan
n10_4_D10,2.63,79.4,no activated state,nan,nan
n10_4_D10,2.63,84.1,no activated state,nan,nan
n10_4_D10,2.63,89.1,no activated state,nan,nan
n10_4_D10,2.63,94.4,no activated state,nan,nan
n10_4_D10,2.63,100.0,no activated state,nan,nan
n10_4_D10,2.77,1.0,linearly stable,0.006413720637002962,0.002414212264693917
n10_4_D10,2.77,1.06,linearly stable,0.00800451811864944,0.003050314361241683
n10_4_D10,2.77,1.12,linearly stable,0.00989295042208127,0.0038054293570269483
n10_4_D10,2.77,1.19,linearly stable,0.012520610905719654,0.004856133847557005
n10_4_D10,2.77,1.26,linearly stable,0.015664355196568502,0.006113199968478773
n10_4_D10,2.77,1.33,linearly stable,0.019390954397884297,0.0076033262717576135
n10_4_D10,2.77,1.41,linearly stable,0.024456599198543483,0.009628883266480917
n10_4_D10,2.77,1.5,linearly stable,0.03132535001846959,0.012375427472397352
n10_4_D10,2.77,1.58,linearly stable,0.038614728537841314,0.015290156975696825
n10_4_D10,2.77,1.68,linearly stable,0.04952240491683191,0.019651684333477155
n10_4_D10,2.77,1.78,linearly stable,0.06272336713022963,0.024930178807037004
n10_4_D10,2.77,1.88,linearly stable,0.07858174241756832,0.031271224502683
n10_4_D10,2.77,2.0,linearly stable,0.10172023286373899,0.0405231915799032
n10_4_D10,2.77,2.11,linearly stable,0.12757704625354527,0.050861988928157555
n10_4_D10,2.77,2.24,linearly stable,0.16504538468635754,0.06584344657159634
n10_4_D10,2.77,2.37,linearly stable,0.21169708698152268,0.084496489022279
n10_4_D10,2.77,2.51,linearly stable,0.2750002367224469,0.10980678398346547
n10_4_D10,2.77,2.66,linearly stable,0.36285691657255814,0.14493300428022363
n10_4_D10,2.77,2.82,linearly stable,0.48961174851030465,0.19560839159241133
n10_4_D10,2.77,2.99,linearly stable,0.6871342258595048,0.2745682520683118
n10_4_D10,2.77,3.16,linearly stable,1.0395397685615604,0.4154119929185309
n10_4_D10,2.77,3.35,no activated state,nan,nan
n10_4_D10,2.77,3.55,no activated state,nan,nan
n10_4_D10,2.77,3.76,no activated state,nan,nan
n10_4_D10,2.77,3.98,no activated state,nan,nan
n10_4_D10,2.77,4.22,no activated state,nan,nan
n10_4_D10,2.77,4.47,no activated state,nan,nan
n10_4_D10,2.77,4.73,no activated state,nan,nan
n10_4_D10,2.77,5.01,no activated state,nan,nan
n10_4_D10,2.77,5.31,no activated state,nan,nan
n10_4_D10,2.77,5.62,no activated state,nan,nan
n10_4_D10,2.77,5.96,no activated state,nan,nan
n10_4_D10,2.77,6.31,no activated state,nan,nan
n10_4_D10,2.77,6.68,no activated state,nan,nan
n10_4_D10,2.77,7.08,no activated state,nan,nan
n10_4_D10,2.77,7.5,no activated state,nan,nan
n10_4_D10,2.77,7.94,no activated state,nan,nan
n10_4_D10,2.77,8.41,no activated state,nan,nan
n10_4_D10,2.77,8.91,no activated state,nan,nan
n10_4_D10,2.77,9.44,no activated state,nan,nan
n10_4_D10,2.77,10.0,no activated state,nan,nan
n10_4_D10,2.77,10.6,no activated state,nan,nan
n10_4_D10,2.77,11.2,no activated state,nan,nan
n10_4_D10,2.77,11.9,no activated state,nan,nan
n10_4_D10,2.77,12.6,no activated state,nan,nan
n10_4_D10,2.77,13.3,no activated state,nan,nan
n10_4_D10,2.77,14.1,no activated state,nan,nan
n10_4_D10,2.77,15.0,no activated state,nan,nan
n10_4_D10,2.77,15.8,no activated state,nan,nan
n10_4_D10,2.77,16.8,no activated state,nan,nan
n10_4_D10,2.77,17.8,no activated state,nan,nan
n10_4_D10,2.77,18.8,no activated state,nan,nan
n10_4_D10,2.77,20.0,no activated state,nan,nan
n10_4_D10,2.77,21.1,no activated state,nan,nan
n10_4_D10,2.77,22.4,no activated state,nan,nan
n10_4_D10,2.77,23.7,no activated state,nan,nan
n10_4_D10,2.77,25.1,no activated state,nan,nan
n10_4_D10,2.77,26.6,no activated state,nan,nan
n10_4_D10,2.77,28.2,no activated state,nan,nan
n10_4_D10,2.77,29.9,no activated state,nan,nan
n10_4_D10,2.77,31.6,no activated state,nan,nan
n10_4_D10,2.77,33.5,no activated state,nan,nan
n10_4_D10,2.77,35.5,no activated state,nan,nan
n10_4_D10,2.77,37.6,no activated state,nan,nan
n10_4_D10,2.77,39.8,no activated state,nan,nan
n10_4_D10,2.77,42.2,no activated state,nan,nan
n10_4_D10,2.77,44.7,no activated state,nan,nan
n10_4_D10,2.77,47.3,no activated state,nan,nan
n10_4_D10,2.77,50.1,no activated state,nan,nan
n10_4_D10,2.77,53.1,no activated state,nan,nan
n10_4_D10,2.77,56.2,no activated state,nan,nan
n10_4_D10,2.77,59.6,no activated state,nan,nan
n10_4_D10,2.77,63.1,no activated state,nan,nan
n10_4_D10,2.77,66.8,no activated state,nan,nan
n10_4_D10,2.77,70.8,no activated state,nan,nan
n10_4_D10,2.77,75.0,no activated state,nan,nan
n10_4_D10,2.77,79.4,no activated state,nan,nan
n10_4_D10,2.77,84.1,no activated state,nan,nan
n10_4_D10,2.77,89.1,no activated state,nan,nan
n10_4_D10,2.77,94.4,no activated state,nan,nan
n10_4_D10,2.77,100.0,no activated state,nan,nan
n10_4_D10,2.92,1.0,linearly stable,0.0037798974443647992,0.0014228935442792555
n10_4_D10,2.92,1.06,linearly stable,0.004715880201282552,0.0017972115561869831
n10_4_D10,2.92,1.12,linearly stable,0.00582618317798822,0.002241243579634171
n10_4_D10,2.92,1.19,linearly stable,0.007369667463168472,0.0028585131734584416
n10_4_D10,2.92,1.26,linearly stable,0.009214080780973744,0.003596129929284287
n10_4_D10,2.92,1.33,linearly stable,0.011397313300749445,0.004469246718455451
n10_4_D10,2.92,1.41,linearly stable,0.014359551157343553,0.005653902148569107
n10_4_D10,2.92,1.5,linearly stable,0.018366069878098523,0.007256184284795335
n10_4_D10,2.92,1.58,linearly stable,0.022605130015689312,0.008951462679269754
n10_4_D10,2.92,1.68,linearly stable,0.02892357032879267,0.01147832085380815
n10_4_D10,2.92,1.78,linearly stable,0.036530327357270354,0.014520395735344803
n10_4_D10,2.92,1.88,linearly stable,0.045609664477389567,0.018151374790188
n10_4_D10,2.92,2.0,linearly stable,0.058740529409218034,0.023402615439264318
n10_4_D10,2.92,2.11,linearly stable,0.07324758927757857,0.02920420112194144
n10_4_D10,2.92,2.24,linearly stable,0.09395053522867292,0.037483580739017176
n10_4_D10,2.92,2.37,linearly stable,0.1191853166514778,0.04757524933982533
n10_4_D10,2.92,2.51,linearly stable,0.1524289012255997,0.060869638158382346
n10_4_D10,2.92,2.66,linearly stable,0.19656854245847288,0.07852128936307358
n10_4_D10,2.92,2.82,linearly stable,0.25588968620513963,0.10224378838448601
n10_4_D10,2.92,2.99,linearly stable,0.3371652737498554,0.13474524729466153
n10_4_D10,2.92,3.16,linearly stable,0.4448033968846099,0.1777876761700321
n10_4_D10,2.92,3.35,linearly stable,0.6143725135341627,0.24559194683663713
n10_4_D10,2.92,3.55,linearly stable,0.9083005971924318,0.3631111042903708
n10_4_D10,2.92,3.76,no activated state,nan,nan
n10_4_D10,2.92,3.98,no activated state,nan,nan
n10_4_D10,2.92,4.22,no activated state,nan,nan
n10_4_D10,2.92,4.47,no activated state,nan,nan
n10_4_D10,2.92,4.73,no activated state,nan,nan
n10_4_D10,2.92,5.01,no activated state,nan,nan
n10_4_D10,2.92,5.31,no activated state,nan,nan
n10_4_D10,2.92,5.62,no activated state,nan,nan
n10_4_D10,2.92,5.96,no activated state,nan,nan
n10_4_D10,2.92,6.31,no activated state,nan,nan
n10_4_D10,2.92,6.68,no activated state,nan,nan
n10_4_D10,2.92,7.08,no activated state,nan,nan
n10_4_D10,2.92,7.5,no activated state,nan,nan
n10_4_D10,2.92,7.94,no activated state,nan,nan
n10_4_D10,2.92,8.41,no activated state,nan,nan
n10_4_D10,2.92,8.91,no activated state,nan,nan
n10_4_D10,2.92,9.44,no activated state,nan,nan
n10_4_D10,2.92,10.0,no activated state,nan,nan
n10_4_D10,2.92,10.6,no activated state,nan,nan
n10_4_D10,2.92,11.2,no activated state,nan,nan
n10_4_D10,2.92,11.9,no activated state,nan,nan
n10_4_D10,2.92,12.6,no activated state,nan,nan
n10_4_D10,2.92,13.3,no activated state,nan,nan
n10_4_D10,2.92,14.1,no activated state,nan,nan
n10_4_D10,2.92,15.0,no activated state,nan,nan
n10_4_D10,2.92,15.8,no activated state,nan,nan
n10_4_D10,2.92,16.8,no activated state,nan,nan
n10_4_D10,2.92,17.8,no activated state,nan,nan
n10_4_D10,2.92,18.8,no activated state,nan,nan
n10_4_D10,2.92,20.0,no activated state,nan,nan
n10_4_D10,2.92,21.1,no activated state,nan,nan
n10_4_D10,2.92,22.4,no activated state,nan,nan
n10_4_D10,2.92,23.7,no activated state,nan,nan
n10_4_D10,2.92,25.1,no activated state,nan,nan
n10_4_D10,2.92,26.6,no activated state,nan,nan
n10_4_D10,2.92,28.2,no activated state,nan,nan
n10_4_D10,2.92,29.9,no activated state,nan,nan
n10_4_D10,2.92,31.6,no activated state,nan,nan
n10_4_D10,2.92,33.5,no activated state,nan,nan
n10_4_D10,2.92,35.5,no activated state,nan,nan
n10_4_D10,2.92,37.6,no activated state,nan,nan
n10_4_D10,2.92,39.8,no activated state,nan,nan
n10_4_D10,2.92,42.2,no activated state,nan,nan
n10_4_D10,2.92,44.7,no activated state,nan,nan
n10_4_D10,2.92,47.3,no activated state,nan,nan
n10_4_D10,2.92,50.1,no activated state,nan,nan
n10_4_D10,2.92,53.1,no activated state,nan,nan
n10_4_D10,2.92,56.2,no activated state,nan,nan
n10_4_D10,2.92,59.6,no activated state,nan,nan
n10_4_D10,2.92,63.1,no activated state,nan,nan
n10_4_D10,2.92,66.8,no activated state,nan,nan
n10_4_D10,2.92,70.8,no activated state,nan,nan
n10_4_D10,2.92,75.0,no activated state,nan,nan
n10_4_D10,2.92,79.4,no activated state,nan,nan
n10_4_D10,2.92,84.1,no activated state,nan,nan
n10_4_D10,2.92,89.1,no activated state,nan,nan
n10_4_D10,2.92,94.4,no activated state,nan,nan
n10_4_D10,2.92,100.0,no activated state,nan,nan
n10_4_D10,3.08,1.0,linearly stable,0.0022153661747870146,0.0008339767108018424
n10_4_D10,3.08,1.06,linearly stable,0.002763401260489351,0.0010531650005527406
n10_4_D10,3.08,1.12,linearly stable,0.003413227422580656,0.0013130649208218986
n10_4_D10,3.08,1.19,linearly stable,0.004316082100122021,0.0016741643208931327
n10_4_D10,3.08,1.26,linearly stable,0.005394201533166498,0.0021053613283026434
n10_4_D10,3.08,1.33,linearly stable,0.006669297277693831,0.0026153395144823052
n10_4_D10,3.08,1.41,linearly stable,0.008397497496226425,0.003306538007111694
n10_4_D10,3.08,1.5,linearly stable,0.01073151539613737,0.0042400347451229635
n10_4_D10,3.08,1.58,linearly stable,0.01319669886207353,0.005225991223624021
n10_4_D10,3.08,1.68,linearly stable,0.016862881907472316,0.006692290043577253
n10_4_D10,3.08,1.78,linearly stable,0.021263438473390073,0.008452302490491215
n10_4_D10,3.08,1.88,linearly stable,0.0264969635919865,0.01054546136453284
n10_4_D10,3.08,2.0,linearly stable,0.03402914941450175,0.0135579718786201
n10_4_D10,3.08,2.11,linearly stable,0.04229976949082448,0.01686581724672738
n10_4_D10,3.08,2.24,linearly stable,0.0540088456195964,0.021548871881364017
n10_4_D10,3.08,2.37,linearly stable,0.06812934605335386,0.027196368573289883
n10_4_D10,3.08,2.51,linearly stable,0.08647168213706924,0.034532374129374765
n10_4_D10,3.08,2.66,linearly stable,0.1103577581751114,0.0440855688691743
n10_4_D10,3.08,2.82,linearly stable,0.1415887543189076,0.05657630598832807
n10_4_D10,3.08,2.99,linearly stable,0.18268337631319076,0.07301188697460234
n10_4_D10,3.08,3.16,linearly stable,0.23391483069407304,0.0935015052256474
n10_4_D10,3.08,3.35,linearly stable,0.30666983863719466,0.12259902330830356
n10_4_D10,3.08,3.55,linearly stable,0.40743016137790744,0.16289635719179482
n10_4_D10,3.08,3.76,linearly stable,0.5536125752965493,0.22135810184666327
n10_4_D10,3.08,3.98,linearly stable,0.7879981990330021,0.31509029462072624
n10_4_D10,3.08,4.22,Turing,1.4256886998725105,0.5700676253667498
n10_4_D10,3.08,4.47,no activated state,nan,nan
n10_4_D10,3.08,4.73,no activated state,nan,nan
n10_4_D10,3.08,5.01,no activated state,nan,nan
n10_4_D10,3.08,5.31,no activated state,nan,nan
n10_4_D10,3.08,5.62,no activated state,nan,nan
n10_4_D10,3.08,5.96,no activated state,nan,nan
n10_4_D10,3.08,6.31,no activated state,nan,nan
n10_4_D10,3.08,6.68,no activated state,nan,nan
n10_4_D10,3.08,7.08,no activated state,nan,nan
n10_4_D10,3.08,7.5,no activated state,nan,nan
n10_4_D10,3.08,7.94,no activated state,nan,nan
n10_4_D10,3.08,8.41,no activated state,nan,nan
n10_4_D10,3.08,8.91,no activated state,nan,nan
n10_4_D10,3.08,9.44,no activated state,nan,nan
n10_4_D10,3.08,10.0,no activated state,nan,nan
n10_4_D10,3.08,10.6,no activated state,nan,nan
n10_4_D10,3.08,11.2,no activated state,nan,nan
n10_4_D10,3.08,11.9,no activated state,nan,nan
n10_4_D10,3.08,12.6,no activated state,nan,nan
n10_4_D10,3.08,13.3,no activated state,nan,nan
n10_4_D10,3.08,14.1,no activated state,nan,nan
n10_4_D10,3.08,15.0,no activated state,nan,nan
n10_4_D10,3.08,15.8,no activated state,nan,nan
n10_4_D10,3.08,16.8,no activated state,nan,nan
n10_4_D10,3.08,17.8,no activated state,nan,nan
n10_4_D10,3.08,18.8,no activated state,nan,nan
n10_4_D10,3.08,20.0,no activated state,nan,nan
n10_4_D10,3.08,21.1,no activated state,nan,nan
n10_4_D10,3.08,22.4,no activated state,nan,nan
n10_4_D10,3.08,23.7,no activated state,nan,nan
n10_4_D10,3.08,25.1,no activated state,nan,nan
n10_4_D10,3.08,26.6,no activated state,nan,nan
n10_4_D10,3.08,28.2,no activated state,nan,nan
n10_4_D10,3.08,29.9,no activated state,nan,nan
n10_4_D10,3.08,31.6,no activated state,nan,nan
n10_4_D10,3.08,33.5,no activated state,nan,nan
n10_4_D10,3.08,35.5,no activated state,nan,nan
n10_4_D10,3.08,37.6,no activated state,nan,nan
n10_4_D10,3.08,39.8,no activated state,nan,nan
n10_4_D10,3.08,42.2,no activated state,nan,nan
n10_4_D10,3.08,44.7,no activated state,nan,nan
n10_4_D10,3.08,47.3,no activated state,nan,nan
n10_4_D10,3.08,50.1,no activated state,nan,nan
n10_4_D10,3.08,53.1,no activated state,nan,nan
n10_4_D10,3.08,56.2,no activated state,nan,nan
n10_4_D10,3.08,59.6,no activated state,nan,nan
n10_4_D10,3.08,63.1,no activated state,nan,nan
n10_4_D10,3.08,66.8,no activated state,nan,nan
n10_4_D10,3.08,70.8,no activated state,nan,nan
n10_4_D10,3.08,75.0,no activated state,nan,nan
n10_4_D10,3.08,79.4,no activated state,nan,nan
n10_4_D10,3.08,84.1,no activated state,nan,nan
n10_4_D10,3.08,89.1,no activated state,nan,nan
n10_4_D10,3.08,94.4,no activated state,nan,nan
n10_4_D10,3.08,100.0,no activated state,nan,nan
n10_4_D10,3.24,1.0,linearly stable,0.0013344498322442888,0.000502365334373464
n10_4_D10,3.24,1.06,linearly stable,0.0016643830998430698,0.00063432931037955
n10_4_D10,3.24,1.12,linearly stable,0.0020555041607250857,0.0007907666692221417
n10_4_D10,3.24,1.19,linearly stable,0.002598751094539109,0.0010080500661419983
n10_4_D10,3.24,1.26,linearly stable,0.003247197991705919,0.0012674104597762239
n10_4_D10,3.24,1.33,linearly stable,0.004013757498518844,0.001574012536727229
n10_4_D10,3.24,1.41,linearly stable,0.005052088318149295,0.0019893154097005094
n10_4_D10,3.24,1.5,linearly stable,0.006453260601808619,0.0025497445268321886
n10_4_D10,3.24,1.58,linearly stable,0.007931745320828298,0.0031410963617218932
n10_4_D10,3.24,1.68,linearly stable,0.010127802217484438,0.004019456542707708
n10_4_D10,3.24,1.78,linearly stable,0.012759438782919963,0.005072035997731427
n10_4_D10,3.24,1.88,linearly stable,0.015883061641926988,0.006321395659416253
n10_4_D10,3.24,2.0,linearly stable,0.020366855143834073,0.008114784123311371
n10_4_D10,3.24,2.11,linearly stable,0.025274117531954854,0.01007754729878033
n10_4_D10,3.24,2.24,linearly stable,0.03219248462127511,0.012844693061564756
n10_4_D10,3.24,2.37,linearly stable,0.04048992069221491,0.016163424488289127
n10_4_D10,3.24,2.51,linearly stable,0.051192593942320785,0.02044417734106901
n10_4_D10,3.24,2.66,linearly stable,0.06499997809619518,0.02596671769622937
n10_4_D10,3.24,2.82,linearly stable,0.0828266888389706,0.03309685980595436
n10_4_D10,3.24,2.99,linearly stable,0.10588233669791003,0.04231840311490359
n10_4_D10,3.24,3.16,linearly stable,0.13396526975928302,0.053550681576475974
n10_4_D10,3.24,3.35,linearly stable,0.1725329823109245,0.068976495504169
n10_4_D10,3.24,3.55,linearly stable,0.2232536510959815,0.08926301358880957
n10_4_D10,3.24,3.76,linearly stable,0.29084916071491995,0.11629874023140345
n10_4_D10,3.24,3.98,linearly stable,0.38292486418345595,0.15312535717903916
n10_4_D10,3.24,4.22,linearly stable,0.5199680100798043,0.2079364673965168
n10_4_D10,3.24,4.47,linearly stable,0.7335374715385168,0.29335270352139947
n10_4_D10,3.24,4.73,Turing,1.1717149369694257,0.4685896533941516
n10_4_D10,3.24,5.01,no activated state,nan,nan
n10_4_D10,3.24,5.31,no activated state,nan,nan
n10_4_D10,3.24,5.62,no activated state,nan,nan
n10_4_D10,3.24,5.96,no activated state,nan,nan
n10_4_D10,3.24,6.31,no activated state,nan,nan
n10_4_D10,3.24,6.68,no activated state,nan,nan
n10_4_D10,3.24,7.08,no activated state,nan,nan
n10_4_D10,3.24,7.5,no activated state,nan,nan
n10_4_D10,3.24,7.94,no activated state,nan,nan
n10_4_D10,3.24,8.41,no activated state,nan,nan
n10_4_D10,3.24,8.91,no activated state,nan,nan
n10_4_D10,3.24,9.44,no activated state,nan,nan
n10_4_D10,3.24,10.0,no activated state,nan,nan
n10_4_D10,3.24,10.6,no activated state,nan,nan
n10_4_D10,3.24,11.2,no activated state,nan,nan
n10_4_D10,3.24,11.9,no activated state,nan,nan
n10_4_D10,3.24,12.6,no activated state,nan,nan
n10_4_D10,3.24,13.3,no activated state,nan,nan
n10_4_D10,3.24,14.1,no activated state,nan,nan
n10_4_D10,3.24,15.0,no activated state,nan,nan
n10_4_D10,3.24,15.8,no activated state,nan,nan
n10_4_D10,3.24,16.8,no activated state,nan,nan
n10_4_D10,3.24,17.8,no activated state,nan,nan
n10_4_D10,3.24,18.8,no activated state,nan,nan
n10_4_D10,3.24,20.0,no activated state,nan,nan
n10_4_D10,3.24,21.1,no activated state,nan,nan
n10_4_D10,3.24,22.4,no activated state,nan,nan
n10_4_D10,3.24,23.7,no activated state,nan,nan
n10_4_D10,3.24,25.1,no activated state,nan,nan
n10_4_D10,3.24,26.6,no activated state,nan,nan
n10_4_D10,3.24,28.2,no activated state,nan,nan
n10_4_D10,3.24,29.9,no activated state,nan,nan
n10_4_D10,3.24,31.6,no activated state,nan,nan
n10_4_D10,3.24,33.5,no activated state,nan,nan
n10_4_D10,3.24,35.5,no activated state,nan,nan
n10_4_D10,3.24,37.6,no activated state,nan,nan
n10_4_D10,3.24,39.8,no activated state,nan,nan
n10_4_D10,3.24,42.2,no activated state,nan,nan
n10_4_D10,3.24,44.7,no activated state,nan,nan
n10_4_D10,3.24,47.3,no activated state,nan,nan
n10_4_D10,3.24,50.1,no activated state,nan,nan
n10_4_D10,3.24,53.1,no activated state,nan,nan
n10_4_D10,3.24,56.2,no activated state,nan,nan
n10_4_D10,3.24,59.6,no activated state,nan,nan
n10_4_D10,3.24,63.1,no activated state,nan,nan
n10_4_D10,3.24,66.8,no activated state,nan,nan
n10_4_D10,3.24,70.8,no activated state,nan,nan
n10_4_D10,3.24,75.0,no activated state,nan,nan
n10_4_D10,3.24,79.4,no activated state,nan,nan
n10_4_D10,3.24,84.1,no activated state,nan,nan
n10_4_D10,3.24,89.1,no activated state,nan,nan
n10_4_D10,3.24,94.4,no activated state,nan,nan
n10_4_D10,3.24,100.0,no activated state,nan,nan
n10_4_D10,3.42,1.0,linearly stable,0.000776898904737422,0.00029247424020580244
n10_4_D10,3.42,1.06,linearly stable,0.000968914817056632,0.00036927744461892826
n10_4_D10,3.42,1.12,linearly stable,0.0011965067066599389,0.0004603104535917781
n10_4_D10,3.42,1.19,linearly stable,0.0015125582391650738,0.0005867258619902884
n10_4_D10,3.42,1.26,linearly stable,0.0018897190859634705,0.0007375839876302743
n10_4_D10,3.42,1.33,linearly stable,0.0023354463580393947,0.0009158675508446249
n10_4_D10,3.42,1.41,linearly stable,0.0029389703786208976,0.001157267207738813
n10_4_D10,3.42,1.5,linearly stable,0.0037529765552823946,0.0014828562469647907
n10_4_D10,3.42,1.58,linearly stable,0.004611376648999688,0.0018262021086411725
n10_4_D10,3.42,1.68,linearly stable,0.005885407392280939,0.0023357933438707627
n10_4_D10,3.42,1.78,linearly stable,0.007410579544755436,0.0029458369556097743
n10_4_D10,3.42,1.88,linearly stable,0.00921867472344351,0.0036690450440699934
n10_4_D10,3.42,2.0,linearly stable,0.011809895940962933,0.004705490467038386
n10_4_D10,3.42,2.11,linearly stable,0.014640146486589733,0.005837543520940815
n10_4_D10,3.42,2.24,linearly stable,0.018620139078967535,0.0074294740072253776
n10_4_D10,3.42,2.37,linearly stable,0.02337772385303194,0.00933242801483564
n10_4_D10,3.42,2.51,linearly stable,0.02948887021705593,0.011776783365147484
n10_4_D10,3.42,2.66,linearly stable,0.03732989044206714,0.014913058118653094
n10_4_D10,3.42,2.82,linearly stable,0.04738116290762928,0.01893339464091851
n10_4_D10,3.42,2.99,linearly stable,0.06025816937797801,0.024083973719345925
n10_4_D10,3.42,3.16,linearly stable,0.07575302293755026,0.030281642327638338
n10_4_D10,3.42,3.35,linearly stable,0.09668501978883359,0.0386540656910517
n10_4_D10,3.42,3.55,linearly stable,0.12358181348939956,0.0494122890286212
n10_4_D10,3.42,3.76,linearly stable,0.15826968156737342,0.06328677878016145
n10_4_D10,3.42,3.98,linearly stable,0.2032854850988186,0.08129221165207641
n10_4_D10,3.42,4.22,linearly stable,0.2651966996201327,0.10605540674434878
n10_4_D10,3.42,4.47,linearly stable,0.3484906999041182,0.13937113552966235
n10_4_D10,3.42,4.73,linearly stable,0.4640280496521254,0.1855831968854008
n10_4_D10,3.42,5.01,linearly stable,0.6415856508474371,0.25660107253612674
n10_4_D10,3.42,5.31,linearly stable,0.9655733520372289,0.3861837692895146
n10_4_D10,3.42,5.62,no activated state,nan,nan
n10_4_D10,3.42,5.96,no activated state,nan,nan
n10_4_D10,3.42,6.31,no activated state,nan,nan
n10_4_D10,3.42,6.68,no activated state,nan,nan
n10_4_D10,3.42,7.08,no activated state,nan,nan
n10_4_D10,3.42,7.5,no activated state,nan,nan
n10_4_D10,3.42,7.94,no activated state,nan,nan
n10_4_D10,3.42,8.41,no activated state,nan,nan
n10_4_D10,3.42,8.91,no activated state,nan,nan
n10_4_D10,3.42,9.44,no activated state,nan,nan
n10_4_D10,3.42,10.0,no activated state,nan,nan
n10_4_D10,3.42,10.6,no activated state,nan,nan
n10_4_D10,3.42,11.2,no activated state,nan,nan
n10_4_D10,3.42,11.9,no activated state,nan,nan
n10_4_D10,3.42,12.6,no activated state,nan,nan
n10_4_D10,3.42,13.3,no activated state,nan,nan
n10_4_D10,3.42,14.1,no activated state,nan,nan
n10_4_D10,3.42,15.0,no activated state,nan,nan
n10_4_D10,3.42,15.8,no activated state,nan,nan
n10_4_D10,3.42,16.8,no activated state,nan,nan
n10_4_D10,3.42,17.8,no activated state,nan,nan
n10_4_D10,3.42,18.8,no activated state,nan,nan
n10_4_D10,3.42,20.0,no activated state,nan,nan
n10_4_D10,3.42,21.1,no activated state,nan,nan
n10_4_D10,3.42,22.4,no activated state,nan,nan
n10_4_D10,3.42,23.7,no activated state,nan,nan
n10_4_D10,3.42,25.1,no activated state,nan,nan
n10_4_D10,3.42,26.6,no activated state,nan,nan
n10_4_D10,3.42,28.2,no activated state,nan,nan
n10_4_D10,3.42,29.9,no activated state,nan,nan
n10_4_D10,3.42,31.6,no activated state,nan,nan
n10_4_D10,3.42,33.5,no activated state,nan,nan
n10_4_D10,3.42,35.5,no activated state,nan,nan
n10_4_D10,3.42,37.6,no activated state,nan,nan
n10_4_D10,3.42,39.8,no activated state,nan,nan
n10_4_D10,3.42,42.2,no activated state,nan,nan
n10_4_D10,3.42,44.7,no activated state,nan,nan
n10_4_D10,3.42,47.3,no activated state,nan,nan
n10_4_D10,3.42,50.1,no activated state,nan,nan
n10_4_D10,3.42,53.1,no activated state,nan,nan
n10_4_D10,3.42,56.2,no activated state,nan,nan
n10_4_D10,3.42,59.6,no activated state,nan,nan
n10_4_D10,3.42,63.1,no activated state,nan,nan
n10_4_D10,3.42,66.8,no activated state,nan,nan
n10_4_D10,3.42,70.8,no activated state,nan,nan
n10_4_D10,3.42,75.0,no activated state,nan,nan
n10_4_D10,3.42,79.4,no activated state,nan,nan
n10_4_D10,3.42,84.1,no activated state,nan,nan
n10_4_D10,3.42,89.1,no activated state,nan,nan
n10_4_D10,3.42,94.4,no activated state,nan,nan
n10_4_D10,3.42,100.0,no activated state,nan,nan
n10_4_D10,3.6,1.0,linearly stable,0.0004650821381591008,0.00017508782990279057
n10_4_D10,3.6,1.06,linearly stable,0.0005800080291895604,0.00022105705411693558
n10_4_D10,3.6,1.12,linearly stable,0.0007162154699491552,0.00027553868839815904
n10_4_D10,3.6,1.19,linearly stable,0.0009053428942618069,0.0003511877943880141
n10_4_D10,3.6,1.26,linearly stable,0.0011310071062287097,0.00044145125493121604
n10_4_D10,3.6,1.33,linearly stable,0.001397652091563728,0.0005481066202504837
n10_4_D10,3.6,1.41,linearly stable,0.0017586187366736006,0.000692489718458202
n10_4_D10,3.6,1.5,linearly stable,0.0022453354193863184,0.0008871715895309861
n10_4_D10,3.6,1.58,linearly stable,0.00275842344212629,0.0010924017338999519
n10_4_D10,3.6,1.68,linearly stable,0.0035196170255324954,0.001396871648677523
n10_4_D10,3.6,1.78,linearly stable,0.004430344319423796,0.001761153563124257
n10_4_D10,3.6,1.88,linearly stable,0.005509285099123407,0.002192719198378993
n10_4_D10,3.6,2.0,linearly stable,0.00705415866704695,0.00281065331821779
n10_4_D10,3.6,2.11,linearly stable,0.008739678652567306,0.0034848445844879207
n10_4_D10,3.6,2.24,linearly stable,0.011106615762720429,0.004431595890198768
n10_4_D10,3.6,2.37,linearly stable,0.013930920730554908,0.005561289717538145
n10_4_D10,3.6,2.51,linearly stable,0.01755061815838066,0.0070091324817518905
n10_4_D10,3.6,2.66,linearly stable,0.022181462679065067,0.008861423777018929
n10_4_D10,3.6,2.82,linearly stable,0.02809536473030283,0.011226924882500223
n10_4_D10,3.6,2.99,linearly stable,0.03563493183741273,0.014242675079961579
n10_4_D10,3.6,3.16,linearly stable,0.04465170613601854,0.01784929237228146
n10_4_D10,3.6,3.35,linearly stable,0.05673479797865921,0.022682403930677556
n10_4_D10,3.6,3.55,linearly stable,0.07209346064997568,0.028825707674514107
n10_4_D10,3.6,3.76,linearly stable,0.09161638833537378,0.036634670047165675
n10_4_D10,3.6,3.98,linearly stable,0.11646034399628524,0.04657198071091153
n10_4_D10,3.6,4.22,linearly stable,0.14968753787139133,0.059862484171905726
n10_4_D10,3.6,4.47,linearly stable,0.19258663608162863,0.0770216214246989
n10_4_D10,3.6,4.73,linearly stable,0.2484449138816358,0.09936424504823775
n10_4_D10,3.6,5.01,linearly stable,0.325321119890708,0.13011371445540346
n10_4_D10,3.6,5.31,linearly stable,0.43448145962285745,0.17377626617247807
n10_4_D10,3.6,5.62,linearly stable,0.5925308399334062,0.23699337853056573
n10_4_D10,3.6,5.96,linearly stable,0.8709110139536325,0.3483395634977885
n10_4_D10,3.6,6.31,no activated state,nan,nan
n10_4_D10,3.6,6.68,no activated state,nan,nan
n10_4_D10,3.6,7.08,no activated state,nan,nan
n10_4_D10,3.6,7.5,no activated state,nan,nan
n10_4_D10,3.6,7.94,no activated state,nan,nan
n10_4_D10,3.6,8.41,no activated state,nan,nan
n10_4_D10,3.6,8.91,no activated state,nan,nan
n10_4_D10,3.6,9.44,no activated state,nan,nan
n10_4_D10,3.6,10.0,no activated state,nan,nan
n10_4_D10,3.6,10.6,no activated state,nan,nan
n10_4_D10,3.6,11.2,no activated state,nan,nan
n10_4_D10,3.6,11.9,no activated state,nan,nan
n10_4_D10,3.6,12.6,no activated state,nan,nan
n10_4_D10,3.6,13.3,no activated state,nan,nan
n10_4_D10,3.6,14.1,no activated state,nan,nan
n10_4_D10,3.6,15.0,no activated state,nan,nan
n10_4_D10,3.6,15.8,no activated state,nan,nan
n10_4_D10,3.6,16.8,no activated state,nan,nan
n10_4_D10,3.6,17.8,no activated state,nan,nan
n10_4_D10,3.6,18.8,no activated state,nan,nan
n10_4_D10,3.6,20.0,no activated state,nan,nan
n10_4_D10,3.6,21.1,no activated state,nan,nan
n10_4_D10,3.6,22.4,no activated state,nan,nan
n10_4_D10,3.6,23.7,no activated state,nan,nan
n10_4_D10,3.6,25.1,no activated state,nan,nan
n10_4_D10,3.6,26.6,no activated state,nan,nan
n10_4_D10,3.6,28.2,no activated state,nan,nan
n10_4_D10,3.6,29.9,no activated state,nan,nan
n10_4_D10,3.6,31.6,no activated state,nan,nan
n10_4_D10,3.6,33.5,no activated state,nan,nan
n10_4_D10,3.6,35.5,no activated state,nan,nan
n10_4_D10,3.6,37.6,no activated state,nan,nan
n10_4_D10,3.6,39.8,no activated state,nan,nan
n10_4_D10,3.6,42.2,no activated state,nan,nan
n10_4_D10,3.6,44.7,no activated state,nan,nan
n10_4_D10,3.6,47.3,no activated state,nan,nan
n10_4_D10,3.6,50.1,no activated state,nan,nan
n10_4_D10,3.6,53.1,no activated state,nan,nan
n10_4_D10,3.6,56.2,no activated state,nan,nan
n10_4_D10,3.6,59.6,no activated state,nan,nan
n10_4_D10,3.6,63.1,no activated state,nan,nan
n10_4_D10,3.6,66.8,no activated state,nan,nan
n10_4_D10,3.6,70.8,no activated state,nan,nan
n10_4_D10,3.6,75.0,no activated state,nan,nan
n10_4_D10,3.6,79.4,no activated state,nan,nan
n10_4_D10,3.6,84.1,no activated state,nan,nan
n10_4_D10,3.6,89.1,no activated state,nan,nan
n10_4_D10,3.6,94.4,no activated state,nan,nan
n10_4_D10,3.6,100.0,no activated state,nan,nan
n10_4_D10,3.79,1.0,linearly stable,0.0002780481702147064,0.00010467627332608098
n10_4_D10,3.79,1.06,linearly stable,0.00034674830575065485,0.0001321559229615981
n10_4_D10,3.79,1.12,linearly stable,0.0004281659633054158,0.0001647225064733746
n10_4_D10,3.79,1.19,linearly stable,0.0005412090078049658,0.00020993905844084965
n10_4_D10,3.79,1.26,linearly stable,0.0006760791353233042,0.0002638863149547833
n10_4_D10,3.79,1.33,linearly stable,0.000835425973778614,0.0003276241115175723
n10_4_D10,3.79,1.41,linearly stable,0.001051112097827378,0.00041389729014678977
n10_4_D10,3.79,1.5,linearly stable,0.0013418871778692054,0.00053020560825612
n10_4_D10,3.79,1.58,linearly stable,0.0016483552844615001,0.0006527910439475371
n10_4_D10,3.79,1.68,linearly stable,0.00210290026924409,0.0008346063568291183
n10_4_D10,3.79,1.78,linearly stable,0.002646555376329962,0.0010520651914346763
n10_4_D10,3.79,1.88,linearly stable,0.003290365839733189,0.0013095855752715913
n10_4_D10,3.79,2.0,linearly stable,0.0042117116274464905,0.0016781184458007595
n10_4_D10,3.79,2.11,linearly stable,0.0052162789858534175,0.0020799394471016294
n10_4_D10,3.79,2.24,linearly stable,0.006625808214312245,0.0026437427909777747
n10_4_D10,3.79,2.37,linearly stable,0.008305924407657761,0.0033157793029482355
n10_4_D10,3.79,2.51,linearly stable,0.010456364560146314,0.004175942584440731
n10_4_D10,3.79,2.66,linearly stable,0.013202859208881756,0.005274524082179627
n10_4_D10,3.79,2.82,linearly stable,0.016702680063546138,0.006674431509172877
n10_4_D10,3.79,2.99,linearly stable,0.021152075039488905,0.008454162803954966
n10_4_D10,3.79,3.16,linearly stable,0.02645473578607449,0.010575195131692966
n10_4_D10,3.79,3.35,linearly stable,0.03352883132733964,0.01340479043141563
n10_4_D10,3.79,3.55,linearly stable,0.04246747400782014,0.016980192837594763
n10_4_D10,3.79,3.76,linearly stable,0.05374270931842284,0.021490217302271037
n10_4_D10,3.79,3.98,linearly stable,0.06794795506765094,0.027172226708723598
n10_4_D10,3.79,4.22,linearly stable,0.0866908057818605,0.0346692477431358
n10_4_D10,3.79,4.47,linearly stable,0.1104447943085074,0.04417068874279996
n10_4_D10,3.79,4.73,linearly stable,0.14059723791868262,0.056231464763630515
n10_4_D10,3.79,5.01,linearly stable,0.18059204144845853,0.07222910931674376
n10_4_D10,3.79,5.31,linearly stable,0.2342107124484516,0.09367618839686062
n10_4_D10,3.79,5.62,linearly stable,0.3047209982640031,0.12187975709013618
n10_4_D10,3.79,5.96,linearly stable,0.40625350681356753,0.16249190162855828
n10_4_D10,3.79,6.31,linearly stable,0.5506168537306322,0.2202358512695121
n10_4_D10,3.79,6.68,linearly stable,0.7834481878909871,0.3133656434045426
n10_4_D10,3.79,7.08,Turing,1.3875226931973683,0.5549839864461488
n10_4_D10,3.79,7.5,no activated state,nan,nan
n10_4_D10,3.79,7.94,no activated state,nan,nan
n10_4_D10,3.79,8.41,no activated state,nan,nan
n10_4_D10,3.79,8.91,no activated state,nan,nan
n10_4_D10,3.79,9.44,no activated state,nan,nan
n10_4_D10,3.79,10.0,no activated state,nan,nan
n10_4_D10,3.79,10.6,no activated state,nan,nan
n10_4_D10,3.79,11.2,no activated state,nan,nan
n10_4_D10,3.79,11.9,no activated state,nan,nan
n10_4_D10,3.79,12.6,no activated state,nan,nan
n10_4_D10,3.79,13.3,no activated state,nan,nan
n10_4_D10,3.79,14.1,no activated state,nan,nan
n10_4_D10,3.79,15.0,no activated state,nan,nan
n10_4_D10,3.79,15.8,no activated state,nan,nan
n10_4_D10,3.79,16.8,no activated state,nan,nan
n10_4_D10,3.79,17.8,no activated state,nan,nan
n10_4_D10,3.79,18.8,no activated state,nan,nan
n10_4_D10,3.79,20.0,no activated state,nan,nan
n10_4_D10,3.79,21.1,no activated state,nan,nan
n10_4_D10,3.79,22.4,no activated state,nan,nan
n10_4_D10,3.79,23.7,no activated state,nan,nan
n10_4_D10,3.79,25.1,no activated state,nan,nan
n10_4_D10,3.79,26.6,no activated state,nan,nan
n10_4_D10,3.79,28.2,no activated state,nan,nan
n10_4_D10,3.79,29.9,no activated state,nan,nan
n10_4_D10,3.79,31.6,no activated state,nan,nan
n10_4_D10,3.79,33.5,no activated state,nan,nan
n10_4_D10,3.79,35.5,no activated state,nan,nan
n10_4_D10,3.79,37.6,no activated state,nan,nan
n10_4_D10,3.79,39.8,no activated state,nan,nan
n10_4_D10,3.79,42.2,no activated state,nan,nan
n10_4_D10,3.79,44.7,no activated state,nan,nan
n10_4_D10,3.79,47.3,no activated state,nan,nan
n10_4_D10,3.79,50.1,no activated state,nan,nan
n10_4_D10,3.79,53.1,no activated state,nan,nan
n10_4_D10,3.79,56.2,no activated state,nan,nan
n10_4_D10,3.79,59.6,no activated state,nan,nan
n10_4_D10,3.79,63.1,no activated state,nan,nan
n10_4_D10,3.79,66.8,no activated state,nan,nan
n10_4_D10,3.79,70.8,no activated state,nan,nan
n10_4_D10,3.79,75.0,no activated state,nan,nan
n10_4_D10,3.79,79.4,no activated state,nan,nan
n10_4_D10,3.79,84.1,no activated state,nan,nan
n10_4_D10,3.79,89.1,no activated state,nan,nan
n10_4_D10,3.79,94.4,no activated state,nan,nan
n10_4_D10,3.79,100.0,no activated state,nan,nan
n10_4_D10,3.99,1.0,linearly stable,0.00016624851095325965,6.25874298767921e-05
n10_4_D10,3.99,1.06,linearly stable,0.00020732232525300098,7.901681097962372e-05
n10_4_D10,3.99,1.12,linearly stable,0.0002559981067307149,9.848695217999162e-05
n10_4_D10,3.99,1.19,linearly stable,0.00032357857367104614,0.00012551890098679537
n10_4_D10,3.99,1.26,linearly stable,0.00040420389374018484,0.00015776874509009024
n10_4_D10,3.99,1.33,linearly stable,0.0004994557452120407,0.0001958691502166044
n10_4_D10,3.99,1.41,linearly stable,0.0006283754800806562,0.0002474365900779872
n10_4_D10,3.99,1.5,linearly stable,0.0008021596066454251,0.0003169496285029295
n10_4_D10,3.99,1.58,linearly stable,0.000985300773422848,0.0003902054499347161
n10_4_D10,3.99,1.68,linearly stable,0.0012568890262687482,0.000498839793941731
n10_4_D10,3.99,1.78,linearly stable,0.0015816547627056643,0.0006287449436360913
n10_4_D10,3.99,1.88,linearly stable,0.001966158659167938,0.0007825451462673767
n10_4_D10,3.99,2.0,linearly stable,0.00251624156495045,0.0010025763678058596
n10_4_D10,3.99,2.11,linearly stable,0.0031157779272639186,0.0012423887962606417
n10_4_D10,3.99,2.24,linearly stable,0.00395658893424744,0.00157871022870138
n10_4_D10,3.99,2.37,linearly stable,0.004958182728143079,0.001979344204644651
n10_4_D10,3.99,2.51,linearly stable,0.006239160867884674,0.0024917309258527293
n10_4_D10,3.99,2.66,linearly stable,0.007873566729291737,0.0031454874761397285
n10_4_D10,3.99,2.82,linearly stable,0.00995361049907828,0.003977497596189721
n10_4_D10,3.99,2.99,linearly stable,0.012593701096608179,0.00503352443599155
n10_4_D10,3.99,3.16,linearly stable,0.015733757051515918,0.006289535606377302
n10_4_D10,3.99,3.35,linearly stable,0.01991203271094144,0.007960830896821654
n10_4_D10,3.99,3.55,linearly stable,0.025173892450058855,0.010065555846592399
n10_4_D10,3.99,3.76,linearly stable,0.03178282314912684,0.012709104188032604
n10_4_D10,3.99,3.98,linearly stable,0.04006364051169942,0.016021400914243058
n10_4_D10,3.99,4.22,linearly stable,0.050910996095213656,0.020360303180815574
n10_4_D10,3.99,4.47,linearly stable,0.06452802473272179,0.02580706384332723
n10_4_D10,3.99,4.73,linearly stable,0.08159869997404479,0.03263526927361313
n10_4_D10,3.99,5.01,linearly stable,0.10386236664513882,0.04154064991391067
n10_4_D10,3.99,5.31,linearly stable,0.13300914458040047,0.053199245496906834
n10_4_D10,3.99,5.62,linearly stable,0.17006382331275938,0.06802096501911332
n10_4_D10,3.99,5.96,linearly stable,0.22073345875611383,0.08828860188877297
n10_4_D10,3.99,6.31,linearly stable,0.28690608466194645,0.11475735095099619
n10_4_D10,3.99,6.68,linearly stable,0.3776689757839602,0.15106205925326138
n10_4_D10,3.99,7.08,linearly stable,0.5110229418780743,0.20440290546728376
n10_4_D10,3.99,7.5,linearly stable,0.718851094186902,0.287532783200449
n10_4_D10,3.99,7.94,Turing,1.1371452709494434,0.45484651611327587
n10_4_D10,3.99,8.41,no activated state,nan,nan
n10_4_D10,3.99,8.91,no activated state,nan,nan
n10_4_D10,3.99,9.44,no activated state,nan,nan
n10_4_D10,3.99,10.0,no activated state,nan,nan
n10_4_D10,3.99,10.6,no activated state,nan,nan
n10_4_D10,3.99,11.2,no activated state,nan,nan
n10_4_D10,3.99,11.9,no activated state,nan,nan
n10_4_D10,3.99,12.6,no activated state,nan,nan
n10_4_D10,3.99,13.3,no activated state,nan,nan
n10_4_D10,3.99,14.1,no activated state,nan,nan
n10_4_D10,3.99,15.0,no activated state,nan,nan
n10_4_D10,3.99,15.8,no activated state,nan,nan
n10_4_D10,3.99,16.8,no activated state,nan,nan
n10_4_D10,3.99,17.8,no activated state,nan,nan
n10_4_D10,3.99,18.8,no activated state,nan,nan
n10_4_D10,3.99,20.0,no activated state,nan,nan
n10_4_D10,3.99,21.1,no activated state,nan,nan
n10_4_D10,3.99,22.4,no activated state,nan,nan
n10_4_D10,3.99,23.7,no activated state,nan,nan
n10_4_D10,3.99,25.1,no activated state,nan,nan
n10_4_D10,3.99,26.6,no activated state,nan,nan
n10_4_D10,3.99,28.2,no activated state,nan,nan
n10_4_D10,3.99,29.9,no activated state,nan,nan
n10_4_D10,3.99,31.6,no activated state,nan,nan
n10_4_D10,3.99,33.5,no activated state,nan,nan
n10_4_D10,3.99,35.5,no activated state,nan,nan
n10_4_D10,3.99,37.6,no activated state,nan,nan
n10_4_D10,3.99,39.8,no activated state,nan,nan
n10_4_D10,3.99,42.2,no activated state,nan,nan
n10_4_D10,3.99,44.7,no activated state,nan,nan
n10_4_D10,3.99,47.3,no activated state,nan,nan
n10_4_D10,3.99,50.1,no activated state,nan,nan
n10_4_D10,3.99,53.1,no activated state,nan,nan
n10_4_D10,3.99,56.2,no activated state,nan,nan
n10_4_D10,3.99,59.6,no activated state,nan,nan
n10_4_D10,3.99,63.1,no activated state,nan,nan
n10_4_D10,3.99,66.8,no activated state,nan,nan
n10_4_D10,3.99,70.8,no activated state,nan,nan
n10_4_D10,3.99,75.0,no activated state,nan,nan
n10_4_D10,3.99,79.4,no activated state,nan,nan
n10_4_D10,3.99,84.1,no activated state,nan,nan
n10_4_D10,3.99,89.1,no activated state,nan,nan
n10_4_D10,3.99,94.4,no activated state,nan,nan
n10_4_D10,3.99,100.0,no activated state,nan,nan
n10_4_D10,4.2,1.0,linearly stable,9.953564809039861e-05,3.7472156224359054e-05
n10_4_D10,4.2,1.06,linearly stable,0.00012412617598211995,4.730831554592944e-05
n10_4_D10,4.2,1.12,linearly stable,0.00015326740923748972,5.896474741857977e-05
n10_4_D10,4.2,1.19,linearly stable,0.0001937255619555156,7.51479232167172e-05
n10_4_D10,4.2,1.26,linearly stable,0.00024199179371575674,9.445431416816674e-05
n10_4_D10,4.2,1.33,linearly stable,0.0002990121643131616,0.00011726234219183456
n10_4_D10,4.2,1.41,linearly stable,0.0003761835800952795,0.0001481307457956998
n10_4_D10,4.2,1.5,linearly stable,0.00048020451981045653,0.00018973890234278736
n10_4_D10,4.2,1.58,linearly stable,0.0005898183901975607,0.00023358421934042682
n10_4_D10,4.2,1.68,linearly stable,0.0007523548682675241,0.0002985984677595571
n10_4_D10,4.2,1.78,linearly stable,0.0009466929997670182,0.00037633331040414625
n10_4_D10,4.2,1.88,linearly stable,0.0011767453317212961,0.0004683537577884343
n10_4_D10,4.2,2.0,linearly stable,0.0015058032953363387,0.000599976248746396
n10_4_D10,4.2,2.11,linearly stable,0.001864361198439246,0.0007433986529794196
n10_4_D10,4.2,2.24,linearly stable,0.0023670696178601514,0.0009444809589429672
n10_4_D10,4.2,2.37,linearly stable,0.0029656852591219973,0.001183925950373853
n10_4_D10,4.2,2.51,linearly stable,0.003730925883078662,0.001490020581645209
n10_4_D10,4.2,2.66,linearly stable,0.004706724446413846,0.0018803379415879165
n10_4_D10,4.2,2.82,linearly stable,0.005947650356460388,0.0023767056761276393
n10_4_D10,4.2,2.99,linearly stable,0.007521182900377399,0.0030061153547358845
n10_4_D10,4.2,3.16,linearly stable,0.009390498430895677,0.003753837593507645
n10_4_D10,4.2,3.35,linearly stable,0.011874156558059346,0.004747295553570587
n10_4_D10,4.2,3.55,linearly stable,0.014995851850037045,0.005995967001695579
n10_4_D10,4.2,3.76,linearly stable,0.01890709395516943,0.007560455458947169
n10_4_D10,4.2,3.98,linearly stable,0.02379256203645319,0.009514632171883428
n10_4_D10,4.2,4.22,linearly stable,0.03016643301917421,0.012064166762827771
n10_4_D10,4.2,4.47,linearly stable,0.03812597631878689,0.015247966722505607
n10_4_D10,4.2,4.73,linearly stable,0.048037825118549815,0.01921268442933591
n10_4_D10,4.2,5.01,linearly stable,0.0608522145136936,0.024338411662726128
n10_4_D10,4.2,5.31,linearly stable,0.07743190455830273,0.030970250224357388
n10_4_D10,4.2,5.62,linearly stable,0.09818059006708513,0.03926967666272717
n10_4_D10,4.2,5.96,linearly stable,0.12593759928590353,0.05037241486563191
n10_4_D10,4.2,6.31,linearly stable,0.16107354404667595,0.06442670719202277
n10_4_D10,4.2,6.68,linearly stable,0.2071058941149373,0.08283953037417002
n10_4_D10,4.2,7.08,linearly stable,0.26988755968632705,0.10795202811909073
n10_4_D10,4.2,7.5,linearly stable,0.355142821761556,0.142053886018756
n10_4_D10,4.2,7.94,linearly stable,0.47485265736243454,0.18993743448977096
n10_4_D10,4.2,8.41,linearly stable,0.6589200964481734,0.2635637135076452
n10_4_D10,4.2,8.91,linearly stable,0.9996473907633951,0.3998529136006877
n10_4_D10,4.2,9.44,no activated state,nan,nan
n10_4_D10,4.2,10.0,no activated state,nan,nan
n10_4_D10,4.2,10.6,no activated state,nan,nan
n10_4_D10,4.2,11.2,no activated state,nan,nan
n10_4_D10,4.2,11.9,no activated state,nan,nan
n10_4_D10,4.2,12.6,no activated state,nan,nan
n10_4_D10,4.2,13.3,no activated state,nan,nan
n10_4_D10,4.2,14.1,no activated state,nan,nan
n10_4_D10,4.2,15.0,no activated state,nan,nan
n10_4_D10,4.2,15.8,no activated state,nan,nan
n10_4_D10,4.2,16.8,no activated state,nan,nan
n10_4_D10,4.2,17.8,no activated state,nan,nan
n10_4_D10,4.2,18.8,no activated state,nan,nan
n10_4_D10,4.2,20.0,no activated state,nan,nan
n10_4_D10,4.2,21.1,no activated state,nan,nan
n10_4_D10,4.2,22.4,no activated state,nan,nan
n10_4_D10,4.2,23.7,no activated state,nan,nan
n10_4_D10,4.2,25.1,no activated state,nan,nan
n10_4_D10,4.2,26.6,no activated state,nan,nan
n10_4_D10,4.2,28.2,no activated state,nan,nan
n10_4_D10,4.2,29.9,no activated state,nan,nan
n10_4_D10,4.2,31.6,no activated state,nan,nan
n10_4_D10,4.2,33.5,no activated state,nan,nan
n10_4_D10,4.2,35.5,no activated state,nan,nan
n10_4_D10,4.2,37.6,no activated state,nan,nan
n10_4_D10,4.2,39.8,no activated state,nan,nan
n10_4_D10,4.2,42.2,no activated state,nan,nan
n10_4_D10,4.2,44.7,no activated state,nan,nan
n10_4_D10,4.2,47.3,no activated state,nan,nan
n10_4_D10,4.2,50.1,no activated state,nan,nan
n10_4_D10,4.2,53.1,no activated state,nan,nan
n10_4_D10,4.2,56.2,no activated state,nan,nan
n10_4_D10,4.2,59.6,no activated state,nan,nan
n10_4_D10,4.2,63.1,no activated state,nan,nan
n10_4_D10,4.2,66.8,no activated state,nan,nan
n10_4_D10,4.2,70.8,no activated state,nan,nan
n10_4_D10,4.2,75.0,no activated state,nan,nan
n10_4_D10,4.2,79.4,no activated state,nan,nan
n10_4_D10,4.2,84.1,no activated state,nan,nan
n10_4_D10,4.2,89.1,no activated state,nan,nan
n10_4_D10,4.2,94.4,no activated state,nan,nan
n10_4_D10,4.2,100.0,no activated state,nan,nan
n10_4_D10,4.43,1.0,linearly stable,5.840162585979414e-05,2.1986464228188706e-05
n10_4_D10,4.43,1.06,linearly stable,7.28295218055397e-05,2.775760476246067e-05
n10_4_D10,4.43,1.12,linearly stable,8.992724392031803e-05,3.459667246148992e-05
n10_4_D10,4.43,1.19,linearly stable,0.00011366447894345377,4.4091537111767675e-05
n10_4_D10,4.43,1.26,linearly stable,0.00014198227897610494,5.541862209945484e-05
n10_4_D10,4.43,1.33,linearly stable,0.00017543540460573936,6.879983097378536e-05
n10_4_D10,4.43,1.41,linearly stable,0.000220709636131744,8.690946758230983e-05
n10_4_D10,4.43,1.5,linearly stable,0.00028173341888870773,0.0001113189051979297
n10_4_D10,4.43,1.58,linearly stable,0.00034603544879607817,0.00013703963761342727
n10_4_D10,4.43,1.68,linearly stable,0.0004413777380840589,0.0001751764353718086
n10_4_D10,4.43,1.78,linearly stable,0.0005553661489643424,0.00022077165868400714
n10_4_D10,4.43,1.88,linearly stable,0.0006902907643058231,0.0002747413378549381
n10_4_D10,4.43,2.0,linearly stable,0.0008832593918861598,0.000351928550054314
n10_4_D10,4.43,2.11,linearly stable,0.001093497666426746,0.000436023599611815
n10_4_D10,4.43,2.24,linearly stable,0.001388205158140421,0.0005539062313788164
n10_4_D10,4.43,2.37,linearly stable,0.0017390571604736227,0.000694246597733292
n10_4_D10,4.43,2.51,linearly stable,0.0021874421623058193,0.0008736000428577813
n10_4_D10,4.43,2.66,linearly stable,0.0027589948541284492,0.0011022204109955274
n10_4_D10,4.43,2.82,linearly stable,0.0034855053041005224,0.0013928236896972805
n10_4_D10,4.43,2.99,linearly stable,0.004406203537862252,0.001761101840068931
n10_4_D10,4.43,3.16,linearly stable,0.005499183901185312,0.002198292626993698
n10_4_D10,4.43,3.35,linearly stable,0.0069500466861838195,0.002778635935500141
n10_4_D10,4.43,3.55,linearly stable,0.008771485361105391,0.0035072091351074338
n10_4_D10,4.43,3.76,linearly stable,0.011050230535450956,0.004418704358631849
n10_4_D10,4.43,3.98,linearly stable,0.01389128191553679,0.005555121353011529
n10_4_D10,4.43,4.22,linearly stable,0.01758901330822127,0.007034209264481721
n10_4_D10,4.43,4.47,linearly stable,0.0221924777583693,0.008875589236930187
n10_4_D10,4.43,4.73,linearly stable,0.027902918311457636,0.011159758216687339
n10_4_D10,4.43,5.01,linearly stable,0.035248856448605315,0.014098124094878994
n10_4_D10,4.43,5.31,linearly stable,0.04469118603987354,0.01787504377681291
n10_4_D10,4.43,5.62,linearly stable,0.05640781698460828,0.02256168091137857
n10_4_D10,4.43,5.96,linearly stable,0.07190520428993596,0.028760615393497415
n10_4_D10,4.43,6.31,linearly stable,0.09122592729161605,0.03648887866044439
n10_4_D10,4.43,6.68,linearly stable,0.11602303747572207,0.0464076886997621
n10_4_D10,4.43,7.08,linearly stable,0.14886621117725096,0.059544911767689564
n10_4_D10,4.43,7.5,linearly stable,0.19157589481961446,0.07662872250671364
n10_4_D10,4.43,7.94,linearly stable,0.24764186935196109,0.09905502572963976
n10_4_D10,4.43,8.41,linearly stable,0.324222840113062,0.12968728741516858
n10_4_D10,4.43,8.91,linearly stable,0.4320116855678646,0.17280262949227712
n10_4_D10,4.43,9.44,linearly stable,0.5923319059845433,0.23693038180249223
n10_4_D10,4.43,10.0,linearly stable,0.8632172947358718,0.34528382130895535
n10_4_D10,4.43,10.6,no activated state,nan,nan
n10_4_D10,4.43,11.2,no activated state,nan,nan
n10_4_D10,4.43,11.9,no activated state,nan,nan
n10_4_D10,4.43,12.6,no activated state,nan,nan
n10_4_D10,4.43,13.3,no activated state,nan,nan
n10_4_D10,4.43,14.1,no activated state,nan,nan
n10_4_D10,4.43,15.0,no activated state,nan,nan
n10_4_D10,4.43,15.8,no activated state,nan,nan
n10_4_D10,4.43,16.8,no activated state,nan,nan
n10_4_D10,4.43,17.8,no activated state,nan,nan
n10_4_D10,4.43,18.8,no activated state,nan,nan
n10_4_D10,4.43,20.0,no activated state,nan,nan
n10_4_D10,4.43,21.1,no activated state,nan,nan
n10_4_D10,4.43,22.4,no activated state,nan,nan
n10_4_D10,4.43,23.7,no activated state,nan,nan
n10_4_D10,4.43,25.1,no activated state,nan,nan
n10_4_D10,4.43,26.6,no activated state,nan,nan
n10_4_D10,4.43,28.2,no activated state,nan,nan
n10_4_D10,4.43,29.9,no activated state,nan,nan
n10_4_D10,4.43,31.6,no activated state,nan,nan
n10_4_D10,4.43,33.5,no activated state,nan,nan
n10_4_D10,4.43,35.5,no activated state,nan,nan
n10_4_D10,4.43,37.6,no activated state,nan,nan
n10_4_D10,4.43,39.8,no activated state,nan,nan
n10_4_D10,4.43,42.2,no activated state,nan,nan
n10_4_D10,4.43,44.7,no activated state,nan,nan
n10_4_D10,4.43,47.3,no activated state,nan,nan
n10_4_D10,4.43,50.1,no activated state,nan,nan
n10_4_D10,4.43,53.1,no activated state,nan,nan
n10_4_D10,4.43,56.2,no activated state,nan,nan
n10_4_D10,4.43,59.6,no activated state,nan,nan
n10_4_D10,4.43,63.1,no activated state,nan,nan
n10_4_D10,4.43,66.8,no activated state,nan,nan
n10_4_D10,4.43,70.8,no activated state,nan,nan
n10_4_D10,4.43,75.0,no activated state,nan,nan
n10_4_D10,4.43,79.4,no activated state,nan,nan
n10_4_D10,4.43,84.1,no activated state,nan,nan
n10_4_D10,4.43,89.1,no activated state,nan,nan
n10_4_D10,4.43,94.4,no activated state,nan,nan
n10_4_D10,4.43,100.0,no activated state,nan,nan
n10_4_D10,4.67,1.0,linearly stable,3.445783208100295e-05,1.2972349794910631e-05
n10_4_D10,4.67,1.06,linearly stable,4.2970379221518584e-05,1.6377362439791815e-05
n10_4_D10,4.67,1.12,linearly stable,5.3058074986900294e-05,2.041243338504149e-05
n10_4_D10,4.67,1.19,linearly stable,6.706298154801615e-05,2.601438578973401e-05
n10_4_D10,4.67,1.26,linearly stable,8.377023117622784e-05,3.269727344893938e-05
n10_4_D10,4.67,1.33,linearly stable,0.00010350702717598637,4.0591977446077986e-05
n10_4_D10,4.67,1.41,linearly stable,0.00013021765080667436,5.1276207405462184e-05
n10_4_D10,4.67,1.5,linearly stable,0.00016621931691940262,6.56768475771012e-05
n10_4_D10,4.67,1.58,linearly stable,0.00020415404685225624,8.085071186423527e-05
n10_4_D10,4.67,1.68,linearly stable,0.0002603990143867918,0.00010334865782822614
n10_4_D10,4.67,1.78,linearly stable,0.00032764094093029605,0.00013024537936586497
n10_4_D10,4.67,1.88,linearly stable,0.0004072291005619011,0.00016208058512269736
n10_4_D10,4.67,2.0,linearly stable,0.0005210481005257783,0.00020760810201832992
n10_4_D10,4.67,2.11,linearly stable,0.0006450430243121197,0.0002572059810032119
n10_4_D10,4.67,2.24,linearly stable,0.0008188384267793225,0.0003267240150815539
n10_4_D10,4.67,2.37,linearly stable,0.0010257160396121012,0.0004094749091209416
n10_4_D10,4.67,2.51,linearly stable,0.0012900599479948038,0.0005152122793636033
n10_4_D10,4.67,2.66,linearly stable,0.0016269463294182884,0.0006499665857540327
n10_4_D10,4.67,2.82,linearly stable,0.0020550540759978198,0.0008212093714276102
n10_4_D10,4.67,2.99,linearly stable,0.002597406078237441,0.0010381497756574432
n10_4_D10,4.67,3.16,linearly stable,0.0032409764535501484,0.001295577454807232
n10_4_D10,4.67,3.35,linearly stable,0.004094827263668721,0.0016371171535255276
n10_4_D10,4.67,3.55,linearly stable,0.0051660415409870986,0.002065602079177832
n10_4_D10,4.67,3.76,linearly stable,0.006505066044414365,0.0026012108977669286
n10_4_D10,4.67,3.98,linearly stable,0.008172734577270857,0.0032682770850741426
n10_4_D10,4.67,4.22,linearly stable,0.010340307321057285,0.004135304586234084
n10_4_D10,4.67,4.47,linearly stable,0.013034121883929162,0.0052128284226325905
n10_4_D10,4.67,4.73,linearly stable,0.016368451532680073,0.00654655781307197
n10_4_D10,4.67,5.01,linearly stable,0.02064587765348791,0.008257525081875479
n10_4_D10,4.67,5.31,linearly stable,0.02612425983323452,0.010448873861595967
n10_4_D10,4.67,5.62,linearly stable,0.03289106872060188,0.013155592330822006
n10_4_D10,4.67,5.96,linearly stable,0.04178796718124378,0.01671434497568858
n10_4_D10,4.67,6.31,linearly stable,0.05279349721270643,0.021116548567850828
n10_4_D10,4.67,6.68,linearly stable,0.06677591766904856,0.026709505917054566
n10_4_D10,4.67,7.08,linearly stable,0.08504353978528889,0.034016540378367814
n10_4_D10,4.67,7.5,linearly stable,0.10835859686211591,0.043342544459916255
n10_4_D10,4.67,7.94,linearly stable,0.1381833740385019,0.055272430692911885
n10_4_D10,4.67,8.41,linearly stable,0.1774247338400481,0.07096894104059485
n10_4_D10,4.67,8.91,linearly stable,0.22955993569539146,0.09182297505138531
n10_4_D10,4.67,9.44,linearly stable,0.2998881496346162,0.119954193502045
n10_4_D10,4.67,10.0,linearly stable,0.3971489355621338,0.15885840663732714
n10_4_D10,4.67,10.6,linearly stable,0.5405709487805399,0.2162270425877603
n10_4_D10,4.67,11.2,linearly stable,0.756012223553072,0.3024032444552399
n10_4_D10,4.67,11.9,Turing,1.319605171794409,0.5278391711348648
n10_4_D10,4.67,12.6,no activated state,nan,nan
n10_4_D10,4.67,13.3,no activated state,nan,nan
n10_4_D10,4.67,14.1,no activated state,nan,nan
n10_4_D10,4.67,15.0,no activated state,nan,nan
n10_4_D10,4.67,15.8,no activated state,nan,nan
n10_4_D10,4.67,16.8,no activated state,nan,nan
n10_4_D10,4.67,17.8,no activated state,nan,nan
n10_4_D10,4.67,18.8,no activated state,nan,nan
n10_4_D10,4.67,20.0,no activated state,nan,nan
n10_4_D10,4.67,21.1,no activated state,nan,nan
n10_4_D10,4.67,22.4,no activated state,nan,nan
n10_4_D10,4.67,23.7,no activated state,nan,nan
n10_4_D10,4.67,25.1,no activated state,nan,nan
n10_4_D10,4.67,26.6,no activated state,nan,nan
n10_4_D10,4.67,28.2,no activated state,nan,nan
n10_4_D10,4.67,29.9,no activated state,nan,nan
n10_4_D10,4.67,31.6,no activated state,nan,nan
n10_4_D10,4.67,33.5,no activated state,nan,nan
n10_4_D10,4.67,35.5,no activated state,nan,nan
n10_4_D10,4.67,37.6,no activated state,nan,nan
n10_4_D10,4.67,39.8,no activated state,nan,nan
n10_4_D10,4.67,42.2,no activated state,nan,nan
n10_4_D10,4.67,44.7,no activated state,nan,nan
n10_4_D10,4.67,47.3,no activated state,nan,nan
n10_4_D10,4.67,50.1,no activated state,nan,nan
n10_4_D10,4.67,53.1,no activated state,nan,nan
n10_4_D10,4.67,56.2,no activated state,nan,nan
n10_4_D10,4.67,59.6,no activated state,nan,nan
n10_4_D10,4.67,63.1,no activated state,nan,nan
n10_4_D10,4.67,66.8,no activated state,nan,nan
n10_4_D10,4.67,70.8,no activated state,nan,nan
n10_4_D10,4.67,75.0,no activated state,nan,nan
n10_4_D10,4.67,79.4,no activated state,nan,nan
n10_4_D10,4.67,84.1,no activated state,nan,nan
n10_4_D10,4.67,89.1,no activated state,nan,nan
n10_4_D10,4.67,94.4,no activated state,nan,nan
n10_4_D10,4.67,100.0,no activated state,nan,nan
n10_4_D10,4.91,1.0,linearly stable,2.0875589418212215e-05,7.859041567785146e-06
n10_4_D10,4.91,1.06,linearly stable,2.6032702425959897e-05,9.92188449117783e-06
n10_4_D10,4.91,1.12,linearly stable,3.2144057285909966e-05,1.2366423733267348e-05
n10_4_D10,4.91,1.19,linearly stable,4.0628506988715785e-05,1.576019986357381e-05
n10_4_D10,4.91,1.26,linearly stable,5.075002836085751e-05,1.9808803937653388e-05
n10_4_D10,4.91,1.33,linearly stable,6.270681191300476e-05,2.4591512072566494e-05
n10_4_D10,4.91,1.41,linearly stable,7.888827426194567e-05,3.106408985844431e-05
n10_4_D10,4.91,1.5,linearly stable,0.00010069803847656544,3.978798590211488e-05
n10_4_D10,4.91,1.58,linearly stable,0.00012367851539463182,4.8980166509323414e-05
n10_4_D10,4.91,1.68,linearly stable,0.00015775051705135823,6.260895210793953e-05
n10_4_D10,4.91,1.78,linearly stable,0.00019848325025662028,7.89020273799963e-05
n10_4_D10,4.91,1.88,linearly stable,0.00024669349035444377,9.818610210252389e-05
n10_4_D10,4.91,2.0,linearly stable,0.00031563630895403705,0.00012576319905612579
n10_4_D10,4.91,2.11,linearly stable,0.00039073939915645894,0.00015580440192500231
n10_4_D10,4.91,2.24,linearly stable,0.0004960002012255327,0.00019790867619943502
n10_4_D10,4.91,2.37,linearly stable,0.0006212881419931371,0.00024802379708990595
n10_4_D10,4.91,2.51,linearly stable,0.0007813635791009688,0.0003120539011199386
n10_4_D10,4.91,2.66,linearly stable,0.0009853434439088815,0.00039364575679067107
n10_4_D10,4.91,2.82,linearly stable,0.0012445173761876926,0.0004973152150023928
n10_4_D10,4.91,2.99,linearly stable,0.0015727911581675524,0.0006286245824707297
n10_4_D10,4.91,3.16,linearly stable,0.0019622388695084148,0.0007844034945408688
n10_4_D10,4.91,3.35,linearly stable,0.0024787817839500015,0.0009910204314632887
n10_4_D10,4.91,3.55,linearly stable,0.0031265731228713456,0.0012501366798613582
n10_4_D10,4.91,3.76,linearly stable,0.00393592924269881,0.0015738787687370897
n10_4_D10,4.91,3.98,linearly stable,0.004943327935308384,0.0019768377984615507
n10_4_D10,4.91,4.22,linearly stable,0.0062517071339995844,0.002500188896299806
n10_4_D10,4.91,4.47,linearly stable,0.007876156027157855,0.003149967730356013
n10_4_D10,4.91,4.73,linearly stable,0.009884427059917433,0.0039532752477479585
n10_4_D10,4.91,5.01,linearly stable,0.012456783145208261,0.004982216531930859
n10_4_D10,4.91,5.31,linearly stable,0.0157448726435927,0.006297450857073727
n10_4_D10,4.91,5.62,linearly stable,0.019796147822890298,0.007917959105719111
n10_4_D10,4.91,5.96,linearly stable,0.02510558188905998,0.01004173033170979
n10_4_D10,4.91,6.31,linearly stable,0.03164627783747154,0.012658005736303874
n10_4_D10,4.91,6.68,linearly stable,0.03991250587292883,0.01596449316289659
n10_4_D10,4.91,7.08,linearly stable,0.050637570333227355,0.02025451398569724
n10_4_D10,4.91,7.5,linearly stable,0.06420147948662969,0.025680071295430543
n10_4_D10,4.91,7.94,linearly stable,0.0813448713606657,0.03253741989216938
n10_4_D10,4.91,8.41,linearly stable,0.10353677300724118,0.0414141697855198
n10_4_D10,4.91,8.91,linearly stable,0.13235907800414393,0.052943077437256
n10_4_D10,4.91,9.44,linearly stable,0.16999151128225587,0.0679960313738064
n10_4_D10,4.91,10.0,linearly stable,0.2195388393580422,0.08781493593684492
n10_4_D10,4.91,10.6,linearly stable,0.2869085956774764,0.11476279996666221
n10_4_D10,4.91,11.2,linearly stable,0.37408366902959456,0.14963277535647618
n10_4_D10,4.91,11.9,linearly stable,0.5125675269307706,0.2050262220814807
n10_4_D10,4.91,12.6,linearly stable,0.7192322974944787,0.2876919574077688
n10_4_D10,4.91,13.3,linearly stable,1.1024628207059106,0.4409837228279394
n10_4_D10,4.91,14.1,no activated state,nan,nan
n10_4_D10,4.91,15.0,no activated state,nan,nan
n10_4_D10,4.91,15.8,no activated state,nan,nan
n10_4_D10,4.91,16.8,no activated state,nan,nan
n10_4_D10,4.91,17.8,no activated state,nan,nan
n10_4_D10,4.91,18.8,no activated state,nan,nan
n10_4_D10,4.91,20.0,no activated state,nan,nan
n10_4_D10,4.91,21.1,no activated state,nan,nan
n10_4_D10,4.91,22.4,no activated state,nan,nan
n10_4_D10,4.91,23.7,no activated state,nan,nan
n10_4_D10,4.91,25.1,no activated state,nan,nan
n10_4_D10,4.91,26.6,no activated state,nan,nan
n10_4_D10,4.91,28.2,no activated state,nan,nan
n10_4_D10,4.91,29.9,no activated state,nan,nan
n10_4_D10,4.91,31.6,no activated state,nan,nan
n10_4_D10,4.91,33.5,no activated state,nan,nan
n10_4_D10,4.91,35.5,no activated state,nan,nan
n10_4_D10,4.91,37.6,no activated state,nan,nan
n10_4_D10,4.91,39.8,no activated state,nan,nan
n10_4_D10,4.91,42.2,no activated state,nan,nan
n10_4_D10,4.91,44.7,no activated state,nan,nan
n10_4_D10,4.91,47.3,no activated state,nan,nan
n10_4_D10,4.91,50.1,no activated state,nan,nan
n10_4_D10,4.91,53.1,no activated state,nan,nan
n10_4_D10,4.91,56.2,no activated state,nan,nan
n10_4_D10,4.91,59.6,no activated state,nan,nan
n10_4_D10,4.91,63.1,no activated state,nan,nan
n10_4_D10,4.91,66.8,no activated state,nan,nan
n10_4_D10,4.91,70.8,no activated state,nan,nan
n10_4_D10,4.91,75.0,no activated state,nan,nan
n10_4_D10,4.91,79.4,no activated state,nan,nan
n10_4_D10,4.91,84.1,no activated state,nan,nan
n10_4_D10,4.91,89.1,no activated state,nan,nan
n10_4_D10,4.91,94.4,no activated state,nan,nan
n10_4_D10,4.91,100.0,no activated state,nan,nan
n10_4_D10,5.18,1.0,linearly stable,1.2222332742561903e-05,4.6013474742301265e-06
n10_4_D10,5.18,1.06,linearly stable,1.5241725863646138e-05,5.809103941159387e-06
n10_4_D10,5.18,1.12,linearly stable,1.881980136841932e-05,7.240333216721506e-06
n10_4_D10,5.18,1.19,linearly stable,2.3787261205221455e-05,9.227315865473884e-06
n10_4_D10,5.18,1.26,linearly stable,2.9713167865041967e-05,1.159767699573654e-05
n10_4_D10,5.18,1.33,linearly stable,3.671354423584461e-05,1.4397825732030753e-05
n10_4_D10,5.18,1.41,linearly stable,4.61873015822345e-05,1.8187326218226508e-05
n10_4_D10,5.18,1.5,linearly stable,5.895615908024787e-05,2.329486591297669e-05
n10_4_D10,5.18,1.58,linearly stable,7.24103031901624e-05,2.867652007430331e-05
n10_4_D10,5.18,1.68,linearly stable,9.235785261463292e-05,3.665553468066031e-05
n10_4_D10,5.18,1.78,linearly stable,0.00011620457631145165,4.6194217986664376e-05
n10_4_D10,5.18,1.88,linearly stable,0.0001444284392038142,5.7483755837605454e-05
n10_4_D10,5.18,2.0,linearly stable,0.0001847888563111244,7.362791223261774e-05
n10_4_D10,5.18,2.11,linearly stable,0.00022875429868562946,9.12140778008827e-05
n10_4_D10,5.18,2.24,linearly stable,0.00029037179855029294,0.00011586106179416765
n10_4_D10,5.18,2.37,linearly stable,0.0003637092653430152,0.00014519602952360304
n10_4_D10,5.18,2.51,linearly stable,0.0004574040946303537,0.00018267393697807602
n10_4_D10,5.18,2.66,linearly stable,0.0005767879024565215,0.00023042742919310752
n10_4_D10,5.18,2.82,linearly stable,0.0007284607029378609,0.0002910965101036629
n10_4_D10,5.18,2.99,linearly stable,0.0009205484346086479,0.00036793155301382256
n10_4_D10,5.18,3.16,linearly stable,0.0011483978179049892,0.00045907124729848033
n10_4_D10,5.18,3.35,linearly stable,0.0014505483491100701,0.0005799313814750089
n10_4_D10,5.18,3.55,linearly stable,0.0018293806186708839,0.0007314641910873311
n10_4_D10,5.18,3.76,linearly stable,0.002302553466980717,0.0009207332076893122
n10_4_D10,5.18,3.98,linearly stable,0.0028912848914597333,0.0011562256247066652
n10_4_D10,5.18,4.22,linearly stable,0.0036555424394113523,0.0014619284454299622
n10_4_D10,5.18,4.47,linearly stable,0.0046038432456985134,0.0018412485214859653
n10_4_D10,5.18,4.73,linearly stable,0.005775316027175625,0.0023098373292937337
n10_4_D10,5.18,5.01,linearly stable,0.007274391737082109,0.0029094672227184355
n10_4_D10,5.18,5.31,linearly stable,0.009188208613351012,0.0036749934737876078
n10_4_D10,5.18,5.62,linearly stable,0.011542579353127635,0.004616741153977231
n10_4_D10,5.18,5.96,linearly stable,0.014621990938160634,0.005848504980461576
n10_4_D10,5.18,6.31,linearly stable,0.018405920753293836,0.00736207591082049
n10_4_D10,5.18,6.68,linearly stable,0.02317286636776661,0.00926885289686149
n10_4_D10,5.18,7.08,linearly stable,0.029332232538319403,0.011732597728424072
n10_4_D10,5.18,7.5,linearly stable,0.03708027883821852,0.014831814175172897
n10_4_D10,5.18,7.94,linearly stable,0.04680572185876364,0.01872198875814349
n10_4_D10,5.18,8.41,linearly stable,0.05928204344304966,0.023712513986266993
n10_4_D10,5.18,8.91,linearly stable,0.07529202101888677,0.030116500583354477
n10_4_D10,5.18,9.44,linearly stable,0.09585829206204433,0.03834300319973867
n10_4_D10,5.18,10.0,linearly stable,0.12233591439180791,0.04893404448380424
n10_4_D10,5.18,10.6,linearly stable,0.15720090175905588,0.0628800290423162
n10_4_D10,5.18,11.2,linearly stable,0.20027508343934075,0.08010968836117142
n10_4_D10,5.18,11.9,linearly stable,0.2636521585722662,0.10546049766768101
n10_4_D10,5.18,12.6,linearly stable,0.34570240022861576,0.13828056538314956
n10_4_D10,5.18,13.3,linearly stable,0.45409189110406145,0.18163631951636852
n10_4_D10,5.18,14.1,linearly stable,0.6292603486036397,0.25170362326576673
n10_4_D10,5.18,15.0,linearly stable,0.9698926180981671,0.38795632691812654
n10_4_D10,5.18,15.8,no activated state,nan,nan
n10_4_D10,5.18,16.8,no activated state,nan,nan
n10_4_D10,5.18,17.8,no activated state,nan,nan
n10_4_D10,5.18,18.8,no activated state,nan,nan
n10_4_D10,5.18,20.0,no activated state,nan,nan
n10_4_D10,5.18,21.1,no activated state,nan,nan
n10_4_D10,5.18,22.4,no activated state,nan,nan
n10_4_D10,5.18,23.7,no activated state,nan,nan
n10_4_D10,5.18,25.1,no activated state,nan,nan
n10_4_D10,5.18,26.6,no activated state,nan,nan
n10_4_D10,5.18,28.2,no activated state,nan,nan
n10_4_D10,5.18,29.9,no activated state,nan,nan
n10_4_D10,5.18,31.6,no activated state,nan,nan
n10_4_D10,5.18,33.5,no activated state,nan,nan
n10_4_D10,5.18,35.5,no activated state,nan,nan
n10_4_D10,5.18,37.6,no activated state,nan,nan
n10_4_D10,5.18,39.8,no activated state,nan,nan
n10_4_D10,5.18,42.2,no activated state,nan,nan
n10_4_D10,5.18,44.7,no activated state,nan,nan
n10_4_D10,5.18,47.3,no activated state,nan,nan
n10_4_D10,5.18,50.1,no activated state,nan,nan
n10_4_D10,5.18,53.1,no activated state,nan,nan
n10_4_D10,5.18,56.2,no activated state,nan,nan
n10_4_D10,5.18,59.6,no activated state,nan,nan
n10_4_D10,5.18,63.1,no activated state,nan,nan
n10_4_D10,5.18,66.8,no activated state,nan,nan
n10_4_D10,5.18,70.8,no activated state,nan,nan
n10_4_D10,5.18,75.0,no activated state,nan,nan
n10_4_D10,5.18,79.4,no activated state,nan,nan
n10_4_D10,5.18,84.1,no activated state,nan,nan
n10_4_D10,5.18,89.1,no activated state,nan,nan
n10_4_D10,5.18,94.4,no activated state,nan,nan
n10_4_D10,5.18,100.0,no activated state,nan,nan
n10_4_D10,5.45,1.0,no activated state,nan,nan
n10_4_D10,5.45,1.06,no activated state,nan,nan
n10_4_D10,5.45,1.12,linearly stable,1.1322593934659508e-05,4.356016343872862e-06
n10_4_D10,5.45,1.19,linearly stable,1.431116235739438e-05,5.5514432480843815e-06
n10_4_D10,5.45,1.26,linearly stable,1.7876352552681496e-05,6.977518770769396e-06
n10_4_D10,5.45,1.33,linearly stable,2.208796275215974e-05,8.662162194941012e-06
n10_4_D10,5.45,1.41,linearly stable,2.7787605174633967e-05,1.0942018276579917e-05
n10_4_D10,5.45,1.5,linearly stable,3.546962581202351e-05,1.4014825335404468e-05
n10_4_D10,5.45,1.58,linearly stable,4.3563887405229096e-05,1.7252528711745663e-05
n10_4_D10,5.45,1.68,linearly stable,5.556462171707466e-05,2.20528205678423e-05
n10_4_D10,5.45,1.78,linearly stable,6.991103052134129e-05,2.7791381855184258e-05
n10_4_D10,5.45,1.88,linearly stable,8.68905904827244e-05,3.458320319584274e-05
n10_4_D10,5.45,2.0,linearly stable,0.0001111712058454728,4.429544555944924e-05
n10_4_D10,5.45,2.11,linearly stable,0.0001376201411606992,5.487501556656086e-05
n10_4_D10,5.45,2.24,linearly stable,0.00017468750355020823,6.970195474916242e-05
n10_4_D10,5.45,2.37,linearly stable,0.00021880408350383185,8.73485798594484e-05
n10_4_D10,5.45,2.51,linearly stable,0.00027516487732359707,0.00010989288860869658
n10_4_D10,5.45,2.66,linearly stable,0.0003469754617368981,0.00013861711118898953
n10_4_D10,5.45,2.82,linearly stable,0.0004382032771821365,0.00017510822315523387
n10_4_D10,5.45,2.99,linearly stable,0.0005537318567394589,0.00022131963697950754
n10_4_D10,5.45,3.16,linearly stable,0.0006907573249415044,0.0002761298029100644
n10_4_D10,5.45,3.35,linearly stable,0.0008724472665855298,0.000348805751253306
n10_4_D10,5.45,3.55,linearly stable,0.001100216716725111,0.00043991349580653743
n10_4_D10,5.45,3.76,linearly stable,0.0013846591931998553,0.0005536904420487343
n10_4_D10,5.45,3.98,linearly stable,0.001738493327185786,0.00069522404045804
n10_4_D10,5.45,4.22,linearly stable,0.0021976963912795355,0.0008789051944493217
n10_4_D10,5.45,4.47,linearly stable,0.0027672863600691766,0.0011067410930493925
n10_4_D10,5.45,4.73,linearly stable,0.0034706241910797964,0.0013880761155890481
n10_4_D10,5.45,5.01,linearly stable,0.004370168656070428,0.0017478937609607579
n10_4_D10,5.45,5.31,linearly stable,0.005517797592047291,0.002206945155759183
n10_4_D10,5.45,5.62,linearly stable,0.006928392917683324,0.0027711830649876225
n10_4_D10,5.45,5.96,linearly stable,0.008771363293323953,0.003508370925998137
n10_4_D10,5.45,6.31,linearly stable,0.011032823327062902,0.004412954583838724
n10_4_D10,5.45,6.68,linearly stable,0.013876818982250239,0.00555055239750017
n10_4_D10,5.45,7.08,linearly stable,0.017543316458582536,0.007017150808047119
n10_4_D10,5.45,7.5,linearly stable,0.02214226948923037,0.008856731289801802
n10_4_D10,5.45,7.94,linearly stable,0.027893911920837677,0.011157387344093064
n10_4_D10,5.45,8.41,linearly stable,0.03523787965227343,0.014094973256346812
n10_4_D10,5.45,8.91,linearly stable,0.04460438391020394,0.01784157344145928
n10_4_D10,5.45,9.44,linearly stable,0.05654039854462334,0.02261597733990348
n10_4_D10,5.45,10.0,linearly stable,0.07174525670232357,0.02869791807792646
n10_4_D10,5.45,10.6,linearly stable,0.09148232849160443,0.03659274345770155
n10_4_D10,5.45,11.2,linearly stable,0.115407775105828,0.04616291796940651
n10_4_D10,5.45,11.9,linearly stable,0.14965343525971675,0.05986117593686924
n10_4_D10,5.45,12.6,linearly stable,0.19221320585828816,0.07688507630128476
n10_4_D10,5.45,13.3,linearly stable,0.2451678232056531,0.09806691295226179
n10_4_D10,5.45,14.1,linearly stable,0.3222208666228743,0.12888811431469996
n10_4_D10,5.45,15.0,linearly stable,0.4383963784140432,0.17535829235453587
n10_4_D10,5.45,15.8,linearly stable,0.5821308214709242,0.23285203174928282
n10_4_D10,5.45,16.8,linearly stable,0.868165093837564,0.34726564572774066
n10_4_D10,5.45,17.8,no activated state,nan,nan
n10_4_D10,5.45,18.8,no activated state,nan,nan
n10_4_D10,5.45,20.0,no activated state,nan,nan
n10_4_D10,5.45,21.1,no activated state,nan,nan
n10_4_D10,5.45,22.4,no activated state,nan,nan
n10_4_D10,5.45,23.7,no activated state,nan,nan
n10_4_D10,5.45,25.1,no activated state,nan,nan
n10_4_D10,5.45,26.6,no activated state,nan,nan
n10_4_D10,5.45,28.2,no activated state,nan,nan
n10_4_D10,5.45,29.9,no activated state,nan,nan
n10_4_D10,5.45,31.6,no activated state,nan,nan
n10_4_D10,5.45,33.5,no activated state,nan,nan
n10_4_D10,5.45,35.5,no activated state,nan,nan
n10_4_D10,5.45,37.6,no activated state,nan,nan
n10_4_D10,5.45,39.8,no activated state,nan,nan
n10_4_D10,5.45,42.2,no activated state,nan,nan
n10_4_D10,5.45,44.7,no activated state,nan,nan
n10_4_D10,5.45,47.3,no activated state,nan,nan
n10_4_D10,5.45,50.1,no activated state,nan,nan
n10_4_D10,5.45,53.1,no activated state,nan,nan
n10_4_D10,5.45,56.2,no activated state,nan,nan
n10_4_D10,5.45,59.6,no activated state,nan,nan
n10_4_D10,5.45,63.1,no activated state,nan,nan
n10_4_D10,5.45,66.8,no activated state,nan,nan
n10_4_D10,5.45,70.8,no activated state,nan,nan
n10_4_D10,5.45,75.0,no activated state,nan,nan
n10_4_D10,5.45,79.4,no activated state,nan,nan
n10_4_D10,5.45,84.1,no activated state,nan,nan
n10_4_D10,5.45,89.1,no activated state,nan,nan
n10_4_D10,5.45,94.4,no activated state,nan,nan
n10_4_D10,5.45,100.0,no activated state,nan,nan
n10_4_D10,5.74,1.0,no activated state,nan,nan
n10_4_D10,5.74,1.06,no activated state,nan,nan
n10_4_D10,5.74,1.12,no activated state,nan,nan
n10_4_D10,5.74,1.19,no activated state,nan,nan
n10_4_D10,5.74,1.26,linearly stable,1.0644454481179011e-05,4.154756174242786e-06
n10_4_D10,5.74,1.33,linearly stable,1.3152241939984322e-05,5.157870925811319e-06
n10_4_D10,5.74,1.41,linearly stable,1.654606578860296e-05,6.5154001507694085e-06
n10_4_D10,5.74,1.5,linearly stable,2.1120274547037354e-05,8.345083229076258e-06
n10_4_D10,5.74,1.58,linearly stable,2.5939934090724037e-05,1.0272946600205817e-05
n10_4_D10,5.74,1.68,linearly stable,3.3085640701591146e-05,1.3131228581719765e-05
n10_4_D10,5.74,1.78,linearly stable,4.162800812390621e-05,1.6548174758946048e-05
n10_4_D10,5.74,1.88,linearly stable,5.1738184316807434e-05,2.0592244298387535e-05
n10_4_D10,5.74,2.0,linearly stable,6.619552307851606e-05,2.6375178462394846e-05
n10_4_D10,5.74,2.11,linearly stable,8.194377689174637e-05,3.26744785277316e-05
n10_4_D10,5.74,2.24,linearly stable,0.00010401418249039729,4.1502638720371586e-05
n10_4_D10,5.74,2.37,linearly stable,0.00013028135549708608,5.200950548682183e-05
n10_4_D10,5.74,2.51,linearly stable,0.00016383809600339916,6.543219857793963e-05
n10_4_D10,5.74,2.66,linearly stable,0.00020659240247522526,8.253391720174739e-05
n10_4_D10,5.74,2.82,linearly stable,0.0002609054724689308,0.00010425914016166905
n10_4_D10,5.74,2.99,linearly stable,0.00032968328151805615,0.00013177025740247205
n10_4_D10,5.74,3.16,linearly stable,0.00041125469665281855,0.00016439881589010063
n10_4_D10,5.74,3.35,linearly stable,0.0005194079442838451,0.00020766010490960474
n10_4_D10,5.74,3.55,linearly stable,0.0006549793639509804,0.00026188866019869996
n10_4_D10,5.74,3.76,linearly stable,0.0008242657615897819,0.00032960320354568544
n10_4_D10,5.74,3.98,linearly stable,0.001034823482410907,0.0004138262723329456
n10_4_D10,5.74,4.22,linearly stable,0.0013080385476138545,0.0005231122730512931
n10_4_D10,5.74,4.47,linearly stable,0.0016468605248454171,0.0006586410324812783
n10_4_D10,5.74,4.73,linearly stable,0.002065134657550649,0.0008259506467078691
n10_4_D10,5.74,5.01,linearly stable,0.0025999184569514,0.001039864116766183
n10_4_D10,5.74,5.31,linearly stable,0.003281905729194401,0.0013126589622413968
n10_4_D10,5.74,5.62,linearly stable,0.004119726127986834,0.0016477870437855376
n10_4_D10,5.74,5.96,linearly stable,0.005213628405869031,0.0020853478530352995
n10_4_D10,5.74,6.31,linearly stable,0.006554800611311418,0.002621816610121799
n10_4_D10,5.74,6.68,linearly stable,0.00823968383120044,0.003295769740690688
n10_4_D10,5.74,7.08,linearly stable,0.010408937149570807,0.0041634708650156735
n10_4_D10,5.74,7.5,linearly stable,0.01312522370361835,0.005249985231791991
n10_4_D10,5.74,7.94,linearly stable,0.01651501979502923,0.006605903349350086
n10_4_D10,5.74,8.41,linearly stable,0.02083141232031016,0.008332459951686341
n10_4_D10,5.74,8.91,linearly stable,0.026317125489584425,0.010526744698600208
n10_4_D10,5.74,9.44,linearly stable,0.03327593959040587,0.013310269674146662
n10_4_D10,5.74,10.0,linearly stable,0.04208840693994409,0.016835255765409434
n10_4_D10,5.74,10.6,linearly stable,0.05343946047135839,0.02137567607385639
n10_4_D10,5.74,11.2,linearly stable,0.06706356564260108,0.026825316800387838
n10_4_D10,5.74,11.9,linearly stable,0.08630013447146423,0.03451994240551989
n10_4_D10,5.74,12.6,linearly stable,0.10976163598792166,0.043904540611419435
n10_4_D10,5.74,13.3,linearly stable,0.13824091354229573,0.05529624864146334
n10_4_D10,5.74,14.1,linearly stable,0.17820682112901665,0.07128260732933561
n10_4_D10,5.74,15.0,linearly stable,0.23496161010354122,0.09398451643413036
n10_4_D10,5.74,15.8,linearly stable,0.29889924857594674,0.11955956405118222
n10_4_D10,5.74,16.8,linearly stable,0.4033009077052063,0.16132021385619538
n10_4_D10,5.74,17.8,linearly stable,0.5485019242147893,0.21940059851293442
n10_4_D10,5.74,18.8,linearly stable,0.7673723609508953,0.30694873302503795
n10_4_D10,5.74,20.0,Turing,1.4088515744041086,0.5635402256698155
n10_4_D10,5.74,21.1,no activated state,nan,nan
n10_4_D10,5.74,22.4,no activated state,nan,nan
n10_4_D10,5.74,23.7,no activated state,nan,nan
n10_4_D10,5.74,25.1,no activated state,nan,nan
n10_4_D10,5.74,26.6,no activated state,nan,nan
n10_4_D10,5.74,28.2,no activated state,nan,nan
n10_4_D10,5.74,29.9,no activated state,nan,nan
n10_4_D10,5.74,31.6,no activated state,nan,nan
n10_4_D10,5.74,33.5,no activated state,nan,nan
n10_4_D10,5.74,35.5,no activated state,nan,nan
n10_4_D10,5.74,37.6,no activated state,nan,nan
n10_4_D10,5.74,39.8,no activated state,nan,nan
n10_4_D10,5.74,42.2,no activated state,nan,nan
n10_4_D10,5.74,44.7,no activated state,nan,nan
n10_4_D10,5.74,47.3,no activated state,nan,nan
n10_4_D10,5.74,50.1,no activated state,nan,nan
n10_4_D10,5.74,53.1,no activated state,nan,nan
n10_4_D10,5.74,56.2,no activated state,nan,nan
n10_4_D10,5.74,59.6,no activated state,nan,nan
n10_4_D10,5.74,63.1,no activated state,nan,nan
n10_4_D10,5.74,66.8,no activated state,nan,nan
n10_4_D10,5.74,70.8,no activated state,nan,nan
n10_4_D10,5.74,75.0,no activated state,nan,nan
n10_4_D10,5.74,79.4,no activated state,nan,nan
n10_4_D10,5.74,84.1,no activated state,nan,nan
n10_4_D10,5.74,89.1,no activated state,nan,nan
n10_4_D10,5.74,94.4,no activated state,nan,nan
n10_4_D10,5.74,100.0,no activated state,nan,nan
n10_4_D10,6.05,1.0,no activated state,nan,nan
n10_4_D10,6.05,1.06,no activated state,nan,nan
n10_4_D10,6.05,1.12,no activated state,nan,nan
n10_4_D10,6.05,1.19,no activated state,nan,nan
n10_4_D10,6.05,1.26,no activated state,nan,nan
n10_4_D10,6.05,1.33,no activated state,nan,nan
n10_4_D10,6.05,1.41,no activated state,nan,nan
n10_4_D10,6.05,1.5,linearly stable,1.2481386810758721e-05,4.9316696100950195e-06
n10_4_D10,6.05,1.58,linearly stable,1.5329631788407738e-05,6.0709674457183055e-06
n10_4_D10,6.05,1.68,linearly stable,1.955247636575841e-05,7.760105044802475e-06
n10_4_D10,6.05,1.78,linearly stable,2.4600678896202766e-05,9.779385780718667e-06
n10_4_D10,6.05,1.88,linearly stable,3.0575371837704424e-05,1.2169262629549566e-05
n10_4_D10,6.05,2.0,linearly stable,3.911901382491756e-05,1.5586718956056415e-05
n10_4_D10,6.05,2.11,linearly stable,4.8425471499413675e-05,1.9309301515909504e-05
n10_4_D10,6.05,2.24,linearly stable,6.146791475480917e-05,2.452627810376061e-05
n10_4_D10,6.05,2.37,linearly stable,7.699027227414668e-05,3.073522026039929e-05
n10_4_D10,6.05,2.51,linearly stable,9.682009367351085e-05,3.866714773380641e-05
n10_4_D10,6.05,2.66,linearly stable,0.0001220846758243077,4.877297920934088e-05
n10_4_D10,6.05,2.82,linearly stable,0.00015417898127756402,6.161069963203665e-05
n10_4_D10,6.05,2.99,linearly stable,0.0001948196673340341,7.786697182699685e-05
n10_4_D10,6.05,3.16,linearly stable,0.00024301858997599624,9.714653824186905e-05
n10_4_D10,6.05,3.35,linearly stable,0.0003069217065199137,0.0001227077813575118
n10_4_D10,6.05,3.55,linearly stable,0.0003870210499934412,0.00015474751435594355
n10_4_D10,6.05,3.76,linearly stable,0.00048703389381898887,0.0001947526464036636
n10_4_D10,6.05,3.98,linearly stable,0.000611419781996192,0.00024450699485486675
n10_4_D10,6.05,4.22,linearly stable,0.0007728041847165912,0.00030906074709360757
n10_4_D10,6.05,4.47,linearly stable,0.0009729166024863289,0.0003891057032263293
n10_4_D10,6.05,4.73,linearly stable,0.0012199161119674784,0.0004879054934697006
n10_4_D10,6.05,5.01,linearly stable,0.0015356552774503651,0.0006142011423378273
n10_4_D10,6.05,5.31,linearly stable,0.0019382036350645837,0.000775220463287106
n10_4_D10,6.05,5.62,linearly stable,0.0024325794053992045,0.0009729707442715506
n10_4_D10,6.05,5.96,linearly stable,0.00307780607803787,0.0012310613778740483
n10_4_D10,6.05,6.31,linearly stable,0.0038684858668835975,0.0015473332499354572
n10_4_D10,6.05,6.68,linearly stable,0.004861178769707264,0.0019444103564312861
n10_4_D10,6.05,7.08,linearly stable,0.0061382335089088524,0.002455232181748077
n10_4_D10,6.05,7.5,linearly stable,0.007735712729785016,0.0030942237819538234
n10_4_D10,6.05,7.94,linearly stable,0.009726761545179041,0.003890643198052554
n10_4_D10,6.05,8.41,linearly stable,0.012257985192344334,0.004903132516684023
n10_4_D10,6.05,8.91,linearly stable,0.015468310716831857,0.006187262548108407
n10_4_D10,6.05,9.44,linearly stable,0.019530020305835727,0.007811946157211898
n10_4_D10,6.05,10.0,linearly stable,0.02465639948996956,0.009862497543678352
n10_4_D10,6.05,10.6,linearly stable,0.03123087737664343,0.012492288327868483
n10_4_D10,6.05,11.2,linearly stable,0.03907892276264868,0.01563150603681372
n10_4_D10,6.05,11.9,linearly stable,0.05007919538692951,0.02003161445620972
n10_4_D10,6.05,12.6,linearly stable,0.06336551175546212,0.025346140232965816
n10_4_D10,6.05,13.3,linearly stable,0.07929789340483939,0.0317190919548854
n10_4_D10,6.05,14.1,linearly stable,0.10128602437701861,0.04051434302447312
n10_4_D10,6.05,15.0,linearly stable,0.13174366057152942,0.05269739562571642
n10_4_D10,6.05,15.8,linearly stable,0.16493336344485243,0.0659732746631139
n10_4_D10,6.05,16.8,linearly stable,0.21642971544385992,0.08657181204141239
n10_4_D10,6.05,17.8,linearly stable,0.2820858169000917,0.11283424799223812
n10_4_D10,6.05,18.8,linearly stable,0.3667120441341565,0.14668473243487226
n10_4_D10,6.05,20.0,linearly stable,0.5048736209080429,0.20194935131233227
n10_4_D10,6.05,21.1,linearly stable,0.6902493190847769,0.2760996117391535
n10_4_D10,6.05,22.4,linearly stable,1.094834703201124,0.43793370840696816
n10_4_D10,6.05,23.7,no activated state,nan,nan
n10_4_D10,6.05,25.1,no activated state,nan,nan
n10_4_D10,6.05,26.6,no activated state,nan,nan
n10_4_D10,6.05,28.2,no activated state,nan,nan
n10_4_D10,6.05,29.9,no activated state,nan,nan
n10_4_D10,6.05,31.6,no activated state,nan,nan
n10_4_D10,6.05,33.5,no activated state,nan,nan
n10_4_D10,6.05,35.5,no activated state,nan,nan
n10_4_D10,6.05,37.6,no activated state,nan,nan
n10_4_D10,6.05,39.8,no activated state,nan,nan
n10_4_D10,6.05,42.2,no activated state,nan,nan
n10_4_D10,6.05,44.7,no activated state,nan,nan
n10_4_D10,6.05,47.3,no activated state,nan,nan
n10_4_D10,6.05,50.1,no activated state,nan,nan
n10_4_D10,6.05,53.1,no activated state,nan,nan
n10_4_D10,6.05,56.2,no activated state,nan,nan
n10_4_D10,6.05,59.6,no activated state,nan,nan
n10_4_D10,6.05,63.1,no activated state,nan,nan
n10_4_D10,6.05,66.8,no activated state,nan,nan
n10_4_D10,6.05,70.8,no activated state,nan,nan
n10_4_D10,6.05,75.0,no activated state,nan,nan
n10_4_D10,6.05,79.4,no activated state,nan,nan
n10_4_D10,6.05,84.1,no activated state,nan,nan
n10_4_D10,6.05,89.1,no activated state,nan,nan
n10_4_D10,6.05,94.4,no activated state,nan,nan
n10_4_D10,6.05,100.0,no activated state,nan,nan
n10_4_D10,6.37,1.0,no activated state,nan,nan
n10_4_D10,6.37,1.06,no activated state,nan,nan
n10_4_D10,6.37,1.12,no activated state,nan,nan
n10_4_D10,6.37,1.19,no activated state,nan,nan
n10_4_D10,6.37,1.26,no activated state,nan,nan
n10_4_D10,6.37,1.33,no activated state,nan,nan
n10_4_D10,6.37,1.41,no activated state,nan,nan
n10_4_D10,6.37,1.5,no activated state,nan,nan
n10_4_D10,6.37,1.58,no activated state,nan,nan
n10_4_D10,6.37,1.68,linearly stable,1.167775802946025e-05,4.6347393303346365e-06
n10_4_D10,6.37,1.78,linearly stable,1.4692792773551844e-05,5.840753129761211e-06
n10_4_D10,6.37,1.88,linearly stable,1.826116522218868e-05,7.268101991888644e-06
n10_4_D10,6.37,2.0,linearly stable,2.3363822017063995e-05,9.309164542807588e-06
n10_4_D10,6.37,2.11,linearly stable,2.8922047520252292e-05,1.1532454562385044e-05
n10_4_D10,6.37,2.24,linearly stable,3.671153273598904e-05,1.4648248393791766e-05
n10_4_D10,6.37,2.37,linearly stable,4.598207173578395e-05,1.83564636899354e-05
n10_4_D10,6.37,2.51,linearly stable,5.782510676399788e-05,2.309367731361005e-05
n10_4_D10,6.37,2.66,linearly stable,7.291382632113041e-05,2.9129164643172314e-05
n10_4_D10,6.37,2.82,linearly stable,9.208122743853409e-05,3.679612446246335e-05
n10_4_D10,6.37,2.99,linearly stable,0.00011635235306672875,4.650457391914991e-05
n10_4_D10,6.37,3.16,linearly stable,0.00014513683696204538,5.8018366535477465e-05
n10_4_D10,6.37,3.35,linearly stable,0.00018329903214264753,7.328324335819774e-05
n10_4_D10,6.37,3.55,linearly stable,0.0002311320373393766,9.241644387108997e-05
n10_4_D10,6.37,3.76,linearly stable,0.000290854640281335,0.0001163054830928552
n10_4_D10,6.37,3.98,linearly stable,0.00036512823200163247,0.00014601491734978915
n10_4_D10,6.37,4.22,linearly stable,0.00046148891340136444,0.00018455918675486818
n10_4_D10,6.37,4.47,linearly stable,0.0005809649196386601,0.00023234958533747697
n10_4_D10,6.37,4.73,linearly stable,0.0007284213100278158,0.0002913321366642453
n10_4_D10,6.37,5.01,linearly stable,0.0009168932386005579,0.00036672090192031373
n10_4_D10,6.37,5.31,linearly stable,0.0011571487380912515,0.00046282309384520126
n10_4_D10,6.37,5.62,linearly stable,0.0014521567592840068,0.0005808262926553564
n10_4_D10,6.37,5.96,linearly stable,0.0018370931670019797,0.0007348008431231625
n10_4_D10,6.37,6.31,linearly stable,0.0023086686860795957,0.0009234310352892736
n10_4_D10,6.37,6.68,linearly stable,0.002900514807453458,0.001160169464418791
n10_4_D10,6.37,7.08,linearly stable,0.003661548146255411,0.0014645827749511027
n10_4_D10,6.37,7.5,linearly stable,0.004612976407821767,0.0018451540483110291
n10_4_D10,6.37,7.94,linearly stable,0.005797942266344558,0.0023191403527368887
n10_4_D10,6.37,8.41,linearly stable,0.007303003195783253,0.0029211646749321752
n10_4_D10,6.37,8.91,linearly stable,0.009209616848990798,0.0036838100733001863
n10_4_D10,6.37,9.44,linearly stable,0.011618268587016978,0.004647270688856356
n10_4_D10,6.37,10.0,linearly stable,0.014652525246477976,0.005860973252024659
n10_4_D10,6.37,10.6,linearly stable,0.01853445096335893,0.007413743409604829
n10_4_D10,6.37,11.2,linearly stable,0.023154384003991613,0.009261716471472278
n10_4_D10,6.37,11.9,linearly stable,0.0296041688408355,0.011841630189476452
n10_4_D10,6.37,12.6,linearly stable,0.03735385307996775,0.014941503622854405
n10_4_D10,6.37,13.3,linearly stable,0.04658790493970888,0.01863512405156377
n10_4_D10,6.37,14.1,linearly stable,0.059224511345729036,0.023689766177877873
n10_4_D10,6.37,15.0,linearly stable,0.07651932072449741,0.03060768932347715
n10_4_D10,6.37,15.8,linearly stable,0.09508239759590142,0.03803291940983949
n10_4_D10,6.37,16.8,linearly stable,0.12328206149426202,0.049312783939162205
n10_4_D10,6.37,17.8,linearly stable,0.15813141136423292,0.06325252257292484
n10_4_D10,6.37,18.8,linearly stable,0.20113023661145535,0.08045205098477633
n10_4_D10,6.37,20.0,linearly stable,0.26636030262403243,0.10654407468482538
n10_4_D10,6.37,21.1,linearly stable,0.3433366654126335,0.1373346163659121
n10_4_D10,6.37,22.4,linearly stable,0.46452091593686906,0.1858083105813242
n10_4_D10,6.37,23.7,linearly stable,0.6381232286530625,0.25524922563493413
n10_4_D10,6.37,25.1,linearly stable,0.9520959385629157,0.38083828594355756
n10_4_D10,6.37,26.6,no activated state,nan,nan
n10_4_D10,6.37,28.2,no activated state,nan,nan
n10_4_D10,6.37,29.9,no activated state,nan,nan
n10_4_D10,6.37,31.6,no activated state,nan,nan
n10_4_D10,6.37,33.5,no activated state,nan,nan
n10_4_D10,6.37,35.5,no activated state,nan,nan
n10_4_D10,6.37,37.6,no activated state,nan,nan
n10_4_D10,6.37,39.8,no activated state,nan,nan
n10_4_D10,6.37,42.2,no activated state,nan,nan
n10_4_D10,6.37,44.7,no activated state,nan,nan
n10_4_D10,6.37,47.3,no activated state,nan,nan
n10_4_D10,6.37,50.1,no activated state,nan,nan
n10_4_D10,6.37,53.1,no activated state,nan,nan
n10_4_D10,6.37,56.2,no activated state,nan,nan
n10_4_D10,6.37,59.6,no activated state,nan,nan
n10_4_D10,6.37,63.1,no activated state,nan,nan
n10_4_D10,6.37,66.8,no activated state,nan,nan
n10_4_D10,6.37,70.8,no activated state,nan,nan
n10_4_D10,6.37,75.0,no activated state,nan,nan
n10_4_D10,6.37,79.4,no activated state,nan,nan
n10_4_D10,6.37,84.1,no activated state,nan,nan
n10_4_D10,6.37,89.1,no activated state,nan,nan
n10_4_D10,6.37,94.4,no activated state,nan,nan
n10_4_D10,6.37,100.0,no activated state,nan,nan
n10_4_D10,6.71,1.0,no activated state,nan,nan
n10_4_D10,6.71,1.06,no activated state,nan,nan
n10_4_D10,6.71,1.12,no activated state,nan,nan
n10_4_D10,6.71,1.19,no activated state,nan,nan
n10_4_D10,6.71,1.26,no activated state,nan,nan
n10_4_D10,6.71,1.33,no activated state,nan,nan
n10_4_D10,6.71,1.41,no activated state,nan,nan
n10_4_D10,6.71,1.5,no activated state,nan,nan
n10_4_D10,6.71,1.58,no activated state,nan,nan
n10_4_D10,6.71,1.68,no activated state,nan,nan
n10_4_D10,6.71,1.78,no activated state,nan,nan
n10_4_D10,6.71,1.88,linearly stable,1.0856653902546753e-05,4.321042390235846e-06
n10_4_D10,6.71,2.0,linearly stable,1.3890278302008952e-05,5.534492091361538e-06
n10_4_D10,6.71,2.11,linearly stable,1.7194739633241696e-05,6.856276559626409e-06
n10_4_D10,6.71,2.24,linearly stable,2.1825710978529145e-05,8.708665007029846e-06
n10_4_D10,6.71,2.37,linearly stable,2.7337173001962256e-05,1.0913249709216738e-05
n10_4_D10,6.71,2.51,linearly stable,3.437798890115751e-05,1.3729575932253198e-05
n10_4_D10,6.71,2.66,linearly stable,4.334835133290582e-05,1.731772072975072e-05
n10_4_D10,6.71,2.82,linearly stable,5.474344287548227e-05,2.187575712524506e-05
n10_4_D10,6.71,2.99,linearly stable,6.917259061101078e-05,2.764741593917504e-05
n10_4_D10,6.71,3.16,linearly stable,8.628473896821198e-05,3.4492274948860704e-05
n10_4_D10,6.71,3.35,linearly stable,0.00010897155464539843,4.3567000778452096e-05
n10_4_D10,6.71,3.55,linearly stable,0.00013740701658271348,5.4941184999933234e-05
n10_4_D10,6.71,3.76,linearly stable,0.00017290975688366572,6.914228042882772e-05
n10_4_D10,6.71,3.98,linearly stable,0.00021706128826570747,8.680289212255207e-05
n10_4_D10,6.71,4.22,linearly stable,0.00027434038714524434,0.00010971453055982016
n10_4_D10,6.71,4.47,linearly stable,0.00034535667978619067,0.000138121046233944
n10_4_D10,6.71,4.73,linearly stable,0.0004329997086927051,0.00017317825609058856
n10_4_D10,6.71,5.01,linearly stable,0.0005450133329731877,0.00021798370362211678
n10_4_D10,6.71,5.31,linearly stable,0.0006877908155400458,0.00027509469386944934
n10_4_D10,6.71,5.62,linearly stable,0.0008630872207238127,0.00034521325252918737
n10_4_D10,6.71,5.96,linearly stable,0.0010917882912941934,0.000436693676303754
n10_4_D10,6.71,6.31,linearly stable,0.001371915228106646,0.0005487444455714419
n10_4_D10,6.71,6.68,linearly stable,0.001723409719638358,0.0006893422353338936
n10_4_D10,6.71,7.08,linearly stable,0.002175259262459095,0.0008700820436538382
n10_4_D10,6.71,7.5,linearly stable,0.0027399553002027677,0.001095960447736774
n10_4_D10,6.71,7.94,linearly stable,0.0034429553168713323,0.0013771604406838983
n10_4_D10,6.71,8.41,linearly stable,0.004335366491222681,0.001734124892992541
n10_4_D10,6.71,8.91,linearly stable,0.005465085565197203,0.002186012500493532
n10_4_D10,6.71,9.44,linearly stable,0.00689101294695349,0.0027563834252798225
n10_4_D10,6.71,10.0,linearly stable,0.00868528973836269,0.0034740941066591954
n10_4_D10,6.71,10.6,linearly stable,0.010977550804467384,0.004390998488059446
n10_4_D10,6.71,11.2,linearly stable,0.01370079397423507,0.005480295702321949
n10_4_D10,6.71,11.9,linearly stable,0.017493876784099305,0.006997528751304387
n10_4_D10,6.71,12.6,linearly stable,0.022037827644778574,0.008815109005397323
n10_4_D10,6.71,13.3,linearly stable,0.027432622412806307,0.010973026805009325
n10_4_D10,6.71,14.1,linearly stable,0.034780643534897404,0.013912235106350155
n10_4_D10,6.71,15.0,linearly stable,0.04477176939108318,0.017908685246520794
n10_4_D10,6.71,15.8,linearly stable,0.05541013271886053,0.022164030359979596
n10_4_D10,6.71,16.8,linearly stable,0.07139897253069738,0.028559565953183944
n10_4_D10,6.71,17.8,linearly stable,0.0908649372366388,0.03634595142465693
n10_4_D10,6.71,18.8,linearly stable,0.11442382757040459,0.04576950704994386
n10_4_D10,6.71,20.0,linearly stable,0.14915860399287384,0.059663416847170005
n10_4_D10,6.71,21.1,linearly stable,0.18851745692163968,0.07540695711064029
n10_4_D10,6.71,22.4,linearly stable,0.24667393140609506,0.09866954549419298
n10_4_D10,6.71,23.7,linearly stable,0.3212045643410699,0.12848179673342303
n10_4_D10,6.71,25.1,linearly stable,0.4269007789639523,0.17076027956997303
n10_4_D10,6.71,26.6,linearly stable,0.5853204239107279,0.23412813236069732
n10_4_D10,6.71,28.2,linearly stable,0.8550244438591836,0.3420097292164497
n10_4_D10,6.71,29.9,no activated state,nan,nan
n10_4_D10,6.71,31.6,no activated state,nan,nan
n10_4_D10,6.71,33.5,no activated state,nan,nan
n10_4_D10,6.71,35.5,no activated state,nan,nan
n10_4_D10,6.71,37.6,no activated state,nan,nan
n10_4_D10,6.71,39.8,no activated state,nan,nan
n10_4_D10,6.71,42.2,no activated state,nan,nan
n10_4_D10,6.71,44.7,no activated state,nan,nan
n10_4_D10,6.71,47.3,no activated state,nan,nan
n10_4_D10,6.71,50.1,no activated state,nan,nan
n10_4_D10,6.71,53.1,no activated state,nan,nan
n10_4_D10,6.71,56.2,no activated state,nan,nan
n10_4_D10,6.71,59.6,no activated state,nan,nan
n10_4_D10,6.71,63.1,no activated state,nan,nan
n10_4_D10,6.71,66.8,no activated state,nan,nan
n10_4_D10,6.71,70.8,no activated state,nan,nan
n10_4_D10,6.71,75.0,no activated state,nan,nan
n10_4_D10,6.71,79.4,no activated state,nan,nan
n10_4_D10,6.71,84.1,no activated state,nan,nan
n10_4_D10,6.71,89.1,no activated state,nan,nan
n10_4_D10,6.71,94.4,no activated state,nan,nan
n10_4_D10,6.71,100.0,no activated state,nan,nan
n10_4_D10,7.07,1.0,no activated state,nan,nan
n10_4_D10,7.07,1.06,no activated state,nan,nan
n10_4_D10,7.07,1.12,no activated state,nan,nan
n10_4_D10,7.07,1.19,no activated state,nan,nan
n10_4_D10,7.07,1.26,no activated state,nan,nan
n10_4_D10,7.07,1.33,no activated state,nan,nan
n10_4_D10,7.07,1.41,no activated state,nan,nan
n10_4_D10,7.07,1.5,no activated state,nan,nan
n10_4_D10,7.07,1.58,no activated state,nan,nan
n10_4_D10,7.07,1.68,no activated state,nan,nan
n10_4_D10,7.07,1.78,no activated state,nan,nan
n10_4_D10,7.07,1.88,no activated state,nan,nan
n10_4_D10,7.07,2.0,no activated state,nan,nan
n10_4_D10,7.07,2.11,linearly stable,1.0195890065567426e-05,4.065536563128523e-06
n10_4_D10,7.07,2.24,linearly stable,1.2941884828254757e-05,5.163934436563603e-06
n10_4_D10,7.07,2.37,linearly stable,1.620997125972856e-05,6.471168971303825e-06
n10_4_D10,7.07,2.51,linearly stable,2.038489545053146e-05,8.141138599101103e-06
n10_4_D10,7.07,2.66,linearly stable,2.5703946762156704e-05,1.026875906320295e-05
n10_4_D10,7.07,2.82,linearly stable,3.2460733446759704e-05,1.2971473658640654e-05
n10_4_D10,7.07,2.99,linearly stable,4.101653666155336e-05,1.6393794845604734e-05
n10_4_D10,7.07,3.16,linearly stable,5.116316740272353e-05,2.0452447025595173e-05
n10_4_D10,7.07,3.35,linearly stable,6.461518242240061e-05,2.5833252877903894e-05
n10_4_D10,7.07,3.55,linearly stable,8.147564826366249e-05,3.25774390195899e-05
n10_4_D10,7.07,3.76,linearly stable,0.00010252629801033031,4.099769867529619e-05
n10_4_D10,7.07,3.98,linearly stable,0.00012870465340486525,5.1469040530973134e-05
n10_4_D10,7.07,4.22,linearly stable,0.00016266591361002725,6.505354422159375e-05
n10_4_D10,7.07,4.47,linearly stable,0.00020477097194770977,8.18955670708667e-05
n10_4_D10,7.07,4.73,linearly stable,0.00025673222622146774,0.00010268006818082447
n10_4_D10,7.07,5.01,linearly stable,0.00032313946775164304,0.00012924296402600134
n10_4_D10,7.07,5.31,linearly stable,0.0004077806607793999,0.00016309944026054676
n10_4_D10,7.07,5.62,linearly stable,0.0005116929538284687,0.00020466435628067452
n10_4_D10,7.07,5.96,linearly stable,0.0006472513337041352,0.0002588877066664938
n10_4_D10,7.07,6.31,linearly stable,0.0008132742391553371,0.0003252968669298287
n10_4_D10,7.07,6.68,linearly stable,0.001021567749263097,0.00040861426856776873
n10_4_D10,7.07,7.08,linearly stable,0.001289287187351551,0.0005157020407106848
n10_4_D10,7.07,7.5,linearly stable,0.0016237984195810462,0.0006495065297372298
n10_4_D10,7.07,7.94,linearly stable,0.0020401295341732073,0.0008160389707614142
n10_4_D10,7.07,8.41,linearly stable,0.0025684615305099356,0.0010273717631864587
n10_4_D10,7.07,8.91,linearly stable,0.003237009654383227,0.0012947910050005343
n10_4_D10,7.07,9.44,linearly stable,0.004080406919924062,0.0016321499014505896
n10_4_D10,7.07,10.0,linearly stable,0.005140971537541672,0.0020563757362044945
n10_4_D10,7.07,10.6,linearly stable,0.00649474696895469,0.0025978858930601006
n10_4_D10,7.07,11.2,linearly stable,0.008101390634631667,0.003240543340657986
n10_4_D10,7.07,11.9,linearly stable,0.010336194818163502,0.004134464988048374
n10_4_D10,7.07,12.6,linearly stable,0.013008755826682261,0.005203489360259082
n10_4_D10,7.07,13.3,linearly stable,0.016175157427776865,0.006470049963627592
n10_4_D10,7.07,14.1,linearly stable,0.020476415969168382,0.008190553329639963
n10_4_D10,7.07,15.0,linearly stable,0.02630332445750283,0.010521316656153468
n10_4_D10,7.07,15.8,linearly stable,0.03248023069726713,0.012992079078664271
n10_4_D10,7.07,16.8,linearly stable,0.041709929484859964,0.016683958483182666
n10_4_D10,7.07,17.8,linearly stable,0.05285847697475865,0.021143377344272934
n10_4_D10,7.07,18.8,linearly stable,0.06621930604824966,0.026487708810032616
n10_4_D10,7.07,20.0,linearly stable,0.08564946477397362,0.034259772058388614
n10_4_D10,7.07,21.1,linearly stable,0.10726915059803277,0.04290764611318345
n10_4_D10,7.07,22.4,linearly stable,0.13841543292130054,0.05536615863584657
n10_4_D10,7.07,23.7,linearly stable,0.17687702107718972,0.07075079337799485
n10_4_D10,7.07,25.1,linearly stable,0.2284573565893988,0.09138292685246495
n10_4_D10,7.07,26.6,linearly stable,0.29875492434028095,0.1195019528931466
n10_4_D10,7.07,28.2,linearly stable,0.3971119992481198,0.15884478123850906
n10_4_D10,7.07,29.9,linearly stable,0.5413268142038552,0.2165307045274751
n10_4_D10,7.07,31.6,linearly stable,0.7585186263012023,0.3034074244474502
n10_4_D10,7.07,33.5,Turing,1.283483917661361,0.5133935229299202
n10_4_D10,7.07,35.5,no activated state,nan,nan
n10_4_D10,7.07,37.6,no activated state,nan,nan
n10_4_D10,7.07,39.8,no activated state,nan,nan
n10_4_D10,7.07,42.2,no activated state,nan,nan
n10_4_D10,7.07,44.7,no activated state,nan,nan
n10_4_D10,7.07,47.3,no activated state,nan,nan
n10_4_D10,7.07,50.1,no activated state,nan,nan
n10_4_D10,7.07,53.1,no activated state,nan,nan
n10_4_D10,7.07,56.2,no activated state,nan,nan
n10_4_D10,7.07,59.6,no activated state,nan,nan
n10_4_D10,7.07,63.1,no activated state,nan,nan
n10_4_D10,7.07,66.8,no activated state,nan,nan
n10_4_D10,7.07,70.8,no activated state,nan,nan
n10_4_D10,7.07,75.0,no activated state,nan,nan
n10_4_D10,7.07,79.4,no activated state,nan,nan
n10_4_D10,7.07,84.1,no activated state,nan,nan
n10_4_D10,7.07,89.1,no activated state,nan,nan
n10_4_D10,7.07,94.4,no activated state,nan,nan
n10_4_D10,7.07,100.0,no activated state,nan,nan
n10_4_D10,7.45,1.0,no activated state,nan,nan
n10_4_D10,7.45,1.06,no activated state,nan,nan
n10_4_D10,7.45,1.12,no activated state,nan,nan
n10_4_D10,7.45,1.19,no activated state,nan,nan
n10_4_D10,7.45,1.26,no activated state,nan,nan
n10_4_D10,7.45,1.33,no activated state,nan,nan
n10_4_D10,7.45,1.41,no activated state,nan,nan
n10_4_D10,7.45,1.5,no activated state,nan,nan
n10_4_D10,7.45,1.58,no activated state,nan,nan
n10_4_D10,7.45,1.68,no activated state,nan,nan
n10_4_D10,7.45,1.78,no activated state,nan,nan
n10_4_D10,7.45,1.88,no activated state,nan,nan
n10_4_D10,7.45,2.0,no activated state,nan,nan
n10_4_D10,7.45,2.11,no activated state,nan,nan
n10_4_D10,7.45,2.24,no activated state,nan,nan
n10_4_D10,7.45,2.37,no activated state,nan,nan
n10_4_D10,7.45,2.51,linearly stable,1.2076416766593212e-05,4.822972157428177e-06
n10_4_D10,7.45,2.66,linearly stable,1.522751185700777e-05,6.083410172310877e-06
n10_4_D10,7.45,2.82,linearly stable,1.92303356116863e-05,7.684539646905847e-06
n10_4_D10,7.45,2.99,linearly stable,2.4298908453124213e-05,9.711968748499802e-06
n10_4_D10,7.45,3.16,linearly stable,3.0309885995505326e-05,1.2116359724600524e-05
n10_4_D10,7.45,3.35,linearly stable,3.827897182784312e-05,1.5303994003002652e-05
n10_4_D10,7.45,3.55,linearly stable,4.826719063322216e-05,1.9299281457030818e-05
n10_4_D10,7.45,3.76,linearly stable,6.0737597624704875e-05,2.4287444168055278e-05
n10_4_D10,7.45,3.98,linearly stable,7.624550866780488e-05,3.0490608479578346e-05
n10_4_D10,7.45,4.22,linearly stable,9.636372230392709e-05,3.85378937967613e-05
n10_4_D10,7.45,4.47,linearly stable,0.00012130583046388033,4.8514736890139914e-05
n10_4_D10,7.45,4.73,linearly stable,0.00015208594157045674,6.082678112222377e-05
n10_4_D10,7.45,5.01,linearly stable,0.00019142242371650298,7.656137371152965e-05
n10_4_D10,7.45,5.31,linearly stable,0.0002415582850101572,9.661571788679987e-05
n10_4_D10,7.45,5.62,linearly stable,0.0003031067089198647,0.00012123508702960696
n10_4_D10,7.45,5.96,linearly stable,0.0003833955463894423,0.00015335062146840938
n10_4_D10,7.45,6.31,linearly stable,0.0004817219369346315,0.000192681177014382
n10_4_D10,7.45,6.68,linearly stable,0.0006050735018103826,0.00024202180212095525
n10_4_D10,7.45,7.08,linearly stable,0.0007636017448831023,0.0003054330982655453
n10_4_D10,7.45,7.5,linearly stable,0.0009616559468006436,0.0003846547776780119
n10_4_D10,7.45,7.94,linearly stable,0.00120811548887656,0.0004832385928216818
n10_4_D10,7.45,8.41,linearly stable,0.0015208169139768746,0.0006083191607219034
n10_4_D10,7.45,8.91,linearly stable,0.001916410600855123,0.0007665566327647513
n10_4_D10,7.45,9.44,linearly stable,0.0024153117566827476,0.0009661170916779934
n10_4_D10,7.45,10.0,linearly stable,0.0030424309388210613,0.0012169647602354359
n10_4_D10,7.45,10.6,linearly stable,0.0038425313989343124,0.0015370049387931602
n10_4_D10,7.45,11.2,linearly stable,0.004791503229790717,0.0019165936646214808
n10_4_D10,7.45,11.9,linearly stable,0.006110457561399052,0.002444175388199987
n10_4_D10,7.45,12.6,linearly stable,0.007686173596445078,0.003074461791373815
n10_4_D10,7.45,13.3,linearly stable,0.009550796905819503,0.003820311102269006
n10_4_D10,7.45,14.1,linearly stable,0.012079781328455663,0.004831904853849582
n10_4_D10,7.45,15.0,linearly stable,0.015498544254056723,0.006199410000397861
n10_4_D10,7.45,15.8,linearly stable,0.01911351050133847,0.00764539647417041
n10_4_D10,7.45,16.8,linearly stable,0.024497445794486872,0.00979897055381852
n10_4_D10,7.45,17.8,linearly stable,0.030972304874128387,0.012388914140172824
n10_4_D10,7.45,18.8,linearly stable,0.03869071451125694,0.015476277940395295
n10_4_D10,7.45,20.0,linearly stable,0.049834003769926305,0.019933593564243075
n10_4_D10,7.45,21.1,linearly stable,0.062118084705142795,0.024847225849519417
n10_4_D10,7.45,22.4,linearly stable,0.07959817719192408,0.031839262715948
n10_4_D10,7.45,23.7,linearly stable,0.10082193959538466,0.040328767518504345
n10_4_D10,7.45,25.1,linearly stable,0.1286372209418074,0.05145487984369332
n10_4_D10,7.45,26.6,linearly stable,0.1653022534419646,0.06612089255313927
n10_4_D10,7.45,28.2,linearly stable,0.2140630276888389,0.08562520184821629
n10_4_D10,7.45,29.9,linearly stable,0.27981379645703464,0.11192550877830146
n10_4_D10,7.45,31.6,linearly stable,0.3647452130055273,0.14589807459189222
n10_4_D10,7.45,33.5,linearly stable,0.49249786423806174,0.19699913373059225
n10_4_D10,7.45,35.5,linearly stable,0.6896800437721662,0.2758720030605972
n10_4_D10,7.45,37.6,linearly stable,1.067962281331608,0.4271848915460315
n10_4_D10,7.45,39.8,no activated state,nan,nan
n10_4_D10,7.45,42.2,no activated state,nan,nan
n10_4_D10,7.45,44.7,no activated state,nan,nan
n10_4_D10,7.45,47.3,no activated state,nan,nan
n10_4_D10,7.45,50.1,no activated state,nan,nan
n10_4_D10,7.45,53.1,no activated state,nan,nan
n10_4_D10,7.45,56.2,no activated state,nan,nan
n10_4_D10,7.45,59.6,no activated state,nan,nan
n10_4_D10,7.45,63.1,no activated state,nan,nan
n10_4_D10,7.45,66.8,no activated state,nan,nan
n10_4_D10,7.45,70.8,no activated state,nan,nan
n10_4_D10,7.45,75.0,no activated state,nan,nan
n10_4_D10,7.45,79.4,no activated state,nan,nan
n10_4_D10,7.45,84.1,no activated state,nan,nan
n10_4_D10,7.45,89.1,no activated state,nan,nan
n10_4_D10,7.45,94.4,no activated state,nan,nan
n10_4_D10,7.45,100.0,no activated state,nan,nan
n10_4_D10,7.85,1.0,no activated state,nan,nan
n10_4_D10,7.85,1.06,no activated state,nan,nan
n10_4_D10,7.85,1.12,no activated state,nan,nan
n10_4_D10,7.85,1.19,no activated state,nan,nan
n10_4_D10,7.85,1.26,no activated state,nan,nan
n10_4_D10,7.85,1.33,no activated state,nan,nan
n10_4_D10,7.85,1.41,no activated state,nan,nan
n10_4_D10,7.85,1.5,no activated state,nan,nan
n10_4_D10,7.85,1.58,no activated state,nan,nan
n10_4_D10,7.85,1.68,no activated state,nan,nan
n10_4_D10,7.85,1.78,no activated state,nan,nan
n10_4_D10,7.85,1.88,no activated state,nan,nan
n10_4_D10,7.85,2.0,no activated state,nan,nan
n10_4_D10,7.85,2.11,no activated state,nan,nan
n10_4_D10,7.85,2.24,no activated state,nan,nan
n10_4_D10,7.85,2.37,no activated state,nan,nan
n10_4_D10,7.85,2.51,no activated state,nan,nan
n10_4_D10,7.85,2.66,no activated state,nan,nan
n10_4_D10,7.85,2.82,linearly stable,1.1398594963463182e-05,4.5549363751552244e-06
n10_4_D10,7.85,2.99,linearly stable,1.4402927500656304e-05,5.756669377882394e-06
n10_4_D10,7.85,3.16,linearly stable,1.7965850483969703e-05,7.181838556957707e-06
n10_4_D10,7.85,3.35,linearly stable,2.2689401359965444e-05,9.071258888305536e-06
n10_4_D10,7.85,3.55,linearly stable,2.860974004925687e-05,1.1439394339749421e-05
n10_4_D10,7.85,3.76,linearly stable,3.600131774139648e-05,1.439602538682822e-05
n10_4_D10,7.85,3.98,linearly stable,4.519326121998901e-05,1.807280274140823e-05
n10_4_D10,7.85,4.22,linearly stable,5.7117764816760896e-05,2.2842604131103788e-05
n10_4_D10,7.85,4.47,linearly stable,7.190136014134652e-05,2.8756042201484732e-05
n10_4_D10,7.85,4.73,linearly stable,9.014502823201376e-05,3.605350936368967e-05
n10_4_D10,7.85,5.01,linearly stable,0.00011345980683752366,4.537942071172524e-05
n10_4_D10,7.85,5.31,linearly stable,0.000143174848479255,5.726543724761513e-05
n10_4_D10,7.85,5.62,linearly stable,0.00017965317610113551,7.185676814853508e-05
n10_4_D10,7.85,5.96,linearly stable,0.00022723713862360384,9.089035296467275e-05
n10_4_D10,7.85,6.31,linearly stable,0.0002855091124098763,0.00011419914224307947
n10_4_D10,7.85,6.68,linearly stable,0.0003586086583562409,0.00014343896032516937
n10_4_D10,7.85,7.08,linearly stable,0.0004525489091977697,0.00018101506028123145
n10_4_D10,7.85,7.5,linearly stable,0.0005699028195926825,0.0002279566239631298
n10_4_D10,7.85,7.94,linearly stable,0.0007159253211219685,0.000286365623983463
n10_4_D10,7.85,8.41,linearly stable,0.0009011737286668264,0.0003604649862502538
n10_4_D10,7.85,8.91,linearly stable,0.0011354947317976372,0.00045419338655197254
n10_4_D10,7.85,9.44,linearly stable,0.0014309536351075902,0.0005723769466771863
n10_4_D10,7.85,10.0,linearly stable,0.00180226032658104,0.0007208996217604732
n10_4_D10,7.85,10.6,linearly stable,0.002275848134727365,0.0009103347430961043
n10_4_D10,7.85,11.2,linearly stable,0.0028373534786951815,0.0011349368784025632
n10_4_D10,7.85,11.9,linearly stable,0.0036174144574740996,0.0014469612667435505
n10_4_D10,7.85,12.6,linearly stable,0.004548777075804589,0.0018195063102870094
n10_4_D10,7.85,13.3,linearly stable,0.005650125630256575,0.00226004572758308
n10_4_D10,7.85,14.1,linearly stable,0.007142530267169045,0.002857007576263134
n10_4_D10,7.85,15.0,linearly stable,0.00915753175624312,0.003663008163661824
n10_4_D10,7.85,15.8,linearly stable,0.01128506604904489,0.004514021872074523
n10_4_D10,7.85,16.8,linearly stable,0.014447757515581028,0.005779098445709632
n10_4_D10,7.85,17.8,linearly stable,0.01824183309830807,0.007296728663175694
n10_4_D10,7.85,18.8,linearly stable,0.022751025772747013,0.009100405714304005
n10_4_D10,7.85,20.0,linearly stable,0.029234868056576824,0.011693942600874696
n10_4_D10,7.85,21.1,linearly stable,0.036346303853961315,0.014538516890054568
n10_4_D10,7.85,22.4,linearly stable,0.04639963877831277,0.018559850817341045
n10_4_D10,7.85,23.7,linearly stable,0.058500199432557354,0.023400075027367406
n10_4_D10,7.85,25.1,linearly stable,0.07417992308843657,0.029671964421821052
n10_4_D10,7.85,26.6,linearly stable,0.09453112574943079,0.03781244539647638
n10_4_D10,7.85,28.2,linearly stable,0.12102065718708421,0.048408257851931334
n10_4_D10,7.85,29.9,linearly stable,0.15565928180113264,0.062263707536230055
n10_4_D10,7.85,31.6,linearly stable,0.19847383286241915,0.07938952775333713
n10_4_D10,7.85,33.5,linearly stable,0.258508884347568,0.10340354804086965
n10_4_D10,7.85,35.5,linearly stable,0.3399736821530652,0.1359894667157059
n10_4_D10,7.85,37.6,linearly stable,0.4540161955785893,0.18160647139267871
n10_4_D10,7.85,39.8,linearly stable,0.623318238257925,0.2493272872693736
n10_4_D10,7.85,42.2,linearly stable,0.930676575496231,0.37227061935449496
n10_4_D10,7.85,44.7,no activated state,nan,nan
n10_4_D10,7.85,47.3,no activated state,nan,nan
n10_4_D10,7.85,50.1,no activated state,nan,nan
n10_4_D10,7.85,53.1,no activated state,nan,nan
n10_4_D10,7.85,56.2,no activated state,nan,nan
n10_4_D10,7.85,59.6,no activated state,nan,nan
n10_4_D10,7.85,63.1,no activated state,nan,nan
n10_4_D10,7.85,66.8,no activated state,nan,nan
n10_4_D10,7.85,70.8,no activated state,nan,nan
n10_4_D10,7.85,75.0,no activated state,nan,nan
n10_4_D10,7.85,79.4,no activated state,nan,nan
n10_4_D10,7.85,84.1,no activated state,nan,nan
n10_4_D10,7.85,89.1,no activated state,nan,nan
n10_4_D10,7.85,94.4,no activated state,nan,nan
n10_4_D10,7.85,100.0,no activated state,nan,nan
n10_4_D10,8.26,1.0,no activated state,nan,nan
n10_4_D10,8.26,1.06,no activated state,nan,nan
n10_4_D10,8.26,1.12,no activated state,nan,nan
n10_4_D10,8.26,1.19,no activated state,nan,nan
n10_4_D10,8.26,1.26,no activated state,nan,nan
n10_4_D10,8.26,1.33,no activated state,nan,nan
n10_4_D10,8.26,1.41,no activated state,nan,nan
n10_4_D10,8.26,1.5,no activated state,nan,nan
n10_4_D10,8.26,1.58,no activated state,nan,nan
n10_4_D10,8.26,1.68,no activated state,nan,nan
n10_4_D10,8.26,1.78,no activated state,nan,nan
n10_4_D10,8.26,1.88,no activated state,nan,nan
n10_4_D10,8.26,2.0,no activated state,nan,nan
n10_4_D10,8.26,2.11,no activated state,nan,nan
n10_4_D10,8.26,2.24,no activated state,nan,nan
n10_4_D10,8.26,2.37,no activated state,nan,nan
n10_4_D10,8.26,2.51,no activated state,nan,nan
n10_4_D10,8.26,2.66,no activated state,nan,nan
n10_4_D10,8.26,2.82,no activated state,nan,nan
n10_4_D10,8.26,2.99,no activated state,nan,nan
n10_4_D10,8.26,3.16,linearly stable,1.0797975010801153e-05,4.316484403164097e-06
n10_4_D10,8.26,3.35,linearly stable,1.3636947399087163e-05,5.4520733516307866e-06
n10_4_D10,8.26,3.55,linearly stable,1.719521168341842e-05,6.875379056733568e-06
n10_4_D10,8.26,3.76,linearly stable,2.1637713785160884e-05,8.652379886340077e-06
n10_4_D10,8.26,3.98,linearly stable,2.7162257369983678e-05,1.0862197306925703e-05
n10_4_D10,8.26,4.22,linearly stable,3.4329094553697814e-05,1.3728932163092238e-05
n10_4_D10,8.26,4.47,linearly stable,4.3214249001444216e-05,1.7282993920702728e-05
n10_4_D10,8.26,4.73,linearly stable,5.417888494063661e-05,2.1668848269631505e-05
n10_4_D10,8.26,5.01,linearly stable,6.819119532708307e-05,2.7273772390158757e-05
n10_4_D10,8.26,5.31,linearly stable,8.604991010741081e-05,3.441725825906369e-05
n10_4_D10,8.26,5.62,linearly stable,0.000107973064478184,4.318651995343769e-05
n10_4_D10,8.26,5.96,linearly stable,0.00013657012817636094,5.4625345363215294e-05
n10_4_D10,8.26,6.31,linearly stable,0.00017158974527364812,6.863319211700852e-05
n10_4_D10,8.26,6.68,linearly stable,0.00021551911358774767,8.620493933579611e-05
n10_4_D10,8.26,7.08,linearly stable,0.0002719708774734375,0.00010878564475269985
n10_4_D10,8.26,7.5,linearly stable,0.0003424896997128446,0.00013699317347630696
n10_4_D10,8.26,7.94,linearly stable,0.00043023107450412823,0.00017208972317956845
n10_4_D10,8.26,8.41,linearly stable,0.0005415349813042702,0.00021661128562836215
n10_4_D10,8.26,8.91,linearly stable,0.0006823116721088596,0.00027292196160700683
n10_4_D10,8.26,9.44,linearly stable,0.0008598003491511186,0.0003439174319911868
n10_4_D10,8.26,10.0,linearly stable,0.0010828227449743988,0.0004331263897766219
n10_4_D10,8.26,10.6,linearly stable,0.0013672314271917507,0.0005468898619709507
n10_4_D10,8.26,11.2,linearly stable,0.0017043683341333438,0.0006817446239252346
n10_4_D10,8.26,11.9,linearly stable,0.0021726038056368857,0.0008690388113840533
n10_4_D10,8.26,12.6,linearly stable,0.002731467135850263,0.0010925841421054671
n10_4_D10,8.26,13.3,linearly stable,0.0033920609215287723,0.0013568216547632662
n10_4_D10,8.26,14.1,linearly stable,0.00428674551870345,0.001714695491445982
n10_4_D10,8.26,15.0,linearly stable,0.005493870138856272,0.0021975453365533633
n10_4_D10,8.26,15.8,linearly stable,0.006767344754894378,0.0027069351798489827
n10_4_D10,8.26,16.8,linearly stable,0.008658405905667133,0.0034633596355172183
n10_4_D10,8.26,17.8,linearly stable,0.010923785321966806,0.004369511396466506
n10_4_D10,8.26,18.8,linearly stable,0.013611589954413139,0.005444633242819583
n10_4_D10,8.26,20.0,linearly stable,0.017467712902091703,0.006987082412354258
n10_4_D10,8.26,21.1,linearly stable,0.02168520157618592,0.008674077871518686
n10_4_D10,8.26,22.4,linearly stable,0.027626057769887247,0.011050420334171588
n10_4_D10,8.26,23.7,linearly stable,0.03474325623059715,0.013897299700574975
n10_4_D10,8.26,25.1,linearly stable,0.043910719436272005,0.017564284959625445
n10_4_D10,8.26,26.6,linearly stable,0.05571581354175348,0.02228632257159983
n10_4_D10,8.26,28.2,linearly stable,0.07092037435203591,0.028368146856260622
n10_4_D10,8.26,29.9,linearly stable,0.09052118492098082,0.03620847103208066
n10_4_D10,8.26,31.6,linearly stable,0.11429567146851949,0.045718265586926224
n10_4_D10,8.26,33.5,linearly stable,0.14675844869656562,0.05870337638799431
n10_4_D10,8.26,35.5,linearly stable,0.1890986343565937,0.07563945052986958
n10_4_D10,8.26,37.6,linearly stable,0.24485066872082406,0.09794026410648052
n10_4_D10,8.26,39.8,linearly stable,0.3194048621681145,0.12776194124363982
n10_4_D10,8.26,42.2,linearly stable,0.426874941757992,0.1707499726965976
n10_4_D10,8.26,44.7,linearly stable,0.5836191494161225,0.23344765511805024
n10_4_D10,8.26,47.3,linearly stable,0.8400265252603156,0.3360106041446027
n10_4_D10,8.26,50.1,no activated state,nan,nan
n10_4_D10,8.26,53.1,no activated state,nan,nan
n10_4_D10,8.26,56.2,no activated state,nan,nan
n10_4_D10,8.26,59.6,no activated state,nan,nan
n10_4_D10,8.26,63.1,no activated state,nan,nan
n10_4_D10,8.26,66.8,no activated state,nan,nan
n10_4_D10,8.26,70.8,no activated state,nan,nan
n10_4_D10,8.26,75.0,no activated state,nan,nan
n10_4_D10,8.26,79.4,no activated state,nan,nan
n10_4_D10,8.26,84.1,no activated state,nan,nan
n10_4_D10,8.26,89.1,no activated state,nan,nan
n10_4_D10,8.26,94.4,no activated state,nan,nan
n10_4_D10,8.26,100.0,no activated state,nan,nan
n10_4_D10,8.71,1.0,no activated state,nan,nan
n10_4_D10,8.71,1.06,no activated state,nan,nan
n10_4_D10,8.71,1.12,no activated state,nan,nan
n10_4_D10,8.71,1.19,no activated state,nan,nan
n10_4_D10,8.71,1.26,no activated state,nan,nan
n10_4_D10,8.71,1.33,no activated state,nan,nan
n10_4_D10,8.71,1.41,no activated state,nan,nan
n10_4_D10,8.71,1.5,no activated state,nan,nan
n10_4_D10,8.71,1.58,no activated state,nan,nan
n10_4_D10,8.71,1.68,no activated state,nan,nan
n10_4_D10,8.71,1.78,no activated state,nan,nan
n10_4_D10,8.71,1.88,no activated state,nan,nan
n10_4_D10,8.71,2.0,no activated state,nan,nan
n10_4_D10,8.71,2.11,no activated state,nan,nan
n10_4_D10,8.71,2.24,no activated state,nan,nan
n10_4_D10,8.71,2.37,no activated state,nan,nan
n10_4_D10,8.71,2.51,no activated state,nan,nan
n10_4_D10,8.71,2.66,no activated state,nan,nan
n10_4_D10,8.71,2.82,no activated state,nan,nan
n10_4_D10,8.71,2.99,no activated state,nan,nan
n10_4_D10,8.71,3.16,no activated state,nan,nan
n10_4_D10,8.71,3.35,no activated state,nan,nan
n10_4_D10,8.71,3.55,linearly stable,1.0116374823399e-05,4.044958151894939e-06
n10_4_D10,8.71,3.76,linearly stable,1.2729998724037017e-05,5.09040770867349e-06
n10_4_D10,8.71,3.98,linearly stable,1.598020529902655e-05,6.390490333638713e-06
n10_4_D10,8.71,4.22,linearly stable,2.0196597136923344e-05,8.077047062555519e-06
n10_4_D10,8.71,4.47,linearly stable,2.5423891680809163e-05,1.0167964872229651e-05
n10_4_D10,8.71,4.73,linearly stable,3.187455584696686e-05,1.2748230529821243e-05
n10_4_D10,8.71,5.01,linearly stable,4.0118171437120154e-05,1.6045676754362216e-05
n10_4_D10,8.71,5.31,linearly stable,5.062460539773106e-05,2.0248250323909875e-05
n10_4_D10,8.71,5.62,linearly stable,6.352207815196742e-05,2.540723940708693e-05
n10_4_D10,8.71,5.96,linearly stable,8.034566146397637e-05,3.213667270748658e-05
n10_4_D10,8.71,6.31,linearly stable,0.00010094734756549428,4.037734711857069e-05
n10_4_D10,8.71,6.68,linearly stable,0.0001267901300283647,5.071446006628597e-05
n10_4_D10,8.71,7.08,linearly stable,0.00015999890489837298,6.399796996724388e-05
n10_4_D10,8.71,7.5,linearly stable,0.00020148179766144025,8.059112701278668e-05
n10_4_D10,8.71,7.94,linearly stable,0.00025309422267527637,0.0001012360969443973
n10_4_D10,8.71,8.41,linearly stable,0.0003185642369374353,0.00012742410255509802
n10_4_D10,8.71,8.91,linearly stable,0.00040136612306951314,0.0001605448568894907
n10_4_D10,8.71,9.44,linearly stable,0.0005057543821385124,0.00020230016036767176
n10_4_D10,8.71,10.0,linearly stable,0.0006369120355398383,0.0002547632215401746
n10_4_D10,8.71,10.6,linearly stable,0.0008041529712621287,0.00032165959558918693
n10_4_D10,8.71,11.2,linearly stable,0.0010023742988130024,0.00040094812632530567
n10_4_D10,8.71,11.9,linearly stable,0.001277629950077186,0.0005110503864365588
n10_4_D10,8.71,12.6,linearly stable,0.0016060922155758384,0.0006424352921641607
n10_4_D10,8.71,13.3,linearly stable,0.001994247025890461,0.000797697215732942
n10_4_D10,8.71,14.1,linearly stable,0.0025197810359189887,0.0010079108189902427
n10_4_D10,8.71,15.0,linearly stable,0.0032285326727055086,0.0012914114726862815
n10_4_D10,8.71,15.8,linearly stable,0.003975856807280076,0.0015903411254416552
n10_4_D10,8.71,16.8,linearly stable,0.005084875787211285,0.002033948715818089
n10_4_D10,8.71,17.8,linearly stable,0.006412266525669397,0.00256490500928897
n10_4_D10,8.71,18.8,linearly stable,0.007985549025610883,0.00319421800699582
n10_4_D10,8.71,20.0,linearly stable,0.01023960554443204,0.0040958406112648815
n10_4_D10,8.71,21.1,linearly stable,0.012700712021226357,0.005080283198416552
n10_4_D10,8.71,22.4,linearly stable,0.01616004485911149,0.006464016328542232
n10_4_D10,8.71,23.7,linearly stable,0.02029284394269415,0.008117135955946118
n10_4_D10,8.71,25.1,linearly stable,0.025597582913376993,0.010239031536443129
n10_4_D10,8.71,26.6,linearly stable,0.03239749876924103,0.012958997868760322
n10_4_D10,8.71,28.2,linearly stable,0.04110350106319993,0.016441398773403476
n10_4_D10,8.71,29.9,linearly stable,0.05223920418331862,0.020895680004734504
n10_4_D10,8.71,31.6,linearly stable,0.06561167584804406,0.02624466865030091
n10_4_D10,8.71,33.5,linearly stable,0.08362838608030665,0.03345135271538701
n10_4_D10,8.71,35.5,linearly stable,0.10669520885762895,0.04267808178995448
n10_4_D10,8.71,37.6,linearly stable,0.1362982119181133,0.05451928296622291
n10_4_D10,8.71,39.8,linearly stable,0.1744567925546192,0.06978271515688894
n10_4_D10,8.71,42.2,linearly stable,0.2264230066324724,0.09056920069686387
n10_4_D10,8.71,44.7,linearly stable,0.29529559929614035,0.11811823763378479
n10_4_D10,8.71,47.3,linearly stable,0.38854050642230575,0.15541620029500625
n10_4_D10,8.71,50.1,linearly stable,0.5253913851260039,0.21015655146321982
n10_4_D10,8.71,53.1,linearly stable,0.7457992428588756,0.2983196939459202
n10_4_D10,8.71,56.2,Turing,1.211378792346517,0.484551511850084
n10_4_D10,8.71,59.6,no activated state,nan,nan
n10_4_D10,8.71,63.1,no activated state,nan,nan
n10_4_D10,8.71,66.8,no activated state,nan,nan
n10_4_D10,8.71,70.8,no activated state,nan,nan
n10_4_D10,8.71,75.0,no activated state,nan,nan
n10_4_D10,8.71,79.4,no activated state,nan,nan
n10_4_D10,8.71,84.1,no activated state,nan,nan
n10_4_D10,8.71,89.1,no activated state,nan,nan
n10_4_D10,8.71,94.4,no activated state,nan,nan
n10_4_D10,8.71,100.0,no activated state,nan,nan
n10_4_D10,9.17,1.0,no activated state,nan,nan
n10_4_D10,9.17,1.06,no activated state,nan,nan
n10_4_D10,9.17,1.12,no activated state,nan,nan
n10_4_D10,9.17,1.19,no activated state,nan,nan
n10_4_D10,9.17,1.26,no activated state,nan,nan
n10_4_D10,9.17,1.33,no activated state,nan,nan
n10_4_D10,9.17,1.41,no activated state,nan,nan
n10_4_D10,9.17,1.5,no activated state,nan,nan
n10_4_D10,9.17,1.58,no activated state,nan,nan
n10_4_D10,9.17,1.68,no activated state,nan,nan
n10_4_D10,9.17,1.78,no activated state,nan,nan
n10_4_D10,9.17,1.88,no activated state,nan,nan
n10_4_D10,9.17,2.0,no activated state,nan,nan
n10_4_D10,9.17,2.11,no activated state,nan,nan
n10_4_D10,9.17,2.24,no activated state,nan,nan
n10_4_D10,9.17,2.37,no activated state,nan,nan
n10_4_D10,9.17,2.51,no activated state,nan,nan
n10_4_D10,9.17,2.66,no activated state,nan,nan
n10_4_D10,9.17,2.82,no activated state,nan,nan
n10_4_D10,9.17,2.99,no activated state,nan,nan
n10_4_D10,9.17,3.16,no activated state,nan,nan
n10_4_D10,9.17,3.35,no activated state,nan,nan
n10_4_D10,9.17,3.55,no activated state,nan,nan
n10_4_D10,9.17,3.76,no activated state,nan,nan
n10_4_D10,9.17,3.98,no activated state,nan,nan
n10_4_D10,9.17,4.22,linearly stable,1.2071594301943378e-05,4.827686303154246e-06
n10_4_D10,9.17,4.47,linearly stable,1.5195955099800429e-05,6.077430619153437e-06
n10_4_D10,9.17,4.73,linearly stable,1.9051516466639384e-05,7.619655162602312e-06
n10_4_D10,9.17,5.01,linearly stable,2.397871016746045e-05,9.590532638609684e-06
n10_4_D10,9.17,5.31,linearly stable,3.0258362512247672e-05,1.2102393571422259e-05
n10_4_D10,9.17,5.62,linearly stable,3.7967092613167e-05,1.5185885605111585e-05
n10_4_D10,9.17,5.96,linearly stable,4.8022371672562514e-05,1.9207997220099033e-05
n10_4_D10,9.17,6.31,linearly stable,6.033569038610409e-05,2.4133324695178433e-05
n10_4_D10,9.17,6.68,linearly stable,7.578138945252277e-05,3.0311604308413916e-05
n10_4_D10,9.17,7.08,linearly stable,9.562935474827228e-05,3.825079040984542e-05
n10_4_D10,9.17,7.5,linearly stable,0.00012042215866037154,4.8167911953263124e-05
n10_4_D10,9.17,7.94,linearly stable,0.00015126843479706942,6.050642238131766e-05
n10_4_D10,9.17,8.41,linearly stable,0.00019039580698487768,7.615737122351265e-05
n10_4_D10,9.17,8.91,linearly stable,0.00023987988897800072,9.595100397812026e-05
n10_4_D10,9.17,9.44,linearly stable,0.00030226207398120764,0.00012090387792608874
n10_4_D10,9.17,10.0,linearly stable,0.0003806378720094816,0.00015225419707035664
n10_4_D10,9.17,10.6,linearly stable,0.00048056993169676154,0.00019222702085931712
n10_4_D10,9.17,11.2,linearly stable,0.0005990050975446248,0.00023960108709699814
n10_4_D10,9.17,11.9,linearly stable,0.0007634517822341369,0.00030537976083200665
n10_4_D10,9.17,12.6,linearly stable,0.0009596619633989167,0.0003838638331296175
n10_4_D10,9.17,13.3,linearly stable,0.0011914965888171203,0.00047659768309824815
n10_4_D10,9.17,14.1,linearly stable,0.0015053263568753916,0.000602129590052875
n10_4_D10,9.17,15.0,linearly stable,0.0019284616166548307,0.0007713836936012183
n10_4_D10,9.17,15.8,linearly stable,0.0023744940506942314,0.0009497966668348013
n10_4_D10,9.17,16.8,linearly stable,0.003036151832934708,0.0012144597791627835
n10_4_D10,9.17,17.8,linearly stable,0.0038277030681399538,0.0015310802725644966
n10_4_D10,9.17,18.8,linearly stable,0.004765333130415383,0.00190613229666861
n10_4_D10,9.17,20.0,linearly stable,0.006107640145607274,0.002443055101589428
n10_4_D10,9.17,21.1,linearly stable,0.007571839704608729,0.003028734923927726
n10_4_D10,9.17,22.4,linearly stable,0.009627430329066655,0.0038509711719358517
n10_4_D10,9.17,23.7,linearly stable,0.012079381181223647,0.004831751510675998
n10_4_D10,9.17,25.1,linearly stable,0.015220509487408052,0.006088202830422838
n10_4_D10,9.17,26.6,linearly stable,0.019236873276997635,0.0076947483427599215
n10_4_D10,9.17,28.2,linearly stable,0.024362383851711522,0.009744952568159753
n10_4_D10,9.17,29.9,linearly stable,0.030890835538391892,0.01235633323708512
n10_4_D10,9.17,31.6,linearly stable,0.038689452689033565,0.015475780090427075
n10_4_D10,9.17,33.5,linearly stable,0.049124647284167766,0.01964985791914392
n10_4_D10,9.17,35.5,linearly stable,0.06236261638950413,0.0249450455492912
n10_4_D10,9.17,37.6,linearly stable,0.0791467131222412,0.031658684226956425
n10_4_D10,9.17,39.8,linearly stable,0.10043336384999102,0.04017334449810855
n10_4_D10,9.17,42.2,linearly stable,0.12877170892317102,0.05150868250014975
n10_4_D10,9.17,44.7,linearly stable,0.16512486419792638,0.06604994457395512
n10_4_D10,9.17,47.3,linearly stable,0.2120358769468378,0.08481434962492256
n10_4_D10,9.17,50.1,linearly stable,0.2757362656108431,0.11029450502069064
n10_4_D10,9.17,53.1,linearly stable,0.36422676829003353,0.14569070598743392
n10_4_D10,9.17,56.2,linearly stable,0.4873851993413192,0.1949540782448756
n10_4_D10,9.17,59.6,linearly stable,0.6845183488115103,0.27380733772358273
n10_4_D10,9.17,63.1,linearly stable,1.0514036066039167,0.42056144005590146
n10_4_D10,9.17,66.8,no activated state,nan,nan
n10_4_D10,9.17,70.8,no activated state,nan,nan
n10_4_D10,9.17,75.0,no activated state,nan,nan
n10_4_D10,9.17,79.4,no activated state,nan,nan
n10_4_D10,9.17,84.1,no activated state,nan,nan
n10_4_D10,9.17,89.1,no activated state,nan,nan
n10_4_D10,9.17,94.4,no activated state,nan,nan
n10_4_D10,9.17,100.0,no activated state,nan,nan
n10_4_D10,9.66,1.0,no activated state,nan,nan
n10_4_D10,9.66,1.06,no activated state,nan,nan
n10_4_D10,9.66,1.12,no activated state,nan,nan
n10_4_D10,9.66,1.19,no activated state,nan,nan
n10_4_D10,9.66,1.26,no activated state,nan,nan
n10_4_D10,9.66,1.33,no activated state,nan,nan
n10_4_D10,9.66,1.41,no activated state,nan,nan
n10_4_D10,9.66,1.5,no activated state,nan,nan
n10_4_D10,9.66,1.58,no activated state,nan,nan
n10_4_D10,9.66,1.68,no activated state,nan,nan
n10_4_D10,9.66,1.78,no activated state,nan,nan
n10_4_D10,9.66,1.88,no activated state,nan,nan
n10_4_D10,9.66,2.0,no activated state,nan,nan
n10_4_D10,9.66,2.11,no activated state,nan,nan
n10_4_D10,9.66,2.24,no activated state,nan,nan
n10_4_D10,9.66,2.37,no activated state,nan,nan
n10_4_D10,9.66,2.51,no activated state,nan,nan
n10_4_D10,9.66,2.66,no activated state,nan,nan
n10_4_D10,9.66,2.82,no activated state,nan,nan
n10_4_D10,9.66,2.99,no activated state,nan,nan
n10_4_D10,9.66,3.16,no activated state,nan,nan
n10_4_D10,9.66,3.35,no activated state,nan,nan
n10_4_D10,9.66,3.55,no activated state,nan,nan
n10_4_D10,9.66,3.76,no activated state,nan,nan
n10_4_D10,9.66,3.98,no activated state,nan,nan
n10_4_D10,9.66,4.22,no activated state,nan,nan
n10_4_D10,9.66,4.47,no activated state,nan,nan
n10_4_D10,9.66,4.73,linearly stable,1.1320092196953624e-05,4.527471560004594e-06
n10_4_D10,9.66,5.01,linearly stable,1.4247733975958354e-05,5.698528270472139e-06
n10_4_D10,9.66,5.31,linearly stable,1.7978971650345343e-05,7.191023338202712e-06
n10_4_D10,9.66,5.62,linearly stable,2.2559324343029985e-05,9.023164412870787e-06
n10_4_D10,9.66,5.96,linearly stable,2.853392170099056e-05,1.1413003353122258e-05
n10_4_D10,9.66,6.31,linearly stable,3.585015699525407e-05,1.4339497466822775e-05
n10_4_D10,9.66,6.68,linearly stable,4.502751483892453e-05,1.8010440600122805e-05
n10_4_D10,9.66,7.08,linearly stable,5.682047899524534e-05,2.2727626256352553e-05
n10_4_D10,9.66,7.5,linearly stable,7.155135920422495e-05,2.8619978332608314e-05
n10_4_D10,9.66,7.94,linearly stable,8.987876056076871e-05,3.595093886560026e-05
n10_4_D10,9.66,8.41,linearly stable,0.00011312606819413595,4.5249861907491884e-05
n10_4_D10,9.66,8.91,linearly stable,0.00014252622783761382,5.700992574958748e-05
n10_4_D10,9.66,9.44,linearly stable,0.00017958874333756647,7.183493193095461e-05
n10_4_D10,9.66,10.0,linearly stable,0.00022615205681142392,9.046025729693885e-05
n10_4_D10,9.66,10.6,linearly stable,0.00028551986562042053,0.0001142073807904465
n10_4_D10,9.66,11.2,linearly stable,0.00035587691202376703,0.00014235019931606503
n10_4_D10,9.66,11.9,linearly stable,0.000453561736943886,0.0001814241292341149
n10_4_D10,9.66,12.6,linearly stable,0.000570106216538635,0.00022804192101252117
n10_4_D10,9.66,13.3,linearly stable,0.0007077988490511444,0.0002831189739474883
n10_4_D10,9.66,14.1,linearly stable,0.0008941698690434485,0.00035766738184970365
n10_4_D10,9.66,15.0,linearly stable,0.0011454154298473629,0.00045816560604329434
n10_4_D10,9.66,15.8,linearly stable,0.0014102098600177193,0.0005640833779764338
n10_4_D10,9.66,16.8,linearly stable,0.0018029252535745055,0.0007211695351991457
n10_4_D10,9.66,17.8,linearly stable,0.0022725975950210753,0.0009090384715383892
n10_4_D10,9.66,18.8,linearly stable,0.0028287507062640938,0.0011314997157517693
n10_4_D10,9.66,20.0,linearly stable,0.0036245665515521885,0.0014498260534606335
n10_4_D10,9.66,21.1,linearly stable,0.0044921510823703326,0.0017968598653448089
n10_4_D10,9.66,22.4,linearly stable,0.005709275592943319,0.002283709668951807
n10_4_D10,9.66,23.7,linearly stable,0.0071597435057990655,0.0028638968333511376
n10_4_D10,9.66,25.1,linearly stable,0.00901575919249109,0.0036063031070762736
n10_4_D10,9.66,26.6,linearly stable,0.011385419590158596,0.004554167264925041
n10_4_D10,9.66,28.2,linearly stable,0.014403736949543111,0.0057614942071229506
n10_4_D10,9.66,29.9,linearly stable,0.01823885790459223,0.00729554258715953
n10_4_D10,9.66,31.6,linearly stable,0.02280631192727256,0.009122524193859767
n10_4_D10,9.66,33.5,linearly stable,0.02889424534847751,0.011557697559162456
n10_4_D10,9.66,35.5,linearly stable,0.03657796279728953,0.014631184534647868
n10_4_D10,9.66,37.6,linearly stable,0.04625596761298145,0.01850238645579227
n10_4_D10,9.66,39.8,linearly stable,0.05842587745545691,0.023370350386256684
n10_4_D10,9.66,42.2,linearly stable,0.07444304021959947,0.02977721548320288
n10_4_D10,9.66,44.7,linearly stable,0.09467496711732637,0.037869986231087165
n10_4_D10,9.66,47.3,linearly stable,0.1202436395622708,0.04809745519457181
n10_4_D10,9.66,50.1,linearly stable,0.1539537489827325,0.061581498943065166
n10_4_D10,9.66,53.1,linearly stable,0.19875628194459427,0.07950251210057378
n10_4_D10,9.66,56.2,linearly stable,0.25693003608405207,0.10277201371908169
n10_4_D10,9.66,59.6,linearly stable,0.3390223906907719,0.13560895550522947
n10_4_D10,9.66,63.1,linearly stable,0.45168063978620054,0.18067225505754794
n10_4_D10,9.66,66.8,linearly stable,0.6201038328759967,0.24804153214461072
n10_4_D10,9.66,70.8,linearly stable,0.9211379054492597,0.36845516083072233
n10_4_D10,9.66,75.0,no activated state,nan,nan
n10_4_D10,9.66,79.4,no activated state,nan,nan
n10_4_D10,9.66,84.1,no activated state,nan,nan
n10_4_D10,9.66,89.1,no activated state,nan,nan
n10_4_D10,9.66,94.4,no activated state,nan,nan
n10_4_D10,9.66,100.0,no activated state,nan,nan
n10_4_D10,10.2,1.0,no activated state,nan,nan
n10_4_D10,10.2,1.06,no activated state,nan,nan
n10_4_D10,10.2,1.12,no activated state,nan,nan
n10_4_D10,10.2,1.19,no activated state,nan,nan
n10_4_D10,10.2,1.26,no activated state,nan,nan
n10_4_D10,10.2,1.33,no activated state,nan,nan
n10_4_D10,10.2,1.41,no activated state,nan,nan
n10_4_D10,10.2,1.5,no activated state,nan,nan
n10_4_D10,10.2,1.58,no activated state,nan,nan
n10_4_D10,10.2,1.68,no activated state,nan,nan
n10_4_D10,10.2,1.78,no activated state,nan,nan
n10_4_D10,10.2,1.88,no activated state,nan,nan
n10_4_D10,10.2,2.0,no activated state,nan,nan
n10_4_D10,10.2,2.11,no activated state,nan,nan
n10_4_D10,10.2,2.24,no activated state,nan,nan
n10_4_D10,10.2,2.37,no activated state,nan,nan
n10_4_D10,10.2,2.51,no activated state,nan,nan
n10_4_D10,10.2,2.66,no activated state,nan,nan
n10_4_D10,10.2,2.82,no activated state,nan,nan
n10_4_D10,10.2,2.99,no activated state,nan,nan
n10_4_D10,10.2,3.16,no activated state,nan,nan
n10_4_D10,10.2,3.35,no activated state,nan,nan
n10_4_D10,10.2,3.55,no activated state,nan,nan
n10_4_D10,10.2,3.76,no activated state,nan,nan
n10_4_D10,10.2,3.98,no activated state,nan,nan
n10_4_D10,10.2,4.22,no activated state,nan,nan
n10_4_D10,10.2,4.47,no activated state,nan,nan
n10_4_D10,10.2,4.73,no activated state,nan,nan
n10_4_D10,10.2,5.01,no activated state,nan,nan
n10_4_D10,10.2,5.31,linearly stable,1.0435968417210617e-05,4.1740592243419894e-06
n10_4_D10,10.2,5.62,linearly stable,1.3094640489708098e-05,5.237528052755552e-06
n10_4_D10,10.2,5.96,linearly stable,1.6562596134583885e-05,6.624710309416115e-06
n10_4_D10,10.2,6.31,linearly stable,2.0809293813650598e-05,8.323389380088185e-06
n10_4_D10,10.2,6.68,linearly stable,2.6136258824971392e-05,1.0454175382706002e-05
n10_4_D10,10.2,7.08,linearly stable,3.2981413183863495e-05,1.3192237124646545e-05
n10_4_D10,10.2,7.5,linearly stable,4.1531815481166134e-05,1.661239804113154e-05
n10_4_D10,10.2,7.94,linearly stable,5.216971122323777e-05,2.0867556334788085e-05
n10_4_D10,10.2,8.41,linearly stable,6.566318327072551e-05,2.6264945149665903e-05
n10_4_D10,10.2,8.91,linearly stable,8.272777658802077e-05,3.309078247122277e-05
n10_4_D10,10.2,9.44,linearly stable,0.00010423949430626855,4.1695469552186615e-05
n10_4_D10,10.2,10.0,linearly stable,0.00013126516341777084,5.2505737188627186e-05
n10_4_D10,10.2,10.6,linearly stable,0.00016572188426211554,6.62884255164644e-05
n10_4_D10,10.2,11.2,linearly stable,0.0002065555812269526,8.26219042902158e-05
n10_4_D10,10.2,11.9,linearly stable,0.00026324772614882974,0.00010529876224234396
n10_4_D10,10.2,12.6,linearly stable,0.0003308821765646286,0.0001323525423890025
n10_4_D10,10.2,13.3,linearly stable,0.00041078530503835253,0.0001643137937546713
n10_4_D10,10.2,14.1,linearly stable,0.0005189291766827253,0.00020757134238031142
n10_4_D10,10.2,15.0,linearly stable,0.000664703829689195,0.0002658812035399885
n10_4_D10,10.2,15.8,linearly stable,0.0008183229899250133,0.0003273288675892413
n10_4_D10,10.2,16.8,linearly stable,0.001046123378034558,0.0004184490227655397
n10_4_D10,10.2,17.8,linearly stable,0.0013185143945038114,0.0005274054292722192
n10_4_D10,10.2,18.8,linearly stable,0.0016409911749148964,0.0006563961413412926
n10_4_D10,10.2,20.0,linearly stable,0.0021023013753018738,0.0008409202213601501
n10_4_D10,10.2,21.1,linearly stable,0.0026050374656461095,0.001042014657348429
n10_4_D10,10.2,22.4,linearly stable,0.00331001014511223,0.0013240037289266714
n10_4_D10,10.2,23.7,linearly stable,0.004149664739389047,0.001659865566388352
n10_4_D10,10.2,25.1,linearly stable,0.005223333411595865,0.002089333034952631
n10_4_D10,10.2,26.6,linearly stable,0.006592907305008611,0.0026371625919108265
n10_4_D10,10.2,28.2,linearly stable,0.008335381876063419,0.0033341524198139804
n10_4_D10,10.2,29.9,linearly stable,0.010546159377660125,0.004218463419793684
n10_4_D10,10.2,31.6,linearly stable,0.013174352615923368,0.005269740714313643
n10_4_D10,10.2,33.5,linearly stable,0.016669410888233704,0.00666776402219017
n10_4_D10,10.2,35.5,linearly stable,0.02106741504102949,0.008426965681984911
n10_4_D10,10.2,37.6,linearly stable,0.026585840076333023,0.010634335694436886
n10_4_D10,10.2,39.8,linearly stable,0.033491559448646235,0.013396623441260818
n10_4_D10,10.2,42.2,linearly stable,0.0425227620298696,0.017009104470978968
n10_4_D10,10.2,44.7,linearly stable,0.05383568152330431,0.021534272264846832
n10_4_D10,10.2,47.3,linearly stable,0.06797898641860423,0.027191594218526825
n10_4_D10,10.2,50.1,linearly stable,0.0863580912324935,0.03454323613821724
n10_4_D10,10.2,53.1,linearly stable,0.11030141272644123,0.04412056472799077
n10_4_D10,10.2,56.2,linearly stable,0.1405392801247285,0.056215711677173937
n10_4_D10,10.2,59.6,linearly stable,0.18150043959616724,0.07260017545151971
n10_4_D10,10.2,63.1,linearly stable,0.23426721846813048,0.09370688698107611
n10_4_D10,10.2,66.8,linearly stable,0.3051543963127268,0.12206175809139032
n10_4_D10,10.2,70.8,linearly stable,0.40567609387684667,0.1622704370743853
n10_4_D10,10.2,75.0,linearly stable,0.551506215120785,0.2206024855015561
n10_4_D10,10.2,79.4,linearly stable,0.78516981229242,0.31406792423199714
n10_4_D10,10.2,84.1,Turing,1.3782044599749144,0.5512817827435047
n10_4_D10,10.2,89.1,no activated state,nan,nan
n10_4_D10,10.2,94.4,no activated state,nan,nan
n10_4_D10,10.2,100.0,no activated state,nan,nan
n10_4_D10,10.7,1.0,no activated state,nan,nan
n10_4_D10,10.7,1.06,no activated state,nan,nan
n10_4_D10,10.7,1.12,no activated state,nan,nan
n10_4_D10,10.7,1.19,no activated state,nan,nan
n10_4_D10,10.7,1.26,no activated state,nan,nan
n10_4_D10,10.7,1.33,no activated state,nan,nan
n10_4_D10,10.7,1.41,no activated state,nan,nan
n10_4_D10,10.7,1.5,no activated state,nan,nan
n10_4_D10,10.7,1.58,no activated state,nan,nan
n10_4_D10,10.7,1.68,no activated state,nan,nan
n10_4_D10,10.7,1.78,no activated state,nan,nan
n10_4_D10,10.7,1.88,no activated state,nan,nan
n10_4_D10,10.7,2.0,no activated state,nan,nan
n10_4_D10,10.7,2.11,no activated state,nan,nan
n10_4_D10,10.7,2.24,no activated state,nan,nan
n10_4_D10,10.7,2.37,no activated state,nan,nan
n10_4_D10,10.7,2.51,no activated state,nan,nan
n10_4_D10,10.7,2.66,no activated state,nan,nan
n10_4_D10,10.7,2.82,no activated state,nan,nan
n10_4_D10,10.7,2.99,no activated state,nan,nan
n10_4_D10,10.7,3.16,no activated state,nan,nan
n10_4_D10,10.7,3.35,no activated state,nan,nan
n10_4_D10,10.7,3.55,no activated state,nan,nan
n10_4_D10,10.7,3.76,no activated state,nan,nan
n10_4_D10,10.7,3.98,no activated state,nan,nan
n10_4_D10,10.7,4.22,no activated state,nan,nan
n10_4_D10,10.7,4.47,no activated state,nan,nan
n10_4_D10,10.7,4.73,no activated state,nan,nan
n10_4_D10,10.7,5.01,no activated state,nan,nan
n10_4_D10,10.7,5.31,no activated state,nan,nan
n10_4_D10,10.7,5.62,no activated state,nan,nan
n10_4_D10,10.7,5.96,linearly stable,1.0263393613874072e-05,4.105154103563879e-06
n10_4_D10,10.7,6.31,linearly stable,1.289494708567318e-05,5.157775491982478e-06
n10_4_D10,10.7,6.68,linearly stable,1.6195904394278315e-05,6.4781584152675105e-06
n10_4_D10,10.7,7.08,linearly stable,2.0437627396008295e-05,8.174847615403726e-06
n10_4_D10,10.7,7.5,linearly stable,2.5736022438715978e-05,1.0294205630999773e-05
n10_4_D10,10.7,7.94,linearly stable,3.232794249297122e-05,1.293097365137099e-05
n10_4_D10,10.7,8.41,linearly stable,4.068932174972062e-05,1.6275525352335272e-05
n10_4_D10,10.7,8.91,linearly stable,5.1263524362132884e-05,2.050520639534801e-05
n10_4_D10,10.7,9.44,linearly stable,6.45933230070117e-05,2.583712585072168e-05
n10_4_D10,10.7,10.0,linearly stable,8.133970312740324e-05,3.253567789628665e-05
n10_4_D10,10.7,10.6,linearly stable,0.00010269046396005344,4.107598222547367e-05
n10_4_D10,10.7,11.2,linearly stable,0.0001279922916308518,5.1196713288700954e-05
n10_4_D10,10.7,11.9,linearly stable,0.00016311985485462088,6.524773857239754e-05
n10_4_D10,10.7,12.6,linearly stable,0.00020502649373921322,8.201039411841584e-05
n10_4_D10,10.7,13.3,linearly stable,0.0002545334764425533,0.00010181318719106597
n10_4_D10,10.7,14.1,linearly stable,0.0003215356744168396,0.00012861406636854574
n10_4_D10,10.7,15.0,linearly stable,0.00041184823756257316,0.00016473909160974476
n10_4_D10,10.7,15.8,linearly stable,0.000507015327977367,0.00020280592775841723
n10_4_D10,10.7,16.8,linearly stable,0.0006481274526359826,0.00025925077759589104
n10_4_D10,10.7,17.8,linearly stable,0.0008168454014834126,0.0003267379571043
n10_4_D10,10.7,18.8,linearly stable,0.001016563648087443,0.00040662525570876393
n10_4_D10,10.7,20.0,linearly stable,0.0013022223672254363,0.0005208887433122095
n10_4_D10,10.7,21.1,linearly stable,0.0016134761649899687,0.000645390262360673
n10_4_D10,10.7,22.4,linearly stable,0.0020498380448485953,0.0008199350142244638
n10_4_D10,10.7,23.7,linearly stable,0.0025694116463192973,0.0010277644547168443
n10_4_D10,10.7,25.1,linearly stable,0.0032335488771273457,0.0012934193469184983
n10_4_D10,10.7,26.6,linearly stable,0.004080327471459588,0.0016321307844955394
n10_4_D10,10.7,28.2,linearly stable,0.0051570198560646485,0.0020628077381401695
n10_4_D10,10.7,29.9,linearly stable,0.00652204361834996,0.0026088172428029312
n10_4_D10,10.7,31.6,linearly stable,0.00814328389422192,0.0032573133528525718
n10_4_D10,10.7,33.5,linearly stable,0.01029671067619864,0.00411868406524593
n10_4_D10,10.7,35.5,linearly stable,0.01300232120559297,0.005200928276502809
n10_4_D10,10.7,37.6,linearly stable,0.016390632002564187,0.006556252594661785
n10_4_D10,10.7,39.8,linearly stable,0.02062038586153281,0.008248154137460634
n10_4_D10,10.7,42.2,linearly stable,0.02613451742961903,0.010453806763662296
n10_4_D10,10.7,44.7,linearly stable,0.03301360710538104,0.013205442632670006
n10_4_D10,10.7,47.3,linearly stable,0.04156925459104177,0.016627701625309216
n10_4_D10,10.7,50.1,linearly stable,0.05261237481278491,0.021044949711887796
n10_4_D10,10.7,53.1,linearly stable,0.06686974087237174,0.026747896132951837
n10_4_D10,10.7,56.2,linearly stable,0.08466227098202328,0.033864908173298874
n10_4_D10,10.7,59.6,linearly stable,0.1083749785905086,0.04334999121191102
n10_4_D10,10.7,63.1,linearly stable,0.13823786875547084,0.05529514727170962
n10_4_D10,10.7,66.8,linearly stable,0.17708695005127728,0.0708347797816973
n10_4_D10,10.7,70.8,linearly stable,0.2295291036115965,0.09181164119403742
n10_4_D10,10.7,75.0,linearly stable,0.29963038100013106,0.11985215213267313
n10_4_D10,10.7,79.4,linearly stable,0.3955503756898848,0.1582201499835593
n10_4_D10,10.7,84.1,linearly stable,0.5358756102494155,0.21435024376595743
n10_4_D10,10.7,89.1,linearly stable,0.7618455300944182,0.3047382116228562
n10_4_D10,10.7,94.4,Turing,1.2842139038042444,0.5136855608211094
n10_4_D10,10.7,100.0,no activated state,nan,nan
n10_4_D10,11.3,1.0,no activated state,nan,nan
n10_4_D10,11.3,1.06,no activated state,nan,nan
n10_4_D10,11.3,1.12,no activated state,nan,nan
n10_4_D10,11.3,1.19,no activated state,nan,nan
n10_4_D10,11.3,1.26,no activated state,nan,nan
n10_4_D10,11.3,1.33,no activated state,nan,nan
n10_4_D10,11.3,1.41,no activated state,nan,nan
n10_4_D10,11.3,1.5,no activated state,nan,nan
n10_4_D10,11.3,1.58,no activated state,nan,nan
n10_4_D10,11.3,1.68,no activated state,nan,nan
n10_4_D10,11.3,1.78,no activated state,nan,nan
n10_4_D10,11.3,1.88,no activated state,nan,nan
n10_4_D10,11.3,2.0,no activated state,nan,nan
n10_4_D10,11.3,2.11,no activated state,nan,nan
n10_4_D10,11.3,2.24,no activated state,nan,nan
n10_4_D10,11.3,2.37,no activated state,nan,nan
n10_4_D10,11.3,2.51,no activated state,nan,nan
n10_4_D10,11.3,2.66,no activated state,nan,nan
n10_4_D10,11.3,2.82,no activated state,nan,nan
n10_4_D10,11.3,2.99,no activated state,nan,nan
n10_4_D10,11.3,3.16,no activated state,nan,nan
n10_4_D10,11.3,3.35,no activated state,nan,nan
n10_4_D10,11.3,3.55,no activated state,nan,nan
n10_4_D10,11.3,3.76,no activated state,nan,nan
n10_4_D10,11.3,3.98,no activated state,nan,nan
n10_4_D10,11.3,4.22,no activated state,nan,nan
n10_4_D10,11.3,4.47,no activated state,nan,nan
n10_4_D10,11.3,4.73,no activated state,nan,nan
n10_4_D10,11.3,5.01,no activated state,nan,nan
n10_4_D10,11.3,5.31,no activated state,nan,nan
n10_4_D10,11.3,5.62,no activated state,nan,nan
n10_4_D10,11.3,5.96,no activated state,nan,nan
n10_4_D10,11.3,6.31,no activated state,nan,nan
n10_4_D10,11.3,6.68,no activated state,nan,nan
n10_4_D10,11.3,7.08,linearly stable,1.1843551502854766e-05,4.737302764614228e-06
n10_4_D10,11.3,7.5,linearly stable,1.4913940926675195e-05,5.965458533669435e-06
n10_4_D10,11.3,7.94,linearly stable,1.8733911096857625e-05,7.493446601798378e-06
n10_4_D10,11.3,8.41,linearly stable,2.3579254893046908e-05,9.431584119151438e-06
n10_4_D10,11.3,8.91,linearly stable,2.9706885448232967e-05,1.1882636340951121e-05
n10_4_D10,11.3,9.44,linearly stable,3.7431313846258973e-05,1.4972407699405128e-05
n10_4_D10,11.3,10.0,linearly stable,4.713554116242413e-05,1.8854098624954025e-05
n10_4_D10,11.3,10.6,linearly stable,5.950782551500389e-05,2.3803012364720537e-05
n10_4_D10,11.3,11.2,linearly stable,7.41695201567083e-05,2.9667690219293584e-05
n10_4_D10,11.3,11.9,linearly stable,9.45246924222154e-05,3.780975912375619e-05
n10_4_D10,11.3,12.6,linearly stable,0.00011880770430239274,4.752296387307371e-05
n10_4_D10,11.3,13.3,linearly stable,0.00014749422200144302,5.8997570949261635e-05
n10_4_D10,11.3,14.1,linearly stable,0.00018631728363471822,7.452679559888763e-05
n10_4_D10,11.3,15.0,linearly stable,0.00023864533103656882,9.545801455397052e-05
n10_4_D10,11.3,15.8,linearly stable,0.0002937839911454354,0.00011751347859192752
n10_4_D10,11.3,16.8,linearly stable,0.0003755385838466463,0.00015021531566329114
n10_4_D10,11.3,17.8,linearly stable,0.0004732804894824749,0.00018931207790751772
n10_4_D10,11.3,18.8,linearly stable,0.0005889725574192983,0.00023558890506998086
n10_4_D10,11.3,20.0,linearly stable,0.0007544310060147996,0.00030177228449067923
n10_4_D10,11.3,21.1,linearly stable,0.0009346919045860602,0.0003738766438997786
n10_4_D10,11.3,22.4,linearly stable,0.0011873686501606695,0.00047494734210305723
n10_4_D10,11.3,23.7,linearly stable,0.0014881687951606715,0.0005952674000711086
n10_4_D10,11.3,25.1,linearly stable,0.0018725661256868698,0.0007490263322402902
n10_4_D10,11.3,26.6,linearly stable,0.0023625185305309326,0.0009450072941263754
n10_4_D10,11.3,28.2,linearly stable,0.0029852476087155466,0.0011940989253334331
n10_4_D10,11.3,29.9,linearly stable,0.0037743317949101574,0.0015097325997274996
n10_4_D10,11.3,31.6,linearly stable,0.004710935012148809,0.0018843738865231688
n10_4_D10,11.3,33.5,linearly stable,0.0059539896455940156,0.0023815957397693086
n10_4_D10,11.3,35.5,linearly stable,0.0075141744378370845,0.0030056696564996236
n10_4_D10,11.3,37.6,linearly stable,0.00946549478673453,0.0037861977958498797
n10_4_D10,11.3,39.8,linearly stable,0.011897422308254635,0.0047589688041971825
n10_4_D10,11.3,42.2,linearly stable,0.015061156252439423,0.006024462381530684
n10_4_D10,11.3,44.7,linearly stable,0.018997428109390757,0.00759897112388678
n10_4_D10,11.3,47.3,linearly stable,0.023876520418096847,0.009550608046840645
n10_4_D10,11.3,50.1,linearly stable,0.030146899921783543,0.012058759847632229
n10_4_D10,11.3,53.1,linearly stable,0.03819651896882381,0.015278607465564928
n10_4_D10,11.3,56.2,linearly stable,0.048168797790356654,0.019267518993073853
n10_4_D10,11.3,59.6,linearly stable,0.06133091375816968,0.02453236537872457
n10_4_D10,11.3,63.1,linearly stable,0.07769445121062812,0.031077780357847033
n10_4_D10,11.3,66.8,linearly stable,0.09861946443221803,0.0394477856440582
n10_4_D10,11.3,70.8,linearly stable,0.12619614908679688,0.05047845950261506
n10_4_D10,11.3,75.0,linearly stable,0.16180968186325195,0.06472387260883064
n10_4_D10,11.3,79.4,linearly stable,0.20810569932387168,0.08324227958715988
n10_4_D10,11.3,84.1,linearly stable,0.2704274171992316,0.10817096672888228
n10_4_D10,11.3,89.1,linearly stable,0.35611096004729115,0.14244438385560954
n10_4_D10,11.3,94.4,linearly stable,0.4782274633700323,0.19129098516485937
n10_4_D10,11.3,100.0,linearly stable,0.664862770977096,0.2659451081719666
n10_4_D10,11.9,1.0,no activated state,nan,nan
n10_4_D10,11.9,1.06,no activated state,nan,nan
n10_4_D10,11.9,1.12,no activated state,nan,nan
n10_4_D10,11.9,1.19,no activated state,nan,nan
n10_4_D10,11.9,1.26,no activated state,nan,nan
n10_4_D10,11.9,1.33,no activated state,nan,nan
n10_4_D10,11.9,1.41,no activated state,nan,nan
n10_4_D10,11.9,1.5,no activated state,nan,nan
n10_4_D10,11.9,1.58,no activated state,nan,nan
n10_4_D10,11.9,1.68,no activated state,nan,nan
n10_4_D10,11.9,1.78,no activated state,nan,nan
n10_4_D10,11.9,1.88,no activated state,nan,nan
n10_4_D10,11.9,2.0,no activated state,nan,nan
n10_4_D10,11.9,2.11,no activated state,nan,nan
n10_4_D10,11.9,2.24,no activated state,nan,nan
n10_4_D10,11.9,2.37,no activated state,nan,nan
n10_4_D10,11.9,2.51,no activated state,nan,nan
n10_4_D10,11.9,2.66,no activated state,nan,nan
n10_4_D10,11.9,2.82,no activated state,nan,nan
n10_4_D10,11.9,2.99,no activated state,nan,nan
n10_4_D10,11.9,3.16,no activated state,nan,nan
n10_4_D10,11.9,3.35,no activated state,nan,nan
n10_4_D10,11.9,3.55,no activated state,nan,nan
n10_4_D10,11.9,3.76,no activated state,nan,nan
n10_4_D10,11.9,3.98,no activated state,nan,nan
n10_4_D10,11.9,4.22,no activated state,nan,nan
n10_4_D10,11.9,4.47,no activated state,nan,nan
n10_4_D10,11.9,4.73,no activated state,nan,nan
n10_4_D10,11.9,5.01,no activated state,nan,nan
n10_4_D10,11.9,5.31,no activated state,nan,nan
n10_4_D10,11.9,5.62,no activated state,nan,nan
n10_4_D10,11.9,5.96,no activated state,nan,nan
n10_4_D10,11.9,6.31,no activated state,nan,nan
n10_4_D10,11.9,6.68,no activated state,nan,nan
n10_4_D10,11.9,7.08,no activated state,nan,nan
n10_4_D10,11.9,7.5,no activated state,nan,nan
n10_4_D10,11.9,7.94,linearly stable,1.1167131562794808e-05,4.466782383711159e-06
n10_4_D10,11.9,8.41,linearly stable,1.4055387714817513e-05,5.622084843945622e-06
n10_4_D10,11.9,8.91,linearly stable,1.7707992808757567e-05,7.083126881130564e-06
n10_4_D10,11.9,9.44,linearly stable,2.2312416544378877e-05,8.924896375405396e-06
n10_4_D10,11.9,10.0,linearly stable,2.809695036631865e-05,1.1238709903620968e-05
n10_4_D10,11.9,10.6,linearly stable,3.547183719088132e-05,1.418866463341306e-05
n10_4_D10,11.9,11.2,linearly stable,4.421135086474237e-05,1.7684470102029365e-05
n10_4_D10,11.9,11.9,linearly stable,5.634453550396046e-05,2.253774395706311e-05
n10_4_D10,11.9,12.6,linearly stable,7.081887188120639e-05,2.832747850701547e-05
n10_4_D10,11.9,13.3,linearly stable,8.791781604622351e-05,3.5167056171771015e-05
n10_4_D10,11.9,14.1,linearly stable,0.00011105845367898048,4.442331122372432e-05
n10_4_D10,11.9,15.0,linearly stable,0.00014224821657693454,5.6899216380861856e-05
n10_4_D10,11.9,15.8,linearly stable,0.00017511251183988108,7.0044934483808e-05
n10_4_D10,11.9,16.8,linearly stable,0.00022383935362468854,8.953567119507785e-05
n10_4_D10,11.9,17.8,linearly stable,0.0002820927372104709,0.0001128370246250817
n10_4_D10,11.9,18.8,linearly stable,0.00035104129828988917,0.00014041644905248726
n10_4_D10,11.9,20.0,linearly stable,0.0004496433368195163,0.00017985726445843238
n10_4_D10,11.9,21.1,linearly stable,0.0005570591268688752,0.00022282358047156684
n10_4_D10,11.9,22.4,linearly stable,0.00070761366590677,0.0002830453960768799
n10_4_D10,11.9,23.7,linearly stable,0.0008868219180990788,0.00035472869694250356
n10_4_D10,11.9,25.1,linearly stable,0.0011158032709290833,0.00044632123806036624
n10_4_D10,11.9,26.6,linearly stable,0.0014076109929372915,0.0005630443268449
n10_4_D10,11.9,28.2,linearly stable,0.0017784147723642896,0.0007113658385923155
n10_4_D10,11.9,29.9,linearly stable,0.002248140183644942,0.000899256003074971
n10_4_D10,11.9,31.6,linearly stable,0.0028054854155568076,0.0011221940958037518
n10_4_D10,11.9,33.5,linearly stable,0.0035448634635304455,0.001417945314946582
n10_4_D10,11.9,35.5,linearly stable,0.00447234370691274,0.001788937412240937
n10_4_D10,11.9,37.6,linearly stable,0.00563151147895069,0.002252604520982221
n10_4_D10,11.9,39.8,linearly stable,0.007074886935763969,0.002829954703615783
n10_4_D10,11.9,42.2,linearly stable,0.008950444745774444,0.003580177827500322
n10_4_D10,11.9,44.7,linearly stable,0.011280579157533221,0.004512231592055306
n10_4_D10,11.9,47.3,linearly stable,0.01416356882123826,0.0056654274573529236
n10_4_D10,11.9,50.1,linearly stable,0.017860063866323994,0.007144025475149666
n10_4_D10,11.9,53.1,linearly stable,0.02259121696269628,0.009036486713393115
n10_4_D10,11.9,56.2,linearly stable,0.02843007055465696,0.011372028149798513
n10_4_D10,11.9,59.6,linearly stable,0.03609842600341917,0.014439370328802686
n10_4_D10,11.9,63.1,linearly stable,0.0455707295961405,0.0182282917652674
n10_4_D10,11.9,66.8,linearly stable,0.05758328154775616,0.0230333125451142
n10_4_D10,11.9,70.8,linearly stable,0.07323955433249374,0.02929582165795247
n10_4_D10,11.9,75.0,linearly stable,0.0931577937528838,0.0372631174247394
n10_4_D10,11.9,79.4,linearly stable,0.11852892935294568,0.04741157166298041
n10_4_D10,11.9,84.1,linearly stable,0.15171605606778105,0.06068642234651077
n10_4_D10,11.9,89.1,linearly stable,0.19544359310311177,0.07817743715734925
n10_4_D10,11.9,94.4,linearly stable,0.253712762207543,0.10148510479449815
n10_4_D10,11.9,100.0,linearly stable,0.33276624766083174,0.13310649896908178
n10_4_D10,12.5,1.0,no activated state,nan,nan
n10_4_D10,12.5,1.06,no activated state,nan,nan
n10_4_D10,12.5,1.12,no activated state,nan,nan
n10_4_D10,12.5,1.19,no activated state,nan,nan
n10_4_D10,12.5,1.26,no activated state,nan,nan
n10_4_D10,12.5,1.33,no activated state,nan,nan
n10_4_D10,12.5,1.41,no activated state,nan,nan
n10_4_D10,12.5,1.5,no activated state,nan,nan
n10_4_D10,12.5,1.58,no activated state,nan,nan
n10_4_D10,12.5,1.68,no activated state,nan,nan
n10_4_D10,12.5,1.78,no activated state,nan,nan
n10_4_D10,12.5,1.88,no activated state,nan,nan
n10_4_D10,12.5,2.0,no activated state,nan,nan
n10_4_D10,12.5,2.11,no activated state,nan,nan
n10_4_D10,12.5,2.24,no activated state,nan,nan
n10_4_D10,12.5,2.37,no activated state,nan,nan
n10_4_D10,12.5,2.51,no activated state,nan,nan
n10_4_D10,12.5,2.66,no activated state,nan,nan
n10_4_D10,12.5,2.82,no activated state,nan,nan
n10_4_D10,12.5,2.99,no activated state,nan,nan
n10_4_D10,12.5,3.16,no activated state,nan,nan
n10_4_D10,12.5,3.35,no activated state,nan,nan
n10_4_D10,12.5,3.55,no activated state,nan,nan
n10_4_D10,12.5,3.76,no activated state,nan,nan
n10_4_D10,12.5,3.98,no activated state,nan,nan
n10_4_D10,12.5,4.22,no activated state,nan,nan
n10_4_D10,12.5,4.47,no activated state,nan,nan
n10_4_D10,12.5,4.73,no activated state,nan,nan
n10_4_D10,12.5,5.01,no activated state,nan,nan
n10_4_D10,12.5,5.31,no activated state,nan,nan
n10_4_D10,12.5,5.62,no activated state,nan,nan
n10_4_D10,12.5,5.96,no activated state,nan,nan
n10_4_D10,12.5,6.31,no activated state,nan,nan
n10_4_D10,12.5,6.68,no activated state,nan,nan
n10_4_D10,12.5,7.08,no activated state,nan,nan
n10_4_D10,12.5,7.5,no activated state,nan,nan
n10_4_D10,12.5,7.94,no activated state,nan,nan
n10_4_D10,12.5,8.41,no activated state,nan,nan
n10_4_D10,12.5,8.91,linearly stable,1.0827727732198866e-05,4.33104814282583e-06
n10_4_D10,12.5,9.44,linearly stable,1.3643136063112848e-05,5.457211475069138e-06
n10_4_D10,12.5,10.0,linearly stable,1.7180124137761155e-05,6.872006704361303e-06
n10_4_D10,12.5,10.6,linearly stable,2.1689531612967272e-05,8.675769694527987e-06
n10_4_D10,12.5,11.2,linearly stable,2.7033329537129447e-05,1.0813288864126952e-05
n10_4_D10,12.5,11.9,linearly stable,3.445216614550439e-05,1.3780823506913193e-05
n10_4_D10,12.5,12.6,linearly stable,4.330245439776448e-05,1.732093880773543e-05
n10_4_D10,12.5,13.3,linearly stable,5.375748683755788e-05,2.1502951783546828e-05
n10_4_D10,12.5,14.1,linearly stable,6.7906560800024e-05,2.7162581367862893e-05
n10_4_D10,12.5,15.0,linearly stable,8.697697755355449e-05,3.4790748068337944e-05
n10_4_D10,12.5,15.8,linearly stable,0.00010707100676188297,4.28283597510166e-05
n10_4_D10,12.5,16.8,linearly stable,0.0001368633102716288,5.4745281153320194e-05
n10_4_D10,12.5,17.8,linearly stable,0.00017247954029575574,6.899177316164224e-05
n10_4_D10,12.5,18.8,linearly stable,0.00021463378019781487,8.585346912121385e-05
n10_4_D10,12.5,20.0,linearly stable,0.00027491580160132756,0.00010996627768020085
n10_4_D10,12.5,21.1,linearly stable,0.0003405836290759634,0.00013623340866791996
n10_4_D10,12.5,22.4,linearly stable,0.00043261938727612304,0.00017304771194400745
n10_4_D10,12.5,23.7,linearly stable,0.0005421644726111285,0.00021686574607389776
n10_4_D10,12.5,25.1,linearly stable,0.0006821233765375023,0.0002728493076388762
n10_4_D10,12.5,26.6,linearly stable,0.0008604651965815613,0.00034418603565005345
n10_4_D10,12.5,28.2,linearly stable,0.0010870571905108317,0.0004348228332129292
n10_4_D10,12.5,29.9,linearly stable,0.0013740515673932308,0.0005496205839542415
n10_4_D10,12.5,31.6,linearly stable,0.00171451205783546,0.0006858047801181966
n10_4_D10,12.5,33.5,linearly stable,0.0021660551306512676,0.0008664220092271987
n10_4_D10,12.5,35.5,linearly stable,0.0027322892413172983,0.0010929156534718256
n10_4_D10,12.5,37.6,linearly stable,0.0034396819849469296,0.001375872750895922
n10_4_D10,12.5,39.8,linearly stable,0.00432006662793194,0.0017280266080555344
n10_4_D10,12.5,42.2,linearly stable,0.0054633161539563435,0.0021853264184209767
n10_4_D10,12.5,44.7,linearly stable,0.006882480317389472,0.0027529920837394833
n10_4_D10,12.5,47.3,linearly stable,0.008636556843490961,0.0034546226941113522
n10_4_D10,12.5,50.1,linearly stable,0.010882663168630957,0.00435306522407978
n10_4_D10,12.5,53.1,linearly stable,0.01375264857280123,0.005501059385635176
n10_4_D10,12.5,56.2,linearly stable,0.017287102722786107,0.006914841045490705
n10_4_D10,12.5,59.6,linearly stable,0.021916399184276347,0.008766559629904276
n10_4_D10,12.5,63.1,linearly stable,0.027614810417546654,0.011045924122987
n10_4_D10,12.5,66.8,linearly stable,0.03480949119498922,0.013923796433676515
n10_4_D10,12.5,70.8,linearly stable,0.04413237677208581,0.017652950664140517
n10_4_D10,12.5,75.0,linearly stable,0.055903401624958216,0.022361360604810702
n10_4_D10,12.5,79.4,linearly stable,0.0707488497904607,0.028299539870400212
n10_4_D10,12.5,84.1,linearly stable,0.08991170143445859,0.035964680527196695
n10_4_D10,12.5,89.1,linearly stable,0.1147050417688511,0.04588201665989193
n10_4_D10,12.5,94.4,linearly stable,0.1469078882868513,0.05876315526567187
n10_4_D10,12.5,100.0,linearly stable,0.18899598859810962,0.07559839538824713
n10_4_D10,13.2,1.0,no activated state,nan,nan
n10_4_D10,13.2,1.06,no activated state,nan,nan
n10_4_D10,13.2,1.12,no activated state,nan,nan
n10_4_D10,13.2,1.19,no activated state,nan,nan
n10_4_D10,13.2,1.26,no activated state,nan,nan
n10_4_D10,13.2,1.33,no activated state,nan,nan
n10_4_D10,13.2,1.41,no activated state,nan,nan
n10_4_D10,13.2,1.5,no activated state,nan,nan
n10_4_D10,13.2,1.58,no activated state,nan,nan
n10_4_D10,13.2,1.68,no activated state,nan,nan
n10_4_D10,13.2,1.78,no activated state,nan,nan
n10_4_D10,13.2,1.88,no activated state,nan,nan
n10_4_D10,13.2,2.0,no activated state,nan,nan
n10_4_D10,13.2,2.11,no activated state,nan,nan
n10_4_D10,13.2,2.24,no activated state,nan,nan
n10_4_D10,13.2,2.37,no activated state,nan,nan
n10_4_D10,13.2,2.51,no activated state,nan,nan
n10_4_D10,13.2,2.66,no activated state,nan,nan
n10_4_D10,13.2,2.82,no activated state,nan,nan
n10_4_D10,13.2,2.99,no activated state,nan,nan
n10_4_D10,13.2,3.16,no activated state,nan,nan
n10_4_D10,13.2,3.35,no activated state,nan,nan
n10_4_D10,13.2,3.55,no activated state,nan,nan
n10_4_D10,13.2,3.76,no activated state,nan,nan
n10_4_D10,13.2,3.98,no activated state,nan,nan
n10_4_D10,13.2,4.22,no activated state,nan,nan
n10_4_D10,13.2,4.47,no activated state,nan,nan
n10_4_D10,13.2,4.73,no activated state,nan,nan
n10_4_D10,13.2,5.01,no activated state,nan,nan
n10_4_D10,13.2,5.31,no activated state,nan,nan
n10_4_D10,13.2,5.62,no activated state,nan,nan
n10_4_D10,13.2,5.96,no activated state,nan,nan
n10_4_D10,13.2,6.31,no activated state,nan,nan
n10_4_D10,13.2,6.68,no activated state,nan,nan
n10_4_D10,13.2,7.08,no activated state,nan,nan
n10_4_D10,13.2,7.5,no activated state,nan,nan
n10_4_D10,13.2,7.94,no activated state,nan,nan
n10_4_D10,13.2,8.41,no activated state,nan,nan
n10_4_D10,13.2,8.91,no activated state,nan,nan
n10_4_D10,13.2,9.44,no activated state,nan,nan
n10_4_D10,13.2,10.0,no activated state,nan,nan
n10_4_D10,13.2,10.6,linearly stable,1.2577925352363906e-05,5.0311452336346285e-06
n10_4_D10,13.2,11.2,linearly stable,1.5676817062271198e-05,6.270701917976043e-06
n10_4_D10,13.2,11.9,linearly stable,1.9979021218530235e-05,7.991583580056446e-06
n10_4_D10,13.2,12.6,linearly stable,2.511131065974226e-05,1.0044499355961257e-05
n10_4_D10,13.2,13.3,linearly stable,3.117416798703587e-05,1.2469642287317294e-05
n10_4_D10,13.2,14.1,linearly stable,3.937915194041075e-05,1.5751635868613045e-05
n10_4_D10,13.2,15.0,linearly stable,5.043792313585982e-05,2.0175144346158963e-05
n10_4_D10,13.2,15.8,linearly stable,6.209018255320942e-05,2.4836048112777716e-05
n10_4_D10,13.2,16.8,linearly stable,7.936616078008107e-05,3.174643940340673e-05
n10_4_D10,13.2,17.8,linearly stable,0.00010001903709810911,4.00075899298994e-05
n10_4_D10,13.2,18.8,linearly stable,0.00012446272689481397,4.978506584842211e-05
n10_4_D10,13.2,20.0,linearly stable,0.00015941729664570303,6.376689374796569e-05
n10_4_D10,13.2,21.1,linearly stable,0.00019749382191958098,7.899750385651408e-05
n10_4_D10,13.2,22.4,linearly stable,0.0002508576361048842,0.00010034302952906322
n10_4_D10,13.2,23.7,linearly stable,0.00031437094932251775,0.0001257483548147887
n10_4_D10,13.2,25.1,linearly stable,0.00039551368171242274,0.00015820544776930473
n10_4_D10,13.2,26.6,linearly stable,0.0004989024186008439,0.000199560942522224
n10_4_D10,13.2,28.2,linearly stable,0.0006302516749567832,0.0002521006450620578
n10_4_D10,13.2,29.9,linearly stable,0.0007965965909551009,0.0003186386114573216
n10_4_D10,13.2,31.6,linearly stable,0.000993904971064996,0.00039756196349632135
n10_4_D10,13.2,33.5,linearly stable,0.0012555458466601,0.000502218313728762
n10_4_D10,13.2,35.5,linearly stable,0.00158357266155984,0.0006334290396814355
n10_4_D10,13.2,37.6,linearly stable,0.001993264531596761,0.0007973057876872664
n10_4_D10,13.2,39.8,linearly stable,0.0025029752309402298,0.0010011900674127704
n10_4_D10,13.2,42.2,linearly stable,0.00316459235270683,0.001265836916105028
n10_4_D10,13.2,44.7,linearly stable,0.003985440868364831,0.0015941763223492843
n10_4_D10,13.2,47.3,linearly stable,0.004999321877684482,0.0019997287260546752
n10_4_D10,13.2,50.1,linearly stable,0.006296501002422961,0.002518600375920738
n10_4_D10,13.2,53.1,linearly stable,0.00795218068682324,0.0031808722496437032
n10_4_D10,13.2,56.2,linearly stable,0.009988401087919208,0.003995360410035777
n10_4_D10,13.2,59.6,linearly stable,0.012650698781971892,0.005060279487596323
n10_4_D10,13.2,63.1,linearly stable,0.015920546328459517,0.006368218506116619
n10_4_D10,13.2,66.8,linearly stable,0.020037427268345676,0.008014970881977985
n10_4_D10,13.2,70.8,linearly stable,0.02535280314161059,0.010141121231161423
n10_4_D10,13.2,75.0,linearly stable,0.032032636700437545,0.012813054654537968
n10_4_D10,13.2,79.4,linearly stable,0.04040682117001149,0.01616272844217318
n10_4_D10,13.2,84.1,linearly stable,0.05113242661031747,0.020452970618043787
n10_4_D10,13.2,89.1,linearly stable,0.06486688384037875,0.025946753509742355
n10_4_D10,13.2,94.4,linearly stable,0.08246109233408405,0.0329844369067996
n10_4_D10,13.2,100.0,linearly stable,0.10502869653361446,0.042011478586056326
n10_4_D10,13.9,1.0,no activated state,nan,nan
n10_4_D10,13.9,1.06,no activated state,nan,nan
n10_4_D10,13.9,1.12,no activated state,nan,nan
n10_4_D10,13.9,1.19,no activated state,nan,nan
n10_4_D10,13.9,1.26,no activated state,nan,nan
n10_4_D10,13.9,1.33,no activated state,nan,nan
n10_4_D10,13.9,1.41,no activated state,nan,nan
n10_4_D10,13.9,1.5,no activated state,nan,nan
n10_4_D10,13.9,1.58,no activated state,nan,nan
n10_4_D10,13.9,1.68,no activated state,nan,nan
n10_4_D10,13.9,1.78,no activated state,nan,nan
n10_4_D10,13.9,1.88,no activated state,nan,nan
n10_4_D10,13.9,2.0,no activated state,nan,nan
n10_4_D10,13.9,2.11,no activated state,nan,nan
n10_4_D10,13.9,2.24,no activated state,nan,nan
n10_4_D10,13.9,2.37,no activated state,nan,nan
n10_4_D10,13.9,2.51,no activated state,nan,nan
n10_4_D10,13.9,2.66,no activated state,nan,nan
n10_4_D10,13.9,2.82,no activated state,nan,nan
n10_4_D10,13.9,2.99,no activated state,nan,nan
n10_4_D10,13.9,3.16,no activated state,nan,nan
n10_4_D10,13.9,3.35,no activated state,nan,nan
n10_4_D10,13.9,3.55,no activated state,nan,nan
n10_4_D10,13.9,3.76,no activated state,nan,nan
n10_4_D10,13.9,3.98,no activated state,nan,nan
n10_4_D10,13.9,4.22,no activated state,nan,nan
n10_4_D10,13.9,4.47,no activated state,nan,nan
n10_4_D10,13.9,4.73,no activated state,nan,nan
n10_4_D10,13.9,5.01,no activated state,nan,nan
n10_4_D10,13.9,5.31,no activated state,nan,nan
n10_4_D10,13.9,5.62,no activated state,nan,nan
n10_4_D10,13.9,5.96,no activated state,nan,nan
n10_4_D10,13.9,6.31,no activated state,nan,nan
n10_4_D10,13.9,6.68,no activated state,nan,nan
n10_4_D10,13.9,7.08,no activated state,nan,nan
n10_4_D10,13.9,7.5,no activated state,nan,nan
n10_4_D10,13.9,7.94,no activated state,nan,nan
n10_4_D10,13.9,8.41,no activated state,nan,nan
n10_4_D10,13.9,8.91,no activated state,nan,nan
n10_4_D10,13.9,9.44,no activated state,nan,nan
n10_4_D10,13.9,10.0,no activated state,nan,nan
n10_4_D10,13.9,10.6,no activated state,nan,nan
n10_4_D10,13.9,11.2,no activated state,nan,nan
n10_4_D10,13.9,11.9,linearly stable,1.1916912950882264e-05,4.766750323781644e-06
n10_4_D10,13.9,12.6,linearly stable,1.4978160843837074e-05,5.991249481047185e-06
n10_4_D10,13.9,13.3,linearly stable,1.8594454803677607e-05,7.4377670648373295e-06
n10_4_D10,13.9,14.1,linearly stable,2.3488442387753494e-05,9.39536209839065e-06
n10_4_D10,13.9,15.0,linearly stable,3.0084589175416454e-05,1.2033820813694718e-05
n10_4_D10,13.9,15.8,linearly stable,3.703469782401214e-05,1.481386427299496e-05
n10_4_D10,13.9,16.8,linearly stable,4.733907061016396e-05,1.8935613387142135e-05
n10_4_D10,13.9,17.8,linearly stable,5.965752257308665e-05,2.3862994172389472e-05
n10_4_D10,13.9,18.8,linearly stable,7.423688062058176e-05,2.9694737390796695e-05
n10_4_D10,13.9,20.0,linearly stable,9.508516840450731e-05,3.803405250420842e-05
n10_4_D10,13.9,21.1,linearly stable,0.00011779517922971827,4.711805683382649e-05
n10_4_D10,13.9,22.4,linearly stable,0.0001496224120234313,5.9848949950727123e-05
n10_4_D10,13.9,23.7,linearly stable,0.00018750211295603947,7.500083032366603e-05
n10_4_D10,13.9,25.1,linearly stable,0.0002358946866909406,9.435785981713229e-05
n10_4_D10,13.9,26.6,linearly stable,0.0002975522197523617,0.00011902087304046106
n10_4_D10,13.9,28.2,linearly stable,0.0003758807453113633,0.0001503522832631265
n10_4_D10,13.9,29.9,linearly stable,0.00047507254255618747,0.00019002900215976193
n10_4_D10,13.9,31.6,linearly stable,0.0005927192728572006,0.00023708769427863141
n10_4_D10,13.9,33.5,linearly stable,0.0007487103147096885,0.00029948411101752377
n10_4_D10,13.9,35.5,linearly stable,0.0009442575413720622,0.00037770300167964157
n10_4_D10,13.9,37.6,linearly stable,0.0011884514851778771,0.0004753805791992973
n10_4_D10,13.9,39.8,linearly stable,0.0014922044524001699,0.0005968817660836188
n10_4_D10,13.9,42.2,linearly stable,0.0018863898697696335,0.0007545559330262325
n10_4_D10,13.9,44.7,linearly stable,0.0023752970529633544,0.0009501188062969739
n10_4_D10,13.9,47.3,linearly stable,0.0029789520728795704,0.0011915808142556464
n10_4_D10,13.9,50.1,linearly stable,0.003750917759290928,0.0015003670888097667
n10_4_D10,13.9,53.1,linearly stable,0.004735639588788754,0.001894255820596118
n10_4_D10,13.9,56.2,linearly stable,0.005945778668098312,0.002378311452303244
n10_4_D10,13.9,59.6,linearly stable,0.007526481374803273,0.0030105925349638747
n10_4_D10,13.9,63.1,linearly stable,0.009465549044478383,0.0037862196028079116
n10_4_D10,13.9,66.8,linearly stable,0.011903210676635911,0.004761284255638084
n10_4_D10,13.9,70.8,linearly stable,0.015044380797912815,0.00601775230410613
n10_4_D10,13.9,75.0,linearly stable,0.018982038454997685,0.007592815366886601
n10_4_D10,13.9,79.4,linearly stable,0.023902903229220396,0.00956116127650854
n10_4_D10,13.9,84.1,linearly stable,0.03018000997207615,0.012072003973564206
n10_4_D10,13.9,89.1,linearly stable,0.03817582539800135,0.015270330143823918
n10_4_D10,13.9,94.4,linearly stable,0.04834863216139906,0.01933945284904095
n10_4_D10,13.9,100.0,linearly stable,0.06128013773103902,0.024512055076714223
n10_4_D10,14.6,1.0,no activated state,nan,nan
n10_4_D10,14.6,1.06,no activated state,nan,nan
n10_4_D10,14.6,1.12,no activated state,nan,nan
n10_4_D10,14.6,1.19,no activated state,nan,nan
n10_4_D10,14.6,1.26,no activated state,nan,nan
n10_4_D10,14.6,1.33,no activated state,nan,nan
n10_4_D10,14.6,1.41,no activated state,nan,nan
n10_4_D10,14.6,1.5,no activated state,nan,nan
n10_4_D10,14.6,1.58,no activated state,nan,nan
n10_4_D10,14.6,1.68,no activated state,nan,nan
n10_4_D10,14.6,1.78,no activated state,nan,nan
n10_4_D10,14.6,1.88,no activated state,nan,nan
n10_4_D10,14.6,2.0,no activated state,nan,nan
n10_4_D10,14.6,2.11,no activated state,nan,nan
n10_4_D10,14.6,2.24,no activated state,nan,nan
n10_4_D10,14.6,2.37,no activated state,nan,nan
n10_4_D10,14.6,2.51,no activated state,nan,nan
n10_4_D10,14.6,2.66,no activated state,nan,nan
n10_4_D10,14.6,2.82,no activated state,nan,nan
n10_4_D10,14.6,2.99,no activated state,nan,nan
n10_4_D10,14.6,3.16,no activated state,nan,nan
n10_4_D10,14.6,3.35,no activated state,nan,nan
n10_4_D10,14.6,3.55,no activated state,nan,nan
n10_4_D10,14.6,3.76,no activated state,nan,nan
n10_4_D10,14.6,3.98,no activated state,nan,nan
n10_4_D10,14.6,4.22,no activated state,nan,nan
n10_4_D10,14.6,4.47,no activated state,nan,nan
n10_4_D10,14.6,4.73,no activated state,nan,nan
n10_4_D10,14.6,5.01,no activated state,nan,nan
n10_4_D10,14.6,5.31,no activated state,nan,nan
n10_4_D10,14.6,5.62,no activated state,nan,nan
n10_4_D10,14.6,5.96,no activated state,nan,nan
n10_4_D10,14.6,6.31,no activated state,nan,nan
n10_4_D10,14.6,6.68,no activated state,nan,nan
n10_4_D10,14.6,7.08,no activated state,nan,nan
n10_4_D10,14.6,7.5,no activated state,nan,nan
n10_4_D10,14.6,7.94,no activated state,nan,nan
n10_4_D10,14.6,8.41,no activated state,nan,nan
n10_4_D10,14.6,8.91,no activated state,nan,nan
n10_4_D10,14.6,9.44,no activated state,nan,nan
n10_4_D10,14.6,10.0,no activated state,nan,nan
n10_4_D10,14.6,10.6,no activated state,nan,nan
n10_4_D10,14.6,11.2,no activated state,nan,nan
n10_4_D10,14.6,11.9,no activated state,nan,nan
n10_4_D10,14.6,12.6,no activated state,nan,nan
n10_4_D10,14.6,13.3,linearly stable,1.13763076059481e-05,4.550513952826547e-06
n10_4_D10,14.6,14.1,linearly stable,1.4370493502946502e-05,5.748188311890921e-06
n10_4_D10,14.6,15.0,linearly stable,1.8406066807363786e-05,7.36241763362616e-06
n10_4_D10,14.6,15.8,linearly stable,2.2658185518942275e-05,9.063265117886474e-06
n10_4_D10,14.6,16.8,linearly stable,2.8962442299995672e-05,1.1584967830534836e-05
n10_4_D10,14.6,17.8,linearly stable,3.649888774326371e-05,1.459954600744547e-05
n10_4_D10,14.6,18.8,linearly stable,4.541851199135749e-05,1.8167395706560252e-05
n10_4_D10,14.6,20.0,linearly stable,5.817336812596885e-05,2.3269338160615802e-05
n10_4_D10,14.6,21.1,linearly stable,7.206709765950059e-05,2.8826829973797854e-05
n10_4_D10,14.6,22.4,linearly stable,9.153843504194903e-05,3.6615364926643544e-05
n10_4_D10,14.6,23.7,linearly stable,0.00011471225165204935,4.588489157062469e-05
n10_4_D10,14.6,25.1,linearly stable,0.00014431707478279598,5.772682082238729e-05
n10_4_D10,14.6,26.6,linearly stable,0.00018203611344969062,7.281443628900575e-05
n10_4_D10,14.6,28.2,linearly stable,0.00022995234094325134,9.198092728614132e-05
n10_4_D10,14.6,29.9,linearly stable,0.0002906292507831587,0.00011625169122162668
n10_4_D10,14.6,31.6,linearly stable,0.0003625922521222069,0.0001450368917563239
n10_4_D10,14.6,33.5,linearly stable,0.0004580049073121817,0.00018320195383166268
n10_4_D10,14.6,35.5,linearly stable,0.0005776041207083971,0.0002310416391891915
n10_4_D10,14.6,37.6,linearly stable,0.0007269435334589236,0.00029077740428822506
n10_4_D10,14.6,39.8,linearly stable,0.0009126871173270601,0.0003650748378340665
n10_4_D10,14.6,42.2,linearly stable,0.0011536970278402947,0.0004614788020371846
n10_4_D10,14.6,44.7,linearly stable,0.0014525696592926352,0.0005810278546158252
n10_4_D10,14.6,47.3,linearly stable,0.0018215100220331237,0.0007286039997092645
n10_4_D10,14.6,50.1,linearly stable,0.002293191640434511,0.0009172766470659021
n10_4_D10,14.6,53.1,linearly stable,0.0028946640792537615,0.0011578656225883783
n10_4_D10,14.6,56.2,linearly stable,0.0036335056422176493,0.0014534022477680423
n10_4_D10,14.6,59.6,linearly stable,0.004598065491817627,0.0018392261875996366
n10_4_D10,14.6,63.1,linearly stable,0.0057804871924438395,0.002312194867840956
n10_4_D10,14.6,66.8,linearly stable,0.007265668337552711,0.0029062673258719086
n10_4_D10,14.6,70.8,linearly stable,0.009177369382735723,0.003670947743929712
n10_4_D10,14.6,75.0,linearly stable,0.011570454696221422,0.004628181869303954
n10_4_D10,14.6,79.4,linearly stable,0.014555813841250487,0.005822325527290939
n10_4_D10,14.6,84.1,linearly stable,0.018355444470119497,0.007342177778806949
n10_4_D10,14.6,89.1,linearly stable,0.023181518869962447,0.009272607538703567
n10_4_D10,14.6,94.4,linearly stable,0.02929887265700204,0.011719549053468548
n10_4_D10,14.6,100.0,linearly stable,0.03703813281586976,0.014815253116950243
n10_4_D10,15.4,1.0,no activated state,nan,nan
n10_4_D10,15.4,1.06,no activated state,nan,nan
n10_4_D10,15.4,1.12,no activated state,nan,nan
n10_4_D10,15.4,1.19,no activated state,nan,nan
n10_4_D10,15.4,1.26,no activated state,nan,nan
n10_4_D10,15.4,1.33,no activated state,nan,nan
n10_4_D10,15.4,1.41,no activated state,nan,nan
n10_4_D10,15.4,1.5,no activated state,nan,nan
n10_4_D10,15.4,1.58,no activated state,nan,nan
n10_4_D10,15.4,1.68,no activated state,nan,nan
n10_4_D10,15.4,1.78,no activated state,nan,nan
n10_4_D10,15.4,1.88,no activated state,nan,nan
n10_4_D10,15.4,2.0,no activated state,nan,nan
n10_4_D10,15.4,2.11,no activated state,nan,nan
n10_4_D10,15.4,2.24,no activated state,nan,nan
n10_4_D10,15.4,2.37,no activated state,nan,nan
n10_4_D10,15.4,2.51,no activated state,nan,nan
n10_4_D10,15.4,2.66,no activated state,nan,nan
n10_4_D10,15.4,2.82,no activated state,nan,nan
n10_4_D10,15.4,2.99,no activated state,nan,nan
n10_4_D10,15.4,3.16,no activated state,nan,nan
n10_4_D10,15.4,3.35,no activated state,nan,nan
n10_4_D10,15.4,3.55,no activated state,nan,nan
n10_4_D10,15.4,3.76,no activated state,nan,nan
n10_4_D10,15.4,3.98,no activated state,nan,nan
n10_4_D10,15.4,4.22,no activated state,nan,nan
n10_4_D10,15.4,4.47,no activated state,nan,nan
n10_4_D10,15.4,4.73,no activated state,nan,nan
n10_4_D10,15.4,5.01,no activated state,nan,nan
n10_4_D10,15.4,5.31,no activated state,nan,nan
n10_4_D10,15.4,5.62,no activated state,nan,nan
n10_4_D10,15.4,5.96,no activated state,nan,nan
n10_4_D10,15.4,6.31,no activated state,nan,nan
n10_4_D10,15.4,6.68,no activated state,nan,nan
n10_4_D10,15.4,7.08,no activated state,nan,nan
n10_4_D10,15.4,7.5,no activated state,nan,nan
n10_4_D10,15.4,7.94,no activated state,nan,nan
n10_4_D10,15.4,8.41,no activated state,nan,nan
n10_4_D10,15.4,8.91,no activated state,nan,nan
n10_4_D10,15.4,9.44,no activated state,nan,nan
n10_4_D10,15.4,10.0,no activated state,nan,nan
n10_4_D10,15.4,10.6,no activated state,nan,nan
n10_4_D10,15.4,11.2,no activated state,nan,nan
n10_4_D10,15.4,11.9,no activated state,nan,nan
n10_4_D10,15.4,12.6,no activated state,nan,nan
n10_4_D10,15.4,13.3,no activated state,nan,nan
n10_4_D10,15.4,14.1,no activated state,nan,nan
n10_4_D10,15.4,15.0,linearly stable,1.0796442871940926e-05,4.31857181735191e-06
n10_4_D10,15.4,15.8,linearly stable,1.329059559962431e-05,5.3162329081577594e-06
n10_4_D10,15.4,16.8,linearly stable,1.6988456830180354e-05,6.7953774006861335e-06
n10_4_D10,15.4,17.8,linearly stable,2.1409065104061042e-05,8.56362071001135e-06
n10_4_D10,15.4,18.8,linearly stable,2.6640978598724274e-05,1.0656386107768817e-05
n10_4_D10,15.4,20.0,linearly stable,3.41224602262713e-05,1.3648978758476897e-05
n10_4_D10,15.4,21.1,linearly stable,4.2271913931468674e-05,1.6908760240560386e-05
n10_4_D10,15.4,22.4,linearly stable,5.3692869527166565e-05,2.1477142478821175e-05
n10_4_D10,15.4,23.7,linearly stable,6.728540258738036e-05,2.6914155702988937e-05
n10_4_D10,15.4,25.1,linearly stable,8.464983387801439e-05,3.3859928219251525e-05
n10_4_D10,15.4,26.6,linearly stable,0.000106773274229921,4.27093043600261e-05
n10_4_D10,15.4,28.2,linearly stable,0.00013487719916716046,5.395087433452176e-05
n10_4_D10,15.4,29.9,linearly stable,0.00017046474683146684,6.81858934001397e-05
n10_4_D10,15.4,31.6,linearly stable,0.00021267052995765923,8.506820665036379e-05
n10_4_D10,15.4,33.5,linearly stable,0.00026862742959377073,0.00010745096650447363
n10_4_D10,15.4,35.5,linearly stable,0.00033876596157944583,0.00013550637929826107
n10_4_D10,15.4,37.6,linearly stable,0.0004263406551696658,0.0001705362567340385
n10_4_D10,15.4,39.8,linearly stable,0.0005352557061288898,0.00021410227711758355
n10_4_D10,15.4,42.2,linearly stable,0.0006765649668727391,0.0002706259814143243
n10_4_D10,15.4,44.7,linearly stable,0.0008517807939911748,0.000340712312260393
n10_4_D10,15.4,47.3,linearly stable,0.0010680443278865415,0.00042721772581747267
n10_4_D10,15.4,50.1,linearly stable,0.0013444840446441564,0.0005377936125195321
n10_4_D10,15.4,53.1,linearly stable,0.0016969122041132767,0.0006787648763060805
n10_4_D10,15.4,56.2,linearly stable,0.002129710388190098,0.0008518841499343732
n10_4_D10,15.4,59.6,linearly stable,0.0026945298804403883,0.001077811946831503
n10_4_D10,15.4,63.1,linearly stable,0.0033866142502547714,0.0013546456947539124
n10_4_D10,15.4,66.8,linearly stable,0.00425542436523263,0.0017021697407406903
n10_4_D10,15.4,70.8,linearly stable,0.005372950519185737,0.0021491802023169073
n10_4_D10,15.4,75.0,linearly stable,0.006770621694759393,0.00270824867253957
n10_4_D10,15.4,79.4,linearly stable,0.008512242388530877,0.00340489695003973
n10_4_D10,15.4,84.1,linearly stable,0.010725735224826893,0.004290294084547872
n10_4_D10,15.4,89.1,linearly stable,0.013532063625874002,0.005412825444952846
n10_4_D10,15.4,94.4,linearly stable,0.01708098899266486,0.006832395591651937
n10_4_D10,15.4,100.0,linearly stable,0.021557529325165747,0.008623011724630557
n10_4_D10,16.2,1.0,no activated state,nan,nan
n10_4_D10,16.2,1.06,no activated state,nan,nan
n10_4_D10,16.2,1.12,no activated state,nan,nan
n10_4_D10,16.2,1.19,no activated state,nan,nan
n10_4_D10,16.2,1.26,no activated state,nan,nan
n10_4_D10,16.2,1.33,no activated state,nan,nan
n10_4_D10,16.2,1.41,no activated state,nan,nan
n10_4_D10,16.2,1.5,no activated state,nan,nan
n10_4_D10,16.2,1.58,no activated state,nan,nan
n10_4_D10,16.2,1.68,no activated state,nan,nan
n10_4_D10,16.2,1.78,no activated state,nan,nan
n10_4_D10,16.2,1.88,no activated state,nan,nan
n10_4_D10,16.2,2.0,no activated state,nan,nan
n10_4_D10,16.2,2.11,no activated state,nan,nan
n10_4_D10,16.2,2.24,no activated state,nan,nan
n10_4_D10,16.2,2.37,no activated state,nan,nan
n10_4_D10,16.2,2.51,no activated state,nan,nan
n10_4_D10,16.2,2.66,no activated state,nan,nan
n10_4_D10,16.2,2.82,no activated state,nan,nan
n10_4_D10,16.2,2.99,no activated state,nan,nan
n10_4_D10,16.2,3.16,no activated state,nan,nan
n10_4_D10,16.2,3.35,no activated state,nan,nan
n10_4_D10,16.2,3.55,no activated state,nan,nan
n10_4_D10,16.2,3.76,no activated state,nan,nan
n10_4_D10,16.2,3.98,no activated state,nan,nan
n10_4_D10,16.2,4.22,no activated state,nan,nan
n10_4_D10,16.2,4.47,no activated state,nan,nan
n10_4_D10,16.2,4.73,no activated state,nan,nan
n10_4_D10,16.2,5.01,no activated state,nan,nan
n10_4_D10,16.2,5.31,no activated state,nan,nan
n10_4_D10,16.2,5.62,no activated state,nan,nan
n10_4_D10,16.2,5.96,no activated state,nan,nan
n10_4_D10,16.2,6.31,no activated state,nan,nan
n10_4_D10,16.2,6.68,no activated state,nan,nan
n10_4_D10,16.2,7.08,no activated state,nan,nan
n10_4_D10,16.2,7.5,no activated state,nan,nan
n10_4_D10,16.2,7.94,no activated state,nan,nan
n10_4_D10,16.2,8.41,no activated state,nan,nan
n10_4_D10,16.2,8.91,no activated state,nan,nan
n10_4_D10,16.2,9.44,no activated state,nan,nan
n10_4_D10,16.2,10.0,no activated state,nan,nan
n10_4_D10,16.2,10.6,no activated state,nan,nan
n10_4_D10,16.2,11.2,no activated state,nan,nan
n10_4_D10,16.2,11.9,no activated state,nan,nan
n10_4_D10,16.2,12.6,no activated state,nan,nan
n10_4_D10,16.2,13.3,no activated state,nan,nan
n10_4_D10,16.2,14.1,no activated state,nan,nan
n10_4_D10,16.2,15.0,no activated state,nan,nan
n10_4_D10,16.2,15.8,no activated state,nan,nan
n10_4_D10,16.2,16.8,linearly stable,1.0237868053319943e-05,4.095144008158068e-06
n10_4_D10,16.2,17.8,linearly stable,1.290187762958972e-05,5.160747839231251e-06
n10_4_D10,16.2,18.8,linearly stable,1.605480140609572e-05,6.42191734954599e-06
n10_4_D10,16.2,20.0,linearly stable,2.056337780720341e-05,8.22534791009049e-06
n10_4_D10,16.2,21.1,linearly stable,2.5474479963261132e-05,1.0189788772560603e-05
n10_4_D10,16.2,22.4,linearly stable,3.235705928639199e-05,1.294282050099106e-05
n10_4_D10,16.2,23.7,linearly stable,4.0548249701233274e-05,1.6219296667123313e-05
n10_4_D10,16.2,25.1,linearly stable,5.101241319582783e-05,2.0404962065209958e-05
n10_4_D10,16.2,26.6,linearly stable,6.434434884128315e-05,2.5737736323201055e-05
n10_4_D10,16.2,28.2,linearly stable,8.128005021368345e-05,3.2512016872142135e-05
n10_4_D10,16.2,29.9,linearly stable,0.00010272518476961423,4.109007069491296e-05
n10_4_D10,16.2,31.6,linearly stable,0.0001281580894052503,5.126323254887965e-05
n10_4_D10,16.2,33.5,linearly stable,0.00016187666121769695,6.475066127380554e-05
n10_4_D10,16.2,35.5,linearly stable,0.00020413975789890237,8.16558999457916e-05
n10_4_D10,16.2,37.6,linearly stable,0.000256907639042403,0.00010276305240287503
n10_4_D10,16.2,39.8,linearly stable,0.0003225315281785157,0.00012901260805767565
n10_4_D10,16.2,42.2,linearly stable,0.00040766945778925034,0.00016306777990171388
n10_4_D10,16.2,44.7,linearly stable,0.0005132292334297794,0.0002052916901571023
n10_4_D10,16.2,47.3,linearly stable,0.0006435082901090627,0.00025740331282834197
n10_4_D10,16.2,50.1,linearly stable,0.0008100216861628429,0.00032400867124990205
n10_4_D10,16.2,53.1,linearly stable,0.0010222801349657473,0.000408912050770199
n10_4_D10,16.2,56.2,linearly stable,0.0012829026400773547,0.0005131610528142704
n10_4_D10,16.2,59.6,linearly stable,0.0016229581749949151,0.0006491832667803983
n10_4_D10,16.2,63.1,linearly stable,0.002039530477365714,0.0008158121877275631
n10_4_D10,16.2,66.8,linearly stable,0.002562312875870054,0.0010249251471274104
n10_4_D10,16.2,70.8,linearly stable,0.0032344864975208942,0.0012937945957855513
n10_4_D10,16.2,75.0,linearly stable,0.0040747398864104944,0.0016298959513396949
n10_4_D10,16.2,79.4,linearly stable,0.005121110743747659,0.0020484442942707917
n10_4_D10,16.2,84.1,linearly stable,0.006449927854619286,0.002579971138615987
n10_4_D10,16.2,89.1,linearly stable,0.008132937169961219,0.003253174864747594
n10_4_D10,16.2,94.4,linearly stable,0.01025856411393522,0.0041034256423309184
n10_4_D10,16.2,100.0,linearly stable,0.012935420364524886,0.0051741681425597616
n10_4_D10,17.1,1.0,no activated state,nan,nan
n10_4_D10,17.1,1.06,no activated state,nan,nan
n10_4_D10,17.1,1.12,no activated state,nan,nan
n10_4_D10,17.1,1.19,no activated state,nan,nan
n10_4_D10,17.1,1.26,no activated state,nan,nan
n10_4_D10,17.1,1.33,no activated state,nan,nan
n10_4_D10,17.1,1.41,no activated state,nan,nan
n10_4_D10,17.1,1.5,no activated state,nan,nan
n10_4_D10,17.1,1.58,no activated state,nan,nan
n10_4_D10,17.1,1.68,no activated state,nan,nan
n10_4_D10,17.1,1.78,no activated state,nan,nan
n10_4_D10,17.1,1.88,no activated state,nan,nan
n10_4_D10,17.1,2.0,no activated state,nan,nan
n10_4_D10,17.1,2.11,no activated state,nan,nan
n10_4_D10,17.1,2.24,no activated state,nan,nan
n10_4_D10,17.1,2.37,no activated state,nan,nan
n10_4_D10,17.1,2.51,no activated state,nan,nan
n10_4_D10,17.1,2.66,no activated state,nan,nan
n10_4_D10,17.1,2.82,no activated state,nan,nan
n10_4_D10,17.1,2.99,no activated state,nan,nan
n10_4_D10,17.1,3.16,no activated state,nan,nan
n10_4_D10,17.1,3.35,no activated state,nan,nan
n10_4_D10,17.1,3.55,no activated state,nan,nan
n10_4_D10,17.1,3.76,no activated state,nan,nan
n10_4_D10,17.1,3.98,no activated state,nan,nan
n10_4_D10,17.1,4.22,no activated state,nan,nan
n10_4_D10,17.1,4.47,no activated state,nan,nan
n10_4_D10,17.1,4.73,no activated state,nan,nan
n10_4_D10,17.1,5.01,no activated state,nan,nan
n10_4_D10,17.1,5.31,no activated state,nan,nan
n10_4_D10,17.1,5.62,no activated state,nan,nan
n10_4_D10,17.1,5.96,no activated state,nan,nan
n10_4_D10,17.1,6.31,no activated state,nan,nan
n10_4_D10,17.1,6.68,no activated state,nan,nan
n10_4_D10,17.1,7.08,no activated state,nan,nan
n10_4_D10,17.1,7.5,no activated state,nan,nan
n10_4_D10,17.1,7.94,no activated state,nan,nan
n10_4_D10,17.1,8.41,no activated state,nan,nan
n10_4_D10,17.1,8.91,no activated state,nan,nan
n10_4_D10,17.1,9.44,no activated state,nan,nan
n10_4_D10,17.1,10.0,no activated state,nan,nan
n10_4_D10,17.1,10.6,no activated state,nan,nan
n10_4_D10,17.1,11.2,no activated state,nan,nan
n10_4_D10,17.1,11.9,no activated state,nan,nan
n10_4_D10,17.1,12.6,no activated state,nan,nan
n10_4_D10,17.1,13.3,no activated state,nan,nan
n10_4_D10,17.1,14.1,no activated state,nan,nan
n10_4_D10,17.1,15.0,no activated state,nan,nan
n10_4_D10,17.1,15.8,no activated state,nan,nan
n10_4_D10,17.1,16.8,no activated state,nan,nan
n10_4_D10,17.1,17.8,no activated state,nan,nan
n10_4_D10,17.1,18.8,no activated state,nan,nan
n10_4_D10,17.1,20.0,linearly stable,1.1975168456856977e-05,4.790065511451835e-06
n10_4_D10,17.1,21.1,linearly stable,1.4835153976378024e-05,5.934059719362923e-06
n10_4_D10,17.1,22.4,linearly stable,1.8843221430975277e-05,7.537286701175386e-06
n10_4_D10,17.1,23.7,linearly stable,2.3613343043127344e-05,9.445335346278012e-06
n10_4_D10,17.1,25.1,linearly stable,2.970710175853597e-05,1.1882838832603363e-05
n10_4_D10,17.1,26.6,linearly stable,3.7470856152355125e-05,1.4988340589985037e-05
n10_4_D10,17.1,28.2,linearly stable,4.7333174597596894e-05,1.893326796797567e-05
n10_4_D10,17.1,29.9,linearly stable,5.9821411499960675e-05,2.3928562728378318e-05
n10_4_D10,17.1,31.6,linearly stable,7.463171860067064e-05,2.985268556916231e-05
n10_4_D10,17.1,33.5,linearly stable,9.426676388590849e-05,3.7706703682785355e-05
n10_4_D10,17.1,35.5,linearly stable,0.00011887707812241466,4.755082937738783e-05
n10_4_D10,17.1,37.6,linearly stable,0.0001496038459525284,5.9841536509713634e-05
n10_4_D10,17.1,39.8,linearly stable,0.00018781572968862292,7.512629000429102e-05
n10_4_D10,17.1,42.2,linearly stable,0.00023738880818968688,9.495552140431344e-05
n10_4_D10,17.1,44.7,linearly stable,0.0002988504221013155,0.00011954016696924608
n10_4_D10,17.1,47.3,linearly stable,0.00037470096702185707,0.00014988038493692136
n10_4_D10,17.1,50.1,linearly stable,0.0004716417092753833,0.00018865668183848806
n10_4_D10,17.1,53.1,linearly stable,0.0005952045155388497,0.0002380818043436093
n10_4_D10,17.1,56.2,linearly stable,0.0007469066712639805,0.0002987626666332946
n10_4_D10,17.1,59.6,linearly stable,0.000944820036402616,0.00037792801268837827
n10_4_D10,17.1,63.1,linearly stable,0.001187228014783992,0.0004748912040403327
n10_4_D10,17.1,66.8,linearly stable,0.001491380991364144,0.0005965523946716626
n10_4_D10,17.1,70.8,linearly stable,0.001882351378741376,0.0007529405496222188
n10_4_D10,17.1,75.0,linearly stable,0.002370930563925233,0.0009483722236948415
n10_4_D10,17.1,79.4,linearly stable,0.0029791192861694515,0.001191647712591782
n10_4_D10,17.1,84.1,linearly stable,0.0037510906040760794,0.001500436239752982
n10_4_D10,17.1,89.1,linearly stable,0.004728208894505537,0.0018912835559232943
n10_4_D10,17.1,94.4,linearly stable,0.005961310243502993,0.0023845240955200665
n10_4_D10,17.1,100.0,linearly stable,0.007512609836978212,0.0030050439329075626
n10_4_D10,18.0,1.0,no activated state,nan,nan
n10_4_D10,18.0,1.06,no activated state,nan,nan
n10_4_D10,18.0,1.12,no activated state,nan,nan
n10_4_D10,18.0,1.19,no activated state,nan,nan
n10_4_D10,18.0,1.26,no activated state,nan,nan
n10_4_D10,18.0,1.33,no activated state,nan,nan
n10_4_D10,18.0,1.41,no activated state,nan,nan
n10_4_D10,18.0,1.5,no activated state,nan,nan
n10_4_D10,18.0,1.58,no activated state,nan,nan
n10_4_D10,18.0,1.68,no activated state,nan,nan
n10_4_D10,18.0,1.78,no activated state,nan,nan
n10_4_D10,18.0,1.88,no activated state,nan,nan
n10_4_D10,18.0,2.0,no activated state,nan,nan
n10_4_D10,18.0,2.11,no activated state,nan,nan
n10_4_D10,18.0,2.24,no activated state,nan,nan
n10_4_D10,18.0,2.37,no activated state,nan,nan
n10_4_D10,18.0,2.51,no activated state,nan,nan
n10_4_D10,18.0,2.66,no activated state,nan,nan
n10_4_D10,18.0,2.82,no activated state,nan,nan
n10_4_D10,18.0,2.99,no activated state,nan,nan
n10_4_D10,18.0,3.16,no activated state,nan,nan
n10_4_D10,18.0,3.35,no activated state,nan,nan
n10_4_D10,18.0,3.55,no activated state,nan,nan
n10_4_D10,18.0,3.76,no activated state,nan,nan
n10_4_D10,18.0,3.98,no activated state,nan,nan
n10_4_D10,18.0,4.22,no activated state,nan,nan
n10_4_D10,18.0,4.47,no activated state,nan,nan
n10_4_D10,18.0,4.73,no activated state,nan,nan
n10_4_D10,18.0,5.01,no activated state,nan,nan
n10_4_D10,18.0,5.31,no activated state,nan,nan
n10_4_D10,18.0,5.62,no activated state,nan,nan
n10_4_D10,18.0,5.96,no activated state,nan,nan
n10_4_D10,18.0,6.31,no activated state,nan,nan
n10_4_D10,18.0,6.68,no activated state,nan,nan
n10_4_D10,18.0,7.08,no activated state,nan,nan
n10_4_D10,18.0,7.5,no activated state,nan,nan
n10_4_D10,18.0,7.94,no activated state,nan,nan
n10_4_D10,18.0,8.41,no activated state,nan,nan
n10_4_D10,18.0,8.91,no activated state,nan,nan
n10_4_D10,18.0,9.44,no activated state,nan,nan
n10_4_D10,18.0,10.0,no activated state,nan,nan
n10_4_D10,18.0,10.6,no activated state,nan,nan
n10_4_D10,18.0,11.2,no activated state,nan,nan
n10_4_D10,18.0,11.9,no activated state,nan,nan
n10_4_D10,18.0,12.6,no activated state,nan,nan
n10_4_D10,18.0,13.3,no activated state,nan,nan
n10_4_D10,18.0,14.1,no activated state,nan,nan
n10_4_D10,18.0,15.0,no activated state,nan,nan
n10_4_D10,18.0,15.8,no activated state,nan,nan
n10_4_D10,18.0,16.8,no activated state,nan,nan
n10_4_D10,18.0,17.8,no activated state,nan,nan
n10_4_D10,18.0,18.8,no activated state,nan,nan
n10_4_D10,18.0,20.0,no activated state,nan,nan
n10_4_D10,18.0,21.1,no activated state,nan,nan
n10_4_D10,18.0,22.4,linearly stable,1.1282090071063067e-05,4.51283490849716e-06
n10_4_D10,18.0,23.7,linearly stable,1.4138113757500292e-05,5.6552443828279424e-06
n10_4_D10,18.0,25.1,linearly stable,1.7786633168537236e-05,7.1146521468751e-06
n10_4_D10,18.0,26.6,linearly stable,2.2435017057453877e-05,8.974005702801428e-06
n10_4_D10,18.0,28.2,linearly stable,2.8339850947078915e-05,1.1335939258425693e-05
n10_4_D10,18.0,29.9,linearly stable,3.581685893316866e-05,1.4326742452987445e-05
n10_4_D10,18.0,31.6,linearly stable,4.468409766533732e-05,1.7873637945658552e-05
n10_4_D10,18.0,33.5,linearly stable,5.6439926190421374e-05,2.257596935577958e-05
n10_4_D10,18.0,35.5,linearly stable,7.11744002590553e-05,2.8469758983241793e-05
n10_4_D10,18.0,37.6,linearly stable,8.957066014558812e-05,3.582826293776249e-05
n10_4_D10,18.0,39.8,linearly stable,0.00011244797751497337,4.497918988590012e-05
n10_4_D10,18.0,42.2,linearly stable,0.0001421266784895625,5.685067027556322e-05
n10_4_D10,18.0,44.7,linearly stable,0.00017892205752656487,7.156882189012836e-05
n10_4_D10,18.0,47.3,linearly stable,0.00022433044264191793,8.973217593611065e-05
n10_4_D10,18.0,50.1,linearly stable,0.00028236258848512996,0.00011294503427359855
n10_4_D10,18.0,53.1,linearly stable,0.0003563283661134342,0.00014253134532482897
n10_4_D10,18.0,56.2,linearly stable,0.00044713358591685903,0.00017885343324598892
n10_4_D10,18.0,59.6,linearly stable,0.000565591394228182,0.00022623655657061595
n10_4_D10,18.0,63.1,linearly stable,0.0007106678935087096,0.0002842671562826146
n10_4_D10,18.0,66.8,linearly stable,0.0008926775935835796,0.00035707103631232493
n10_4_D10,18.0,70.8,linearly stable,0.001126607445182115,0.00045064297695147167
n10_4_D10,18.0,75.0,linearly stable,0.0014188879992504955,0.0005675551985784319
n10_4_D10,18.0,79.4,linearly stable,0.0017826417444399834,0.000713056696653952
n10_4_D10,18.0,84.1,linearly stable,0.0022442244896270225,0.0008976897947283736
n10_4_D10,18.0,89.1,linearly stable,0.0028282642557508897,0.0011313057011775127
n10_4_D10,18.0,94.4,linearly stable,0.0035649806167659115,0.0014259922455827636
n10_4_D10,18.0,100.0,linearly stable,0.004491282994307788,0.001796513196598275
n10_4_D10,19.0,1.0,no activated state,nan,nan
n10_4_D10,19.0,1.06,no activated state,nan,nan
n10_4_D10,19.0,1.12,no activated state,nan,nan
n10_4_D10,19.0,1.19,no activated state,nan,nan
n10_4_D10,19.0,1.26,no activated state,nan,nan
n10_4_D10,19.0,1.33,no activated state,nan,nan
n10_4_D10,19.0,1.41,no activated state,nan,nan
n10_4_D10,19.0,1.5,no activated state,nan,nan
n10_4_D10,19.0,1.58,no activated state,nan,nan
n10_4_D10,19.0,1.68,no activated state,nan,nan
n10_4_D10,19.0,1.78,no activated state,nan,nan
n10_4_D10,19.0,1.88,no activated state,nan,nan
n10_4_D10,19.0,2.0,no activated state,nan,nan
n10_4_D10,19.0,2.11,no activated state,nan,nan
n10_4_D10,19.0,2.24,no activated state,nan,nan
n10_4_D10,19.0,2.37,no activated state,nan,nan
n10_4_D10,19.0,2.51,no activated state,nan,nan
n10_4_D10,19.0,2.66,no activated state,nan,nan
n10_4_D10,19.0,2.82,no activated state,nan,nan
n10_4_D10,19.0,2.99,no activated state,nan,nan
n10_4_D10,19.0,3.16,no activated state,nan,nan
n10_4_D10,19.0,3.35,no activated state,nan,nan
n10_4_D10,19.0,3.55,no activated state,nan,nan
n10_4_D10,19.0,3.76,no activated state,nan,nan
n10_4_D10,19.0,3.98,no activated state,nan,nan
n10_4_D10,19.0,4.22,no activated state,nan,nan
n10_4_D10,19.0,4.47,no activated state,nan,nan
n10_4_D10,19.0,4.73,no activated state,nan,nan
n10_4_D10,19.0,5.01,no activated state,nan,nan
n10_4_D10,19.0,5.31,no activated state,nan,nan
n10_4_D10,19.0,5.62,no activated state,nan,nan
n10_4_D10,19.0,5.96,no activated state,nan,nan
n10_4_D10,19.0,6.31,no activated state,nan,nan
n10_4_D10,19.0,6.68,no activated state,nan,nan
n10_4_D10,19.0,7.08,no activated state,nan,nan
n10_4_D10,19.0,7.5,no activated state,nan,nan
n10_4_D10,19.0,7.94,no activated state,nan,nan
n10_4_D10,19.0,8.41,no activated state,nan,nan
n10_4_D10,19.0,8.91,no activated state,nan,nan
n10_4_D10,19.0,9.44,no activated state,nan,nan
n10_4_D10,19.0,10.0,no activated state,nan,nan
n10_4_D10,19.0,10.6,no activated state,nan,nan
n10_4_D10,19.0,11.2,no activated state,nan,nan
n10_4_D10,19.0,11.9,no activated state,nan,nan
n10_4_D10,19.0,12.6,no activated state,nan,nan
n10_4_D10,19.0,13.3,no activated state,nan,nan
n10_4_D10,19.0,14.1,no activated state,nan,nan
n10_4_D10,19.0,15.0,no activated state,nan,nan
n10_4_D10,19.0,15.8,no activated state,nan,nan
n10_4_D10,19.0,16.8,no activated state,nan,nan
n10_4_D10,19.0,17.8,no activated state,nan,nan
n10_4_D10,19.0,18.8,no activated state,nan,nan
n10_4_D10,19.0,20.0,no activated state,nan,nan
n10_4_D10,19.0,21.1,no activated state,nan,nan
n10_4_D10,19.0,22.4,no activated state,nan,nan
n10_4_D10,19.0,23.7,no activated state,nan,nan
n10_4_D10,19.0,25.1,linearly stable,1.0358125690501652e-05,4.143249624018745e-06
n10_4_D10,19.0,26.6,linearly stable,1.3065120239019734e-05,5.226047443286356e-06
n10_4_D10,19.0,28.2,linearly stable,1.6503803080825108e-05,6.601520579594675e-06
n10_4_D10,19.0,29.9,linearly stable,2.0858030090886714e-05,8.34321138386331e-06
n10_4_D10,19.0,31.6,linearly stable,2.602183875377584e-05,1.0408734849028496e-05
n10_4_D10,19.0,33.5,linearly stable,3.286777913835692e-05,1.3147111003031438e-05
n10_4_D10,19.0,35.5,linearly stable,4.144826947327651e-05,1.6579307137198634e-05
n10_4_D10,19.0,37.6,linearly stable,5.2161094191705004e-05,2.086443702429552e-05
n10_4_D10,19.0,39.8,linearly stable,6.548329011479836e-05,2.619331539381792e-05
n10_4_D10,19.0,42.2,linearly stable,8.276596023204519e-05,3.3106383440574015e-05
n10_4_D10,19.0,44.7,linearly stable,0.00010419255735305555,4.167702228888386e-05
n10_4_D10,19.0,47.3,linearly stable,0.00013063420557624106,5.2253681577732244e-05
n10_4_D10,19.0,50.1,linearly stable,0.0001644260356048477,6.577041358958325e-05
n10_4_D10,19.0,53.1,linearly stable,0.00020749475263315276,8.299790040105418e-05
n10_4_D10,19.0,56.2,linearly stable,0.00026036690271458163,0.00010414676043310806
n10_4_D10,19.0,59.6,linearly stable,0.0003293370037438237,0.00013173480084460417
n10_4_D10,19.0,63.1,linearly stable,0.00041380074608521333,0.0001655202977814837
n10_4_D10,19.0,66.8,linearly stable,0.0005197598060924236,0.00020790392178421317
n10_4_D10,19.0,70.8,linearly stable,0.0006559329438959871,0.0002623731769057312
n10_4_D10,19.0,75.0,linearly stable,0.0008260539463078587,0.0003304215778701433
n10_4_D10,19.0,79.4,linearly stable,0.0010377466474853492,0.0004150986583414631
n10_4_D10,19.0,84.1,linearly stable,0.001306326209837838,0.0005225304832816007
n10_4_D10,19.0,89.1,linearly stable,0.0016460850171928776,0.0006584340062240188
n10_4_D10,19.0,94.4,linearly stable,0.0020745431798230296,0.0008298172712756631
n10_4_D10,19.0,100.0,linearly stable,0.002613072557755558,0.001045229022448101
n10_4_D10,20.0,1.0,no activated state,nan,nan
n10_4_D10,20.0,1.06,no activated state,nan,nan
n10_4_D10,20.0,1.12,no activated state,nan,nan
n10_4_D10,20.0,1.19,no activated state,nan,nan
n10_4_D10,20.0,1.26,no activated state,nan,nan
n10_4_D10,20.0,1.33,no activated state,nan,nan
n10_4_D10,20.0,1.41,no activated state,nan,nan
n10_4_D10,20.0,1.5,no activated state,nan,nan
n10_4_D10,20.0,1.58,no activated state,nan,nan
n10_4_D10,20.0,1.68,no activated state,nan,nan
n10_4_D10,20.0,1.78,no activated state,nan,nan
n10_4_D10,20.0,1.88,no activated state,nan,nan
n10_4_D10,20.0,2.0,no activated state,nan,nan
n10_4_D10,20.0,2.11,no activated state,nan,nan
n10_4_D10,20.0,2.24,no activated state,nan,nan
n10_4_D10,20.0,2.37,no activated state,nan,nan
n10_4_D10,20.0,2.51,no activated state,nan,nan
n10_4_D10,20.0,2.66,no activated state,nan,nan
n10_4_D10,20.0,2.82,no activated state,nan,nan
n10_4_D10,20.0,2.99,no activated state,nan,nan
n10_4_D10,20.0,3.16,no activated state,nan,nan
n10_4_D10,20.0,3.35,no activated state,nan,nan
n10_4_D10,20.0,3.55,no activated state,nan,nan
n10_4_D10,20.0,3.76,no activated state,nan,nan
n10_4_D10,20.0,3.98,no activated state,nan,nan
n10_4_D10,20.0,4.22,no activated state,nan,nan
n10_4_D10,20.0,4.47,no activated state,nan,nan
n10_4_D10,20.0,4.73,no activated state,nan,nan
n10_4_D10,20.0,5.01,no activated state,nan,nan
n10_4_D10,20.0,5.31,no activated state,nan,nan
n10_4_D10,20.0,5.62,no activated state,nan,nan
n10_4_D10,20.0,5.96,no activated state,nan,nan
n10_4_D10,20.0,6.31,no activated state,nan,nan
n10_4_D10,20.0,6.68,no activated state,nan,nan
n10_4_D10,20.0,7.08,no activated state,nan,nan
n10_4_D10,20.0,7.5,no activated state,nan,nan
n10_4_D10,20.0,7.94,no activated state,nan,nan
n10_4_D10,20.0,8.41,no activated state,nan,nan
n10_4_D10,20.0,8.91,no activated state,nan,nan
n10_4_D10,20.0,9.44,no activated state,nan,nan
n10_4_D10,20.0,10.0,no activated state,nan,nan
n10_4_D10,20.0,10.6,no activated state,nan,nan
n10_4_D10,20.0,11.2,no activated state,nan,nan
n10_4_D10,20.0,11.9,no activated state,nan,nan
n10_4_D10,20.0,12.6,no activated state,nan,nan
n10_4_D10,20.0,13.3,no activated state,nan,nan
n10_4_D10,20.0,14.1,no activated state,nan,nan
n10_4_D10,20.0,15.0,no activated state,nan,nan
n10_4_D10,20.0,15.8,no activated state,nan,nan
n10_4_D10,20.0,16.8,no activated state,nan,nan
n10_4_D10,20.0,17.8,no activated state,nan,nan
n10_4_D10,20.0,18.8,no activated state,nan,nan
n10_4_D10,20.0,20.0,no activated state,nan,nan
n10_4_D10,20.0,21.1,no activated state,nan,nan
n10_4_D10,20.0,22.4,no activated state,nan,nan
n10_4_D10,20.0,23.7,no activated state,nan,nan
n10_4_D10,20.0,25.1,no activated state,nan,nan
n10_4_D10,20.0,26.6,no activated state,nan,nan
n10_4_D10,20.0,28.2,no activated state,nan,nan
n10_4_D10,20.0,29.9,linearly stable,1.2488420834122493e-05,4.995367942675643e-06
n10_4_D10,20.0,31.6,linearly stable,1.5580154747452113e-05,6.232061508090074e-06
n10_4_D10,20.0,33.5,linearly stable,1.9679023709473498e-05,7.871609093111148e-06
n10_4_D10,20.0,35.5,linearly stable,2.4816403628724615e-05,9.92656106078665e-06
n10_4_D10,20.0,37.6,linearly stable,3.1230447044006127e-05,1.2492178426940013e-05
n10_4_D10,20.0,39.8,linearly stable,3.920674958024506e-05,1.5682699441424175e-05
n10_4_D10,20.0,42.2,linearly stable,4.9554214800462404e-05,1.9821685529163796e-05
n10_4_D10,20.0,44.7,linearly stable,6.238262874935785e-05,2.4953051109376124e-05
n10_4_D10,20.0,47.3,linearly stable,7.821347435488235e-05,3.128538935098563e-05
n10_4_D10,20.0,50.1,linearly stable,9.844469343600615e-05,3.937787698397682e-05
n10_4_D10,20.0,53.1,linearly stable,0.00012422960090852087,4.969183997266067e-05
n10_4_D10,20.0,56.2,linearly stable,0.00015588313839853818,6.235325496902375e-05
n10_4_D10,20.0,59.6,linearly stable,0.00019717319924561494,7.886927930744538e-05
n10_4_D10,20.0,63.1,linearly stable,0.000247737220573363,9.90948878385008e-05
n10_4_D10,20.0,66.8,linearly stable,0.0003111669387967364,0.00012446677512758874
n10_4_D10,20.0,70.8,linearly stable,0.0003926795899511504,0.0001570718355900865
n10_4_D10,20.0,75.0,linearly stable,0.0004945070231077153,0.00019780280885230877
n10_4_D10,20.0,79.4,linearly stable,0.000621207848626737,0.0002484831390597693
n10_4_D10,20.0,84.1,linearly stable,0.0007819406890430258,0.00031277627522608494
n10_4_D10,20.0,89.1,linearly stable,0.0009852462638237913,0.00039409850513873353
n10_4_D10,20.0,94.4,linearly stable,0.0012415883468164246,0.0004966353383354479
n10_4_D10,20.0,100.0,linearly stable,0.0015637222322806288,0.0006254888925213079
n10_4_D20,2.5,1.0,linearly stable,0.017994696513417008,0.006771593912524692
n10_4_D20,2.5,1.06,linearly stable,0.022490691726085865,0.008568260073480308
n10_4_D20,2.5,1.12,linearly stable,0.02784513379993303,0.010707964084521217
n10_4_D20,2.5,1.19,linearly stable,0.03532714441220164,0.01369785317711408
n10_4_D20,2.5,1.26,linearly stable,0.044327710282351385,0.017294543582444748
n10_4_D20,2.5,1.33,linearly stable,0.05506763959176153,0.0215862539936256
n10_4_D20,2.5,1.41,linearly stable,0.06979276685730618,0.027470387050265367
n10_4_D20,2.5,1.5,linearly stable,0.08999956003445053,0.03554483926344282
n10_4_D20,2.5,1.58,linearly stable,0.11175969405922692,0.044239801959437906
n10_4_D20,2.5,1.68,linearly stable,0.14496516443138985,0.05750772606822313
n10_4_D20,2.5,1.78,linearly stable,0.18626610601661375,0.07400967693035074
n10_4_D20,2.5,1.88,linearly stable,0.23766704428601404,0.09454601005415585
n10_4_D20,2.5,2.0,linearly stable,0.3167001161839844,0.12611970925714475
n10_4_D20,2.5,2.11,linearly stable,0.4119150731489518,0.16415357585221263
n10_4_D20,2.5,2.24,linearly stable,0.5674473644061051,0.2262693732741043
n10_4_D20,2.5,2.37,linearly stable,0.8095165748749344,0.3229099969901467
n10_4_D20,2.5,2.51,Turing,1.556336278747018,0.6206119442209252
n10_4_D20,2.5,2.66,no activated state,nan,nan
n10_4_D20,2.5,2.82,no activated state,nan,nan
n10_4_D20,2.5,2.99,no activated state,nan,nan
n10_4_D20,2.5,3.16,no activated state,nan,nan
n10_4_D20,2.5,3.35,no activated state,nan,nan
n10_4_D20,2.5,3.55,no activated state,nan,nan
n10_4_D20,2.5,3.76,no activated state,nan,nan
n10_4_D20,2.5,3.98,no activated state,nan,nan
n10_4_D20,2.5,4.22,no activated state,nan,nan
n10_4_D20,2.5,4.47,no activated state,nan,nan
n10_4_D20,2.5,4.73,no activated state,nan,nan
n10_4_D20,2.5,5.01,no activated state,nan,nan
n10_4_D20,2.5,5.31,no activated state,nan,nan
n10_4_D20,2.5,5.62,no activated state,nan,nan
n10_4_D20,2.5,5.96,no activated state,nan,nan
n10_4_D20,2.5,6.31,no activated state,nan,nan
n10_4_D20,2.5,6.68,no activated state,nan,nan
n10_4_D20,2.5,7.08,no activated state,nan,nan
n10_4_D20,2.5,7.5,no activated state,nan,nan
n10_4_D20,2.5,7.94,no activated state,nan,nan
n10_4_D20,2.5,8.41,no activated state,nan,nan
n10_4_D20,2.5,8.91,no activated state,nan,nan
n10_4_D20,2.5,9.44,no activated state,nan,nan
n10_4_D20,2.5,10.0,no activated state,nan,nan
n10_4_D20,2.5,10.6,no activated state,nan,nan
n10_4_D20,2.5,11.2,no activated state,nan,nan
n10_4_D20,2.5,11.9,no activated state,nan,nan
n10_4_D20,2.5,12.6,no activated state,nan,nan
n10_4_D20,2.5,13.3,no activated state,nan,nan
n10_4_D20,2.5,14.1,no activated state,nan,nan
n10_4_D20,2.5,15.0,no activated state,nan,nan
n10_4_D20,2.5,15.8,no activated state,nan,nan
n10_4_D20,2.5,16.8,no activated state,nan,nan
n10_4_D20,2.5,17.8,no activated state,nan,nan
n10_4_D20,2.5,18.8,no activated state,nan,nan
n10_4_D20,2.5,20.0,no activated state,nan,nan
n10_4_D20,2.5,21.1,no activated state,nan,nan
n10_4_D20,2.5,22.4,no activated state,nan,nan
n10_4_D20,2.5,23.7,no activated state,nan,nan
n10_4_D20,2.5,25.1,no activated state,nan,nan
n10_4_D20,2.5,26.6,no activated state,nan,nan
n10_4_D20,2.5,28.2,no activated state,nan,nan
n10_4_D20,2.5,29.9,no activated state,nan,nan
n10_4_D20,2.5,31.6,no activated state,nan,nan
n10_4_D20,2.5,33.5,no activated state,nan,nan
n10_4_D20,2.5,35.5,no activated state,nan,nan
n10_4_D20,2.5,37.6,no activated state,nan,nan
n10_4_D20,2.5,39.8,no activated state,nan,nan
n10_4_D20,2.5,42.2,no activated state,nan,nan
n10_4_D20,2.5,44.7,no activated state,nan,nan
n10_4_D20,2.5,47.3,no activated state,nan,nan
n10_4_D20,2.5,50.1,no activated state,nan,nan
n10_4_D20,2.5,53.1,no activated state,nan,nan
n10_4_D20,2.5,56.2,no activated state,nan,nan
n10_4_D20,2.5,59.6,no activated state,nan,nan
n10_4_D20,2.5,63.1,no activated state,nan,nan
n10_4_D20,2.5,66.8,no activated state,nan,nan
n10_4_D20,2.5,70.8,no activated state,nan,nan
n10_4_D20,2.5,75.0,no activated state,nan,nan
n10_4_D20,2.5,79.4,no activated state,nan,nan
n10_4_D20,2.5,84.1,no activated state,nan,nan
n10_4_D20,2.5,89.1,no activated state,nan,nan
n10_4_D20,2.5,94.4,no activated state,nan,nan
n10_4_D20,2.5,100.0,no activated state,nan,nan
n10_4_D20,2.63,1.0,linearly stable,0.010798119073088808,0.004064138856206495
n10_4_D20,2.63,1.06,linearly stable,0.013483778688930803,0.005137784583563946
n10_4_D20,2.63,1.12,linearly stable,0.016675780710914134,0.006413848570695348
n10_4_D20,2.63,1.19,linearly stable,0.021124317768560497,0.008192232583861873
n10_4_D20,2.63,1.26,linearly stable,0.026457401894850463,0.010324224386016151
n10_4_D20,2.63,1.33,linearly stable,0.03279470911591198,0.012857662925145612
n10_4_D20,2.63,1.41,linearly stable,0.04143642257711022,0.016312308942337834
n10_4_D20,2.63,1.5,linearly stable,0.053205289433667646,0.021017049718896626
n10_4_D20,2.63,1.58,linearly stable,0.06576076588706958,0.026036209958029497
n10_4_D20,2.63,1.68,linearly stable,0.08467922652517612,0.03359895516217597
n10_4_D20,2.63,1.78,linearly stable,0.1077931272171917,0.04283872613505271
n10_4_D20,2.63,1.88,linearly stable,0.13589198938096958,0.054071048452882874
n10_4_D20,2.63,2.0,linearly stable,0.17758657688945245,0.0707377796844559
n10_4_D20,2.63,2.11,linearly stable,0.2252480722125383,0.08978909386587412
n10_4_D20,2.63,2.24,linearly stable,0.2965823971967563,0.11830169048253421
n10_4_D20,2.63,2.37,linearly stable,0.38986691564291687,0.15558540807839683
n10_4_D20,2.63,2.51,linearly stable,0.5267603317719194,0.21029296804595357
n10_4_D20,2.63,2.66,linearly stable,0.747273250383792,0.29840105309363896
n10_4_D20,2.63,2.82,Turing,1.2433990280707796,0.49652500337364436
n10_4_D20,2.63,2.99,no activated state,nan,nan
n10_4_D20,2.63,3.16,no activated state,nan,nan
n10_4_D20,2.63,3.35,no activated state,nan,nan
n10_4_D20,2.63,3.55,no activated state,nan,nan
n10_4_D20,2.63,3.76,no activated state,nan,nan
n10_4_D20,2.63,3.98,no activated state,nan,nan
n10_4_D20,2.63,4.22,no activated state,nan,nan
n10_4_D20,2.63,4.47,no activated state,nan,nan
n10_4_D20,2.63,4.73,no activated state,nan,nan
n10_4_D20,2.63,5.01,no activated state,nan,nan
n10_4_D20,2.63,5.31,no activated state,nan,nan
n10_4_D20,2.63,5.62,no activated state,nan,nan
n10_4_D20,2.63,5.96,no activated state,nan,nan
n10_4_D20,2.63,6.31,no activated state,nan,nan
n10_4_D20,2.63,6.68,no activated state,nan,nan
n10_4_D20,2.63,7.08,no activated state,nan,nan
n10_4_D20,2.63,7.5,no activated state,nan,nan
n10_4_D20,2.63,7.94,no activated state,nan,nan
n10_4_D20,2.63,8.41,no activated state,nan,nan
n10_4_D20,2.63,8.91,no activated state,nan,nan
n10_4_D20,2.63,9.44,no activated state,nan,nan
n10_4_D20,2.63,10.0,no activated state,nan,nan
n10_4_D20,2.63,10.6,no activated state,nan,nan
n10_4_D20,2.63,11.2,no activated state,nan,nan
n10_4_D20,2.63,11.9,no activated state,nan,nan
n10_4_D20,2.63,12.6,no activated state,nan,nan
n10_4_D20,2.63,13.3,no activated state,nan,nan
n10_4_D20,2.63,14.1,no activated state,nan,nan
n10_4_D20,2.63,15.0,no activated state,nan,nan
n10_4_D20,2.63,15.8,no activated state,nan,nan
n10_4_D20,2.63,16.8,no activated state,nan,nan
n10_4_D20,2.63,17.8,no activated state,nan,nan
n10_4_D20,2.63,18.8,no activated state,nan,nan
n10_4_D20,2.63,20.0,no activated state,nan,nan
n10_4_D20,2.63,21.1,no activated state,nan,nan
n10_4_D20,2.63,22.4,no activated state,nan,nan
n10_4_D20,2.63,23.7,no activated state,nan,nan
n10_4_D20,2.63,25.1,no activated state,nan,nan
n10_4_D20,2.63,26.6,no activated state,nan,nan
n10_4_D20,2.63,28.2,no activated state,nan,nan
n10_4_D20,2.63,29.9,no activated state,nan,nan
n10_4_D20,2.63,31.6,no activated state,nan,nan
n10_4_D20,2.63,33.5,no activated state,nan,nan
n10_4_D20,2.63,35.5,no activated state,nan,nan
n10_4_D20,2.63,37.6,no activated state,nan,nan
n10_4_D20,2.63,39.8,no activated state,nan,nan
n10_4_D20,2.63,42.2,no activated state,nan,nan
n10_4_D20,2.63,44.7,no activated state,nan,nan
n10_4_D20,2.63,47.3,no activated state,nan,nan
n10_4_D20,2.63,50.1,no activated state,nan,nan
n10_4_D20,2.63,53.1,no activated state,nan,nan
n10_4_D20,2.63,56.2,no activated state,nan,nan
n10_4_D20,2.63,59.6,no activated state,nan,nan
n10_4_D20,2.63,63.1,no activated state,nan,nan
n10_4_D20,2.63,66.8,no activated state,nan,nan
n10_4_D20,2.63,70.8,no activated state,nan,nan
n10_4_D20,2.63,75.0,no activated state,nan,nan
n10_4_D20,2.63,79.4,no activated state,nan,nan
n10_4_D20,2.63,84.1,no activated state,nan,nan
n10_4_D20,2.63,89.1,no activated state,nan,nan
n10_4_D20,2.63,94.4,no activated state,nan,nan
n10_4_D20,2.63,100.0,no activated state,nan,nan
n10_4_D20,2.77,1.0,linearly stable,0.006413720637002962,0.002414212264693917
n10_4_D20,2.77,1.06,linearly stable,0.00800451811864944,0.003050314361241683
n10_4_D20,2.77,1.12,linearly stable,0.00989295042208127,0.0038054293570269483
n10_4_D20,2.77,1.19,linearly stable,0.012520610905719654,0.004856133847557005
n10_4_D20,2.77,1.26,linearly stable,0.015664355196568502,0.006113199968478773
n10_4_D20,2.77,1.33,linearly stable,0.019390954397884297,0.0076033262717576135
n10_4_D20,2.77,1.41,linearly stable,0.024456599198543483,0.009628883266480917
n10_4_D20,2.77,1.5,linearly stable,0.03132535001846959,0.012375427472397352
n10_4_D20,2.77,1.58,linearly stable,0.038614728537841314,0.015290156975696825
n10_4_D20,2.77,1.68,linearly stable,0.04952240491683191,0.019651684333477155
n10_4_D20,2.77,1.78,linearly stable,0.06272336713022963,0.024930178807037004
n10_4_D20,2.77,1.88,linearly stable,0.07858174241756832,0.031271224502683
n10_4_D20,2.77,2.0,linearly stable,0.10172023286373899,0.0405231915799032
n10_4_D20,2.77,2.11,linearly stable,0.12757704625354527,0.050861988928157555
n10_4_D20,2.77,2.24,linearly stable,0.16504538468635754,0.06584344657159634
n10_4_D20,2.77,2.37,linearly stable,0.21169708698152268,0.084496489022279
n10_4_D20,2.77,2.51,linearly stable,0.2750002367224469,0.10980678398346547
n10_4_D20,2.77,2.66,linearly stable,0.36285691657255814,0.14493300428022363
n10_4_D20,2.77,2.82,linearly stable,0.48961174851030465,0.19560839159241133
n10_4_D20,2.77,2.99,linearly stable,0.6871342258595048,0.2745682520683118
n10_4_D20,2.77,3.16,linearly stable,1.0395397685615604,0.4154119929185309
n10_4_D20,2.77,3.35,no activated state,nan,nan
n10_4_D20,2.77,3.55,no activated state,nan,nan
n10_4_D20,2.77,3.76,no activated state,nan,nan
n10_4_D20,2.77,3.98,no activated state,nan,nan
n10_4_D20,2.77,4.22,no activated state,nan,nan
n10_4_D20,2.77,4.47,no activated state,nan,nan
n10_4_D20,2.77,4.73,no activated state,nan,nan
n10_4_D20,2.77,5.01,no activated state,nan,nan
n10_4_D20,2.77,5.31,no activated state,nan,nan
n10_4_D20,2.77,5.62,no activated state,nan,nan
n10_4_D20,2.77,5.96,no activated state,nan,nan
n10_4_D20,2.77,6.31,no activated state,nan,nan
n10_4_D20,2.77,6.68,no activated state,nan,nan
n10_4_D20,2.77,7.08,no activated state,nan,nan
n10_4_D20,2.77,7.5,no activated state,nan,nan
n10_4_D20,2.77,7.94,no activated state,nan,nan
n10_4_D20,2.77,8.41,no activated state,nan,nan
n10_4_D20,2.77,8.91,no activated state,nan,nan
n10_4_D20,2.77,9.44,no activated state,nan,nan
n10_4_D20,2.77,10.0,no activated state,nan,nan
n10_4_D20,2.77,10.6,no activated state,nan,nan
n10_4_D20,2.77,11.2,no activated state,nan,nan
n10_4_D20,2.77,11.9,no activated state,nan,nan
n10_4_D20,2.77,12.6,no activated state,nan,nan
n10_4_D20,2.77,13.3,no activated state,nan,nan
n10_4_D20,2.77,14.1,no activated state,nan,nan
n10_4_D20,2.77,15.0,no activated state,nan,nan
n10_4_D20,2.77,15.8,no activated state,nan,nan
n10_4_D20,2.77,16.8,no activated state,nan,nan
n10_4_D20,2.77,17.8,no activated state,nan,nan
n10_4_D20,2.77,18.8,no activated state,nan,nan
n10_4_D20,2.77,20.0,no activated state,nan,nan
n10_4_D20,2.77,21.1,no activated state,nan,nan
n10_4_D20,2.77,22.4,no activated state,nan,nan
n10_4_D20,2.77,23.7,no activated state,nan,nan
n10_4_D20,2.77,25.1,no activated state,nan,nan
n10_4_D20,2.77,26.6,no activated state,nan,nan
n10_4_D20,2.77,28.2,no activated state,nan,nan
n10_4_D20,2.77,29.9,no activated state,nan,nan
n10_4_D20,2.77,31.6,no activated state,nan,nan
n10_4_D20,2.77,33.5,no activated state,nan,nan
n10_4_D20,2.77,35.5,no activated state,nan,nan
n10_4_D20,2.77,37.6,no activated state,nan,nan
n10_4_D20,2.77,39.8,no activated state,nan,nan
n10_4_D20,2.77,42.2,no activated state,nan,nan
n10_4_D20,2.77,44.7,no activated state,nan,nan
n10_4_D20,2.77,47.3,no activated state,nan,nan
n10_4_D20,2.77,50.1,no activated state,nan,nan
n10_4_D20,2.77,53.1,no activated state,nan,nan
n10_4_D20,2.77,56.2,no activated state,nan,nan
n10_4_D20,2.77,59.6,no activated state,nan,nan
n10_4_D20,2.77,63.1,no activated state,nan,nan
n10_4_D20,2.77,66.8,no activated state,nan,nan
n10_4_D20,2.77,70.8,no activated state,nan,nan
n10_4_D20,2.77,75.0,no activated state,nan,nan
n10_4_D20,2.77,79.4,no activated state,nan,nan
n10_4_D20,2.77,84.1,no activated state,nan,nan
n10_4_D20,2.77,89.1,no activated state,nan,nan
n10_4_D20,2.77,94.4,no activated state,nan,nan
n10_4_D20,2.77,100.0,no activated state,nan,nan
n10_4_D20,2.92,1.0,linearly stable,0.0037798974443647992,0.0014228935442792555
n10_4_D20,2.92,1.06,linearly stable,0.004715880201282552,0.0017972115561869831
n10_4_D20,2.92,1.12,linearly stable,0.00582618317798822,0.002241243579634171
n10_4_D20,2.92,1.19,linearly stable,0.007369667463168472,0.0028585131734584416
n10_4_D20,2.92,1.26,linearly stable,0.009214080780973744,0.003596129929284287
n10_4_D20,2.92,1.33,linearly stable,0.011397313300749445,0.004469246718455451
n10_4_D20,2.92,1.41,linearly stable,0.014359551157343553,0.005653902148569107
n10_4_D20,2.92,1.5,linearly stable,0.018366069878098523,0.007256184284795335
n10_4_D20,2.92,1.58,linearly stable,0.022605130015689312,0.008951462679269754
n10_4_D20,2.92,1.68,linearly stable,0.02892357032879267,0.01147832085380815
n10_4_D20,2.92,1.78,linearly stable,0.036530327357270354,0.014520395735344803
n10_4_D20,2.92,1.88,linearly stable,0.045609664477389567,0.018151374790188
n10_4_D20,2.92,2.0,linearly stable,0.058740529409218034,0.023402615439264318
n10_4_D20,2.92,2.11,linearly stable,0.07324758927757857,0.02920420112194144
n10_4_D20,2.92,2.24,linearly stable,0.09395053522867292,0.037483580739017176
n10_4_D20,2.92,2.37,linearly stable,0.1191853166514778,0.04757524933982533
n10_4_D20,2.92,2.51,linearly stable,0.1524289012255997,0.060869638158382346
n10_4_D20,2.92,2.66,linearly stable,0.19656854245847288,0.07852128936307358
n10_4_D20,2.92,2.82,linearly stable,0.25588968620513963,0.10224378838448601
n10_4_D20,2.92,2.99,linearly stable,0.3371652737498554,0.13474524729466153
n10_4_D20,2.92,3.16,linearly stable,0.4448033968846099,0.1777876761700321
n10_4_D20,2.92,3.35,linearly stable,0.6143725135341627,0.24559194683663713
n10_4_D20,2.92,3.55,linearly stable,0.9083005971924318,0.3631111042903708
n10_4_D20,2.92,3.76,no activated state,nan,nan
n10_4_D20,2.92,3.98,no activated state,nan,nan
n10_4_D20,2.92,4.22,no activated state,nan,nan
n10_4_D20,2.92,4.47,no activated state,nan,nan
n10_4_D20,2.92,4.73,no activated state,nan,nan
n10_4_D20,2.92,5.01,no activated state,nan,nan
n10_4_D20,2.92,5.31,no activated state,nan,nan
n10_4_D20,2.92,5.62,no activated state,nan,nan
n10_4_D20,2.92,5.96,no activated state,nan,nan
n10_4_D20,2.92,6.31,no activated state,nan,nan
n10_4_D20,2.92,6.68,no activated state,nan,nan
n10_4_D20,2.92,7.08,no activated state,nan,nan
n10_4_D20,2.92,7.5,no activated state,nan,nan
n10_4_D20,2.92,7.94,no activated state,nan,nan
n10_4_D20,2.92,8.41,no activated state,nan,nan
n10_4_D20,2.92,8.91,no activated state,nan,nan
n10_4_D20,2.92,9.44,no activated state,nan,nan
n10_4_D20,2.92,10.0,no activated state,nan,nan
n10_4_D20,2.92,10.6,no activated state,nan,nan
n10_4_D20,2.92,11.2,no activated state,nan,nan
n10_4_D20,2.92,11.9,no activated state,nan,nan
n10_4_D20,2.92,12.6,no activated state,nan,nan
n10_4_D20,2.92,13.3,no activated state,nan,nan
n10_4_D20,2.92,14.1,no activated state,nan,nan
n10_4_D20,2.92,15.0,no activated state,nan,nan
n10_4_D20,2.92,15.8,no activated state,nan,nan
n10_4_D20,2.92,16.8,no activated state,nan,nan
n10_4_D20,2.92,17.8,no activated state,nan,nan
n10_4_D20,2.92,18.8,no activated state,nan,nan
n10_4_D20,2.92,20.0,no activated state,nan,nan
n10_4_D20,2.92,21.1,no activated state,nan,nan
n10_4_D20,2.92,22.4,no activated state,nan,nan
n10_4_D20,2.92,23.7,no activated state,nan,nan
n10_4_D20,2.92,25.1,no activated state,nan,nan
n10_4_D20,2.92,26.6,no activated state,nan,nan
n10_4_D20,2.92,28.2,no activated state,nan,nan
n10_4_D20,2.92,29.9,no activated state,nan,nan
n10_4_D20,2.92,31.6,no activated state,nan,nan
n10_4_D20,2.92,33.5,no activated state,nan,nan
n10_4_D20,2.92,35.5,no activated state,nan,nan
n10_4_D20,2.92,37.6,no activated state,nan,nan
n10_4_D20,2.92,39.8,no activated state,nan,nan
n10_4_D20,2.92,42.2,no activated state,nan,nan
n10_4_D20,2.92,44.7,no activated state,nan,nan
n10_4_D20,2.92,47.3,no activated state,nan,nan
n10_4_D20,2.92,50.1,no activated state,nan,nan
n10_4_D20,2.92,53.1,no activated state,nan,nan
n10_4_D20,2.92,56.2,no activated state,nan,nan
n10_4_D20,2.92,59.6,no activated state,nan,nan
n10_4_D20,2.92,63.1,no activated state,nan,nan
n10_4_D20,2.92,66.8,no activated state,nan,nan
n10_4_D20,2.92,70.8,no activated state,nan,nan
n10_4_D20,2.92,75.0,no activated state,nan,nan
n10_4_D20,2.92,79.4,no activated state,nan,nan
n10_4_D20,2.92,84.1,no activated state,nan,nan
n10_4_D20,2.92,89.1,no activated state,nan,nan
n10_4_D20,2.92,94.4,no activated state,nan,nan
n10_4_D20,2.92,100.0,no activated state,nan,nan
n10_4_D20,3.08,1.0,linearly stable,0.0022153661747870146,0.0008339767108018424
n10_4_D20,3.08,1.06,linearly stable,0.002763401260489351,0.0010531650005527406
n10_4_D20,3.08,1.12,linearly stable,0.003413227422580656,0.0013130649208218986
n10_4_D20,3.08,1.19,linearly stable,0.004316082100122021,0.0016741643208931327
n10_4_D20,3.08,1.26,linearly stable,0.005394201533166498,0.0021053613283026434
n10_4_D20,3.08,1.33,linearly stable,0.006669297277693831,0.0026153395144823052
n10_4_D20,3.08,1.41,linearly stable,0.008397497496226425,0.003306538007111694
n10_4_D20,3.08,1.5,linearly stable,0.01073151539613737,0.0042400347451229635
n10_4_D20,3.08,1.58,linearly stable,0.01319669886207353,0.005225991223624021
n10_4_D20,3.08,1.68,linearly stable,0.016862881907472316,0.006692290043577253
n10_4_D20,3.08,1.78,linearly stable,0.021263438473390073,0.008452302490491215
n10_4_D20,3.08,1.88,linearly stable,0.0264969635919865,0.01054546136453284
n10_4_D20,3.08,2.0,linearly stable,0.03402914941450175,0.0135579718786201
n10_4_D20,3.08,2.11,linearly stable,0.04229976949082448,0.01686581724672738
n10_4_D20,3.08,2.24,linearly stable,0.0540088456195964,0.021548871881364017
n10_4_D20,3.08,2.37,linearly stable,0.06812934605335386,0.027196368573289883
n10_4_D20,3.08,2.51,linearly stable,0.08647168213706924,0.034532374129374765
n10_4_D20,3.08,2.66,linearly stable,0.1103577581751114,0.0440855688691743
n10_4_D20,3.08,2.82,linearly stable,0.1415887543189076,0.05657630598832807
n10_4_D20,3.08,2.99,linearly stable,0.18268337631319076,0.07301188697460234
n10_4_D20,3.08,3.16,linearly stable,0.23391483069407304,0.0935015052256474
n10_4_D20,3.08,3.35,linearly stable,0.30666983863719466,0.12259902330830356
n10_4_D20,3.08,3.55,linearly stable,0.40743016137790744,0.16289635719179482
n10_4_D20,3.08,3.76,linearly stable,0.5536125752965493,0.22135810184666327
n10_4_D20,3.08,3.98,linearly stable,0.7879981990330021,0.31509029462072624
n10_4_D20,3.08,4.22,Turing,1.4256886998725105,0.5700676253667498
n10_4_D20,3.08,4.47,no activated state,nan,nan
n10_4_D20,3.08,4.73,no activated state,nan,nan
n10_4_D20,3.08,5.01,no activated state,nan,nan
n10_4_D20,3.08,5.31,no activated state,nan,nan
n10_4_D20,3.08,5.62,no activated state,nan,nan
n10_4_D20,3.08,5.96,no activated state,nan,nan
n10_4_D20,3.08,6.31,no activated state,nan,nan
n10_4_D20,3.08,6.68,no activated state,nan,nan
n10_4_D20,3.08,7.08,no activated state,nan,nan
n10_4_D20,3.08,7.5,no activated state,nan,nan
n10_4_D20,3.08,7.94,no activated state,nan,nan
n10_4_D20,3.08,8.41,no activated state,nan,nan
n10_4_D20,3.08,8.91,no activated state,nan,nan
n10_4_D20,3.08,9.44,no activated state,nan,nan
n10_4_D20,3.08,10.0,no activated state,nan,nan
n10_4_D20,3.08,10.6,no activated state,nan,nan
n10_4_D20,3.08,11.2,no activated state,nan,nan
n10_4_D20,3.08,11.9,no activated state,nan,nan
n10_4_D20,3.08,12.6,no activated state,nan,nan
n10_4_D20,3.08,13.3,no activated state,nan,nan
n10_4_D20,3.08,14.1,no activated state,nan,nan
n10_4_D20,3.08,15.0,no activated state,nan,nan
n10_4_D20,3.08,15.8,no activated state,nan,nan
n10_4_D20,3.08,16.8,no activated state,nan,nan
n10_4_D20,3.08,17.8,no activated state,nan,nan
n10_4_D20,3.08,18.8,no activated state,nan,nan
n10_4_D20,3.08,20.0,no activated state,nan,nan
n10_4_D20,3.08,21.1,no activated state,nan,nan
n10_4_D20,3.08,22.4,no activated state,nan,nan
n10_4_D20,3.08,23.7,no activated state,nan,nan
n10_4_D20,3.08,25.1,no activated state,nan,nan
n10_4_D20,3.08,26.6,no activated state,nan,nan
n10_4_D20,3.08,28.2,no activated state,nan,nan
n10_4_D20,3.08,29.9,no activated state,nan,nan
n10_4_D20,3.08,31.6,no activated state,nan,nan
n10_4_D20,3.08,33.5,no activated state,nan,nan
n10_4_D20,3.08,35.5,no activated state,nan,nan
n10_4_D20,3.08,37.6,no activated state,nan,nan
n10_4_D20,3.08,39.8,no activated state,nan,nan
n10_4_D20,3.08,42.2,no activated state,nan,nan
n10_4_D20,3.08,44.7,no activated state,nan,nan
n10_4_D20,3.08,47.3,no activated state,nan,nan
n10_4_D20,3.08,50.1,no activated state,nan,nan
n10_4_D20,3.08,53.1,no activated state,nan,nan
n10_4_D20,3.08,56.2,no activated state,nan,nan
n10_4_D20,3.08,59.6,no activated state,nan,nan
n10_4_D20,3.08,63.1,no activated state,nan,nan
n10_4_D20,3.08,66.8,no activated state,nan,nan
n10_4_D20,3.08,70.8,no activated state,nan,nan
n10_4_D20,3.08,75.0,no activated state,nan,nan
n10_4_D20,3.08,79.4,no activated state,nan,nan
n10_4_D20,3.08,84.1,no activated state,nan,nan
n10_4_D20,3.08,89.1,no activated state,nan,nan
n10_4_D20,3.08,94.4,no activated state,nan,nan
n10_4_D20,3.08,100.0,no activated state,nan,nan
n10_4_D20,3.24,1.0,linearly stable,0.0013344498322442888,0.000502365334373464
n10_4_D20,3.24,1.06,linearly stable,0.0016643830998430698,0.00063432931037955
n10_4_D20,3.24,1.12,linearly stable,0.0020555041607250857,0.0007907666692221417
n10_4_D20,3.24,1.19,linearly stable,0.002598751094539109,0.0010080500661419983
n10_4_D20,3.24,1.26,linearly stable,0.003247197991705919,0.0012674104597762239
n10_4_D20,3.24,1.33,linearly stable,0.004013757498518844,0.001574012536727229
n10_4_D20,3.24,1.41,linearly stable,0.005052088318149295,0.0019893154097005094
n10_4_D20,3.24,1.5,linearly stable,0.006453260601808619,0.0025497445268321886
n10_4_D20,3.24,1.58,linearly stable,0.007931745320828298,0.0031410963617218932
n10_4_D20,3.24,1.68,linearly stable,0.010127802217484438,0.004019456542707708
n10_4_D20,3.24,1.78,linearly stable,0.012759438782919963,0.005072035997731427
n10_4_D20,3.24,1.88,linearly stable,0.015883061641926988,0.006321395659416253
n10_4_D20,3.24,2.0,linearly stable,0.020366855143834073,0.008114784123311371
n10_4_D20,3.24,2.11,linearly stable,0.025274117531954854,0.01007754729878033
n10_4_D20,3.24,2.24,linearly stable,0.03219248462127511,0.012844693061564756
n10_4_D20,3.24,2.37,linearly stable,0.04048992069221491,0.016163424488289127
n10_4_D20,3.24,2.51,linearly stable,0.051192593942320785,0.02044417734106901
n10_4_D20,3.24,2.66,linearly stable,0.06499997809619518,0.02596671769622937
n10_4_D20,3.24,2.82,linearly stable,0.0828266888389706,0.03309685980595436
n10_4_D20,3.24,2.99,linearly stable,0.10588233669791003,0.04231840311490359
n10_4_D20,3.24,3.16,linearly stable,0.13396526975928302,0.053550681576475974
n10_4_D20,3.24,3.35,linearly stable,0.1725329823109245,0.068976495504169
n10_4_D20,3.24,3.55,linearly stable,0.2232536510959815,0.08926301358880957
n10_4_D20,3.24,3.76,linearly stable,0.29084916071491995,0.11629874023140345
n10_4_D20,3.24,3.98,linearly stable,0.38292486418345595,0.15312535717903916
n10_4_D20,3.24,4.22,linearly stable,0.5199680100798043,0.2079364673965168
n10_4_D20,3.24,4.47,linearly stable,0.7335374715385168,0.29335270352139947
n10_4_D20,3.24,4.73,Turing,1.1717149369694257,0.4685896533941516
n10_4_D20,3.24,5.01,no activated state,nan,nan
n10_4_D20,3.24,5.31,no activated state,nan,nan
n10_4_D20,3.24,5.62,no activated state,nan,nan
n10_4_D20,3.24,5.96,no activated state,nan,nan
n10_4_D20,3.24,6.31,no activated state,nan,nan
n10_4_D20,3.24,6.68,no activated state,nan,nan
n10_4_D20,3.24,7.08,no activated state,nan,nan
n10_4_D20,3.24,7.5,no activated state,nan,nan
n10_4_D20,3.24,7.94,no activated state,nan,nan
n10_4_D20,3.24,8.41,no activated state,nan,nan
n10_4_D20,3.24,8.91,no activated state,nan,nan
n10_4_D20,3.24,9.44,no activated state,nan,nan
n10_4_D20,3.24,10.0,no activated state,nan,nan
n10_4_D20,3.24,10.6,no activated state,nan,nan
n10_4_D20,3.24,11.2,no activated state,nan,nan
n10_4_D20,3.24,11.9,no activated state,nan,nan
n10_4_D20,3.24,12.6,no activated state,nan,nan
n10_4_D20,3.24,13.3,no activated state,nan,nan
n10_4_D20,3.24,14.1,no activated state,nan,nan
n10_4_D20,3.24,15.0,no activated state,nan,nan
n10_4_D20,3.24,15.8,no activated state,nan,nan
n10_4_D20,3.24,16.8,no activated state,nan,nan
n10_4_D20,3.24,17.8,no activated state,nan,nan
n10_4_D20,3.24,18.8,no activated state,nan,nan
n10_4_D20,3.24,20.0,no activated state,nan,nan
n10_4_D20,3.24,21.1,no activated state,nan,nan
n10_4_D20,3.24,22.4,no activated state,nan,nan
n10_4_D20,3.24,23.7,no activated state,nan,nan
n10_4_D20,3.24,25.1,no activated state,nan,nan
n10_4_D20,3.24,26.6,no activated state,nan,nan
n10_4_D20,3.24,28.2,no activated state,nan,nan
n10_4_D20,3.24,29.9,no activated state,nan,nan
n10_4_D20,3.24,31.6,no activated state,nan,nan
n10_4_D20,3.24,33.5,no activated state,nan,nan
n10_4_D20,3.24,35.5,no activated state,nan,nan
n10_4_D20,3.24,37.6,no activated state,nan,nan
n10_4_D20,3.24,39.8,no activated state,nan,nan
n10_4_D20,3.24,42.2,no activated state,nan,nan
n10_4_D20,3.24,44.7,no activated state,nan,nan
n10_4_D20,3.24,47.3,no activated state,nan,nan
n10_4_D20,3.24,50.1,no activated state,nan,nan
n10_4_D20,3.24,53.1,no activated state,nan,nan
n10_4_D20,3.24,56.2,no activated state,nan,nan
n10_4_D20,3.24,59.6,no activated state,nan,nan
n10_4_D20,3.24,63.1,no activated state,nan,nan
n10_4_D20,3.24,66.8,no activated state,nan,nan
n10_4_D20,3.24,70.8,no activated state,nan,nan
n10_4_D20,3.24,75.0,no activated state,nan,nan
n10_4_D20,3.24,79.4,no activated state,nan,nan
n10_4_D20,3.24,84.1,no activated state,nan,nan
n10_4_D20,3.24,89.1,no activated state,nan,nan
n10_4_D20,3.24,94.4,no activated state,nan,nan
n10_4_D20,3.24,100.0,no activated state,nan,nan
n10_4_D20,3.42,1.0,linearly stable,0.000776898904737422,0.00029247424020580244
n10_4_D20,3.42,1.06,linearly stable,0.000968914817056632,0.00036927744461892826
n10_4_D20,3.42,1.12,linearly stable,0.0011965067066599389,0.0004603104535917781
n10_4_D20,3.42,1.19,linearly stable,0.0015125582391650738,0.0005867258619902884
n10_4_D20,3.42,1.26,linearly stable,0.0018897190859634705,0.0007375839876302743
n10_4_D20,3.42,1.33,linearly stable,0.0023354463580393947,0.0009158675508446249
n10_4_D20,3.42,1.41,linearly stable,0.0029389703786208976,0.001157267207738813
n10_4_D20,3.42,1.5,linearly stable,0.0037529765552823946,0.0014828562469647907
n10_4_D20,3.42,1.58,linearly stable,0.004611376648999688,0.0018262021086411725
n10_4_D20,3.42,1.68,linearly stable,0.005885407392280939,0.0023357933438707627
n10_4_D20,3.42,1.78,linearly stable,0.007410579544755436,0.0029458369556097743
n10_4_D20,3.42,1.88,linearly stable,0.00921867472344351,0.0036690450440699934
n10_4_D20,3.42,2.0,linearly stable,0.011809895940962933,0.004705490467038386
n10_4_D20,3.42,2.11,linearly stable,0.014640146486589733,0.005837543520940815
n10_4_D20,3.42,2.24,linearly stable,0.018620139078967535,0.0074294740072253776
n10_4_D20,3.42,2.37,linearly stable,0.02337772385303194,0.00933242801483564
n10_4_D20,3.42,2.51,linearly stable,0.02948887021705593,0.011776783365147484
n10_4_D20,3.42,2.66,linearly stable,0.03732989044206714,0.014913058118653094
n10_4_D20,3.42,2.82,linearly stable,0.04738116290762928,0.01893339464091851
n10_4_D20,3.42,2.99,linearly stable,0.06025816937797801,0.024083973719345925
n10_4_D20,3.42,3.16,linearly stable,0.07575302293755026,0.030281642327638338
n10_4_D20,3.42,3.35,linearly stable,0.09668501978883359,0.0386540656910517
n10_4_D20,3.42,3.55,linearly stable,0.12358181348939956,0.0494122890286212
n10_4_D20,3.42,3.76,linearly stable,0.15826968156737342,0.06328677878016145
n10_4_D20,3.42,3.98,linearly stable,0.2032854850988186,0.08129221165207641
n10_4_D20,3.42,4.22,linearly stable,0.2651966996201327,0.10605540674434878
n10_4_D20,3.42,4.47,linearly stable,0.3484906999041182,0.13937113552966235
n10_4_D20,3.42,4.73,linearly stable,0.4640280496521254,0.1855831968854008
n10_4_D20,3.42,5.01,linearly stable,0.6415856508474371,0.25660107253612674
n10_4_D20,3.42,5.31,linearly stable,0.9655733520372289,0.3861837692895146
n10_4_D20,3.42,5.62,no activated state,nan,nan
n10_4_D20,3.42,5.96,no activated state,nan,nan
n10_4_D20,3.42,6.31,no activated state,nan,nan
n10_4_D20,3.42,6.68,no activated state,nan,nan
n10_4_D20,3.42,7.08,no activated state,nan,nan
n10_4_D20,3.42,7.5,no activated state,nan,nan
n10_4_D20,3.42,7.94,no activated state,nan,nan
n10_4_D20,3.42,8.41,no activated state,nan,nan
n10_4_D20,3.42,8.91,no activated state,nan,nan
n10_4_D20,3.42,9.44,no activated state,nan,nan
n10_4_D20,3.42,10.0,no activated state,nan,nan
n10_4_D20,3.42,10.6,no activated state,nan,nan
n10_4_D20,3.42,11.2,no activated state,nan,nan
n10_4_D20,3.42,11.9,no activated state,nan,nan
n10_4_D20,3.42,12.6,no activated state,nan,nan
n10_4_D20,3.42,13.3,no activated state,nan,nan
n10_4_D20,3.42,14.1,no activated state,nan,nan
n10_4_D20,3.42,15.0,no activated state,nan,nan
n10_4_D20,3.42,15.8,no activated state,nan,nan
n10_4_D20,3.42,16.8,no activated state,nan,nan
n10_4_D20,3.42,17.8,no activated state,nan,nan
n10_4_D20,3.42,18.8,no activated state,nan,nan
n10_4_D20,3.42,20.0,no activated state,nan,nan
n10_4_D20,3.42,21.1,no activated state,nan,nan
n10_4_D20,3.42,22.4,no activated state,nan,nan
n10_4_D20,3.42,23.7,no activated state,nan,nan
n10_4_D20,3.42,25.1,no activated state,nan,nan
n10_4_D20,3.42,26.6,no activated state,nan,nan
n10_4_D20,3.42,28.2,no activated state,nan,nan
n10_4_D20,3.42,29.9,no activated state,nan,nan
n10_4_D20,3.42,31.6,no activated state,nan,nan
n10_4_D20,3.42,33.5,no activated state,nan,nan
n10_4_D20,3.42,35.5,no activated state,nan,nan
n10_4_D20,3.42,37.6,no activated state,nan,nan
n10_4_D20,3.42,39.8,no activated state,nan,nan
n10_4_D20,3.42,42.2,no activated state,nan,nan
n10_4_D20,3.42,44.7,no activated state,nan,nan
n10_4_D20,3.42,47.3,no activated state,nan,nan
n10_4_D20,3.42,50.1,no activated state,nan,nan
n10_4_D20,3.42,53.1,no activated state,nan,nan
n10_4_D20,3.42,56.2,no activated state,nan,nan
n10_4_D20,3.42,59.6,no activated state,nan,nan
n10_4_D20,3.42,63.1,no activated state,nan,nan
n10_4_D20,3.42,66.8,no activated state,nan,nan
n10_4_D20,3.42,70.8,no activated state,nan,nan
n10_4_D20,3.42,75.0,no activated state,nan,nan
n10_4_D20,3.42,79.4,no activated state,nan,nan
n10_4_D20,3.42,84.1,no activated state,nan,nan
n10_4_D20,3.42,89.1,no activated state,nan,nan
n10_4_D20,3.42,94.4,no activated state,nan,nan
n10_4_D20,3.42,100.0,no activated state,nan,nan
n10_4_D20,3.6,1.0,linearly stable,0.0004650821381591008,0.00017508782990279057
n10_4_D20,3.6,1.06,linearly stable,0.0005800080291895604,0.00022105705411693558
n10_4_D20,3.6,1.12,linearly stable,0.0007162154699491552,0.00027553868839815904
n10_4_D20,3.6,1.19,linearly stable,0.0009053428942618069,0.0003511877943880141
n10_4_D20,3.6,1.26,linearly stable,0.0011310071062287097,0.00044145125493121604
n10_4_D20,3.6,1.33,linearly stable,0.001397652091563728,0.0005481066202504837
n10_4_D20,3.6,1.41,linearly stable,0.0017586187366736006,0.000692489718458202
n10_4_D20,3.6,1.5,linearly stable,0.0022453354193863184,0.0008871715895309861
n10_4_D20,3.6,1.58,linearly stable,0.00275842344212629,0.0010924017338999519
n10_4_D20,3.6,1.68,linearly stable,0.0035196170255324954,0.001396871648677523
n10_4_D20,3.6,1.78,linearly stable,0.004430344319423796,0.001761153563124257
n10_4_D20,3.6,1.88,linearly stable,0.005509285099123407,0.002192719198378993
n10_4_D20,3.6,2.0,linearly stable,0.00705415866704695,0.00281065331821779
n10_4_D20,3.6,2.11,linearly stable,0.008739678652567306,0.0034848445844879207
n10_4_D20,3.6,2.24,linearly stable,0.011106615762720429,0.004431595890198768
n10_4_D20,3.6,2.37,linearly stable,0.013930920730554908,0.005561289717538145
n10_4_D20,3.6,2.51,linearly stable,0.01755061815838066,0.0070091324817518905
n10_4_D20,3.6,2.66,linearly stable,0.022181462679065067,0.008861423777018929
n10_4_D20,3.6,2.82,linearly stable,0.02809536473030283,0.011226924882500223
n10_4_D20,3.6,2.99,linearly stable,0.03563493183741273,0.014242675079961579
n10_4_D20,3.6,3.16,linearly stable,0.04465170613601854,0.01784929237228146
n10_4_D20,3.6,3.35,linearly stable,0.05673479797865921,0.022682403930677556
n10_4_D20,3.6,3.55,linearly stable,0.07209346064997568,0.028825707674514107
n10_4_D20,3.6,3.76,linearly stable,0.09161638833537378,0.036634670047165675
n10_4_D20,3.6,3.98,linearly stable,0.11646034399628524,0.04657198071091153
n10_4_D20,3.6,4.22,linearly stable,0.14968753787139133,0.059862484171905726
n10_4_D20,3.6,4.47,linearly stable,0.19258663608162863,0.0770216214246989
n10_4_D20,3.6,4.73,linearly stable,0.2484449138816358,0.09936424504823775
n10_4_D20,3.6,5.01,linearly stable,0.325321119890708,0.13011371445540346
n10_4_D20,3.6,5.31,linearly stable,0.43448145962285745,0.17377626617247807
n10_4_D20,3.6,5.62,linearly stable,0.5925308399334062,0.23699337853056573
n10_4_D20,3.6,5.96,linearly stable,0.8709110139536325,0.3483395634977885
n10_4_D20,3.6,6.31,no activated state,nan,nan
n10_4_D20,3.6,6.68,no activated state,nan,nan
n10_4_D20,3.6,7.08,no activated state,nan,nan
n10_4_D20,3.6,7.5,no activated state,nan,nan
n10_4_D20,3.6,7.94,no activated state,nan,nan
n10_4_D20,3.6,8.41,no activated state,nan,nan
n10_4_D20,3.6,8.91,no activated state,nan,nan
n10_4_D20,3.6,9.44,no activated state,nan,nan
n10_4_D20,3.6,10.0,no activated state,nan,nan
n10_4_D20,3.6,10.6,no activated state,nan,nan
n10_4_D20,3.6,11.2,no activated state,nan,nan
n10_4_D20,3.6,11.9,no activated state,nan,nan
n10_4_D20,3.6,12.6,no activated state,nan,nan
n10_4_D20,3.6,13.3,no activated state,nan,nan
n10_4_D20,3.6,14.1,no activated state,nan,nan
n10_4_D20,3.6,15.0,no activated state,nan,nan
n10_4_D20,3.6,15.8,no activated state,nan,nan
n10_4_D20,3.6,16.8,no activated state,nan,nan
n10_4_D20,3.6,17.8,no activated state,nan,nan
n10_4_D20,3.6,18.8,no activated state,nan,nan
n10_4_D20,3.6,20.0,no activated state,nan,nan
n10_4_D20,3.6,21.1,no activated state,nan,nan
n10_4_D20,3.6,22.4,no activated state,nan,nan
n10_4_D20,3.6,23.7,no activated state,nan,nan
n10_4_D20,3.6,25.1,no activated state,nan,nan
n10_4_D20,3.6,26.6,no activated state,nan,nan
n10_4_D20,3.6,28.2,no activated state,nan,nan
n10_4_D20,3.6,29.9,no activated state,nan,nan
n10_4_D20,3.6,31.6,no activated state,nan,nan
n10_4_D20,3.6,33.5,no activated state,nan,nan
n10_4_D20,3.6,35.5,no activated state,nan,nan
n10_4_D20,3.6,37.6,no activated state,nan,nan
n10_4_D20,3.6,39.8,no activated state,nan,nan
n10_4_D20,3.6,42.2,no activated state,nan,nan
n10_4_D20,3.6,44.7,no activated state,nan,nan
n10_4_D20,3.6,47.3,no activated state,nan,nan
n10_4_D20,3.6,50.1,no activated state,nan,nan
n10_4_D20,3.6,53.1,no activated state,nan,nan
n10_4_D20,3.6,56.2,no activated state,nan,nan
n10_4_D20,3.6,59.6,no activated state,nan,nan
n10_4_D20,3.6,63.1,no activated state,nan,nan
n10_4_D20,3.6,66.8,no activated state,nan,nan
n10_4_D20,3.6,70.8,no activated state,nan,nan
n10_4_D20,3.6,75.0,no activated state,nan,nan
n10_4_D20,3.6,79.4,no activated state,nan,nan
n10_4_D20,3.6,84.1,no activated state,nan,nan
n10_4_D20,3.6,89.1,no activated state,nan,nan
n10_4_D20,3.6,94.4,no activated state,nan,nan
n10_4_D20,3.6,100.0,no activated state,nan,nan
n10_4_D20,3.79,1.0,linearly stable,0.0002780481702147064,0.00010467627332608098
n10_4_D20,3.79,1.06,linearly stable,0.00034674830575065485,0.0001321559229615981
n10_4_D20,3.79,1.12,linearly stable,0.0004281659633054158,0.0001647225064733746
n10_4_D20,3.79,1.19,linearly stable,0.0005412090078049658,0.00020993905844084965
n10_4_D20,3.79,1.26,linearly stable,0.0006760791353233042,0.0002638863149547833
n10_4_D20,3.79,1.33,linearly stable,0.000835425973778614,0.0003276241115175723
n10_4_D20,3.79,1.41,linearly stable,0.001051112097827378,0.00041389729014678977
n10_4_D20,3.79,1.5,linearly stable,0.0013418871778692054,0.00053020560825612
n10_4_D20,3.79,1.58,linearly stable,0.0016483552844615001,0.0006527910439475371
n10_4_D20,3.79,1.68,linearly stable,0.00210290026924409,0.0008346063568291183
n10_4_D20,3.79,1.78,linearly stable,0.002646555376329962,0.0010520651914346763
n10_4_D20,3.79,1.88,linearly stable,0.003290365839733189,0.0013095855752715913
n10_4_D20,3.79,2.0,linearly stable,0.0042117116274464905,0.0016781184458007595
n10_4_D20,3.79,2.11,linearly stable,0.0052162789858534175,0.0020799394471016294
n10_4_D20,3.79,2.24,linearly stable,0.006625808214312245,0.0026437427909777747
n10_4_D20,3.79,2.37,linearly stable,0.008305924407657761,0.0033157793029482355
n10_4_D20,3.79,2.51,linearly stable,0.010456364560146314,0.004175942584440731
n10_4_D20,3.79,2.66,linearly stable,0.013202859208881756,0.005274524082179627
n10_4_D20,3.79,2.82,linearly stable,0.016702680063546138,0.006674431509172877
n10_4_D20,3.79,2.99,linearly stable,0.021152075039488905,0.008454162803954966
n10_4_D20,3.79,3.16,linearly stable,0.02645473578607449,0.010575195131692966
n10_4_D20,3.79,3.35,linearly stable,0.03352883132733964,0.01340479043141563
n10_4_D20,3.79,3.55,linearly stable,0.04246747400782014,0.016980192837594763
n10_4_D20,3.79,3.76,linearly stable,0.05374270931842284,0.021490217302271037
n10_4_D20,3.79,3.98,linearly stable,0.06794795506765094,0.027172226708723598
n10_4_D20,3.79,4.22,linearly stable,0.0866908057818605,0.0346692477431358
n10_4_D20,3.79,4.47,linearly stable,0.1104447943085074,0.04417068874279996
n10_4_D20,3.79,4.73,linearly stable,0.14059723791868262,0.056231464763630515
n10_4_D20,3.79,5.01,linearly stable,0.18059204144845853,0.07222910931674376
n10_4_D20,3.79,5.31,linearly stable,0.2342107124484516,0.09367618839686062
n10_4_D20,3.79,5.62,linearly stable,0.3047209982640031,0.12187975709013618
n10_4_D20,3.79,5.96,linearly stable,0.40625350681356753,0.16249190162855828
n10_4_D20,3.79,6.31,linearly stable,0.5506168537306322,0.2202358512695121
n10_4_D20,3.79,6.68,linearly stable,0.7834481878909871,0.3133656434045426
n10_4_D20,3.79,7.08,Turing,1.3875226931973683,0.5549839864461488
n10_4_D20,3.79,7.5,no activated state,nan,nan
n10_4_D20,3.79,7.94,no activated state,nan,nan
n10_4_D20,3.79,8.41,no activated state,nan,nan
n10_4_D20,3.79,8.91,no activated state,nan,nan
n10_4_D20,3.79,9.44,no activated state,nan,nan
n10_4_D20,3.79,10.0,no activated state,nan,nan
n10_4_D20,3.79,10.6,no activated state,nan,nan
n10_4_D20,3.79,11.2,no activated state,nan,nan
n10_4_D20,3.79,11.9,no activated state,nan,nan
n10_4_D20,3.79,12.6,no activated state,nan,nan
n10_4_D20,3.79,13.3,no activated state,nan,nan
n10_4_D20,3.79,14.1,no activated state,nan,nan
n10_4_D20,3.79,15.0,no activated state,nan,nan
n10_4_D20,3.79,15.8,no activated state,nan,nan
n10_4_D20,3.79,16.8,no activated state,nan,nan
n10_4_D20,3.79,17.8,no activated state,nan,nan
n10_4_D20,3.79,18.8,no activated state,nan,nan
n10_4_D20,3.79,20.0,no activated state,nan,nan
n10_4_D20,3.79,21.1,no activated state,nan,nan
n10_4_D20,3.79,22.4,no activated state,nan,nan
n10_4_D20,3.79,23.7,no activated state,nan,nan
n10_4_D20,3.79,25.1,no activated state,nan,nan
n10_4_D20,3.79,26.6,no activated state,nan,nan
n10_4_D20,3.79,28.2,no activated state,nan,nan
n10_4_D20,3.79,29.9,no activated state,nan,nan
n10_4_D20,3.79,31.6,no activated state,nan,nan
n10_4_D20,3.79,33.5,no activated state,nan,nan
n10_4_D20,3.79,35.5,no activated state,nan,nan
n10_4_D20,3.79,37.6,no activated state,nan,nan
n10_4_D20,3.79,39.8,no activated state,nan,nan
n10_4_D20,3.79,42.2,no activated state,nan,nan
n10_4_D20,3.79,44.7,no activated state,nan,nan
n10_4_D20,3.79,47.3,no activated state,nan,nan
n10_4_D20,3.79,50.1,no activated state,nan,nan
n10_4_D20,3.79,53.1,no activated state,nan,nan
n10_4_D20,3.79,56.2,no activated state,nan,nan
n10_4_D20,3.79,59.6,no activated state,nan,nan
n10_4_D20,3.79,63.1,no activated state,nan,nan
n10_4_D20,3.79,66.8,no activated state,nan,nan
n10_4_D20,3.79,70.8,no activated state,nan,nan
n10_4_D20,3.79,75.0,no activated state,nan,nan
n10_4_D20,3.79,79.4,no activated state,nan,nan
n10_4_D20,3.79,84.1,no activated state,nan,nan
n10_4_D20,3.79,89.1,no activated state,nan,nan
n10_4_D20,3.79,94.4,no activated state,nan,nan
n10_4_D20,3.79,100.0,no activated state,nan,nan
n10_4_D20,3.99,1.0,linearly stable,0.00016624851095325965,6.25874298767921e-05
n10_4_D20,3.99,1.06,linearly stable,0.00020732232525300098,7.901681097962372e-05
n10_4_D20,3.99,1.12,linearly stable,0.0002559981067307149,9.848695217999162e-05
n10_4_D20,3.99,1.19,linearly stable,0.00032357857367104614,0.00012551890098679537
n10_4_D20,3.99,1.26,linearly stable,0.00040420389374018484,0.00015776874509009024
n10_4_D20,3.99,1.33,linearly stable,0.0004994557452120407,0.0001958691502166044
n10_4_D20,3.99,1.41,linearly stable,0.0006283754800806562,0.0002474365900779872
n10_4_D20,3.99,1.5,linearly stable,0.0008021596066454251,0.0003169496285029295
n10_4_D20,3.99,1.58,linearly stable,0.000985300773422848,0.0003902054499347161
n10_4_D20,3.99,1.68,linearly stable,0.0012568890262687482,0.000498839793941731
n10_4_D20,3.99,1.78,linearly stable,0.0015816547627056643,0.0006287449436360913
n10_4_D20,3.99,1.88,linearly stable,0.001966158659167938,0.0007825451462673767
n10_4_D20,3.99,2.0,linearly stable,0.00251624156495045,0.0010025763678058596
n10_4_D20,3.99,2.11,linearly stable,0.0031157779272639186,0.0012423887962606417
n10_4_D20,3.99,2.24,linearly stable,0.00395658893424744,0.00157871022870138
n10_4_D20,3.99,2.37,linearly stable,0.004958182728143079,0.001979344204644651
n10_4_D20,3.99,2.51,linearly stable,0.006239160867884674,0.0024917309258527293
n10_4_D20,3.99,2.66,linearly stable,0.007873566729291737,0.0031454874761397285
n10_4_D20,3.99,2.82,linearly stable,0.00995361049907828,0.003977497596189721
n10_4_D20,3.99,2.99,linearly stable,0.012593701096608179,0.00503352443599155
n10_4_D20,3.99,3.16,linearly stable,0.015733757051515918,0.006289535606377302
n10_4_D20,3.99,3.35,linearly stable,0.01991203271094144,0.007960830896821654
n10_4_D20,3.99,3.55,linearly stable,0.025173892450058855,0.010065555846592399
n10_4_D20,3.99,3.76,linearly stable,0.03178282314912684,0.012709104188032604
n10_4_D20,3.99,3.98,linearly stable,0.04006364051169942,0.016021400914243058
n10_4_D20,3.99,4.22,linearly stable,0.050910996095213656,0.020360303180815574
n10_4_D20,3.99,4.47,linearly stable,0.06452802473272179,0.02580706384332723
n10_4_D20,3.99,4.73,linearly stable,0.08159869997404479,0.03263526927361313
n10_4_D20,3.99,5.01,linearly stable,0.10386236664513882,0.04154064991391067
n10_4_D20,3.99,5.31,linearly stable,0.13300914458040047,0.053199245496906834
n10_4_D20,3.99,5.62,linearly stable,0.17006382331275938,0.06802096501911332
n10_4_D20,3.99,5.96,linearly stable,0.22073345875611383,0.08828860188877297
n10_4_D20,3.99,6.31,linearly stable,0.28690608466194645,0.11475735095099619
n10_4_D20,3.99,6.68,linearly stable,0.3776689757839602,0.15106205925326138
n10_4_D20,3.99,7.08,linearly stable,0.5110229418780743,0.20440290546728376
n10_4_D20,3.99,7.5,linearly stable,0.718851094186902,0.287532783200449
n10_4_D20,3.99,7.94,Turing,1.1371452709494434,0.45484651611327587
n10_4_D20,3.99,8.41,no activated state,nan,nan
n10_4_D20,3.99,8.91,no activated state,nan,nan
n10_4_D20,3.99,9.44,no activated state,nan,nan
n10_4_D20,3.99,10.0,no activated state,nan,nan
n10_4_D20,3.99,10.6,no activated state,nan,nan
n10_4_D20,3.99,11.2,no activated state,nan,nan
n10_4_D20,3.99,11.9,no activated state,nan,nan
n10_4_D20,3.99,12.6,no activated state,nan,nan
n10_4_D20,3.99,13.3,no activated state,nan,nan
n10_4_D20,3.99,14.1,no activated state,nan,nan
n10_4_D20,3.99,15.0,no activated state,nan,nan
n10_4_D20,3.99,15.8,no activated state,nan,nan
n10_4_D20,3.99,16.8,no activated state,nan,nan
n10_4_D20,3.99,17.8,no activated state,nan,nan
n10_4_D20,3.99,18.8,no activated state,nan,nan
n10_4_D20,3.99,20.0,no activated state,nan,nan
n10_4_D20,3.99,21.1,no activated state,nan,nan
n10_4_D20,3.99,22.4,no activated state,nan,nan
n10_4_D20,3.99,23.7,no activated state,nan,nan
n10_4_D20,3.99,25.1,no activated state,nan,nan
n10_4_D20,3.99,26.6,no activated state,nan,nan
n10_4_D20,3.99,28.2,no activated state,nan,nan
n10_4_D20,3.99,29.9,no activated state,nan,nan
n10_4_D20,3.99,31.6,no activated state,nan,nan
n10_4_D20,3.99,33.5,no activated state,nan,nan
n10_4_D20,3.99,35.5,no activated state,nan,nan
n10_4_D20,3.99,37.6,no activated state,nan,nan
n10_4_D20,3.99,39.8,no activated state,nan,nan
n10_4_D20,3.99,42.2,no activated state,nan,nan
n10_4_D20,3.99,44.7,no activated state,nan,nan
n10_4_D20,3.99,47.3,no activated state,nan,nan
n10_4_D20,3.99,50.1,no activated state,nan,nan
n10_4_D20,3.99,53.1,no activated state,nan,nan
n10_4_D20,3.99,56.2,no activated state,nan,nan
n10_4_D20,3.99,59.6,no activated state,nan,nan
n10_4_D20,3.99,63.1,no activated state,nan,nan
n10_4_D20,3.99,66.8,no activated state,nan,nan
n10_4_D20,3.99,70.8,no activated state,nan,nan
n10_4_D20,3.99,75.0,no activated state,nan,nan
n10_4_D20,3.99,79.4,no activated state,nan,nan
n10_4_D20,3.99,84.1,no activated state,nan,nan
n10_4_D20,3.99,89.1,no activated state,nan,nan
n10_4_D20,3.99,94.4,no activated state,nan,nan
n10_4_D20,3.99,100.0,no activated state,nan,nan
n10_4_D20,4.2,1.0,linearly stable,9.953564809039861e-05,3.7472156224359054e-05
n10_4_D20,4.2,1.06,linearly stable,0.00012412617598211995,4.730831554592944e-05
n10_4_D20,4.2,1.12,linearly stable,0.00015326740923748972,5.896474741857977e-05
n10_4_D20,4.2,1.19,linearly stable,0.0001937255619555156,7.51479232167172e-05
n10_4_D20,4.2,1.26,linearly stable,0.00024199179371575674,9.445431416816674e-05
n10_4_D20,4.2,1.33,linearly stable,0.0002990121643131616,0.00011726234219183456
n10_4_D20,4.2,1.41,linearly stable,0.0003761835800952795,0.0001481307457956998
n10_4_D20,4.2,1.5,linearly stable,0.00048020451981045653,0.00018973890234278736
n10_4_D20,4.2,1.58,linearly stable,0.0005898183901975607,0.00023358421934042682
n10_4_D20,4.2,1.68,linearly stable,0.0007523548682675241,0.0002985984677595571
n10_4_D20,4.2,1.78,linearly stable,0.0009466929997670182,0.00037633331040414625
n10_4_D20,4.2,1.88,linearly stable,0.0011767453317212961,0.0004683537577884343
n10_4_D20,4.2,2.0,linearly stable,0.0015058032953363387,0.000599976248746396
n10_4_D20,4.2,2.11,linearly stable,0.001864361198439246,0.0007433986529794196
n10_4_D20,4.2,2.24,linearly stable,0.0023670696178601514,0.0009444809589429672
n10_4_D20,4.2,2.37,linearly stable,0.0029656852591219973,0.001183925950373853
n10_4_D20,4.2,2.51,linearly stable,0.003730925883078662,0.001490020581645209
n10_4_D20,4.2,2.66,linearly stable,0.004706724446413846,0.0018803379415879165
n10_4_D20,4.2,2.82,linearly stable,0.005947650356460388,0.0023767056761276393
n10_4_D20,4.2,2.99,linearly stable,0.007521182900377399,0.0030061153547358845
n10_4_D20,4.2,3.16,linearly stable,0.009390498430895677,0.003753837593507645
n10_4_D20,4.2,3.35,linearly stable,0.011874156558059346,0.004747295553570587
n10_4_D20,4.2,3.55,linearly stable,0.014995851850037045,0.005995967001695579
n10_4_D20,4.2,3.76,linearly stable,0.01890709395516943,0.007560455458947169
n10_4_D20,4.2,3.98,linearly stable,0.02379256203645319,0.009514632171883428
n10_4_D20,4.2,4.22,linearly stable,0.03016643301917421,0.012064166762827771
n10_4_D20,4.2,4.47,linearly stable,0.03812597631878689,0.015247966722505607
n10_4_D20,4.2,4.73,linearly stable,0.048037825118549815,0.01921268442933591
n10_4_D20,4.2,5.01,linearly stable,0.0608522145136936,0.024338411662726128
n10_4_D20,4.2,5.31,linearly stable,0.07743190455830273,0.030970250224357388
n10_4_D20,4.2,5.62,linearly stable,0.09818059006708513,0.03926967666272717
n10_4_D20,4.2,5.96,linearly stable,0.12593759928590353,0.05037241486563191
n10_4_D20,4.2,6.31,linearly stable,0.16107354404667595,0.06442670719202277
n10_4_D20,4.2,6.68,linearly stable,0.2071058941149373,0.08283953037417002
n10_4_D20,4.2,7.08,linearly stable,0.26988755968632705,0.10795202811909073
n10_4_D20,4.2,7.5,linearly stable,0.355142821761556,0.142053886018756
n10_4_D20,4.2,7.94,linearly stable,0.47485265736243454,0.18993743448977096
n10_4_D20,4.2,8.41,linearly stable,0.6589200964481734,0.2635637135076452
n10_4_D20,4.2,8.91,linearly stable,0.9996473907633951,0.3998529136006877
n10_4_D20,4.2,9.44,no activated state,nan,nan
n10_4_D20,4.2,10.0,no activated state,nan,nan
n10_4_D20,4.2,10.6,no activated state,nan,nan
n10_4_D20,4.2,11.2,no activated state,nan,nan
n10_4_D20,4.2,11.9,no activated state,nan,nan
n10_4_D20,4.2,12.6,no activated state,nan,nan
n10_4_D20,4.2,13.3,no activated state,nan,nan
n10_4_D20,4.2,14.1,no activated state,nan,nan
n10_4_D20,4.2,15.0,no activated state,nan,nan
n10_4_D20,4.2,15.8,no activated state,nan,nan
n10_4_D20,4.2,16.8,no activated state,nan,nan
n10_4_D20,4.2,17.8,no activated state,nan,nan
n10_4_D20,4.2,18.8,no activated state,nan,nan
n10_4_D20,4.2,20.0,no activated state,nan,nan
n10_4_D20,4.2,21.1,no activated state,nan,nan
n10_4_D20,4.2,22.4,no activated state,nan,nan
n10_4_D20,4.2,23.7,no activated state,nan,nan
n10_4_D20,4.2,25.1,no activated state,nan,nan
n10_4_D20,4.2,26.6,no activated state,nan,nan
n10_4_D20,4.2,28.2,no activated state,nan,nan
n10_4_D20,4.2,29.9,no activated state,nan,nan
n10_4_D20,4.2,31.6,no activated state,nan,nan
n10_4_D20,4.2,33.5,no activated state,nan,nan
n10_4_D20,4.2,35.5,no activated state,nan,nan
n10_4_D20,4.2,37.6,no activated state,nan,nan
n10_4_D20,4.2,39.8,no activated state,nan,nan
n10_4_D20,4.2,42.2,no activated state,nan,nan
n10_4_D20,4.2,44.7,no activated state,nan,nan
n10_4_D20,4.2,47.3,no activated state,nan,nan
n10_4_D20,4.2,50.1,no activated state,nan,nan
n10_4_D20,4.2,53.1,no activated state,nan,nan
n10_4_D20,4.2,56.2,no activated state,nan,nan
n10_4_D20,4.2,59.6,no activated state,nan,nan
n10_4_D20,4.2,63.1,no activated state,nan,nan
n10_4_D20,4.2,66.8,no activated state,nan,nan
n10_4_D20,4.2,70.8,no activated state,nan,nan
n10_4_D20,4.2,75.0,no activated state,nan,nan
n10_4_D20,4.2,79.4,no activated state,nan,nan
n10_4_D20,4.2,84.1,no activated state,nan,nan
n10_4_D20,4.2,89.1,no activated state,nan,nan
n10_4_D20,4.2,94.4,no activated state,nan,nan
n10_4_D20,4.2,100.0,no activated state,nan,nan
n10_4_D20,4.43,1.0,linearly stable,5.840162585979414e-05,2.1986464228188706e-05
n10_4_D20,4.43,1.06,linearly stable,7.28295218055397e-05,2.775760476246067e-05
n10_4_D20,4.43,1.12,linearly stable,8.992724392031803e-05,3.459667246148992e-05
n10_4_D20,4.43,1.19,linearly stable,0.00011366447894345377,4.4091537111767675e-05
n10_4_D20,4.43,1.26,linearly stable,0.00014198227897610494,5.541862209945484e-05
n10_4_D20,4.43,1.33,linearly stable,0.00017543540460573936,6.879983097378536e-05
n10_4_D20,4.43,1.41,linearly stable,0.000220709636131744,8.690946758230983e-05
n10_4_D20,4.43,1.5,linearly stable,0.00028173341888870773,0.0001113189051979297
n10_4_D20,4.43,1.58,linearly stable,0.00034603544879607817,0.00013703963761342727
n10_4_D20,4.43,1.68,linearly stable,0.0004413777380840589,0.0001751764353718086
n10_4_D20,4.43,1.78,linearly stable,0.0005553661489643424,0.00022077165868400714
n10_4_D20,4.43,1.88,linearly stable,0.0006902907643058231,0.0002747413378549381
n10_4_D20,4.43,2.0,linearly stable,0.0008832593918861598,0.000351928550054314
n10_4_D20,4.43,2.11,linearly stable,0.001093497666426746,0.000436023599611815
n10_4_D20,4.43,2.24,linearly stable,0.001388205158140421,0.0005539062313788164
n10_4_D20,4.43,2.37,linearly stable,0.0017390571604736227,0.000694246597733292
n10_4_D20,4.43,2.51,linearly stable,0.0021874421623058193,0.0008736000428577813
n10_4_D20,4.43,2.66,linearly stable,0.0027589948541284492,0.0011022204109955274
n10_4_D20,4.43,2.82,linearly stable,0.0034855053041005224,0.0013928236896972805
n10_4_D20,4.43,2.99,linearly stable,0.004406203537862252,0.001761101840068931
n10_4_D20,4.43,3.16,linearly stable,0.005499183901185312,0.002198292626993698
n10_4_D20,4.43,3.35,linearly stable,0.0069500466861838195,0.002778635935500141
n10_4_D20,4.43,3.55,linearly stable,0.008771485361105391,0.0035072091351074338
n10_4_D20,4.43,3.76,linearly stable,0.011050230535450956,0.004418704358631849
n10_4_D20,4.43,3.98,linearly stable,0.01389128191553679,0.005555121353011529
n10_4_D20,4.43,4.22,linearly stable,0.01758901330822127,0.007034209264481721
n10_4_D20,4.43,4.47,linearly stable,0.0221924777583693,0.008875589236930187
n10_4_D20,4.43,4.73,linearly stable,0.027902918311457636,0.011159758216687339
n10_4_D20,4.43,5.01,linearly stable,0.035248856448605315,0.014098124094878994
n10_4_D20,4.43,5.31,linearly stable,0.04469118603987354,0.01787504377681291
n10_4_D20,4.43,5.62,linearly stable,0.05640781698460828,0.02256168091137857
n10_4_D20,4.43,5.96,linearly stable,0.07190520428993596,0.028760615393497415
n10_4_D20,4.43,6.31,linearly stable,0.09122592729161605,0.03648887866044439
n10_4_D20,4.43,6.68,linearly stable,0.11602303747572207,0.0464076886997621
n10_4_D20,4.43,7.08,linearly stable,0.14886621117725096,0.059544911767689564
n10_4_D20,4.43,7.5,linearly stable,0.19157589481961446,0.07662872250671364
n10_4_D20,4.43,7.94,linearly stable,0.24764186935196109,0.09905502572963976
n10_4_D20,4.43,8.41,linearly stable,0.324222840113062,0.12968728741516858
n10_4_D20,4.43,8.91,linearly stable,0.4320116855678646,0.17280262949227712
n10_4_D20,4.43,9.44,linearly stable,0.5923319059845433,0.23693038180249223
n10_4_D20,4.43,10.0,linearly stable,0.8632172947358718,0.34528382130895535
n10_4_D20,4.43,10.6,no activated state,nan,nan
n10_4_D20,4.43,11.2,no activated state,nan,nan
n10_4_D20,4.43,11.9,no activated state,nan,nan
n10_4_D20,4.43,12.6,no activated state,nan,nan
n10_4_D20,4.43,13.3,no activated state,nan,nan
n10_4_D20,4.43,14.1,no activated state,nan,nan
n10_4_D20,4.43,15.0,no activated state,nan,nan
n10_4_D20,4.43,15.8,no activated state,nan,nan
n10_4_D20,4.43,16.8,no activated state,nan,nan
n10_4_D20,4.43,17.8,no activated state,nan,nan
n10_4_D20,4.43,18.8,no activated state,nan,nan
n10_4_D20,4.43,20.0,no activated state,nan,nan
n10_4_D20,4.43,21.1,no activated state,nan,nan
n10_4_D20,4.43,22.4,no activated state,nan,nan
n10_4_D20,4.43,23.7,no activated state,nan,nan
n10_4_D20,4.43,25.1,no activated state,nan,nan
n10_4_D20,4.43,26.6,no activated state,nan,nan
n10_4_D20,4.43,28.2,no activated state,nan,nan
n10_4_D20,4.43,29.9,no activated state,nan,nan
n10_4_D20,4.43,31.6,no activated state,nan,nan
n10_4_D20,4.43,33.5,no activated state,nan,nan
n10_4_D20,4.43,35.5,no activated state,nan,nan
n10_4_D20,4.43,37.6,no activated state,nan,nan
n10_4_D20,4.43,39.8,no activated state,nan,nan
n10_4_D20,4.43,42.2,no activated state,nan,nan
n10_4_D20,4.43,44.7,no activated state,nan,nan
n10_4_D20,4.43,47.3,no activated state,nan,nan
n10_4_D20,4.43,50.1,no activated state,nan,nan
n10_4_D20,4.43,53.1,no activated state,nan,nan
n10_4_D20,4.43,56.2,no activated state,nan,nan
n10_4_D20,4.43,59.6,no activated state,nan,nan
n10_4_D20,4.43,63.1,no activated state,nan,nan
n10_4_D20,4.43,66.8,no activated state,nan,nan
n10_4_D20,4.43,70.8,no activated state,nan,nan
n10_4_D20,4.43,75.0,no activated state,nan,nan
n10_4_D20,4.43,79.4,no activated state,nan,nan
n10_4_D20,4.43,84.1,no activated state,nan,nan
n10_4_D20,4.43,89.1,no activated state,nan,nan
n10_4_D20,4.43,94.4,no activated state,nan,nan
n10_4_D20,4.43,100.0,no activated state,nan,nan
n10_4_D20,4.67,1.0,linearly stable,3.445783208100295e-05,1.2972349794910631e-05
n10_4_D20,4.67,1.06,linearly stable,4.2970379221518584e-05,1.6377362439791815e-05
n10_4_D20,4.67,1.12,linearly stable,5.3058074986900294e-05,2.041243338504149e-05
n10_4_D20,4.67,1.19,linearly stable,6.706298154801615e-05,2.601438578973401e-05
n10_4_D20,4.67,1.26,linearly stable,8.377023117622784e-05,3.269727344893938e-05
n10_4_D20,4.67,1.33,linearly stable,0.00010350702717598637,4.0591977446077986e-05
n10_4_D20,4.67,1.41,linearly stable,0.00013021765080667436,5.1276207405462184e-05
n10_4_D20,4.67,1.5,linearly stable,0.00016621931691940262,6.56768475771012e-05
n10_4_D20,4.67,1.58,linearly stable,0.00020415404685225624,8.085071186423527e-05
n10_4_D20,4.67,1.68,linearly stable,0.0002603990143867918,0.00010334865782822614
n10_4_D20,4.67,1.78,linearly stable,0.00032764094093029605,0.00013024537936586497
n10_4_D20,4.67,1.88,linearly stable,0.0004072291005619011,0.00016208058512269736
n10_4_D20,4.67,2.0,linearly stable,0.0005210481005257783,0.00020760810201832992
n10_4_D20,4.67,2.11,linearly stable,0.0006450430243121197,0.0002572059810032119
n10_4_D20,4.67,2.24,linearly stable,0.0008188384267793225,0.0003267240150815539
n10_4_D20,4.67,2.37,linearly stable,0.0010257160396121012,0.0004094749091209416
n10_4_D20,4.67,2.51,linearly stable,0.0012900599479948038,0.0005152122793636033
n10_4_D20,4.67,2.66,linearly stable,0.0016269463294182884,0.0006499665857540327
n10_4_D20,4.67,2.82,linearly stable,0.0020550540759978198,0.0008212093714276102
n10_4_D20,4.67,2.99,linearly stable,0.002597406078237441,0.0010381497756574432
n10_4_D20,4.67,3.16,linearly stable,0.0032409764535501484,0.001295577454807232
n10_4_D20,4.67,3.35,linearly stable,0.004094827263668721,0.0016371171535255276
n10_4_D20,4.67,3.55,linearly stable,0.0051660415409870986,0.002065602079177832
n10_4_D20,4.67,3.76,linearly stable,0.006505066044414365,0.0026012108977669286
n10_4_D20,4.67,3.98,linearly stable,0.008172734577270857,0.0032682770850741426
n10_4_D20,4.67,4.22,linearly stable,0.010340307321057285,0.004135304586234084
n10_4_D20,4.67,4.47,linearly stable,0.013034121883929162,0.0052128284226325905
n10_4_D20,4.67,4.73,linearly stable,0.016368451532680073,0.00654655781307197
n10_4_D20,4.67,5.01,linearly stable,0.02064587765348791,0.008257525081875479
n10_4_D20,4.67,5.31,linearly stable,0.02612425983323452,0.010448873861595967
n10_4_D20,4.67,5.62,linearly stable,0.03289106872060188,0.013155592330822006
n10_4_D20,4.67,5.96,linearly stable,0.04178796718124378,0.01671434497568858
n10_4_D20,4.67,6.31,linearly stable,0.05279349721270643,0.021116548567850828
n10_4_D20,4.67,6.68,linearly stable,0.06677591766904856,0.026709505917054566
n10_4_D20,4.67,7.08,linearly stable,0.08504353978528889,0.034016540378367814
n10_4_D20,4.67,7.5,linearly stable,0.10835859686211591,0.043342544459916255
n10_4_D20,4.67,7.94,linearly stable,0.1381833740385019,0.055272430692911885
n10_4_D20,4.67,8.41,linearly stable,0.1774247338400481,0.07096894104059485
n10_4_D20,4.67,8.91,linearly stable,0.22955993569539146,0.09182297505138531
n10_4_D20,4.67,9.44,linearly stable,0.2998881496346162,0.119954193502045
n10_4_D20,4.67,10.0,linearly stable,0.3971489355621338,0.15885840663732714
n10_4_D20,4.67,10.6,linearly stable,0.5405709487805399,0.2162270425877603
n10_4_D20,4.67,11.2,linearly stable,0.756012223553072,0.3024032444552399
n10_4_D20,4.67,11.9,Turing,1.319605171794409,0.5278391711348648
n10_4_D20,4.67,12.6,no activated state,nan,nan
n10_4_D20,4.67,13.3,no activated state,nan,nan
n10_4_D20,4.67,14.1,no activated state,nan,nan
n10_4_D20,4.67,15.0,no activated state,nan,nan
n10_4_D20,4.67,15.8,no activated state,nan,nan
n10_4_D20,4.67,16.8,no activated state,nan,nan
n10_4_D20,4.67,17.8,no activated state,nan,nan
n10_4_D20,4.67,18.8,no activated state,nan,nan
n10_4_D20,4.67,20.0,no activated state,nan,nan
n10_4_D20,4.67,21.1,no activated state,nan,nan
n10_4_D20,4.67,22.4,no activated state,nan,nan
n10_4_D20,4.67,23.7,no activated state,nan,nan
n10_4_D20,4.67,25.1,no activated state,nan,nan
n10_4_D20,4.67,26.6,no activated state,nan,nan
n10_4_D20,4.67,28.2,no activated state,nan,nan
n10_4_D20,4.67,29.9,no activated state,nan,nan
n10_4_D20,4.67,31.6,no activated state,nan,nan
n10_4_D20,4.67,33.5,no activated state,nan,nan
n10_4_D20,4.67,35.5,no activated state,nan,nan
n10_4_D20,4.67,37.6,no activated state,nan,nan
n10_4_D20,4.67,39.8,no activated state,nan,nan
n10_4_D20,4.67,42.2,no activated state,nan,nan
n10_4_D20,4.67,44.7,no activated state,nan,nan
n10_4_D20,4.67,47.3,no activated state,nan,nan
n10_4_D20,4.67,50.1,no activated state,nan,nan
n10_4_D20,4.67,53.1,no activated state,nan,nan
n10_4_D20,4.67,56.2,no activated state,nan,nan
n10_4_D20,4.67,59.6,no activated state,nan,nan
n10_4_D20,4.67,63.1,no activated state,nan,nan
n10_4_D20,4.67,66.8,no activated state,nan,nan
n10_4_D20,4.67,70.8,no activated state,nan,nan
n10_4_D20,4.67,75.0,no activated state,nan,nan
n10_4_D20,4.67,79.4,no activated state,nan,nan
n10_4_D20,4.67,84.1,no activated state,nan,nan
n10_4_D20,4.67,89.1,no activated state,nan,nan
n10_4_D20,4.67,94.4,no activated state,nan,nan
n10_4_D20,4.67,100.0,no activated state,nan,nan
n10_4_D20,4.91,1.0,linearly stable,2.0875589418212215e-05,7.859041567785146e-06
n10_4_D20,4.91,1.06,linearly stable,2.6032702425959897e-05,9.92188449117783e-06
n10_4_D20,4.91,1.12,linearly stable,3.2144057285909966e-05,1.2366423733267348e-05
n10_4_D20,4.91,1.19,linearly stable,4.0628506988715785e-05,1.576019986357381e-05
n10_4_D20,4.91,1.26,linearly stable,5.075002836085751e-05,1.9808803937653388e-05
n10_4_D20,4.91,1.33,linearly stable,6.270681191300476e-05,2.4591512072566494e-05
n10_4_D20,4.91,1.41,linearly stable,7.888827426194567e-05,3.106408985844431e-05
n10_4_D20,4.91,1.5,linearly stable,0.00010069803847656544,3.978798590211488e-05
n10_4_D20,4.91,1.58,linearly stable,0.00012367851539463182,4.8980166509323414e-05
n10_4_D20,4.91,1.68,linearly stable,0.00015775051705135823,6.260895210793953e-05
n10_4_D20,4.91,1.78,linearly stable,0.00019848325025662028,7.89020273799963e-05
n10_4_D20,4.91,1.88,linearly stable,0.00024669349035444377,9.818610210252389e-05
n10_4_D20,4.91,2.0,linearly stable,0.00031563630895403705,0.00012576319905612579
n10_4_D20,4.91,2.11,linearly stable,0.00039073939915645894,0.00015580440192500231
n10_4_D20,4.91,2.24,linearly stable,0.0004960002012255327,0.00019790867619943502
n10_4_D20,4.91,2.37,linearly stable,0.0006212881419931371,0.00024802379708990595
n10_4_D20,4.91,2.51,linearly stable,0.0007813635791009688,0.0003120539011199386
n10_4_D20,4.91,2.66,linearly stable,0.0009853434439088815,0.00039364575679067107
n10_4_D20,4.91,2.82,linearly stable,0.0012445173761876926,0.0004973152150023928
n10_4_D20,4.91,2.99,linearly stable,0.0015727911581675524,0.0006286245824707297
n10_4_D20,4.91,3.16,linearly stable,0.0019622388695084148,0.0007844034945408688
n10_4_D20,4.91,3.35,linearly stable,0.0024787817839500015,0.0009910204314632887
n10_4_D20,4.91,3.55,linearly stable,0.0031265731228713456,0.0012501366798613582
n10_4_D20,4.91,3.76,linearly stable,0.00393592924269881,0.0015738787687370897
n10_4_D20,4.91,3.98,linearly stable,0.004943327935308384,0.0019768377984615507
n10_4_D20,4.91,4.22,linearly stable,0.0062517071339995844,0.002500188896299806
n10_4_D20,4.91,4.47,linearly stable,0.007876156027157855,0.003149967730356013
n10_4_D20,4.91,4.73,linearly stable,0.009884427059917433,0.0039532752477479585
n10_4_D20,4.91,5.01,linearly stable,0.012456783145208261,0.004982216531930859
n10_4_D20,4.91,5.31,linearly stable,0.0157448726435927,0.006297450857073727
n10_4_D20,4.91,5.62,linearly stable,0.019796147822890298,0.007917959105719111
n10_4_D20,4.91,5.96,linearly stable,0.02510558188905998,0.01004173033170979
n10_4_D20,4.91,6.31,linearly stable,0.03164627783747154,0.012658005736303874
n10_4_D20,4.91,6.68,linearly stable,0.03991250587292883,0.01596449316289659
n10_4_D20,4.91,7.08,linearly stable,0.050637570333227355,0.02025451398569724
n10_4_D20,4.91,7.5,linearly stable,0.06420147948662969,0.025680071295430543
n10_4_D20,4.91,7.94,linearly stable,0.0813448713606657,0.03253741989216938
n10_4_D20,4.91,8.41,linearly stable,0.10353677300724118,0.0414141697855198
n10_4_D20,4.91,8.91,linearly stable,0.13235907800414393,0.052943077437256
n10_4_D20,4.91,9.44,linearly stable,0.16999151128225587,0.0679960313738064
n10_4_D20,4.91,10.0,linearly stable,0.2195388393580422,0.08781493593684492
n10_4_D20,4.91,10.6,linearly stable,0.2869085956774764,0.11476279996666221
n10_4_D20,4.91,11.2,linearly stable,0.37408366902959456,0.14963277535647618
n10_4_D20,4.91,11.9,linearly stable,0.5125675269307706,0.2050262220814807
n10_4_D20,4.91,12.6,linearly stable,0.7192322974944787,0.2876919574077688
n10_4_D20,4.91,13.3,Turing,1.1024628207059106,0.4409837228279394
n10_4_D20,4.91,14.1,no activated state,nan,nan
n10_4_D20,4.91,15.0,no activated state,nan,nan
n10_4_D20,4.91,15.8,no activated state,nan,nan
n10_4_D20,4.91,16.8,no activated state,nan,nan
n10_4_D20,4.91,17.8,no activated state,nan,nan
n10_4_D20,4.91,18.8,no activated state,nan,nan
n10_4_D20,4.91,20.0,no activated state,nan,nan
n10_4_D20,4.91,21.1,no activated state,nan,nan
n10_4_D20,4.91,22.4,no activated state,nan,nan
n10_4_D20,4.91,23.7,no activated state,nan,nan
n10_4_D20,4.91,25.1,no activated state,nan,nan
n10_4_D20,4.91,26.6,no activated state,nan,nan
n10_4_D20,4.91,28.2,no activated state,nan,nan
n10_4_D20,4.91,29.9,no activated state,nan,nan
n10_4_D20,4.91,31.6,no activated state,nan,nan
n10_4_D20,4.91,33.5,no activated state,nan,nan
n10_4_D20,4.91,35.5,no activated state,nan,nan
n10_4_D20,4.91,37.6,no activated state,nan,nan
n10_4_D20,4.91,39.8,no activated state,nan,nan
n10_4_D20,4.91,42.2,no activated state,nan,nan
n10_4_D20,4.91,44.7,no activated state,nan,nan
n10_4_D20,4.91,47.3,no activated state,nan,nan
n10_4_D20,4.91,50.1,no activated state,nan,nan
n10_4_D20,4.91,53.1,no activated state,nan,nan
n10_4_D20,4.91,56.2,no activated state,nan,nan
n10_4_D20,4.91,59.6,no activated state,nan,nan
n10_4_D20,4.91,63.1,no activated state,nan,nan
n10_4_D20,4.91,66.8,no activated state,nan,nan
n10_4_D20,4.91,70.8,no activated state,nan,nan
n10_4_D20,4.91,75.0,no activated state,nan,nan
n10_4_D20,4.91,79.4,no activated state,nan,nan
n10_4_D20,4.91,84.1,no activated state,nan,nan
n10_4_D20,4.91,89.1,no activated state,nan,nan
n10_4_D20,4.91,94.4,no activated state,nan,nan
n10_4_D20,4.91,100.0,no activated state,nan,nan
n10_4_D20,5.18,1.0,linearly stable,1.2222332742561903e-05,4.6013474742301265e-06
n10_4_D20,5.18,1.06,linearly stable,1.5241725863646138e-05,5.809103941159387e-06
n10_4_D20,5.18,1.12,linearly stable,1.881980136841932e-05,7.240333216721506e-06
n10_4_D20,5.18,1.19,linearly stable,2.3787261205221455e-05,9.227315865473884e-06
n10_4_D20,5.18,1.26,linearly stable,2.9713167865041967e-05,1.159767699573654e-05
n10_4_D20,5.18,1.33,linearly stable,3.671354423584461e-05,1.4397825732030753e-05
n10_4_D20,5.18,1.41,linearly stable,4.61873015822345e-05,1.8187326218226508e-05
n10_4_D20,5.18,1.5,linearly stable,5.895615908024787e-05,2.329486591297669e-05
n10_4_D20,5.18,1.58,linearly stable,7.24103031901624e-05,2.867652007430331e-05
n10_4_D20,5.18,1.68,linearly stable,9.235785261463292e-05,3.665553468066031e-05
n10_4_D20,5.18,1.78,linearly stable,0.00011620457631145165,4.6194217986664376e-05
n10_4_D20,5.18,1.88,linearly stable,0.0001444284392038142,5.7483755837605454e-05
n10_4_D20,5.18,2.0,linearly stable,0.0001847888563111244,7.362791223261774e-05
n10_4_D20,5.18,2.11,linearly stable,0.00022875429868562946,9.12140778008827e-05
n10_4_D20,5.18,2.24,linearly stable,0.00029037179855029294,0.00011586106179416765
n10_4_D20,5.18,2.37,linearly stable,0.0003637092653430152,0.00014519602952360304
n10_4_D20,5.18,2.51,linearly stable,0.0004574040946303537,0.00018267393697807602
n10_4_D20,5.18,2.66,linearly stable,0.0005767879024565215,0.00023042742919310752
n10_4_D20,5.18,2.82,linearly stable,0.0007284607029378609,0.0002910965101036629
n10_4_D20,5.18,2.99,linearly stable,0.0009205484346086479,0.00036793155301382256
n10_4_D20,5.18,3.16,linearly stable,0.0011483978179049892,0.00045907124729848033
n10_4_D20,5.18,3.35,linearly stable,0.0014505483491100701,0.0005799313814750089
n10_4_D20,5.18,3.55,linearly stable,0.0018293806186708839,0.0007314641910873311
n10_4_D20,5.18,3.76,linearly stable,0.002302553466980717,0.0009207332076893122
n10_4_D20,5.18,3.98,linearly stable,0.0028912848914597333,0.0011562256247066652
n10_4_D20,5.18,4.22,linearly stable,0.0036555424394113523,0.0014619284454299622
n10_4_D20,5.18,4.47,linearly stable,0.0046038432456985134,0.0018412485214859653
n10_4_D20,5.18,4.73,linearly stable,0.005775316027175625,0.0023098373292937337
n10_4_D20,5.18,5.01,linearly stable,0.007274391737082109,0.0029094672227184355
n10_4_D20,5.18,5.31,linearly stable,0.009188208613351012,0.0036749934737876078
n10_4_D20,5.18,5.62,linearly stable,0.011542579353127635,0.004616741153977231
n10_4_D20,5.18,5.96,linearly stable,0.014621990938160634,0.005848504980461576
n10_4_D20,5.18,6.31,linearly stable,0.018405920753293836,0.00736207591082049
n10_4_D20,5.18,6.68,linearly stable,0.02317286636776661,0.00926885289686149
n10_4_D20,5.18,7.08,linearly stable,0.029332232538319403,0.011732597728424072
n10_4_D20,5.18,7.5,linearly stable,0.03708027883821852,0.014831814175172897
n10_4_D20,5.18,7.94,linearly stable,0.04680572185876364,0.01872198875814349
n10_4_D20,5.18,8.41,linearly stable,0.05928204344304966,0.023712513986266993
n10_4_D20,5.18,8.91,linearly stable,0.07529202101888677,0.030116500583354477
n10_4_D20,5.18,9.44,linearly stable,0.09585829206204433,0.03834300319973867
n10_4_D20,5.18,10.0,linearly stable,0.12233591439180791,0.04893404448380424
n10_4_D20,5.18,10.6,linearly stable,0.15720090175905588,0.0628800290423162
n10_4_D20,5.18,11.2,linearly stable,0.20027508343934075,0.08010968836117142
n10_4_D20,5.18,11.9,linearly stable,0.2636521585722662,0.10546049766768101
n10_4_D20,5.18,12.6,linearly stable,0.34570240022861576,0.13828056538314956
n10_4_D20,5.18,13.3,linearly stable,0.45409189110406145,0.18163631951636852
n10_4_D20,5.18,14.1,linearly stable,0.6292603486036397,0.25170362326576673
n10_4_D20,5.18,15.0,linearly stable,0.9698926180981671,0.38795632691812654
n10_4_D20,5.18,15.8,no activated state,nan,nan
n10_4_D20,5.18,16.8,no activated state,nan,nan
n10_4_D20,5.18,17.8,no activated state,nan,nan
n10_4_D20,5.18,18.8,no activated state,nan,nan
n10_4_D20,5.18,20.0,no activated state,nan,nan
n10_4_D20,5.18,21.1,no activated state,nan,nan
n10_4_D20,5.18,22.4,no activated state,nan,nan
n10_4_D20,5.18,23.7,no activated state,nan,nan
n10_4_D20,5.18,25.1,no activated state,nan,nan
n10_4_D20,5.18,26.6,no activated state,nan,nan
n10_4_D20,5.18,28.2,no activated state,nan,nan
n10_4_D20,5.18,29.9,no activated state,nan,nan
n10_4_D20,5.18,31.6,no activated state,nan,nan
n10_4_D20,5.18,33.5,no activated state,nan,nan
n10_4_D20,5.18,35.5,no activated state,nan,nan
n10_4_D20,5.18,37.6,no activated state,nan,nan
n10_4_D20,5.18,39.8,no activated state,nan,nan
n10_4_D20,5.18,42.2,no activated state,nan,nan
n10_4_D20,5.18,44.7,no activated state,nan,nan
n10_4_D20,5.18,47.3,no activated state,nan,nan
n10_4_D20,5.18,50.1,no activated state,nan,nan
n10_4_D20,5.18,53.1,no activated state,nan,nan
n10_4_D20,5.18,56.2,no activated state,nan,nan
n10_4_D20,5.18,59.6,no activated state,nan,nan
n10_4_D20,5.18,63.1,no activated state,nan,nan
n10_4_D20,5.18,66.8,no activated state,nan,nan
n10_4_D20,5.18,70.8,no activated state,nan,nan
n10_4_D20,5.18,75.0,no activated state,nan,nan
n10_4_D20,5.18,79.4,no activated state,nan,nan
n10_4_D20,5.18,84.1,no activated state,nan,nan
n10_4_D20,5.18,89.1,no activated state,nan,nan
n10_4_D20,5.18,94.4,no activated state,nan,nan
n10_4_D20,5.18,100.0,no activated state,nan,nan
n10_4_D20,5.45,1.0,no activated state,nan,nan
n10_4_D20,5.45,1.06,no activated state,nan,nan
n10_4_D20,5.45,1.12,linearly stable,1.1322593934659508e-05,4.356016343872862e-06
n10_4_D20,5.45,1.19,linearly stable,1.431116235739438e-05,5.5514432480843815e-06
n10_4_D20,5.45,1.26,linearly stable,1.7876352552681496e-05,6.977518770769396e-06
n10_4_D20,5.45,1.33,linearly stable,2.208796275215974e-05,8.662162194941012e-06
n10_4_D20,5.45,1.41,linearly stable,2.7787605174633967e-05,1.0942018276579917e-05
n10_4_D20,5.45,1.5,linearly stable,3.546962581202351e-05,1.4014825335404468e-05
n10_4_D20,5.45,1.58,linearly stable,4.3563887405229096e-05,1.7252528711745663e-05
n10_4_D20,5.45,1.68,linearly stable,5.556462171707466e-05,2.20528205678423e-05
n10_4_D20,5.45,1.78,linearly stable,6.991103052134129e-05,2.7791381855184258e-05
n10_4_D20,5.45,1.88,linearly stable,8.68905904827244e-05,3.458320319584274e-05
n10_4_D20,5.45,2.0,linearly stable,0.0001111712058454728,4.429544555944924e-05
n10_4_D20,5.45,2.11,linearly stable,0.0001376201411606992,5.487501556656086e-05
n10_4_D20,5.45,2.24,linearly stable,0.00017468750355020823,6.970195474916242e-05
n10_4_D20,5.45,2.37,linearly stable,0.00021880408350383185,8.73485798594484e-05
n10_4_D20,5.45,2.51,linearly stable,0.00027516487732359707,0.00010989288860869658
n10_4_D20,5.45,2.66,linearly stable,0.0003469754617368981,0.00013861711118898953
n10_4_D20,5.45,2.82,linearly stable,0.0004382032771821365,0.00017510822315523387
n10_4_D20,5.45,2.99,linearly stable,0.0005537318567394589,0.00022131963697950754
n10_4_D20,5.45,3.16,linearly stable,0.0006907573249415044,0.0002761298029100644
n10_4_D20,5.45,3.35,linearly stable,0.0008724472665855298,0.000348805751253306
n10_4_D20,5.45,3.55,linearly stable,0.001100216716725111,0.00043991349580653743
n10_4_D20,5.45,3.76,linearly stable,0.0013846591931998553,0.0005536904420487343
n10_4_D20,5.45,3.98,linearly stable,0.001738493327185786,0.00069522404045804
n10_4_D20,5.45,4.22,linearly stable,0.0021976963912795355,0.0008789051944493217
n10_4_D20,5.45,4.47,linearly stable,0.0027672863600691766,0.0011067410930493925
n10_4_D20,5.45,4.73,linearly stable,0.0034706241910797964,0.0013880761155890481
n10_4_D20,5.45,5.01,linearly stable,0.004370168656070428,0.0017478937609607579
n10_4_D20,5.45,5.31,linearly stable,0.005517797592047291,0.002206945155759183
n10_4_D20,5.45,5.62,linearly stable,0.006928392917683324,0.0027711830649876225
n10_4_D20,5.45,5.96,linearly stable,0.008771363293323953,0.003508370925998137
n10_4_D20,5.45,6.31,linearly stable,0.011032823327062902,0.004412954583838724
n10_4_D20,5.45,6.68,linearly stable,0.013876818982250239,0.00555055239750017
n10_4_D20,5.45,7.08,linearly stable,0.017543316458582536,0.007017150808047119
n10_4_D20,5.45,7.5,linearly stable,0.02214226948923037,0.008856731289801802
n10_4_D20,5.45,7.94,linearly stable,0.027893911920837677,0.011157387344093064
n10_4_D20,5.45,8.41,linearly stable,0.03523787965227343,0.014094973256346812
n10_4_D20,5.45,8.91,linearly stable,0.04460438391020394,0.01784157344145928
n10_4_D20,5.45,9.44,linearly stable,0.05654039854462334,0.02261597733990348
n10_4_D20,5.45,10.0,linearly stable,0.07174525670232357,0.02869791807792646
n10_4_D20,5.45,10.6,linearly stable,0.09148232849160443,0.03659274345770155
n10_4_D20,5.45,11.2,linearly stable,0.115407775105828,0.04616291796940651
n10_4_D20,5.45,11.9,linearly stable,0.14965343525971675,0.05986117593686924
n10_4_D20,5.45,12.6,linearly stable,0.19221320585828816,0.07688507630128476
n10_4_D20,5.45,13.3,linearly stable,0.2451678232056531,0.09806691295226179
n10_4_D20,5.45,14.1,linearly stable,0.3222208666228743,0.12888811431469996
n10_4_D20,5.45,15.0,linearly stable,0.4383963784140432,0.17535829235453587
n10_4_D20,5.45,15.8,linearly stable,0.5821308214709242,0.23285203174928282
n10_4_D20,5.45,16.8,linearly stable,0.868165093837564,0.34726564572774066
n10_4_D20,5.45,17.8,no activated state,nan,nan
n10_4_D20,5.45,18.8,no activated state,nan,nan
n10_4_D20,5.45,20.0,no activated state,nan,nan
n10_4_D20,5.45,21.1,no activated state,nan,nan
n10_4_D20,5.45,22.4,no activated state,nan,nan
n10_4_D20,5.45,23.7,no activated state,nan,nan
n10_4_D20,5.45,25.1,no activated state,nan,nan
n10_4_D20,5.45,26.6,no activated state,nan,nan
n10_4_D20,5.45,28.2,no activated state,nan,nan
n10_4_D20,5.45,29.9,no activated state,nan,nan
n10_4_D20,5.45,31.6,no activated state,nan,nan
n10_4_D20,5.45,33.5,no activated state,nan,nan
n10_4_D20,5.45,35.5,no activated state,nan,nan
n10_4_D20,5.45,37.6,no activated state,nan,nan
n10_4_D20,5.45,39.8,no activated state,nan,nan
n10_4_D20,5.45,42.2,no activated state,nan,nan
n10_4_D20,5.45,44.7,no activated state,nan,nan
n10_4_D20,5.45,47.3,no activated state,nan,nan
n10_4_D20,5.45,50.1,no activated state,nan,nan
n10_4_D20,5.45,53.1,no activated state,nan,nan
n10_4_D20,5.45,56.2,no activated state,nan,nan
n10_4_D20,5.45,59.6,no activated state,nan,nan
n10_4_D20,5.45,63.1,no activated state,nan,nan
n10_4_D20,5.45,66.8,no activated state,nan,nan
n10_4_D20,5.45,70.8,no activated state,nan,nan
n10_4_D20,5.45,75.0,no activated state,nan,nan
n10_4_D20,5.45,79.4,no activated state,nan,nan
n10_4_D20,5.45,84.1,no activated state,nan,nan
n10_4_D20,5.45,89.1,no activated state,nan,nan
n10_4_D20,5.45,94.4,no activated state,nan,nan
n10_4_D20,5.45,100.0,no activated state,nan,nan
n10_4_D20,5.74,1.0,no activated state,nan,nan
n10_4_D20,5.74,1.06,no activated state,nan,nan
n10_4_D20,5.74,1.12,no activated state,nan,nan
n10_4_D20,5.74,1.19,no activated state,nan,nan
n10_4_D20,5.74,1.26,linearly stable,1.0644454481179011e-05,4.154756174242786e-06
n10_4_D20,5.74,1.33,linearly stable,1.3152241939984322e-05,5.157870925811319e-06
n10_4_D20,5.74,1.41,linearly stable,1.654606578860296e-05,6.5154001507694085e-06
n10_4_D20,5.74,1.5,linearly stable,2.1120274547037354e-05,8.345083229076258e-06
n10_4_D20,5.74,1.58,linearly stable,2.5939934090724037e-05,1.0272946600205817e-05
n10_4_D20,5.74,1.68,linearly stable,3.3085640701591146e-05,1.3131228581719765e-05
n10_4_D20,5.74,1.78,linearly stable,4.162800812390621e-05,1.6548174758946048e-05
n10_4_D20,5.74,1.88,linearly stable,5.1738184316807434e-05,2.0592244298387535e-05
n10_4_D20,5.74,2.0,linearly stable,6.619552307851606e-05,2.6375178462394846e-05
n10_4_D20,5.74,2.11,linearly stable,8.194377689174637e-05,3.26744785277316e-05
n10_4_D20,5.74,2.24,linearly stable,0.00010401418249039729,4.1502638720371586e-05
n10_4_D20,5.74,2.37,linearly stable,0.00013028135549708608,5.200950548682183e-05
n10_4_D20,5.74,2.51,linearly stable,0.00016383809600339916,6.543219857793963e-05
n10_4_D20,5.74,2.66,linearly stable,0.00020659240247522526,8.253391720174739e-05
n10_4_D20,5.74,2.82,linearly stable,0.0002609054724689308,0.00010425914016166905
n10_4_D20,5.74,2.99,linearly stable,0.00032968328151805615,0.00013177025740247205
n10_4_D20,5.74,3.16,linearly stable,0.00041125469665281855,0.00016439881589010063
n10_4_D20,5.74,3.35,linearly stable,0.0005194079442838451,0.00020766010490960474
n10_4_D20,5.74,3.55,linearly stable,0.0006549793639509804,0.00026188866019869996
n10_4_D20,5.74,3.76,linearly stable,0.0008242657615897819,0.00032960320354568544
n10_4_D20,5.74,3.98,linearly stable,0.001034823482410907,0.0004138262723329456
n10_4_D20,5.74,4.22,linearly stable,0.0013080385476138545,0.0005231122730512931
n10_4_D20,5.74,4.47,linearly stable,0.0016468605248454171,0.0006586410324812783
n10_4_D20,5.74,4.73,linearly stable,0.002065134657550649,0.0008259506467078691
n10_4_D20,5.74,5.01,linearly stable,0.0025999184569514,0.001039864116766183
n10_4_D20,5.74,5.31,linearly stable,0.003281905729194401,0.0013126589622413968
n10_4_D20,5.74,5.62,linearly stable,0.004119726127986834,0.0016477870437855376
n10_4_D20,5.74,5.96,linearly stable,0.005213628405869031,0.0020853478530352995
n10_4_D20,5.74,6.31,linearly stable,0.006554800611311418,0.002621816610121799
n10_4_D20,5.74,6.68,linearly stable,0.00823968383120044,0.003295769740690688
n10_4_D20,5.74,7.08,linearly stable,0.010408937149570807,0.0041634708650156735
n10_4_D20,5.74,7.5,linearly stable,0.01312522370361835,0.005249985231791991
n10_4_D20,5.74,7.94,linearly stable,0.01651501979502923,0.006605903349350086
n10_4_D20,5.74,8.41,linearly stable,0.02083141232031016,0.008332459951686341
n10_4_D20,5.74,8.91,linearly stable,0.026317125489584425,0.010526744698600208
n10_4_D20,5.74,9.44,linearly stable,0.03327593959040587,0.013310269674146662
n10_4_D20,5.74,10.0,linearly stable,0.04208840693994409,0.016835255765409434
n10_4_D20,5.74,10.6,linearly stable,0.05343946047135839,0.02137567607385639
n10_4_D20,5.74,11.2,linearly stable,0.06706356564260108,0.026825316800387838
n10_4_D20,5.74,11.9,linearly stable,0.08630013447146423,0.03451994240551989
n10_4_D20,5.74,12.6,linearly stable,0.10976163598792166,0.043904540611419435
n10_4_D20,5.74,13.3,linearly stable,0.13824091354229573,0.05529624864146334
n10_4_D20,5.74,14.1,linearly stable,0.17820682112901665,0.07128260732933561
n10_4_D20,5.74,15.0,linearly stable,0.23496161010354122,0.09398451643413036
n10_4_D20,5.74,15.8,linearly stable,0.29889924857594674,0.11955956405118222
n10_4_D20,5.74,16.8,linearly stable,0.4033009077052063,0.16132021385619538
n10_4_D20,5.74,17.8,linearly stable,0.5485019242147893,0.21940059851293442
n10_4_D20,5.74,18.8,linearly stable,0.7673723609508953,0.30694873302503795
n10_4_D20,5.74,20.0,Turing,1.4088515744041086,0.5635402256698155
n10_4_D20,5.74,21.1,no activated state,nan,nan
n10_4_D20,5.74,22.4,no activated state,nan,nan
n10_4_D20,5.74,23.7,no activated state,nan,nan
n10_4_D20,5.74,25.1,no activated state,nan,nan
n10_4_D20,5.74,26.6,no activated state,nan,nan
n10_4_D20,5.74,28.2,no activated state,nan,nan
n10_4_D20,5.74,29.9,no activated state,nan,nan
n10_4_D20,5.74,31.6,no activated state,nan,nan
n10_4_D20,5.74,33.5,no activated state,nan,nan
n10_4_D20,5.74,35.5,no activated state,nan,nan
n10_4_D20,5.74,37.6,no activated state,nan,nan
n10_4_D20,5.74,39.8,no activated state,nan,nan
n10_4_D20,5.74,42.2,no activated state,nan,nan
n10_4_D20,5.74,44.7,no activated state,nan,nan
n10_4_D20,5.74,47.3,no activated state,nan,nan
n10_4_D20,5.74,50.1,no activated state,nan,nan
n10_4_D20,5.74,53.1,no activated state,nan,nan
n10_4_D20,5.74,56.2,no activated state,nan,nan
n10_4_D20,5.74,59.6,no activated state,nan,nan
n10_4_D20,5.74,63.1,no activated state,nan,nan
n10_4_D20,5.74,66.8,no activated state,nan,nan
n10_4_D20,5.74,70.8,no activated state,nan,nan
n10_4_D20,5.74,75.0,no activated state,nan,nan
n10_4_D20,5.74,79.4,no activated state,nan,nan
n10_4_D20,5.74,84.1,no activated state,nan,nan
n10_4_D20,5.74,89.1,no activated state,nan,nan
n10_4_D20,5.74,94.4,no activated state,nan,nan
n10_4_D20,5.74,100.0,no activated state,nan,nan
n10_4_D20,6.05,1.0,no activated state,nan,nan
n10_4_D20,6.05,1.06,no activated state,nan,nan
n10_4_D20,6.05,1.12,no activated state,nan,nan
n10_4_D20,6.05,1.19,no activated state,nan,nan
n10_4_D20,6.05,1.26,no activated state,nan,nan
n10_4_D20,6.05,1.33,no activated state,nan,nan
n10_4_D20,6.05,1.41,no activated state,nan,nan
n10_4_D20,6.05,1.5,linearly stable,1.2481386810758721e-05,4.9316696100950195e-06
n10_4_D20,6.05,1.58,linearly stable,1.5329631788407738e-05,6.0709674457183055e-06
n10_4_D20,6.05,1.68,linearly stable,1.955247636575841e-05,7.760105044802475e-06
n10_4_D20,6.05,1.78,linearly stable,2.4600678896202766e-05,9.779385780718667e-06
n10_4_D20,6.05,1.88,linearly stable,3.0575371837704424e-05,1.2169262629549566e-05
n10_4_D20,6.05,2.0,linearly stable,3.911901382491756e-05,1.5586718956056415e-05
n10_4_D20,6.05,2.11,linearly stable,4.8425471499413675e-05,1.9309301515909504e-05
n10_4_D20,6.05,2.24,linearly stable,6.146791475480917e-05,2.452627810376061e-05
n10_4_D20,6.05,2.37,linearly stable,7.699027227414668e-05,3.073522026039929e-05
n10_4_D20,6.05,2.51,linearly stable,9.682009367351085e-05,3.866714773380641e-05
n10_4_D20,6.05,2.66,linearly stable,0.0001220846758243077,4.877297920934088e-05
n10_4_D20,6.05,2.82,linearly stable,0.00015417898127756402,6.161069963203665e-05
n10_4_D20,6.05,2.99,linearly stable,0.0001948196673340341,7.786697182699685e-05
n10_4_D20,6.05,3.16,linearly stable,0.00024301858997599624,9.714653824186905e-05
n10_4_D20,6.05,3.35,linearly stable,0.0003069217065199137,0.0001227077813575118
n10_4_D20,6.05,3.55,linearly stable,0.0003870210499934412,0.00015474751435594355
n10_4_D20,6.05,3.76,linearly stable,0.00048703389381898887,0.0001947526464036636
n10_4_D20,6.05,3.98,linearly stable,0.000611419781996192,0.00024450699485486675
n10_4_D20,6.05,4.22,linearly stable,0.0007728041847165912,0.00030906074709360757
n10_4_D20,6.05,4.47,linearly stable,0.0009729166024863289,0.0003891057032263293
n10_4_D20,6.05,4.73,linearly stable,0.0012199161119674784,0.0004879054934697006
n10_4_D20,6.05,5.01,linearly stable,0.0015356552774503651,0.0006142011423378273
n10_4_D20,6.05,5.31,linearly stable,0.0019382036350645837,0.000775220463287106
n10_4_D20,6.05,5.62,linearly stable,0.0024325794053992045,0.0009729707442715506
n10_4_D20,6.05,5.96,linearly stable,0.00307780607803787,0.0012310613778740483
n10_4_D20,6.05,6.31,linearly stable,0.0038684858668835975,0.0015473332499354572
n10_4_D20,6.05,6.68,linearly stable,0.004861178769707264,0.0019444103564312861
n10_4_D20,6.05,7.08,linearly stable,0.0061382335089088524,0.002455232181748077
n10_4_D20,6.05,7.5,linearly stable,0.007735712729785016,0.0030942237819538234
n10_4_D20,6.05,7.94,linearly stable,0.009726761545179041,0.003890643198052554
n10_4_D20,6.05,8.41,linearly stable,0.012257985192344334,0.004903132516684023
n10_4_D20,6.05,8.91,linearly stable,0.015468310716831857,0.006187262548108407
n10_4_D20,6.05,9.44,linearly stable,0.019530020305835727,0.007811946157211898
n10_4_D20,6.05,10.0,linearly stable,0.02465639948996956,0.009862497543678352
n10_4_D20,6.05,10.6,linearly stable,0.03123087737664343,0.012492288327868483
n10_4_D20,6.05,11.2,linearly stable,0.03907892276264868,0.01563150603681372
n10_4_D20,6.05,11.9,linearly stable,0.05007919538692951,0.02003161445620972
n10_4_D20,6.05,12.6,linearly stable,0.06336551175546212,0.025346140232965816
n10_4_D20,6.05,13.3,linearly stable,0.07929789340483939,0.0317190919548854
n10_4_D20,6.05,14.1,linearly stable,0.10128602437701861,0.04051434302447312
n10_4_D20,6.05,15.0,linearly stable,0.13174366057152942,0.05269739562571642
n10_4_D20,6.05,15.8,linearly stable,0.16493336344485243,0.0659732746631139
n10_4_D20,6.05,16.8,linearly stable,0.21642971544385992,0.08657181204141239
n10_4_D20,6.05,17.8,linearly stable,0.2820858169000917,0.11283424799223812
n10_4_D20,6.05,18.8,linearly stable,0.3667120441341565,0.14668473243487226
n10_4_D20,6.05,20.0,linearly stable,0.5048736209080429,0.20194935131233227
n10_4_D20,6.05,21.1,linearly stable,0.6902493190847769,0.2760996117391535
n10_4_D20,6.05,22.4,Turing,1.094834703201124,0.43793370840696816
n10_4_D20,6.05,23.7,no activated state,nan,nan
n10_4_D20,6.05,25.1,no activated state,nan,nan
n10_4_D20,6.05,26.6,no activated state,nan,nan
n10_4_D20,6.05,28.2,no activated state,nan,nan
n10_4_D20,6.05,29.9,no activated state,nan,nan
n10_4_D20,6.05,31.6,no activated state,nan,nan
n10_4_D20,6.05,33.5,no activated state,nan,nan
n10_4_D20,6.05,35.5,no activated state,nan,nan
n10_4_D20,6.05,37.6,no activated state,nan,nan
n10_4_D20,6.05,39.8,no activated state,nan,nan
n10_4_D20,6.05,42.2,no activated state,nan,nan
n10_4_D20,6.05,44.7,no activated state,nan,nan
n10_4_D20,6.05,47.3,no activated state,nan,nan
n10_4_D20,6.05,50.1,no activated state,nan,nan
n10_4_D20,6.05,53.1,no activated state,nan,nan
n10_4_D20,6.05,56.2,no activated state,nan,nan
n10_4_D20,6.05,59.6,no activated state,nan,nan
n10_4_D20,6.05,63.1,no activated state,nan,nan
n10_4_D20,6.05,66.8,no activated state,nan,nan
n10_4_D20,6.05,70.8,no activated state,nan,nan
n10_4_D20,6.05,75.0,no activated state,nan,nan
n10_4_D20,6.05,79.4,no activated state,nan,nan
n10_4_D20,6.05,84.1,no activated state,nan,nan
n10_4_D20,6.05,89.1,no activated state,nan,nan
n10_4_D20,6.05,94.4,no activated state,nan,nan
n10_4_D20,6.05,100.0,no activated state,nan,nan
n10_4_D20,6.37,1.0,no activated state,nan,nan
n10_4_D20,6.37,1.06,no activated state,nan,nan
n10_4_D20,6.37,1.12,no activated state,nan,nan
n10_4_D20,6.37,1.19,no activated state,nan,nan
n10_4_D20,6.37,1.26,no activated state,nan,nan
n10_4_D20,6.37,1.33,no activated state,nan,nan
n10_4_D20,6.37,1.41,no activated state,nan,nan
n10_4_D20,6.37,1.5,no activated state,nan,nan
n10_4_D20,6.37,1.58,no activated state,nan,nan
n10_4_D20,6.37,1.68,linearly stable,1.167775802946025e-05,4.6347393303346365e-06
n10_4_D20,6.37,1.78,linearly stable,1.4692792773551844e-05,5.840753129761211e-06
n10_4_D20,6.37,1.88,linearly stable,1.826116522218868e-05,7.268101991888644e-06
n10_4_D20,6.37,2.0,linearly stable,2.3363822017063995e-05,9.309164542807588e-06
n10_4_D20,6.37,2.11,linearly stable,2.8922047520252292e-05,1.1532454562385044e-05
n10_4_D20,6.37,2.24,linearly stable,3.671153273598904e-05,1.4648248393791766e-05
n10_4_D20,6.37,2.37,linearly stable,4.598207173578395e-05,1.83564636899354e-05
n10_4_D20,6.37,2.51,linearly stable,5.782510676399788e-05,2.309367731361005e-05
n10_4_D20,6.37,2.66,linearly stable,7.291382632113041e-05,2.9129164643172314e-05
n10_4_D20,6.37,2.82,linearly stable,9.208122743853409e-05,3.679612446246335e-05
n10_4_D20,6.37,2.99,linearly stable,0.00011635235306672875,4.650457391914991e-05
n10_4_D20,6.37,3.16,linearly stable,0.00014513683696204538,5.8018366535477465e-05
n10_4_D20,6.37,3.35,linearly stable,0.00018329903214264753,7.328324335819774e-05
n10_4_D20,6.37,3.55,linearly stable,0.0002311320373393766,9.241644387108997e-05
n10_4_D20,6.37,3.76,linearly stable,0.000290854640281335,0.0001163054830928552
n10_4_D20,6.37,3.98,linearly stable,0.00036512823200163247,0.00014601491734978915
n10_4_D20,6.37,4.22,linearly stable,0.00046148891340136444,0.00018455918675486818
n10_4_D20,6.37,4.47,linearly stable,0.0005809649196386601,0.00023234958533747697
n10_4_D20,6.37,4.73,linearly stable,0.0007284213100278158,0.0002913321366642453
n10_4_D20,6.37,5.01,linearly stable,0.0009168932386005579,0.00036672090192031373
n10_4_D20,6.37,5.31,linearly stable,0.0011571487380912515,0.00046282309384520126
n10_4_D20,6.37,5.62,linearly stable,0.0014521567592840068,0.0005808262926553564
n10_4_D20,6.37,5.96,linearly stable,0.0018370931670019797,0.0007348008431231625
n10_4_D20,6.37,6.31,linearly stable,0.0023086686860795957,0.0009234310352892736
n10_4_D20,6.37,6.68,linearly stable,0.002900514807453458,0.001160169464418791
n10_4_D20,6.37,7.08,linearly stable,0.003661548146255411,0.0014645827749511027
n10_4_D20,6.37,7.5,linearly stable,0.004612976407821767,0.0018451540483110291
n10_4_D20,6.37,7.94,linearly stable,0.005797942266344558,0.0023191403527368887
n10_4_D20,6.37,8.41,linearly stable,0.007303003195783253,0.0029211646749321752
n10_4_D20,6.37,8.91,linearly stable,0.009209616848990798,0.0036838100733001863
n10_4_D20,6.37,9.44,linearly stable,0.011618268587016978,0.004647270688856356
n10_4_D20,6.37,10.0,linearly stable,0.014652525246477976,0.005860973252024659
n10_4_D20,6.37,10.6,linearly stable,0.01853445096335893,0.007413743409604829
n10_4_D20,6.37,11.2,linearly stable,0.023154384003991613,0.009261716471472278
n10_4_D20,6.37,11.9,linearly stable,0.0296041688408355,0.011841630189476452
n10_4_D20,6.37,12.6,linearly stable,0.03735385307996775,0.014941503622854405
n10_4_D20,6.37,13.3,linearly stable,0.04658790493970888,0.01863512405156377
n10_4_D20,6.37,14.1,linearly stable,0.059224511345729036,0.023689766177877873
n10_4_D20,6.37,15.0,linearly stable,0.07651932072449741,0.03060768932347715
n10_4_D20,6.37,15.8,linearly stable,0.09508239759590142,0.03803291940983949
n10_4_D20,6.37,16.8,linearly stable,0.12328206149426202,0.049312783939162205
n10_4_D20,6.37,17.8,linearly stable,0.15813141136423292,0.06325252257292484
n10_4_D20,6.37,18.8,linearly stable,0.20113023661145535,0.08045205098477633
n10_4_D20,6.37,20.0,linearly stable,0.26636030262403243,0.10654407468482538
n10_4_D20,6.37,21.1,linearly stable,0.3433366654126335,0.1373346163659121
n10_4_D20,6.37,22.4,linearly stable,0.46452091593686906,0.1858083105813242
n10_4_D20,6.37,23.7,linearly stable,0.6381232286530625,0.25524922563493413
n10_4_D20,6.37,25.1,linearly stable,0.9520959385629157,0.38083828594355756
n10_4_D20,6.37,26.6,no activated state,nan,nan
n10_4_D20,6.37,28.2,no activated state,nan,nan
n10_4_D20,6.37,29.9,no activated state,nan,nan
n10_4_D20,6.37,31.6,no activated state,nan,nan
n10_4_D20,6.37,33.5,no activated state,nan,nan
n10_4_D20,6.37,35.5,no activated state,nan,nan
n10_4_D20,6.37,37.6,no activated state,nan,nan
n10_4_D20,6.37,39.8,no activated state,nan,nan
n10_4_D20,6.37,42.2,no activated state,nan,nan
n10_4_D20,6.37,44.7,no activated state,nan,nan
n10_4_D20,6.37,47.3,no activated state,nan,nan
n10_4_D20,6.37,50.1,no activated state,nan,nan
n10_4_D20,6.37,53.1,no activated state,nan,nan
n10_4_D20,6.37,56.2,no activated state,nan,nan
n10_4_D20,6.37,59.6,no activated state,nan,nan
n10_4_D20,6.37,63.1,no activated state,nan,nan
n10_4_D20,6.37,66.8,no activated state,nan,nan
n10_4_D20,6.37,70.8,no activated state,nan,nan
n10_4_D20,6.37,75.0,no activated state,nan,nan
n10_4_D20,6.37,79.4,no activated state,nan,nan
n10_4_D20,6.37,84.1,no activated state,nan,nan
n10_4_D20,6.37,89.1,no activated state,nan,nan
n10_4_D20,6.37,94.4,no activated state,nan,nan
n10_4_D20,6.37,100.0,no activated state,nan,nan
n10_4_D20,6.71,1.0,no activated state,nan,nan
n10_4_D20,6.71,1.06,no activated state,nan,nan
n10_4_D20,6.71,1.12,no activated state,nan,nan
n10_4_D20,6.71,1.19,no activated state,nan,nan
n10_4_D20,6.71,1.26,no activated state,nan,nan
n10_4_D20,6.71,1.33,no activated state,nan,nan
n10_4_D20,6.71,1.41,no activated state,nan,nan
n10_4_D20,6.71,1.5,no activated state,nan,nan
n10_4_D20,6.71,1.58,no activated state,nan,nan
n10_4_D20,6.71,1.68,no activated state,nan,nan
n10_4_D20,6.71,1.78,no activated state,nan,nan
n10_4_D20,6.71,1.88,linearly stable,1.0856653902546753e-05,4.321042390235846e-06
n10_4_D20,6.71,2.0,linearly stable,1.3890278302008952e-05,5.534492091361538e-06
n10_4_D20,6.71,2.11,linearly stable,1.7194739633241696e-05,6.856276559626409e-06
n10_4_D20,6.71,2.24,linearly stable,2.1825710978529145e-05,8.708665007029846e-06
n10_4_D20,6.71,2.37,linearly stable,2.7337173001962256e-05,1.0913249709216738e-05
n10_4_D20,6.71,2.51,linearly stable,3.437798890115751e-05,1.3729575932253198e-05
n10_4_D20,6.71,2.66,linearly stable,4.334835133290582e-05,1.731772072975072e-05
n10_4_D20,6.71,2.82,linearly stable,5.474344287548227e-05,2.187575712524506e-05
n10_4_D20,6.71,2.99,linearly stable,6.917259061101078e-05,2.764741593917504e-05
n10_4_D20,6.71,3.16,linearly stable,8.628473896821198e-05,3.4492274948860704e-05
n10_4_D20,6.71,3.35,linearly stable,0.00010897155464539843,4.3567000778452096e-05
n10_4_D20,6.71,3.55,linearly stable,0.00013740701658271348,5.4941184999933234e-05
n10_4_D20,6.71,3.76,linearly stable,0.00017290975688366572,6.914228042882772e-05
n10_4_D20,6.71,3.98,linearly stable,0.00021706128826570747,8.680289212255207e-05
n10_4_D20,6.71,4.22,linearly stable,0.00027434038714524434,0.00010971453055982016
n10_4_D20,6.71,4.47,linearly stable,0.00034535667978619067,0.000138121046233944
n10_4_D20,6.71,4.73,linearly stable,0.0004329997086927051,0.00017317825609058856
n10_4_D20,6.71,5.01,linearly stable,0.0005450133329731877,0.00021798370362211678
n10_4_D20,6.71,5.31,linearly stable,0.0006877908155400458,0.00027509469386944934
n10_4_D20,6.71,5.62,linearly stable,0.0008630872207238127,0.00034521325252918737
n10_4_D20,6.71,5.96,linearly stable,0.0010917882912941934,0.000436693676303754
n10_4_D20,6.71,6.31,linearly stable,0.001371915228106646,0.0005487444455714419
n10_4_D20,6.71,6.68,linearly stable,0.001723409719638358,0.0006893422353338936
n10_4_D20,6.71,7.08,linearly stable,0.002175259262459095,0.0008700820436538382
n10_4_D20,6.71,7.5,linearly stable,0.0027399553002027677,0.001095960447736774
n10_4_D20,6.71,7.94,linearly stable,0.0034429553168713323,0.0013771604406838983
n10_4_D20,6.71,8.41,linearly stable,0.004335366491222681,0.001734124892992541
n10_4_D20,6.71,8.91,linearly stable,0.005465085565197203,0.002186012500493532
n10_4_D20,6.71,9.44,linearly stable,0.00689101294695349,0.0027563834252798225
n10_4_D20,6.71,10.0,linearly stable,0.00868528973836269,0.0034740941066591954
n10_4_D20,6.71,10.6,linearly stable,0.010977550804467384,0.004390998488059446
n10_4_D20,6.71,11.2,linearly stable,0.01370079397423507,0.005480295702321949
n10_4_D20,6.71,11.9,linearly stable,0.017493876784099305,0.006997528751304387
n10_4_D20,6.71,12.6,linearly stable,0.022037827644778574,0.008815109005397323
n10_4_D20,6.71,13.3,linearly stable,0.027432622412806307,0.010973026805009325
n10_4_D20,6.71,14.1,linearly stable,0.034780643534897404,0.013912235106350155
n10_4_D20,6.71,15.0,linearly stable,0.04477176939108318,0.017908685246520794
n10_4_D20,6.71,15.8,linearly stable,0.05541013271886053,0.022164030359979596
n10_4_D20,6.71,16.8,linearly stable,0.07139897253069738,0.028559565953183944
n10_4_D20,6.71,17.8,linearly stable,0.0908649372366388,0.03634595142465693
n10_4_D20,6.71,18.8,linearly stable,0.11442382757040459,0.04576950704994386
n10_4_D20,6.71,20.0,linearly stable,0.14915860399287384,0.059663416847170005
n10_4_D20,6.71,21.1,linearly stable,0.18851745692163968,0.07540695711064029
n10_4_D20,6.71,22.4,linearly stable,0.24667393140609506,0.09866954549419298
n10_4_D20,6.71,23.7,linearly stable,0.3212045643410699,0.12848179673342303
n10_4_D20,6.71,25.1,linearly stable,0.4269007789639523,0.17076027956997303
n10_4_D20,6.71,26.6,linearly stable,0.5853204239107279,0.23412813236069732
n10_4_D20,6.71,28.2,linearly stable,0.8550244438591836,0.3420097292164497
n10_4_D20,6.71,29.9,no activated state,nan,nan
n10_4_D20,6.71,31.6,no activated state,nan,nan
n10_4_D20,6.71,33.5,no activated state,nan,nan
n10_4_D20,6.71,35.5,no activated state,nan,nan
n10_4_D20,6.71,37.6,no activated state,nan,nan
n10_4_D20,6.71,39.8,no activated state,nan,nan
n10_4_D20,6.71,42.2,no activated state,nan,nan
n10_4_D20,6.71,44.7,no activated state,nan,nan
n10_4_D20,6.71,47.3,no activated state,nan,nan
n10_4_D20,6.71,50.1,no activated state,nan,nan
n10_4_D20,6.71,53.1,no activated state,nan,nan
n10_4_D20,6.71,56.2,no activated state,nan,nan
n10_4_D20,6.71,59.6,no activated state,nan,nan
n10_4_D20,6.71,63.1,no activated state,nan,nan
n10_4_D20,6.71,66.8,no activated state,nan,nan
n10_4_D20,6.71,70.8,no activated state,nan,nan
n10_4_D20,6.71,75.0,no activated state,nan,nan
n10_4_D20,6.71,79.4,no activated state,nan,nan
n10_4_D20,6.71,84.1,no activated state,nan,nan
n10_4_D20,6.71,89.1,no activated state,nan,nan
n10_4_D20,6.71,94.4,no activated state,nan,nan
n10_4_D20,6.71,100.0,no activated state,nan,nan
n10_4_D20,7.07,1.0,no activated state,nan,nan
n10_4_D20,7.07,1.06,no activated state,nan,nan
n10_4_D20,7.07,1.12,no activated state,nan,nan
n10_4_D20,7.07,1.19,no activated state,nan,nan
n10_4_D20,7.07,1.26,no activated state,nan,nan
n10_4_D20,7.07,1.33,no activated state,nan,nan
n10_4_D20,7.07,1.41,no activated state,nan,nan
n10_4_D20,7.07,1.5,no activated state,nan,nan
n10_4_D20,7.07,1.58,no activated state,nan,nan
n10_4_D20,7.07,1.68,no activated state,nan,nan
n10_4_D20,7.07,1.78,no activated state,nan,nan
n10_4_D20,7.07,1.88,no activated state,nan,nan
n10_4_D20,7.07,2.0,no activated state,nan,nan
n10_4_D20,7.07,2.11,linearly stable,1.0195890065567426e-05,4.065536563128523e-06
n10_4_D20,7.07,2.24,linearly stable,1.2941884828254757e-05,5.163934436563603e-06
n10_4_D20,7.07,2.37,linearly stable,1.620997125972856e-05,6.471168971303825e-06
n10_4_D20,7.07,2.51,linearly stable,2.038489545053146e-05,8.141138599101103e-06
n10_4_D20,7.07,2.66,linearly stable,2.5703946762156704e-05,1.026875906320295e-05
n10_4_D20,7.07,2.82,linearly stable,3.2460733446759704e-05,1.2971473658640654e-05
n10_4_D20,7.07,2.99,linearly stable,4.101653666155336e-05,1.6393794845604734e-05
n10_4_D20,7.07,3.16,linearly stable,5.116316740272353e-05,2.0452447025595173e-05
n10_4_D20,7.07,3.35,linearly stable,6.461518242240061e-05,2.5833252877903894e-05
n10_4_D20,7.07,3.55,linearly stable,8.147564826366249e-05,3.25774390195899e-05
n10_4_D20,7.07,3.76,linearly stable,0.00010252629801033031,4.099769867529619e-05
n10_4_D20,7.07,3.98,linearly stable,0.00012870465340486525,5.1469040530973134e-05
n10_4_D20,7.07,4.22,linearly stable,0.00016266591361002725,6.505354422159375e-05
n10_4_D20,7.07,4.47,linearly stable,0.00020477097194770977,8.18955670708667e-05
n10_4_D20,7.07,4.73,linearly stable,0.00025673222622146774,0.00010268006818082447
n10_4_D20,7.07,5.01,linearly stable,0.00032313946775164304,0.00012924296402600134
n10_4_D20,7.07,5.31,linearly stable,0.0004077806607793999,0.00016309944026054676
n10_4_D20,7.07,5.62,linearly stable,0.0005116929538284687,0.00020466435628067452
n10_4_D20,7.07,5.96,linearly stable,0.0006472513337041352,0.0002588877066664938
n10_4_D20,7.07,6.31,linearly stable,0.0008132742391553371,0.0003252968669298287
n10_4_D20,7.07,6.68,linearly stable,0.001021567749263097,0.00040861426856776873
n10_4_D20,7.07,7.08,linearly stable,0.001289287187351551,0.0005157020407106848
n10_4_D20,7.07,7.5,linearly stable,0.0016237984195810462,0.0006495065297372298
n10_4_D20,7.07,7.94,linearly stable,0.0020401295341732073,0.0008160389707614142
n10_4_D20,7.07,8.41,linearly stable,0.0025684615305099356,0.0010273717631864587
n10_4_D20,7.07,8.91,linearly stable,0.003237009654383227,0.0012947910050005343
n10_4_D20,7.07,9.44,linearly stable,0.004080406919924062,0.0016321499014505896
n10_4_D20,7.07,10.0,linearly stable,0.005140971537541672,0.0020563757362044945
n10_4_D20,7.07,10.6,linearly stable,0.00649474696895469,0.0025978858930601006
n10_4_D20,7.07,11.2,linearly stable,0.008101390634631667,0.003240543340657986
n10_4_D20,7.07,11.9,linearly stable,0.010336194818163502,0.004134464988048374
n10_4_D20,7.07,12.6,linearly stable,0.013008755826682261,0.005203489360259082
n10_4_D20,7.07,13.3,linearly stable,0.016175157427776865,0.006470049963627592
n10_4_D20,7.07,14.1,linearly stable,0.020476415969168382,0.008190553329639963
n10_4_D20,7.07,15.0,linearly stable,0.02630332445750283,0.010521316656153468
n10_4_D20,7.07,15.8,linearly stable,0.03248023069726713,0.012992079078664271
n10_4_D20,7.07,16.8,linearly stable,0.041709929484859964,0.016683958483182666
n10_4_D20,7.07,17.8,linearly stable,0.05285847697475865,0.021143377344272934
n10_4_D20,7.07,18.8,linearly stable,0.06621930604824966,0.026487708810032616
n10_4_D20,7.07,20.0,linearly stable,0.08564946477397362,0.034259772058388614
n10_4_D20,7.07,21.1,linearly stable,0.10726915059803277,0.04290764611318345
n10_4_D20,7.07,22.4,linearly stable,0.13841543292130054,0.05536615863584657
n10_4_D20,7.07,23.7,linearly stable,0.17687702107718972,0.07075079337799485
n10_4_D20,7.07,25.1,linearly stable,0.2284573565893988,0.09138292685246495
n10_4_D20,7.07,26.6,linearly stable,0.29875492434028095,0.1195019528931466
n10_4_D20,7.07,28.2,linearly stable,0.3971119992481198,0.15884478123850906
n10_4_D20,7.07,29.9,linearly stable,0.5413268142038552,0.2165307045274751
n10_4_D20,7.07,31.6,linearly stable,0.7585186263012023,0.3034074244474502
n10_4_D20,7.07,33.5,Turing,1.283483917661361,0.5133935229299202
n10_4_D20,7.07,35.5,no activated state,nan,nan
n10_4_D20,7.07,37.6,no activated state,nan,nan
n10_4_D20,7.07,39.8,no activated state,nan,nan
n10_4_D20,7.07,42.2,no activated state,nan,nan
n10_4_D20,7.07,44.7,no activated state,nan,nan
n10_4_D20,7.07,47.3,no activated state,nan,nan
n10_4_D20,7.07,50.1,no activated state,nan,nan
n10_4_D20,7.07,53.1,no activated state,nan,nan
n10_4_D20,7.07,56.2,no activated state,nan,nan
n10_4_D20,7.07,59.6,no activated state,nan,nan
n10_4_D20,7.07,63.1,no activated state,nan,nan
n10_4_D20,7.07,66.8,no activated state,nan,nan
n10_4_D20,7.07,70.8,no activated state,nan,nan
n10_4_D20,7.07,75.0,no activated state,nan,nan
n10_4_D20,7.07,79.4,no activated state,nan,nan
n10_4_D20,7.07,84.1,no activated state,nan,nan
n10_4_D20,7.07,89.1,no activated state,nan,nan
n10_4_D20,7.07,94.4,no activated state,nan,nan
n10_4_D20,7.07,100.0,no activated state,nan,nan
n10_4_D20,7.45,1.0,no activated state,nan,nan
n10_4_D20,7.45,1.06,no activated state,nan,nan
n10_4_D20,7.45,1.12,no activated state,nan,nan
n10_4_D20,7.45,1.19,no activated state,nan,nan
n10_4_D20,7.45,1.26,no activated state,nan,nan
n10_4_D20,7.45,1.33,no activated state,nan,nan
n10_4_D20,7.45,1.41,no activated state,nan,nan
n10_4_D20,7.45,1.5,no activated state,nan,nan
n10_4_D20,7.45,1.58,no activated state,nan,nan
n10_4_D20,7.45,1.68,no activated state,nan,nan
n10_4_D20,7.45,1.78,no activated state,nan,nan
n10_4_D20,7.45,1.88,no activated state,nan,nan
n10_4_D20,7.45,2.0,no activated state,nan,nan
n10_4_D20,7.45,2.11,no activated state,nan,nan
n10_4_D20,7.45,2.24,no activated state,nan,nan
n10_4_D20,7.45,2.37,no activated state,nan,nan
n10_4_D20,7.45,2.51,linearly stable,1.2076416766593212e-05,4.822972157428177e-06
n10_4_D20,7.45,2.66,linearly stable,1.522751185700777e-05,6.083410172310877e-06
n10_4_D20,7.45,2.82,linearly stable,1.92303356116863e-05,7.684539646905847e-06
n10_4_D20,7.45,2.99,linearly stable,2.4298908453124213e-05,9.711968748499802e-06
n10_4_D20,7.45,3.16,linearly stable,3.0309885995505326e-05,1.2116359724600524e-05
n10_4_D20,7.45,3.35,linearly stable,3.827897182784312e-05,1.5303994003002652e-05
n10_4_D20,7.45,3.55,linearly stable,4.826719063322216e-05,1.9299281457030818e-05
n10_4_D20,7.45,3.76,linearly stable,6.0737597624704875e-05,2.4287444168055278e-05
n10_4_D20,7.45,3.98,linearly stable,7.624550866780488e-05,3.0490608479578346e-05
n10_4_D20,7.45,4.22,linearly stable,9.636372230392709e-05,3.85378937967613e-05
n10_4_D20,7.45,4.47,linearly stable,0.00012130583046388033,4.8514736890139914e-05
n10_4_D20,7.45,4.73,linearly stable,0.00015208594157045674,6.082678112222377e-05
n10_4_D20,7.45,5.01,linearly stable,0.00019142242371650298,7.656137371152965e-05
n10_4_D20,7.45,5.31,linearly stable,0.0002415582850101572,9.661571788679987e-05
n10_4_D20,7.45,5.62,linearly stable,0.0003031067089198647,0.00012123508702960696
n10_4_D20,7.45,5.96,linearly stable,0.0003833955463894423,0.00015335062146840938
n10_4_D20,7.45,6.31,linearly stable,0.0004817219369346315,0.000192681177014382
n10_4_D20,7.45,6.68,linearly stable,0.0006050735018103826,0.00024202180212095525
n10_4_D20,7.45,7.08,linearly stable,0.0007636017448831023,0.0003054330982655453
n10_4_D20,7.45,7.5,linearly stable,0.0009616559468006436,0.0003846547776780119
n10_4_D20,7.45,7.94,linearly stable,0.00120811548887656,0.0004832385928216818
n10_4_D20,7.45,8.41,linearly stable,0.0015208169139768746,0.0006083191607219034
n10_4_D20,7.45,8.91,linearly stable,0.001916410600855123,0.0007665566327647513
n10_4_D20,7.45,9.44,linearly stable,0.0024153117566827476,0.0009661170916779934
n10_4_D20,7.45,10.0,linearly stable,0.0030424309388210613,0.0012169647602354359
n10_4_D20,7.45,10.6,linearly stable,0.0038425313989343124,0.0015370049387931602
n10_4_D20,7.45,11.2,linearly stable,0.004791503229790717,0.0019165936646214808
n10_4_D20,7.45,11.9,linearly stable,0.006110457561399052,0.002444175388199987
n10_4_D20,7.45,12.6,linearly stable,0.007686173596445078,0.003074461791373815
n10_4_D20,7.45,13.3,linearly stable,0.009550796905819503,0.003820311102269006
n10_4_D20,7.45,14.1,linearly stable,0.012079781328455663,0.004831904853849582
n10_4_D20,7.45,15.0,linearly stable,0.015498544254056723,0.006199410000397861
n10_4_D20,7.45,15.8,linearly stable,0.01911351050133847,0.00764539647417041
n10_4_D20,7.45,16.8,linearly stable,0.024497445794486872,0.00979897055381852
n10_4_D20,7.45,17.8,linearly stable,0.030972304874128387,0.012388914140172824
n10_4_D20,7.45,18.8,linearly stable,0.03869071451125694,0.015476277940395295
n10_4_D20,7.45,20.0,linearly stable,0.049834003769926305,0.019933593564243075
n10_4_D20,7.45,21.1,linearly stable,0.062118084705142795,0.024847225849519417
n10_4_D20,7.45,22.4,linearly stable,0.07959817719192408,0.031839262715948
n10_4_D20,7.45,23.7,linearly stable,0.10082193959538466,0.040328767518504345
n10_4_D20,7.45,25.1,linearly stable,0.1286372209418074,0.05145487984369332
n10_4_D20,7.45,26.6,linearly stable,0.1653022534419646,0.06612089255313927
n10_4_D20,7.45,28.2,linearly stable,0.2140630276888389,0.08562520184821629
n10_4_D20,7.45,29.9,linearly stable,0.27981379645703464,0.11192550877830146
n10_4_D20,7.45,31.6,linearly stable,0.3647452130055273,0.14589807459189222
n10_4_D20,7.45,33.5,linearly stable,0.49249786423806174,0.19699913373059225
n10_4_D20,7.45,35.5,linearly stable,0.6896800437721662,0.2758720030605972
n10_4_D20,7.45,37.6,linearly stable,1.067962281331608,0.4271848915460315
n10_4_D20,7.45,39.8,no activated state,nan,nan
n10_4_D20,7.45,42.2,no activated state,nan,nan
n10_4_D20,7.45,44.7,no activated state,nan,nan
n10_4_D20,7.45,47.3,no activated state,nan,nan
n10_4_D20,7.45,50.1,no activated state,nan,nan
n10_4_D20,7.45,53.1,no activated state,nan,nan
n10_4_D20,7.45,56.2,no activated state,nan,nan
n10_4_D20,7.45,59.6,no activated state,nan,nan
n10_4_D20,7.45,63.1,no activated state,nan,nan
n10_4_D20,7.45,66.8,no activated state,nan,nan
n10_4_D20,7.45,70.8,no activated state,nan,nan
n10_4_D20,7.45,75.0,no activated state,nan,nan
n10_4_D20,7.45,79.4,no activated state,nan,nan
n10_4_D20,7.45,84.1,no activated state,nan,nan
n10_4_D20,7.45,89.1,no activated state,nan,nan
n10_4_D20,7.45,94.4,no activated state,nan,nan
n10_4_D20,7.45,100.0,no activated state,nan,nan
n10_4_D20,7.85,1.0,no activated state,nan,nan
n10_4_D20,7.85,1.06,no activated state,nan,nan
n10_4_D20,7.85,1.12,no activated state,nan,nan
n10_4_D20,7.85,1.19,no activated state,nan,nan
n10_4_D20,7.85,1.26,no activated state,nan,nan
n10_4_D20,7.85,1.33,no activated state,nan,nan
n10_4_D20,7.85,1.41,no activated state,nan,nan
n10_4_D20,7.85,1.5,no activated state,nan,nan
n10_4_D20,7.85,1.58,no activated state,nan,nan
n10_4_D20,7.85,1.68,no activated state,nan,nan
n10_4_D20,7.85,1.78,no activated state,nan,nan
n10_4_D20,7.85,1.88,no activated state,nan,nan
n10_4_D20,7.85,2.0,no activated state,nan,nan
n10_4_D20,7.85,2.11,no activated state,nan,nan
n10_4_D20,7.85,2.24,no activated state,nan,nan
n10_4_D20,7.85,2.37,no activated state,nan,nan
n10_4_D20,7.85,2.51,no activated state,nan,nan
n10_4_D20,7.85,2.66,no activated state,nan,nan
n10_4_D20,7.85,2.82,linearly stable,1.1398594963463182e-05,4.5549363751552244e-06
n10_4_D20,7.85,2.99,linearly stable,1.4402927500656304e-05,5.756669377882394e-06
n10_4_D20,7.85,3.16,linearly stable,1.7965850483969703e-05,7.181838556957707e-06
n10_4_D20,7.85,3.35,linearly stable,2.2689401359965444e-05,9.071258888305536e-06
n10_4_D20,7.85,3.55,linearly stable,2.860974004925687e-05,1.1439394339749421e-05
n10_4_D20,7.85,3.76,linearly stable,3.600131774139648e-05,1.439602538682822e-05
n10_4_D20,7.85,3.98,linearly stable,4.519326121998901e-05,1.807280274140823e-05
n10_4_D20,7.85,4.22,linearly stable,5.7117764816760896e-05,2.2842604131103788e-05
n10_4_D20,7.85,4.47,linearly stable,7.190136014134652e-05,2.8756042201484732e-05
n10_4_D20,7.85,4.73,linearly stable,9.014502823201376e-05,3.605350936368967e-05
n10_4_D20,7.85,5.01,linearly stable,0.00011345980683752366,4.537942071172524e-05
n10_4_D20,7.85,5.31,linearly stable,0.000143174848479255,5.726543724761513e-05
n10_4_D20,7.85,5.62,linearly stable,0.00017965317610113551,7.185676814853508e-05
n10_4_D20,7.85,5.96,linearly stable,0.00022723713862360384,9.089035296467275e-05
n10_4_D20,7.85,6.31,linearly stable,0.0002855091124098763,0.00011419914224307947
n10_4_D20,7.85,6.68,linearly stable,0.0003586086583562409,0.00014343896032516937
n10_4_D20,7.85,7.08,linearly stable,0.0004525489091977697,0.00018101506028123145
n10_4_D20,7.85,7.5,linearly stable,0.0005699028195926825,0.0002279566239631298
n10_4_D20,7.85,7.94,linearly stable,0.0007159253211219685,0.000286365623983463
n10_4_D20,7.85,8.41,linearly stable,0.0009011737286668264,0.0003604649862502538
n10_4_D20,7.85,8.91,linearly stable,0.0011354947317976372,0.00045419338655197254
n10_4_D20,7.85,9.44,linearly stable,0.0014309536351075902,0.0005723769466771863
n10_4_D20,7.85,10.0,linearly stable,0.00180226032658104,0.0007208996217604732
n10_4_D20,7.85,10.6,linearly stable,0.002275848134727365,0.0009103347430961043
n10_4_D20,7.85,11.2,linearly stable,0.0028373534786951815,0.0011349368784025632
n10_4_D20,7.85,11.9,linearly stable,0.0036174144574740996,0.0014469612667435505
n10_4_D20,7.85,12.6,linearly stable,0.004548777075804589,0.0018195063102870094
n10_4_D20,7.85,13.3,linearly stable,0.005650125630256575,0.00226004572758308
n10_4_D20,7.85,14.1,linearly stable,0.007142530267169045,0.002857007576263134
n10_4_D20,7.85,15.0,linearly stable,0.00915753175624312,0.003663008163661824
n10_4_D20,7.85,15.8,linearly stable,0.01128506604904489,0.004514021872074523
n10_4_D20,7.85,16.8,linearly stable,0.014447757515581028,0.005779098445709632
n10_4_D20,7.85,17.8,linearly stable,0.01824183309830807,0.007296728663175694
n10_4_D20,7.85,18.8,linearly stable,0.022751025772747013,0.009100405714304005
n10_4_D20,7.85,20.0,linearly stable,0.029234868056576824,0.011693942600874696
n10_4_D20,7.85,21.1,linearly stable,0.036346303853961315,0.014538516890054568
n10_4_D20,7.85,22.4,linearly stable,0.04639963877831277,0.018559850817341045
n10_4_D20,7.85,23.7,linearly stable,0.058500199432557354,0.023400075027367406
n10_4_D20,7.85,25.1,linearly stable,0.07417992308843657,0.029671964421821052
n10_4_D20,7.85,26.6,linearly stable,0.09453112574943079,0.03781244539647638
n10_4_D20,7.85,28.2,linearly stable,0.12102065718708421,0.048408257851931334
n10_4_D20,7.85,29.9,linearly stable,0.15565928180113264,0.062263707536230055
n10_4_D20,7.85,31.6,linearly stable,0.19847383286241915,0.07938952775333713
n10_4_D20,7.85,33.5,linearly stable,0.258508884347568,0.10340354804086965
n10_4_D20,7.85,35.5,linearly stable,0.3399736821530652,0.1359894667157059
n10_4_D20,7.85,37.6,linearly stable,0.4540161955785893,0.18160647139267871
n10_4_D20,7.85,39.8,linearly stable,0.623318238257925,0.2493272872693736
n10_4_D20,7.85,42.2,linearly stable,0.930676575496231,0.37227061935449496
n10_4_D20,7.85,44.7,no activated state,nan,nan
n10_4_D20,7.85,47.3,no activated state,nan,nan
n10_4_D20,7.85,50.1,no activated state,nan,nan
n10_4_D20,7.85,53.1,no activated state,nan,nan
n10_4_D20,7.85,56.2,no activated state,nan,nan
n10_4_D20,7.85,59.6,no activated state,nan,nan
n10_4_D20,7.85,63.1,no activated state,nan,nan
n10_4_D20,7.85,66.8,no activated state,nan,nan
n10_4_D20,7.85,70.8,no activated state,nan,nan
n10_4_D20,7.85,75.0,no activated state,nan,nan
n10_4_D20,7.85,79.4,no activated state,nan,nan
n10_4_D20,7.85,84.1,no activated state,nan,nan
n10_4_D20,7.85,89.1,no activated state,nan,nan
n10_4_D20,7.85,94.4,no activated state,nan,nan
n10_4_D20,7.85,100.0,no activated state,nan,nan
n10_4_D20,8.26,1.0,no activated state,nan,nan
n10_4_D20,8.26,1.06,no activated state,nan,nan
n10_4_D20,8.26,1.12,no activated state,nan,nan
n10_4_D20,8.26,1.19,no activated state,nan,nan
n10_4_D20,8.26,1.26,no activated state,nan,nan
n10_4_D20,8.26,1.33,no activated state,nan,nan
n10_4_D20,8.26,1.41,no activated state,nan,nan
n10_4_D20,8.26,1.5,no activated state,nan,nan
n10_4_D20,8.26,1.58,no activated state,nan,nan
n10_4_D20,8.26,1.68,no activated state,nan,nan
n10_4_D20,8.26,1.78,no activated state,nan,nan
n10_4_D20,8.26,1.88,no activated state,nan,nan
n10_4_D20,8.26,2.0,no activated state,nan,nan
n10_4_D20,8.26,2.11,no activated state,nan,nan
n10_4_D20,8.26,2.24,no activated state,nan,nan
n10_4_D20,8.26,2.37,no activated state,nan,nan
n10_4_D20,8.26,2.51,no activated state,nan,nan
n10_4_D20,8.26,2.66,no activated state,nan,nan
n10_4_D20,8.26,2.82,no activated state,nan,nan
n10_4_D20,8.26,2.99,no activated state,nan,nan
n10_4_D20,8.26,3.16,linearly stable,1.0797975010801153e-05,4.316484403164097e-06
n10_4_D20,8.26,3.35,linearly stable,1.3636947399087163e-05,5.4520733516307866e-06
n10_4_D20,8.26,3.55,linearly stable,1.719521168341842e-05,6.875379056733568e-06
n10_4_D20,8.26,3.76,linearly stable,2.1637713785160884e-05,8.652379886340077e-06
n10_4_D20,8.26,3.98,linearly stable,2.7162257369983678e-05,1.0862197306925703e-05
n10_4_D20,8.26,4.22,linearly stable,3.4329094553697814e-05,1.3728932163092238e-05
n10_4_D20,8.26,4.47,linearly stable,4.3214249001444216e-05,1.7282993920702728e-05
n10_4_D20,8.26,4.73,linearly stable,5.417888494063661e-05,2.1668848269631505e-05
n10_4_D20,8.26,5.01,linearly stable,6.819119532708307e-05,2.7273772390158757e-05
n10_4_D20,8.26,5.31,linearly stable,8.604991010741081e-05,3.441725825906369e-05
n10_4_D20,8.26,5.62,linearly stable,0.000107973064478184,4.318651995343769e-05
n10_4_D20,8.26,5.96,linearly stable,0.00013657012817636094,5.4625345363215294e-05
n10_4_D20,8.26,6.31,linearly stable,0.00017158974527364812,6.863319211700852e-05
n10_4_D20,8.26,6.68,linearly stable,0.00021551911358774767,8.620493933579611e-05
n10_4_D20,8.26,7.08,linearly stable,0.0002719708774734375,0.00010878564475269985
n10_4_D20,8.26,7.5,linearly stable,0.0003424896997128446,0.00013699317347630696
n10_4_D20,8.26,7.94,linearly stable,0.00043023107450412823,0.00017208972317956845
n10_4_D20,8.26,8.41,linearly stable,0.0005415349813042702,0.00021661128562836215
n10_4_D20,8.26,8.91,linearly stable,0.0006823116721088596,0.00027292196160700683
n10_4_D20,8.26,9.44,linearly stable,0.0008598003491511186,0.0003439174319911868
n10_4_D20,8.26,10.0,linearly stable,0.0010828227449743988,0.0004331263897766219
n10_4_D20,8.26,10.6,linearly stable,0.0013672314271917507,0.0005468898619709507
n10_4_D20,8.26,11.2,linearly stable,0.0017043683341333438,0.0006817446239252346
n10_4_D20,8.26,11.9,linearly stable,0.0021726038056368857,0.0008690388113840533
n10_4_D20,8.26,12.6,linearly stable,0.002731467135850263,0.0010925841421054671
n10_4_D20,8.26,13.3,linearly stable,0.0033920609215287723,0.0013568216547632662
n10_4_D20,8.26,14.1,linearly stable,0.00428674551870345,0.001714695491445982
n10_4_D20,8.26,15.0,linearly stable,0.005493870138856272,0.0021975453365533633
n10_4_D20,8.26,15.8,linearly stable,0.006767344754894378,0.0027069351798489827
n10_4_D20,8.26,16.8,linearly stable,0.008658405905667133,0.0034633596355172183
n10_4_D20,8.26,17.8,linearly stable,0.010923785321966806,0.004369511396466506
n10_4_D20,8.26,18.8,linearly stable,0.013611589954413139,0.005444633242819583
n10_4_D20,8.26,20.0,linearly stable,0.017467712902091703,0.006987082412354258
n10_4_D20,8.26,21.1,linearly stable,0.02168520157618592,0.008674077871518686
n10_4_D20,8.26,22.4,linearly stable,0.027626057769887247,0.011050420334171588
n10_4_D20,8.26,23.7,linearly stable,0.03474325623059715,0.013897299700574975
n10_4_D20,8.26,25.1,linearly stable,0.043910719436272005,0.017564284959625445
n10_4_D20,8.26,26.6,linearly stable,0.05571581354175348,0.02228632257159983
n10_4_D20,8.26,28.2,linearly stable,0.07092037435203591,0.028368146856260622
n10_4_D20,8.26,29.9,linearly stable,0.09052118492098082,0.03620847103208066
n10_4_D20,8.26,31.6,linearly stable,0.11429567146851949,0.045718265586926224
n10_4_D20,8.26,33.5,linearly stable,0.14675844869656562,0.05870337638799431
n10_4_D20,8.26,35.5,linearly stable,0.1890986343565937,0.07563945052986958
n10_4_D20,8.26,37.6,linearly stable,0.24485066872082406,0.09794026410648052
n10_4_D20,8.26,39.8,linearly stable,0.3194048621681145,0.12776194124363982
n10_4_D20,8.26,42.2,linearly stable,0.426874941757992,0.1707499726965976
n10_4_D20,8.26,44.7,linearly stable,0.5836191494161225,0.23344765511805024
n10_4_D20,8.26,47.3,linearly stable,0.8400265252603156,0.3360106041446027
n10_4_D20,8.26,50.1,no activated state,nan,nan
n10_4_D20,8.26,53.1,no activated state,nan,nan
n10_4_D20,8.26,56.2,no activated state,nan,nan
n10_4_D20,8.26,59.6,no activated state,nan,nan
n10_4_D20,8.26,63.1,no activated state,nan,nan
n10_4_D20,8.26,66.8,no activated state,nan,nan
n10_4_D20,8.26,70.8,no activated state,nan,nan
n10_4_D20,8.26,75.0,no activated state,nan,nan
n10_4_D20,8.26,79.4,no activated state,nan,nan
n10_4_D20,8.26,84.1,no activated state,nan,nan
n10_4_D20,8.26,89.1,no activated state,nan,nan
n10_4_D20,8.26,94.4,no activated state,nan,nan
n10_4_D20,8.26,100.0,no activated state,nan,nan
n10_4_D20,8.71,1.0,no activated state,nan,nan
n10_4_D20,8.71,1.06,no activated state,nan,nan
n10_4_D20,8.71,1.12,no activated state,nan,nan
n10_4_D20,8.71,1.19,no activated state,nan,nan
n10_4_D20,8.71,1.26,no activated state,nan,nan
n10_4_D20,8.71,1.33,no activated state,nan,nan
n10_4_D20,8.71,1.41,no activated state,nan,nan
n10_4_D20,8.71,1.5,no activated state,nan,nan
n10_4_D20,8.71,1.58,no activated state,nan,nan
n10_4_D20,8.71,1.68,no activated state,nan,nan
n10_4_D20,8.71,1.78,no activated state,nan,nan
n10_4_D20,8.71,1.88,no activated state,nan,nan
n10_4_D20,8.71,2.0,no activated state,nan,nan
n10_4_D20,8.71,2.11,no activated state,nan,nan
n10_4_D20,8.71,2.24,no activated state,nan,nan
n10_4_D20,8.71,2.37,no activated state,nan,nan
n10_4_D20,8.71,2.51,no activated state,nan,nan
n10_4_D20,8.71,2.66,no activated state,nan,nan
n10_4_D20,8.71,2.82,no activated state,nan,nan
n10_4_D20,8.71,2.99,no activated state,nan,nan
n10_4_D20,8.71,3.16,no activated state,nan,nan
n10_4_D20,8.71,3.35,no activated state,nan,nan
n10_4_D20,8.71,3.55,linearly stable,1.0116374823399e-05,4.044958151894939e-06
n10_4_D20,8.71,3.76,linearly stable,1.2729998724037017e-05,5.09040770867349e-06
n10_4_D20,8.71,3.98,linearly stable,1.598020529902655e-05,6.390490333638713e-06
n10_4_D20,8.71,4.22,linearly stable,2.0196597136923344e-05,8.077047062555519e-06
n10_4_D20,8.71,4.47,linearly stable,2.5423891680809163e-05,1.0167964872229651e-05
n10_4_D20,8.71,4.73,linearly stable,3.187455584696686e-05,1.2748230529821243e-05
n10_4_D20,8.71,5.01,linearly stable,4.0118171437120154e-05,1.6045676754362216e-05
n10_4_D20,8.71,5.31,linearly stable,5.062460539773106e-05,2.0248250323909875e-05
n10_4_D20,8.71,5.62,linearly stable,6.352207815196742e-05,2.540723940708693e-05
n10_4_D20,8.71,5.96,linearly stable,8.034566146397637e-05,3.213667270748658e-05
n10_4_D20,8.71,6.31,linearly stable,0.00010094734756549428,4.037734711857069e-05
n10_4_D20,8.71,6.68,linearly stable,0.0001267901300283647,5.071446006628597e-05
n10_4_D20,8.71,7.08,linearly stable,0.00015999890489837298,6.399796996724388e-05
n10_4_D20,8.71,7.5,linearly stable,0.00020148179766144025,8.059112701278668e-05
n10_4_D20,8.71,7.94,linearly stable,0.00025309422267527637,0.0001012360969443973
n10_4_D20,8.71,8.41,linearly stable,0.0003185642369374353,0.00012742410255509802
n10_4_D20,8.71,8.91,linearly stable,0.00040136612306951314,0.0001605448568894907
n10_4_D20,8.71,9.44,linearly stable,0.0005057543821385124,0.00020230016036767176
n10_4_D20,8.71,10.0,linearly stable,0.0006369120355398383,0.0002547632215401746
n10_4_D20,8.71,10.6,linearly stable,0.0008041529712621287,0.00032165959558918693
n10_4_D20,8.71,11.2,linearly stable,0.0010023742988130024,0.00040094812632530567
n10_4_D20,8.71,11.9,linearly stable,0.001277629950077186,0.0005110503864365588
n10_4_D20,8.71,12.6,linearly stable,0.0016060922155758384,0.0006424352921641607
n10_4_D20,8.71,13.3,linearly stable,0.001994247025890461,0.000797697215732942
n10_4_D20,8.71,14.1,linearly stable,0.0025197810359189887,0.0010079108189902427
n10_4_D20,8.71,15.0,linearly stable,0.0032285326727055086,0.0012914114726862815
n10_4_D20,8.71,15.8,linearly stable,0.003975856807280076,0.0015903411254416552
n10_4_D20,8.71,16.8,linearly stable,0.005084875787211285,0.002033948715818089
n10_4_D20,8.71,17.8,linearly stable,0.006412266525669397,0.00256490500928897
n10_4_D20,8.71,18.8,linearly stable,0.007985549025610883,0.00319421800699582
n10_4_D20,8.71,20.0,linearly stable,0.01023960554443204,0.0040958406112648815
n10_4_D20,8.71,21.1,linearly stable,0.012700712021226357,0.005080283198416552
n10_4_D20,8.71,22.4,linearly stable,0.01616004485911149,0.006464016328542232
n10_4_D20,8.71,23.7,linearly stable,0.02029284394269415,0.008117135955946118
n10_4_D20,8.71,25.1,linearly stable,0.025597582913376993,0.010239031536443129
n10_4_D20,8.71,26.6,linearly stable,0.03239749876924103,0.012958997868760322
n10_4_D20,8.71,28.2,linearly stable,0.04110350106319993,0.016441398773403476
n10_4_D20,8.71,29.9,linearly stable,0.05223920418331862,0.020895680004734504
n10_4_D20,8.71,31.6,linearly stable,0.06561167584804406,0.02624466865030091
n10_4_D20,8.71,33.5,linearly stable,0.08362838608030665,0.03345135271538701
n10_4_D20,8.71,35.5,linearly stable,0.10669520885762895,0.04267808178995448
n10_4_D20,8.71,37.6,linearly stable,0.1362982119181133,0.05451928296622291
n10_4_D20,8.71,39.8,linearly stable,0.1744567925546192,0.06978271515688894
n10_4_D20,8.71,42.2,linearly stable,0.2264230066324724,0.09056920069686387
n10_4_D20,8.71,44.7,linearly stable,0.29529559929614035,0.11811823763378479
n10_4_D20,8.71,47.3,linearly stable,0.38854050642230575,0.15541620029500625
n10_4_D20,8.71,50.1,linearly stable,0.5253913851260039,0.21015655146321982
n10_4_D20,8.71,53.1,linearly stable,0.7457992428588756,0.2983196939459202
n10_4_D20,8.71,56.2,Turing,1.211378792346517,0.484551511850084
n10_4_D20,8.71,59.6,no activated state,nan,nan
n10_4_D20,8.71,63.1,no activated state,nan,nan
n10_4_D20,8.71,66.8,no activated state,nan,nan
n10_4_D20,8.71,70.8,no activated state,nan,nan
n10_4_D20,8.71,75.0,no activated state,nan,nan
n10_4_D20,8.71,79.4,no activated state,nan,nan
n10_4_D20,8.71,84.1,no activated state,nan,nan
n10_4_D20,8.71,89.1,no activated state,nan,nan
n10_4_D20,8.71,94.4,no activated state,nan,nan
n10_4_D20,8.71,100.0,no activated state,nan,nan
n10_4_D20,9.17,1.0,no activated state,nan,nan
n10_4_D20,9.17,1.06,no activated state,nan,nan
n10_4_D20,9.17,1.12,no activated state,nan,nan
n10_4_D20,9.17,1.19,no activated state,nan,nan
n10_4_D20,9.17,1.26,no activated state,nan,nan
n10_4_D20,9.17,1.33,no activated state,nan,nan
n10_4_D20,9.17,1.41,no activated state,nan,nan
n10_4_D20,9.17,1.5,no activated state,nan,nan
n10_4_D20,9.17,1.58,no activated state,nan,nan
n10_4_D20,9.17,1.68,no activated state,nan,nan
n10_4_D20,9.17,1.78,no activated state,nan,nan
n10_4_D20,9.17,1.88,no activated state,nan,nan
n10_4_D20,9.17,2.0,no activated state,nan,nan
n10_4_D20,9.17,2.11,no activated state,nan,nan
n10_4_D20,9.17,2.24,no activated state,nan,nan
n10_4_D20,9.17,2.37,no activated state,nan,nan
n10_4_D20,9.17,2.51,no activated state,nan,nan
n10_4_D20,9.17,2.66,no activated state,nan,nan
n10_4_D20,9.17,2.82,no activated state,nan,nan
n10_4_D20,9.17,2.99,no activated state,nan,nan
n10_4_D20,9.17,3.16,no activated state,nan,nan
n10_4_D20,9.17,3.35,no activated state,nan,nan
n10_4_D20,9.17,3.55,no activated state,nan,nan
n10_4_D20,9.17,3.76,no activated state,nan,nan
n10_4_D20,9.17,3.98,no activated state,nan,nan
n10_4_D20,9.17,4.22,linearly stable,1.2071594301943378e-05,4.827686303154246e-06
n10_4_D20,9.17,4.47,linearly stable,1.5195955099800429e-05,6.077430619153437e-06
n10_4_D20,9.17,4.73,linearly stable,1.9051516466639384e-05,7.619655162602312e-06
n10_4_D20,9.17,5.01,linearly stable,2.397871016746045e-05,9.590532638609684e-06
n10_4_D20,9.17,5.31,linearly stable,3.0258362512247672e-05,1.2102393571422259e-05
n10_4_D20,9.17,5.62,linearly stable,3.7967092613167e-05,1.5185885605111585e-05
n10_4_D20,9.17,5.96,linearly stable,4.8022371672562514e-05,1.9207997220099033e-05
n10_4_D20,9.17,6.31,linearly stable,6.033569038610409e-05,2.4133324695178433e-05
n10_4_D20,9.17,6.68,linearly stable,7.578138945252277e-05,3.0311604308413916e-05
n10_4_D20,9.17,7.08,linearly stable,9.562935474827228e-05,3.825079040984542e-05
n10_4_D20,9.17,7.5,linearly stable,0.00012042215866037154,4.8167911953263124e-05
n10_4_D20,9.17,7.94,linearly stable,0.00015126843479706942,6.050642238131766e-05
n10_4_D20,9.17,8.41,linearly stable,0.00019039580698487768,7.615737122351265e-05
n10_4_D20,9.17,8.91,linearly stable,0.00023987988897800072,9.595100397812026e-05
n10_4_D20,9.17,9.44,linearly stable,0.00030226207398120764,0.00012090387792608874
n10_4_D20,9.17,10.0,linearly stable,0.0003806378720094816,0.00015225419707035664
n10_4_D20,9.17,10.6,linearly stable,0.00048056993169676154,0.00019222702085931712
n10_4_D20,9.17,11.2,linearly stable,0.0005990050975446248,0.00023960108709699814
n10_4_D20,9.17,11.9,linearly stable,0.0007634517822341369,0.00030537976083200665
n10_4_D20,9.17,12.6,linearly stable,0.0009596619633989167,0.0003838638331296175
n10_4_D20,9.17,13.3,linearly stable,0.0011914965888171203,0.00047659768309824815
n10_4_D20,9.17,14.1,linearly stable,0.0015053263568753916,0.000602129590052875
n10_4_D20,9.17,15.0,linearly stable,0.0019284616166548307,0.0007713836936012183
n10_4_D20,9.17,15.8,linearly stable,0.0023744940506942314,0.0009497966668348013
n10_4_D20,9.17,16.8,linearly stable,0.003036151832934708,0.0012144597791627835
n10_4_D20,9.17,17.8,linearly stable,0.0038277030681399538,0.0015310802725644966
n10_4_D20,9.17,18.8,linearly stable,0.004765333130415383,0.00190613229666861
n10_4_D20,9.17,20.0,linearly stable,0.006107640145607274,0.002443055101589428
n10_4_D20,9.17,21.1,linearly stable,0.007571839704608729,0.003028734923927726
n10_4_D20,9.17,22.4,linearly stable,0.009627430329066655,0.0038509711719358517
n10_4_D20,9.17,23.7,linearly stable,0.012079381181223647,0.004831751510675998
n10_4_D20,9.17,25.1,linearly stable,0.015220509487408052,0.006088202830422838
n10_4_D20,9.17,26.6,linearly stable,0.019236873276997635,0.0076947483427599215
n10_4_D20,9.17,28.2,linearly stable,0.024362383851711522,0.009744952568159753
n10_4_D20,9.17,29.9,linearly stable,0.030890835538391892,0.01235633323708512
n10_4_D20,9.17,31.6,linearly stable,0.038689452689033565,0.015475780090427075
n10_4_D20,9.17,33.5,linearly stable,0.049124647284167766,0.01964985791914392
n10_4_D20,9.17,35.5,linearly stable,0.06236261638950413,0.0249450455492912
n10_4_D20,9.17,37.6,linearly stable,0.0791467131222412,0.031658684226956425
n10_4_D20,9.17,39.8,linearly stable,0.10043336384999102,0.04017334449810855
n10_4_D20,9.17,42.2,linearly stable,0.12877170892317102,0.05150868250014975
n10_4_D20,9.17,44.7,linearly stable,0.16512486419792638,0.06604994457395512
n10_4_D20,9.17,47.3,linearly stable,0.2120358769468378,0.08481434962492256
n10_4_D20,9.17,50.1,linearly stable,0.2757362656108431,0.11029450502069064
n10_4_D20,9.17,53.1,linearly stable,0.36422676829003353,0.14569070598743392
n10_4_D20,9.17,56.2,linearly stable,0.4873851993413192,0.1949540782448756
n10_4_D20,9.17,59.6,linearly stable,0.6845183488115103,0.27380733772358273
n10_4_D20,9.17,63.1,linearly stable,1.0514036066039167,0.42056144005590146
n10_4_D20,9.17,66.8,no activated state,nan,nan
n10_4_D20,9.17,70.8,no activated state,nan,nan
n10_4_D20,9.17,75.0,no activated state,nan,nan
n10_4_D20,9.17,79.4,no activated state,nan,nan
n10_4_D20,9.17,84.1,no activated state,nan,nan
n10_4_D20,9.17,89.1,no activated state,nan,nan
n10_4_D20,9.17,94.4,no activated state,nan,nan
n10_4_D20,9.17,100.0,no activated state,nan,nan
n10_4_D20,9.66,1.0,no activated state,nan,nan
n10_4_D20,9.66,1.06,no activated state,nan,nan
n10_4_D20,9.66,1.12,no activated state,nan,nan
n10_4_D20,9.66,1.19,no activated state,nan,nan
n10_4_D20,9.66,1.26,no activated state,nan,nan
n10_4_D20,9.66,1.33,no activated state,nan,nan
n10_4_D20,9.66,1.41,no activated state,nan,nan
n10_4_D20,9.66,1.5,no activated state,nan,nan
n10_4_D20,9.66,1.58,no activated state,nan,nan
n10_4_D20,9.66,1.68,no activated state,nan,nan
n10_4_D20,9.66,1.78,no activated state,nan,nan
n10_4_D20,9.66,1.88,no activated state,nan,nan
n10_4_D20,9.66,2.0,no activated state,nan,nan
n10_4_D20,9.66,2.11,no activated state,nan,nan
n10_4_D20,9.66,2.24,no activated state,nan,nan
n10_4_D20,9.66,2.37,no activated state,nan,nan
n10_4_D20,9.66,2.51,no activated state,nan,nan
n10_4_D20,9.66,2.66,no activated state,nan,nan
n10_4_D20,9.66,2.82,no activated state,nan,nan
n10_4_D20,9.66,2.99,no activated state,nan,nan
n10_4_D20,9.66,3.16,no activated state,nan,nan
n10_4_D20,9.66,3.35,no activated state,nan,nan
n10_4_D20,9.66,3.55,no activated state,nan,nan
n10_4_D20,9.66,3.76,no activated state,nan,nan
n10_4_D20,9.66,3.98,no activated state,nan,nan
n10_4_D20,9.66,4.22,no activated state,nan,nan
n10_4_D20,9.66,4.47,no activated state,nan,nan
n10_4_D20,9.66,4.73,linearly stable,1.1320092196953624e-05,4.527471560004594e-06
n10_4_D20,9.66,5.01,linearly stable,1.4247733975958354e-05,5.698528270472139e-06
n10_4_D20,9.66,5.31,linearly stable,1.7978971650345343e-05,7.191023338202712e-06
n10_4_D20,9.66,5.62,linearly stable,2.2559324343029985e-05,9.023164412870787e-06
n10_4_D20,9.66,5.96,linearly stable,2.853392170099056e-05,1.1413003353122258e-05
n10_4_D20,9.66,6.31,linearly stable,3.585015699525407e-05,1.4339497466822775e-05
n10_4_D20,9.66,6.68,linearly stable,4.502751483892453e-05,1.8010440600122805e-05
n10_4_D20,9.66,7.08,linearly stable,5.682047899524534e-05,2.2727626256352553e-05
n10_4_D20,9.66,7.5,linearly stable,7.155135920422495e-05,2.8619978332608314e-05
n10_4_D20,9.66,7.94,linearly stable,8.987876056076871e-05,3.595093886560026e-05
n10_4_D20,9.66,8.41,linearly stable,0.00011312606819413595,4.5249861907491884e-05
n10_4_D20,9.66,8.91,linearly stable,0.00014252622783761382,5.700992574958748e-05
n10_4_D20,9.66,9.44,linearly stable,0.00017958874333756647,7.183493193095461e-05
n10_4_D20,9.66,10.0,linearly stable,0.00022615205681142392,9.046025729693885e-05
n10_4_D20,9.66,10.6,linearly stable,0.00028551986562042053,0.0001142073807904465
n10_4_D20,9.66,11.2,linearly stable,0.00035587691202376703,0.00014235019931606503
n10_4_D20,9.66,11.9,linearly stable,0.000453561736943886,0.0001814241292341149
n10_4_D20,9.66,12.6,linearly stable,0.000570106216538635,0.00022804192101252117
n10_4_D20,9.66,13.3,linearly stable,0.0007077988490511444,0.0002831189739474883
n10_4_D20,9.66,14.1,linearly stable,0.0008941698690434485,0.00035766738184970365
n10_4_D20,9.66,15.0,linearly stable,0.0011454154298473629,0.00045816560604329434
n10_4_D20,9.66,15.8,linearly stable,0.0014102098600177193,0.0005640833779764338
n10_4_D20,9.66,16.8,linearly stable,0.0018029252535745055,0.0007211695351991457
n10_4_D20,9.66,17.8,linearly stable,0.0022725975950210753,0.0009090384715383892
n10_4_D20,9.66,18.8,linearly stable,0.0028287507062640938,0.0011314997157517693
n10_4_D20,9.66,20.0,linearly stable,0.0036245665515521885,0.0014498260534606335
n10_4_D20,9.66,21.1,linearly stable,0.0044921510823703326,0.0017968598653448089
n10_4_D20,9.66,22.4,linearly stable,0.005709275592943319,0.002283709668951807
n10_4_D20,9.66,23.7,linearly stable,0.0071597435057990655,0.0028638968333511376
n10_4_D20,9.66,25.1,linearly stable,0.00901575919249109,0.0036063031070762736
n10_4_D20,9.66,26.6,linearly stable,0.011385419590158596,0.004554167264925041
n10_4_D20,9.66,28.2,linearly stable,0.014403736949543111,0.0057614942071229506
n10_4_D20,9.66,29.9,linearly stable,0.01823885790459223,0.00729554258715953
n10_4_D20,9.66,31.6,linearly stable,0.02280631192727256,0.009122524193859767
n10_4_D20,9.66,33.5,linearly stable,0.02889424534847751,0.011557697559162456
n10_4_D20,9.66,35.5,linearly stable,0.03657796279728953,0.014631184534647868
n10_4_D20,9.66,37.6,linearly stable,0.04625596761298145,0.01850238645579227
n10_4_D20,9.66,39.8,linearly stable,0.05842587745545691,0.023370350386256684
n10_4_D20,9.66,42.2,linearly stable,0.07444304021959947,0.02977721548320288
n10_4_D20,9.66,44.7,linearly stable,0.09467496711732637,0.037869986231087165
n10_4_D20,9.66,47.3,linearly stable,0.1202436395622708,0.04809745519457181
n10_4_D20,9.66,50.1,linearly stable,0.1539537489827325,0.061581498943065166
n10_4_D20,9.66,53.1,linearly stable,0.19875628194459427,0.07950251210057378
n10_4_D20,9.66,56.2,linearly stable,0.25693003608405207,0.10277201371908169
n10_4_D20,9.66,59.6,linearly stable,0.3390223906907719,0.13560895550522947
n10_4_D20,9.66,63.1,linearly stable,0.45168063978620054,0.18067225505754794
n10_4_D20,9.66,66.8,linearly stable,0.6201038328759967,0.24804153214461072
n10_4_D20,9.66,70.8,linearly stable,0.9211379054492597,0.36845516083072233
n10_4_D20,9.66,75.0,no activated state,nan,nan
n10_4_D20,9.66,79.4,no activated state,nan,nan
n10_4_D20,9.66,84.1,no activated state,nan,nan
n10_4_D20,9.66,89.1,no activated state,nan,nan
n10_4_D20,9.66,94.4,no activated state,nan,nan
n10_4_D20,9.66,100.0,no activated state,nan,nan
n10_4_D20,10.2,1.0,no activated state,nan,nan
n10_4_D20,10.2,1.06,no activated state,nan,nan
n10_4_D20,10.2,1.12,no activated state,nan,nan
n10_4_D20,10.2,1.19,no activated state,nan,nan
n10_4_D20,10.2,1.26,no activated state,nan,nan
n10_4_D20,10.2,1.33,no activated state,nan,nan
n10_4_D20,10.2,1.41,no activated state,nan,nan
n10_4_D20,10.2,1.5,no activated state,nan,nan
n10_4_D20,10.2,1.58,no activated state,nan,nan
n10_4_D20,10.2,1.68,no activated state,nan,nan
n10_4_D20,10.2,1.78,no activated state,nan,nan
n10_4_D20,10.2,1.88,no activated state,nan,nan
n10_4_D20,10.2,2.0,no activated state,nan,nan
n10_4_D20,10.2,2.11,no activated state,nan,nan
n10_4_D20,10.2,2.24,no activated state,nan,nan
n10_4_D20,10.2,2.37,no activated state,nan,nan
n10_4_D20,10.2,2.51,no activated state,nan,nan
n10_4_D20,10.2,2.66,no activated state,nan,nan
n10_4_D20,10.2,2.82,no activated state,nan,nan
n10_4_D20,10.2,2.99,no activated state,nan,nan
n10_4_D20,10.2,3.16,no activated state,nan,nan
n10_4_D20,10.2,3.35,no activated state,nan,nan
n10_4_D20,10.2,3.55,no activated state,nan,nan
n10_4_D20,10.2,3.76,no activated state,nan,nan
n10_4_D20,10.2,3.98,no activated state,nan,nan
n10_4_D20,10.2,4.22,no activated state,nan,nan
n10_4_D20,10.2,4.47,no activated state,nan,nan
n10_4_D20,10.2,4.73,no activated state,nan,nan
n10_4_D20,10.2,5.01,no activated state,nan,nan
n10_4_D20,10.2,5.31,linearly stable,1.0435968417210617e-05,4.1740592243419894e-06
n10_4_D20,10.2,5.62,linearly stable,1.3094640489708098e-05,5.237528052755552e-06
n10_4_D20,10.2,5.96,linearly stable,1.6562596134583885e-05,6.624710309416115e-06
n10_4_D20,10.2,6.31,linearly stable,2.0809293813650598e-05,8.323389380088185e-06
n10_4_D20,10.2,6.68,linearly stable,2.6136258824971392e-05,1.0454175382706002e-05
n10_4_D20,10.2,7.08,linearly stable,3.2981413183863495e-05,1.3192237124646545e-05
n10_4_D20,10.2,7.5,linearly stable,4.1531815481166134e-05,1.661239804113154e-05
n10_4_D20,10.2,7.94,linearly stable,5.216971122323777e-05,2.0867556334788085e-05
n10_4_D20,10.2,8.41,linearly stable,6.566318327072551e-05,2.6264945149665903e-05
n10_4_D20,10.2,8.91,linearly stable,8.272777658802077e-05,3.309078247122277e-05
n10_4_D20,10.2,9.44,linearly stable,0.00010423949430626855,4.1695469552186615e-05
n10_4_D20,10.2,10.0,linearly stable,0.00013126516341777084,5.2505737188627186e-05
n10_4_D20,10.2,10.6,linearly stable,0.00016572188426211554,6.62884255164644e-05
n10_4_D20,10.2,11.2,linearly stable,0.0002065555812269526,8.26219042902158e-05
n10_4_D20,10.2,11.9,linearly stable,0.00026324772614882974,0.00010529876224234396
n10_4_D20,10.2,12.6,linearly stable,0.0003308821765646286,0.0001323525423890025
n10_4_D20,10.2,13.3,linearly stable,0.00041078530503835253,0.0001643137937546713
n10_4_D20,10.2,14.1,linearly stable,0.0005189291766827253,0.00020757134238031142
n10_4_D20,10.2,15.0,linearly stable,0.000664703829689195,0.0002658812035399885
n10_4_D20,10.2,15.8,linearly stable,0.0008183229899250133,0.0003273288675892413
n10_4_D20,10.2,16.8,linearly stable,0.001046123378034558,0.0004184490227655397
n10_4_D20,10.2,17.8,linearly stable,0.0013185143945038114,0.0005274054292722192
n10_4_D20,10.2,18.8,linearly stable,0.0016409911749148964,0.0006563961413412926
n10_4_D20,10.2,20.0,linearly stable,0.0021023013753018738,0.0008409202213601501
n10_4_D20,10.2,21.1,linearly stable,0.0026050374656461095,0.001042014657348429
n10_4_D20,10.2,22.4,linearly stable,0.00331001014511223,0.0013240037289266714
n10_4_D20,10.2,23.7,linearly stable,0.004149664739389047,0.001659865566388352
n10_4_D20,10.2,25.1,linearly stable,0.005223333411595865,0.002089333034952631
n10_4_D20,10.2,26.6,linearly stable,0.006592907305008611,0.0026371625919108265
n10_4_D20,10.2,28.2,linearly stable,0.008335381876063419,0.0033341524198139804
n10_4_D20,10.2,29.9,linearly stable,0.010546159377660125,0.004218463419793684
n10_4_D20,10.2,31.6,linearly stable,0.013174352615923368,0.005269740714313643
n10_4_D20,10.2,33.5,linearly stable,0.016669410888233704,0.00666776402219017
n10_4_D20,10.2,35.5,linearly stable,0.02106741504102949,0.008426965681984911
n10_4_D20,10.2,37.6,linearly stable,0.026585840076333023,0.010634335694436886
n10_4_D20,10.2,39.8,linearly stable,0.033491559448646235,0.013396623441260818
n10_4_D20,10.2,42.2,linearly stable,0.0425227620298696,0.017009104470978968
n10_4_D20,10.2,44.7,linearly stable,0.05383568152330431,0.021534272264846832
n10_4_D20,10.2,47.3,linearly stable,0.06797898641860423,0.027191594218526825
n10_4_D20,10.2,50.1,linearly stable,0.0863580912324935,0.03454323613821724
n10_4_D20,10.2,53.1,linearly stable,0.11030141272644123,0.04412056472799077
n10_4_D20,10.2,56.2,linearly stable,0.1405392801247285,0.056215711677173937
n10_4_D20,10.2,59.6,linearly stable,0.18150043959616724,0.07260017545151971
n10_4_D20,10.2,63.1,linearly stable,0.23426721846813048,0.09370688698107611
n10_4_D20,10.2,66.8,linearly stable,0.3051543963127268,0.12206175809139032
n10_4_D20,10.2,70.8,linearly stable,0.40567609387684667,0.1622704370743853
n10_4_D20,10.2,75.0,linearly stable,0.551506215120785,0.2206024855015561
n10_4_D20,10.2,79.4,linearly stable,0.78516981229242,0.31406792423199714
n10_4_D20,10.2,84.1,Turing,1.3782044599749144,0.5512817827435047
n10_4_D20,10.2,89.1,no activated state,nan,nan
n10_4_D20,10.2,94.4,no activated state,nan,nan
n10_4_D20,10.2,100.0,no activated state,nan,nan
n10_4_D20,10.7,1.0,no activated state,nan,nan
n10_4_D20,10.7,1.06,no activated state,nan,nan
n10_4_D20,10.7,1.12,no activated state,nan,nan
n10_4_D20,10.7,1.19,no activated state,nan,nan
n10_4_D20,10.7,1.26,no activated state,nan,nan
n10_4_D20,10.7,1.33,no activated state,nan,nan
n10_4_D20,10.7,1.41,no activated state,nan,nan
n10_4_D20,10.7,1.5,no activated state,nan,nan
n10_4_D20,10.7,1.58,no activated state,nan,nan
n10_4_D20,10.7,1.68,no activated state,nan,nan
n10_4_D20,10.7,1.78,no activated state,nan,nan
n10_4_D20,10.7,1.88,no activated state,nan,nan
n10_4_D20,10.7,2.0,no activated state,nan,nan
n10_4_D20,10.7,2.11,no activated state,nan,nan
n10_4_D20,10.7,2.24,no activated state,nan,nan
n10_4_D20,10.7,2.37,no activated state,nan,nan
n10_4_D20,10.7,2.51,no activated state,nan,nan
n10_4_D20,10.7,2.66,no activated state,nan,nan
n10_4_D20,10.7,2.82,no activated state,nan,nan
n10_4_D20,10.7,2.99,no activated state,nan,nan
n10_4_D20,10.7,3.16,no activated state,nan,nan
n10_4_D20,10.7,3.35,no activated state,nan,nan
n10_4_D20,10.7,3.55,no activated state,nan,nan
n10_4_D20,10.7,3.76,no activated state,nan,nan
n10_4_D20,10.7,3.98,no activated state,nan,nan
n10_4_D20,10.7,4.22,no activated state,nan,nan
n10_4_D20,10.7,4.47,no activated state,nan,nan
n10_4_D20,10.7,4.73,no activated state,nan,nan
n10_4_D20,10.7,5.01,no activated state,nan,nan
n10_4_D20,10.7,5.31,no activated state,nan,nan
n10_4_D20,10.7,5.62,no activated state,nan,nan
n10_4_D20,10.7,5.96,linearly stable,1.0263393613874072e-05,4.105154103563879e-06
n10_4_D20,10.7,6.31,linearly stable,1.289494708567318e-05,5.157775491982478e-06
n10_4_D20,10.7,6.68,linearly stable,1.6195904394278315e-05,6.4781584152675105e-06
n10_4_D20,10.7,7.08,linearly stable,2.0437627396008295e-05,8.174847615403726e-06
n10_4_D20,10.7,7.5,linearly stable,2.5736022438715978e-05,1.0294205630999773e-05
n10_4_D20,10.7,7.94,linearly stable,3.232794249297122e-05,1.293097365137099e-05
n10_4_D20,10.7,8.41,linearly stable,4.068932174972062e-05,1.6275525352335272e-05
n10_4_D20,10.7,8.91,linearly stable,5.1263524362132884e-05,2.050520639534801e-05
n10_4_D20,10.7,9.44,linearly stable,6.45933230070117e-05,2.583712585072168e-05
n10_4_D20,10.7,10.0,linearly stable,8.133970312740324e-05,3.253567789628665e-05
n10_4_D20,10.7,10.6,linearly stable,0.00010269046396005344,4.107598222547367e-05
n10_4_D20,10.7,11.2,linearly stable,0.0001279922916308518,5.1196713288700954e-05
n10_4_D20,10.7,11.9,linearly stable,0.00016311985485462088,6.524773857239754e-05
n10_4_D20,10.7,12.6,linearly stable,0.00020502649373921322,8.201039411841584e-05
n10_4_D20,10.7,13.3,linearly stable,0.0002545334764425533,0.00010181318719106597
n10_4_D20,10.7,14.1,linearly stable,0.0003215356744168396,0.00012861406636854574
n10_4_D20,10.7,15.0,linearly stable,0.00041184823756257316,0.00016473909160974476
n10_4_D20,10.7,15.8,linearly stable,0.000507015327977367,0.00020280592775841723
n10_4_D20,10.7,16.8,linearly stable,0.0006481274526359826,0.00025925077759589104
n10_4_D20,10.7,17.8,linearly stable,0.0008168454014834126,0.0003267379571043
n10_4_D20,10.7,18.8,linearly stable,0.001016563648087443,0.00040662525570876393
n10_4_D20,10.7,20.0,linearly stable,0.0013022223672254363,0.0005208887433122095
n10_4_D20,10.7,21.1,linearly stable,0.0016134761649899687,0.000645390262360673
n10_4_D20,10.7,22.4,linearly stable,0.0020498380448485953,0.0008199350142244638
n10_4_D20,10.7,23.7,linearly stable,0.0025694116463192973,0.0010277644547168443
n10_4_D20,10.7,25.1,linearly stable,0.0032335488771273457,0.0012934193469184983
n10_4_D20,10.7,26.6,linearly stable,0.004080327471459588,0.0016321307844955394
n10_4_D20,10.7,28.2,linearly stable,0.0051570198560646485,0.0020628077381401695
n10_4_D20,10.7,29.9,linearly stable,0.00652204361834996,0.0026088172428029312
n10_4_D20,10.7,31.6,linearly stable,0.00814328389422192,0.0032573133528525718
n10_4_D20,10.7,33.5,linearly stable,0.01029671067619864,0.00411868406524593
n10_4_D20,10.7,35.5,linearly stable,0.01300232120559297,0.005200928276502809
n10_4_D20,10.7,37.6,linearly stable,0.016390632002564187,0.006556252594661785
n10_4_D20,10.7,39.8,linearly stable,0.02062038586153281,0.008248154137460634
n10_4_D20,10.7,42.2,linearly stable,0.02613451742961903,0.010453806763662296
n10_4_D20,10.7,44.7,linearly stable,0.03301360710538104,0.013205442632670006
n10_4_D20,10.7,47.3,linearly stable,0.04156925459104177,0.016627701625309216
n10_4_D20,10.7,50.1,linearly stable,0.05261237481278491,0.021044949711887796
n10_4_D20,10.7,53.1,linearly stable,0.06686974087237174,0.026747896132951837
n10_4_D20,10.7,56.2,linearly stable,0.08466227098202328,0.033864908173298874
n10_4_D20,10.7,59.6,linearly stable,0.1083749785905086,0.04334999121191102
n10_4_D20,10.7,63.1,linearly stable,0.13823786875547084,0.05529514727170962
n10_4_D20,10.7,66.8,linearly stable,0.17708695005127728,0.0708347797816973
n10_4_D20,10.7,70.8,linearly stable,0.2295291036115965,0.09181164119403742
n10_4_D20,10.7,75.0,linearly stable,0.29963038100013106,0.11985215213267313
n10_4_D20,10.7,79.4,linearly stable,0.3955503756898848,0.1582201499835593
n10_4_D20,10.7,84.1,linearly stable,0.5358756102494155,0.21435024376595743
n10_4_D20,10.7,89.1,linearly stable,0.7618455300944182,0.3047382116228562
n10_4_D20,10.7,94.4,Turing,1.2842139038042444,0.5136855608211094
n10_4_D20,10.7,100.0,no activated state,nan,nan
n10_4_D20,11.3,1.0,no activated state,nan,nan
n10_4_D20,11.3,1.06,no activated state,nan,nan
n10_4_D20,11.3,1.12,no activated state,nan,nan
n10_4_D20,11.3,1.19,no activated state,nan,nan
n10_4_D20,11.3,1.26,no activated state,nan,nan
n10_4_D20,11.3,1.33,no activated state,nan,nan
n10_4_D20,11.3,1.41,no activated state,nan,nan
n10_4_D20,11.3,1.5,no activated state,nan,nan
n10_4_D20,11.3,1.58,no activated state,nan,nan
n10_4_D20,11.3,1.68,no activated state,nan,nan
n10_4_D20,11.3,1.78,no activated state,nan,nan
n10_4_D20,11.3,1.88,no activated state,nan,nan
n10_4_D20,11.3,2.0,no activated state,nan,nan
n10_4_D20,11.3,2.11,no activated state,nan,nan
n10_4_D20,11.3,2.24,no activated state,nan,nan
n10_4_D20,11.3,2.37,no activated state,nan,nan
n10_4_D20,11.3,2.51,no activated state,nan,nan
n10_4_D20,11.3,2.66,no activated state,nan,nan
n10_4_D20,11.3,2.82,no activated state,nan,nan
n10_4_D20,11.3,2.99,no activated state,nan,nan
n10_4_D20,11.3,3.16,no activated state,nan,nan
n10_4_D20,11.3,3.35,no activated state,nan,nan
n10_4_D20,11.3,3.55,no activated state,nan,nan
n10_4_D20,11.3,3.76,no activated state,nan,nan
n10_4_D20,11.3,3.98,no activated state,nan,nan
n10_4_D20,11.3,4.22,no activated state,nan,nan
n10_4_D20,11.3,4.47,no activated state,nan,nan
n10_4_D20,11.3,4.73,no activated state,nan,nan
n10_4_D20,11.3,5.01,no activated state,nan,nan
n10_4_D20,11.3,5.31,no activated state,nan,nan
n10_4_D20,11.3,5.62,no activated state,nan,nan
n10_4_D20,11.3,5.96,no activated state,nan,nan
n10_4_D20,11.3,6.31,no activated state,nan,nan
n10_4_D20,11.3,6.68,no activated state,nan,nan
n10_4_D20,11.3,7.08,linearly stable,1.1843551502854766e-05,4.737302764614228e-06
n10_4_D20,11.3,7.5,linearly stable,1.4913940926675195e-05,5.965458533669435e-06
n10_4_D20,11.3,7.94,linearly stable,1.8733911096857625e-05,7.493446601798378e-06
n10_4_D20,11.3,8.41,linearly stable,2.3579254893046908e-05,9.431584119151438e-06
n10_4_D20,11.3,8.91,linearly stable,2.9706885448232967e-05,1.1882636340951121e-05
n10_4_D20,11.3,9.44,linearly stable,3.7431313846258973e-05,1.4972407699405128e-05
n10_4_D20,11.3,10.0,linearly stable,4.713554116242413e-05,1.8854098624954025e-05
n10_4_D20,11.3,10.6,linearly stable,5.950782551500389e-05,2.3803012364720537e-05
n10_4_D20,11.3,11.2,linearly stable,7.41695201567083e-05,2.9667690219293584e-05
n10_4_D20,11.3,11.9,linearly stable,9.45246924222154e-05,3.780975912375619e-05
n10_4_D20,11.3,12.6,linearly stable,0.00011880770430239274,4.752296387307371e-05
n10_4_D20,11.3,13.3,linearly stable,0.00014749422200144302,5.8997570949261635e-05
n10_4_D20,11.3,14.1,linearly stable,0.00018631728363471822,7.452679559888763e-05
n10_4_D20,11.3,15.0,linearly stable,0.00023864533103656882,9.545801455397052e-05
n10_4_D20,11.3,15.8,linearly stable,0.0002937839911454354,0.00011751347859192752
n10_4_D20,11.3,16.8,linearly stable,0.0003755385838466463,0.00015021531566329114
n10_4_D20,11.3,17.8,linearly stable,0.0004732804894824749,0.00018931207790751772
n10_4_D20,11.3,18.8,linearly stable,0.0005889725574192983,0.00023558890506998086
n10_4_D20,11.3,20.0,linearly stable,0.0007544310060147996,0.00030177228449067923
n10_4_D20,11.3,21.1,linearly stable,0.0009346919045860602,0.0003738766438997786
n10_4_D20,11.3,22.4,linearly stable,0.0011873686501606695,0.00047494734210305723
n10_4_D20,11.3,23.7,linearly stable,0.0014881687951606715,0.0005952674000711086
n10_4_D20,11.3,25.1,linearly stable,0.0018725661256868698,0.0007490263322402902
n10_4_D20,11.3,26.6,linearly stable,0.0023625185305309326,0.0009450072941263754
n10_4_D20,11.3,28.2,linearly stable,0.0029852476087155466,0.0011940989253334331
n10_4_D20,11.3,29.9,linearly stable,0.0037743317949101574,0.0015097325997274996
n10_4_D20,11.3,31.6,linearly stable,0.004710935012148809,0.0018843738865231688
n10_4_D20,11.3,33.5,linearly stable,0.0059539896455940156,0.0023815957397693086
n10_4_D20,11.3,35.5,linearly stable,0.0075141744378370845,0.0030056696564996236
n10_4_D20,11.3,37.6,linearly stable,0.00946549478673453,0.0037861977958498797
n10_4_D20,11.3,39.8,linearly stable,0.011897422308254635,0.0047589688041971825
n10_4_D20,11.3,42.2,linearly stable,0.015061156252439423,0.006024462381530684
n10_4_D20,11.3,44.7,linearly stable,0.018997428109390757,0.00759897112388678
n10_4_D20,11.3,47.3,linearly stable,0.023876520418096847,0.009550608046840645
n10_4_D20,11.3,50.1,linearly stable,0.030146899921783543,0.012058759847632229
n10_4_D20,11.3,53.1,linearly stable,0.03819651896882381,0.015278607465564928
n10_4_D20,11.3,56.2,linearly stable,0.048168797790356654,0.019267518993073853
n10_4_D20,11.3,59.6,linearly stable,0.06133091375816968,0.02453236537872457
n10_4_D20,11.3,63.1,linearly stable,0.07769445121062812,0.031077780357847033
n10_4_D20,11.3,66.8,linearly stable,0.09861946443221803,0.0394477856440582
n10_4_D20,11.3,70.8,linearly stable,0.12619614908679688,0.05047845950261506
n10_4_D20,11.3,75.0,linearly stable,0.16180968186325195,0.06472387260883064
n10_4_D20,11.3,79.4,linearly stable,0.20810569932387168,0.08324227958715988
n10_4_D20,11.3,84.1,linearly stable,0.2704274171992316,0.10817096672888228
n10_4_D20,11.3,89.1,linearly stable,0.35611096004729115,0.14244438385560954
n10_4_D20,11.3,94.4,linearly stable,0.4782274633700323,0.19129098516485937
n10_4_D20,11.3,100.0,linearly stable,0.664862770977096,0.2659451081719666
n10_4_D20,11.9,1.0,no activated state,nan,nan
n10_4_D20,11.9,1.06,no activated state,nan,nan
n10_4_D20,11.9,1.12,no activated state,nan,nan
n10_4_D20,11.9,1.19,no activated state,nan,nan
n10_4_D20,11.9,1.26,no activated state,nan,nan
n10_4_D20,11.9,1.33,no activated state,nan,nan
n10_4_D20,11.9,1.41,no activated state,nan,nan
n10_4_D20,11.9,1.5,no activated state,nan,nan
n10_4_D20,11.9,1.58,no activated state,nan,nan
n10_4_D20,11.9,1.68,no activated state,nan,nan
n10_4_D20,11.9,1.78,no activated state,nan,nan
n10_4_D20,11.9,1.88,no activated state,nan,nan
n10_4_D20,11.9,2.0,no activated state,nan,nan
n10_4_D20,11.9,2.11,no activated state,nan,nan
n10_4_D20,11.9,2.24,no activated state,nan,nan
n10_4_D20,11.9,2.37,no activated state,nan,nan
n10_4_D20,11.9,2.51,no activated state,nan,nan
n10_4_D20,11.9,2.66,no activated state,nan,nan
n10_4_D20,11.9,2.82,no activated state,nan,nan
n10_4_D20,11.9,2.99,no activated state,nan,nan
n10_4_D20,11.9,3.16,no activated state,nan,nan
n10_4_D20,11.9,3.35,no activated state,nan,nan
n10_4_D20,11.9,3.55,no activated state,nan,nan
n10_4_D20,11.9,3.76,no activated state,nan,nan
n10_4_D20,11.9,3.98,no activated state,nan,nan
n10_4_D20,11.9,4.22,no activated state,nan,nan
n10_4_D20,11.9,4.47,no activated state,nan,nan
n10_4_D20,11.9,4.73,no activated state,nan,nan
n10_4_D20,11.9,5.01,no activated state,nan,nan
n10_4_D20,11.9,5.31,no activated state,nan,nan
n10_4_D20,11.9,5.62,no activated state,nan,nan
n10_4_D20,11.9,5.96,no activated state,nan,nan
n10_4_D20,11.9,6.31,no activated state,nan,nan
n10_4_D20,11.9,6.68,no activated state,nan,nan
n10_4_D20,11.9,7.08,no activated state,nan,nan
n10_4_D20,11.9,7.5,no activated state,nan,nan
n10_4_D20,11.9,7.94,linearly stable,1.1167131562794808e-05,4.466782383711159e-06
n10_4_D20,11.9,8.41,linearly stable,1.4055387714817513e-05,5.622084843945622e-06
n10_4_D20,11.9,8.91,linearly stable,1.7707992808757567e-05,7.083126881130564e-06
n10_4_D20,11.9,9.44,linearly stable,2.2312416544378877e-05,8.924896375405396e-06
n10_4_D20,11.9,10.0,linearly stable,2.809695036631865e-05,1.1238709903620968e-05
n10_4_D20,11.9,10.6,linearly stable,3.547183719088132e-05,1.418866463341306e-05
n10_4_D20,11.9,11.2,linearly stable,4.421135086474237e-05,1.7684470102029365e-05
n10_4_D20,11.9,11.9,linearly stable,5.634453550396046e-05,2.253774395706311e-05
n10_4_D20,11.9,12.6,linearly stable,7.081887188120639e-05,2.832747850701547e-05
n10_4_D20,11.9,13.3,linearly stable,8.791781604622351e-05,3.5167056171771015e-05
n10_4_D20,11.9,14.1,linearly stable,0.00011105845367898048,4.442331122372432e-05
n10_4_D20,11.9,15.0,linearly stable,0.00014224821657693454,5.6899216380861856e-05
n10_4_D20,11.9,15.8,linearly stable,0.00017511251183988108,7.0044934483808e-05
n10_4_D20,11.9,16.8,linearly stable,0.00022383935362468854,8.953567119507785e-05
n10_4_D20,11.9,17.8,linearly stable,0.0002820927372104709,0.0001128370246250817
n10_4_D20,11.9,18.8,linearly stable,0.00035104129828988917,0.00014041644905248726
n10_4_D20,11.9,20.0,linearly stable,0.0004496433368195163,0.00017985726445843238
n10_4_D20,11.9,21.1,linearly stable,0.0005570591268688752,0.00022282358047156684
n10_4_D20,11.9,22.4,linearly stable,0.00070761366590677,0.0002830453960768799
n10_4_D20,11.9,23.7,linearly stable,0.0008868219180990788,0.00035472869694250356
n10_4_D20,11.9,25.1,linearly stable,0.0011158032709290833,0.00044632123806036624
n10_4_D20,11.9,26.6,linearly stable,0.0014076109929372915,0.0005630443268449
n10_4_D20,11.9,28.2,linearly stable,0.0017784147723642896,0.0007113658385923155
n10_4_D20,11.9,29.9,linearly stable,0.002248140183644942,0.000899256003074971
n10_4_D20,11.9,31.6,linearly stable,0.0028054854155568076,0.0011221940958037518
n10_4_D20,11.9,33.5,linearly stable,0.0035448634635304455,0.001417945314946582
n10_4_D20,11.9,35.5,linearly stable,0.00447234370691274,0.001788937412240937
n10_4_D20,11.9,37.6,linearly stable,0.00563151147895069,0.002252604520982221
n10_4_D20,11.9,39.8,linearly stable,0.007074886935763969,0.002829954703615783
n10_4_D20,11.9,42.2,linearly stable,0.008950444745774444,0.003580177827500322
n10_4_D20,11.9,44.7,linearly stable,0.011280579157533221,0.004512231592055306
n10_4_D20,11.9,47.3,linearly stable,0.01416356882123826,0.0056654274573529236
n10_4_D20,11.9,50.1,linearly stable,0.017860063866323994,0.007144025475149666
n10_4_D20,11.9,53.1,linearly stable,0.02259121696269628,0.009036486713393115
n10_4_D20,11.9,56.2,linearly stable,0.02843007055465696,0.011372028149798513
n10_4_D20,11.9,59.6,linearly stable,0.03609842600341917,0.014439370328802686
n10_4_D20,11.9,63.1,linearly stable,0.0455707295961405,0.0182282917652674
n10_4_D20,11.9,66.8,linearly stable,0.05758328154775616,0.0230333125451142
n10_4_D20,11.9,70.8,linearly stable,0.07323955433249374,0.02929582165795247
n10_4_D20,11.9,75.0,linearly stable,0.0931577937528838,0.0372631174247394
n10_4_D20,11.9,79.4,linearly stable,0.11852892935294568,0.04741157166298041
n10_4_D20,11.9,84.1,linearly stable,0.15171605606778105,0.06068642234651077
n10_4_D20,11.9,89.1,linearly stable,0.19544359310311177,0.07817743715734925
n10_4_D20,11.9,94.4,linearly stable,0.253712762207543,0.10148510479449815
n10_4_D20,11.9,100.0,linearly stable,0.33276624766083174,0.13310649896908178
n10_4_D20,12.5,1.0,no activated state,nan,nan
n10_4_D20,12.5,1.06,no activated state,nan,nan
n10_4_D20,12.5,1.12,no activated state,nan,nan
n10_4_D20,12.5,1.19,no activated state,nan,nan
n10_4_D20,12.5,1.26,no activated state,nan,nan
n10_4_D20,12.5,1.33,no activated state,nan,nan
n10_4_D20,12.5,1.41,no activated state,nan,nan
n10_4_D20,12.5,1.5,no activated state,nan,nan
n10_4_D20,12.5,1.58,no activated state,nan,nan
n10_4_D20,12.5,1.68,no activated state,nan,nan
n10_4_D20,12.5,1.78,no activated state,nan,nan
n10_4_D20,12.5,1.88,no activated state,nan,nan
n10_4_D20,12.5,2.0,no activated state,nan,nan
n10_4_D20,12.5,2.11,no activated state,nan,nan
n10_4_D20,12.5,2.24,no activated state,nan,nan
n10_4_D20,12.5,2.37,no activated state,nan,nan
n10_4_D20,12.5,2.51,no activated state,nan,nan
n10_4_D20,12.5,2.66,no activated state,nan,nan
n10_4_D20,12.5,2.82,no activated state,nan,nan
n10_4_D20,12.5,2.99,no activated state,nan,nan
n10_4_D20,12.5,3.16,no activated state,nan,nan
n10_4_D20,12.5,3.35,no activated state,nan,nan
n10_4_D20,12.5,3.55,no activated state,nan,nan
n10_4_D20,12.5,3.76,no activated state,nan,nan
n10_4_D20,12.5,3.98,no activated state,nan,nan
n10_4_D20,12.5,4.22,no activated state,nan,nan
n10_4_D20,12.5,4.47,no activated state,nan,nan
n10_4_D20,12.5,4.73,no activated state,nan,nan
n10_4_D20,12.5,5.01,no activated state,nan,nan
n10_4_D20,12.5,5.31,no activated state,nan,nan
n10_4_D20,12.5,5.62,no activated state,nan,nan
n10_4_D20,12.5,5.96,no activated state,nan,nan
n10_4_D20,12.5,6.31,no activated state,nan,nan
n10_4_D20,12.5,6.68,no activated state,nan,nan
n10_4_D20,12.5,7.08,no activated state,nan,nan
n10_4_D20,12.5,7.5,no activated state,nan,nan
n10_4_D20,12.5,7.94,no activated state,nan,nan
n10_4_D20,12.5,8.41,no activated state,nan,nan
n10_4_D20,12.5,8.91,linearly stable,1.0827727732198866e-05,4.33104814282583e-06
n10_4_D20,12.5,9.44,linearly stable,1.3643136063112848e-05,5.457211475069138e-06
n10_4_D20,12.5,10.0,linearly stable,1.7180124137761155e-05,6.872006704361303e-06
n10_4_D20,12.5,10.6,linearly stable,2.1689531612967272e-05,8.675769694527987e-06
n10_4_D20,12.5,11.2,linearly stable,2.7033329537129447e-05,1.0813288864126952e-05
n10_4_D20,12.5,11.9,linearly stable,3.445216614550439e-05,1.3780823506913193e-05
n10_4_D20,12.5,12.6,linearly stable,4.330245439776448e-05,1.732093880773543e-05
n10_4_D20,12.5,13.3,linearly stable,5.375748683755788e-05,2.1502951783546828e-05
n10_4_D20,12.5,14.1,linearly stable,6.7906560800024e-05,2.7162581367862893e-05
n10_4_D20,12.5,15.0,linearly stable,8.697697755355449e-05,3.4790748068337944e-05
n10_4_D20,12.5,15.8,linearly stable,0.00010707100676188297,4.28283597510166e-05
n10_4_D20,12.5,16.8,linearly stable,0.0001368633102716288,5.4745281153320194e-05
n10_4_D20,12.5,17.8,linearly stable,0.00017247954029575574,6.899177316164224e-05
n10_4_D20,12.5,18.8,linearly stable,0.00021463378019781487,8.585346912121385e-05
n10_4_D20,12.5,20.0,linearly stable,0.00027491580160132756,0.00010996627768020085
n10_4_D20,12.5,21.1,linearly stable,0.0003405836290759634,0.00013623340866791996
n10_4_D20,12.5,22.4,linearly stable,0.00043261938727612304,0.00017304771194400745
n10_4_D20,12.5,23.7,linearly stable,0.0005421644726111285,0.00021686574607389776
n10_4_D20,12.5,25.1,linearly stable,0.0006821233765375023,0.0002728493076388762
n10_4_D20,12.5,26.6,linearly stable,0.0008604651965815613,0.00034418603565005345
n10_4_D20,12.5,28.2,linearly stable,0.0010870571905108317,0.0004348228332129292
n10_4_D20,12.5,29.9,linearly stable,0.0013740515673932308,0.0005496205839542415
n10_4_D20,12.5,31.6,linearly stable,0.00171451205783546,0.0006858047801181966
n10_4_D20,12.5,33.5,linearly stable,0.0021660551306512676,0.0008664220092271987
n10_4_D20,12.5,35.5,linearly stable,0.0027322892413172983,0.0010929156534718256
n10_4_D20,12.5,37.6,linearly stable,0.0034396819849469296,0.001375872750895922
n10_4_D20,12.5,39.8,linearly stable,0.00432006662793194,0.0017280266080555344
n10_4_D20,12.5,42.2,linearly stable,0.0054633161539563435,0.0021853264184209767
n10_4_D20,12.5,44.7,linearly stable,0.006882480317389472,0.0027529920837394833
n10_4_D20,12.5,47.3,linearly stable,0.008636556843490961,0.0034546226941113522
n10_4_D20,12.5,50.1,linearly stable,0.010882663168630957,0.00435306522407978
n10_4_D20,12.5,53.1,linearly stable,0.01375264857280123,0.005501059385635176
n10_4_D20,12.5,56.2,linearly stable,0.017287102722786107,0.006914841045490705
n10_4_D20,12.5,59.6,linearly stable,0.021916399184276347,0.008766559629904276
n10_4_D20,12.5,63.1,linearly stable,0.027614810417546654,0.011045924122987
n10_4_D20,12.5,66.8,linearly stable,0.03480949119498922,0.013923796433676515
n10_4_D20,12.5,70.8,linearly stable,0.04413237677208581,0.017652950664140517
n10_4_D20,12.5,75.0,linearly stable,0.055903401624958216,0.022361360604810702
n10_4_D20,12.5,79.4,linearly stable,0.0707488497904607,0.028299539870400212
n10_4_D20,12.5,84.1,linearly stable,0.08991170143445859,0.035964680527196695
n10_4_D20,12.5,89.1,linearly stable,0.1147050417688511,0.04588201665989193
n10_4_D20,12.5,94.4,linearly stable,0.1469078882868513,0.05876315526567187
n10_4_D20,12.5,100.0,linearly stable,0.18899598859810962,0.07559839538824713
n10_4_D20,13.2,1.0,no activated state,nan,nan
n10_4_D20,13.2,1.06,no activated state,nan,nan
n10_4_D20,13.2,1.12,no activated state,nan,nan
n10_4_D20,13.2,1.19,no activated state,nan,nan
n10_4_D20,13.2,1.26,no activated state,nan,nan
n10_4_D20,13.2,1.33,no activated state,nan,nan
n10_4_D20,13.2,1.41,no activated state,nan,nan
n10_4_D20,13.2,1.5,no activated state,nan,nan
n10_4_D20,13.2,1.58,no activated state,nan,nan
n10_4_D20,13.2,1.68,no activated state,nan,nan
n10_4_D20,13.2,1.78,no activated state,nan,nan
n10_4_D20,13.2,1.88,no activated state,nan,nan
n10_4_D20,13.2,2.0,no activated state,nan,nan
n10_4_D20,13.2,2.11,no activated state,nan,nan
n10_4_D20,13.2,2.24,no activated state,nan,nan
n10_4_D20,13.2,2.37,no activated state,nan,nan
n10_4_D20,13.2,2.51,no activated state,nan,nan
n10_4_D20,13.2,2.66,no activated state,nan,nan
n10_4_D20,13.2,2.82,no activated state,nan,nan
n10_4_D20,13.2,2.99,no activated state,nan,nan
n10_4_D20,13.2,3.16,no activated state,nan,nan
n10_4_D20,13.2,3.35,no activated state,nan,nan
n10_4_D20,13.2,3.55,no activated state,nan,nan
n10_4_D20,13.2,3.76,no activated state,nan,nan
n10_4_D20,13.2,3.98,no activated state,nan,nan
n10_4_D20,13.2,4.22,no activated state,nan,nan
n10_4_D20,13.2,4.47,no activated state,nan,nan
n10_4_D20,13.2,4.73,no activated state,nan,nan
n10_4_D20,13.2,5.01,no activated state,nan,nan
n10_4_D20,13.2,5.31,no activated state,nan,nan
n10_4_D20,13.2,5.62,no activated state,nan,nan
n10_4_D20,13.2,5.96,no activated state,nan,nan
n10_4_D20,13.2,6.31,no activated state,nan,nan
n10_4_D20,13.2,6.68,no activated state,nan,nan
n10_4_D20,13.2,7.08,no activated state,nan,nan
n10_4_D20,13.2,7.5,no activated state,nan,nan
n10_4_D20,13.2,7.94,no activated state,nan,nan
n10_4_D20,13.2,8.41,no activated state,nan,nan
n10_4_D20,13.2,8.91,no activated state,nan,nan
n10_4_D20,13.2,9.44,no activated state,nan,nan
n10_4_D20,13.2,10.0,no activated state,nan,nan
n10_4_D20,13.2,10.6,linearly stable,1.2577925352363906e-05,5.0311452336346285e-06
n10_4_D20,13.2,11.2,linearly stable,1.5676817062271198e-05,6.270701917976043e-06
n10_4_D20,13.2,11.9,linearly stable,1.9979021218530235e-05,7.991583580056446e-06
n10_4_D20,13.2,12.6,linearly stable,2.511131065974226e-05,1.0044499355961257e-05
n10_4_D20,13.2,13.3,linearly stable,3.117416798703587e-05,1.2469642287317294e-05
n10_4_D20,13.2,14.1,linearly stable,3.937915194041075e-05,1.5751635868613045e-05
n10_4_D20,13.2,15.0,linearly stable,5.043792313585982e-05,2.0175144346158963e-05
n10_4_D20,13.2,15.8,linearly stable,6.209018255320942e-05,2.4836048112777716e-05
n10_4_D20,13.2,16.8,linearly stable,7.936616078008107e-05,3.174643940340673e-05
n10_4_D20,13.2,17.8,linearly stable,0.00010001903709810911,4.00075899298994e-05
n10_4_D20,13.2,18.8,linearly stable,0.00012446272689481397,4.978506584842211e-05
n10_4_D20,13.2,20.0,linearly stable,0.00015941729664570303,6.376689374796569e-05
n10_4_D20,13.2,21.1,linearly stable,0.00019749382191958098,7.899750385651408e-05
n10_4_D20,13.2,22.4,linearly stable,0.0002508576361048842,0.00010034302952906322
n10_4_D20,13.2,23.7,linearly stable,0.00031437094932251775,0.0001257483548147887
n10_4_D20,13.2,25.1,linearly stable,0.00039551368171242274,0.00015820544776930473
n10_4_D20,13.2,26.6,linearly stable,0.0004989024186008439,0.000199560942522224
n10_4_D20,13.2,28.2,linearly stable,0.0006302516749567832,0.0002521006450620578
n10_4_D20,13.2,29.9,linearly stable,0.0007965965909551009,0.0003186386114573216
n10_4_D20,13.2,31.6,linearly stable,0.000993904971064996,0.00039756196349632135
n10_4_D20,13.2,33.5,linearly stable,0.0012555458466601,0.000502218313728762
n10_4_D20,13.2,35.5,linearly stable,0.00158357266155984,0.0006334290396814355
n10_4_D20,13.2,37.6,linearly stable,0.001993264531596761,0.0007973057876872664
n10_4_D20,13.2,39.8,linearly stable,0.0025029752309402298,0.0010011900674127704
n10_4_D20,13.2,42.2,linearly stable,0.00316459235270683,0.001265836916105028
n10_4_D20,13.2,44.7,linearly stable,0.003985440868364831,0.0015941763223492843
n10_4_D20,13.2,47.3,linearly stable,0.004999321877684482,0.0019997287260546752
n10_4_D20,13.2,50.1,linearly stable,0.006296501002422961,0.002518600375920738
n10_4_D20,13.2,53.1,linearly stable,0.00795218068682324,0.0031808722496437032
n10_4_D20,13.2,56.2,linearly stable,0.009988401087919208,0.003995360410035777
n10_4_D20,13.2,59.6,linearly stable,0.012650698781971892,0.005060279487596323
n10_4_D20,13.2,63.1,linearly stable,0.015920546328459517,0.006368218506116619
n10_4_D20,13.2,66.8,linearly stable,0.020037427268345676,0.008014970881977985
n10_4_D20,13.2,70.8,linearly stable,0.02535280314161059,0.010141121231161423
n10_4_D20,13.2,75.0,linearly stable,0.032032636700437545,0.012813054654537968
n10_4_D20,13.2,79.4,linearly stable,0.04040682117001149,0.01616272844217318
n10_4_D20,13.2,84.1,linearly stable,0.05113242661031747,0.020452970618043787
n10_4_D20,13.2,89.1,linearly stable,0.06486688384037875,0.025946753509742355
n10_4_D20,13.2,94.4,linearly stable,0.08246109233408405,0.0329844369067996
n10_4_D20,13.2,100.0,linearly stable,0.10502869653361446,0.042011478586056326
n10_4_D20,13.9,1.0,no activated state,nan,nan
n10_4_D20,13.9,1.06,no activated state,nan,nan
n10_4_D20,13.9,1.12,no activated state,nan,nan
n10_4_D20,13.9,1.19,no activated state,nan,nan
n10_4_D20,13.9,1.26,no activated state,nan,nan
n10_4_D20,13.9,1.33,no activated state,nan,nan
n10_4_D20,13.9,1.41,no activated state,nan,nan
n10_4_D20,13.9,1.5,no activated state,nan,nan
n10_4_D20,13.9,1.58,no activated state,nan,nan
n10_4_D20,13.9,1.68,no activated state,nan,nan
n10_4_D20,13.9,1.78,no activated state,nan,nan
n10_4_D20,13.9,1.88,no activated state,nan,nan
n10_4_D20,13.9,2.0,no activated state,nan,nan
n10_4_D20,13.9,2.11,no activated state,nan,nan
n10_4_D20,13.9,2.24,no activated state,nan,nan
n10_4_D20,13.9,2.37,no activated state,nan,nan
n10_4_D20,13.9,2.51,no activated state,nan,nan
n10_4_D20,13.9,2.66,no activated state,nan,nan
n10_4_D20,13.9,2.82,no activated state,nan,nan
n10_4_D20,13.9,2.99,no activated state,nan,nan
n10_4_D20,13.9,3.16,no activated state,nan,nan
n10_4_D20,13.9,3.35,no activated state,nan,nan
n10_4_D20,13.9,3.55,no activated state,nan,nan
n10_4_D20,13.9,3.76,no activated state,nan,nan
n10_4_D20,13.9,3.98,no activated state,nan,nan
n10_4_D20,13.9,4.22,no activated state,nan,nan
n10_4_D20,13.9,4.47,no activated state,nan,nan
n10_4_D20,13.9,4.73,no activated state,nan,nan
n10_4_D20,13.9,5.01,no activated state,nan,nan
n10_4_D20,13.9,5.31,no activated state,nan,nan
n10_4_D20,13.9,5.62,no activated state,nan,nan
n10_4_D20,13.9,5.96,no activated state,nan,nan
n10_4_D20,13.9,6.31,no activated state,nan,nan
n10_4_D20,13.9,6.68,no activated state,nan,nan
n10_4_D20,13.9,7.08,no activated state,nan,nan
n10_4_D20,13.9,7.5,no activated state,nan,nan
n10_4_D20,13.9,7.94,no activated state,nan,nan
n10_4_D20,13.9,8.41,no activated state,nan,nan
n10_4_D20,13.9,8.91,no activated state,nan,nan
n10_4_D20,13.9,9.44,no activated state,nan,nan
n10_4_D20,13.9,10.0,no activated state,nan,nan
n10_4_D20,13.9,10.6,no activated state,nan,nan
n10_4_D20,13.9,11.2,no activated state,nan,nan
n10_4_D20,13.9,11.9,linearly stable,1.1916912950882264e-05,4.766750323781644e-06
n10_4_D20,13.9,12.6,linearly stable,1.4978160843837074e-05,5.991249481047185e-06
n10_4_D20,13.9,13.3,linearly stable,1.8594454803677607e-05,7.4377670648373295e-06
n10_4_D20,13.9,14.1,linearly stable,2.3488442387753494e-05,9.39536209839065e-06
n10_4_D20,13.9,15.0,linearly stable,3.0084589175416454e-05,1.2033820813694718e-05
n10_4_D20,13.9,15.8,linearly stable,3.703469782401214e-05,1.481386427299496e-05
n10_4_D20,13.9,16.8,linearly stable,4.733907061016396e-05,1.8935613387142135e-05
n10_4_D20,13.9,17.8,linearly stable,5.965752257308665e-05,2.3862994172389472e-05
n10_4_D20,13.9,18.8,linearly stable,7.423688062058176e-05,2.9694737390796695e-05
n10_4_D20,13.9,20.0,linearly stable,9.508516840450731e-05,3.803405250420842e-05
n10_4_D20,13.9,21.1,linearly stable,0.00011779517922971827,4.711805683382649e-05
n10_4_D20,13.9,22.4,linearly stable,0.0001496224120234313,5.9848949950727123e-05
n10_4_D20,13.9,23.7,linearly stable,0.00018750211295603947,7.500083032366603e-05
n10_4_D20,13.9,25.1,linearly stable,0.0002358946866909406,9.435785981713229e-05
n10_4_D20,13.9,26.6,linearly stable,0.0002975522197523617,0.00011902087304046106
n10_4_D20,13.9,28.2,linearly stable,0.0003758807453113633,0.0001503522832631265
n10_4_D20,13.9,29.9,linearly stable,0.00047507254255618747,0.00019002900215976193
n10_4_D20,13.9,31.6,linearly stable,0.0005927192728572006,0.00023708769427863141
n10_4_D20,13.9,33.5,linearly stable,0.0007487103147096885,0.00029948411101752377
n10_4_D20,13.9,35.5,linearly stable,0.0009442575413720622,0.00037770300167964157
n10_4_D20,13.9,37.6,linearly stable,0.0011884514851778771,0.0004753805791992973
n10_4_D20,13.9,39.8,linearly stable,0.0014922044524001699,0.0005968817660836188
n10_4_D20,13.9,42.2,linearly stable,0.0018863898697696335,0.0007545559330262325
n10_4_D20,13.9,44.7,linearly stable,0.0023752970529633544,0.0009501188062969739
n10_4_D20,13.9,47.3,linearly stable,0.0029789520728795704,0.0011915808142556464
n10_4_D20,13.9,50.1,linearly stable,0.003750917759290928,0.0015003670888097667
n10_4_D20,13.9,53.1,linearly stable,0.004735639588788754,0.001894255820596118
n10_4_D20,13.9,56.2,linearly stable,0.005945778668098312,0.002378311452303244
n10_4_D20,13.9,59.6,linearly stable,0.007526481374803273,0.0030105925349638747
n10_4_D20,13.9,63.1,linearly stable,0.009465549044478383,0.0037862196028079116
n10_4_D20,13.9,66.8,linearly stable,0.011903210676635911,0.004761284255638084
n10_4_D20,13.9,70.8,linearly stable,0.015044380797912815,0.00601775230410613
n10_4_D20,13.9,75.0,linearly stable,0.018982038454997685,0.007592815366886601
n10_4_D20,13.9,79.4,linearly stable,0.023902903229220396,0.00956116127650854
n10_4_D20,13.9,84.1,linearly stable,0.03018000997207615,0.012072003973564206
n10_4_D20,13.9,89.1,linearly stable,0.03817582539800135,0.015270330143823918
n10_4_D20,13.9,94.4,linearly stable,0.04834863216139906,0.01933945284904095
n10_4_D20,13.9,100.0,linearly stable,0.06128013773103902,0.024512055076714223
n10_4_D20,14.6,1.0,no activated state,nan,nan
n10_4_D20,14.6,1.06,no activated state,nan,nan
n10_4_D20,14.6,1.12,no activated state,nan,nan
n10_4_D20,14.6,1.19,no activated state,nan,nan
n10_4_D20,14.6,1.26,no activated state,nan,nan
n10_4_D20,14.6,1.33,no activated state,nan,nan
n10_4_D20,14.6,1.41,no activated state,nan,nan
n10_4_D20,14.6,1.5,no activated state,nan,nan
n10_4_D20,14.6,1.58,no activated state,nan,nan
n10_4_D20,14.6,1.68,no activated state,nan,nan
n10_4_D20,14.6,1.78,no activated state,nan,nan
n10_4_D20,14.6,1.88,no activated state,nan,nan
n10_4_D20,14.6,2.0,no activated state,nan,nan
n10_4_D20,14.6,2.11,no activated state,nan,nan
n10_4_D20,14.6,2.24,no activated state,nan,nan
n10_4_D20,14.6,2.37,no activated state,nan,nan
n10_4_D20,14.6,2.51,no activated state,nan,nan
n10_4_D20,14.6,2.66,no activated state,nan,nan
n10_4_D20,14.6,2.82,no activated state,nan,nan
n10_4_D20,14.6,2.99,no activated state,nan,nan
n10_4_D20,14.6,3.16,no activated state,nan,nan
n10_4_D20,14.6,3.35,no activated state,nan,nan
n10_4_D20,14.6,3.55,no activated state,nan,nan
n10_4_D20,14.6,3.76,no activated state,nan,nan
n10_4_D20,14.6,3.98,no activated state,nan,nan
n10_4_D20,14.6,4.22,no activated state,nan,nan
n10_4_D20,14.6,4.47,no activated state,nan,nan
n10_4_D20,14.6,4.73,no activated state,nan,nan
n10_4_D20,14.6,5.01,no activated state,nan,nan
n10_4_D20,14.6,5.31,no activated state,nan,nan
n10_4_D20,14.6,5.62,no activated state,nan,nan
n10_4_D20,14.6,5.96,no activated state,nan,nan
n10_4_D20,14.6,6.31,no activated state,nan,nan
n10_4_D20,14.6,6.68,no activated state,nan,nan
n10_4_D20,14.6,7.08,no activated state,nan,nan
n10_4_D20,14.6,7.5,no activated state,nan,nan
n10_4_D20,14.6,7.94,no activated state,nan,nan
n10_4_D20,14.6,8.41,no activated state,nan,nan
n10_4_D20,14.6,8.91,no activated state,nan,nan
n10_4_D20,14.6,9.44,no activated state,nan,nan
n10_4_D20,14.6,10.0,no activated state,nan,nan
n10_4_D20,14.6,10.6,no activated state,nan,nan
n10_4_D20,14.6,11.2,no activated state,nan,nan
n10_4_D20,14.6,11.9,no activated state,nan,nan
n10_4_D20,14.6,12.6,no activated state,nan,nan
n10_4_D20,14.6,13.3,linearly stable,1.13763076059481e-05,4.550513952826547e-06
n10_4_D20,14.6,14.1,linearly stable,1.4370493502946502e-05,5.748188311890921e-06
n10_4_D20,14.6,15.0,linearly stable,1.8406066807363786e-05,7.36241763362616e-06
n10_4_D20,14.6,15.8,linearly stable,2.2658185518942275e-05,9.063265117886474e-06
n10_4_D20,14.6,16.8,linearly stable,2.8962442299995672e-05,1.1584967830534836e-05
n10_4_D20,14.6,17.8,linearly stable,3.649888774326371e-05,1.459954600744547e-05
n10_4_D20,14.6,18.8,linearly stable,4.541851199135749e-05,1.8167395706560252e-05
n10_4_D20,14.6,20.0,linearly stable,5.817336812596885e-05,2.3269338160615802e-05
n10_4_D20,14.6,21.1,linearly stable,7.206709765950059e-05,2.8826829973797854e-05
n10_4_D20,14.6,22.4,linearly stable,9.153843504194903e-05,3.6615364926643544e-05
n10_4_D20,14.6,23.7,linearly stable,0.00011471225165204935,4.588489157062469e-05
n10_4_D20,14.6,25.1,linearly stable,0.00014431707478279598,5.772682082238729e-05
n10_4_D20,14.6,26.6,linearly stable,0.00018203611344969062,7.281443628900575e-05
n10_4_D20,14.6,28.2,linearly stable,0.00022995234094325134,9.198092728614132e-05
n10_4_D20,14.6,29.9,linearly stable,0.0002906292507831587,0.00011625169122162668
n10_4_D20,14.6,31.6,linearly stable,0.0003625922521222069,0.0001450368917563239
n10_4_D20,14.6,33.5,linearly stable,0.0004580049073121817,0.00018320195383166268
n10_4_D20,14.6,35.5,linearly stable,0.0005776041207083971,0.0002310416391891915
n10_4_D20,14.6,37.6,linearly stable,0.0007269435334589236,0.00029077740428822506
n10_4_D20,14.6,39.8,linearly stable,0.0009126871173270601,0.0003650748378340665
n10_4_D20,14.6,42.2,linearly stable,0.0011536970278402947,0.0004614788020371846
n10_4_D20,14.6,44.7,linearly stable,0.0014525696592926352,0.0005810278546158252
n10_4_D20,14.6,47.3,linearly stable,0.0018215100220331237,0.0007286039997092645
n10_4_D20,14.6,50.1,linearly stable,0.002293191640434511,0.0009172766470659021
n10_4_D20,14.6,53.1,linearly stable,0.0028946640792537615,0.0011578656225883783
n10_4_D20,14.6,56.2,linearly stable,0.0036335056422176493,0.0014534022477680423
n10_4_D20,14.6,59.6,linearly stable,0.004598065491817627,0.0018392261875996366
n10_4_D20,14.6,63.1,linearly stable,0.0057804871924438395,0.002312194867840956
n10_4_D20,14.6,66.8,linearly stable,0.007265668337552711,0.0029062673258719086
n10_4_D20,14.6,70.8,linearly stable,0.009177369382735723,0.003670947743929712
n10_4_D20,14.6,75.0,linearly stable,0.011570454696221422,0.004628181869303954
n10_4_D20,14.6,79.4,linearly stable,0.014555813841250487,0.005822325527290939
n10_4_D20,14.6,84.1,linearly stable,0.018355444470119497,0.007342177778806949
n10_4_D20,14.6,89.1,linearly stable,0.023181518869962447,0.009272607538703567
n10_4_D20,14.6,94.4,linearly stable,0.02929887265700204,0.011719549053468548
n10_4_D20,14.6,100.0,linearly stable,0.03703813281586976,0.014815253116950243
n10_4_D20,15.4,1.0,no activated state,nan,nan
n10_4_D20,15.4,1.06,no activated state,nan,nan
n10_4_D20,15.4,1.12,no activated state,nan,nan
n10_4_D20,15.4,1.19,no activated state,nan,nan
n10_4_D20,15.4,1.26,no activated state,nan,nan
n10_4_D20,15.4,1.33,no activated state,nan,nan
n10_4_D20,15.4,1.41,no activated state,nan,nan
n10_4_D20,15.4,1.5,no activated state,nan,nan
n10_4_D20,15.4,1.58,no activated state,nan,nan
n10_4_D20,15.4,1.68,no activated state,nan,nan
n10_4_D20,15.4,1.78,no activated state,nan,nan
n10_4_D20,15.4,1.88,no activated state,nan,nan
n10_4_D20,15.4,2.0,no activated state,nan,nan
n10_4_D20,15.4,2.11,no activated state,nan,nan
n10_4_D20,15.4,2.24,no activated state,nan,nan
n10_4_D20,15.4,2.37,no activated state,nan,nan
n10_4_D20,15.4,2.51,no activated state,nan,nan
n10_4_D20,15.4,2.66,no activated state,nan,nan
n10_4_D20,15.4,2.82,no activated state,nan,nan
n10_4_D20,15.4,2.99,no activated state,nan,nan
n10_4_D20,15.4,3.16,no activated state,nan,nan
n10_4_D20,15.4,3.35,no activated state,nan,nan
n10_4_D20,15.4,3.55,no activated state,nan,nan
n10_4_D20,15.4,3.76,no activated state,nan,nan
n10_4_D20,15.4,3.98,no activated state,nan,nan
n10_4_D20,15.4,4.22,no activated state,nan,nan
n10_4_D20,15.4,4.47,no activated state,nan,nan
n10_4_D20,15.4,4.73,no activated state,nan,nan
n10_4_D20,15.4,5.01,no activated state,nan,nan
n10_4_D20,15.4,5.31,no activated state,nan,nan
n10_4_D20,15.4,5.62,no activated state,nan,nan
n10_4_D20,15.4,5.96,no activated state,nan,nan
n10_4_D20,15.4,6.31,no activated state,nan,nan
n10_4_D20,15.4,6.68,no activated state,nan,nan
n10_4_D20,15.4,7.08,no activated state,nan,nan
n10_4_D20,15.4,7.5,no activated state,nan,nan
n10_4_D20,15.4,7.94,no activated state,nan,nan
n10_4_D20,15.4,8.41,no activated state,nan,nan
n10_4_D20,15.4,8.91,no activated state,nan,nan
n10_4_D20,15.4,9.44,no activated state,nan,nan
n10_4_D20,15.4,10.0,no activated state,nan,nan
n10_4_D20,15.4,10.6,no activated state,nan,nan
n10_4_D20,15.4,11.2,no activated state,nan,nan
n10_4_D20,15.4,11.9,no activated state,nan,nan
n10_4_D20,15.4,12.6,no activated state,nan,nan
n10_4_D20,15.4,13.3,no activated state,nan,nan
n10_4_D20,15.4,14.1,no activated state,nan,nan
n10_4_D20,15.4,15.0,linearly stable,1.0796442871940926e-05,4.31857181735191e-06
n10_4_D20,15.4,15.8,linearly stable,1.329059559962431e-05,5.3162329081577594e-06
n10_4_D20,15.4,16.8,linearly stable,1.6988456830180354e-05,6.7953774006861335e-06
n10_4_D20,15.4,17.8,linearly stable,2.1409065104061042e-05,8.56362071001135e-06
n10_4_D20,15.4,18.8,linearly stable,2.6640978598724274e-05,1.0656386107768817e-05
n10_4_D20,15.4,20.0,linearly stable,3.41224602262713e-05,1.3648978758476897e-05
n10_4_D20,15.4,21.1,linearly stable,4.2271913931468674e-05,1.6908760240560386e-05
n10_4_D20,15.4,22.4,linearly stable,5.3692869527166565e-05,2.1477142478821175e-05
n10_4_D20,15.4,23.7,linearly stable,6.728540258738036e-05,2.6914155702988937e-05
n10_4_D20,15.4,25.1,linearly stable,8.464983387801439e-05,3.3859928219251525e-05
n10_4_D20,15.4,26.6,linearly stable,0.000106773274229921,4.27093043600261e-05
n10_4_D20,15.4,28.2,linearly stable,0.00013487719916716046,5.395087433452176e-05
n10_4_D20,15.4,29.9,linearly stable,0.00017046474683146684,6.81858934001397e-05
n10_4_D20,15.4,31.6,linearly stable,0.00021267052995765923,8.506820665036379e-05
n10_4_D20,15.4,33.5,linearly stable,0.00026862742959377073,0.00010745096650447363
n10_4_D20,15.4,35.5,linearly stable,0.00033876596157944583,0.00013550637929826107
n10_4_D20,15.4,37.6,linearly stable,0.0004263406551696658,0.0001705362567340385
n10_4_D20,15.4,39.8,linearly stable,0.0005352557061288898,0.00021410227711758355
n10_4_D20,15.4,42.2,linearly stable,0.0006765649668727391,0.0002706259814143243
n10_4_D20,15.4,44.7,linearly stable,0.0008517807939911748,0.000340712312260393
n10_4_D20,15.4,47.3,linearly stable,0.0010680443278865415,0.00042721772581747267
n10_4_D20,15.4,50.1,linearly stable,0.0013444840446441564,0.0005377936125195321
n10_4_D20,15.4,53.1,linearly stable,0.0016969122041132767,0.0006787648763060805
n10_4_D20,15.4,56.2,linearly stable,0.002129710388190098,0.0008518841499343732
n10_4_D20,15.4,59.6,linearly stable,0.0026945298804403883,0.001077811946831503
n10_4_D20,15.4,63.1,linearly stable,0.0033866142502547714,0.0013546456947539124
n10_4_D20,15.4,66.8,linearly stable,0.00425542436523263,0.0017021697407406903
n10_4_D20,15.4,70.8,linearly stable,0.005372950519185737,0.0021491802023169073
n10_4_D20,15.4,75.0,linearly stable,0.006770621694759393,0.00270824867253957
n10_4_D20,15.4,79.4,linearly stable,0.008512242388530877,0.00340489695003973
n10_4_D20,15.4,84.1,linearly stable,0.010725735224826893,0.004290294084547872
n10_4_D20,15.4,89.1,linearly stable,0.013532063625874002,0.005412825444952846
n10_4_D20,15.4,94.4,linearly stable,0.01708098899266486,0.006832395591651937
n10_4_D20,15.4,100.0,linearly stable,0.021557529325165747,0.008623011724630557
n10_4_D20,16.2,1.0,no activated state,nan,nan
n10_4_D20,16.2,1.06,no activated state,nan,nan
n10_4_D20,16.2,1.12,no activated state,nan,nan
n10_4_D20,16.2,1.19,no activated state,nan,nan
n10_4_D20,16.2,1.26,no activated state,nan,nan
n10_4_D20,16.2,1.33,no activated state,nan,nan
n10_4_D20,16.2,1.41,no activated state,nan,nan
n10_4_D20,16.2,1.5,no activated state,nan,nan
n10_4_D20,16.2,1.58,no activated state,nan,nan
n10_4_D20,16.2,1.68,no activated state,nan,nan
n10_4_D20,16.2,1.78,no activated state,nan,nan
n10_4_D20,16.2,1.88,no activated state,nan,nan
n10_4_D20,16.2,2.0,no activated state,nan,nan
n10_4_D20,16.2,2.11,no activated state,nan,nan
n10_4_D20,16.2,2.24,no activated state,nan,nan
n10_4_D20,16.2,2.37,no activated state,nan,nan
n10_4_D20,16.2,2.51,no activated state,nan,nan
n10_4_D20,16.2,2.66,no activated state,nan,nan
n10_4_D20,16.2,2.82,no activated state,nan,nan
n10_4_D20,16.2,2.99,no activated state,nan,nan
n10_4_D20,16.2,3.16,no activated state,nan,nan
n10_4_D20,16.2,3.35,no activated state,nan,nan
n10_4_D20,16.2,3.55,no activated state,nan,nan
n10_4_D20,16.2,3.76,no activated state,nan,nan
n10_4_D20,16.2,3.98,no activated state,nan,nan
n10_4_D20,16.2,4.22,no activated state,nan,nan
n10_4_D20,16.2,4.47,no activated state,nan,nan
n10_4_D20,16.2,4.73,no activated state,nan,nan
n10_4_D20,16.2,5.01,no activated state,nan,nan
n10_4_D20,16.2,5.31,no activated state,nan,nan
n10_4_D20,16.2,5.62,no activated state,nan,nan
n10_4_D20,16.2,5.96,no activated state,nan,nan
n10_4_D20,16.2,6.31,no activated state,nan,nan
n10_4_D20,16.2,6.68,no activated state,nan,nan
n10_4_D20,16.2,7.08,no activated state,nan,nan
n10_4_D20,16.2,7.5,no activated state,nan,nan
n10_4_D20,16.2,7.94,no activated state,nan,nan
n10_4_D20,16.2,8.41,no activated state,nan,nan
n10_4_D20,16.2,8.91,no activated state,nan,nan
n10_4_D20,16.2,9.44,no activated state,nan,nan
n10_4_D20,16.2,10.0,no activated state,nan,nan
n10_4_D20,16.2,10.6,no activated state,nan,nan
n10_4_D20,16.2,11.2,no activated state,nan,nan
n10_4_D20,16.2,11.9,no activated state,nan,nan
n10_4_D20,16.2,12.6,no activated state,nan,nan
n10_4_D20,16.2,13.3,no activated state,nan,nan
n10_4_D20,16.2,14.1,no activated state,nan,nan
n10_4_D20,16.2,15.0,no activated state,nan,nan
n10_4_D20,16.2,15.8,no activated state,nan,nan
n10_4_D20,16.2,16.8,linearly stable,1.0237868053319943e-05,4.095144008158068e-06
n10_4_D20,16.2,17.8,linearly stable,1.290187762958972e-05,5.160747839231251e-06
n10_4_D20,16.2,18.8,linearly stable,1.605480140609572e-05,6.42191734954599e-06
n10_4_D20,16.2,20.0,linearly stable,2.056337780720341e-05,8.22534791009049e-06
n10_4_D20,16.2,21.1,linearly stable,2.5474479963261132e-05,1.0189788772560603e-05
n10_4_D20,16.2,22.4,linearly stable,3.235705928639199e-05,1.294282050099106e-05
n10_4_D20,16.2,23.7,linearly stable,4.0548249701233274e-05,1.6219296667123313e-05
n10_4_D20,16.2,25.1,linearly stable,5.101241319582783e-05,2.0404962065209958e-05
n10_4_D20,16.2,26.6,linearly stable,6.434434884128315e-05,2.5737736323201055e-05
n10_4_D20,16.2,28.2,linearly stable,8.128005021368345e-05,3.2512016872142135e-05
n10_4_D20,16.2,29.9,linearly stable,0.00010272518476961423,4.109007069491296e-05
n10_4_D20,16.2,31.6,linearly stable,0.0001281580894052503,5.126323254887965e-05
n10_4_D20,16.2,33.5,linearly stable,0.00016187666121769695,6.475066127380554e-05
n10_4_D20,16.2,35.5,linearly stable,0.00020413975789890237,8.16558999457916e-05
n10_4_D20,16.2,37.6,linearly stable,0.000256907639042403,0.00010276305240287503
n10_4_D20,16.2,39.8,linearly stable,0.0003225315281785157,0.00012901260805767565
n10_4_D20,16.2,42.2,linearly stable,0.00040766945778925034,0.00016306777990171388
n10_4_D20,16.2,44.7,linearly stable,0.0005132292334297794,0.0002052916901571023
n10_4_D20,16.2,47.3,linearly stable,0.0006435082901090627,0.00025740331282834197
n10_4_D20,16.2,50.1,linearly stable,0.0008100216861628429,0.00032400867124990205
n10_4_D20,16.2,53.1,linearly stable,0.0010222801349657473,0.000408912050770199
n10_4_D20,16.2,56.2,linearly stable,0.0012829026400773547,0.0005131610528142704
n10_4_D20,16.2,59.6,linearly stable,0.0016229581749949151,0.0006491832667803983
n10_4_D20,16.2,63.1,linearly stable,0.002039530477365714,0.0008158121877275631
n10_4_D20,16.2,66.8,linearly stable,0.002562312875870054,0.0010249251471274104
n10_4_D20,16.2,70.8,linearly stable,0.0032344864975208942,0.0012937945957855513
n10_4_D20,16.2,75.0,linearly stable,0.0040747398864104944,0.0016298959513396949
n10_4_D20,16.2,79.4,linearly stable,0.005121110743747659,0.0020484442942707917
n10_4_D20,16.2,84.1,linearly stable,0.006449927854619286,0.002579971138615987
n10_4_D20,16.2,89.1,linearly stable,0.008132937169961219,0.003253174864747594
n10_4_D20,16.2,94.4,linearly stable,0.01025856411393522,0.0041034256423309184
n10_4_D20,16.2,100.0,linearly stable,0.012935420364524886,0.0051741681425597616
n10_4_D20,17.1,1.0,no activated state,nan,nan
n10_4_D20,17.1,1.06,no activated state,nan,nan
n10_4_D20,17.1,1.12,no activated state,nan,nan
n10_4_D20,17.1,1.19,no activated state,nan,nan
n10_4_D20,17.1,1.26,no activated state,nan,nan
n10_4_D20,17.1,1.33,no activated state,nan,nan
n10_4_D20,17.1,1.41,no activated state,nan,nan
n10_4_D20,17.1,1.5,no activated state,nan,nan
n10_4_D20,17.1,1.58,no activated state,nan,nan
n10_4_D20,17.1,1.68,no activated state,nan,nan
n10_4_D20,17.1,1.78,no activated state,nan,nan
n10_4_D20,17.1,1.88,no activated state,nan,nan
n10_4_D20,17.1,2.0,no activated state,nan,nan
n10_4_D20,17.1,2.11,no activated state,nan,nan
n10_4_D20,17.1,2.24,no activated state,nan,nan
n10_4_D20,17.1,2.37,no activated state,nan,nan
n10_4_D20,17.1,2.51,no activated state,nan,nan
n10_4_D20,17.1,2.66,no activated state,nan,nan
n10_4_D20,17.1,2.82,no activated state,nan,nan
n10_4_D20,17.1,2.99,no activated state,nan,nan
n10_4_D20,17.1,3.16,no activated state,nan,nan
n10_4_D20,17.1,3.35,no activated state,nan,nan
n10_4_D20,17.1,3.55,no activated state,nan,nan
n10_4_D20,17.1,3.76,no activated state,nan,nan
n10_4_D20,17.1,3.98,no activated state,nan,nan
n10_4_D20,17.1,4.22,no activated state,nan,nan
n10_4_D20,17.1,4.47,no activated state,nan,nan
n10_4_D20,17.1,4.73,no activated state,nan,nan
n10_4_D20,17.1,5.01,no activated state,nan,nan
n10_4_D20,17.1,5.31,no activated state,nan,nan
n10_4_D20,17.1,5.62,no activated state,nan,nan
n10_4_D20,17.1,5.96,no activated state,nan,nan
n10_4_D20,17.1,6.31,no activated state,nan,nan
n10_4_D20,17.1,6.68,no activated state,nan,nan
n10_4_D20,17.1,7.08,no activated state,nan,nan
n10_4_D20,17.1,7.5,no activated state,nan,nan
n10_4_D20,17.1,7.94,no activated state,nan,nan
n10_4_D20,17.1,8.41,no activated state,nan,nan
n10_4_D20,17.1,8.91,no activated state,nan,nan
n10_4_D20,17.1,9.44,no activated state,nan,nan
n10_4_D20,17.1,10.0,no activated state,nan,nan
n10_4_D20,17.1,10.6,no activated state,nan,nan
n10_4_D20,17.1,11.2,no activated state,nan,nan
n10_4_D20,17.1,11.9,no activated state,nan,nan
n10_4_D20,17.1,12.6,no activated state,nan,nan
n10_4_D20,17.1,13.3,no activated state,nan,nan
n10_4_D20,17.1,14.1,no activated state,nan,nan
n10_4_D20,17.1,15.0,no activated state,nan,nan
n10_4_D20,17.1,15.8,no activated state,nan,nan
n10_4_D20,17.1,16.8,no activated state,nan,nan
n10_4_D20,17.1,17.8,no activated state,nan,nan
n10_4_D20,17.1,18.8,no activated state,nan,nan
n10_4_D20,17.1,20.0,linearly stable,1.1975168456856977e-05,4.790065511451835e-06
n10_4_D20,17.1,21.1,linearly stable,1.4835153976378024e-05,5.934059719362923e-06
n10_4_D20,17.1,22.4,linearly stable,1.8843221430975277e-05,7.537286701175386e-06
n10_4_D20,17.1,23.7,linearly stable,2.3613343043127344e-05,9.445335346278012e-06
n10_4_D20,17.1,25.1,linearly stable,2.970710175853597e-05,1.1882838832603363e-05
n10_4_D20,17.1,26.6,linearly stable,3.7470856152355125e-05,1.4988340589985037e-05
n10_4_D20,17.1,28.2,linearly stable,4.7333174597596894e-05,1.893326796797567e-05
n10_4_D20,17.1,29.9,linearly stable,5.9821411499960675e-05,2.3928562728378318e-05
n10_4_D20,17.1,31.6,linearly stable,7.463171860067064e-05,2.985268556916231e-05
n10_4_D20,17.1,33.5,linearly stable,9.426676388590849e-05,3.7706703682785355e-05
n10_4_D20,17.1,35.5,linearly stable,0.00011887707812241466,4.755082937738783e-05
n10_4_D20,17.1,37.6,linearly stable,0.0001496038459525284,5.9841536509713634e-05
n10_4_D20,17.1,39.8,linearly stable,0.00018781572968862292,7.512629000429102e-05
n10_4_D20,17.1,42.2,linearly stable,0.00023738880818968688,9.495552140431344e-05
n10_4_D20,17.1,44.7,linearly stable,0.0002988504221013155,0.00011954016696924608
n10_4_D20,17.1,47.3,linearly stable,0.00037470096702185707,0.00014988038493692136
n10_4_D20,17.1,50.1,linearly stable,0.0004716417092753833,0.00018865668183848806
n10_4_D20,17.1,53.1,linearly stable,0.0005952045155388497,0.0002380818043436093
n10_4_D20,17.1,56.2,linearly stable,0.0007469066712639805,0.0002987626666332946
n10_4_D20,17.1,59.6,linearly stable,0.000944820036402616,0.00037792801268837827
n10_4_D20,17.1,63.1,linearly stable,0.001187228014783992,0.0004748912040403327
n10_4_D20,17.1,66.8,linearly stable,0.001491380991364144,0.0005965523946716626
n10_4_D20,17.1,70.8,linearly stable,0.001882351378741376,0.0007529405496222188
n10_4_D20,17.1,75.0,linearly stable,0.002370930563925233,0.0009483722236948415
n10_4_D20,17.1,79.4,linearly stable,0.0029791192861694515,0.001191647712591782
n10_4_D20,17.1,84.1,linearly stable,0.0037510906040760794,0.001500436239752982
n10_4_D20,17.1,89.1,linearly stable,0.004728208894505537,0.0018912835559232943
n10_4_D20,17.1,94.4,linearly stable,0.005961310243502993,0.0023845240955200665
n10_4_D20,17.1,100.0,linearly stable,0.007512609836978212,0.0030050439329075626
n10_4_D20,18.0,1.0,no activated state,nan,nan
n10_4_D20,18.0,1.06,no activated state,nan,nan
n10_4_D20,18.0,1.12,no activated state,nan,nan
n10_4_D20,18.0,1.19,no activated state,nan,nan
n10_4_D20,18.0,1.26,no activated state,nan,nan
n10_4_D20,18.0,1.33,no activated state,nan,nan
n10_4_D20,18.0,1.41,no activated state,nan,nan
n10_4_D20,18.0,1.5,no activated state,nan,nan
n10_4_D20,18.0,1.58,no activated state,nan,nan
n10_4_D20,18.0,1.68,no activated state,nan,nan
n10_4_D20,18.0,1.78,no activated state,nan,nan
n10_4_D20,18.0,1.88,no activated state,nan,nan
n10_4_D20,18.0,2.0,no activated state,nan,nan
n10_4_D20,18.0,2.11,no activated state,nan,nan
n10_4_D20,18.0,2.24,no activated state,nan,nan
n10_4_D20,18.0,2.37,no activated state,nan,nan
n10_4_D20,18.0,2.51,no activated state,nan,nan
n10_4_D20,18.0,2.66,no activated state,nan,nan
n10_4_D20,18.0,2.82,no activated state,nan,nan
n10_4_D20,18.0,2.99,no activated state,nan,nan
n10_4_D20,18.0,3.16,no activated state,nan,nan
n10_4_D20,18.0,3.35,no activated state,nan,nan
n10_4_D20,18.0,3.55,no activated state,nan,nan
n10_4_D20,18.0,3.76,no activated state,nan,nan
n10_4_D20,18.0,3.98,no activated state,nan,nan
n10_4_D20,18.0,4.22,no activated state,nan,nan
n10_4_D20,18.0,4.47,no activated state,nan,nan
n10_4_D20,18.0,4.73,no activated state,nan,nan
n10_4_D20,18.0,5.01,no activated state,nan,nan
n10_4_D20,18.0,5.31,no activated state,nan,nan
n10_4_D20,18.0,5.62,no activated state,nan,nan
n10_4_D20,18.0,5.96,no activated state,nan,nan
n10_4_D20,18.0,6.31,no activated state,nan,nan
n10_4_D20,18.0,6.68,no activated state,nan,nan
n10_4_D20,18.0,7.08,no activated state,nan,nan
n10_4_D20,18.0,7.5,no activated state,nan,nan
n10_4_D20,18.0,7.94,no activated state,nan,nan
n10_4_D20,18.0,8.41,no activated state,nan,nan
n10_4_D20,18.0,8.91,no activated state,nan,nan
n10_4_D20,18.0,9.44,no activated state,nan,nan
n10_4_D20,18.0,10.0,no activated state,nan,nan
n10_4_D20,18.0,10.6,no activated state,nan,nan
n10_4_D20,18.0,11.2,no activated state,nan,nan
n10_4_D20,18.0,11.9,no activated state,nan,nan
n10_4_D20,18.0,12.6,no activated state,nan,nan
n10_4_D20,18.0,13.3,no activated state,nan,nan
n10_4_D20,18.0,14.1,no activated state,nan,nan
n10_4_D20,18.0,15.0,no activated state,nan,nan
n10_4_D20,18.0,15.8,no activated state,nan,nan
n10_4_D20,18.0,16.8,no activated state,nan,nan
n10_4_D20,18.0,17.8,no activated state,nan,nan
n10_4_D20,18.0,18.8,no activated state,nan,nan
n10_4_D20,18.0,20.0,no activated state,nan,nan
n10_4_D20,18.0,21.1,no activated state,nan,nan
n10_4_D20,18.0,22.4,linearly stable,1.1282090071063067e-05,4.51283490849716e-06
n10_4_D20,18.0,23.7,linearly stable,1.4138113757500292e-05,5.6552443828279424e-06
n10_4_D20,18.0,25.1,linearly stable,1.7786633168537236e-05,7.1146521468751e-06
n10_4_D20,18.0,26.6,linearly stable,2.2435017057453877e-05,8.974005702801428e-06
n10_4_D20,18.0,28.2,linearly stable,2.8339850947078915e-05,1.1335939258425693e-05
n10_4_D20,18.0,29.9,linearly stable,3.581685893316866e-05,1.4326742452987445e-05
n10_4_D20,18.0,31.6,linearly stable,4.468409766533732e-05,1.7873637945658552e-05
n10_4_D20,18.0,33.5,linearly stable,5.6439926190421374e-05,2.257596935577958e-05
n10_4_D20,18.0,35.5,linearly stable,7.11744002590553e-05,2.8469758983241793e-05
n10_4_D20,18.0,37.6,linearly stable,8.957066014558812e-05,3.582826293776249e-05
n10_4_D20,18.0,39.8,linearly stable,0.00011244797751497337,4.497918988590012e-05
n10_4_D20,18.0,42.2,linearly stable,0.0001421266784895625,5.685067027556322e-05
n10_4_D20,18.0,44.7,linearly stable,0.00017892205752656487,7.156882189012836e-05
n10_4_D20,18.0,47.3,linearly stable,0.00022433044264191793,8.973217593611065e-05
n10_4_D20,18.0,50.1,linearly stable,0.00028236258848512996,0.00011294503427359855
n10_4_D20,18.0,53.1,linearly stable,0.0003563283661134342,0.00014253134532482897
n10_4_D20,18.0,56.2,linearly stable,0.00044713358591685903,0.00017885343324598892
n10_4_D20,18.0,59.6,linearly stable,0.000565591394228182,0.00022623655657061595
n10_4_D20,18.0,63.1,linearly stable,0.0007106678935087096,0.0002842671562826146
n10_4_D20,18.0,66.8,linearly stable,0.0008926775935835796,0.00035707103631232493
n10_4_D20,18.0,70.8,linearly stable,0.001126607445182115,0.00045064297695147167
n10_4_D20,18.0,75.0,linearly stable,0.0014188879992504955,0.0005675551985784319
n10_4_D20,18.0,79.4,linearly stable,0.0017826417444399834,0.000713056696653952
n10_4_D20,18.0,84.1,linearly stable,0.0022442244896270225,0.0008976897947283736
n10_4_D20,18.0,89.1,linearly stable,0.0028282642557508897,0.0011313057011775127
n10_4_D20,18.0,94.4,linearly stable,0.0035649806167659115,0.0014259922455827636
n10_4_D20,18.0,100.0,linearly stable,0.004491282994307788,0.001796513196598275
n10_4_D20,19.0,1.0,no activated state,nan,nan
n10_4_D20,19.0,1.06,no activated state,nan,nan
n10_4_D20,19.0,1.12,no activated state,nan,nan
n10_4_D20,19.0,1.19,no activated state,nan,nan
n10_4_D20,19.0,1.26,no activated state,nan,nan
n10_4_D20,19.0,1.33,no activated state,nan,nan
n10_4_D20,19.0,1.41,no activated state,nan,nan
n10_4_D20,19.0,1.5,no activated state,nan,nan
n10_4_D20,19.0,1.58,no activated state,nan,nan
n10_4_D20,19.0,1.68,no activated state,nan,nan
n10_4_D20,19.0,1.78,no activated state,nan,nan
n10_4_D20,19.0,1.88,no activated state,nan,nan
n10_4_D20,19.0,2.0,no activated state,nan,nan
n10_4_D20,19.0,2.11,no activated state,nan,nan
n10_4_D20,19.0,2.24,no activated state,nan,nan
n10_4_D20,19.0,2.37,no activated state,nan,nan
n10_4_D20,19.0,2.51,no activated state,nan,nan
n10_4_D20,19.0,2.66,no activated state,nan,nan
n10_4_D20,19.0,2.82,no activated state,nan,nan
n10_4_D20,19.0,2.99,no activated state,nan,nan
n10_4_D20,19.0,3.16,no activated state,nan,nan
n10_4_D20,19.0,3.35,no activated state,nan,nan
n10_4_D20,19.0,3.55,no activated state,nan,nan
n10_4_D20,19.0,3.76,no activated state,nan,nan
n10_4_D20,19.0,3.98,no activated state,nan,nan
n10_4_D20,19.0,4.22,no activated state,nan,nan
n10_4_D20,19.0,4.47,no activated state,nan,nan
n10_4_D20,19.0,4.73,no activated state,nan,nan
n10_4_D20,19.0,5.01,no activated state,nan,nan
n10_4_D20,19.0,5.31,no activated state,nan,nan
n10_4_D20,19.0,5.62,no activated state,nan,nan
n10_4_D20,19.0,5.96,no activated state,nan,nan
n10_4_D20,19.0,6.31,no activated state,nan,nan
n10_4_D20,19.0,6.68,no activated state,nan,nan
n10_4_D20,19.0,7.08,no activated state,nan,nan
n10_4_D20,19.0,7.5,no activated state,nan,nan
n10_4_D20,19.0,7.94,no activated state,nan,nan
n10_4_D20,19.0,8.41,no activated state,nan,nan
n10_4_D20,19.0,8.91,no activated state,nan,nan
n10_4_D20,19.0,9.44,no activated state,nan,nan
n10_4_D20,19.0,10.0,no activated state,nan,nan
n10_4_D20,19.0,10.6,no activated state,nan,nan
n10_4_D20,19.0,11.2,no activated state,nan,nan
n10_4_D20,19.0,11.9,no activated state,nan,nan
n10_4_D20,19.0,12.6,no activated state,nan,nan
n10_4_D20,19.0,13.3,no activated state,nan,nan
n10_4_D20,19.0,14.1,no activated state,nan,nan
n10_4_D20,19.0,15.0,no activated state,nan,nan
n10_4_D20,19.0,15.8,no activated state,nan,nan
n10_4_D20,19.0,16.8,no activated state,nan,nan
n10_4_D20,19.0,17.8,no activated state,nan,nan
n10_4_D20,19.0,18.8,no activated state,nan,nan
n10_4_D20,19.0,20.0,no activated state,nan,nan
n10_4_D20,19.0,21.1,no activated state,nan,nan
n10_4_D20,19.0,22.4,no activated state,nan,nan
n10_4_D20,19.0,23.7,no activated state,nan,nan
n10_4_D20,19.0,25.1,linearly stable,1.0358125690501652e-05,4.143249624018745e-06
n10_4_D20,19.0,26.6,linearly stable,1.3065120239019734e-05,5.226047443286356e-06
n10_4_D20,19.0,28.2,linearly stable,1.6503803080825108e-05,6.601520579594675e-06
n10_4_D20,19.0,29.9,linearly stable,2.0858030090886714e-05,8.34321138386331e-06
n10_4_D20,19.0,31.6,linearly stable,2.602183875377584e-05,1.0408734849028496e-05
n10_4_D20,19.0,33.5,linearly stable,3.286777913835692e-05,1.3147111003031438e-05
n10_4_D20,19.0,35.5,linearly stable,4.144826947327651e-05,1.6579307137198634e-05
n10_4_D20,19.0,37.6,linearly stable,5.2161094191705004e-05,2.086443702429552e-05
n10_4_D20,19.0,39.8,linearly stable,6.548329011479836e-05,2.619331539381792e-05
n10_4_D20,19.0,42.2,linearly stable,8.276596023204519e-05,3.3106383440574015e-05
n10_4_D20,19.0,44.7,linearly stable,0.00010419255735305555,4.167702228888386e-05
n10_4_D20,19.0,47.3,linearly stable,0.00013063420557624106,5.2253681577732244e-05
n10_4_D20,19.0,50.1,linearly stable,0.0001644260356048477,6.577041358958325e-05
n10_4_D20,19.0,53.1,linearly stable,0.00020749475263315276,8.299790040105418e-05
n10_4_D20,19.0,56.2,linearly stable,0.00026036690271458163,0.00010414676043310806
n10_4_D20,19.0,59.6,linearly stable,0.0003293370037438237,0.00013173480084460417
n10_4_D20,19.0,63.1,linearly stable,0.00041380074608521333,0.0001655202977814837
n10_4_D20,19.0,66.8,linearly stable,0.0005197598060924236,0.00020790392178421317
n10_4_D20,19.0,70.8,linearly stable,0.0006559329438959871,0.0002623731769057312
n10_4_D20,19.0,75.0,linearly stable,0.0008260539463078587,0.0003304215778701433
n10_4_D20,19.0,79.4,linearly stable,0.0010377466474853492,0.0004150986583414631
n10_4_D20,19.0,84.1,linearly stable,0.001306326209837838,0.0005225304832816007
n10_4_D20,19.0,89.1,linearly stable,0.0016460850171928776,0.0006584340062240188
n10_4_D20,19.0,94.4,linearly stable,0.0020745431798230296,0.0008298172712756631
n10_4_D20,19.0,100.0,linearly stable,0.002613072557755558,0.001045229022448101
n10_4_D20,20.0,1.0,no activated state,nan,nan
n10_4_D20,20.0,1.06,no activated state,nan,nan
n10_4_D20,20.0,1.12,no activated state,nan,nan
n10_4_D20,20.0,1.19,no activated state,nan,nan
n10_4_D20,20.0,1.26,no activated state,nan,nan
n10_4_D20,20.0,1.33,no activated state,nan,nan
n10_4_D20,20.0,1.41,no activated state,nan,nan
n10_4_D20,20.0,1.5,no activated state,nan,nan
n10_4_D20,20.0,1.58,no activated state,nan,nan
n10_4_D20,20.0,1.68,no activated state,nan,nan
n10_4_D20,20.0,1.78,no activated state,nan,nan
n10_4_D20,20.0,1.88,no activated state,nan,nan
n10_4_D20,20.0,2.0,no activated state,nan,nan
n10_4_D20,20.0,2.11,no activated state,nan,nan
n10_4_D20,20.0,2.24,no activated state,nan,nan
n10_4_D20,20.0,2.37,no activated state,nan,nan
n10_4_D20,20.0,2.51,no activated state,nan,nan
n10_4_D20,20.0,2.66,no activated state,nan,nan
n10_4_D20,20.0,2.82,no activated state,nan,nan
n10_4_D20,20.0,2.99,no activated state,nan,nan
n10_4_D20,20.0,3.16,no activated state,nan,nan
n10_4_D20,20.0,3.35,no activated state,nan,nan
n10_4_D20,20.0,3.55,no activated state,nan,nan
n10_4_D20,20.0,3.76,no activated state,nan,nan
n10_4_D20,20.0,3.98,no activated state,nan,nan
n10_4_D20,20.0,4.22,no activated state,nan,nan
n10_4_D20,20.0,4.47,no activated state,nan,nan
n10_4_D20,20.0,4.73,no activated state,nan,nan
n10_4_D20,20.0,5.01,no activated state,nan,nan
n10_4_D20,20.0,5.31,no activated state,nan,nan
n10_4_D20,20.0,5.62,no activated state,nan,nan
n10_4_D20,20.0,5.96,no activated state,nan,nan
n10_4_D20,20.0,6.31,no activated state,nan,nan
n10_4_D20,20.0,6.68,no activated state,nan,nan
n10_4_D20,20.0,7.08,no activated state,nan,nan
n10_4_D20,20.0,7.5,no activated state,nan,nan
n10_4_D20,20.0,7.94,no activated state,nan,nan
n10_4_D20,20.0,8.41,no activated state,nan,nan
n10_4_D20,20.0,8.91,no activated state,nan,nan
n10_4_D20,20.0,9.44,no activated state,nan,nan
n10_4_D20,20.0,10.0,no activated state,nan,nan
n10_4_D20,20.0,10.6,no activated state,nan,nan
n10_4_D20,20.0,11.2,no activated state,nan,nan
n10_4_D20,20.0,11.9,no activated state,nan,nan
n10_4_D20,20.0,12.6,no activated state,nan,nan
n10_4_D20,20.0,13.3,no activated state,nan,nan
n10_4_D20,20.0,14.1,no activated state,nan,nan
n10_4_D20,20.0,15.0,no activated state,nan,nan
n10_4_D20,20.0,15.8,no activated state,nan,nan
n10_4_D20,20.0,16.8,no activated state,nan,nan
n10_4_D20,20.0,17.8,no activated state,nan,nan
n10_4_D20,20.0,18.8,no activated state,nan,nan
n10_4_D20,20.0,20.0,no activated state,nan,nan
n10_4_D20,20.0,21.1,no activated state,nan,nan
n10_4_D20,20.0,22.4,no activated state,nan,nan
n10_4_D20,20.0,23.7,no activated state,nan,nan
n10_4_D20,20.0,25.1,no activated state,nan,nan
n10_4_D20,20.0,26.6,no activated state,nan,nan
n10_4_D20,20.0,28.2,no activated state,nan,nan
n10_4_D20,20.0,29.9,linearly stable,1.2488420834122493e-05,4.995367942675643e-06
n10_4_D20,20.0,31.6,linearly stable,1.5580154747452113e-05,6.232061508090074e-06
n10_4_D20,20.0,33.5,linearly stable,1.9679023709473498e-05,7.871609093111148e-06
n10_4_D20,20.0,35.5,linearly stable,2.4816403628724615e-05,9.92656106078665e-06
n10_4_D20,20.0,37.6,linearly stable,3.1230447044006127e-05,1.2492178426940013e-05
n10_4_D20,20.0,39.8,linearly stable,3.920674958024506e-05,1.5682699441424175e-05
n10_4_D20,20.0,42.2,linearly stable,4.9554214800462404e-05,1.9821685529163796e-05
n10_4_D20,20.0,44.7,linearly stable,6.238262874935785e-05,2.4953051109376124e-05
n10_4_D20,20.0,47.3,linearly stable,7.821347435488235e-05,3.128538935098563e-05
n10_4_D20,20.0,50.1,linearly stable,9.844469343600615e-05,3.937787698397682e-05
n10_4_D20,20.0,53.1,linearly stable,0.00012422960090852087,4.969183997266067e-05
n10_4_D20,20.0,56.2,linearly stable,0.00015588313839853818,6.235325496902375e-05
n10_4_D20,20.0,59.6,linearly stable,0.00019717319924561494,7.886927930744538e-05
n10_4_D20,20.0,63.1,linearly stable,0.000247737220573363,9.90948878385008e-05
n10_4_D20,20.0,66.8,linearly stable,0.0003111669387967364,0.00012446677512758874
n10_4_D20,20.0,70.8,linearly stable,0.0003926795899511504,0.0001570718355900865
n10_4_D20,20.0,75.0,linearly stable,0.0004945070231077153,0.00019780280885230877
n10_4_D20,20.0,79.4,linearly stable,0.000621207848626737,0.0002484831390597693
n10_4_D20,20.0,84.1,linearly stable,0.0007819406890430258,0.00031277627522608494
n10_4_D20,20.0,89.1,linearly stable,0.0009852462638237913,0.00039409850513873353
n10_4_D20,20.0,94.4,linearly stable,0.0012415883468164246,0.0004966353383354479
n10_4_D20,20.0,100.0,linearly stable,0.0015637222322806288,0.0006254888925213079
