bi,condition,replicate,spike_seed,frame,t,cells_on,blobs,largest_blob,coverage,total_activator
5,seed1,0,,0,0.0,1,1,1,5.02992807202857e-05,5.0
5,seed1,0,,1,0.01,1,1,1,5.02992807202857e-05,5.059970674486805
5,seed1,0,,6,10.01,85,1,85,0.004275438861224285,335.38390488217783
5,seed1,0,,11,20.01,150,1,150,0.007544892108042855,487.31350463143775
5,seed1,0,,16,30.01,174,1,174,0.008752074845329711,607.661580954371
5,seed1,0,,21,40.01,210,1,210,0.010562848951259998,737.4471038076981
5,seed1,0,,26,50.01,246,1,246,0.012373623057190282,863.067819355284
5,seed1,0,,31,60.01,288,1,288,0.014486192847442281,983.5798269594351
5,seed1,0,,36,70.01,318,1,318,0.015995171269050854,1098.4563400189131
5,seed1,0,,41,80.01,348,1,348,0.017504149690659422,1207.6557277472828
5,seed1,0,,46,90.01,378,1,378,0.019013128112267994,1311.4903499015704
5,seed1,0,,51,100.01,414,1,414,0.02082390221819828,1410.5588154299376
5,seed1,0,,56,110.01,450,1,450,0.022634676324128564,1505.7813460215557
5,seed1,0,,61,120.01,480,1,480,0.024143654745737136,1597.83261899846
5,seed1,0,,66,130.01,480,1,480,0.024143654745737136,1687.1050319956576
5,seed1,0,,71,140.01,522,1,522,0.026256224535989137,1777.4528014448847
5,seed1,0,,76,150.01,558,1,558,0.02806699864191942,1870.9099896830212
5,seed1,0,,81,160.01,594,1,594,0.029877772747849706,1973.9634726707302
5,seed1,0,,86,170.01,612,1,612,0.03078315980081485,2095.6536413090835
5,seed1,0,,91,180.01,654,1,654,0.03289572959106685,2252.2863231363585
5,seed1,0,,96,190.01,732,1,732,0.03681907348724913,2458.946172462448
5,seed1,0,,101,200.01,816,1,816,0.04104421306775313,2714.3882058052636
5,seed1,0,,106,210.01,864,12,86,0.04345857854232685,2945.53273584288
5,seed1,0,,111,220.01,948,12,98,0.04768371812283084,3296.7691172087234
5,seed1,0,,116,230.01,1044,12,114,0.05251244907197827,3606.6955215974067
5,seed1,0,,121,240.01,1170,12,131,0.058850158442734266,3959.011958819181
5,seed1,0,,126,250.01,1272,12,149,0.06398068507620341,4306.878095075404
5,seed1,0,,131,260.01,1332,12,163,0.06699864191942055,4616.525348735802
5,seed1,0,,136,270.01,1416,12,173,0.07122378149992455,4895.224314766843
5,seed1,0,,141,280.01,1476,12,187,0.0742417383431417,5156.958631091611
5,seed1,0,,146,290.01,1548,12,199,0.07786328655500227,5418.523878681279
5,seed1,0,,151,300.01,1638,12,215,0.08239022181982798,5688.615422732336
5,seed1,0,,156,310.01,1674,12,221,0.08420099592575826,5970.886028768789
5,seed1,0,,161,320.01,1806,12,247,0.09084050098083597,6261.8552227873515
5,seed1,0,,166,330.01,1884,12,264,0.09476384487701826,6555.0625653007555
5,seed1,0,,171,340.01,2014,12,287,0.1013027513706554,6822.647269021589
5,seed1,0,,176,350.01,2052,24,203,0.10321412403802625,7081.438817328181
5,seed1,0,,181,360.01,2112,24,215,0.1062320808812434,7361.730875752447
5,seed1,0,,186,370.01,2196,24,225,0.1104572204617474,7629.984712939179
5,seed1,0,,191,380.01,2286,24,240,0.11498415572657311,7918.9031117342765
5,seed1,0,,196,390.01,2378,24,252,0.11961168955283939,8266.973063538306
5,seed1,0,,201,400.01,2448,36,113,0.1231326392032594,8694.643465555815
5,seed1,0,,206,410.01,2618,36,122,0.13168351692570796,9386.41119264457
5,seed1,0,,211,420.01,2826,48,96,0.1421457673155274,10075.906957822077
5,seed1,0,,216,430.01,2992,60,83,0.1504954479150948,10786.952734560493
5,seed1,0,,221,440.01,3240,60,94,0.16296966953372566,11441.448009435673
5,seed1,0,,226,450.01,3440,60,101,0.17302952567778282,11953.129141636753
5,seed1,0,,231,460.01,3574,60,110,0.1797696292943011,12388.00869361862
5,seed1,0,,236,470.01,3646,60,112,0.18339117750616166,12806.320205599966
5,seed1,0,,241,480.01,3782,60,120,0.19023187968412053,13241.595511689455
5,seed1,0,,246,490.01,3848,68,129,0.19355163221165939,13664.666461884364
5,seed1,0,,251,500.01,3956,68,133,0.19898395452945022,14055.339964022012
5,seed1,0,,256,510.01,3988,68,143,0.20059353151249937,14384.39802640965
5,seed1,0,,261,520.01,4126,68,153,0.2075348322518988,14676.49652772714
5,seed1,0,,266,530.01,4192,72,154,0.21085458477943766,14941.071280345797
5,seed1,0,,271,540.01,4301,77,167,0.2163372063779488,15191.494331318028
5,seed1,0,,276,550.01,4332,80,108,0.21789648408027765,15406.195129343534
5,seed1,0,,281,560.01,4340,86,113,0.21829887832603995,15608.914748369178
5,seed1,0,,286,570.01,4414,90,75,0.22202102509934107,15838.089379434561
5,seed1,0,,291,580.01,4488,90,77,0.22574317187264223,16103.428647285928
5,seed1,0,,296,590.01,4598,90,93,0.23127609275187364,16354.080346200826
5,seed1,0,,301,600.01,4622,94,75,0.2324832754891605,16550.887627496948
5,seed9,1,1007,0,0.0,9,9,1,0.0004526935264825713,45.0
5,seed9,1,1007,1,0.01,9,9,1,0.0004526935264825713,45.539736070381245
5,seed9,1,1007,6,10.01,725,9,85,0.036466978522207136,2753.32877109783
5,seed9,1,1007,11,20.01,1130,9,150,0.05683818721392284,3698.6164044703282
5,seed9,1,1007,16,30.01,1297,9,170,0.06523816709421056,4394.972214463902
5,seed9,1,1007,21,40.01,1509,9,208,0.07590161460691112,5143.502356665827
5,seed9,1,1007,26,50.01,1685,9,237,0.0847542880136814,5837.844598087651
5,seed9,1,1007,31,60.01,1870,11,268,0.09405965494693426,6464.52981023623
5,seed9,1,1007,36,70.01,2051,11,298,0.10316382475730597,7027.163106970272
5,seed9,1,1007,41,80.01,2191,11,319,0.11020572405814597,7533.325612531189
5,seed9,1,1007,46,90.01,2334,12,347,0.11739852120114683,8015.481866290624
5,seed9,1,1007,51,100.01,2477,12,373,0.12459131834414768,8475.636118405338
5,seed9,1,1007,56,110.01,2621,12,397,0.1318344147678688,8928.713340098002
5,seed9,1,1007,61,120.01,2740,14,415,0.13782002917358283,9374.499198839838
5,seed9,1,1007,66,130.01,2855,18,428,0.14360444645641568,9830.356465270888
5,seed9,1,1007,71,140.01,2991,18,453,0.15044514863437453,10295.24650602541
5,seed9,1,1007,76,150.01,3129,21,484,0.15738644937377397,10741.28371626536
5,seed9,1,1007,81,160.01,3258,23,497,0.1638750565866908,11187.795872138317
5,seed9,1,1007,86,170.01,3382,24,512,0.17011216739600624,11610.063453554718
5,seed9,1,1007,91,180.01,3490,25,539,0.1755444897137971,12044.062609523604
5,seed9,1,1007,96,190.01,3610,29,563,0.18158040340023138,12503.930369324136
5,seed9,1,1007,101,200.01,3763,32,530,0.18927619335043508,13008.698295550217
5,seed9,1,1007,106,210.01,3908,38,504,0.1965695890548765,13530.422079203501
5,seed9,1,1007,111,220.01,4056,40,433,0.2040138826014788,14083.584546644375
5,seed9,1,1007,116,230.01,4203,51,347,0.2114078768673608,14582.911751433363
5,seed9,1,1007,121,240.01,4316,52,348,0.21709169558875308,15085.03759066391
5,seed9,1,1007,126,250.01,4442,55,352,0.22342940495950908,15504.501023485493
5,seed9,1,1007,131,260.01,4526,57,277,0.22765454454001308,15873.030872378624
5,seed9,1,1007,136,270.01,4630,58,285,0.23288566973492278,16166.186057337094
5,seed9,1,1007,141,280.01,4697,62,249,0.23625572154318195,16389.064983699314
5,seed9,1,1007,146,290.01,4714,66,252,0.2371108093154268,16567.535485686436
5,seed9,1,1007,151,300.01,4770,70,250,0.2399275690357628,16727.095865964657
5,seed9,1,1007,156,310.01,4806,70,249,0.24173834314169307,16868.98412179669
5,seed9,1,1007,161,320.01,4822,72,250,0.24254313163321764,16980.6273820141
5,seed9,1,1007,166,330.01,4852,73,250,0.24405211005482622,17083.444735225654
5,seed9,1,1007,171,340.01,4877,75,249,0.24530959207283337,17161.58836745701
5,seed9,1,1007,176,350.01,4885,76,250,0.24571198631859564,17222.328090886185
5,seed9,1,1007,181,360.01,4909,78,249,0.24691916905588251,17263.820364918625
5,seed9,1,1007,186,370.01,4902,80,250,0.2465670740908405,17294.82585947983
5,seed9,1,1007,191,380.01,4893,81,248,0.24611438056435794,17320.91354711422
5,seed9,1,1007,196,390.01,4900,81,246,0.24646647552939993,17341.02870457436
5,seed9,1,1007,201,400.01,4922,83,212,0.2475730597052462,17346.683173572455
5,seed9,1,1007,206,410.01,4919,85,216,0.24742216186308535,17350.271990695706
5,seed9,1,1007,211,420.01,4916,86,215,0.2472712640209245,17359.658875315094
5,seed9,1,1007,216,430.01,4924,88,215,0.24767365826668677,17363.34742306423
5,seed9,1,1007,221,440.01,4924,88,216,0.24767365826668677,17371.576225050077
5,seed9,1,1007,226,450.01,4921,89,215,0.24752276042452592,17374.1890717137
5,seed9,1,1007,231,460.01,4924,89,214,0.24767365826668677,17379.994159739457
5,seed9,1,1007,236,470.01,4922,90,212,0.2475730597052462,17382.261964407895
5,seed9,1,1007,241,480.01,4931,90,214,0.2480257532317288,17385.310815251716
5,seed9,1,1007,246,490.01,4904,90,212,0.24666767265228107,17389.991123548323
5,seed9,1,1007,251,500.01,4898,90,210,0.24636587696795936,17393.928878753297
5,seed9,1,1007,256,510.01,4890,90,214,0.24596348272219706,17397.509006382075
5,seed9,1,1007,261,520.01,4888,90,212,0.2458628841607565,17400.84518309383
5,seed9,1,1007,266,530.01,4883,90,211,0.24561138775715508,17403.95186202927
5,seed9,1,1007,271,540.01,4897,90,210,0.24631557768723908,17406.80391001751
5,seed9,1,1007,276,550.01,4906,90,213,0.24676827121372163,17409.39459304492
5,seed9,1,1007,281,560.01,4905,90,213,0.24671797193300135,17411.73795627147
5,seed9,1,1007,286,570.01,4921,90,213,0.24752276042452592,17413.812427205543
5,seed9,1,1007,291,580.01,4930,90,211,0.2479754539510085,17415.414396436565
5,seed9,1,1007,296,590.01,4932,90,212,0.24807605251244907,17415.310766284536
5,seed9,1,1007,301,600.01,4909,92,213,0.24691916905588251,17408.519932575065
5,seed9,2,2007,0,0.0,9,9,1,0.0004526935264825713,45.0
5,seed9,2,2007,1,0.01,9,9,1,0.0004526935264825713,45.575888299275405
5,seed9,2,2007,6,10.01,653,9,85,0.03284543031034656,2437.8713271573615
5,seed9,2,2007,11,20.01,989,9,150,0.049745988632362556,3267.243103735911
5,seed9,2,2007,16,30.01,1143,9,171,0.057492077863286556,3909.8767069851892
5,seed9,2,2007,21,40.01,1328,9,208,0.06679744479653942,4614.109370180198
5,seed9,2,2007,26,50.01,1518,9,238,0.0763543081333937,5262.839611677329
5,seed9,2,2007,31,60.01,1696,10,270,0.08530758010160455,5829.549644954863
5,seed9,2,2007,36,70.01,1833,10,292,0.09219858156028368,6329.779920754132
5,seed9,2,2007,41,80.01,1975,10,320,0.09934107942256426,6781.431257665785
5,seed9,2,2007,46,90.01,2101,10,350,0.10567878879332025,7202.809599038601
5,seed9,2,2007,51,100.01,2211,10,371,0.11121170967255169,7608.91816686469
5,seed9,2,2007,56,110.01,2332,10,391,0.11729792263970626,8009.242339204727
5,seed9,2,2007,61,120.01,2467,10,410,0.12408832553694482,8405.566559176554
5,seed9,2,2007,66,130.01,2552,12,429,0.1283637643981691,8800.561739739675
5,seed9,2,2007,71,140.01,2699,13,448,0.1357577586640511,9203.25838500962
5,seed9,2,2007,76,150.01,2806,14,476,0.14113978170112168,9596.98584250586
5,seed9,2,2007,81,160.01,2910,18,486,0.14637090689603138,9981.359817474833
5,seed9,2,2007,86,170.01,3016,20,502,0.15170263065238168,10370.836745522134
5,seed9,2,2007,91,180.01,3116,20,530,0.15673255872441025,10758.477903233063
5,seed9,2,2007,96,190.01,3252,22,562,0.1635732609023691,11133.190809406817
5,seed9,2,2007,101,200.01,3310,25,579,0.16649061918414568,11513.006125220927
5,seed9,2,2007,106,210.01,3455,26,602,0.17378401488858708,11910.23804314202
5,seed9,2,2007,111,220.01,3553,31,255,0.17871334439917508,12280.815239556447
5,seed9,2,2007,116,230.01,3677,33,259,0.18495045520849052,12669.015595612209
5,seed9,2,2007,121,240.01,3776,40,258,0.1899300839997988,13028.136310036836
5,seed9,2,2007,126,250.01,3860,43,256,0.1941552235803028,13396.550110285243
5,seed9,2,2007,131,260.01,3949,47,255,0.19863185956440824,13755.639222870546
5,seed9,2,2007,136,270.01,4059,48,255,0.20416478044363964,14101.258099627254
5,seed9,2,2007,141,280.01,4145,49,257,0.20849051858558423,14417.197391253289
5,seed9,2,2007,146,290.01,4217,50,274,0.2121120667974448,14694.751769045928
5,seed9,2,2007,151,300.01,4289,51,282,0.21573361500930538,14963.631008860748
5,seed9,2,2007,156,310.01,4376,51,296,0.22010965243197023,15208.640245598017
5,seed9,2,2007,161,320.01,4442,53,312,0.22342940495950908,15435.170887692735
5,seed9,2,2007,166,330.01,4492,56,320,0.22594436899552336,15646.016555045786
5,seed9,2,2007,171,340.01,4542,61,333,0.22845933303153765,15842.78961355432
5,seed9,2,2007,176,350.01,4598,65,249,0.23127609275187364,16044.953470445103
5,seed9,2,2007,181,360.01,4634,66,247,0.23308686685780394,16248.430547816428
5,seed9,2,2007,186,370.01,4697,66,248,0.23625572154318195,16439.206824071327
5,seed9,2,2007,191,380.01,4749,68,246,0.2388712841406368,16601.71290516216
5,seed9,2,2007,196,390.01,4779,71,245,0.24038026256224537,16747.975085176487
5,seed9,2,2007,201,400.01,4824,74,246,0.2426437301946582,16873.974209982505
5,seed9,2,2007,206,410.01,4845,77,247,0.24370001508978423,16984.53494722457
5,seed9,2,2007,211,420.01,4870,78,246,0.24495749710779136,17088.458609154673
5,seed9,2,2007,216,430.01,4881,79,247,0.2455107891957145,17159.801372405418
5,seed9,2,2007,221,440.01,4896,80,245,0.2462652784065188,17216.02242313773
5,seed9,2,2007,226,450.01,4905,81,246,0.24671797193300135,17251.690638164036
5,seed9,2,2007,231,460.01,4897,83,244,0.24631557768723908,17276.949564501767
5,seed9,2,2007,236,470.01,4877,86,244,0.24530959207283337,17295.329794414993
5,seed9,2,2007,241,480.01,4889,87,241,0.24591318344147678,17319.69985201388
5,seed9,2,2007,246,490.01,4916,87,243,0.2472712640209245,17346.283646805176
5,seed9,2,2007,251,500.01,4915,87,242,0.24722096474020422,17365.632577220946
5,seed9,2,2007,256,510.01,4923,87,244,0.2476233589859665,17379.77800284065
5,seed9,2,2007,261,520.01,4913,88,246,0.24712036617876365,17388.142253648522
5,seed9,2,2007,266,530.01,4908,88,244,0.2468688697751622,17395.55756936297
5,seed9,2,2007,271,540.01,4919,89,247,0.24742216186308535,17400.43301309918
5,seed9,2,2007,276,550.01,4911,89,252,0.24701976761732308,17407.435428584675
5,seed9,2,2007,281,560.01,4909,90,252,0.24691916905588251,17411.272286808548
5,seed9,2,2007,286,570.01,4913,90,253,0.24712036617876365,17416.66386206544
5,seed9,2,2007,291,580.01,4907,91,251,0.24681857049444192,17418.770714903178
5,seed9,2,2007,296,590.01,4903,91,251,0.24661737337156078,17425.18191913411
5,seed9,2,2007,301,600.01,4898,91,252,0.24636587696795936,17429.79587041315
5,seed9,3,3007,0,0.0,9,9,1,0.0004526935264825713,45.0
5,seed9,3,3007,1,0.01,9,9,1,0.0004526935264825713,45.548659129495306
5,seed9,3,3007,6,10.01,616,8,104,0.030984356923695992,2308.5264912611196
5,seed9,3,3007,11,20.01,899,8,150,0.04521905336753684,3010.8745119282703
5,seed9,3,3007,16,30.01,1043,8,182,0.05246214979125798,3597.863080995774
5,seed9,3,3007,21,40.01,1231,8,224,0.061918414566671694,4211.960575996414
5,seed9,3,3007,26,50.01,1398,8,254,0.0703183944469594,4819.910872808425
5,seed9,3,3007,31,60.01,1553,9,292,0.07811478295860369,5375.897335219179
5,seed9,3,3007,36,70.01,1707,9,321,0.08586087218952769,5875.701401558912
5,seed9,3,3007,41,80.01,1824,10,352,0.09174588803380111,6330.2485392734225
5,seed9,3,3007,46,90.01,1957,10,378,0.09843569236959912,6756.351995922848
5,seed9,3,3007,51,100.01,2088,12,408,0.10502489814395655,7160.330426806744
5,seed9,3,3007,56,110.01,2214,12,435,0.11136260751471254,7574.773530921982
5,seed9,3,3007,61,120.01,2335,13,451,0.11744882048186711,7988.398584191628
5,seed9,3,3007,66,130.01,2425,16,473,0.12197575574669282,8401.313666392613
5,seed9,3,3007,71,140.01,2562,17,502,0.12886675720537197,8825.116832903892
5,seed9,3,3007,76,150.01,2676,19,514,0.13460087520748454,9222.598447862845
5,seed9,3,3007,81,160.01,2791,19,539,0.1403852924903174,9616.649483935438
5,seed9,3,3007,86,170.01,2895,20,559,0.1456164176852271,9993.94460322191
5,seed9,3,3007,91,180.01,3019,21,581,0.15185352849454253,10370.534932952933
5,seed9,3,3007,96,190.01,3109,23,609,0.15638046375936823,10745.496963361029
5,seed9,3,3007,101,200.01,3217,25,633,0.1618127860771591,11122.711594346805
5,seed9,3,3007,106,210.01,3324,29,659,0.16719480911422965,11512.62871327117
5,seed9,3,3007,111,220.01,3438,33,677,0.17292892711634222,11903.899898894571
5,seed9,3,3007,116,230.01,3554,34,616,0.1787636436798954,12312.344963768344
5,seed9,3,3007,121,240.01,3656,36,371,0.18389417031336452,12718.865735602238
5,seed9,3,3007,126,250.01,3766,42,386,0.18942709119259596,13122.386977523965
5,seed9,3,3007,131,260.01,3890,46,412,0.19566420200191137,13561.509611606101
5,seed9,3,3007,136,270.01,4005,52,268,0.20144861928474422,13990.695886478989
5,seed9,3,3007,141,280.01,4110,54,261,0.20673004376037424,14422.636979700766
5,seed9,3,3007,146,290.01,4254,55,265,0.21397314018409536,14836.529314836647
5,seed9,3,3007,151,300.01,4342,56,269,0.21839947688748051,15204.854420538295
5,seed9,3,3007,156,310.01,4427,61,268,0.2226749157487048,15523.337610206667
5,seed9,3,3007,161,320.01,4512,64,264,0.22695035460992907,15821.439559442671
5,seed9,3,3007,166,330.01,4579,66,265,0.2303204064181882,16075.858266824758
5,seed9,3,3007,171,340.01,4628,71,240,0.2327850711734822,16295.275053757192
5,seed9,3,3007,176,350.01,4703,74,251,0.23655751722750365,16492.53136008679
5,seed9,3,3007,181,360.01,4727,74,249,0.2377646999647905,16670.403985815763
5,seed9,3,3007,186,370.01,4772,74,252,0.24002816759720336,16804.549621607403
5,seed9,3,3007,191,380.01,4800,80,255,0.24143654745737136,16895.325708468266
5,seed9,3,3007,196,390.01,4822,82,248,0.24254313163321764,16993.777308012082
5,seed9,3,3007,201,400.01,4847,84,252,0.2438006136512248,17066.32682919783
5,seed9,3,3007,206,410.01,4858,84,255,0.24435390573914792,17135.6868631849
5,seed9,3,3007,211,420.01,4858,86,255,0.24435390573914792,17179.798040051915
5,seed9,3,3007,216,430.01,4871,86,253,0.24500779638851164,17213.670887202545
5,seed9,3,3007,221,440.01,4870,90,252,0.24495749710779136,17232.671686770816
5,seed9,3,3007,226,450.01,4863,91,250,0.24460540214274937,17258.499118308184
5,seed9,3,3007,231,460.01,4865,91,245,0.24470600070418994,17279.00671164551
5,seed9,3,3007,236,470.01,4860,92,246,0.24445450430058852,17293.120997834798
5,seed9,3,3007,241,480.01,4863,92,248,0.24460540214274937,17303.50056579575
5,seed9,3,3007,246,490.01,4869,94,247,0.24490719782707107,17307.78899780781
5,seed9,3,3007,251,500.01,4874,95,248,0.2451586942306725,17315.268309555206
5,seed9,3,3007,256,510.01,4869,95,249,0.24490719782707107,17322.647716342573
5,seed9,3,3007,261,520.01,4870,96,248,0.24495749710779136,17322.725293907508
5,seed9,3,3007,266,530.01,4867,97,248,0.2448065992656305,17325.783626736607
5,seed9,3,3007,271,540.01,4868,97,246,0.2448568985463508,17330.278209533004
5,seed9,3,3007,276,550.01,4871,97,245,0.24500779638851164,17333.75615701043
5,seed9,3,3007,281,560.01,4873,97,246,0.2451083949499522,17336.625880715503
5,seed9,3,3007,286,570.01,4876,97,249,0.24525929279211306,17338.864381846557
5,seed9,3,3007,291,580.01,4870,97,248,0.24495749710779136,17339.93944139241
5,seed9,3,3007,296,590.01,4868,98,249,0.2448568985463508,17337.767874042067
5,seed9,3,3007,301,600.01,4864,98,247,0.24465570142346965,17341.3090995651
5,seed36,1,1007,0,0.0,36,35,2,0.0018107741059302852,180.0
5,seed36,1,1007,1,0.01,36,35,2,0.0018107741059302852,182.1745388948912
5,seed36,1,1007,6,10.01,2241,31,117,0.11272068809416025,8193.583824851943
5,seed36,1,1007,11,20.01,2898,31,155,0.14576731552738795,9792.603357272312
5,seed36,1,1007,16,30.01,3217,32,155,0.1618127860771591,10930.410286538216
5,seed36,1,1007,21,40.01,3532,33,183,0.1776570595040491,12161.498027892972
5,seed36,1,1007,26,50.01,3829,40,200,0.19259594587797393,13258.624749285595
5,seed36,1,1007,31,60.01,4076,44,226,0.20501986821588453,14127.753458649633
5,seed36,1,1007,36,70.01,4281,47,241,0.21533122076354308,14799.568324379214
5,seed36,1,1007,41,80.01,4415,50,251,0.22207132438006136,15305.651301874077
5,seed36,1,1007,46,90.01,4520,54,263,0.22735274885569137,15709.391231459416
5,seed36,1,1007,51,100.01,4600,57,278,0.23137669131331423,16063.773861136573
5,seed36,1,1007,56,110.01,4677,59,284,0.2352497359287762,16347.717999466753
5,seed36,1,1007,61,120.01,4757,63,291,0.23927367838639907,16565.1438261844
5,seed36,1,1007,66,130.01,4777,66,288,0.24027966400080478,16744.45089681698
5,seed36,1,1007,71,140.01,4829,68,296,0.24289522659825966,16882.51807180248
5,seed36,1,1007,76,150.01,4855,70,300,0.24420300789698707,16985.019161973323
5,seed36,1,1007,81,160.01,4871,71,300,0.24500779638851164,17069.151405408767
5,seed36,1,1007,86,170.01,4888,71,301,0.2458628841607565,17134.33753626819
5,seed36,1,1007,91,180.01,4898,74,304,0.24636587696795936,17168.526905336897
5,seed36,1,1007,96,190.01,4911,76,304,0.24701976761732308,17203.893189154518
5,seed36,1,1007,101,200.01,4907,78,304,0.24681857049444192,17233.88578308175
5,seed36,1,1007,106,210.01,4924,78,306,0.24767365826668677,17262.87792621761
5,seed36,1,1007,111,220.01,4924,81,306,0.24767365826668677,17274.045335230876
5,seed36,1,1007,116,230.01,4914,82,306,0.24717066545948393,17287.28962681371
5,seed36,1,1007,121,240.01,4907,84,306,0.24681857049444192,17300.20575492577
5,seed36,1,1007,126,250.01,4893,85,306,0.24611438056435794,17313.627708104017
5,seed36,1,1007,131,260.01,4904,86,306,0.24666767265228107,17322.43055854558
5,seed36,1,1007,136,270.01,4913,88,304,0.24712036617876365,17328.920344038066
5,seed36,1,1007,141,280.01,4905,89,309,0.24671797193300135,17336.656710418738
5,seed36,1,1007,146,290.01,4907,89,303,0.24681857049444192,17347.413864736878
5,seed36,1,1007,151,300.01,4909,90,263,0.24691916905588251,17352.808188807172
5,seed36,1,1007,156,310.01,4923,90,260,0.2476233589859665,17357.630724437695
5,seed36,1,1007,161,320.01,4926,91,263,0.24777425682812737,17362.76164140945
5,seed36,1,1007,166,330.01,4914,92,261,0.24717066545948393,17365.739293053495
5,seed36,1,1007,171,340.01,4914,93,259,0.24717066545948393,17369.977863440246
5,seed36,1,1007,176,350.01,4919,93,261,0.24742216186308535,17376.495153674314
5,seed36,1,1007,181,360.01,4914,93,261,0.24717066545948393,17381.112785119578
5,seed36,1,1007,186,370.01,4911,93,261,0.24701976761732308,17383.00798237702
5,seed36,1,1007,191,380.01,4897,93,258,0.24631557768723908,17380.225751206617
5,seed36,1,1007,196,390.01,4898,97,258,0.24636587696795936,17372.84385767072
5,seed36,1,1007,201,400.01,4900,97,257,0.24646647552939993,17379.882453013677
5,seed36,1,1007,206,410.01,4902,97,253,0.2465670740908405,17380.251073878986
5,seed36,1,1007,211,420.01,4894,99,214,0.24616467984507823,17378.94249077891
5,seed36,1,1007,216,430.01,4890,99,210,0.24596348272219706,17382.229666738887
5,seed36,1,1007,221,440.01,4896,99,211,0.2462652784065188,17382.239618768763
5,seed36,1,1007,226,450.01,4900,100,209,0.24646647552939993,17380.192487962424
5,seed36,1,1007,231,460.01,4913,100,210,0.24712036617876365,17381.689568818045
5,seed36,1,1007,236,470.01,4911,100,209,0.24701976761732308,17382.218723717102
5,seed36,1,1007,241,480.01,4909,100,208,0.24691916905588251,17380.55033625367
5,seed36,1,1007,246,490.01,4910,101,208,0.2469694683366028,17376.61172105414
5,seed36,1,1007,251,500.01,4904,103,211,0.24666767265228107,17368.008813666278
5,seed36,1,1007,256,510.01,4895,103,211,0.2462149791257985,17371.02870980354
5,seed36,1,1007,261,520.01,4901,103,210,0.24651677481012021,17372.49772096729
5,seed36,1,1007,266,530.01,4903,103,211,0.24661737337156078,17373.75020199403
5,seed36,1,1007,271,540.01,4910,103,213,0.2469694683366028,17374.73118945182
5,seed36,1,1007,276,550.01,4915,103,214,0.24722096474020422,17375.50137672382
5,seed36,1,1007,281,560.01,4899,103,212,0.24641617624867965,17376.114716397817
5,seed36,1,1007,286,570.01,4891,103,209,0.24601378200291735,17376.616304018004
5,seed36,1,1007,291,580.01,4886,103,210,0.24576228559931593,17377.041899931908
5,seed36,1,1007,296,590.01,4874,103,211,0.2451586942306725,17377.41849591193
5,seed36,1,1007,301,600.01,4882,103,210,0.2455610884764348,17377.76562765029
5,seed36,2,2007,0,0.0,36,36,1,0.0018107741059302852,180.0
5,seed36,2,2007,1,0.01,36,36,1,0.0018107741059302852,182.19509651041915
5,seed36,2,2007,6,10.01,2077,31,107,0.1044716060560334,7655.42564925724
5,seed36,2,2007,11,20.01,2745,31,150,0.13807152557718425,9291.403276832938
5,seed36,2,2007,16,30.01,3039,32,167,0.15285951410894824,10441.62774362268
5,seed36,2,2007,21,40.01,3381,32,196,0.17006186811528595,11623.484918702394
5,seed36,2,2007,26,50.01,3664,34,220,0.1842965645591268,12626.593235229626
5,seed36,2,2007,31,60.01,3911,35,243,0.19672048689703736,13464.171438573112
5,seed36,2,2007,36,70.01,4132,37,267,0.2078366279362205,14139.174066022795
5,seed36,2,2007,41,80.01,4222,40,277,0.2123635632010462,14678.980526157007
5,seed36,2,2007,46,90.01,4369,43,300,0.2197575574669282,15135.335621209906
5,seed36,2,2007,51,100.01,4471,44,301,0.22488808410039737,15537.569521816466
5,seed36,2,2007,56,110.01,4583,46,312,0.23052160354106938,15882.999492753639
5,seed36,2,2007,61,120.01,4667,50,330,0.23474674312157337,16169.422175329524
5,seed36,2,2007,66,130.01,4709,55,334,0.23685931291182535,16406.668664735218
5,seed36,2,2007,71,140.01,4749,63,278,0.2388712841406368,16612.913288399155
5,seed36,2,2007,76,150.01,4788,66,282,0.24083295608872793,16792.885274834523
5,seed36,2,2007,81,160.01,4835,67,291,0.24319702228258136,16934.244447052253
5,seed36,2,2007,86,170.01,4874,69,294,0.2451586942306725,17034.57053785283
5,seed36,2,2007,91,180.01,4875,74,256,0.24520899351139278,17110.36306742672
5,seed36,2,2007,96,190.01,4881,76,258,0.2455107891957145,17176.425847508122
5,seed36,2,2007,101,200.01,4893,79,262,0.24611438056435794,17219.01337544283
5,seed36,2,2007,106,210.01,4901,79,261,0.24651677481012021,17262.0530414429
5,seed36,2,2007,111,220.01,4919,80,260,0.24742216186308535,17287.218673650612
5,seed36,2,2007,116,230.01,4910,81,253,0.2469694683366028,17298.729767402278
5,seed36,2,2007,121,240.01,4909,84,195,0.24691916905588251,17309.87809453734
5,seed36,2,2007,126,250.01,4914,86,159,0.24717066545948393,17317.529877790148
5,seed36,2,2007,131,260.01,4900,89,157,0.24646647552939993,17316.822250701403
5,seed36,2,2007,136,270.01,4904,91,158,0.24666767265228107,17324.601729640683
5,seed36,2,2007,141,280.01,4906,92,159,0.24676827121372163,17330.878071302526
5,seed36,2,2007,146,290.01,4906,93,152,0.24676827121372163,17335.780111529024
5,seed36,2,2007,151,300.01,4898,94,151,0.24636587696795936,17341.66202347832
5,seed36,2,2007,156,310.01,4904,94,149,0.24666767265228107,17350.34945446418
5,seed36,2,2007,161,320.01,4915,94,149,0.24722096474020422,17357.049919440433
5,seed36,2,2007,166,330.01,4910,94,150,0.2469694683366028,17362.811563603194
5,seed36,2,2007,171,340.01,4897,94,149,0.24631557768723908,17367.814867604677
5,seed36,2,2007,176,350.01,4882,94,149,0.2455610884764348,17372.18978045798
5,seed36,2,2007,181,360.01,4878,94,151,0.24535989135355366,17376.003619355444
5,seed36,2,2007,186,370.01,4889,94,151,0.24591318344147678,17379.172211271376
5,seed36,2,2007,191,380.01,4879,94,152,0.24541019063427394,17380.756214584653
5,seed36,2,2007,196,390.01,4890,95,153,0.24596348272219706,17380.50097917945
5,seed36,2,2007,201,400.01,4897,95,155,0.24631557768723908,17384.092507149493
5,seed36,2,2007,206,410.01,4903,95,153,0.24661737337156078,17386.329580991856
5,seed36,2,2007,211,420.01,4911,95,152,0.24701976761732308,17387.882062506545
5,seed36,2,2007,216,430.01,4910,95,151,0.2469694683366028,17387.630079330662
5,seed36,2,2007,221,440.01,4901,97,149,0.24651677481012021,17381.540039995492
5,seed36,2,2007,226,450.01,4896,97,150,0.2462652784065188,17384.33753827498
5,seed36,2,2007,231,460.01,4901,97,152,0.24651677481012021,17386.4850091903
5,seed36,2,2007,236,470.01,4897,97,151,0.24631557768723908,17388.20329358783
5,seed36,2,2007,241,480.01,4904,97,151,0.24666767265228107,17389.70381697654
5,seed36,2,2007,246,490.01,4906,97,150,0.24676827121372163,17391.03593874176
5,seed36,2,2007,251,500.01,4911,97,151,0.24701976761732308,17392.242167022683
5,seed36,2,2007,256,510.01,4908,97,150,0.2468688697751622,17393.35730552958
5,seed36,2,2007,261,520.01,4910,97,150,0.2469694683366028,17394.398518370996
5,seed36,2,2007,266,530.01,4899,97,150,0.24641617624867965,17395.364414060212
5,seed36,2,2007,271,540.01,4903,97,151,0.24661737337156078,17396.24054998361
5,seed36,2,2007,276,550.01,4907,97,151,0.24681857049444192,17396.999283385165
5,seed36,2,2007,281,560.01,4904,97,151,0.24666767265228107,17397.573640011276
5,seed36,2,2007,286,570.01,4899,97,149,0.24641617624867965,17397.712076696065
5,seed36,2,2007,291,580.01,4893,98,149,0.24611438056435794,17395.54697979876
5,seed36,2,2007,296,590.01,4902,98,149,0.2465670740908405,17393.420573291303
5,seed36,2,2007,301,600.01,4897,98,148,0.24631557768723908,17393.789653092594
5,seed36,3,3007,0,0.0,36,35,2,0.0018107741059302852,180.0
5,seed36,3,3007,1,0.01,36,35,2,0.0018107741059302852,182.20404190461494
5,seed36,3,3007,6,10.01,2123,32,88,0.10678537296916654,7849.530692416894
5,seed36,3,3007,11,20.01,2684,32,142,0.1350032694532468,9200.56084773345
5,seed36,3,3007,16,30.01,2984,32,159,0.15009305366933254,10204.352148865717
5,seed36,3,3007,21,40.01,3264,33,187,0.16417685227101253,11246.3306028853
5,seed36,3,3007,26,50.01,3546,36,216,0.1783612494341331,12205.52131536989
5,seed36,3,3007,31,60.01,3758,40,234,0.18902469694683366,12971.801732900274
5,seed36,3,3007,36,70.01,3908,45,252,0.1965695890548765,13584.048442874151
5,seed36,3,3007,41,80.01,4052,46,274,0.20381268547859765,14103.879092658985
5,seed36,3,3007,46,90.01,4175,49,286,0.2099994970071928,14534.005325402346
5,seed36,3,3007,51,100.01,4282,51,302,0.21538152004426336,14911.014543768502
5,seed36,3,3007,56,110.01,4371,53,312,0.2198581560283688,15225.280179810885
5,seed36,3,3007,61,120.01,4437,58,325,0.22317790855590766,15473.488908567939
5,seed36,3,3007,66,130.01,4500,62,341,0.22634676324128564,15678.99592349468
5,seed36,3,3007,71,140.01,4532,63,343,0.22795634022433478,15860.809754581338
5,seed36,3,3007,76,150.01,4577,67,355,0.23021980785674764,16005.441156731144
5,seed36,3,3007,81,160.01,4599,72,355,0.23132639203259395,16135.028189081171
5,seed36,3,3007,86,170.01,4597,76,365,0.23122579347115335,16248.328499557872
5,seed36,3,3007,91,180.01,4626,78,362,0.23268447261204164,16382.178376788208
5,seed36,3,3007,96,190.01,4670,80,366,0.23489764096373422,16508.77241686248
5,seed36,3,3007,101,200.01,4704,81,375,0.23660781650822393,16632.25236982081
5,seed36,3,3007,106,210.01,4756,81,379,0.23922337910567879,16744.960944219834
5,seed36,3,3007,111,220.01,4784,82,381,0.2406317589658468,16844.34239022995
5,seed36,3,3007,116,230.01,4816,82,377,0.24224133594889594,16932.981392640824
5,seed36,3,3007,121,240.01,4812,86,380,0.2420401388260148,16993.83222553607
5,seed36,3,3007,126,250.01,4840,86,380,0.24344851868618278,17064.11863979431
5,seed36,3,3007,131,260.01,4833,88,266,0.2430964237211408,17114.37973375057
5,seed36,3,3007,136,270.01,4840,89,279,0.24344851868618278,17169.56998196319
5,seed36,3,3007,141,280.01,4843,89,276,0.24359941652834363,17221.663890117314
5,seed36,3,3007,146,290.01,4847,91,283,0.2438006136512248,17263.02545556557
5,seed36,3,3007,151,300.01,4875,91,282,0.24520899351139278,17303.122498078093
5,seed36,3,3007,156,310.01,4873,93,247,0.2451083949499522,17322.71462713767
5,seed36,3,3007,161,320.01,4864,97,241,0.24465570142346965,17332.71490188609
5,seed36,3,3007,166,330.01,4867,97,244,0.2448065992656305,17351.823516931436
5,seed36,3,3007,171,340.01,4895,97,243,0.2462149791257985,17358.89549388385
5,seed36,3,3007,176,350.01,4885,99,243,0.24571198631859564,17359.857602194577
5,seed36,3,3007,181,360.01,4890,100,243,0.24596348272219706,17363.59750704265
5,seed36,3,3007,186,370.01,4898,100,244,0.24636587696795936,17370.177681793546
5,seed36,3,3007,191,380.01,4896,100,243,0.2462652784065188,17373.631504666624
5,seed36,3,3007,196,390.01,4880,101,237,0.24546048991499422,17372.44690253766
5,seed36,3,3007,201,400.01,4873,101,240,0.2451083949499522,17375.852618306533
5,seed36,3,3007,206,410.01,4869,102,197,0.24490719782707107,17373.10813725169
5,seed36,3,3007,211,420.01,4861,103,197,0.2445048035813088,17373.304467481237
5,seed36,3,3007,216,430.01,4842,103,193,0.24354911724762335,17374.84139905593
5,seed36,3,3007,221,440.01,4821,103,191,0.24249283235249736,17376.3934601602
5,seed36,3,3007,226,450.01,4819,104,194,0.2423922337910568,17374.306068326383
5,seed36,3,3007,231,460.01,4827,104,196,0.24279462803681906,17377.751522874976
5,seed36,3,3007,236,470.01,4823,104,193,0.24259343091393792,17379.66593023554
5,seed36,3,3007,241,480.01,4836,104,193,0.24324732156330164,17381.245659571454
5,seed36,3,3007,246,490.01,4842,104,196,0.24354911724762335,17382.625537366206
5,seed36,3,3007,251,500.01,4854,104,197,0.24415270861626678,17383.87039095153
5,seed36,3,3007,256,510.01,4866,104,197,0.24475629998491022,17385.01793240771
5,seed36,3,3007,261,520.01,4865,104,196,0.24470600070418994,17386.099230817184
5,seed36,3,3007,266,530.01,4863,104,195,0.24460540214274937,17387.14278885111
5,seed36,3,3007,271,540.01,4861,104,195,0.2445048035813088,17388.17147027894
5,seed36,3,3007,276,550.01,4855,104,194,0.24420300789698707,17389.200372323954
5,seed36,3,3007,281,560.01,4850,104,193,0.24395151149338565,17390.240077401857
5,seed36,3,3007,286,570.01,4846,104,193,0.2437503143705045,17391.30108150716
5,seed36,3,3007,291,580.01,4846,104,195,0.2437503143705045,17392.39560411698
5,seed36,3,3007,296,590.01,4841,104,194,0.24349881796690306,17393.536691773494
5,seed36,3,3007,301,600.01,4842,104,192,0.24354911724762335,17394.730526752854
5,seed144,1,1007,0,0.0,144,141,2,0.007243096423721141,720.0
5,seed144,1,1007,1,0.01,144,141,2,0.007243096423721141,728.7887419193553
5,seed144,1,1007,6,10.01,4159,83,128,0.20919470851566824,14863.537299133726
5,seed144,1,1007,11,20.01,4328,84,127,0.2176952869573965,15257.998377747841
5,seed144,1,1007,16,30.01,4444,87,108,0.22353000352094965,15764.861088285761
5,seed144,1,1007,21,40.01,4559,87,106,0.2293144208037825,16116.144997239164
5,seed144,1,1007,26,50.01,4618,91,115,0.23228207836627937,16379.518628785312
5,seed144,1,1007,31,60.01,4672,92,109,0.2349982395251748,16600.633961394848
5,seed144,1,1007,36,70.01,4717,94,112,0.23726170715758765,16770.176593884506
5,seed144,1,1007,41,80.01,4749,96,111,0.2388712841406368,16905.814897425116
5,seed144,1,1007,46,90.01,4773,98,108,0.24007846687792364,17014.68509816141
5,seed144,1,1007,51,100.01,4828,100,105,0.24284492731753937,17104.71051227212
5,seed144,1,1007,56,110.01,4839,100,105,0.2433982194054625,17180.819210369293
5,seed144,1,1007,61,120.01,4845,101,105,0.24370001508978423,17230.950497894424
5,seed144,1,1007,66,130.01,4849,104,105,0.24390121221266536,17259.444401115208
5,seed144,1,1007,71,140.01,4840,104,105,0.24344851868618278,17289.884225099784
5,seed144,1,1007,76,150.01,4849,106,104,0.24390121221266536,17300.804159621897
5,seed144,1,1007,81,160.01,4856,108,103,0.24425330717770735,17310.111082476018
5,seed144,1,1007,86,170.01,4860,108,105,0.24445450430058852,17323.601091887675
5,seed144,1,1007,91,180.01,4872,108,108,0.24505809566923192,17330.9215807367
5,seed144,1,1007,96,190.01,4875,108,107,0.24520899351139278,17336.0846182315
5,seed144,1,1007,101,200.01,4876,108,104,0.24525929279211306,17339.53672633558
5,seed144,1,1007,106,210.01,4852,108,105,0.24405211005482622,17341.606356719072
5,seed144,1,1007,111,220.01,4862,108,106,0.24455510286202908,17343.446607236663
5,seed144,1,1007,116,230.01,4846,108,105,0.2437503143705045,17344.911393345777
5,seed144,1,1007,121,240.01,4851,108,104,0.24400181077410593,17345.59354459752
5,seed144,1,1007,126,250.01,4835,108,103,0.24319702228258136,17345.46966761993
5,seed144,1,1007,131,260.01,4827,109,103,0.24279462803681906,17342.544097246602
5,seed144,1,1007,136,270.01,4823,109,104,0.24259343091393792,17341.938117552003
5,seed144,1,1007,141,280.01,4831,110,103,0.24299582515970022,17338.611012322745
5,seed144,1,1007,146,290.01,4822,110,105,0.24254313163321764,17341.145017312236
5,seed144,1,1007,151,300.01,4824,110,105,0.2426437301946582,17342.14303669032
5,seed144,1,1007,156,310.01,4835,110,106,0.24319702228258136,17342.652130146605
5,seed144,1,1007,161,320.01,4832,110,103,0.2430461244404205,17342.531594521337
5,seed144,1,1007,166,330.01,4842,111,103,0.24354911724762335,17339.680688790162
5,seed144,1,1007,171,340.01,4838,111,102,0.2433479201247422,17339.118963428038
5,seed144,1,1007,176,350.01,4834,112,102,0.24314672300186108,17336.814356776675
5,seed144,1,1007,181,360.01,4845,112,101,0.24370001508978423,17339.614901356385
5,seed144,1,1007,186,370.01,4842,112,100,0.24354911724762335,17339.82873185606
5,seed144,1,1007,191,380.01,4843,113,98,0.24359941652834363,17338.33822509381
5,seed144,1,1007,196,390.01,4849,113,100,0.24390121221266536,17341.063154347685
5,seed144,1,1007,201,400.01,4856,113,102,0.24425330717770735,17342.348439430603
5,seed144,1,1007,206,410.01,4854,113,102,0.24415270861626678,17343.345679257818
5,seed144,1,1007,211,420.01,4869,113,103,0.24490719782707107,17344.209234718146
5,seed144,1,1007,216,430.01,4867,113,105,0.2448065992656305,17344.965404749797
5,seed144,1,1007,221,440.01,4860,113,108,0.24445450430058852,17345.5008048648
5,seed144,1,1007,226,450.01,4850,113,106,0.24395151149338565,17345.04364638523
5,seed144,1,1007,231,460.01,4848,114,105,0.24385091293194508,17342.633012305654
5,seed144,1,1007,236,470.01,4833,114,105,0.2430964237211408,17345.067656756317
5,seed144,1,1007,241,480.01,4840,114,104,0.24344851868618278,17346.15335381488
5,seed144,1,1007,246,490.01,4859,114,103,0.2444042050198682,17347.020655420063
5,seed144,1,1007,251,500.01,4858,114,103,0.24435390573914792,17347.76908553246
5,seed144,1,1007,256,510.01,4858,114,102,0.24435390573914792,17348.45536568322
5,seed144,1,1007,261,520.01,4866,114,101,0.24475629998491022,17349.11351006992
5,seed144,1,1007,266,530.01,4863,114,102,0.24460540214274937,17349.761296649544
5,seed144,1,1007,271,540.01,4856,114,100,0.24425330717770735,17350.403308882665
5,seed144,1,1007,276,550.01,4864,114,100,0.24465570142346965,17351.03528057852
5,seed144,1,1007,281,560.01,4850,114,98,0.24395151149338565,17351.64791440102
5,seed144,1,1007,286,570.01,4842,114,98,0.24354911724762335,17352.229319989172
5,seed144,1,1007,291,580.01,4832,114,98,0.2430461244404205,17352.76657302782
5,seed144,1,1007,296,590.01,4827,114,98,0.24279462803681906,17353.246050525442
5,seed144,1,1007,301,600.01,4828,114,97,0.24284492731753937,17353.64966969544
5,seed144,2,2007,0,0.0,144,135,4,0.007243096423721141,720.0
5,seed144,2,2007,1,0.01,144,135,4,0.007243096423721141,728.7980905138377
5,seed144,2,2007,6,10.01,4237,89,93,0.2131180524118505,15233.827891317285
5,seed144,2,2007,11,20.01,4362,90,103,0.21940546250188622,15462.463216234231
5,seed144,2,2007,16,30.01,4471,92,111,0.22488808410039737,15883.339306474496
5,seed144,2,2007,21,40.01,4550,94,96,0.22886172727729995,16198.344141692382
5,seed144,2,2007,26,50.01,4651,95,93,0.2339419546300488,16454.842255478834
5,seed144,2,2007,31,60.01,4678,95,95,0.2353000352094965,16665.212644914667
5,seed144,2,2007,36,70.01,4725,97,94,0.23766410140334993,16818.441231801775
5,seed144,2,2007,41,80.01,4757,101,92,0.23927367838639907,16924.49330549108
5,seed144,2,2007,46,90.01,4782,101,93,0.24053116040440622,17019.234007026374
5,seed144,2,2007,51,100.01,4771,104,92,0.23997786831648307,17073.03343316902
5,seed144,2,2007,56,110.01,4788,106,89,0.24083295608872793,17118.988958265487
5,seed144,2,2007,61,120.01,4811,107,81,0.24198983954529452,17161.025057273197
5,seed144,2,2007,66,130.01,4822,107,79,0.24254313163321764,17195.57654312422
5,seed144,2,2007,71,140.01,4846,107,81,0.2437503143705045,17221.391557911913
5,seed144,2,2007,76,150.01,4853,107,82,0.2441024093355465,17239.179847466003
5,seed144,2,2007,81,160.01,4843,109,82,0.24359941652834363,17249.7572874321
5,seed144,2,2007,86,170.01,4829,109,79,0.24289522659825966,17261.58187147396
5,seed144,2,2007,91,180.01,4833,111,80,0.2430964237211408,17267.431121819907
5,seed144,2,2007,96,190.01,4825,111,79,0.2426940294753785,17278.142894699064
5,seed144,2,2007,101,200.01,4828,112,78,0.24284492731753937,17280.92203422044
5,seed144,2,2007,106,210.01,4832,114,76,0.2430461244404205,17282.493835650515
5,seed144,2,2007,111,220.01,4829,114,75,0.24289522659825966,17288.913972772243
5,seed144,2,2007,116,230.01,4835,115,75,0.24319702228258136,17291.234839412784
5,seed144,2,2007,121,240.01,4825,115,74,0.2426940294753785,17297.309623169844
5,seed144,2,2007,126,250.01,4817,115,74,0.24229163522961622,17301.682099333397
5,seed144,2,2007,131,260.01,4806,115,74,0.24173834314169307,17304.922638224787
5,seed144,2,2007,136,270.01,4816,115,76,0.24224133594889594,17307.20745825015
5,seed144,2,2007,141,280.01,4828,115,76,0.24284492731753937,17308.023271192484
5,seed144,2,2007,146,290.01,4818,116,75,0.2423419345103365,17305.406589324182
5,seed144,2,2007,151,300.01,4818,116,73,0.2423419345103365,17306.543472575373
5,seed144,2,2007,156,310.01,4821,117,69,0.24249283235249736,17307.12988574576
5,seed144,2,2007,161,320.01,4840,117,69,0.24344851868618278,17310.023614006604
5,seed144,2,2007,166,330.01,4848,117,70,0.24385091293194508,17312.07493564546
5,seed144,2,2007,171,340.01,4852,117,70,0.24405211005482622,17313.770544793053
5,seed144,2,2007,176,350.01,4845,117,71,0.24370001508978423,17314.99409937887
5,seed144,2,2007,181,360.01,4839,117,71,0.2433982194054625,17314.6594146989
5,seed144,2,2007,186,370.01,4837,118,74,0.24329762084402193,17312.612482003402
5,seed144,2,2007,191,380.01,4842,118,74,0.24354911724762335,17316.216178973104
5,seed144,2,2007,196,390.01,4841,118,73,0.24349881796690306,17318.556636313646
5,seed144,2,2007,201,400.01,4839,118,74,0.2433982194054625,17320.415532355513
5,seed144,2,2007,206,410.01,4833,118,74,0.2430964237211408,17321.37879347062
5,seed144,2,2007,211,420.01,4821,119,74,0.24249283235249736,17319.609768839582
5,seed144,2,2007,216,430.01,4833,119,73,0.2430964237211408,17323.412063188218
5,seed144,2,2007,221,440.01,4840,119,72,0.24344851868618278,17325.551595201276
5,seed144,2,2007,226,450.01,4831,119,72,0.24299582515970022,17327.38085471349
5,seed144,2,2007,231,460.01,4835,119,71,0.24319702228258136,17328.952734627863
5,seed144,2,2007,236,470.01,4828,119,71,0.24284492731753937,17329.954368029128
5,seed144,2,2007,241,480.01,4823,120,74,0.24259343091393792,17327.75805388068
5,seed144,2,2007,246,490.01,4819,120,76,0.2423922337910568,17329.3568926905
5,seed144,2,2007,251,500.01,4792,121,66,0.24103415321160906,17328.09395313416
5,seed144,2,2007,256,510.01,4803,121,66,0.24158744529953222,17330.163461325246
5,seed144,2,2007,261,520.01,4804,121,64,0.2416377445802525,17332.412534657284
5,seed144,2,2007,266,530.01,4802,121,64,0.24153714601881193,17333.61925760178
5,seed144,2,2007,271,540.01,4807,122,64,0.24178864242241335,17331.41295450283
5,seed144,2,2007,276,550.01,4823,122,64,0.24259343091393792,17334.16926618936
5,seed144,2,2007,281,560.01,4839,122,64,0.2433982194054625,17335.83086176279
5,seed144,2,2007,286,570.01,4842,122,64,0.24354911724762335,17337.259899352997
5,seed144,2,2007,291,580.01,4847,122,65,0.2438006136512248,17338.521628871695
5,seed144,2,2007,296,590.01,4858,122,64,0.24435390573914792,17339.662479914106
5,seed144,2,2007,301,600.01,4859,122,65,0.2444042050198682,17340.70853848235
5,seed144,3,3007,0,0.0,144,141,2,0.007243096423721141,720.0
5,seed144,3,3007,1,0.01,144,141,2,0.007243096423721141,728.6322923480501
5,seed144,3,3007,6,10.01,4340,93,132,0.21829887832603995,15604.094775877242
5,seed144,3,3007,11,20.01,4460,93,119,0.22433479201247422,15800.34499026907
5,seed144,3,3007,16,30.01,4547,97,85,0.22871082943513907,16200.726295338522
5,seed144,3,3007,21,40.01,4668,97,89,0.23479704240229365,16506.663409654117
5,seed144,3,3007,26,50.01,4724,100,90,0.23761380212262964,16735.119562252825
5,seed144,3,3007,31,60.01,4770,102,90,0.2399275690357628,16922.774834634987
5,seed144,3,3007,36,70.01,4799,104,91,0.24138624817665108,17053.033048139154
5,seed144,3,3007,41,80.01,4817,106,86,0.24229163522961622,17146.95796680105
5,seed144,3,3007,46,90.01,4809,108,81,0.24188924098385392,17202.310653403263
5,seed144,3,3007,51,100.01,4820,108,79,0.24244253307177707,17247.27562441854
5,seed144,3,3007,56,110.01,4832,109,79,0.2430461244404205,17268.42243136513
5,seed144,3,3007,61,120.01,4832,111,78,0.2430461244404205,17285.733878804407
5,seed144,3,3007,66,130.01,4832,112,78,0.2430461244404205,17299.035056440032
5,seed144,3,3007,71,140.01,4814,114,78,0.24214073738745537,17297.96984159774
5,seed144,3,3007,76,150.01,4809,117,73,0.24188924098385392,17299.90602016732
5,seed144,3,3007,81,160.01,4818,117,73,0.2423419345103365,17309.987850770238
5,seed144,3,3007,86,170.01,4821,118,72,0.24249283235249736,17314.1489657072
5,seed144,3,3007,91,180.01,4824,118,71,0.2426437301946582,17319.042317063104
5,seed144,3,3007,96,190.01,4816,119,71,0.24224133594889594,17318.237459604192
5,seed144,3,3007,101,200.01,4792,119,71,0.24103415321160906,17319.328478690222
5,seed144,3,3007,106,210.01,4778,121,70,0.24032996328152506,17315.53772114889
5,seed144,3,3007,111,220.01,4792,121,71,0.24103415321160906,17319.196287109524
5,seed144,3,3007,116,230.01,4812,121,72,0.2420401388260148,17320.920677048023
5,seed144,3,3007,121,240.01,4813,121,71,0.24209043810673508,17322.209324573698
5,seed144,3,3007,126,250.01,4824,121,72,0.2426437301946582,17323.17400127597
5,seed144,3,3007,131,260.01,4815,121,73,0.24219103666817565,17323.444757192257
5,seed144,3,3007,136,270.01,4826,122,72,0.24274432875609878,17320.540214459113
5,seed144,3,3007,141,280.01,4821,122,72,0.24249283235249736,17323.45322785116
5,seed144,3,3007,146,290.01,4811,122,72,0.24198983954529452,17325.059881146226
5,seed144,3,3007,151,300.01,4818,122,72,0.2423419345103365,17326.445230518584
5,seed144,3,3007,156,310.01,4825,122,74,0.2426940294753785,17327.649381106654
5,seed144,3,3007,161,320.01,4828,122,72,0.24284492731753937,17328.713982682
5,seed144,3,3007,166,330.01,4835,122,73,0.24319702228258136,17329.680948827787
5,seed144,3,3007,171,340.01,4828,122,74,0.24284492731753937,17330.578274598112
5,seed144,3,3007,176,350.01,4816,122,74,0.24224133594889594,17331.419546476827
5,seed144,3,3007,181,360.01,4813,122,75,0.24209043810673508,17332.212472429674
5,seed144,3,3007,186,370.01,4823,122,75,0.24259343091393792,17332.964680803187
5,seed144,3,3007,191,380.01,4834,122,75,0.24314672300186108,17333.68502775403
5,seed144,3,3007,196,390.01,4837,122,75,0.24329762084402193,17334.380814569562
5,seed144,3,3007,201,400.01,4850,122,77,0.24395151149338565,17335.05581492592
5,seed144,3,3007,206,410.01,4851,122,77,0.24400181077410593,17335.71145692582
5,seed144,3,3007,211,420.01,4845,122,75,0.24370001508978423,17336.348376688467
5,seed144,3,3007,216,430.01,4850,122,75,0.24395151149338565,17336.964372707414
5,seed144,3,3007,221,440.01,4845,122,75,0.24370001508978423,17337.54341818107
5,seed144,3,3007,226,450.01,4849,122,75,0.24390121221266536,17338.013670729983
5,seed144,3,3007,231,460.01,4845,122,75,0.24370001508978423,17338.002411428457
5,seed144,3,3007,236,470.01,4834,123,75,0.24314672300186108,17335.169126571935
5,seed144,3,3007,241,480.01,4836,123,75,0.24324732156330164,17337.641775303986
5,seed144,3,3007,246,490.01,4831,123,75,0.24299582515970022,17339.23651959677
5,seed144,3,3007,251,500.01,4826,123,75,0.24274432875609878,17340.52716159708
5,seed144,3,3007,256,510.01,4816,123,76,0.24224133594889594,17341.670137318702
5,seed144,3,3007,261,520.01,4829,123,76,0.24289522659825966,17342.749241105616
5,seed144,3,3007,266,530.01,4831,123,76,0.24299582515970022,17343.80216152095
5,seed144,3,3007,271,540.01,4839,123,76,0.2433982194054625,17344.841291282843
5,seed144,3,3007,276,550.01,4845,123,76,0.24370001508978423,17345.864927437047
5,seed144,3,3007,281,560.01,4833,123,76,0.2430964237211408,17346.865823229717
5,seed144,3,3007,286,570.01,4821,123,76,0.24249283235249736,17347.838226016032
5,seed144,3,3007,291,580.01,4813,123,77,0.24209043810673508,17348.78129100778
5,seed144,3,3007,296,590.01,4803,123,77,0.24158744529953222,17349.6972287534
5,seed144,3,3007,301,600.01,4807,123,77,0.24178864242241335,17350.58563304135
5,random,1,,0,0.0,0,0,0,0.0,9968.405733900081
5,random,1,,1,0.01,0,0,0,0.0,9990.417774552596
5,random,1,,6,10.01,4913,173,93,0.24712036617876365,17199.153798694813
5,random,1,,11,20.01,4919,171,76,0.24742216186308535,17542.56626771939
5,random,1,,16,30.01,4884,170,67,0.24566168703787536,17539.095722806927
5,random,1,,21,40.01,4863,169,66,0.24460540214274937,17531.31254105356
5,random,1,,26,50.01,4838,168,63,0.2433479201247422,17531.041983625822
5,random,1,,31,60.01,4855,168,59,0.24420300789698707,17539.92686026104
5,random,1,,36,70.01,4869,167,60,0.24490719782707107,17544.253171578544
5,random,1,,41,80.01,4870,167,60,0.24495749710779136,17542.442199606983
5,random,1,,46,90.01,4836,166,60,0.24324732156330164,17542.76814323097
5,random,1,,51,100.01,4860,166,61,0.24445450430058852,17543.642225711985
5,random,1,,56,110.01,4874,166,63,0.2451586942306725,17543.94397052868
5,random,1,,61,120.01,4865,166,64,0.24470600070418994,17544.193231146317
5,random,1,,66,130.01,4855,166,61,0.24420300789698707,17544.82753287065
5,random,1,,71,140.01,4860,166,64,0.24445450430058852,17543.860529474772
5,random,1,,76,150.01,4853,165,64,0.2441024093355465,17538.363562243336
5,random,1,,81,160.01,4860,165,65,0.24445450430058852,17543.89287998238
5,random,1,,86,170.01,4853,165,65,0.2441024093355465,17544.91652932211
5,random,1,,91,180.01,4846,165,67,0.2437503143705045,17545.138666776962
5,random,1,,96,190.01,4851,166,51,0.24400181077410593,17542.641861024953
5,random,1,,101,200.01,4851,166,51,0.24400181077410593,17545.644727502266
5,random,1,,106,210.01,4845,166,48,0.24370001508978423,17547.118255715402
5,random,1,,111,220.01,4842,166,48,0.24354911724762335,17548.37159147156
5,random,1,,116,230.01,4838,166,46,0.2433479201247422,17549.532118981042
5,random,1,,121,240.01,4828,166,45,0.24284492731753937,17550.657417331127
5,random,1,,126,250.01,4844,166,45,0.24364971580906394,17551.727806582334
5,random,1,,131,260.01,4844,166,44,0.24364971580906394,17552.655821406628
5,random,1,,136,270.01,4847,166,43,0.2438006136512248,17553.155373216658
5,random,1,,141,280.01,4838,165,43,0.2433479201247422,17549.87512325696
5,random,1,,146,290.01,4843,165,43,0.24359941652834363,17554.804921492054
5,random,1,,151,300.01,4836,165,43,0.24324732156330164,17556.619818976495
5,random,1,,156,310.01,4858,165,42,0.24435390573914792,17558.409291836364
5,random,1,,161,320.01,4866,165,43,0.24475629998491022,17560.154052648693
5,random,1,,166,330.01,4872,165,43,0.24505809566923192,17561.842721920053
5,random,1,,171,340.01,4858,165,42,0.24435390573914792,17563.472026360905
5,random,1,,176,350.01,4871,165,42,0.24500779638851164,17565.0505920969
5,random,1,,181,360.01,4877,165,42,0.24530959207283337,17566.593439396387
5,random,1,,186,370.01,4888,165,43,0.2458628841607565,17568.11729916581
5,random,1,,191,380.01,4888,165,43,0.2458628841607565,17569.634579547783
5,random,1,,196,390.01,4882,165,44,0.2455610884764348,17571.145335092748
5,random,1,,201,400.01,4883,165,45,0.24561138775715508,17572.634633859096
5,random,1,,206,410.01,4889,165,45,0.24591318344147678,17574.082501632765
5,random,1,,211,420.01,4893,165,44,0.24611438056435794,17575.478925646858
5,random,1,,216,430.01,4873,165,42,0.2451083949499522,17576.828395647513
5,random,1,,221,440.01,4874,165,41,0.2451586942306725,17578.143206748275
5,random,1,,226,450.01,4877,165,42,0.24530959207283337,17579.435806429563
5,random,1,,231,460.01,4871,165,42,0.24500779638851164,17580.714828163433
5,random,1,,236,470.01,4866,165,42,0.24475629998491022,17581.98389119511
5,random,1,,241,480.01,4859,165,41,0.2444042050198682,17583.242215137572
5,random,1,,246,490.01,4864,165,41,0.24465570142346965,17584.486580460944
5,random,1,,251,500.01,4872,165,42,0.24505809566923192,17585.713549753265
5,random,1,,256,510.01,4883,165,42,0.24561138775715508,17586.920612196995
5,random,1,,261,520.01,4888,165,41,0.2458628841607565,17588.106091069923
5,random,1,,266,530.01,4871,165,41,0.24500779638851164,17589.268744058627
5,random,1,,271,540.01,4863,165,41,0.24460540214274937,17590.40768202459
5,random,1,,276,550.01,4858,165,40,0.24435390573914792,17591.52273555767
5,random,1,,281,560.01,4866,165,41,0.24475629998491022,17592.614908808766
5,random,1,,286,570.01,4874,165,41,0.2451586942306725,17593.686150038146
5,random,1,,291,580.01,4873,165,41,0.2451083949499522,17594.738199347616
5,random,1,,296,590.01,4887,165,41,0.2458125848800362,17595.771252151004
5,random,1,,301,600.01,4887,165,41,0.2458125848800362,17596.783322253938
5,random,2,,0,0.0,0,0,0,0.0,9920.090612414248
5,random,2,,1,0.01,0,0,0,0.0,9941.345648229253
5,random,2,,6,10.01,4924,168,112,0.24767365826668677,17137.78518067949
5,random,2,,11,20.01,4926,166,119,0.24777425682812737,17578.701750295724
5,random,2,,16,30.01,4904,165,83,0.24666767265228107,17579.03784206295
5,random,2,,21,40.01,4887,166,84,0.2458125848800362,17564.060104254822
5,random,2,,26,50.01,4888,167,84,0.2458628841607565,17556.943907708333
5,random,2,,31,60.01,4860,167,78,0.24445450430058852,17558.45307277014
5,random,2,,36,70.01,4862,168,79,0.24455510286202908,17556.313818549283
5,random,2,,41,80.01,4877,168,77,0.24530959207283337,17557.010135175915
5,random,2,,46,90.01,4878,168,77,0.24535989135355366,17557.77450106587
5,random,2,,51,100.01,4871,167,78,0.24500779638851164,17562.373067117886
5,random,2,,56,110.01,4882,167,76,0.2455610884764348,17565.767817066688
5,random,2,,61,120.01,4884,167,75,0.24566168703787536,17568.625326374866
5,random,2,,66,130.01,4869,167,75,0.24490719782707107,17571.0401850225
5,random,2,,71,140.01,4862,167,75,0.24455510286202908,17573.089905122964
5,random,2,,76,150.01,4857,167,74,0.24430360645842764,17574.54342956318
5,random,2,,81,160.01,4853,167,71,0.2441024093355465,17574.259500203458
5,random,2,,86,170.01,4836,168,51,0.24324732156330164,17573.955721191116
5,random,2,,91,180.01,4839,168,49,0.2433982194054625,17576.68358293776
5,random,2,,96,190.01,4858,168,48,0.24435390573914792,17578.543304322528
5,random,2,,101,200.01,4861,168,47,0.2445048035813088,17580.187115760542
5,random,2,,106,210.01,4867,168,47,0.2448065992656305,17581.723949451087
5,random,2,,111,220.01,4865,168,46,0.24470600070418994,17583.28991069246
5,random,2,,116,230.01,4849,168,43,0.24390121221266536,17584.909756475266
5,random,2,,121,240.01,4859,168,42,0.2444042050198682,17586.574956719764
5,random,2,,126,250.01,4864,168,42,0.24465570142346965,17588.25747921191
5,random,2,,131,260.01,4854,168,42,0.24415270861626678,17589.900427879147
5,random,2,,136,270.01,4860,168,41,0.24445450430058852,17591.48283606815
5,random,2,,141,280.01,4865,168,39,0.24470600070418994,17593.00333216747
5,random,2,,146,290.01,4871,168,40,0.24500779638851164,17594.45461617103
5,random,2,,151,300.01,4867,168,39,0.2448065992656305,17595.822839661556
5,random,2,,156,310.01,4868,168,39,0.2448568985463508,17597.101726675108
5,random,2,,161,320.01,4883,168,40,0.24561138775715508,17598.29798080267
5,random,2,,166,330.01,4883,168,40,0.24561138775715508,17599.422017311103
5,random,2,,171,340.01,4896,168,40,0.2462652784065188,17600.479261847777
5,random,2,,176,350.01,4887,168,40,0.2458125848800362,17601.469206236005
5,random,2,,181,360.01,4891,168,40,0.24601378200291735,17602.389892048246
5,random,2,,186,370.01,4883,168,40,0.24561138775715508,17603.24465159408
5,random,2,,191,380.01,4881,168,40,0.2455107891957145,17604.045667258248
5,random,2,,196,390.01,4882,168,40,0.2455610884764348,17604.805371176775
5,random,2,,201,400.01,4886,168,40,0.24576228559931593,17605.526922709905
5,random,2,,206,410.01,4889,168,40,0.24591318344147678,17606.215181815074
5,random,2,,211,420.01,4887,168,40,0.2458125848800362,17606.89045117115
5,random,2,,216,430.01,4877,168,41,0.24530959207283337,17607.580599930137
5,random,2,,221,440.01,4887,168,41,0.2458125848800362,17608.300181541123
5,random,2,,226,450.01,4884,168,41,0.24566168703787536,17609.0489440034
5,random,2,,231,460.01,4893,168,41,0.24611438056435794,17609.822007854982
5,random,2,,236,470.01,4903,168,41,0.24661737337156078,17610.61246557542
5,random,2,,241,480.01,4898,168,41,0.24636587696795936,17611.412072137267
5,random,2,,246,490.01,4901,168,41,0.24651677481012021,17612.21258435206
5,random,2,,251,500.01,4893,168,41,0.24611438056435794,17613.00653586178
5,random,2,,256,510.01,4893,168,41,0.24611438056435794,17613.787115717863
5,random,2,,261,520.01,4896,168,41,0.2462652784065188,17614.54692150808
5,random,2,,266,530.01,4903,168,41,0.24661737337156078,17615.276357020375
5,random,2,,271,540.01,4900,168,41,0.24646647552939993,17615.96485366047
5,random,2,,276,550.01,4895,168,41,0.2462149791257985,17616.605498559053
5,random,2,,281,560.01,4909,168,41,0.24691916905588251,17617.19766055586
5,random,2,,286,570.01,4906,168,41,0.24676827121372163,17617.74513027534
5,random,2,,291,580.01,4899,168,41,0.24641617624867965,17618.253214406126
5,random,2,,296,590.01,4903,168,41,0.24661737337156078,17618.72713637952
5,random,2,,301,600.01,4905,168,41,0.24671797193300135,17619.17150568251
5,random,3,,0,0.0,0,0,0,0.0,9905.41048064975
5,random,3,,1,0.01,0,0,0,0.0,9926.267444130168
5,random,3,,6,10.01,4928,173,85,0.24787485538956794,17251.974502966157
5,random,3,,11,20.01,4934,170,86,0.24817665107388964,17613.72821974454
5,random,3,,16,30.01,4933,172,87,0.24812635179316936,17591.75730122118
5,random,3,,21,40.01,4909,171,85,0.24691916905588251,17585.158707784216
5,random,3,,26,50.01,4891,172,70,0.24601378200291735,17564.80025922115
5,random,3,,31,60.01,4885,172,59,0.24571198631859564,17558.345366692774
5,random,3,,36,70.01,4872,171,60,0.24505809566923192,17554.412993411832
5,random,3,,41,80.01,4864,170,58,0.24465570142346965,17560.616268135815
5,random,3,,46,90.01,4885,170,58,0.24571198631859564,17561.906831736767
5,random,3,,51,100.01,4886,170,57,0.24576228559931593,17563.242889391568
5,random,3,,56,110.01,4871,170,58,0.24500779638851164,17564.474937779178
5,random,3,,61,120.01,4860,170,59,0.24445450430058852,17565.767562677287
5,random,3,,66,130.01,4868,170,60,0.2448568985463508,17567.742738072066
5,random,3,,71,140.01,4874,170,59,0.2451586942306725,17568.824126616193
5,random,3,,76,150.01,4867,170,58,0.2448065992656305,17568.31433318791
5,random,3,,81,160.01,4868,170,57,0.2448568985463508,17567.98637153463
5,random,3,,86,170.01,4859,170,55,0.2444042050198682,17567.90857265047
5,random,3,,91,180.01,4857,170,53,0.24430360645842764,17568.112764012105
5,random,3,,96,190.01,4846,170,53,0.2437503143705045,17568.550587499587
5,random,3,,101,200.01,4843,170,52,0.24359941652834363,17569.143275360075
5,random,3,,106,210.01,4864,170,50,0.24465570142346965,17569.789468258634
5,random,3,,111,220.01,4878,170,51,0.24535989135355366,17570.479212683582
5,random,3,,116,230.01,4874,170,51,0.2451586942306725,17571.247763320833
5,random,3,,121,240.01,4867,170,53,0.2448065992656305,17572.130028841104
5,random,3,,126,250.01,4877,170,54,0.24530959207283337,17573.10916587864
5,random,3,,131,260.01,4888,170,51,0.2458628841607565,17574.131056057275
5,random,3,,136,270.01,4881,170,50,0.2455107891957145,17575.141798319295
5,random,3,,141,280.01,4881,170,47,0.2455107891957145,17576.100895044
5,random,3,,146,290.01,4884,170,47,0.24566168703787536,17576.995684153102
5,random,3,,151,300.01,4886,170,47,0.24576228559931593,17577.84998526857
5,random,3,,156,310.01,4881,170,46,0.2455107891957145,17578.703804796896
5,random,3,,161,320.01,4877,170,45,0.24530959207283337,17579.578455493338
5,random,3,,166,330.01,4869,170,44,0.24490719782707107,17580.47226209229
5,random,3,,171,340.01,4856,170,42,0.24425330717770735,17581.387901322687
5,random,3,,176,350.01,4850,170,41,0.24395151149338565,17582.349534934212
5,random,3,,181,360.01,4837,170,43,0.24329762084402193,17583.375561250516
5,random,3,,186,370.01,4835,170,40,0.24319702228258136,17584.465569108193
5,random,3,,191,380.01,4837,170,39,0.24329762084402193,17585.620328369627
5,random,3,,196,390.01,4855,170,40,0.24420300789698707,17586.841813324747
5,random,3,,201,400.01,4857,170,40,0.24430360645842764,17588.11553050571
5,random,3,,206,410.01,4859,170,41,0.2444042050198682,17589.412425012975
5,random,3,,211,420.01,4850,170,42,0.24395151149338565,17590.704992619518
5,random,3,,216,430.01,4857,170,42,0.24430360645842764,17591.97521758166
5,random,3,,221,440.01,4847,170,41,0.2438006136512248,17593.216089294878
5,random,3,,226,450.01,4839,170,40,0.2433982194054625,17594.432374727792
5,random,3,,231,460.01,4834,170,40,0.24314672300186108,17595.638671890563
5,random,3,,236,470.01,4846,170,40,0.2437503143705045,17596.844272798695
5,random,3,,241,480.01,4842,170,40,0.24354911724762335,17598.038184985337
5,random,3,,246,490.01,4831,170,40,0.24299582515970022,17599.200199057916
5,random,3,,251,500.01,4834,170,40,0.24314672300186108,17600.313472254355
5,random,3,,256,510.01,4839,170,41,0.2433982194054625,17601.3632285211
5,random,3,,261,520.01,4842,170,41,0.24354911724762335,17602.33045686298
5,random,3,,266,530.01,4841,170,41,0.24349881796690306,17603.171126733538
5,random,3,,271,540.01,4843,170,41,0.24359941652834363,17603.714895078632
5,random,3,,276,550.01,4842,170,40,0.24354911724762335,17602.259116900525
5,random,3,,281,560.01,4843,169,40,0.24359941652834363,17605.135627219308
5,random,3,,286,570.01,4836,169,40,0.24324732156330164,17606.343349494175
5,random,3,,291,580.01,4844,169,40,0.24364971580906394,17607.4784770778
5,random,3,,296,590.01,4841,169,40,0.24349881796690306,17608.426013781296
5,random,3,,301,600.01,4835,169,40,0.24319702228258136,17609.263042283405
5,nucl,1,,0,0.0,0,0,0,0.0,0.0
5,nucl,1,,1,0.01,3,3,1,0.0001508978421608571,12.0
5,nucl,1,,6,10.01,5054,218,117,0.25421256476032394,18178.590785022294
5,nucl,1,,11,20.01,5015,223,105,0.2522508928122328,17779.434298136483
5,nucl,1,,16,30.01,5053,204,106,0.25416226547960363,17960.714727661674
5,nucl,1,,21,40.01,5110,233,100,0.2570293244806599,18139.962742571755
5,nucl,1,,26,50.01,5129,219,100,0.25798501081434533,18206.825871831912
5,nucl,1,,31,60.01,5170,231,90,0.26004728132387706,18348.652641120036
5,nucl,1,,36,70.01,5202,241,80,0.2616568583069262,18458.284835431892
5,nucl,1,,41,80.01,5152,232,80,0.25914189427091194,18398.771702403017
5,nucl,1,,46,90.01,5183,230,83,0.2607011719732408,18410.278489933815
5,nucl,1,,51,100.01,5158,231,83,0.25944368995523365,18448.030459428643
5,nucl,1,,56,110.01,5171,245,81,0.26009758060459737,18459.975741462342
5,nucl,1,,61,120.01,5166,231,80,0.2598460842009959,18480.3914100837
5,nucl,1,,66,130.01,5190,233,85,0.2610532669382828,18517.17831355905
5,nucl,1,,71,140.01,5182,243,80,0.2606508726925205,18486.355130711283
5,nucl,1,,76,150.01,5197,228,80,0.2614053619033248,18419.632120052403
5,nucl,1,,81,160.01,5179,242,85,0.26049997485035964,18453.131923607325
5,nucl,1,,86,170.01,5188,222,84,0.2609526683768422,18508.717284073486
5,nucl,1,,91,180.01,5165,234,70,0.25979578492027566,18452.756460978668
5,nucl,1,,96,190.01,5157,242,68,0.25939339067451334,18494.847828615108
5,nucl,1,,101,200.01,5165,242,68,0.25979578492027566,18505.07821093622
5,nucl,1,,106,210.01,5167,244,72,0.25989638348171623,18477.534895046843
5,nucl,1,,111,220.01,5136,233,72,0.25833710577938734,18392.67513092582
5,nucl,1,,116,230.01,5107,239,70,0.2568784266384991,18468.697983761347
5,nucl,1,,121,240.01,5138,234,72,0.2584377043408279,18555.99206362789
5,nucl,1,,126,250.01,5173,231,75,0.26019817916603794,18475.127609226613
5,nucl,1,,131,260.01,5127,237,76,0.25788441225290476,18444.9595420841
5,nucl,1,,136,270.01,5126,235,71,0.2578341129721845,18435.342521656476
5,nucl,1,,141,280.01,5163,256,73,0.2596951863588351,18528.080103518656
5,nucl,1,,146,290.01,5137,229,76,0.25838740506010766,18469.20766617979
5,nucl,1,,151,300.01,5189,247,80,0.2610029676575625,18580.467927730344
5,nucl,1,,156,310.01,5131,240,66,0.25808560937578595,18499.908026640835
5,nucl,1,,161,320.01,5134,246,65,0.2582365072179468,18424.840183070824
5,nucl,1,,166,330.01,5127,223,69,0.25788441225290476,18426.345533095766
5,nucl,1,,171,340.01,5139,240,64,0.2584880036215482,18421.737920151507
5,nucl,1,,176,350.01,5143,247,66,0.25868920074442936,18478.16537187862
5,nucl,1,,181,360.01,5144,235,62,0.2587395000251496,18445.856553926216
5,nucl,1,,186,370.01,5121,236,60,0.25758261656858306,18438.64813234865
5,nucl,1,,191,380.01,5135,250,62,0.2582868064986671,18475.045325268744
5,nucl,1,,196,390.01,5132,248,61,0.2581359086565062,18460.364441061003
5,nucl,1,,201,400.01,5110,248,67,0.2570293244806599,18432.859855741528
5,nucl,1,,206,410.01,5162,243,60,0.2596448870781148,18539.13734077074
5,nucl,1,,211,420.01,5149,248,60,0.25899099642875106,18505.35914684274
5,nucl,1,,216,430.01,5153,240,61,0.2591921935516322,18493.132440729074
5,nucl,1,,221,440.01,5109,240,61,0.25697902519993965,18423.60340601507
5,nucl,1,,226,450.01,5141,233,62,0.2585886021829888,18453.574681579878
5,nucl,1,,231,460.01,5137,240,61,0.25838740506010766,18462.48882032321
5,nucl,1,,236,470.01,5124,259,61,0.25773351441074394,18493.289351382722
5,nucl,1,,241,480.01,5122,257,62,0.25763291584930337,18483.319924199408
5,nucl,1,,246,490.01,5104,238,64,0.2567275287963382,18422.585687668317
5,nucl,1,,251,500.01,5106,239,63,0.25682812735777877,18448.463968617747
5,nucl,1,,256,510.01,5185,260,63,0.26080177053468134,18522.541092311454
5,nucl,1,,261,520.01,5135,229,64,0.2582868064986671,18438.854168479014
5,nucl,1,,266,530.01,5152,253,65,0.25914189427091194,18518.609744756195
5,nucl,1,,271,540.01,5150,250,66,0.2590412957094714,18476.915751594934
5,nucl,1,,276,550.01,5131,237,61,0.25808560937578595,18444.877350284478
5,nucl,1,,281,560.01,5130,255,65,0.25803531009506564,18450.41823413588
5,nucl,1,,286,570.01,5153,248,65,0.2591921935516322,18522.58343194191
5,nucl,1,,291,580.01,5130,258,62,0.25803531009506564,18498.091416812953
5,nucl,1,,296,590.01,5139,239,62,0.2584880036215482,18510.17670026383
5,nucl,1,,301,600.01,5131,235,63,0.25808560937578595,18517.23648372888
5,nucl,2,,0,0.0,0,0,0,0.0,0.0
5,nucl,2,,1,0.01,1,1,1,5.02992807202857e-05,4.0
5,nucl,2,,6,10.01,5102,223,103,0.25662693023489763,18199.763654664905
5,nucl,2,,11,20.01,5021,234,97,0.2525526884965545,17970.457701514308
5,nucl,2,,16,30.01,5083,256,77,0.2556712439012122,18161.01727268683
5,nucl,2,,21,40.01,5111,238,72,0.2570796237613802,18301.796286101307
5,nucl,2,,26,50.01,5105,225,78,0.2567778280770585,18277.520301267607
5,nucl,2,,31,60.01,5133,246,79,0.2581862079372265,18394.115466844047
5,nucl,2,,36,70.01,5125,239,81,0.2577838136914642,18328.66117406336
5,nucl,2,,41,80.01,5180,250,78,0.26055027413107995,18458.540109551162
5,nucl,2,,46,90.01,5138,238,69,0.2584377043408279,18441.12643052003
5,nucl,2,,51,100.01,5206,243,71,0.26185805542980733,18503.380714852014
5,nucl,2,,56,110.01,5133,242,71,0.2581862079372265,18410.231169675924
5,nucl,2,,61,120.01,5164,258,76,0.25974548563955535,18434.243299687714
5,nucl,2,,66,130.01,5162,251,74,0.2596448870781148,18481.2167562328
5,nucl,2,,71,140.01,5143,249,75,0.25868920074442936,18484.24235476111
5,nucl,2,,76,150.01,5150,248,70,0.2590412957094714,18453.447661343733
5,nucl,2,,81,160.01,5144,249,72,0.2587395000251496,18448.709833009707
5,nucl,2,,86,170.01,5170,247,62,0.26004728132387706,18529.969572374503
5,nucl,2,,91,180.01,5184,244,61,0.2607514712539611,18507.351944697835
5,nucl,2,,96,190.01,5144,238,59,0.2587395000251496,18425.84453810973
5,nucl,2,,101,200.01,5130,236,60,0.25803531009506564,18449.5638505623
5,nucl,2,,106,210.01,5099,241,58,0.2564760323927368,18397.529169559137
5,nucl,2,,111,220.01,5151,249,59,0.25909159499019163,18497.487922616667
5,nucl,2,,116,230.01,5122,236,59,0.25763291584930337,18460.610272487364
5,nucl,2,,121,240.01,5134,228,60,0.2582365072179468,18394.875586663446
5,nucl,2,,126,250.01,5157,251,62,0.25939339067451334,18466.708285615736
5,nucl,2,,131,260.01,5107,232,60,0.2568784266384991,18358.0916298042
5,nucl,2,,136,270.01,5128,248,61,0.25793471153362507,18458.971742906615
5,nucl,2,,141,280.01,5146,237,60,0.25884009858659024,18439.975621303398
5,nucl,2,,146,290.01,5173,260,61,0.26019817916603794,18515.27872959146
5,nucl,2,,151,300.01,5122,248,63,0.25763291584930337,18498.96486449013
5,nucl,2,,156,310.01,5152,230,70,0.25914189427091194,18480.3871236783
5,nucl,2,,161,320.01,5158,245,65,0.25944368995523365,18481.081526035687
5,nucl,2,,166,330.01,5143,245,67,0.25868920074442936,18450.367821788426
5,nucl,2,,171,340.01,5159,245,69,0.2594939892359539,18483.512199056415
5,nucl,2,,176,350.01,5124,239,65,0.25773351441074394,18411.43991595089
5,nucl,2,,181,360.01,5135,258,68,0.2582868064986671,18516.522891838154
5,nucl,2,,186,370.01,5160,240,68,0.2595442885166742,18515.279367346608
5,nucl,2,,191,380.01,5155,241,73,0.25929279211307277,18530.57638467903
5,nucl,2,,196,390.01,5136,230,72,0.25833710577938734,18435.839226446937
5,nucl,2,,201,400.01,5098,250,69,0.2564257331120165,18403.20962951119
5,nucl,2,,206,410.01,5171,257,63,0.26009758060459737,18537.348433223677
5,nucl,2,,211,420.01,5168,239,69,0.2599466827624365,18472.907431285632
5,nucl,2,,216,430.01,5138,237,69,0.2584377043408279,18509.5889040021
5,nucl,2,,221,440.01,5145,242,68,0.2587897993058699,18529.44272490477
5,nucl,2,,226,450.01,5121,223,64,0.25758261656858306,18432.357557551535
5,nucl,2,,231,460.01,5137,256,63,0.25838740506010766,18497.818635547213
5,nucl,2,,236,470.01,5138,249,71,0.2584377043408279,18497.611508480288
5,nucl,2,,241,480.01,5130,242,72,0.25803531009506564,18426.885908101212
5,nucl,2,,246,490.01,5164,247,71,0.25974548563955535,18495.91086957075
5,nucl,2,,251,500.01,5153,268,70,0.2591921935516322,18503.903310299527
5,nucl,2,,256,510.01,5152,249,66,0.25914189427091194,18506.38382177375
5,nucl,2,,261,520.01,5170,243,71,0.26004728132387706,18511.904583076233
5,nucl,2,,266,530.01,5096,228,68,0.25632513455057593,18433.72711130043
5,nucl,2,,271,540.01,5148,261,71,0.2589406971480308,18490.04179311143
5,nucl,2,,276,550.01,5115,228,45,0.25728082088426135,18373.742118961054
5,nucl,2,,281,560.01,5116,249,46,0.25733112016498166,18487.89752662625
5,nucl,2,,286,570.01,5173,266,47,0.26019817916603794,18585.663059271446
5,nucl,2,,291,580.01,5110,231,45,0.2570293244806599,18345.801673097052
5,nucl,2,,296,590.01,5176,252,48,0.26034907700819876,18578.9936320016
5,nucl,2,,301,600.01,5149,255,46,0.25899099642875106,18485.860722588524
5,nucl,3,,0,0.0,0,0,0,0.0,0.0
5,nucl,3,,1,0.01,4,4,1,0.0002011971228811428,16.0
5,nucl,3,,6,10.01,5104,245,94,0.2567275287963382,18339.031520628145
5,nucl,3,,11,20.01,5039,225,98,0.25345807554951966,17910.581233470555
5,nucl,3,,16,30.01,5061,220,89,0.2545646597253659,18034.512597259705
5,nucl,3,,21,40.01,5115,233,90,0.25728082088426135,18196.138616002107
5,nucl,3,,26,50.01,5124,235,86,0.25773351441074394,18239.267188063906
5,nucl,3,,31,60.01,5131,248,85,0.25808560937578595,18326.098160903734
5,nucl,3,,36,70.01,5111,235,85,0.2570796237613802,18298.943723899476
5,nucl,3,,41,80.01,5084,220,80,0.2557215431819325,18242.199393456453
5,nucl,3,,46,90.01,5120,229,71,0.2575323172878628,18280.58548606729
5,nucl,3,,51,100.01,5125,238,74,0.2577838136914642,18395.932443431393
5,nucl,3,,56,110.01,5110,235,69,0.2570293244806599,18348.035986810268
5,nucl,3,,61,120.01,5150,230,75,0.2590412957094714,18407.427772686948
5,nucl,3,,66,130.01,5174,244,72,0.2602484784467582,18432.613265774584
5,nucl,3,,71,140.01,5146,235,66,0.25884009858659024,18438.964538883305
5,nucl,3,,76,150.01,5124,222,69,0.25773351441074394,18415.75958987449
5,nucl,3,,81,160.01,5137,248,72,0.25838740506010766,18444.04186752692
5,nucl,3,,86,170.01,5165,235,66,0.25979578492027566,18433.85531107816
5,nucl,3,,91,180.01,5160,245,69,0.2595442885166742,18437.314135773362
5,nucl,3,,96,190.01,5128,234,74,0.25793471153362507,18409.203397036974
5,nucl,3,,101,200.01,5165,262,71,0.25979578492027566,18560.642824351107
5,nucl,3,,106,210.01,5143,255,68,0.25868920074442936,18500.525845711858
5,nucl,3,,111,220.01,5174,242,72,0.2602484784467582,18496.839656761316
5,nucl,3,,116,230.01,5121,231,69,0.25758261656858306,18412.067086572144
5,nucl,3,,121,240.01,5183,242,71,0.2607011719732408,18553.259867674264
5,nucl,3,,126,250.01,5151,230,76,0.25909159499019163,18413.180177419075
5,nucl,3,,131,260.01,5153,232,69,0.2591921935516322,18471.56790870447
5,nucl,3,,136,270.01,5123,233,73,0.2576832151300236,18448.367814189358
5,nucl,3,,141,280.01,5159,239,70,0.2594939892359539,18491.03711084166
5,nucl,3,,146,290.01,5167,247,56,0.25989638348171623,18542.95098885817
5,nucl,3,,151,300.01,5140,262,56,0.2585383029022685,18523.085765811033
5,nucl,3,,156,310.01,5125,249,60,0.2577838136914642,18456.101173679323
5,nucl,3,,161,320.01,5125,246,55,0.2577838136914642,18507.14646595693
5,nucl,3,,166,330.01,5131,248,56,0.25808560937578595,18464.843068594215
5,nucl,3,,171,340.01,5123,237,54,0.2576832151300236,18379.694691308774
5,nucl,3,,176,350.01,5110,245,55,0.2570293244806599,18477.61593703403
5,nucl,3,,181,360.01,5126,237,55,0.2578341129721845,18435.483468412283
5,nucl,3,,186,370.01,5119,230,52,0.2574820180071425,18428.899251416773
5,nucl,3,,191,380.01,5174,268,52,0.2602484784467582,18544.455891670583
5,nucl,3,,196,390.01,5098,241,52,0.2564257331120165,18367.435044817474
5,nucl,3,,201,400.01,5145,256,52,0.2587897993058699,18510.996834625385
5,nucl,3,,206,410.01,5106,253,49,0.25682812735777877,18419.611727049814
5,nucl,3,,211,420.01,5068,226,47,0.2549167546904079,18369.06248956876
5,nucl,3,,216,430.01,5122,237,53,0.25763291584930337,18436.71570520148
5,nucl,3,,221,440.01,5173,263,49,0.26019817916603794,18510.825933679844
5,nucl,3,,226,450.01,5113,241,52,0.2571802223228208,18473.596144802945
5,nucl,3,,231,460.01,5103,228,53,0.25667722951561794,18399.806852564267
5,nucl,3,,236,470.01,5157,255,52,0.25939339067451334,18586.310585309744
5,nucl,3,,241,480.01,5156,235,51,0.2593430913937931,18471.977377287974
5,nucl,3,,246,490.01,5124,240,49,0.25773351441074394,18443.09366111008
5,nucl,3,,251,500.01,5147,242,53,0.2588903978673105,18553.852298122005
5,nucl,3,,256,510.01,5130,248,55,0.25803531009506564,18438.163586251092
5,nucl,3,,261,520.01,5119,242,56,0.2574820180071425,18480.27551900787
5,nucl,3,,266,530.01,5134,248,50,0.2582365072179468,18531.975943699035
5,nucl,3,,271,540.01,5136,239,49,0.25833710577938734,18545.692238308355
5,nucl,3,,276,550.01,5211,251,52,0.2621095518334088,18597.785390132507
5,nucl,3,,281,560.01,5131,237,52,0.25808560937578595,18438.487957703255
5,nucl,3,,286,570.01,5112,245,52,0.25712992304210047,18436.96792359308
5,nucl,3,,291,580.01,5108,235,56,0.25692872591921934,18438.398783628098
5,nucl,3,,296,590.01,5141,241,59,0.2585886021829888,18497.674039146255
5,nucl,3,,301,600.01,5139,249,57,0.2584880036215482,18527.927512225455
9,seed1,0,,0,0.0,1,1,1,5.02992807202857e-05,5.0
9,seed1,0,,1,0.01,1,1,1,5.02992807202857e-05,5.059970674486805
9,seed1,0,,6,10.01,37,1,37,0.001861073386650571,126.2233525304307
9,seed1,0,,11,20.01,37,1,37,0.001861073386650571,136.90467370874256
9,seed1,0,,16,30.01,37,1,37,0.001861073386650571,138.04848133921416
9,seed1,0,,21,40.01,37,1,37,0.001861073386650571,138.25852390669363
9,seed1,0,,26,50.01,37,1,37,0.001861073386650571,138.2993939315437
9,seed1,0,,31,60.01,37,1,37,0.001861073386650571,138.30743888829323
9,seed1,0,,36,70.01,37,1,37,0.001861073386650571,138.30902614075703
9,seed1,0,,41,80.01,37,1,37,0.001861073386650571,138.3093394449424
9,seed1,0,,46,90.01,37,1,37,0.001861073386650571,138.30940129291145
9,seed1,0,,51,100.01,37,1,37,0.001861073386650571,138.30941350225746
9,seed1,0,,56,110.01,37,1,37,0.001861073386650571,138.30941591250075
9,seed1,0,,61,120.01,37,1,37,0.001861073386650571,138.3094163883067
9,seed1,0,,66,130.01,37,1,37,0.001861073386650571,138.3094164822362
9,seed1,0,,71,140.01,37,1,37,0.001861073386650571,138.309416500782
9,seed1,0,,76,150.01,37,1,37,0.001861073386650571,138.30941650445624
9,seed1,0,,81,160.01,37,1,37,0.001861073386650571,138.30941650523636
9,seed1,0,,86,170.01,37,1,37,0.001861073386650571,138.30941650561874
9,seed1,0,,91,180.01,37,1,37,0.001861073386650571,138.30941650664641
9,seed1,0,,96,190.01,37,1,37,0.001861073386650571,138.30941651081957
9,seed1,0,,101,200.01,37,1,37,0.001861073386650571,138.30941652819706
9,seed1,0,,106,210.01,37,1,37,0.001861073386650571,138.30941660064667
9,seed1,0,,111,220.01,37,1,37,0.001861073386650571,138.30941690271604
9,seed1,0,,116,230.01,37,1,37,0.001861073386650571,138.30941816214155
9,seed1,0,,121,240.01,37,1,37,0.001861073386650571,138.30942341295327
9,seed1,0,,126,250.01,37,1,37,0.001861073386650571,138.30944530348677
9,seed1,0,,131,260.01,37,1,37,0.001861073386650571,138.30953655461389
9,seed1,0,,136,270.01,37,1,37,0.001861073386650571,138.30991685482206
9,seed1,0,,141,280.01,37,1,37,0.001861073386650571,138.31150117444503
9,seed1,0,,146,290.01,37,1,37,0.001861073386650571,138.3180973073163
9,seed1,0,,151,300.01,41,1,41,0.002062270509531714,138.34554744327957
9,seed1,0,,156,310.01,41,1,41,0.002062270509531714,138.46009111202548
9,seed1,0,,161,320.01,45,1,45,0.0022634676324128564,138.94678881838416
9,seed1,0,,166,330.01,47,1,47,0.002364066193853428,141.0814215567082
9,seed1,0,,171,340.01,47,1,47,0.002364066193853428,148.80310073412357
9,seed1,0,,176,350.01,53,1,53,0.0026658618781751423,166.51516122612188
9,seed1,0,,181,360.01,56,2,28,0.002816759720335999,191.05464309829503
9,seed1,0,,186,370.01,60,2,30,0.003017956843217142,211.7760030150363
9,seed1,0,,191,380.01,70,2,35,0.003520949650419999,225.26905610667518
9,seed1,0,,196,390.01,66,2,33,0.0033197525275388564,236.3036046269419
9,seed1,0,,201,400.01,74,2,37,0.003722146773301142,248.11764484960344
9,seed1,0,,206,410.01,80,2,40,0.004023942457622856,266.07717379872645
9,seed1,0,,211,420.01,92,2,46,0.004627533826266284,295.75602911952535
9,seed1,0,,216,430.01,100,4,25,0.00502992807202857,334.743679368646
9,seed1,0,,221,440.01,124,4,31,0.006237110809315427,375.8048779431824
9,seed1,0,,226,450.01,116,4,29,0.005834716563553141,402.6308796008013
9,seed1,0,,231,460.01,128,4,32,0.00643830793219657,422.840942066591
9,seed1,0,,236,470.01,132,4,33,0.006639505055077713,438.95476235858916
9,seed1,0,,241,480.01,132,4,33,0.006639505055077713,452.26256326574196
9,seed1,0,,246,490.01,136,4,34,0.006840702177958855,464.0551861934936
9,seed1,0,,251,500.01,144,4,36,0.007243096423721141,475.7602154295656
9,seed1,0,,256,510.01,156,4,39,0.00784668779236457,489.2225091363
9,seed1,0,,261,520.01,156,4,39,0.00784668779236457,509.19742553608967
9,seed1,0,,266,530.01,168,4,42,0.008450279161007998,542.0928048293191
9,seed1,0,,271,540.01,180,4,45,0.009053870529651425,589.4235798158559
9,seed1,0,,276,550.01,180,8,25,0.009053870529651425,646.3949864976604
9,seed1,0,,281,560.01,204,8,27,0.010261053266938283,698.6080425164704
9,seed1,0,,286,570.01,216,8,30,0.010864644635581712,730.9043756046015
9,seed1,0,,291,580.01,224,8,32,0.011267038881343996,755.7509244825931
9,seed1,0,,296,590.01,240,8,33,0.012071827372868568,776.4545859302789
9,seed1,0,,301,600.01,228,8,31,0.011468236004225139,795.1324849314201
9,seed9,1,1007,0,0.0,9,9,1,0.0004526935264825713,45.0
9,seed9,1,1007,1,0.01,9,9,1,0.0004526935264825713,45.539736070381245
9,seed9,1,1007,6,10.01,312,9,37,0.01569337558472914,1049.084242328367
9,seed9,1,1007,11,20.01,318,9,37,0.015995171269050854,1115.2774304142076
9,seed9,1,1007,16,30.01,326,9,40,0.01639756551481314,1133.9484950006856
9,seed9,1,1007,21,40.01,342,9,40,0.017202354006337708,1147.115043425773
9,seed9,1,1007,26,50.01,345,9,41,0.017353251848498567,1160.8681504761053
9,seed9,1,1007,31,60.01,365,9,45,0.01835923746290428,1180.9777072097909
9,seed9,1,1007,36,70.01,378,9,44,0.019013128112267994,1217.6603165850483
9,seed9,1,1007,41,80.01,399,10,46,0.020069413007393993,1282.6124307675236
9,seed9,1,1007,46,90.01,419,12,49,0.021075398621799708,1394.0613122492477
9,seed9,1,1007,51,100.01,452,16,46,0.022735274885569135,1530.1318339294612
9,seed9,1,1007,56,110.01,489,17,47,0.024596348272219706,1676.5308755725855
9,seed9,1,1007,61,120.01,525,18,34,0.026407122378149992,1791.552134120061
9,seed9,1,1007,66,130.01,561,18,36,0.02821789648408028,1882.0839067640288
9,seed9,1,1007,71,140.01,577,18,38,0.02902268497560485,1950.2974982146386
9,seed9,1,1007,76,150.01,605,18,38,0.030431064835772847,2013.5801834649017
9,seed9,1,1007,81,160.01,624,18,41,0.03138675116945828,2089.0647686237967
9,seed9,1,1007,86,170.01,666,18,46,0.033499320959710276,2194.7495650287583
9,seed9,1,1007,91,180.01,683,23,45,0.03435440873195513,2330.5253284179453
9,seed9,1,1007,96,190.01,734,25,42,0.036919672048689706,2502.471171455538
9,seed9,1,1007,101,200.01,776,28,39,0.0390322418389417,2642.7865482697766
9,seed9,1,1007,106,210.01,819,28,44,0.04119511090991399,2774.8809879023665
9,seed9,1,1007,111,220.01,845,30,39,0.04250289220864142,2882.2749415600274
9,seed9,1,1007,116,230.01,887,30,44,0.044615461998893415,2964.710608178506
9,seed9,1,1007,121,240.01,898,30,41,0.04516875408681656,3031.4007092345355
9,seed9,1,1007,126,250.01,918,31,36,0.046174739701222274,3092.7707246560685
9,seed9,1,1007,131,260.01,943,31,38,0.047432221719229416,3148.0307738871325
9,seed9,1,1007,136,270.01,950,31,38,0.04778431668427142,3201.8498670912577
9,seed9,1,1007,141,280.01,984,31,40,0.04949449222876113,3263.639510285685
9,seed9,1,1007,146,290.01,1005,31,45,0.05055077712388713,3342.485101814079
9,seed9,1,1007,151,300.01,1016,34,43,0.05110406921181027,3435.8333523778338
9,seed9,1,1007,156,310.01,1049,35,41,0.0527639454755797,3556.1400434770712
9,seed9,1,1007,161,320.01,1087,37,41,0.054675318142950555,3669.3009416416435
9,seed9,1,1007,166,330.01,1115,39,43,0.056083698003118555,3785.559270064375
9,seed9,1,1007,171,340.01,1147,42,42,0.0576932749861677,3900.5143996902816
9,seed9,1,1007,176,350.01,1163,43,40,0.05849806347769227,4007.647561515643
9,seed9,1,1007,181,360.01,1217,43,41,0.0612142246365877,4100.599706440673
9,seed9,1,1007,186,370.01,1223,44,38,0.06151602032090941,4182.92000871008
9,seed9,1,1007,191,380.01,1252,45,37,0.06297469946179769,4261.061395967747
9,seed9,1,1007,196,390.01,1286,45,39,0.0646848750062874,4338.409226632164
9,seed9,1,1007,201,400.01,1289,46,40,0.06483577284844827,4412.568286599448
9,seed9,1,1007,206,410.01,1315,48,43,0.0661435541471757,4492.692024686264
9,seed9,1,1007,211,420.01,1331,49,41,0.06694834263870027,4585.511116350106
9,seed9,1,1007,216,430.01,1348,49,44,0.06780343041094512,4673.97649395143
9,seed9,1,1007,221,440.01,1381,52,44,0.06946330667471455,4763.922577515703
9,seed9,1,1007,226,450.01,1412,53,37,0.07102258437704341,4849.100113824999
9,seed9,1,1007,231,460.01,1444,53,39,0.07263216136009255,4918.864507460137
9,seed9,1,1007,236,470.01,1468,53,43,0.07383934409737941,4982.701992198414
9,seed9,1,1007,241,480.01,1480,54,39,0.07444293546602283,5045.715630058376
9,seed9,1,1007,246,490.01,1505,54,42,0.07570041748402997,5116.104715715768
9,seed9,1,1007,251,500.01,1513,55,40,0.07610281172979226,5185.835592893098
9,seed9,1,1007,256,510.01,1547,57,37,0.07781298727428197,5258.254566640124
9,seed9,1,1007,261,520.01,1565,59,34,0.07871837432724713,5327.393166933997
9,seed9,1,1007,266,530.01,1571,59,34,0.07902017001156883,5394.453861708842
9,seed9,1,1007,271,540.01,1588,59,36,0.07987525778381369,5448.234930684763
9,seed9,1,1007,276,550.01,1597,59,39,0.08032795131029627,5497.342977175578
9,seed9,1,1007,281,560.01,1628,59,42,0.08188722901262512,5545.703140939697
9,seed9,1,1007,286,570.01,1646,61,34,0.08279261606559027,5592.820947488907
9,seed9,1,1007,291,580.01,1646,61,36,0.08279261606559027,5646.832551916005
9,seed9,1,1007,296,590.01,1676,61,35,0.08430159448719883,5688.073599228699
9,seed9,1,1007,301,600.01,1669,61,35,0.08394949952215683,5724.327835650651
9,seed9,2,2007,0,0.0,9,9,1,0.0004526935264825713,45.0
9,seed9,2,2007,1,0.01,9,9,1,0.0004526935264825713,45.575888299275405
9,seed9,2,2007,6,10.01,274,9,37,0.013782002917358281,924.6429444971428
9,seed9,2,2007,11,20.01,292,9,38,0.014687389970323424,985.1235056780624
9,seed9,2,2007,16,30.01,305,9,42,0.015341280619687139,1021.0450100099911
9,seed9,2,2007,21,40.01,313,9,41,0.015743674865449423,1060.6298175640243
9,seed9,2,2007,26,50.01,327,9,41,0.016447864795533423,1102.6819863435312
9,seed9,2,2007,31,60.01,348,9,44,0.017504149690659422,1152.2830127664174
9,seed9,2,2007,36,70.01,378,9,48,0.019013128112267994,1225.867421635343
9,seed9,2,2007,41,80.01,390,13,45,0.019616719480911423,1327.0001408007001
9,seed9,2,2007,46,90.01,428,13,49,0.02152809214828228,1455.4870908029197
9,seed9,2,2007,51,100.01,467,15,51,0.023489764096373423,1581.3785980543862
9,seed9,2,2007,56,110.01,500,17,45,0.02514964036014285,1705.549593087053
9,seed9,2,2007,61,120.01,536,18,33,0.026960414466073133,1805.7366077896545
9,seed9,2,2007,66,130.01,551,18,33,0.02771490367687742,1883.1928227498122
9,seed9,2,2007,71,140.01,584,18,37,0.02937477994064685,1943.526786593447
9,seed9,2,2007,76,150.01,596,18,38,0.029978371309290278,1998.6118024951686
9,seed9,2,2007,81,160.01,613,18,39,0.030833459081535133,2059.522425674592
9,seed9,2,2007,86,170.01,641,18,43,0.032241838941703134,2140.751229322166
9,seed9,2,2007,91,180.01,674,19,46,0.03390171520547256,2250.4842118123524
9,seed9,2,2007,96,190.01,706,24,42,0.035511292188521705,2390.525652369153
9,seed9,2,2007,101,200.01,741,26,41,0.0372717670137317,2533.2804024271627
9,seed9,2,2007,106,210.01,789,27,41,0.039686132488305416,2659.076201896349
9,seed9,2,2007,111,220.01,819,28,47,0.04119511090991399,2765.4838515996953
9,seed9,2,2007,116,230.01,841,29,40,0.042301695085760274,2864.6886043556474
9,seed9,2,2007,121,240.01,862,31,39,0.04335797998088627,2949.3019285862374
9,seed9,2,2007,126,250.01,888,33,35,0.0446657612796137,3026.924432010303
9,seed9,2,2007,131,260.01,898,33,36,0.04516875408681656,3093.058440457458
9,seed9,2,2007,136,270.01,914,33,38,0.04597354257834113,3147.541628133212
9,seed9,2,2007,141,280.01,945,33,40,0.047532820280669984,3201.6320404188823
9,seed9,2,2007,146,290.01,965,33,41,0.0485388058950757,3262.094655779035
9,seed9,2,2007,151,300.01,987,34,46,0.04964539007092199,3330.625352174785
9,seed9,2,2007,156,310.01,1003,37,37,0.05045017856244656,3410.4161898109314
9,seed9,2,2007,161,320.01,1025,37,40,0.05155676273829284,3485.6560308007747
9,seed9,2,2007,166,330.01,1051,37,43,0.05286454403702027,3547.0756707358823
9,seed9,2,2007,171,340.01,1060,38,39,0.053317237563502845,3607.222884067039
9,seed9,2,2007,176,350.01,1082,38,42,0.05442382173934913,3672.0066661947726
9,seed9,2,2007,181,360.01,1110,39,42,0.05583220159951713,3737.336214558999
9,seed9,2,2007,186,370.01,1129,41,41,0.05678788793320255,3806.2518587447125
9,seed9,2,2007,191,380.01,1138,42,37,0.05724058145968513,3875.034669097281
9,seed9,2,2007,196,390.01,1145,43,34,0.057592676424727124,3937.2969343521168
9,seed9,2,2007,201,400.01,1170,43,35,0.058850158442734266,3993.5092125641186
9,seed9,2,2007,206,410.01,1194,43,36,0.06005734118002112,4042.8387254746103
9,seed9,2,2007,211,420.01,1201,43,39,0.060409436145063125,4092.7244480622735
9,seed9,2,2007,216,430.01,1226,44,40,0.06166691816307027,4148.060658061877
9,seed9,2,2007,221,440.01,1236,45,40,0.06216991097027313,4213.679990089669
9,seed9,2,2007,226,450.01,1264,47,38,0.06357829083044113,4292.702685209367
9,seed9,2,2007,231,460.01,1266,47,42,0.0636788893918817,4362.671285608038
9,seed9,2,2007,236,470.01,1287,49,35,0.0647351742870077,4428.554814197383
9,seed9,2,2007,241,480.01,1313,49,37,0.06604295558573513,4498.565959252378
9,seed9,2,2007,246,490.01,1331,50,40,0.06694834263870027,4559.045461560229
9,seed9,2,2007,251,500.01,1333,51,39,0.06704894120014084,4620.883101072415
9,seed9,2,2007,256,510.01,1359,52,36,0.06835672249886826,4676.354217677546
9,seed9,2,2007,261,520.01,1374,52,33,0.06911121170967255,4721.847183873437
9,seed9,2,2007,266,530.01,1375,52,36,0.06916151099039283,4760.955614666538
9,seed9,2,2007,271,540.01,1394,52,38,0.07011719732407827,4797.305221520813
9,seed9,2,2007,276,550.01,1412,52,41,0.07102258437704341,4832.965847182088
9,seed9,2,2007,281,560.01,1415,53,35,0.07117348221920426,4868.81556397325
9,seed9,2,2007,286,570.01,1430,53,35,0.07192797143000855,4909.153007546267
9,seed9,2,2007,291,580.01,1442,53,39,0.07253156279865199,4946.731916956465
9,seed9,2,2007,296,590.01,1458,53,41,0.07333635129017656,4986.538797967723
9,seed9,2,2007,301,600.01,1469,54,39,0.0738896433780997,5032.549402675617
9,seed9,3,3007,0,0.0,9,9,1,0.0004526935264825713,45.0
9,seed9,3,3007,1,0.01,9,9,1,0.0004526935264825713,45.548659129495306
9,seed9,3,3007,6,10.01,258,8,38,0.012977214425833711,882.5080559165557
9,seed9,3,3007,11,20.01,271,8,42,0.013631105075197424,927.5682972987613
9,seed9,3,3007,16,30.01,278,8,46,0.013983200040239424,947.2363031743613
9,seed9,3,3007,21,40.01,284,8,46,0.014284995724561139,967.7548490737317
9,seed9,3,3007,26,50.01,296,8,54,0.014888587093204567,998.9748731327666
9,seed9,3,3007,31,60.01,302,9,42,0.015190382777526282,1043.2237290794305
9,seed9,3,3007,36,70.01,327,9,45,0.016447864795533423,1097.3488667696074
9,seed9,3,3007,41,80.01,349,11,45,0.01755444897137971,1153.7506446589753
9,seed9,3,3007,46,90.01,369,11,43,0.018560434585785424,1216.403011306056
9,seed9,3,3007,51,100.01,384,11,49,0.01931492379658971,1276.7138608028654
9,seed9,3,3007,56,110.01,397,11,49,0.01996881444595342,1356.5316417429194
9,seed9,3,3007,61,120.01,431,13,44,0.021678989990443136,1459.3918371689608
9,seed9,3,3007,66,130.01,448,16,38,0.022534077762687992,1560.2732289819219
9,seed9,3,3007,71,140.01,488,16,40,0.02454604899149942,1662.1794571825171
9,seed9,3,3007,76,150.01,528,16,44,0.02655802022031085,1745.7915120740251
9,seed9,3,3007,81,160.01,552,16,45,0.027765202957597705,1831.7136355787638
9,seed9,3,3007,86,170.01,570,19,42,0.02867059001056285,1926.9711820053694
9,seed9,3,3007,91,180.01,608,19,47,0.030581962677933706,2044.7998114851582
9,seed9,3,3007,96,190.01,645,22,46,0.03244303606458428,2160.4959638041773
9,seed9,3,3007,101,200.01,676,24,38,0.034002313766913136,2279.6533117361196
9,seed9,3,3007,106,210.01,706,24,37,0.035511292188521705,2378.321964197092
9,seed9,3,3007,111,220.01,730,24,39,0.03671847492580856,2457.3927421330354
9,seed9,3,3007,116,230.01,751,24,42,0.03777475982093456,2533.8540709362123
9,seed9,3,3007,121,240.01,785,25,45,0.03948493536542427,2621.332351273846
9,seed9,3,3007,126,250.01,794,28,39,0.03993762889190684,2710.683285820731
9,seed9,3,3007,131,260.01,830,29,38,0.04174840299783713,2810.537890699691
9,seed9,3,3007,136,270.01,853,29,41,0.0429052864544037,2900.9802557402427
9,seed9,3,3007,141,280.01,881,30,45,0.044313666314571704,2986.8098481357138
9,seed9,3,3007,146,290.01,898,32,42,0.04516875408681656,3078.1149710989184
9,seed9,3,3007,151,300.01,936,32,43,0.047080126754187414,3175.465002861702
9,seed9,3,3007,156,310.01,966,33,46,0.04858910517579599,3267.5548093407137
9,seed9,3,3007,161,320.01,989,36,45,0.049745988632362556,3365.038294674071
9,seed9,3,3007,166,330.01,1015,37,41,0.05105376993108999,3464.2505770897533
9,seed9,3,3007,171,340.01,1032,38,36,0.051908857703334844,3547.9732976476503
9,seed9,3,3007,176,350.01,1075,38,41,0.054071726774307126,3626.2269163176306
9,seed9,3,3007,181,360.01,1082,38,42,0.05442382173934913,3700.673596548222
9,seed9,3,3007,186,370.01,1106,39,42,0.055631004476635985,3775.6062200357146
9,seed9,3,3007,191,380.01,1138,41,38,0.05724058145968513,3861.1656896726754
9,seed9,3,3007,196,390.01,1165,42,37,0.05859866203913284,3943.4702279528683
9,seed9,3,3007,201,400.01,1180,43,42,0.059353151249937126,4023.243431641774
9,seed9,3,3007,206,410.01,1201,44,37,0.060409436145063125,4101.691552177939
9,seed9,3,3007,211,420.01,1229,44,41,0.061817816005231126,4183.2908367432965
9,seed9,3,3007,216,430.01,1263,45,42,0.06352799154972084,4264.468464491278
9,seed9,3,3007,221,440.01,1267,46,42,0.06372918867260198,4354.691652584514
9,seed9,3,3007,226,450.01,1287,49,39,0.0647351742870077,4439.381259612026
9,seed9,3,3007,231,460.01,1325,49,43,0.06664654695437855,4526.259618328339
9,seed9,3,3007,236,470.01,1351,50,40,0.06795432825310598,4594.902314208489
9,seed9,3,3007,241,480.01,1359,51,38,0.06835672249886826,4659.377840226121
9,seed9,3,3007,246,490.01,1372,51,36,0.06901061314823198,4717.94594494871
9,seed9,3,3007,251,500.01,1392,52,35,0.07001659876263769,4767.287508972834
9,seed9,3,3007,256,510.01,1403,52,36,0.07056989085056084,4815.282465694145
9,seed9,3,3007,261,520.01,1422,52,37,0.07152557718424626,4856.446831752517
9,seed9,3,3007,266,530.01,1440,52,40,0.0724309642372114,4897.064368693994
9,seed9,3,3007,271,540.01,1457,52,42,0.07328605200945626,4940.767516222046
9,seed9,3,3007,276,550.01,1484,55,35,0.07464413258890398,4986.982228085795
9,seed9,3,3007,281,560.01,1492,55,37,0.07504652683466627,5046.458158381009
9,seed9,3,3007,286,570.01,1495,55,38,0.07519742467682712,5098.707206286834
9,seed9,3,3007,291,580.01,1517,55,41,0.07630400885267341,5147.193559131913
9,seed9,3,3007,296,590.01,1519,56,39,0.07640460741411398,5199.8315202997555
9,seed9,3,3007,301,600.01,1538,58,33,0.0773602937477994,5247.528304033398
9,seed36,1,1007,0,0.0,36,35,2,0.0018107741059302852,180.0
9,seed36,1,1007,1,0.01,36,35,2,0.0018107741059302852,182.1745388948912
9,seed36,1,1007,6,10.01,960,33,37,0.04828730949147427,3212.88498213511
9,seed36,1,1007,11,20.01,951,33,37,0.0478346159649917,3320.091479704541
9,seed36,1,1007,16,30.01,1015,33,40,0.05105376993108999,3401.1919447997375
9,seed36,1,1007,21,40.01,1046,33,43,0.05261304763341884,3470.775390821205
9,seed36,1,1007,26,50.01,1054,34,42,0.05301544187918113,3541.730189010509
9,seed36,1,1007,31,60.01,1079,34,41,0.05427292389718827,3618.302670443211
9,seed36,1,1007,36,70.01,1115,34,43,0.056083698003118555,3713.112328414549
9,seed36,1,1007,41,80.01,1153,34,47,0.05799507067048941,3851.172854723194
9,seed36,1,1007,46,90.01,1201,38,49,0.060409436145063125,4043.6729656200464
9,seed36,1,1007,51,100.01,1276,44,47,0.06418188219908455,4298.761632866372
9,seed36,1,1007,56,110.01,1346,49,51,0.06770283184950456,4545.150731393809
9,seed36,1,1007,61,120.01,1398,53,39,0.0703183944469594,4757.264786534276
9,seed36,1,1007,66,130.01,1432,54,34,0.07202856999144912,4909.856743646783
9,seed36,1,1007,71,140.01,1472,54,34,0.07404054122026055,5016.751690132318
9,seed36,1,1007,76,150.01,1497,54,37,0.07529802323826769,5096.611584565153
9,seed36,1,1007,81,160.01,1509,54,40,0.07590161460691112,5163.564252386279
9,seed36,1,1007,86,170.01,1519,54,40,0.07640460741411398,5224.959101496694
9,seed36,1,1007,91,180.01,1554,55,42,0.07816508223932397,5286.837790586196
9,seed36,1,1007,96,190.01,1577,56,36,0.07932196569589055,5350.666768503561
9,seed36,1,1007,101,200.01,1588,56,40,0.07987525778381369,5417.27547622089
9,seed36,1,1007,106,210.01,1608,57,42,0.08088124339821941,5481.095789933373
9,seed36,1,1007,111,220.01,1627,59,37,0.08183692973190483,5543.5862380471335
9,seed36,1,1007,116,230.01,1643,59,38,0.0826417182234294,5606.554411656551
9,seed36,1,1007,121,240.01,1661,60,40,0.08354710527639454,5657.788664112731
9,seed36,1,1007,126,250.01,1669,60,38,0.08394949952215683,5708.462020487605
9,seed36,1,1007,131,260.01,1686,61,39,0.08480458729440168,5755.492828370459
9,seed36,1,1007,136,270.01,1707,62,35,0.08586087218952769,5797.903150628186
9,seed36,1,1007,141,280.01,1723,62,37,0.08666566068105226,5831.785168366849
9,seed36,1,1007,146,290.01,1722,62,39,0.08661536140033198,5860.698062594591
9,seed36,1,1007,151,300.01,1717,63,34,0.08636386499673054,5887.54980956735
9,seed36,1,1007,156,310.01,1713,63,39,0.08616266787384941,5914.993926622073
9,seed36,1,1007,161,320.01,1734,63,42,0.0872189527689754,5936.303537282567
9,seed36,1,1007,166,330.01,1758,64,32,0.08842613550626226,5956.477753747127
9,seed36,1,1007,171,340.01,1760,64,33,0.08852673406770283,5974.9829659457155
9,seed36,1,1007,176,350.01,1765,64,33,0.08877823047130426,5988.819737234286
9,seed36,1,1007,181,360.01,1759,64,33,0.08847643478698254,6000.480165047507
9,seed36,1,1007,186,370.01,1754,64,34,0.08822493838338112,6010.751495218817
9,seed36,1,1007,191,380.01,1765,64,34,0.08877823047130426,6020.573242043564
9,seed36,1,1007,196,390.01,1775,64,35,0.08928122327850711,6030.644421528663
9,seed36,1,1007,201,400.01,1777,64,40,0.0893818218399477,6041.492896474274
9,seed36,1,1007,206,410.01,1766,65,33,0.08882852975202454,6052.712738347238
9,seed36,1,1007,211,420.01,1771,65,37,0.08908002615562598,6068.325739566906
9,seed36,1,1007,216,430.01,1783,65,37,0.0896836175242694,6081.801586461555
9,seed36,1,1007,221,440.01,1781,65,37,0.08958301896282883,6093.983075062583
9,seed36,1,1007,226,450.01,1783,66,32,0.0896836175242694,6108.849708882983
9,seed36,1,1007,231,460.01,1793,66,36,0.09018661033147227,6121.112886843732
9,seed36,1,1007,236,470.01,1801,66,36,0.09058900457723454,6130.790482127384
9,seed36,1,1007,241,480.01,1797,66,37,0.0903878074543534,6139.3870711489535
9,seed36,1,1007,246,490.01,1802,67,33,0.09063930385795484,6148.918739820121
9,seed36,1,1007,251,500.01,1791,67,31,0.09008601177003168,6158.65630605297
9,seed36,1,1007,256,510.01,1799,67,31,0.09048840601579397,6164.752318028982
9,seed36,1,1007,261,520.01,1800,67,31,0.09053870529651425,6169.376133428865
9,seed36,1,1007,266,530.01,1793,67,31,0.09018661033147227,6173.202893250533
9,seed36,1,1007,271,540.01,1803,67,32,0.09068960313867512,6176.50985588718
9,seed36,1,1007,276,550.01,1803,67,33,0.09068960313867512,6179.556938862193
9,seed36,1,1007,281,560.01,1799,67,35,0.09048840601579397,6182.67080152581
9,seed36,1,1007,286,570.01,1789,67,34,0.08998541320859112,6186.14694027773
9,seed36,1,1007,291,580.01,1790,67,34,0.0900357124893114,6190.250716155555
9,seed36,1,1007,296,590.01,1793,67,36,0.09018661033147227,6195.257778960173
9,seed36,1,1007,301,600.01,1786,68,30,0.08983451536643026,6200.3752736184815
9,seed36,2,2007,0,0.0,36,36,1,0.0018107741059302852,180.0
9,seed36,2,2007,1,0.01,36,36,1,0.0018107741059302852,182.19509651041915
9,seed36,2,2007,6,10.01,888,33,37,0.0446657612796137,3004.496844088778
9,seed36,2,2007,11,20.01,905,34,37,0.04552084905185856,3120.5700602129646
9,seed36,2,2007,16,30.01,938,33,40,0.04718072531562799,3217.8917986569522
9,seed36,2,2007,21,40.01,977,33,41,0.04914239726371913,3305.8664995980416
9,seed36,2,2007,26,50.01,1006,33,41,0.05060107640460741,3388.137760704959
9,seed36,2,2007,31,60.01,1023,33,43,0.05145616417685227,3473.0400503126707
9,seed36,2,2007,36,70.01,1062,33,44,0.05341783612494341,3579.2372624426002
9,seed36,2,2007,41,80.01,1111,35,49,0.05588250088023741,3723.4211100432103
9,seed36,2,2007,46,90.01,1155,40,51,0.058095669231929985,3913.0995344134844
9,seed36,2,2007,51,100.01,1206,43,37,0.06066093254866455,4105.411769386887
9,seed36,2,2007,56,110.01,1270,43,39,0.06388008651476283,4267.76945615942
9,seed36,2,2007,61,120.01,1285,44,44,0.06463457572556712,4396.937810713851
9,seed36,2,2007,66,130.01,1328,45,42,0.06679744479653942,4522.221795787638
9,seed36,2,2007,71,140.01,1353,47,41,0.06805492681454656,4634.287913126944
9,seed36,2,2007,76,150.01,1397,49,39,0.07026809516623912,4750.839825697613
9,seed36,2,2007,81,160.01,1435,50,43,0.07217946783360998,4859.4048637209935
9,seed36,2,2007,86,170.01,1468,50,46,0.07383934409737941,4970.824627774531
9,seed36,2,2007,91,180.01,1493,53,44,0.07509682611538655,5087.849650898798
9,seed36,2,2007,96,190.01,1527,55,43,0.07680700165987626,5204.482453292783
9,seed36,2,2007,101,200.01,1543,57,36,0.07761179015140084,5305.825374436964
9,seed36,2,2007,106,210.01,1579,58,35,0.07942256425733112,5387.619877424606
9,seed36,2,2007,111,220.01,1596,59,39,0.08027765202957597,5456.118804002115
9,seed36,2,2007,116,230.01,1620,59,39,0.08148483476686283,5516.136917813721
9,seed36,2,2007,121,240.01,1630,61,36,0.0819878275740657,5571.652677469832
9,seed36,2,2007,126,250.01,1649,61,38,0.08294351390775112,5628.580567566922
9,seed36,2,2007,131,260.01,1647,63,41,0.08284291534631055,5680.0892321714555
9,seed36,2,2007,136,270.01,1672,64,37,0.0841003973643177,5731.506276165486
9,seed36,2,2007,141,280.01,1697,64,40,0.08535787938232484,5778.992350539342
9,seed36,2,2007,146,290.01,1708,64,42,0.08591117147024797,5820.14561251108
9,seed36,2,2007,151,300.01,1709,66,35,0.08596147075096826,5860.723386702946
9,seed36,2,2007,156,310.01,1736,67,34,0.08731955133041598,5901.2556963378265
9,seed36,2,2007,161,320.01,1736,67,36,0.08731955133041598,5936.284480046124
9,seed36,2,2007,166,330.01,1745,67,40,0.08777224485689855,5963.374569479094
9,seed36,2,2007,171,340.01,1745,67,37,0.08777224485689855,5987.8184159695775
9,seed36,2,2007,176,350.01,1757,68,32,0.08837583622554197,6010.740168468845
9,seed36,2,2007,181,360.01,1777,68,35,0.0893818218399477,6037.015499176483
9,seed36,2,2007,186,370.01,1784,68,39,0.08973391680498968,6060.571628238373
9,seed36,2,2007,191,380.01,1780,69,32,0.08953271968210855,6082.481905624858
9,seed36,2,2007,196,390.01,1791,69,33,0.09008601177003168,6107.123375557833
9,seed36,2,2007,201,400.01,1790,69,32,0.0900357124893114,6125.046861448652
9,seed36,2,2007,206,410.01,1776,69,32,0.0893315225592274,6140.065537085937
9,seed36,2,2007,211,420.01,1788,69,31,0.08993511392787083,6153.094030953715
9,seed36,2,2007,216,430.01,1790,69,32,0.0900357124893114,6164.791958434613
9,seed36,2,2007,221,440.01,1796,69,33,0.09033750817363312,6175.888756013849
9,seed36,2,2007,226,450.01,1793,69,34,0.09018661033147227,6186.939393818127
9,seed36,2,2007,231,460.01,1801,69,37,0.09058900457723454,6198.795352640159
9,seed36,2,2007,236,470.01,1816,69,40,0.09134349378803883,6211.728746941486
9,seed36,2,2007,241,480.01,1810,70,32,0.09104169810371712,6227.342151353189
9,seed36,2,2007,246,490.01,1812,70,31,0.09114229666515769,6242.000775358263
9,seed36,2,2007,251,500.01,1821,70,32,0.09159499019164026,6252.125717668951
9,seed36,2,2007,256,510.01,1824,70,31,0.09174588803380111,6260.0737057079705
9,seed36,2,2007,261,520.01,1825,70,31,0.0917961873145214,6266.432097254081
9,seed36,2,2007,266,530.01,1822,70,30,0.09164528947236054,6271.744366938349
9,seed36,2,2007,271,540.01,1830,70,32,0.09204768371812283,6276.219138199766
9,seed36,2,2007,276,550.01,1829,70,31,0.09199738443740255,6280.111430526808
9,seed36,2,2007,281,560.01,1832,70,31,0.0921482822795634,6283.570316396092
9,seed36,2,2007,286,570.01,1840,70,32,0.09255067652532568,6286.666195959213
9,seed36,2,2007,291,580.01,1843,70,32,0.09270157436748655,6289.447456922768
9,seed36,2,2007,296,590.01,1840,70,32,0.09255067652532568,6292.03196483253
9,seed36,2,2007,301,600.01,1837,70,31,0.09239977868316483,6294.516272828543
9,seed36,3,3007,0,0.0,36,35,2,0.0018107741059302852,180.0
9,seed36,3,3007,1,0.01,36,35,2,0.0018107741059302852,182.20404190461494
9,seed36,3,3007,6,10.01,921,32,37,0.04632563754338313,3088.402887318005
9,seed36,3,3007,11,20.01,931,32,37,0.04682863035058599,3157.492451937027
9,seed36,3,3007,16,30.01,956,32,40,0.04808611236859313,3231.4962535372642
9,seed36,3,3007,21,40.01,968,32,41,0.04868970373723656,3295.3434815570995
9,seed36,3,3007,26,50.01,999,32,42,0.05024898143956542,3357.791991734258
9,seed36,3,3007,31,60.01,1021,32,42,0.0513555656154117,3429.304512026718
9,seed36,3,3007,36,70.01,1041,32,48,0.052361551229817414,3524.4781935286546
9,seed36,3,3007,41,80.01,1086,33,47,0.05462501886223027,3660.2193400868273
9,seed36,3,3007,46,90.01,1134,38,45,0.057039384336803986,3829.707833997314
9,seed36,3,3007,51,100.01,1195,41,42,0.060107640460741414,4026.9728177745183
9,seed36,3,3007,56,110.01,1241,44,45,0.062421407373874555,4203.669257485734
9,seed36,3,3007,61,120.01,1273,47,43,0.0640309843569237,4365.4925274907
9,seed36,3,3007,66,130.01,1319,48,39,0.06634475127005683,4488.775433914546
9,seed36,3,3007,71,140.01,1356,48,39,0.06820582465670741,4591.176442935256
9,seed36,3,3007,76,150.01,1371,49,38,0.0689603138675117,4676.225788045134
9,seed36,3,3007,81,160.01,1378,50,37,0.0693124088325537,4757.227614699061
9,seed36,3,3007,86,170.01,1412,50,42,0.07102258437704341,4840.340122063001
9,seed36,3,3007,91,180.01,1445,51,44,0.07268246064081284,4921.878021574288
9,seed36,3,3007,96,190.01,1460,53,39,0.07343694985161713,5010.9043357739965
9,seed36,3,3007,101,200.01,1513,53,46,0.07610281172979226,5096.839113285101
9,seed36,3,3007,106,210.01,1534,54,40,0.07715909662491827,5173.678964541203
9,seed36,3,3007,111,220.01,1534,56,40,0.07715909662491827,5249.142625777533
9,seed36,3,3007,116,230.01,1553,57,40,0.07811478295860369,5326.919262648496
9,seed36,3,3007,121,240.01,1567,57,43,0.0788189728886877,5398.760469544324
9,seed36,3,3007,126,250.01,1591,60,37,0.08002615562597455,5462.669647788354
9,seed36,3,3007,131,260.01,1623,61,35,0.0816357326090237,5523.667997807661
9,seed36,3,3007,136,270.01,1631,61,35,0.08203812685478598,5572.6970532419655
9,seed36,3,3007,141,280.01,1662,61,37,0.08359740455711483,5608.904206228702
9,seed36,3,3007,146,290.01,1655,61,38,0.08324530959207284,5640.281916763004
9,seed36,3,3007,151,300.01,1652,61,38,0.08309441174991197,5670.235094531542
9,seed36,3,3007,156,310.01,1679,61,39,0.0844524923293597,5700.777286941264
9,seed36,3,3007,161,320.01,1695,62,38,0.08525728082088427,5734.342503189333
9,seed36,3,3007,166,330.01,1688,63,37,0.08490518585584227,5773.153357626297
9,seed36,3,3007,171,340.01,1716,63,44,0.08631356571601026,5808.377794458398
9,seed36,3,3007,176,350.01,1716,65,40,0.08631356571601026,5845.0080016100665
9,seed36,3,3007,181,360.01,1712,65,43,0.08611236859312912,5884.0436581032145
9,seed36,3,3007,186,370.01,1719,67,32,0.08646446355817111,5915.424296903822
9,seed36,3,3007,191,380.01,1726,67,31,0.08681655852321311,5949.129816974046
9,seed36,3,3007,196,390.01,1746,67,32,0.08782254413761884,5970.632595776824
9,seed36,3,3007,201,400.01,1733,67,32,0.08716865348825512,5987.307266294286
9,seed36,3,3007,206,410.01,1743,67,34,0.08767164629545797,6001.278338464823
9,seed36,3,3007,211,420.01,1740,67,33,0.08752074845329712,6014.155207816588
9,seed36,3,3007,216,430.01,1745,67,35,0.08777224485689855,6027.032022658048
9,seed36,3,3007,221,440.01,1744,67,38,0.08772194557617827,6040.915783169537
9,seed36,3,3007,226,450.01,1753,67,37,0.08817463910266084,6056.950652085643
9,seed36,3,3007,231,460.01,1767,68,36,0.08887882903274483,6074.483740967272
9,seed36,3,3007,236,470.01,1767,69,33,0.08887882903274483,6097.607476594641
9,seed36,3,3007,241,480.01,1768,69,36,0.08892912831346511,6119.680747513976
9,seed36,3,3007,246,490.01,1765,69,34,0.08877823047130426,6135.561146328853
9,seed36,3,3007,251,500.01,1778,69,39,0.08943212112066798,6150.004404236212
9,seed36,3,3007,256,510.01,1788,69,40,0.08993511392787083,6164.920222812025
9,seed36,3,3007,261,520.01,1786,70,33,0.08983451536643026,6179.925909805852
9,seed36,3,3007,266,530.01,1796,70,37,0.09033750817363312,6198.424237027044
9,seed36,3,3007,271,540.01,1812,70,38,0.09114229666515769,6211.124320573682
9,seed36,3,3007,276,550.01,1799,70,35,0.09048840601579397,6222.336107043145
9,seed36,3,3007,281,560.01,1810,70,38,0.09104169810371712,6233.811720207802
9,seed36,3,3007,286,570.01,1823,71,30,0.09169558875308083,6245.371957826059
9,seed36,3,3007,291,580.01,1830,71,31,0.09204768371812283,6261.291188218642
9,seed36,3,3007,296,590.01,1837,71,30,0.09239977868316483,6271.123606081495
9,seed36,3,3007,301,600.01,1832,71,30,0.0921482822795634,6278.329272521178
9,seed144,1,1007,0,0.0,144,141,2,0.007243096423721141,720.0
9,seed144,1,1007,1,0.01,144,141,2,0.007243096423721141,728.7887419193553
9,seed144,1,1007,6,10.01,1772,105,33,0.08913032543634626,6182.090791644079
9,seed144,1,1007,11,20.01,1803,104,32,0.09068960313867512,6265.296770134425
9,seed144,1,1007,16,30.01,1839,102,32,0.0925003772446054,6402.762822695513
9,seed144,1,1007,21,40.01,1873,101,31,0.09421055278909511,6498.456555621326
9,seed144,1,1007,26,50.01,1886,100,34,0.09486444343845883,6574.964370560365
9,seed144,1,1007,31,60.01,1924,100,32,0.09677581610582969,6647.420689967438
9,seed144,1,1007,36,70.01,1943,100,33,0.09773150243951512,6701.823458098717
9,seed144,1,1007,41,80.01,1946,100,33,0.09788240028167597,6747.467878585227
9,seed144,1,1007,46,90.01,1950,100,33,0.09808359740455712,6785.8975486702775
9,seed144,1,1007,51,100.01,1970,100,33,0.09908958301896283,6818.888562043014
9,seed144,1,1007,56,110.01,1987,100,34,0.09994467079120768,6847.711756742296
9,seed144,1,1007,61,120.01,1978,100,32,0.09949197726472511,6873.117793237863
9,seed144,1,1007,66,130.01,1982,100,33,0.09969317438760626,6895.648027729817
9,seed144,1,1007,71,140.01,2002,100,33,0.10069916000201197,6915.650953448945
9,seed144,1,1007,76,150.01,2008,100,35,0.10100095568633369,6933.785727902078
9,seed144,1,1007,81,160.01,2003,100,33,0.10074945928273225,6950.535200870593
9,seed144,1,1007,86,170.01,2011,100,33,0.10115185352849454,6966.025722469158
9,seed144,1,1007,91,180.01,2025,100,35,0.10185604345857854,6980.449988532377
9,seed144,1,1007,96,190.01,2020,100,35,0.10160454705497711,6994.045510061784
9,seed144,1,1007,101,200.01,2026,100,36,0.10190634273929883,7007.112691953792
9,seed144,1,1007,106,210.01,2015,100,36,0.10135305065137569,7020.13954977689
9,seed144,1,1007,111,220.01,2024,100,37,0.10180574417785826,7033.733947768074
9,seed144,1,1007,116,230.01,2032,100,41,0.10220813842362055,7047.846497093251
9,seed144,1,1007,121,240.01,2039,101,30,0.10256023338866255,7062.35383312306
9,seed144,1,1007,126,250.01,2041,101,29,0.10266083195010312,7078.6771355552355
9,seed144,1,1007,131,260.01,2050,101,29,0.10311352547658569,7090.02274490356
9,seed144,1,1007,136,270.01,2040,101,29,0.10261053266938283,7099.352596065655
9,seed144,1,1007,141,280.01,2032,101,28,0.10220813842362055,7107.509248415715
9,seed144,1,1007,146,290.01,2026,101,26,0.10190634273929883,7114.857836320896
9,seed144,1,1007,151,300.01,2029,101,29,0.10205724058145968,7121.561856358991
9,seed144,1,1007,156,310.01,2031,101,29,0.10215783914290026,7127.682158593685
9,seed144,1,1007,161,320.01,2035,101,29,0.1023590362657814,7133.274838800709
9,seed144,1,1007,166,330.01,2034,101,27,0.10230873698506111,7138.522231264609
9,seed144,1,1007,171,340.01,2049,101,28,0.1030632261958654,7143.418049419166
9,seed144,1,1007,176,350.01,2048,101,28,0.10301292691514512,7147.962980455959
9,seed144,1,1007,181,360.01,2062,101,26,0.10371711684522911,7152.205301737715
9,seed144,1,1007,186,370.01,2065,101,27,0.10386801468738997,7156.1535889924835
9,seed144,1,1007,191,380.01,2062,101,27,0.10371711684522911,7159.824063904709
9,seed144,1,1007,196,390.01,2047,101,28,0.10296262763442483,7163.2832805965445
9,seed144,1,1007,201,400.01,2052,101,27,0.10321412403802625,7166.576934009994
9,seed144,1,1007,206,410.01,2063,101,27,0.1037674161259494,7169.695502754388
9,seed144,1,1007,211,420.01,2058,101,27,0.10351591972234797,7172.619181655047
9,seed144,1,1007,216,430.01,2057,101,27,0.10346562044162769,7175.356706357029
9,seed144,1,1007,221,440.01,2065,101,27,0.10386801468738997,7177.937681290426
9,seed144,1,1007,226,450.01,2076,101,26,0.10442130677531311,7180.390998838829
9,seed144,1,1007,231,460.01,2081,101,26,0.10467280317891454,7182.732502229781
9,seed144,1,1007,236,470.01,2081,101,26,0.10467280317891454,7184.964204319975
9,seed144,1,1007,241,480.01,2072,101,26,0.10422010965243197,7187.081797947119
9,seed144,1,1007,246,490.01,2067,101,26,0.10396861324883054,7189.082417554377
9,seed144,1,1007,251,500.01,2060,101,26,0.10361651828378854,7190.967662556066
9,seed144,1,1007,256,510.01,2064,101,26,0.10381771540666969,7192.742990461918
9,seed144,1,1007,261,520.01,2074,101,27,0.10432070821387254,7194.416480888536
9,seed144,1,1007,266,530.01,2060,101,26,0.10361651828378854,7195.999069206422
9,seed144,1,1007,271,540.01,2059,101,26,0.10356621900306826,7197.504431500564
9,seed144,1,1007,276,550.01,2061,101,26,0.10366681756450882,7198.945894515939
9,seed144,1,1007,281,560.01,2058,101,25,0.10351591972234797,7200.33235335921
9,seed144,1,1007,286,570.01,2069,101,26,0.10406921181027111,7201.66706783263
9,seed144,1,1007,291,580.01,2072,101,26,0.10422010965243197,7202.949289281665
9,seed144,1,1007,296,590.01,2060,101,25,0.10361651828378854,7204.176348032971
9,seed144,1,1007,301,600.01,2068,101,26,0.10401891252955082,7205.3454444507115
9,seed144,2,2007,0,0.0,144,135,4,0.007243096423721141,720.0
9,seed144,2,2007,1,0.01,144,135,4,0.007243096423721141,728.7980905138377
9,seed144,2,2007,6,10.01,1819,98,38,0.09149439163019969,6326.066018972611
9,seed144,2,2007,11,20.01,1840,98,37,0.09255067652532568,6344.787601164542
9,seed144,2,2007,16,30.01,1865,98,38,0.09380815854333283,6457.388999257393
9,seed144,2,2007,21,40.01,1895,99,30,0.0953171369649414,6543.336029121989
9,seed144,2,2007,26,50.01,1916,99,29,0.09637342186006741,6615.318643503135
9,seed144,2,2007,31,60.01,1918,99,32,0.09647402042150797,6671.402692462419
9,seed144,2,2007,36,70.01,1949,99,29,0.09803329812383683,6717.134445836021
9,seed144,2,2007,41,80.01,1963,99,29,0.09873748805392082,6755.531774251007
9,seed144,2,2007,46,90.01,1961,99,30,0.09863688949248026,6788.014557343831
9,seed144,2,2007,51,100.01,1963,99,30,0.09873748805392082,6815.59987880289
9,seed144,2,2007,56,110.01,1976,99,29,0.09939137870328454,6839.462695925578
9,seed144,2,2007,61,120.01,1988,99,30,0.09999497007192797,6860.489642377514
9,seed144,2,2007,66,130.01,1986,99,30,0.0998943715104874,6879.234070723758
9,seed144,2,2007,71,140.01,1993,99,29,0.1002464664755294,6896.0458850118885
9,seed144,2,2007,76,150.01,2002,99,30,0.10069916000201197,6911.07217502597
9,seed144,2,2007,81,160.01,2007,99,29,0.1009506564056134,6924.536277902034
9,seed144,2,2007,86,170.01,2009,99,29,0.10105125496705397,6936.720628102679
9,seed144,2,2007,91,180.01,2007,99,30,0.1009506564056134,6947.863260995935
9,seed144,2,2007,96,190.01,1991,99,29,0.10014586791408883,6958.029659059308
9,seed144,2,2007,101,200.01,1995,99,30,0.10034706503696997,6967.229345405827
9,seed144,2,2007,106,210.01,1994,99,30,0.10029676575624968,6975.573322396562
9,seed144,2,2007,111,220.01,2014,99,28,0.1013027513706554,6983.242366289598
9,seed144,2,2007,116,230.01,2020,99,29,0.10160454705497711,6990.374844107198
9,seed144,2,2007,121,240.01,2016,99,28,0.10140334993209597,6996.98507183729
9,seed144,2,2007,126,250.01,2023,99,28,0.10175544489713798,7003.020949031858
9,seed144,2,2007,131,260.01,2019,99,30,0.10155424777425683,7008.506402129953
9,seed144,2,2007,136,270.01,2018,99,28,0.10150394849353654,7013.557696325064
9,seed144,2,2007,141,280.01,2022,99,28,0.10170514561641769,7018.250869103638
9,seed144,2,2007,146,290.01,2009,99,28,0.10105125496705397,7022.579642881653
9,seed144,2,2007,151,300.01,2015,99,28,0.10135305065137569,7026.5513789216
9,seed144,2,2007,156,310.01,2023,99,28,0.10175544489713798,7030.23155610347
9,seed144,2,2007,161,320.01,2032,99,28,0.10220813842362055,7033.696807547814
9,seed144,2,2007,166,330.01,2045,99,28,0.10286202907298425,7036.983679284691
9,seed144,2,2007,171,340.01,2051,99,28,0.10316382475730597,7040.098442865784
9,seed144,2,2007,176,350.01,2048,99,27,0.10301292691514512,7043.047803556496
9,seed144,2,2007,181,360.01,2052,99,28,0.10321412403802625,7045.839159873938
9,seed144,2,2007,186,370.01,2040,99,27,0.10261053266938283,7048.475607934674
9,seed144,2,2007,191,380.01,2028,99,26,0.1020069413007394,7050.960660700202
9,seed144,2,2007,196,390.01,2033,99,27,0.10225843770434083,7053.306840270539
9,seed144,2,2007,201,400.01,2029,99,28,0.10205724058145968,7055.5375400076955
9,seed144,2,2007,206,410.01,2030,99,27,0.10210753986217998,7057.680078941865
9,seed144,2,2007,211,420.01,2031,99,27,0.10215783914290026,7059.757489374775
9,seed144,2,2007,216,430.01,2029,99,27,0.10205724058145968,7061.783758330965
9,seed144,2,2007,221,440.01,2030,99,27,0.10210753986217998,7063.762707387933
9,seed144,2,2007,226,450.01,2030,99,27,0.10210753986217998,7065.690058853699
9,seed144,2,2007,231,460.01,2037,99,27,0.10245963482722197,7067.557877215695
9,seed144,2,2007,236,470.01,2041,99,27,0.10266083195010312,7069.359463411856
9,seed144,2,2007,241,480.01,2037,99,27,0.10245963482722197,7071.092419079543
9,seed144,2,2007,246,490.01,2032,99,26,0.10220813842362055,7072.758779801792
9,seed144,2,2007,251,500.01,2042,99,26,0.1027111312308234,7074.363098894693
9,seed144,2,2007,256,510.01,2039,99,26,0.10256023338866255,7075.9102499737555
9,seed144,2,2007,261,520.01,2039,99,26,0.10256023338866255,7077.40417292934
9,seed144,2,2007,266,530.01,2048,99,26,0.10301292691514512,7078.847865676069
9,seed144,2,2007,271,540.01,2048,99,27,0.10301292691514512,7080.244169760263
9,seed144,2,2007,276,550.01,2051,99,26,0.10316382475730597,7081.5964650978785
9,seed144,2,2007,281,560.01,2052,99,26,0.10321412403802625,7082.908591945897
9,seed144,2,2007,286,570.01,2056,99,26,0.1034153211609074,7084.184235200919
9,seed144,2,2007,291,580.01,2054,99,25,0.10331472259946682,7085.426671259292
9,seed144,2,2007,296,590.01,2062,99,25,0.10371711684522911,7086.639239497601
9,seed144,2,2007,301,600.01,2068,99,26,0.10401891252955082,7087.825850860057
9,seed144,3,3007,0,0.0,144,141,2,0.007243096423721141,720.0
9,seed144,3,3007,1,0.01,144,141,2,0.007243096423721141,728.6322923480501
9,seed144,3,3007,6,10.01,1875,113,32,0.0943111513505357,6516.535032393704
9,seed144,3,3007,11,20.01,1888,111,32,0.0949650419998994,6550.266394317333
9,seed144,3,3007,16,30.01,1907,110,32,0.09592072833358482,6661.71716103567
9,seed144,3,3007,21,40.01,1937,108,30,0.0974297067551934,6754.798767068889
9,seed144,3,3007,26,50.01,1961,108,30,0.09863688949248026,6824.942597628502
9,seed144,3,3007,31,60.01,1966,108,30,0.09888838589608169,6884.011148811114
9,seed144,3,3007,36,70.01,1985,108,28,0.09984407222976711,6934.793177223537
9,seed144,3,3007,41,80.01,1983,108,27,0.09974347366832655,6976.9700828170935
9,seed144,3,3007,46,90.01,2004,108,26,0.10079975856345254,7013.217405388495
9,seed144,3,3007,51,100.01,2011,108,26,0.10115185352849454,7045.042905002374
9,seed144,3,3007,56,110.01,2031,108,26,0.10215783914290026,7072.949550886184
9,seed144,3,3007,61,120.01,2040,108,26,0.10261053266938283,7097.554224688551
9,seed144,3,3007,66,130.01,2037,108,25,0.10245963482722197,7119.187082319802
9,seed144,3,3007,71,140.01,2047,108,26,0.10296262763442483,7138.416638775683
9,seed144,3,3007,76,150.01,2034,108,26,0.10230873698506111,7155.4983267656235
9,seed144,3,3007,81,160.01,2053,108,25,0.10326442331874654,7170.4414017214
9,seed144,3,3007,86,170.01,2067,108,25,0.10396861324883054,7183.622016742887
9,seed144,3,3007,91,180.01,2056,108,25,0.1034153211609074,7195.381721762717
9,seed144,3,3007,96,190.01,2071,108,25,0.10416981037171169,7205.832337361476
9,seed144,3,3007,101,200.01,2073,108,24,0.10427040893315226,7215.085668666901
9,seed144,3,3007,106,210.01,2081,108,24,0.10467280317891454,7223.264694840389
9,seed144,3,3007,111,220.01,2077,108,25,0.1044716060560334,7230.510196148116
9,seed144,3,3007,116,230.01,2081,108,25,0.10467280317891454,7237.003586756539
9,seed144,3,3007,121,240.01,2079,108,24,0.10457220461747398,7242.8621173064275
9,seed144,3,3007,126,250.01,2087,108,24,0.10497459886323626,7248.1202769369975
9,seed144,3,3007,131,260.01,2085,108,24,0.10487400030179568,7252.828637043016
9,seed144,3,3007,136,270.01,2086,108,23,0.10492429958251596,7257.083651683848
9,seed144,3,3007,141,280.01,2089,108,24,0.10507519742467683,7260.9624792853365
9,seed144,3,3007,146,290.01,2087,108,25,0.10497459886323626,7264.494991454092
9,seed144,3,3007,151,300.01,2085,108,24,0.10487400030179568,7267.696102422351
9,seed144,3,3007,156,310.01,2081,108,23,0.10467280317891454,7270.596471250288
9,seed144,3,3007,161,320.01,2085,108,24,0.10487400030179568,7273.244232038198
9,seed144,3,3007,166,330.01,2075,108,24,0.10437100749459283,7275.689467127866
9,seed144,3,3007,171,340.01,2088,108,24,0.10502489814395655,7277.969098865409
9,seed144,3,3007,176,350.01,2087,108,24,0.10497459886323626,7280.103722537373
9,seed144,3,3007,181,360.01,2098,108,24,0.1055278909511594,7282.102514866583
9,seed144,3,3007,186,370.01,2099,108,24,0.10557819023187968,7283.968464930059
9,seed144,3,3007,191,380.01,2104,108,24,0.10582968663548112,7285.704436808766
9,seed144,3,3007,196,390.01,2104,108,25,0.10582968663548112,7287.318645945144
9,seed144,3,3007,201,400.01,2111,108,25,0.1061817816005231,7288.824777020816
9,seed144,3,3007,206,410.01,2108,108,24,0.10603088375836225,7290.238293333599
9,seed144,3,3007,211,420.01,2112,108,24,0.1062320808812434,7291.573349644604
9,seed144,3,3007,216,430.01,2104,108,24,0.10582968663548112,7292.8417247088255
9,seed144,3,3007,221,440.01,2105,108,23,0.1058799859162014,7294.05242623181
9,seed144,3,3007,226,450.01,2109,108,24,0.10608118303908254,7295.211292202328
9,seed144,3,3007,231,460.01,2110,108,24,0.10613148231980282,7296.321560318964
9,seed144,3,3007,236,470.01,2104,108,24,0.10582968663548112,7297.385357547335
9,seed144,3,3007,241,480.01,2101,108,24,0.10567878879332025,7298.404866188581
9,seed144,3,3007,246,490.01,2102,108,24,0.10572908807404054,7299.382647851713
9,seed144,3,3007,251,500.01,2101,108,25,0.10567878879332025,7300.321378028462
9,seed144,3,3007,256,510.01,2103,108,24,0.10577938735476082,7301.223385648788
9,seed144,3,3007,261,520.01,2105,108,24,0.1058799859162014,7302.090386385337
9,seed144,3,3007,266,530.01,2105,108,24,0.1058799859162014,7302.923689096922
9,seed144,3,3007,271,540.01,2102,108,24,0.10572908807404054,7303.724831835707
9,seed144,3,3007,276,550.01,2107,108,23,0.10598058447764197,7304.496167170844
9,seed144,3,3007,281,560.01,2110,108,23,0.10613148231980282,7305.240838867859
9,seed144,3,3007,286,570.01,2103,108,24,0.10577938735476082,7305.962143966202
9,seed144,3,3007,291,580.01,2106,108,24,0.10593028519692169,7306.66280183641
9,seed144,3,3007,296,590.01,2110,108,23,0.10613148231980282,7307.344584353753
9,seed144,3,3007,301,600.01,2118,108,23,0.10653387656556511,7308.008394370159
9,random,1,,0,0.0,0,0,0,0.0,9968.405733900081
9,random,1,,1,0.01,0,0,0,0.0,9990.417774552596
9,random,1,,6,10.01,2059,138,25,0.10356621900306826,7183.735244094514
9,random,1,,11,20.01,2094,134,26,0.10532669382827825,7233.603121416691
9,random,1,,16,30.01,2093,132,25,0.10527639454755797,7298.178541162016
9,random,1,,21,40.01,2093,132,24,0.10527639454755797,7348.0689960988
9,random,1,,26,50.01,2131,132,24,0.10718776721492883,7385.062353442287
9,random,1,,31,60.01,2127,132,24,0.10698657009204768,7414.035761624667
9,random,1,,36,70.01,2123,132,24,0.10678537296916654,7437.166211060403
9,random,1,,41,80.01,2129,132,23,0.10708716865348826,7455.709283465141
9,random,1,,46,90.01,2137,132,23,0.10748956289925055,7470.793639761196
9,random,1,,51,100.01,2157,132,23,0.10849554851365625,7483.221862293192
9,random,1,,56,110.01,2147,132,23,0.1079925557064534,7493.660939337291
9,random,1,,61,120.01,2160,132,22,0.1086464463558171,7502.544889501991
9,random,1,,66,130.01,2162,132,22,0.10874704491725769,7510.198556505378
9,random,1,,71,140.01,2162,132,22,0.10874704491725769,7516.89826141654
9,random,1,,76,150.01,2162,132,23,0.10874704491725769,7522.833291908644
9,random,1,,81,160.01,2163,132,23,0.10879734419797797,7528.117988292314
9,random,1,,86,170.01,2166,132,23,0.10894824204013882,7532.857388158503
9,random,1,,91,180.01,2168,132,22,0.10904884060157939,7537.157397570536
9,random,1,,96,190.01,2170,132,22,0.10914943916301997,7541.09231729588
9,random,1,,101,200.01,2177,132,23,0.10950153412806198,7544.668520992078
9,random,1,,106,210.01,2172,132,22,0.10925003772446054,7547.9056195145695
9,random,1,,111,220.01,2162,132,22,0.10874704491725769,7550.862530320379
9,random,1,,116,230.01,2151,132,22,0.10819375282933454,7553.605564476185
9,random,1,,121,240.01,2155,132,22,0.10839494995221569,7556.208797529036
9,random,1,,126,250.01,2164,132,22,0.10884764347869826,7558.739065670448
9,random,1,,131,260.01,2169,132,22,0.10909913988229969,7561.191929731032
9,random,1,,136,270.01,2180,132,22,0.10965243197022283,7563.488488093176
9,random,1,,141,280.01,2184,132,23,0.10985362909310396,7565.607154235919
9,random,1,,146,290.01,2185,132,23,0.10990392837382426,7567.580311672402
9,random,1,,151,300.01,2172,132,23,0.10925003772446054,7569.436567670686
9,random,1,,156,310.01,2169,132,23,0.10909913988229969,7571.192775882369
9,random,1,,161,320.01,2176,132,23,0.10945123484734168,7572.8582880978365
9,random,1,,166,330.01,2172,132,23,0.10925003772446054,7574.436257260458
9,random,1,,171,340.01,2174,132,23,0.10935063628590111,7575.922448384043
9,random,1,,176,350.01,2173,132,23,0.10930033700518083,7577.301713798441
9,random,1,,181,360.01,2179,132,21,0.10960213268950254,7578.536288390135
9,random,1,,186,370.01,2180,132,21,0.10965243197022283,7579.515757740466
9,random,1,,191,380.01,2186,132,21,0.10995422765454455,7579.7259270381455
9,random,1,,196,390.01,2189,131,22,0.1101051254967054,7575.766230837746
9,random,1,,201,400.01,2190,131,22,0.11015542477742568,7579.766234912084
9,random,1,,206,410.01,2192,131,21,0.11025602333886625,7581.55053621318
9,random,1,,211,420.01,2183,131,22,0.10980332981238368,7583.206092577414
9,random,1,,216,430.01,2182,131,22,0.1097530305316634,7584.74746302148
9,random,1,,221,440.01,2191,131,22,0.11020572405814597,7586.189142025426
9,random,1,,226,450.01,2182,131,21,0.1097530305316634,7587.545266632998
9,random,1,,231,460.01,2190,131,22,0.11015542477742568,7588.830635494807
9,random,1,,236,470.01,2192,131,22,0.11025602333886625,7590.0574445555085
9,random,1,,241,480.01,2196,131,22,0.1104572204617474,7591.23335507461
9,random,1,,246,490.01,2190,131,22,0.11015542477742568,7592.361322319615
9,random,1,,251,500.01,2177,131,22,0.10950153412806198,7593.440586266273
9,random,1,,256,510.01,2173,131,22,0.10930033700518083,7594.469891457494
9,random,1,,261,520.01,2172,131,22,0.10925003772446054,7595.451690952956
9,random,1,,266,530.01,2161,131,21,0.1086967456365374,7596.392017947175
9,random,1,,271,540.01,2168,131,21,0.10904884060157939,7597.294183772126
9,random,1,,276,550.01,2177,131,21,0.10950153412806198,7598.1558132363425
9,random,1,,281,560.01,2172,131,21,0.10925003772446054,7598.973979170232
9,random,1,,286,570.01,2174,131,21,0.10935063628590111,7599.749309856608
9,random,1,,291,580.01,2181,131,21,0.10970273125094311,7600.4851262367465
9,random,1,,296,590.01,2179,131,21,0.10960213268950254,7601.18547172521
9,random,1,,301,600.01,2162,131,21,0.10874704491725769,7601.854080168241
9,random,2,,0,0.0,0,0,0,0.0,9920.090612414248
9,random,2,,1,0.01,0,0,0,0.0,9941.345648229253
9,random,2,,6,10.01,2066,144,24,0.10391831396811026,7217.961909578396
9,random,2,,11,20.01,2060,136,24,0.10361651828378854,7253.779158718555
9,random,2,,16,30.01,2107,132,24,0.10598058447764197,7326.27436339441
9,random,2,,21,40.01,2110,132,25,0.10613148231980282,7372.546116561081
9,random,2,,26,50.01,2127,132,25,0.10698657009204768,7405.230943646657
9,random,2,,31,60.01,2151,132,23,0.10819375282933454,7430.055352062392
9,random,2,,36,70.01,2154,132,24,0.1083446506714954,7448.528180276264
9,random,2,,41,80.01,2147,131,23,0.1079925557064534,7458.654847203044
9,random,2,,46,90.01,2135,131,23,0.10738896433780996,7476.041090721194
9,random,2,,51,100.01,2144,131,23,0.10784165786429253,7487.330026288046
9,random,2,,56,110.01,2159,131,23,0.10859614707509682,7496.797552232147
9,random,2,,61,120.01,2177,131,23,0.10950153412806198,7504.961654889999
9,random,2,,66,130.01,2180,131,23,0.10965243197022283,7512.0991188477055
9,random,2,,71,140.01,2162,131,23,0.10874704491725769,7518.358072328237
9,random,2,,76,150.01,2157,131,23,0.10849554851365625,7523.855606372814
9,random,2,,81,160.01,2168,131,23,0.10904884060157939,7528.7177903944485
9,random,2,,86,170.01,2159,131,23,0.10859614707509682,7533.055504117252
9,random,2,,91,180.01,2152,131,23,0.10824405211005482,7536.924786311285
9,random,2,,96,190.01,2161,131,23,0.1086967456365374,7540.240555108767
9,random,2,,101,200.01,2167,131,23,0.10899854132085911,7541.911802292765
9,random,2,,106,210.01,2174,130,22,0.10935063628590111,7542.977731534427
9,random,2,,111,220.01,2173,130,22,0.10930033700518083,7546.783721550348
9,random,2,,116,230.01,2168,130,22,0.10904884060157939,7550.224633548473
9,random,2,,121,240.01,2177,130,23,0.10950153412806198,7553.401874030733
9,random,2,,126,250.01,2181,130,23,0.10970273125094311,7556.3779559737895
9,random,2,,131,260.01,2180,130,24,0.10965243197022283,7559.208314734992
9,random,2,,136,270.01,2184,130,24,0.10985362909310396,7561.941362845257
9,random,2,,141,280.01,2171,130,23,0.10919973844374026,7564.609700399991
9,random,2,,146,290.01,2167,130,23,0.10899854132085911,7567.228379788736
9,random,2,,151,300.01,2160,130,23,0.1086464463558171,7569.7861136943375
9,random,2,,156,310.01,2150,130,23,0.10814345354861425,7572.239956921163
9,random,2,,161,320.01,2149,130,23,0.10809315426789397,7574.55495519465
9,random,2,,166,330.01,2159,130,23,0.10859614707509682,7576.738024540322
9,random,2,,171,340.01,2166,130,23,0.10894824204013882,7578.815821983677
9,random,2,,176,350.01,2158,130,23,0.10854584779437654,7580.812646418041
9,random,2,,181,360.01,2169,130,23,0.10909913988229969,7582.744680339589
9,random,2,,186,370.01,2168,130,23,0.10904884060157939,7584.619945878781
9,random,2,,191,380.01,2162,130,23,0.10874704491725769,7586.44063357495
9,random,2,,196,390.01,2177,130,23,0.10950153412806198,7588.206256279485
9,random,2,,201,400.01,2173,130,23,0.10930033700518083,7589.916026263244
9,random,2,,206,410.01,2172,130,23,0.10925003772446054,7591.569943864708
9,random,2,,211,420.01,2171,130,22,0.10919973844374026,7593.168945319691
9,random,2,,216,430.01,2181,130,22,0.10970273125094311,7594.714541599785
9,random,2,,221,440.01,2180,130,22,0.10965243197022283,7596.208085883567
9,random,2,,226,450.01,2180,130,22,0.10965243197022283,7597.649822342546
9,random,2,,231,460.01,2182,130,22,0.1097530305316634,7599.038340875802
9,random,2,,236,470.01,2167,130,22,0.10899854132085911,7600.371180701815
9,random,2,,241,480.01,2172,130,22,0.10925003772446054,7601.646567967789
9,random,2,,246,490.01,2168,130,22,0.10904884060157939,7602.8652850254375
9,random,2,,251,500.01,2162,130,22,0.10874704491725769,7604.031472193542
9,random,2,,256,510.01,2169,130,22,0.10909913988229969,7605.151946904363
9,random,2,,261,520.01,2168,130,22,0.10904884060157939,7606.234561917294
9,random,2,,266,530.01,2182,130,22,0.1097530305316634,7607.286433158381
9,random,2,,271,540.01,2182,130,22,0.1097530305316634,7608.312633239599
9,random,2,,276,550.01,2178,130,22,0.10955183340878226,7609.315650921225
9,random,2,,281,560.01,2185,130,22,0.10990392837382426,7610.295714717311
9,random,2,,286,570.01,2186,130,23,0.10995422765454455,7611.251887417074
9,random,2,,291,580.01,2185,130,23,0.10990392837382426,7612.183721815936
9,random,2,,296,590.01,2192,130,23,0.11025602333886625,7613.093382992909
9,random,2,,301,600.01,2180,130,23,0.10965243197022283,7613.988396439581
9,random,3,,0,0.0,0,0,0,0.0,9905.41048064975
9,random,3,,1,0.01,0,0,0,0.0,9926.267444130168
9,random,3,,6,10.01,2098,156,24,0.1055278909511594,7327.71171573902
9,random,3,,11,20.01,2110,148,25,0.10613148231980282,7347.161899705211
9,random,3,,16,30.01,2124,145,24,0.10683567224988683,7427.598910220093
9,random,3,,21,40.01,2137,142,24,0.10748956289925055,7467.309864415356
9,random,3,,26,50.01,2149,140,24,0.10809315426789397,7506.703124749518
9,random,3,,31,60.01,2177,140,24,0.10950153412806198,7537.614995718328
9,random,3,,36,70.01,2198,140,23,0.11055781902318797,7561.750086629091
9,random,3,,41,80.01,2187,140,22,0.11000452693526483,7580.719495559419
9,random,3,,46,90.01,2170,140,23,0.10914943916301997,7595.779238935392
9,random,3,,51,100.01,2194,140,23,0.11035662190030683,7607.640837679812
9,random,3,,56,110.01,2183,140,23,0.10980332981238368,7615.762041854503
9,random,3,,61,120.01,2192,139,23,0.11025602333886625,7622.289413503089
9,random,3,,66,130.01,2190,139,22,0.11015542477742568,7628.633247742969
9,random,3,,71,140.01,2186,138,22,0.10995422765454455,7631.485711883775
9,random,3,,76,150.01,2184,138,22,0.10985362909310396,7638.907656737864
9,random,3,,81,160.01,2188,138,22,0.11005482621598511,7644.354830950512
9,random,3,,86,170.01,2190,138,22,0.11015542477742568,7649.078459107483
9,random,3,,91,180.01,2200,138,22,0.11065841758462854,7653.225414029607
9,random,3,,96,190.01,2188,138,22,0.11005482621598511,7656.879760466427
9,random,3,,101,200.01,2203,138,23,0.1108093154267894,7660.080691412215
9,random,3,,106,210.01,2208,138,23,0.11106081183039082,7662.780821447476
9,random,3,,111,220.01,2203,138,23,0.1108093154267894,7664.493950962384
9,random,3,,116,230.01,2204,137,23,0.11085961470750968,7662.030864538134
9,random,3,,121,240.01,2208,137,23,0.11106081183039082,7667.075772318376
9,random,3,,126,250.01,2208,137,23,0.11106081183039082,7669.825639041236
9,random,3,,131,260.01,2204,137,23,0.11085961470750968,7672.3459572867905
9,random,3,,136,270.01,2201,137,22,0.11070871686534882,7674.707794367277
9,random,3,,141,280.01,2188,137,22,0.11005482621598511,7676.95836536354
9,random,3,,146,290.01,2180,137,22,0.10965243197022283,7679.118514762894
9,random,3,,151,300.01,2187,137,22,0.11000452693526483,7681.155166448254
9,random,3,,156,310.01,2181,137,22,0.10970273125094311,7683.021647403946
9,random,3,,161,320.01,2188,137,22,0.11005482621598511,7684.736256522572
9,random,3,,166,330.01,2200,137,22,0.11065841758462854,7686.343657802007
9,random,3,,171,340.01,2202,137,22,0.11075901614606912,7687.877815267633
9,random,3,,176,350.01,2206,137,21,0.11096021326895025,7689.355473323825
9,random,3,,181,360.01,2207,137,21,0.11101051254967054,7690.779541566104
9,random,3,,186,370.01,2200,137,21,0.11065841758462854,7692.146956423841
9,random,3,,191,380.01,2205,137,22,0.11090991398822997,7693.455321700114
9,random,3,,196,390.01,2204,137,22,0.11085961470750968,7694.706175103967
9,random,3,,201,400.01,2197,137,22,0.11050751974246768,7695.904774015569
9,random,3,,206,410.01,2200,137,22,0.11065841758462854,7697.057137179396
9,random,3,,211,420.01,2204,137,22,0.11085961470750968,7698.167399021262
9,random,3,,216,430.01,2212,137,22,0.11126200895327197,7699.238204858484
9,random,3,,221,440.01,2212,137,22,0.11126200895327197,7700.272712725675
9,random,3,,226,450.01,2223,137,22,0.11181530104119511,7701.275871793636
9,random,3,,231,460.01,2217,137,22,0.11151350535687339,7702.2548041290165
9,random,3,,236,470.01,2215,137,22,0.11141290679543282,7703.21803504899
9,random,3,,241,480.01,2214,137,22,0.11136260751471254,7704.173612295909
9,random,3,,246,490.01,2217,137,22,0.11151350535687339,7705.1276638570935
9,random,3,,251,500.01,2225,137,23,0.11191589960263568,7706.085836567322
9,random,3,,256,510.01,2217,137,23,0.11151350535687339,7707.059035175893
9,random,3,,261,520.01,2203,137,22,0.1108093154267894,7708.068478860325
9,random,3,,266,530.01,2207,137,22,0.11101051254967054,7709.126886108701
9,random,3,,271,540.01,2216,137,22,0.1114632060761531,7710.186022435
9,random,3,,276,550.01,2206,137,22,0.11096021326895025,7711.165006287824
9,random,3,,281,560.01,2209,137,22,0.1111111111111111,7712.061113766174
9,random,3,,286,570.01,2214,137,22,0.11136260751471254,7712.905773177812
9,random,3,,291,580.01,2224,137,22,0.11186560032191539,7713.718351844822
9,random,3,,296,590.01,2226,137,22,0.11196619888335597,7714.5082849605205
9,random,3,,301,600.01,2232,137,21,0.11226799456767768,7715.280630739517
9,nucl,1,,0,0.0,0,0,0,0.0,0.0
9,nucl,1,,1,0.01,3,3,1,0.0001508978421608571,12.0
9,nucl,1,,6,10.01,2236,269,37,0.11246919169055883,8122.409988759974
9,nucl,1,,11,20.01,2241,271,29,0.11272068809416025,8133.425113083197
9,nucl,1,,16,30.01,2265,243,30,0.1139278708314471,8183.775291631744
9,nucl,1,,21,40.01,2300,278,27,0.11568834565665712,8296.965032473428
9,nucl,1,,26,50.01,2299,263,27,0.11563804637593682,8285.096860578375
9,nucl,1,,31,60.01,2323,280,25,0.11684522911322368,8363.64185495957
9,nucl,1,,36,70.01,2343,280,24,0.1178512147276294,8405.686158331679
9,nucl,1,,41,80.01,2315,270,26,0.11644283486746139,8340.78273779807
9,nucl,1,,46,90.01,2346,264,26,0.11800211256979025,8366.045404170152
9,nucl,1,,51,100.01,2316,277,24,0.11649313414818169,8374.704349110572
9,nucl,1,,56,110.01,2329,283,24,0.1171470247975454,8404.616788666017
9,nucl,1,,61,120.01,2359,276,27,0.11865600321915397,8471.487025073868
9,nucl,1,,66,130.01,2330,285,26,0.11719732407826568,8450.319877318296
9,nucl,1,,71,140.01,2409,284,25,0.12117096725516825,8574.841968263867
9,nucl,1,,76,150.01,2347,267,24,0.11805241185051053,8382.458434469627
9,nucl,1,,81,160.01,2364,282,24,0.11890749962275539,8462.300132723885
9,nucl,1,,86,170.01,2332,262,24,0.11729792263970626,8476.058206305717
9,nucl,1,,91,180.01,2396,276,24,0.12051707660580453,8561.193417072012
9,nucl,1,,96,190.01,2397,272,25,0.12056737588652482,8570.066630537634
9,nucl,1,,101,200.01,2398,282,24,0.12061767516724511,8527.516355253318
9,nucl,1,,106,210.01,2392,272,25,0.1203158794829234,8543.484517419098
9,nucl,1,,111,220.01,2352,266,24,0.11830390825411197,8405.336601316449
9,nucl,1,,116,230.01,2354,267,24,0.11840450681555253,8458.311139945656
9,nucl,1,,121,240.01,2390,267,27,0.12021528092148283,8540.16043756052
9,nucl,1,,126,250.01,2360,264,24,0.11870630249987425,8440.180087538976
9,nucl,1,,131,260.01,2376,275,24,0.11951109099139882,8470.85795896143
9,nucl,1,,136,270.01,2382,252,26,0.11981288667572054,8489.167980924552
9,nucl,1,,141,280.01,2388,280,26,0.12011468236004225,8550.530671812956
9,nucl,1,,146,290.01,2353,252,24,0.11835420753483225,8483.37554241512
9,nucl,1,,151,300.01,2377,279,27,0.11956139027211911,8528.877269728484
9,nucl,1,,156,310.01,2374,274,24,0.11941049242995826,8521.289454857055
9,nucl,1,,161,320.01,2359,273,23,0.11865600321915397,8476.822960283727
9,nucl,1,,166,330.01,2384,254,24,0.11991348523716111,8493.919520393301
9,nucl,1,,171,340.01,2395,282,23,0.12046677732508425,8463.762153280608
9,nucl,1,,176,350.01,2389,281,25,0.12016498164076253,8571.50389976959
9,nucl,1,,181,360.01,2394,286,25,0.12041647804436396,8505.467648848706
9,nucl,1,,186,370.01,2358,262,24,0.11860570393843368,8472.015093104066
9,nucl,1,,191,380.01,2379,276,26,0.11966198883355968,8522.150245614841
9,nucl,1,,196,390.01,2376,265,25,0.11951109099139882,8500.649720962949
9,nucl,1,,201,400.01,2371,271,25,0.11925959458779739,8491.910152893928
9,nucl,1,,206,410.01,2385,279,24,0.1199637845178814,8569.567439172517
9,nucl,1,,211,420.01,2367,268,24,0.11905839746491625,8493.975865335611
9,nucl,1,,216,430.01,2369,273,24,0.11915899602635682,8548.003661749834
9,nucl,1,,221,440.01,2371,250,24,0.11925959458779739,8443.60944405496
9,nucl,1,,226,450.01,2362,255,24,0.11880690106131482,8427.046234205762
9,nucl,1,,231,460.01,2370,277,24,0.1192092953070771,8484.197004532503
9,nucl,1,,236,470.01,2398,266,25,0.12061767516724511,8582.408592270116
9,nucl,1,,241,480.01,2391,271,25,0.12026558020220311,8570.549981103028
9,nucl,1,,246,490.01,2381,267,25,0.11976258739500026,8482.198934419284
9,nucl,1,,251,500.01,2362,266,24,0.11880690106131482,8513.908750469875
9,nucl,1,,256,510.01,2416,280,23,0.12152306222021025,8567.343531452616
9,nucl,1,,261,520.01,2360,255,23,0.11870630249987425,8445.128644009406
9,nucl,1,,266,530.01,2411,286,23,0.12127156581660882,8618.704346913095
9,nucl,1,,271,540.01,2394,266,24,0.12041647804436396,8516.127756566657
9,nucl,1,,276,550.01,2367,264,23,0.11905839746491625,8454.353918814379
9,nucl,1,,281,560.01,2387,271,23,0.12006438307932196,8507.40976813195
9,nucl,1,,286,570.01,2384,281,23,0.11991348523716111,8562.2162063735
9,nucl,1,,291,580.01,2391,277,24,0.12026558020220311,8566.62142637739
9,nucl,1,,296,590.01,2368,260,25,0.11910869674563654,8465.649029324126
9,nucl,1,,301,600.01,2401,261,24,0.12076857300940597,8604.064139549128
9,nucl,2,,0,0.0,0,0,0,0.0,0.0
9,nucl,2,,1,0.01,1,1,1,5.02992807202857e-05,4.0
9,nucl,2,,6,10.01,2186,278,34,0.10995422765454455,8032.726987716988
9,nucl,2,,11,20.01,2257,277,28,0.11352547658568482,8187.706945202116
9,nucl,2,,16,30.01,2334,283,29,0.11739852120114683,8326.367386081149
9,nucl,2,,21,40.01,2284,288,26,0.11488355716513254,8304.900487948997
9,nucl,2,,26,50.01,2279,253,24,0.11463206076153111,8252.572968623877
9,nucl,2,,31,60.01,2315,277,24,0.11644283486746139,8348.827152070548
9,nucl,2,,36,70.01,2312,278,26,0.11629193702530054,8319.119855966961
9,nucl,2,,41,80.01,2343,297,24,0.1178512147276294,8409.57854968944
9,nucl,2,,46,90.01,2372,271,24,0.11930989386851767,8442.857060703587
9,nucl,2,,51,100.01,2352,283,25,0.11830390825411197,8431.42186734279
9,nucl,2,,56,110.01,2321,268,25,0.11674463055178311,8357.004825653812
9,nucl,2,,61,120.01,2340,284,24,0.11770031688546853,8406.23616204895
9,nucl,2,,66,130.01,2341,282,25,0.11775061616618883,8409.868689360548
9,nucl,2,,71,140.01,2370,270,26,0.1192092953070771,8496.830890997673
9,nucl,2,,76,150.01,2363,283,26,0.1188572003420351,8463.370938672164
9,nucl,2,,81,160.01,2345,273,23,0.11795181328906996,8437.327461467956
9,nucl,2,,86,170.01,2436,288,22,0.12252904783461596,8631.387266666203
9,nucl,2,,91,180.01,2411,277,24,0.12127156581660882,8570.193791198728
9,nucl,2,,96,190.01,2350,277,25,0.1182033096926714,8428.573167362036
9,nucl,2,,101,200.01,2369,264,24,0.11915899602635682,8478.184226002402
9,nucl,2,,106,210.01,2357,261,25,0.1185554046577134,8483.264665053011
9,nucl,2,,111,220.01,2381,281,25,0.11976258739500026,8538.937027896682
9,nucl,2,,116,230.01,2383,259,24,0.11986318595644083,8508.823801144226
9,nucl,2,,121,240.01,2338,273,24,0.11759971832402796,8416.683501887603
9,nucl,2,,126,250.01,2376,278,25,0.11951109099139882,8501.99737599112
9,nucl,2,,131,260.01,2370,263,24,0.1192092953070771,8446.801983054647
9,nucl,2,,136,270.01,2410,277,23,0.12122126653588854,8541.74052793447
9,nucl,2,,141,280.01,2362,267,23,0.11880690106131482,8504.51918537903
9,nucl,2,,146,290.01,2389,286,24,0.12016498164076253,8564.166001210893
9,nucl,2,,151,300.01,2371,278,25,0.11925959458779739,8563.009928163065
9,nucl,2,,156,310.01,2321,258,24,0.11674463055178311,8450.032679866095
9,nucl,2,,161,320.01,2396,289,23,0.12051707660580453,8517.578299834096
9,nucl,2,,166,330.01,2381,270,25,0.11976258739500026,8519.860735437236
9,nucl,2,,171,340.01,2377,278,24,0.11956139027211911,8550.98817335415
9,nucl,2,,176,350.01,2364,277,25,0.11890749962275539,8489.024980102986
9,nucl,2,,181,360.01,2398,275,25,0.12061767516724511,8593.40165832742
9,nucl,2,,186,370.01,2388,277,23,0.12011468236004225,8519.306291369105
9,nucl,2,,191,380.01,2369,281,25,0.11915899602635682,8574.841985833467
9,nucl,2,,196,390.01,2361,266,23,0.11875660178059454,8494.76800096721
9,nucl,2,,201,400.01,2353,257,24,0.11835420753483225,8469.451338483392
9,nucl,2,,206,410.01,2387,284,24,0.12006438307932196,8597.722530816547
9,nucl,2,,211,420.01,2383,267,24,0.11986318595644083,8493.064747444238
9,nucl,2,,216,430.01,2364,278,24,0.11890749962275539,8547.027701467947
9,nucl,2,,221,440.01,2375,277,23,0.11946079171067854,8548.286819964416
9,nucl,2,,226,450.01,2346,249,24,0.11800211256979025,8453.159000819149
9,nucl,2,,231,460.01,2394,268,24,0.12041647804436396,8574.849030084246
9,nucl,2,,236,470.01,2431,288,25,0.12227755143101454,8661.293367029388
9,nucl,2,,241,480.01,2392,266,24,0.1203158794829234,8476.123251341654
9,nucl,2,,246,490.01,2400,275,24,0.12071827372868568,8537.806320423708
9,nucl,2,,251,500.01,2381,279,25,0.11976258739500026,8556.55978216829
9,nucl,2,,256,510.01,2368,267,23,0.11910869674563654,8540.052380748024
9,nucl,2,,261,520.01,2391,295,22,0.12026558020220311,8590.883645773181
9,nucl,2,,266,530.01,2350,248,24,0.1182033096926714,8436.204523432514
9,nucl,2,,271,540.01,2393,294,23,0.12036617876364368,8543.458257996472
9,nucl,2,,276,550.01,2316,248,22,0.11649313414818169,8377.001424511787
9,nucl,2,,281,560.01,2376,269,26,0.11951109099139882,8504.181064671056
9,nucl,2,,286,570.01,2398,296,25,0.12061767516724511,8572.055241594426
9,nucl,2,,291,580.01,2347,256,24,0.11805241185051053,8414.104506168476
9,nucl,2,,296,590.01,2392,276,25,0.1203158794829234,8586.72364473588
9,nucl,2,,301,600.01,2411,273,26,0.12127156581660882,8605.67034307744
9,nucl,3,,0,0.0,0,0,0,0.0,0.0
9,nucl,3,,1,0.01,4,4,1,0.0002011971228811428,16.0
9,nucl,3,,6,10.01,2247,294,35,0.11302248377848197,8231.340313131612
9,nucl,3,,11,20.01,2268,281,28,0.11407876867360797,8189.082129822495
9,nucl,3,,16,30.01,2274,271,29,0.11438056435792968,8223.29951907615
9,nucl,3,,21,40.01,2309,264,33,0.11614103918313969,8324.80549774984
9,nucl,3,,26,50.01,2334,274,28,0.11739852120114683,8411.463684707416
9,nucl,3,,31,60.01,2366,286,26,0.11900809818419597,8503.203882762991
9,nucl,3,,36,70.01,2380,274,27,0.11971228811427996,8468.645770520741
9,nucl,3,,41,80.01,2330,253,26,0.11719732407826568,8386.356504096482
9,nucl,3,,46,90.01,2309,263,25,0.11614103918313969,8340.704920734384
9,nucl,3,,51,100.01,2351,278,24,0.11825360897339168,8441.967692467664
9,nucl,3,,56,110.01,2326,264,28,0.11699612695538454,8403.224209863758
9,nucl,3,,61,120.01,2390,264,27,0.12021528092148283,8539.215207849898
9,nucl,3,,66,130.01,2408,278,26,0.12112066797444797,8554.554482341518
9,nucl,3,,71,140.01,2390,286,26,0.12021528092148283,8616.893895183814
9,nucl,3,,76,150.01,2354,270,23,0.11840450681555253,8467.093880416516
9,nucl,3,,81,160.01,2399,266,24,0.1206679744479654,8515.686053489097
9,nucl,3,,86,170.01,2394,268,26,0.12041647804436396,8574.04907789355
9,nucl,3,,91,180.01,2390,271,25,0.12021528092148283,8506.92788684092
9,nucl,3,,96,190.01,2391,276,25,0.12026558020220311,8521.334117536877
9,nucl,3,,101,200.01,2417,294,24,0.12157336150093054,8634.524685483202
9,nucl,3,,106,210.01,2399,302,22,0.1206679744479654,8627.492452945164
9,nucl,3,,111,220.01,2410,284,25,0.12122126653588854,8631.28822508328
9,nucl,3,,116,230.01,2407,275,23,0.12107036869372768,8549.37131356166
9,nucl,3,,121,240.01,2414,278,24,0.12142246365876969,8678.30045707271
9,nucl,3,,126,250.01,2389,266,23,0.12016498164076253,8515.794491159275
9,nucl,3,,131,260.01,2393,255,26,0.12036617876364368,8518.973047156564
9,nucl,3,,136,270.01,2416,273,24,0.12152306222021025,8535.491501902236
9,nucl,3,,141,280.01,2400,290,23,0.12071827372868568,8610.598669188556
9,nucl,3,,146,290.01,2419,292,25,0.1216739600623711,8649.20331891892
9,nucl,3,,151,300.01,2402,290,25,0.12081887229012625,8617.49928098977
9,nucl,3,,156,310.01,2396,282,24,0.12051707660580453,8593.800323026524
9,nucl,3,,161,320.01,2428,278,23,0.12212665358885368,8641.881344411282
9,nucl,3,,166,330.01,2397,269,25,0.12056737588652482,8566.042959386026
9,nucl,3,,171,340.01,2431,271,24,0.12227755143101454,8623.684723151397
9,nucl,3,,176,350.01,2385,273,25,0.1199637845178814,8555.188496249946
9,nucl,3,,181,360.01,2385,272,23,0.1199637845178814,8552.48299871954
9,nucl,3,,186,370.01,2393,254,24,0.12036617876364368,8597.795745628773
9,nucl,3,,191,380.01,2408,289,25,0.12112066797444797,8591.104331408342
9,nucl,3,,196,390.01,2384,277,23,0.11991348523716111,8500.418350813878
9,nucl,3,,201,400.01,2417,276,23,0.12157336150093054,8646.185895796953
9,nucl,3,,206,410.01,2378,276,22,0.11961168955283939,8587.879343837008
9,nucl,3,,211,420.01,2382,245,24,0.11981288667572054,8507.672308776157
9,nucl,3,,216,430.01,2408,268,23,0.12112066797444797,8596.037211251809
9,nucl,3,,221,440.01,2386,288,23,0.12001408379860168,8603.592264631214
9,nucl,3,,226,450.01,2385,268,23,0.1199637845178814,8617.484764016566
9,nucl,3,,231,460.01,2369,264,26,0.11915899602635682,8501.515563250068
9,nucl,3,,236,470.01,2404,292,23,0.12091947085156682,8631.03541742779
9,nucl,3,,241,480.01,2404,274,24,0.12091947085156682,8574.124787196877
9,nucl,3,,246,490.01,2378,273,23,0.11961168955283939,8566.892761850679
9,nucl,3,,251,500.01,2402,278,24,0.12081887229012625,8660.822937569581
9,nucl,3,,256,510.01,2394,272,25,0.12041647804436396,8581.131609744436
9,nucl,3,,261,520.01,2420,285,23,0.12172425934309139,8660.152051646966
9,nucl,3,,266,530.01,2399,284,24,0.1206679744479654,8622.281712683394
9,nucl,3,,271,540.01,2404,285,24,0.12091947085156682,8668.0206332575
9,nucl,3,,276,550.01,2424,292,24,0.12192545646597254,8730.931714483086
9,nucl,3,,281,560.01,2383,277,24,0.11986318595644083,8564.77138522717
9,nucl,3,,286,570.01,2376,266,25,0.11951109099139882,8569.368510945584
9,nucl,3,,291,580.01,2366,262,23,0.11900809818419597,8534.49239124078
9,nucl,3,,296,590.01,2422,277,23,0.12182485790453197,8649.099047386011
9,nucl,3,,301,600.01,2439,290,22,0.12267994567677683,8649.13007430777
12,seed1,0,,0,0.0,1,1,1,5.02992807202857e-05,5.0
12,seed1,0,,1,0.01,1,1,1,5.02992807202857e-05,5.059970674486805
12,seed1,0,,6,10.01,19,1,19,0.0009556863336854283,76.65920629010903
12,seed1,0,,11,20.01,19,1,19,0.0009556863336854283,78.87232045714153
12,seed1,0,,16,30.01,19,1,19,0.0009556863336854283,78.87508717621961
12,seed1,0,,21,40.01,19,1,19,0.0009556863336854283,78.87524066800798
12,seed1,0,,26,50.01,19,1,19,0.0009556863336854283,78.87524661491412
12,seed1,0,,31,60.01,19,1,19,0.0009556863336854283,78.87524675864806
12,seed1,0,,36,70.01,19,1,19,0.0009556863336854283,78.87524676205132
12,seed1,0,,41,80.01,19,1,19,0.0009556863336854283,78.87524676213381
12,seed1,0,,46,90.01,19,1,19,0.0009556863336854283,78.87524676213577
12,seed1,0,,51,100.01,19,1,19,0.0009556863336854283,78.8752467621358
12,seed1,0,,56,110.01,19,1,19,0.0009556863336854283,78.87524676213579
12,seed1,0,,61,120.01,19,1,19,0.0009556863336854283,78.87524676213576
12,seed1,0,,66,130.01,19,1,19,0.0009556863336854283,78.8752467621358
12,seed1,0,,71,140.01,19,1,19,0.0009556863336854283,78.8752467621359
12,seed1,0,,76,150.01,19,1,19,0.0009556863336854283,78.87524676213573
12,seed1,0,,81,160.01,19,1,19,0.0009556863336854283,78.87524676213589
12,seed1,0,,86,170.01,19,1,19,0.0009556863336854283,78.87524676213584
12,seed1,0,,91,180.01,19,1,19,0.0009556863336854283,78.87524676213566
12,seed1,0,,96,190.01,19,1,19,0.0009556863336854283,78.87524676213566
12,seed1,0,,101,200.01,19,1,19,0.0009556863336854283,78.87524676213602
12,seed1,0,,106,210.01,19,1,19,0.0009556863336854283,78.87524676213586
12,seed1,0,,111,220.01,19,1,19,0.0009556863336854283,78.8752467621359
12,seed1,0,,116,230.01,19,1,19,0.0009556863336854283,78.87524676213602
12,seed1,0,,121,240.01,19,1,19,0.0009556863336854283,78.87524676213545
12,seed1,0,,126,250.01,19,1,19,0.0009556863336854283,78.87524676213583
12,seed1,0,,131,260.01,19,1,19,0.0009556863336854283,78.87524676213573
12,seed1,0,,136,270.01,19,1,19,0.0009556863336854283,78.87524676213566
12,seed1,0,,141,280.01,19,1,19,0.0009556863336854283,78.87524676213559
12,seed1,0,,146,290.01,19,1,19,0.0009556863336854283,78.8752467621355
12,seed1,0,,151,300.01,19,1,19,0.0009556863336854283,78.87524676213584
12,seed1,0,,156,310.01,19,1,19,0.0009556863336854283,78.87524676213599
12,seed1,0,,161,320.01,19,1,19,0.0009556863336854283,78.8752467621359
12,seed1,0,,166,330.01,19,1,19,0.0009556863336854283,78.87524676213593
12,seed1,0,,171,340.01,19,1,19,0.0009556863336854283,78.875246762136
12,seed1,0,,176,350.01,19,1,19,0.0009556863336854283,78.87524676213606
12,seed1,0,,181,360.01,19,1,19,0.0009556863336854283,78.87524676213606
12,seed1,0,,186,370.01,19,1,19,0.0009556863336854283,78.87524676213593
12,seed1,0,,191,380.01,19,1,19,0.0009556863336854283,78.87524676213597
12,seed1,0,,196,390.01,19,1,19,0.0009556863336854283,78.87524676213609
12,seed1,0,,201,400.01,19,1,19,0.0009556863336854283,78.87524676213584
12,seed1,0,,206,410.01,19,1,19,0.0009556863336854283,78.87524676213584
12,seed1,0,,211,420.01,19,1,19,0.0009556863336854283,78.87524676213586
12,seed1,0,,216,430.01,19,1,19,0.0009556863336854283,78.87524676213586
12,seed1,0,,221,440.01,19,1,19,0.0009556863336854283,78.87524676213589
12,seed1,0,,226,450.01,19,1,19,0.0009556863336854283,78.87524676213592
12,seed1,0,,231,460.01,19,1,19,0.0009556863336854283,78.87524676213596
12,seed1,0,,236,470.01,19,1,19,0.0009556863336854283,78.87524676213596
12,seed1,0,,241,480.01,19,1,19,0.0009556863336854283,78.87524676213596
12,seed1,0,,246,490.01,19,1,19,0.0009556863336854283,78.87524676213593
12,seed1,0,,251,500.01,19,1,19,0.0009556863336854283,78.875246762136
12,seed1,0,,256,510.01,19,1,19,0.0009556863336854283,78.87524676213594
12,seed1,0,,261,520.01,19,1,19,0.0009556863336854283,78.87524676213599
12,seed1,0,,266,530.01,19,1,19,0.0009556863336854283,78.87524676213597
12,seed1,0,,271,540.01,19,1,19,0.0009556863336854283,78.87524676213597
12,seed1,0,,276,550.01,19,1,19,0.0009556863336854283,78.87524676213596
12,seed1,0,,281,560.01,19,1,19,0.0009556863336854283,78.87524676213599
12,seed1,0,,286,570.01,19,1,19,0.0009556863336854283,78.87524676213594
12,seed1,0,,291,580.01,19,1,19,0.0009556863336854283,78.87524676213593
12,seed1,0,,296,590.01,19,1,19,0.0009556863336854283,78.87524676213596
12,seed1,0,,301,600.01,19,1,19,0.0009556863336854283,78.87524676213592
12,seed9,1,1007,0,0.0,9,9,1,0.0004526935264825713,45.0
12,seed9,1,1007,1,0.01,9,9,1,0.0004526935264825713,45.539736070381245
12,seed9,1,1007,6,10.01,166,9,19,0.008349680599567427,641.6615671886514
12,seed9,1,1007,11,20.01,172,9,21,0.00865147628388914,654.5007941928283
12,seed9,1,1007,16,30.01,178,9,22,0.008953271968210854,659.7029171316609
12,seed9,1,1007,21,40.01,182,9,23,0.009154469091091997,663.7352242680702
12,seed9,1,1007,26,50.01,182,9,24,0.009154469091091997,666.9185479346927
12,seed9,1,1007,31,60.01,187,9,23,0.009405965494693426,669.4981607115889
12,seed9,1,1007,36,70.01,190,9,23,0.009556863336854283,671.6249828520462
12,seed9,1,1007,41,80.01,194,9,24,0.009758060459735426,673.440306624668
12,seed9,1,1007,46,90.01,192,9,23,0.009657461898294854,675.0246666601568
12,seed9,1,1007,51,100.01,195,9,23,0.009808359740455712,676.3787300609674
12,seed9,1,1007,56,110.01,201,9,23,0.010110155424777426,677.5383672322237
12,seed9,1,1007,61,120.01,202,9,23,0.010160454705497712,678.5777655572309
12,seed9,1,1007,66,130.01,205,9,24,0.010311352547658569,679.5354339658866
12,seed9,1,1007,71,140.01,205,9,24,0.010311352547658569,680.4076079457075
12,seed9,1,1007,76,150.01,204,9,24,0.010261053266938283,681.1888326245538
12,seed9,1,1007,81,160.01,205,9,24,0.010311352547658569,681.892266436112
12,seed9,1,1007,86,170.01,207,9,24,0.01041195110909914,682.5442244097026
12,seed9,1,1007,91,180.01,207,9,25,0.01041195110909914,683.1652080560596
12,seed9,1,1007,96,190.01,206,9,25,0.010361651828378855,683.7579482536796
12,seed9,1,1007,101,200.01,204,9,25,0.010261053266938283,684.3131899825694
12,seed9,1,1007,106,210.01,203,9,25,0.010210753986217997,684.8221522769634
12,seed9,1,1007,111,220.01,201,9,25,0.010110155424777426,685.2840628943068
12,seed9,1,1007,116,230.01,202,9,25,0.010160454705497712,685.7064133436307
12,seed9,1,1007,121,240.01,207,9,26,0.01041195110909914,686.1003081086542
12,seed9,1,1007,126,250.01,208,9,26,0.010462250389819426,686.4751332751139
12,seed9,1,1007,131,260.01,208,9,25,0.010462250389819426,686.8360135002475
12,seed9,1,1007,136,270.01,208,9,25,0.010462250389819426,687.1844136794557
12,seed9,1,1007,141,280.01,210,9,25,0.010562848951259998,687.5199462516373
12,seed9,1,1007,146,290.01,209,9,25,0.010512549670539712,687.8419308926598
12,seed9,1,1007,151,300.01,211,9,25,0.010613148231980283,688.1503114611007
12,seed9,1,1007,156,310.01,211,9,25,0.010613148231980283,688.4458746496862
12,seed9,1,1007,161,320.01,208,9,25,0.010462250389819426,688.7298954586239
12,seed9,1,1007,166,330.01,206,9,25,0.010361651828378855,689.0034955768507
12,seed9,1,1007,171,340.01,206,9,25,0.010361651828378855,689.2671074778902
12,seed9,1,1007,176,350.01,208,9,25,0.010462250389819426,689.5204299651177
12,seed9,1,1007,181,360.01,209,9,25,0.010512549670539712,689.762923088681
12,seed9,1,1007,186,370.01,210,9,25,0.010562848951259998,689.9944517011095
12,seed9,1,1007,191,380.01,210,9,25,0.010562848951259998,690.2156624525069
12,seed9,1,1007,196,390.01,210,9,25,0.010562848951259998,690.4279844492712
12,seed9,1,1007,201,400.01,212,9,25,0.010663447512700569,690.6333573326808
12,seed9,1,1007,206,410.01,211,9,25,0.010613148231980283,690.8338328827829
12,seed9,1,1007,211,420.01,215,9,27,0.010814345354861426,691.0311869544754
12,seed9,1,1007,216,430.01,211,9,25,0.010613148231980283,691.226645790839
12,seed9,1,1007,221,440.01,212,9,25,0.010663447512700569,691.4207633303595
12,seed9,1,1007,226,450.01,210,9,25,0.010562848951259998,691.6134261824491
12,seed9,1,1007,231,460.01,211,9,25,0.010613148231980283,691.8039556175736
12,seed9,1,1007,236,470.01,210,9,25,0.010562848951259998,691.9912952070708
12,seed9,1,1007,241,480.01,208,9,25,0.010462250389819426,692.1742623890694
12,seed9,1,1007,246,490.01,208,9,25,0.010462250389819426,692.3518059804685
12,seed9,1,1007,251,500.01,209,9,25,0.010512549670539712,692.5231995923708
12,seed9,1,1007,256,510.01,203,9,24,0.010210753986217997,692.6881284966576
12,seed9,1,1007,261,520.01,201,9,24,0.010110155424777426,692.8466686048364
12,seed9,1,1007,266,530.01,201,9,24,0.010110155424777426,692.9991889422702
12,seed9,1,1007,271,540.01,204,9,25,0.010261053266938283,693.1462242569651
12,seed9,1,1007,276,550.01,203,9,25,0.010210753986217997,693.2883564902753
12,seed9,1,1007,281,560.01,203,9,24,0.010210753986217997,693.4261196312514
12,seed9,1,1007,286,570.01,202,9,24,0.010160454705497712,693.5599232632622
12,seed9,1,1007,291,580.01,201,9,24,0.010110155424777426,693.6899907896851
12,seed9,1,1007,296,590.01,200,9,24,0.01005985614405714,693.8163223432505
12,seed9,1,1007,301,600.01,200,9,24,0.01005985614405714,693.9387012696834
12,seed9,2,2007,0,0.0,9,9,1,0.0004526935264825713,45.0
12,seed9,2,2007,1,0.01,9,9,1,0.0004526935264825713,45.575888299275405
12,seed9,2,2007,6,10.01,154,9,19,0.007746089230923998,563.7743439102991
12,seed9,2,2007,11,20.01,161,9,21,0.008098184195965998,574.1053031178519
12,seed9,2,2007,16,30.01,167,9,23,0.008399979880287713,580.2274760450678
12,seed9,2,2007,21,40.01,168,9,24,0.008450279161007998,585.5401625854087
12,seed9,2,2007,26,50.01,169,9,23,0.008500578441728284,590.6250782655586
12,seed9,2,2007,31,60.01,172,9,23,0.00865147628388914,596.359121735458
12,seed9,2,2007,36,70.01,172,9,23,0.00865147628388914,603.6303185909075
12,seed9,2,2007,41,80.01,174,9,22,0.008752074845329711,613.1031484296377
12,seed9,2,2007,46,90.01,185,9,24,0.009305366933252854,619.5805564339273
12,seed9,2,2007,51,100.01,188,9,24,0.009456264775413711,624.5731757115103
12,seed9,2,2007,56,110.01,189,9,24,0.009506564056133997,628.6936670426418
12,seed9,2,2007,61,120.01,191,9,24,0.009607162617574569,632.4037873594104
12,seed9,2,2007,66,130.01,189,9,24,0.009506564056133997,636.1394704550852
12,seed9,2,2007,71,140.01,192,9,24,0.009657461898294854,640.673741520901
12,seed9,2,2007,76,150.01,195,9,24,0.009808359740455712,646.8017107399844
12,seed9,2,2007,81,160.01,194,9,24,0.009758060459735426,655.2066281438285
12,seed9,2,2007,86,170.01,195,9,24,0.009808359740455712,660.8801264336632
12,seed9,2,2007,91,180.01,195,9,24,0.009808359740455712,665.0349406873822
12,seed9,2,2007,96,190.01,200,9,24,0.01005985614405714,668.1812521125466
12,seed9,2,2007,101,200.01,204,9,24,0.010261053266938283,670.7511086355178
12,seed9,2,2007,106,210.01,208,9,25,0.010462250389819426,672.9023123612562
12,seed9,2,2007,111,220.01,206,9,24,0.010361651828378855,674.7539391844061
12,seed9,2,2007,116,230.01,200,9,24,0.01005985614405714,676.3571191125952
12,seed9,2,2007,121,240.01,200,9,24,0.01005985614405714,677.7585777183144
12,seed9,2,2007,126,250.01,201,9,24,0.010110155424777426,678.9888534871382
12,seed9,2,2007,131,260.01,205,9,24,0.010311352547658569,680.0769569491084
12,seed9,2,2007,136,270.01,203,9,24,0.010210753986217997,681.0598475558029
12,seed9,2,2007,141,280.01,201,9,24,0.010110155424777426,681.9605384399631
12,seed9,2,2007,146,290.01,200,9,25,0.01005985614405714,682.786050576368
12,seed9,2,2007,151,300.01,203,9,24,0.010210753986217997,683.5408366303309
12,seed9,2,2007,156,310.01,202,9,24,0.010160454705497712,684.2337031092168
12,seed9,2,2007,161,320.01,199,9,24,0.010009556863336854,684.8750314356428
12,seed9,2,2007,166,330.01,194,9,24,0.009758060459735426,685.4702309973641
12,seed9,2,2007,171,340.01,200,9,24,0.01005985614405714,686.0198950831717
12,seed9,2,2007,176,350.01,200,9,24,0.01005985614405714,686.5249285357389
12,seed9,2,2007,181,360.01,208,9,24,0.010462250389819426,686.9893409731551
12,seed9,2,2007,186,370.01,209,9,24,0.010512549670539712,687.4199540672759
12,seed9,2,2007,191,380.01,210,9,24,0.010562848951259998,687.8250854911201
12,seed9,2,2007,196,390.01,210,9,24,0.010562848951259998,688.212793684824
12,seed9,2,2007,201,400.01,213,9,25,0.010713746793420855,688.5889949757951
12,seed9,2,2007,206,410.01,210,9,25,0.010562848951259998,688.9563211895809
12,seed9,2,2007,211,420.01,215,9,25,0.010814345354861426,689.3143013093508
12,seed9,2,2007,216,430.01,211,9,25,0.010613148231980283,689.660504399886
12,seed9,2,2007,221,440.01,211,9,25,0.010613148231980283,689.9917976409647
12,seed9,2,2007,226,450.01,210,9,25,0.010562848951259998,690.3052680440314
12,seed9,2,2007,231,460.01,207,9,25,0.01041195110909914,690.5988622473933
12,seed9,2,2007,236,470.01,206,9,25,0.010361651828378855,690.8718348337219
12,seed9,2,2007,241,480.01,208,9,26,0.010462250389819426,691.1249361138348
12,seed9,2,2007,246,490.01,211,9,26,0.010613148231980283,691.3602689195939
12,seed9,2,2007,251,500.01,209,9,26,0.010512549670539712,691.5808712946712
12,seed9,2,2007,256,510.01,213,9,26,0.010713746793420855,691.7901726072114
12,seed9,2,2007,261,520.01,214,9,27,0.01076404607414114,691.9914722996693
12,seed9,2,2007,266,530.01,216,9,27,0.010864644635581712,692.1875467498053
12,seed9,2,2007,271,540.01,217,9,26,0.010914943916301998,692.3804389490892
12,seed9,2,2007,276,550.01,216,9,26,0.010864644635581712,692.5714318001678
12,seed9,2,2007,281,560.01,218,9,26,0.010965243197022283,692.7611506715473
12,seed9,2,2007,286,570.01,218,9,25,0.010965243197022283,692.9497078761392
12,seed9,2,2007,291,580.01,216,9,25,0.010864644635581712,693.1368154805633
12,seed9,2,2007,296,590.01,216,9,25,0.010864644635581712,693.3218454146471
12,seed9,2,2007,301,600.01,212,9,25,0.010663447512700569,693.5038686096821
12,seed9,3,3007,0,0.0,9,9,1,0.0004526935264825713,45.0
12,seed9,3,3007,1,0.01,9,9,1,0.0004526935264825713,45.548659129495306
12,seed9,3,3007,6,10.01,151,8,24,0.007595191388763141,541.6267635035493
12,seed9,3,3007,11,20.01,152,8,24,0.007645490669483427,548.968012928814
12,seed9,3,3007,16,30.01,156,8,24,0.00784668779236457,554.0634987125563
12,seed9,3,3007,21,40.01,159,8,24,0.007997585634525427,558.1751990341949
12,seed9,3,3007,26,50.01,161,8,25,0.008098184195965998,561.6263284998897
12,seed9,3,3007,31,60.01,163,8,25,0.00819878275740657,564.5864263492805
12,seed9,3,3007,36,70.01,161,8,25,0.008098184195965998,567.1495527398042
12,seed9,3,3007,41,80.01,160,8,25,0.008047884915245712,569.4028883986002
12,seed9,3,3007,46,90.01,156,8,25,0.00784668779236457,571.422270362122
12,seed9,3,3007,51,100.01,158,8,25,0.007947286353805141,573.2240945404038
12,seed9,3,3007,56,110.01,161,8,25,0.008098184195965998,574.8393951497765
12,seed9,3,3007,61,120.01,158,8,24,0.007947286353805141,576.3182498626331
12,seed9,3,3007,66,130.01,159,8,24,0.007997585634525427,577.676710369929
12,seed9,3,3007,71,140.01,168,8,24,0.008450279161007998,578.9179974504523
12,seed9,3,3007,76,150.01,168,8,24,0.008450279161007998,580.0718020514256
12,seed9,3,3007,81,160.01,170,8,24,0.00855087772244857,581.1793235724133
12,seed9,3,3007,86,170.01,168,8,24,0.008450279161007998,582.2440849662617
12,seed9,3,3007,91,180.01,165,8,24,0.008299381318847141,583.2375710812132
12,seed9,3,3007,96,190.01,167,8,24,0.008399979880287713,584.1530632836259
12,seed9,3,3007,101,200.01,171,8,23,0.008601177003168854,585.019680225735
12,seed9,3,3007,106,210.01,169,8,23,0.008500578441728284,585.8670673391454
12,seed9,3,3007,111,220.01,170,8,23,0.00855087772244857,586.6947560278484
12,seed9,3,3007,116,230.01,172,8,24,0.00865147628388914,587.4833494020867
12,seed9,3,3007,121,240.01,166,8,23,0.008349680599567427,588.2248264202058
12,seed9,3,3007,126,250.01,168,8,23,0.008450279161007998,588.9333112706762
12,seed9,3,3007,131,260.01,166,8,24,0.008349680599567427,589.626824025569
12,seed9,3,3007,136,270.01,164,8,24,0.008249082038126855,590.3049233137705
12,seed9,3,3007,141,280.01,165,8,24,0.008299381318847141,590.948786054501
12,seed9,3,3007,146,290.01,168,8,24,0.008450279161007998,591.5404297533273
12,seed9,3,3007,151,300.01,175,8,24,0.008802374126049997,592.0824736347752
12,seed9,3,3007,156,310.01,178,8,24,0.008953271968210854,592.5997256293857
12,seed9,3,3007,161,320.01,178,8,24,0.008953271968210854,593.1183542325338
12,seed9,3,3007,166,330.01,178,8,24,0.008953271968210854,593.646099645693
12,seed9,3,3007,171,340.01,178,8,24,0.008953271968210854,594.1729431504075
12,seed9,3,3007,176,350.01,181,8,24,0.009104169810371711,594.6836475319434
12,seed9,3,3007,181,360.01,180,8,24,0.009053870529651425,595.1694070157102
12,seed9,3,3007,186,370.01,177,8,24,0.008902972687490568,595.6341541335565
12,seed9,3,3007,191,380.01,178,8,24,0.008953271968210854,596.0903778006325
12,seed9,3,3007,196,390.01,181,8,24,0.009104169810371711,596.5464502240715
12,seed9,3,3007,201,400.01,178,8,24,0.008953271968210854,596.9987475616997
12,seed9,3,3007,206,410.01,176,8,24,0.008852673406770283,597.436509018343
12,seed9,3,3007,211,420.01,178,8,24,0.008953271968210854,597.8514855777971
12,seed9,3,3007,216,430.01,179,8,24,0.00900357124893114,598.2434725423361
12,seed9,3,3007,221,440.01,179,8,24,0.00900357124893114,598.6206779783884
12,seed9,3,3007,226,450.01,181,8,24,0.009104169810371711,598.9951868671677
12,seed9,3,3007,231,460.01,176,8,24,0.008852673406770283,599.3749253480246
12,seed9,3,3007,236,470.01,176,8,24,0.008852673406770283,599.7580528894441
12,seed9,3,3007,241,480.01,172,8,24,0.00865147628388914,600.1349145777542
12,seed9,3,3007,246,490.01,174,8,24,0.008752074845329711,600.4949776147407
12,seed9,3,3007,251,500.01,175,8,25,0.008802374126049997,600.8326141905857
12,seed9,3,3007,256,510.01,174,8,25,0.008752074845329711,601.1494873126283
12,seed9,3,3007,261,520.01,178,8,25,0.008953271968210854,601.453711226827
12,seed9,3,3007,266,530.01,179,8,24,0.00900357124893114,601.7551332205211
12,seed9,3,3007,271,540.01,183,8,25,0.009204768371812283,602.0591207904729
12,seed9,3,3007,276,550.01,180,8,25,0.009053870529651425,602.3641653450541
12,seed9,3,3007,281,560.01,182,8,25,0.009154469091091997,602.6648623991518
12,seed9,3,3007,286,570.01,181,8,24,0.009104169810371711,602.9565883060894
12,seed9,3,3007,291,580.01,181,8,24,0.009104169810371711,603.2377930131307
12,seed9,3,3007,296,590.01,182,8,24,0.009154469091091997,603.5096701799716
12,seed9,3,3007,301,600.01,184,8,24,0.009255067652532568,603.7751662369737
12,seed36,1,1007,0,0.0,36,35,2,0.0018107741059302852,180.0
12,seed36,1,1007,1,0.01,36,35,2,0.0018107741059302852,182.1745388948912
12,seed36,1,1007,6,10.01,556,34,23,0.027966400080478848,1987.4200501102123
12,seed36,1,1007,11,20.01,569,33,22,0.028620290729842564,2008.978013125266
12,seed36,1,1007,16,30.01,587,33,22,0.029525677782807704,2037.4378934162305
12,seed36,1,1007,21,40.01,604,33,23,0.030380765555052563,2060.4360821672167
12,seed36,1,1007,26,50.01,609,33,23,0.03063226195865399,2079.618363582797
12,seed36,1,1007,31,60.01,627,33,24,0.03153764901161914,2095.682244450235
12,seed36,1,1007,36,70.01,625,33,24,0.03143705045017856,2109.643479278617
12,seed36,1,1007,41,80.01,642,33,24,0.03229213822242342,2121.946397243177
12,seed36,1,1007,46,90.01,636,33,24,0.03199034253810171,2132.936818020882
12,seed36,1,1007,51,100.01,625,33,24,0.03143705045017856,2142.9307881615996
12,seed36,1,1007,56,110.01,639,33,24,0.03214124038026256,2151.9311654576163
12,seed36,1,1007,61,120.01,639,33,24,0.03214124038026256,2160.338629522682
12,seed36,1,1007,66,130.01,637,33,25,0.03204064181882199,2168.189892804211
12,seed36,1,1007,71,140.01,642,33,25,0.03229213822242342,2175.4637220345307
12,seed36,1,1007,76,150.01,652,33,25,0.03279513102962628,2182.323806659786
12,seed36,1,1007,81,160.01,653,33,25,0.03284543031034656,2188.770054678681
12,seed36,1,1007,86,170.01,650,33,24,0.032694532468185704,2194.895283043356
12,seed36,1,1007,91,180.01,648,33,24,0.032593933906745136,2200.6919726299166
12,seed36,1,1007,96,190.01,652,33,24,0.03279513102962628,2206.2247517511632
12,seed36,1,1007,101,200.01,654,33,24,0.03289572959106685,2211.5017796796474
12,seed36,1,1007,106,210.01,664,33,25,0.03339872239826971,2216.5367035887857
12,seed36,1,1007,111,220.01,664,33,25,0.03339872239826971,2221.3628879555536
12,seed36,1,1007,116,230.01,656,33,25,0.03299632815250742,2225.9747416601613
12,seed36,1,1007,121,240.01,656,33,24,0.03299632815250742,2230.4123181627574
12,seed36,1,1007,126,250.01,660,33,24,0.033197525275388565,2234.6533192314423
12,seed36,1,1007,131,260.01,663,33,25,0.03334842311754942,2238.706861521142
12,seed36,1,1007,136,270.01,655,33,24,0.03294602887178713,2242.593392284955
12,seed36,1,1007,141,280.01,666,33,25,0.033499320959710276,2246.2941397084965
12,seed36,1,1007,146,290.01,662,33,24,0.03329812383682913,2249.813633095584
12,seed36,1,1007,151,300.01,668,33,24,0.03359991952115085,2253.1652999053244
12,seed36,1,1007,156,310.01,672,33,24,0.033801116644031994,2256.3701905307753
12,seed36,1,1007,161,320.01,678,33,24,0.034102912328353704,2259.4421334143076
12,seed36,1,1007,166,330.01,681,33,24,0.03425381017051456,2262.395827061928
12,seed36,1,1007,171,340.01,681,33,24,0.03425381017051456,2265.2416842518005
12,seed36,1,1007,176,350.01,682,33,24,0.03430410945123485,2267.9666727792155
12,seed36,1,1007,181,360.01,687,33,24,0.034555605854836274,2270.571641468515
12,seed36,1,1007,186,370.01,687,33,23,0.034555605854836274,2273.094110674697
12,seed36,1,1007,191,380.01,683,33,24,0.03435440873195513,2275.5605683585973
12,seed36,1,1007,196,390.01,680,33,24,0.03420351088979428,2277.9537914046605
12,seed36,1,1007,201,400.01,681,33,23,0.03425381017051456,2280.2502619844076
12,seed36,1,1007,206,410.01,668,33,23,0.03359991952115085,2282.454486603132
12,seed36,1,1007,211,420.01,667,33,24,0.03354962024043056,2284.579938235387
12,seed36,1,1007,216,430.01,664,33,24,0.03339872239826971,2286.617200066874
12,seed36,1,1007,221,440.01,675,33,25,0.033952014486192846,2288.5454835814344
12,seed36,1,1007,226,450.01,681,33,24,0.03425381017051456,2290.364227327028
12,seed36,1,1007,231,460.01,684,33,24,0.034404708012675415,2292.099506330583
12,seed36,1,1007,236,470.01,685,33,24,0.034455007293395706,2293.782429671904
12,seed36,1,1007,241,480.01,687,33,24,0.034555605854836274,2295.4319967753327
12,seed36,1,1007,246,490.01,686,33,24,0.03450530657411599,2297.048663392299
12,seed36,1,1007,251,500.01,685,33,24,0.034455007293395706,2298.624205471163
12,seed36,1,1007,256,510.01,696,33,24,0.035008299381318844,2300.1538110126894
12,seed36,1,1007,261,520.01,699,33,24,0.0351591972234797,2301.6375436593826
12,seed36,1,1007,266,530.01,698,33,24,0.03510889794275942,2303.0813754551655
12,seed36,1,1007,271,540.01,685,33,24,0.034455007293395706,2304.4940385207824
12,seed36,1,1007,276,550.01,691,33,24,0.03475680297771742,2305.877941559098
12,seed36,1,1007,281,560.01,685,33,24,0.034455007293395706,2307.227386964005
12,seed36,1,1007,286,570.01,687,33,24,0.034555605854836274,2308.534023803646
12,seed36,1,1007,291,580.01,689,33,25,0.03465620441627685,2309.7914172912533
12,seed36,1,1007,296,590.01,689,33,24,0.03465620441627685,2310.9995743326635
12,seed36,1,1007,301,600.01,696,33,24,0.035008299381318844,2312.167563848816
12,seed36,2,2007,0,0.0,36,36,1,0.0018107741059302852,180.0
12,seed36,2,2007,1,0.01,36,36,1,0.0018107741059302852,182.19509651041915
12,seed36,2,2007,6,10.01,514,33,19,0.02585383029022685,1854.4193128745633
12,seed36,2,2007,11,20.01,534,33,23,0.026859815904632565,1882.036233396418
12,seed36,2,2007,16,30.01,552,33,22,0.027765202957597705,1914.2597050022337
12,seed36,2,2007,21,40.01,562,33,23,0.028268195764800563,1941.6820697205053
12,seed36,2,2007,26,50.01,562,33,22,0.028268195764800563,1965.3112413621652
12,seed36,2,2007,31,60.01,569,33,23,0.028620290729842564,1985.6193641976606
12,seed36,2,2007,36,70.01,584,33,24,0.02937477994064685,2003.2107538507562
12,seed36,2,2007,41,80.01,599,33,24,0.030129269151451133,2018.8563327075747
12,seed36,2,2007,46,90.01,599,33,24,0.030129269151451133,2034.0580171147328
12,seed36,2,2007,51,100.01,603,33,24,0.030330466274332276,2049.818525676574
12,seed36,2,2007,56,110.01,609,33,24,0.03063226195865399,2067.2178388859456
12,seed36,2,2007,61,120.01,610,33,24,0.030682561239374278,2081.691379081405
12,seed36,2,2007,66,130.01,615,33,24,0.030934057642975705,2093.646139526934
12,seed36,2,2007,71,140.01,620,33,24,0.031185554046577135,2103.9038346554134
12,seed36,2,2007,76,150.01,625,33,23,0.03143705045017856,2112.819410167158
12,seed36,2,2007,81,160.01,638,33,24,0.032090941099542275,2120.720602989381
12,seed36,2,2007,86,170.01,628,33,24,0.03158794829233942,2127.8245210147024
12,seed36,2,2007,91,180.01,639,33,24,0.03214124038026256,2134.236821201551
12,seed36,2,2007,96,190.01,639,33,24,0.03214124038026256,2140.049176980856
12,seed36,2,2007,101,200.01,641,33,24,0.032241838941703134,2145.373841637652
12,seed36,2,2007,106,210.01,643,33,24,0.0323424375031437,2150.275194427465
12,seed36,2,2007,111,220.01,645,33,23,0.03244303606458428,2154.795613148284
12,seed36,2,2007,116,230.01,649,33,23,0.03264423318746542,2158.998023255426
12,seed36,2,2007,121,240.01,642,33,23,0.03229213822242342,2162.9205179048413
12,seed36,2,2007,126,250.01,641,33,24,0.032241838941703134,2166.569033589502
12,seed36,2,2007,131,260.01,644,33,24,0.03239273678386399,2169.9629146571897
12,seed36,2,2007,136,270.01,645,33,24,0.03244303606458428,2173.143800978426
12,seed36,2,2007,141,280.01,643,33,24,0.0323424375031437,2176.150329950545
12,seed36,2,2007,146,290.01,641,33,24,0.032241838941703134,2178.9997724292834
12,seed36,2,2007,151,300.01,648,33,24,0.032593933906745136,2181.6956454363462
12,seed36,2,2007,156,310.01,648,33,24,0.032593933906745136,2184.245886102084
12,seed36,2,2007,161,320.01,649,33,24,0.03264423318746542,2186.66813318768
12,seed36,2,2007,166,330.01,650,33,24,0.032694532468185704,2188.9740113366042
12,seed36,2,2007,171,340.01,652,33,24,0.03279513102962628,2191.1659045617535
12,seed36,2,2007,176,350.01,657,33,24,0.033046627433227706,2193.2538965965996
12,seed36,2,2007,181,360.01,658,33,24,0.03309692671394799,2195.2594644212845
12,seed36,2,2007,186,370.01,649,33,24,0.03264423318746542,2197.2059119983824
12,seed36,2,2007,191,380.01,648,33,24,0.032593933906745136,2199.110973444109
12,seed36,2,2007,196,390.01,655,33,24,0.03294602887178713,2200.977822929719
12,seed36,2,2007,201,400.01,642,33,24,0.03229213822242342,2202.7974705614397
12,seed36,2,2007,206,410.01,643,33,24,0.0323424375031437,2204.5597965595107
12,seed36,2,2007,211,420.01,640,33,24,0.03219153966098285,2206.2533116214636
12,seed36,2,2007,216,430.01,638,33,24,0.032090941099542275,2207.8708269592103
12,seed36,2,2007,221,440.01,638,33,24,0.032090941099542275,2209.4188638602864
12,seed36,2,2007,226,450.01,648,33,24,0.032593933906745136,2210.911724006093
12,seed36,2,2007,231,460.01,655,33,24,0.03294602887178713,2212.3612994567
12,seed36,2,2007,236,470.01,652,33,24,0.03279513102962628,2213.770936132695
12,seed36,2,2007,241,480.01,650,33,24,0.032694532468185704,2215.1388717517925
12,seed36,2,2007,246,490.01,652,33,24,0.03279513102962628,2216.4676624247913
12,seed36,2,2007,251,500.01,659,33,24,0.033147225994668274,2217.767639391216
12,seed36,2,2007,256,510.01,659,33,25,0.033147225994668274,2219.0522988750527
12,seed36,2,2007,261,520.01,656,33,24,0.03299632815250742,2220.3276158835406
12,seed36,2,2007,266,530.01,657,33,24,0.033046627433227706,2221.587816424204
12,seed36,2,2007,271,540.01,655,33,24,0.03294602887178713,2222.8233977426635
12,seed36,2,2007,276,550.01,653,33,24,0.03284543031034656,2224.029570573666
12,seed36,2,2007,281,560.01,660,33,24,0.033197525275388565,2225.2071466175157
12,seed36,2,2007,286,570.01,656,33,24,0.03299632815250742,2226.3566087663958
12,seed36,2,2007,291,580.01,655,33,24,0.03294602887178713,2227.4744053550376
12,seed36,2,2007,296,590.01,662,33,24,0.03329812383682913,2228.5590576408817
12,seed36,2,2007,301,600.01,664,33,24,0.03339872239826971,2229.6196353675277
12,seed36,3,3007,0,0.0,36,35,2,0.0018107741059302852,180.0
12,seed36,3,3007,1,0.01,36,35,2,0.0018107741059302852,182.20404190461494
12,seed36,3,3007,6,10.01,554,32,22,0.027865801519038277,1917.574430385179
12,seed36,3,3007,11,20.01,556,32,21,0.027966400080478848,1920.710425812356
12,seed36,3,3007,16,30.01,564,32,22,0.028368794326241134,1947.4517367504122
12,seed36,3,3007,21,40.01,585,32,22,0.029425079221367133,1969.980266476575
12,seed36,3,3007,26,50.01,600,32,24,0.03017956843217142,1989.4513666360058
12,seed36,3,3007,31,60.01,595,32,24,0.02992807202856999,2006.6164240220821
12,seed36,3,3007,36,70.01,596,32,24,0.029978371309290278,2021.624985405148
12,seed36,3,3007,41,80.01,605,32,24,0.030431064835772847,2035.005923520573
12,seed36,3,3007,46,90.01,605,32,24,0.030431064835772847,2047.026625440315
12,seed36,3,3007,51,100.01,617,32,24,0.031034656204416276,2057.826435335604
12,seed36,3,3007,56,110.01,610,32,24,0.030682561239374278,2067.631724537116
12,seed36,3,3007,61,120.01,614,32,24,0.03088375836225542,2076.6175653174278
12,seed36,3,3007,66,130.01,613,32,25,0.030833459081535133,2084.876586168427
12,seed36,3,3007,71,140.01,616,32,24,0.030984356923695992,2092.463770657062
12,seed36,3,3007,76,150.01,626,32,24,0.031487349730898846,2099.4358493879336
12,seed36,3,3007,81,160.01,631,32,24,0.03173884613450028,2105.9012383089666
12,seed36,3,3007,86,170.01,633,32,24,0.03183944469594085,2111.9848161076943
12,seed36,3,3007,91,180.01,629,32,23,0.031638247573059705,2117.746045627333
12,seed36,3,3007,96,190.01,624,32,23,0.03138675116945828,2123.1571099064818
12,seed36,3,3007,101,200.01,617,32,23,0.031034656204416276,2128.198159013446
12,seed36,3,3007,106,210.01,627,32,24,0.03153764901161914,2132.9138842423436
12,seed36,3,3007,111,220.01,633,32,24,0.03183944469594085,2137.366388681764
12,seed36,3,3007,116,230.01,638,32,23,0.032090941099542275,2141.5829224186564
12,seed36,3,3007,121,240.01,637,32,23,0.03204064181882199,2145.580716322336
12,seed36,3,3007,126,250.01,643,32,24,0.0323424375031437,2149.387399478148
12,seed36,3,3007,131,260.01,633,32,23,0.03183944469594085,2153.024638882286
12,seed36,3,3007,136,270.01,636,32,23,0.03199034253810171,2156.489387216606
12,seed36,3,3007,141,280.01,636,32,24,0.03199034253810171,2159.77106024779
12,seed36,3,3007,146,290.01,639,32,25,0.03214124038026256,2162.87781658992
12,seed36,3,3007,151,300.01,651,32,25,0.03274483174890599,2165.8309769215853
12,seed36,3,3007,156,310.01,649,32,23,0.03264423318746542,2168.6526080114627
12,seed36,3,3007,161,320.01,648,32,25,0.032593933906745136,2171.3545701503454
12,seed36,3,3007,166,330.01,640,32,24,0.03219153966098285,2173.937987633037
12,seed36,3,3007,171,340.01,651,32,24,0.03274483174890599,2176.4086330635982
12,seed36,3,3007,176,350.01,650,32,24,0.032694532468185704,2178.7806056990266
12,seed36,3,3007,181,360.01,657,32,24,0.033046627433227706,2181.067385238958
12,seed36,3,3007,186,370.01,653,32,24,0.03284543031034656,2183.2759792623533
12,seed36,3,3007,191,380.01,650,32,25,0.032694532468185704,2185.402463369991
12,seed36,3,3007,196,390.01,645,32,24,0.03244303606458428,2187.4332149338798
12,seed36,3,3007,201,400.01,642,32,24,0.03229213822242342,2189.3563319311497
12,seed36,3,3007,206,410.01,658,32,24,0.03309692671394799,2191.1727405295796
12,seed36,3,3007,211,420.01,654,32,23,0.03289572959106685,2192.8990942315722
12,seed36,3,3007,216,430.01,653,32,23,0.03284543031034656,2194.561383496662
12,seed36,3,3007,221,440.01,655,32,24,0.03294602887178713,2196.1821332957566
12,seed36,3,3007,226,450.01,654,32,24,0.03289572959106685,2197.7699618146075
12,seed36,3,3007,231,460.01,656,32,24,0.03299632815250742,2199.3196842553016
12,seed36,3,3007,236,470.01,657,32,23,0.033046627433227706,2200.820770125024
12,seed36,3,3007,241,480.01,656,32,24,0.03299632815250742,2202.2652480881907
12,seed36,3,3007,246,490.01,652,32,23,0.03279513102962628,2203.6514214960685
12,seed36,3,3007,251,500.01,658,32,24,0.03309692671394799,2204.9840930383975
12,seed36,3,3007,256,510.01,654,32,24,0.03289572959106685,2206.2718128710358
12,seed36,3,3007,261,520.01,650,32,23,0.032694532468185704,2207.5225510324917
12,seed36,3,3007,266,530.01,652,32,23,0.03279513102962628,2208.740231052945
12,seed36,3,3007,271,540.01,652,32,23,0.03279513102962628,2209.9240674103103
12,seed36,3,3007,276,550.01,652,32,23,0.03279513102962628,2211.070715899684
12,seed36,3,3007,281,560.01,650,32,24,0.032694532468185704,2212.177301412276
12,seed36,3,3007,286,570.01,650,32,23,0.032694532468185704,2213.243452340893
12,seed36,3,3007,291,580.01,654,32,24,0.03289572959106685,2214.2717673334464
12,seed36,3,3007,296,590.01,654,32,24,0.03289572959106685,2215.266743460251
12,seed36,3,3007,301,600.01,655,32,24,0.03294602887178713,2216.232627766247
12,seed144,1,1007,0,0.0,144,141,2,0.007243096423721141,720.0
12,seed144,1,1007,1,0.01,144,141,2,0.007243096423721141,728.7887419193553
12,seed144,1,1007,6,10.01,1130,97,21,0.05683818721392284,3865.289717467202
12,seed144,1,1007,11,20.01,1126,93,19,0.0566369900910417,3882.7972264026134
12,seed144,1,1007,16,30.01,1145,91,19,0.057592676424727124,3947.452967298057
12,seed144,1,1007,21,40.01,1162,90,20,0.05844776419697199,3998.3856682719334
12,seed144,1,1007,26,50.01,1181,90,19,0.05940345053065741,4040.7465572190495
12,seed144,1,1007,31,60.01,1188,90,22,0.05975554549569941,4075.8686188269153
12,seed144,1,1007,36,70.01,1196,90,19,0.0601579397414617,4105.554198758952
12,seed144,1,1007,41,80.01,1196,90,20,0.0601579397414617,4130.935773562503
12,seed144,1,1007,46,90.01,1198,90,20,0.060258538302902266,4152.926098051277
12,seed144,1,1007,51,100.01,1190,90,20,0.05985614405713998,4172.17310195153
12,seed144,1,1007,56,110.01,1206,90,20,0.06066093254866455,4189.256896323496
12,seed144,1,1007,61,120.01,1222,90,20,0.061465721040189124,4204.743971730046
12,seed144,1,1007,66,130.01,1220,90,20,0.061365122478748556,4218.920005443357
12,seed144,1,1007,71,140.01,1229,90,20,0.061817816005231126,4231.825859712379
12,seed144,1,1007,76,150.01,1236,90,20,0.06216991097027313,4243.6821200297945
12,seed144,1,1007,81,160.01,1249,90,21,0.06282380161963684,4254.6633613435115
12,seed144,1,1007,86,170.01,1257,90,20,0.06322619586539913,4264.8874395322055
12,seed144,1,1007,91,180.01,1257,90,20,0.06322619586539913,4274.452379176262
12,seed144,1,1007,96,190.01,1263,90,19,0.06352799154972084,4283.368098305371
12,seed144,1,1007,101,200.01,1250,90,18,0.06287410090035712,4291.691586214711
12,seed144,1,1007,106,210.01,1247,90,19,0.06272320305819627,4299.518160634403
12,seed144,1,1007,111,220.01,1250,90,19,0.06287410090035712,4306.869529697311
12,seed144,1,1007,116,230.01,1254,90,19,0.06307529802323827,4313.756773941555
12,seed144,1,1007,121,240.01,1261,90,20,0.06342739298828026,4320.22858441315
12,seed144,1,1007,126,250.01,1263,90,19,0.06352799154972084,4326.316242348892
12,seed144,1,1007,131,260.01,1277,90,19,0.06423218147980483,4332.0553234392555
12,seed144,1,1007,136,270.01,1278,90,19,0.06428248076052512,4337.506716131756
12,seed144,1,1007,141,280.01,1273,90,19,0.0640309843569237,4342.705871327524
12,seed144,1,1007,146,290.01,1272,90,19,0.06398068507620341,4347.617108244909
12,seed144,1,1007,151,300.01,1277,90,19,0.06423218147980483,4352.190646474501
12,seed144,1,1007,156,310.01,1287,90,19,0.0647351742870077,4356.446744097564
12,seed144,1,1007,161,320.01,1282,90,19,0.06448367788340627,4360.461336656677
12,seed144,1,1007,166,330.01,1276,90,19,0.06418188219908455,4364.287962208337
12,seed144,1,1007,171,340.01,1272,90,19,0.06398068507620341,4367.922966845053
12,seed144,1,1007,176,350.01,1289,90,19,0.06483577284844827,4371.344467632403
12,seed144,1,1007,181,360.01,1272,90,19,0.06398068507620341,4374.563226299914
12,seed144,1,1007,186,370.01,1271,90,19,0.06393038579548313,4377.610894478546
12,seed144,1,1007,191,380.01,1272,90,19,0.06398068507620341,4380.5046933707445
12,seed144,1,1007,196,390.01,1270,90,19,0.06388008651476283,4383.241271787033
12,seed144,1,1007,201,400.01,1281,90,18,0.06443337860268598,4385.81763825191
12,seed144,1,1007,206,410.01,1286,90,18,0.0646848750062874,4388.25189353032
12,seed144,1,1007,211,420.01,1293,90,19,0.0650369699713294,4390.576695876654
12,seed144,1,1007,216,430.01,1301,90,19,0.06543936421709169,4392.815117255097
12,seed144,1,1007,221,440.01,1293,90,18,0.0650369699713294,4394.966035510779
12,seed144,1,1007,226,450.01,1289,90,18,0.06483577284844827,4397.011105958594
12,seed144,1,1007,231,460.01,1287,90,18,0.0647351742870077,4398.934593348276
12,seed144,1,1007,236,470.01,1294,90,18,0.06508726925204969,4400.736612566059
12,seed144,1,1007,241,480.01,1292,90,19,0.06498667069060912,4402.431727110316
12,seed144,1,1007,246,490.01,1294,90,19,0.06508726925204969,4404.038851730751
12,seed144,1,1007,251,500.01,1294,90,19,0.06508726925204969,4405.571345315165
12,seed144,1,1007,256,510.01,1292,90,19,0.06498667069060912,4407.033114727712
12,seed144,1,1007,261,520.01,1288,90,19,0.06478547356772799,4408.421860962939
12,seed144,1,1007,266,530.01,1283,90,19,0.06453397716412655,4409.735326775423
12,seed144,1,1007,271,540.01,1289,90,19,0.06483577284844827,4410.975584762726
12,seed144,1,1007,276,550.01,1295,90,19,0.06513756853276999,4412.149520537356
12,seed144,1,1007,281,560.01,1303,90,19,0.06553996277853227,4413.266514377907
12,seed144,1,1007,286,570.01,1300,90,18,0.06538906493637141,4414.335420608069
12,seed144,1,1007,291,580.01,1299,90,18,0.06533876565565112,4415.36231950623
12,seed144,1,1007,296,590.01,1305,90,17,0.06564056133997284,4416.349687692835
12,seed144,1,1007,301,600.01,1298,90,17,0.06528846637493084,4417.297113240379
12,seed144,2,2007,0,0.0,144,135,4,0.007243096423721141,720.0
12,seed144,2,2007,1,0.01,144,135,4,0.007243096423721141,728.7980905138377
12,seed144,2,2007,6,10.01,1175,97,19,0.0591016548463357,3963.156650634287
12,seed144,2,2007,11,20.01,1152,94,20,0.057944771389769126,3948.413107986029
12,seed144,2,2007,16,30.01,1182,91,20,0.059453749811377694,4007.967427191741
12,seed144,2,2007,21,40.01,1180,91,19,0.059353151249937126,4049.5558418033174
12,seed144,2,2007,26,50.01,1189,91,19,0.059805844776419696,4083.0319282089085
12,seed144,2,2007,31,60.01,1214,91,19,0.06106332679442684,4110.888749358153
12,seed144,2,2007,36,70.01,1215,91,19,0.06111362607514713,4134.617147207099
12,seed144,2,2007,41,80.01,1219,91,20,0.061314823198028265,4155.212656146581
12,seed144,2,2007,46,90.01,1230,91,20,0.06186811528595141,4173.185218662609
12,seed144,2,2007,51,100.01,1227,91,19,0.06171721744379055,4188.850081716484
12,seed144,2,2007,56,110.01,1239,91,19,0.06232080881243398,4202.729212888526
12,seed144,2,2007,61,120.01,1245,91,19,0.06262260449675569,4215.246284519304
12,seed144,2,2007,66,130.01,1242,91,20,0.06247170665459484,4226.611840925068
12,seed144,2,2007,71,140.01,1236,91,20,0.06216991097027313,4236.9769070548755
12,seed144,2,2007,76,150.01,1236,91,19,0.06216991097027313,4246.467991107453
12,seed144,2,2007,81,160.01,1241,91,18,0.062421407373874555,4255.172579771708
12,seed144,2,2007,86,170.01,1242,91,18,0.06247170665459484,4263.1584516446
12,seed144,2,2007,91,180.01,1264,91,19,0.06357829083044113,4270.470987482931
12,seed144,2,2007,96,190.01,1267,91,19,0.06372918867260198,4277.21031094233
12,seed144,2,2007,101,200.01,1260,91,19,0.06337709370755998,4283.461699027635
12,seed144,2,2007,106,210.01,1262,91,19,0.06347769226900056,4289.22875628311
12,seed144,2,2007,111,220.01,1262,91,18,0.06347769226900056,4294.5395633822045
12,seed144,2,2007,116,230.01,1267,91,17,0.06372918867260198,4299.494559058315
12,seed144,2,2007,121,240.01,1290,91,20,0.06488607212916855,4304.19021621351
12,seed144,2,2007,126,250.01,1276,91,20,0.06418188219908455,4308.652565964516
12,seed144,2,2007,131,260.01,1275,91,19,0.06413158291836427,4312.87377347488
12,seed144,2,2007,136,270.01,1275,91,19,0.06413158291836427,4316.873667814465
12,seed144,2,2007,141,280.01,1281,91,20,0.06443337860268598,4320.702448789033
12,seed144,2,2007,146,290.01,1264,91,19,0.06357829083044113,4324.379688864454
12,seed144,2,2007,151,300.01,1256,91,20,0.06317589658467884,4327.846944604644
12,seed144,2,2007,156,310.01,1260,91,19,0.06337709370755998,4331.070204983082
12,seed144,2,2007,161,320.01,1260,91,19,0.06337709370755998,4334.0834038938865
12,seed144,2,2007,166,330.01,1265,91,19,0.06362859011116141,4336.926111243166
12,seed144,2,2007,171,340.01,1266,91,19,0.0636788893918817,4339.6195143274235
12,seed144,2,2007,176,350.01,1263,91,19,0.06352799154972084,4342.176630290111
12,seed144,2,2007,181,360.01,1269,91,19,0.06382978723404255,4344.612690750711
12,seed144,2,2007,186,370.01,1281,91,19,0.06443337860268598,4346.941956245482
12,seed144,2,2007,191,380.01,1277,91,19,0.06423218147980483,4349.177384241384
12,seed144,2,2007,196,390.01,1276,91,19,0.06418188219908455,4351.332101959602
12,seed144,2,2007,201,400.01,1285,91,19,0.06463457572556712,4353.41490918095
12,seed144,2,2007,206,410.01,1285,91,19,0.06463457572556712,4355.425636414386
12,seed144,2,2007,211,420.01,1281,91,19,0.06443337860268598,4357.357758608852
12,seed144,2,2007,216,430.01,1275,91,19,0.06413158291836427,4359.20801957084
12,seed144,2,2007,221,440.01,1289,91,19,0.06483577284844827,4360.985300883487
12,seed144,2,2007,226,450.01,1289,91,19,0.06483577284844827,4362.710612069263
12,seed144,2,2007,231,460.01,1285,91,19,0.06463457572556712,4364.406641579808
12,seed144,2,2007,236,470.01,1286,91,19,0.0646848750062874,4366.082360735019
12,seed144,2,2007,241,480.01,1278,91,18,0.06428248076052512,4367.719126098742
12,seed144,2,2007,246,490.01,1278,91,18,0.06428248076052512,4369.276610031956
12,seed144,2,2007,251,500.01,1274,91,18,0.06408128363764398,4370.733269924753
12,seed144,2,2007,256,510.01,1281,91,19,0.06443337860268598,4372.100316584667
12,seed144,2,2007,261,520.01,1283,91,19,0.06453397716412655,4373.398938435957
12,seed144,2,2007,266,530.01,1281,91,18,0.06443337860268598,4374.648373718739
12,seed144,2,2007,271,540.01,1288,91,19,0.06478547356772799,4375.8645074730775
12,seed144,2,2007,276,550.01,1295,91,19,0.06513756853276999,4377.05883533084
12,seed144,2,2007,281,560.01,1296,91,19,0.06518786781349027,4378.236915744749
12,seed144,2,2007,286,570.01,1295,91,19,0.06513756853276999,4379.398180116751
12,seed144,2,2007,291,580.01,1297,91,19,0.06523816709421056,4380.537769468248
12,seed144,2,2007,296,590.01,1292,91,19,0.06498667069060912,4381.649702130415
12,seed144,2,2007,301,600.01,1283,91,19,0.06453397716412655,4382.730404488698
12,seed144,3,3007,0,0.0,144,141,2,0.007243096423721141,720.0
12,seed144,3,3007,1,0.01,144,141,2,0.007243096423721141,728.6322923480501
12,seed144,3,3007,6,10.01,1176,111,19,0.05915195412705598,4049.982742901905
12,seed144,3,3007,11,20.01,1176,101,19,0.05915195412705598,4063.401623269876
12,seed144,3,3007,16,30.01,1194,98,18,0.06005734118002112,4113.102063903756
12,seed144,3,3007,21,40.01,1213,97,17,0.061013027513706554,4157.415238249048
12,seed144,3,3007,26,50.01,1235,97,19,0.06211961168955284,4195.328272642059
12,seed144,3,3007,31,60.01,1247,97,19,0.06272320305819627,4224.525481304863
12,seed144,3,3007,36,70.01,1247,97,19,0.06272320305819627,4249.700662965331
12,seed144,3,3007,41,80.01,1235,97,18,0.06211961168955284,4271.508065171885
12,seed144,3,3007,46,90.01,1238,97,17,0.062270509531713696,4290.398527869584
12,seed144,3,3007,51,100.01,1249,97,18,0.06282380161963684,4306.987141930068
12,seed144,3,3007,56,110.01,1277,97,19,0.06423218147980483,4321.854370941297
12,seed144,3,3007,61,120.01,1271,97,19,0.06393038579548313,4335.266169419662
12,seed144,3,3007,66,130.01,1266,97,18,0.0636788893918817,4347.3175610762
12,seed144,3,3007,71,140.01,1275,97,19,0.06413158291836427,4358.267731327513
12,seed144,3,3007,76,150.01,1274,97,19,0.06408128363764398,4368.239757725703
12,seed144,3,3007,81,160.01,1270,97,19,0.06388008651476283,4377.221105262599
12,seed144,3,3007,86,170.01,1289,97,19,0.06483577284844827,4385.361432780615
12,seed144,3,3007,91,180.01,1290,97,19,0.06488607212916855,4392.808133496649
12,seed144,3,3007,96,190.01,1294,97,19,0.06508726925204969,4399.2868564203
12,seed144,3,3007,101,200.01,1277,96,17,0.06423218147980483,4400.805928911259
12,seed144,3,3007,106,210.01,1279,96,18,0.06433278004124542,4407.5395974471985
12,seed144,3,3007,111,220.01,1280,96,18,0.0643830793219657,4413.38791891212
12,seed144,3,3007,116,230.01,1283,96,19,0.06453397716412655,4418.919044385086
12,seed144,3,3007,121,240.01,1284,96,19,0.06458427644484684,4424.044978727248
12,seed144,3,3007,126,250.01,1275,96,18,0.06413158291836427,4428.758960582336
12,seed144,3,3007,131,260.01,1287,96,18,0.0647351742870077,4433.113661958056
12,seed144,3,3007,136,270.01,1300,96,18,0.06538906493637141,4437.1886499266675
12,seed144,3,3007,141,280.01,1290,96,18,0.06488607212916855,4441.021481351076
12,seed144,3,3007,146,290.01,1291,96,19,0.06493637140988884,4444.607938329882
12,seed144,3,3007,151,300.01,1293,96,19,0.0650369699713294,4447.9431894597255
12,seed144,3,3007,156,310.01,1300,96,19,0.06538906493637141,4451.047978786009
12,seed144,3,3007,161,320.01,1306,96,19,0.06569086062069313,4453.961190758689
12,seed144,3,3007,166,330.01,1300,96,17,0.06538906493637141,4456.7150512961725
12,seed144,3,3007,171,340.01,1302,96,17,0.06548966349781198,4459.325360999391
12,seed144,3,3007,176,350.01,1295,96,17,0.06513756853276999,4461.798617537061
12,seed144,3,3007,181,360.01,1296,96,17,0.06518786781349027,4464.140593470668
12,seed144,3,3007,186,370.01,1287,96,17,0.0647351742870077,4466.356476748659
12,seed144,3,3007,191,380.01,1293,96,17,0.0650369699713294,4468.44785623343
12,seed144,3,3007,196,390.01,1295,96,17,0.06513756853276999,4470.415172977696
12,seed144,3,3007,201,400.01,1286,96,17,0.0646848750062874,4472.2612370209945
12,seed144,3,3007,206,410.01,1290,96,17,0.06488607212916855,4473.992625332486
12,seed144,3,3007,211,420.01,1298,96,17,0.06528846637493084,4475.62118504235
12,seed144,3,3007,216,430.01,1306,96,19,0.06569086062069313,4477.163030528207
12,seed144,3,3007,221,440.01,1305,96,19,0.06564056133997284,4478.632632982482
12,seed144,3,3007,226,450.01,1311,96,18,0.06594235702429456,4480.037668572544
12,seed144,3,3007,231,460.01,1310,96,17,0.06589205774357426,4481.379645637952
12,seed144,3,3007,236,470.01,1307,96,17,0.06574115990141341,4482.6577883072405
12,seed144,3,3007,241,480.01,1306,96,17,0.06569086062069313,4483.872641776297
12,seed144,3,3007,246,490.01,1312,96,18,0.06599265630501484,4485.027984962688
12,seed144,3,3007,251,500.01,1310,96,18,0.06589205774357426,4486.13038297996
12,seed144,3,3007,256,510.01,1304,96,19,0.06559026205925256,4487.186770142304
12,seed144,3,3007,261,520.01,1299,96,18,0.06533876565565112,4488.201923254407
12,seed144,3,3007,266,530.01,1304,96,17,0.06559026205925256,4489.17777958485
12,seed144,3,3007,271,540.01,1309,96,17,0.06584175846285398,4490.1145189447925
12,seed144,3,3007,276,550.01,1309,96,17,0.06584175846285398,4491.01184280309
12,seed144,3,3007,281,560.01,1304,96,19,0.06559026205925256,4491.869639513803
12,seed144,3,3007,286,570.01,1315,96,19,0.0661435541471757,4492.688289635024
12,seed144,3,3007,291,580.01,1314,96,17,0.06609325486645541,4493.468979959652
12,seed144,3,3007,296,590.01,1314,96,17,0.06609325486645541,4494.213989307933
12,seed144,3,3007,301,600.01,1314,96,17,0.06609325486645541,4494.926626798455
12,random,1,,0,0.0,0,0,0,0.0,9968.405733900081
12,random,1,,1,0.01,0,0,0,0.0,9990.417774552596
12,random,1,,6,10.01,431,29,20,0.021678989990443136,1523.408784368794
12,random,1,,11,20.01,561,28,23,0.02821789648408028,1875.6412477257645
12,random,1,,16,30.01,571,28,24,0.028720889291283136,1880.8214165298623
12,random,1,,21,40.01,567,28,23,0.028519692168401993,1889.0672861019757
12,random,1,,26,50.01,570,28,24,0.02867059001056285,1896.0773154887647
12,random,1,,31,60.01,562,28,23,0.028268195764800563,1902.1385528220687
12,random,1,,36,70.01,561,28,23,0.02821789648408028,1907.4053964117418
12,random,1,,41,80.01,560,28,23,0.02816759720335999,1912.0055323234315
12,random,1,,46,90.01,568,28,24,0.028569991449122277,1916.0970240237498
12,random,1,,51,100.01,566,28,24,0.028469392887681706,1919.806433648723
12,random,1,,56,110.01,567,28,24,0.028519692168401993,1923.2046919950012
12,random,1,,61,120.01,560,28,23,0.02816759720335999,1926.3218212076545
12,random,1,,66,130.01,565,28,23,0.02841909360696142,1929.1721161316286
12,random,1,,71,140.01,574,28,23,0.02887178713344399,1931.7715264740448
12,random,1,,76,150.01,578,28,23,0.029072984256325134,1934.1473094672685
12,random,1,,81,160.01,589,28,23,0.029626276344248276,1936.3402489264531
12,random,1,,86,170.01,588,28,23,0.02957597706352799,1938.393071075793
12,random,1,,91,180.01,588,28,23,0.02957597706352799,1940.3373975280933
12,random,1,,96,190.01,588,28,23,0.02957597706352799,1942.1889441176527
12,random,1,,101,200.01,593,28,24,0.02982747346712942,1943.9478144299474
12,random,1,,106,210.01,585,28,24,0.029425079221367133,1945.6104384872292
12,random,1,,111,220.01,585,28,23,0.029425079221367133,1947.1833731449685
12,random,1,,116,230.01,590,28,24,0.029676575624968563,1948.6837390201008
12,random,1,,121,240.01,585,28,24,0.029425079221367133,1950.1289200917206
12,random,1,,126,250.01,586,28,24,0.02947537850208742,1951.525502758528
12,random,1,,131,260.01,589,28,23,0.029626276344248276,1952.8654885005785
12,random,1,,136,270.01,583,28,24,0.029324480659926565,1954.1333207299217
12,random,1,,141,280.01,576,28,24,0.028972385694884563,1955.3192178361323
12,random,1,,146,290.01,583,28,23,0.029324480659926565,1956.428482366981
12,random,1,,151,300.01,592,28,24,0.029777174186409135,1957.48072593097
12,random,1,,156,310.01,594,28,24,0.029877772747849706,1958.5002950947032
12,random,1,,161,320.01,593,28,23,0.02982747346712942,1959.5046762064633
12,random,1,,166,330.01,602,28,24,0.030280166993611992,1960.4985652097319
12,random,1,,171,340.01,599,28,24,0.030129269151451133,1961.4762489325908
12,random,1,,176,350.01,595,28,24,0.02992807202856999,1962.4286190663754
12,random,1,,181,360.01,599,28,24,0.030129269151451133,1963.3492472440134
12,random,1,,186,370.01,593,28,24,0.02982747346712942,1964.2369697091754
12,random,1,,191,380.01,597,28,24,0.03002867059001056,1965.0950563801327
12,random,1,,196,390.01,598,28,23,0.03007896987073085,1965.9280781460434
12,random,1,,201,400.01,594,28,24,0.029877772747849706,1966.7389140889177
12,random,1,,206,410.01,590,28,23,0.029676575624968563,1967.5280341809078
12,random,1,,211,420.01,590,28,24,0.029676575624968563,1968.2948883694985
12,random,1,,216,430.01,592,28,24,0.029777174186409135,1969.0398660184908
12,random,1,,221,440.01,592,28,24,0.029777174186409135,1969.7652865865275
12,random,1,,226,450.01,594,28,24,0.029877772747849706,1970.474872812972
12,random,1,,231,460.01,589,28,24,0.029626276344248276,1971.172253389792
12,random,1,,236,470.01,584,28,24,0.02937477994064685,1971.8591999607352
12,random,1,,241,480.01,586,28,24,0.02947537850208742,1972.5344615238
12,random,1,,246,490.01,582,28,23,0.029274181379206277,1973.1940725153117
12,random,1,,251,500.01,579,28,23,0.029123283537045422,1973.8329884087248
12,random,1,,256,510.01,584,28,24,0.02937477994064685,1974.4471304562658
12,random,1,,261,520.01,591,28,24,0.029726874905688847,1975.0350597072602
12,random,1,,266,530.01,594,28,24,0.029877772747849706,1975.5986659026123
12,random,1,,271,540.01,597,28,24,0.03002867059001056,1976.1424267347
12,random,1,,276,550.01,590,28,23,0.029676575624968563,1976.6714437559922
12,random,1,,281,560.01,595,28,24,0.02992807202856999,1977.189424792614
12,random,1,,286,570.01,597,28,24,0.03002867059001056,1977.6980039255336
12,random,1,,291,580.01,597,28,24,0.03002867059001056,1978.1975790672673
12,random,1,,296,590.01,596,28,23,0.029978371309290278,1978.6885926754524
12,random,1,,301,600.01,603,28,24,0.030330466274332276,1979.1722987470212
12,random,2,,0,0.0,0,0,0,0.0,9920.090612414248
12,random,2,,1,0.01,0,0,0,0.0,9941.345648229253
12,random,2,,6,10.01,474,31,19,0.02384185906141542,1662.8335863699165
12,random,2,,11,20.01,548,30,22,0.027564005834716562,1866.9707635745167
12,random,2,,16,30.01,554,30,22,0.027865801519038277,1890.8517554039977
12,random,2,,21,40.01,564,30,23,0.028368794326241134,1911.1377329356471
12,random,2,,26,50.01,570,30,23,0.02867059001056285,1927.8702349613823
12,random,2,,31,60.01,581,30,23,0.029223882098485993,1941.9473825218329
12,random,2,,36,70.01,582,30,23,0.029274181379206277,1954.0013395688832
12,random,2,,41,80.01,582,30,24,0.029274181379206277,1964.482581171272
12,random,2,,46,90.01,589,30,23,0.029626276344248276,1973.6999975346216
12,random,2,,51,100.01,597,30,23,0.03002867059001056,1981.9093621610705
12,random,2,,56,110.01,589,30,24,0.029626276344248276,1989.3434178743382
12,random,2,,61,120.01,581,30,23,0.029223882098485993,1996.1244688314403
12,random,2,,66,130.01,590,30,23,0.029676575624968563,2002.3061071123727
12,random,2,,71,140.01,597,30,23,0.03002867059001056,2007.9876911605438
12,random,2,,76,150.01,591,30,23,0.029726874905688847,2013.2618847082524
12,random,2,,81,160.01,585,30,23,0.029425079221367133,2018.1632363002693
12,random,2,,86,170.01,601,30,23,0.030229867712891705,2022.7395056222142
12,random,2,,91,180.01,604,30,24,0.030380765555052563,2027.0823504640716
12,random,2,,96,190.01,598,30,24,0.03007896987073085,2031.2416072782992
12,random,2,,101,200.01,597,30,24,0.03002867059001056,2035.1819513547102
12,random,2,,106,210.01,602,30,24,0.030280166993611992,2038.8678631132582
12,random,2,,111,220.01,612,30,24,0.03078315980081485,2042.3415807290662
12,random,2,,116,230.01,611,30,24,0.030732860520094562,2045.6918806450253
12,random,2,,121,240.01,617,30,25,0.031034656204416276,2048.9591709304677
12,random,2,,126,250.01,612,30,24,0.03078315980081485,2052.117985310716
12,random,2,,131,260.01,618,30,24,0.031084955485136564,2055.133392492369
12,random,2,,136,270.01,611,30,24,0.030732860520094562,2058.0096655864354
12,random,2,,141,280.01,615,30,23,0.030934057642975705,2060.7843676775665
12,random,2,,146,290.01,622,30,23,0.0312861526080177,2063.496409919594
12,random,2,,151,300.01,624,30,24,0.03138675116945828,2066.157872677326
12,random,2,,156,310.01,621,30,23,0.03123585332729742,2068.7577232443277
12,random,2,,161,320.01,622,30,24,0.0312861526080177,2071.2854485727203
12,random,2,,166,330.01,620,30,24,0.031185554046577135,2073.7424655196
12,random,2,,171,340.01,623,30,24,0.031336451888737994,2076.139540491371
12,random,2,,176,350.01,614,30,24,0.03088375836225542,2078.4854589994648
12,random,2,,181,360.01,610,30,24,0.030682561239374278,2080.7829746220027
12,random,2,,186,370.01,616,30,25,0.030984356923695992,2083.030455403383
12,random,2,,191,380.01,616,30,24,0.030984356923695992,2085.2207772346546
12,random,2,,196,390.01,620,30,24,0.031185554046577135,2087.3466402683516
12,random,2,,201,400.01,619,30,24,0.031135254765856848,2089.4066738727734
12,random,2,,206,410.01,622,30,25,0.0312861526080177,2091.4043185052465
12,random,2,,211,420.01,627,30,24,0.03153764901161914,2093.3512324002004
12,random,2,,216,430.01,635,30,24,0.031940043257381416,2095.2675310868144
12,random,2,,221,440.01,636,30,24,0.03199034253810171,2097.169211839555
12,random,2,,226,450.01,630,30,24,0.03168854685377999,2099.0593044808493
12,random,2,,231,460.01,635,30,24,0.031940043257381416,2100.9315481403873
12,random,2,,236,470.01,631,30,24,0.03173884613450028,2102.773569613519
12,random,2,,241,480.01,627,30,24,0.03153764901161914,2104.5714823089606
12,random,2,,246,490.01,624,30,24,0.03138675116945828,2106.319053808966
12,random,2,,251,500.01,626,30,24,0.031487349730898846,2108.01903516561
12,random,2,,256,510.01,627,30,24,0.03153764901161914,2109.6777994328745
12,random,2,,261,520.01,630,30,24,0.03168854685377999,2111.3015257909
12,random,2,,266,530.01,630,30,24,0.03168854685377999,2112.8924684665058
12,random,2,,271,540.01,621,30,24,0.03123585332729742,2114.4460427391223
12,random,2,,276,550.01,620,30,24,0.031185554046577135,2115.95272829789
12,random,2,,281,560.01,616,30,24,0.030984356923695992,2117.405075771361
12,random,2,,286,570.01,618,30,24,0.031084955485136564,2118.8059862191712
12,random,2,,291,580.01,629,30,24,0.031638247573059705,2120.1692035640713
12,random,2,,296,590.01,634,30,24,0.03188974397666113,2121.5101841272635
12,random,2,,301,600.01,636,30,24,0.03199034253810171,2122.837164759789
12,random,3,,0,0.0,0,0,0,0.0,9905.41048064975
12,random,3,,1,0.01,0,0,0,0.0,9926.267444130168
12,random,3,,6,10.01,458,31,21,0.02303707056989085,1581.0529955101829
12,random,3,,11,20.01,533,31,23,0.026809516623912278,1822.5779036863921
12,random,3,,16,30.01,546,31,23,0.02746340727327599,1858.1396432243457
12,random,3,,21,40.01,550,31,22,0.027664604396157134,1887.9812925956571
12,random,3,,26,50.01,561,31,22,0.02821789648408028,1912.6890544351436
12,random,3,,31,60.01,576,31,23,0.028972385694884563,1933.4989680027911
12,random,3,,36,70.01,574,31,22,0.02887178713344399,1951.4975979412748
12,random,3,,41,80.01,573,31,22,0.028821487852723707,1967.2159587767915
12,random,3,,46,90.01,584,31,22,0.02937477994064685,1981.0698729850492
12,random,3,,51,100.01,592,31,23,0.029777174186409135,1993.376469769039
12,random,3,,56,110.01,590,31,23,0.029676575624968563,2004.3859355081795
12,random,3,,61,120.01,603,31,23,0.030330466274332276,2014.366517305415
12,random,3,,66,130.01,597,31,23,0.03002867059001056,2023.473256622884
12,random,3,,71,140.01,598,31,22,0.03007896987073085,2031.7869861380034
12,random,3,,76,150.01,613,31,23,0.030833459081535133,2039.3818969049678
12,random,3,,81,160.01,612,31,23,0.03078315980081485,2046.376720783352
12,random,3,,86,170.01,604,31,23,0.030380765555052563,2052.902884154103
12,random,3,,91,180.01,608,31,23,0.030581962677933706,2059.001900109376
12,random,3,,96,190.01,607,31,23,0.03053166339721342,2064.6602701028214
12,random,3,,101,200.01,615,31,23,0.030934057642975705,2069.904510510916
12,random,3,,106,210.01,616,31,23,0.030984356923695992,2074.794490227625
12,random,3,,111,220.01,618,31,23,0.031084955485136564,2079.3788577077794
12,random,3,,116,230.01,624,31,23,0.03138675116945828,2083.6931238135444
12,random,3,,121,240.01,628,31,24,0.03158794829233942,2087.773204324568
12,random,3,,126,250.01,634,31,24,0.03188974397666113,2091.6483556010403
12,random,3,,131,260.01,638,31,24,0.032090941099542275,2095.3371731019784
12,random,3,,136,270.01,631,31,24,0.03173884613450028,2098.8705509355395
12,random,3,,141,280.01,635,31,23,0.031940043257381416,2102.2811299626333
12,random,3,,146,290.01,627,31,23,0.03153764901161914,2105.5651785533014
12,random,3,,151,300.01,624,31,23,0.03138675116945828,2108.688423434535
12,random,3,,156,310.01,625,31,23,0.03143705045017856,2111.6251816027343
12,random,3,,161,320.01,626,31,23,0.031487349730898846,2114.391236403053
12,random,3,,166,330.01,629,31,23,0.031638247573059705,2117.0403439282763
12,random,3,,171,340.01,626,31,24,0.031487349730898846,2119.6196661408053
12,random,3,,176,350.01,628,31,24,0.03158794829233942,2122.136283880768
12,random,3,,181,360.01,629,31,24,0.031638247573059705,2124.566764156198
12,random,3,,186,370.01,633,31,24,0.03183944469594085,2126.8901488716456
12,random,3,,191,380.01,635,31,23,0.031940043257381416,2129.109053179601
12,random,3,,196,390.01,636,31,24,0.03199034253810171,2131.239027944041
12,random,3,,201,400.01,643,31,24,0.0323424375031437,2133.2923496604462
12,random,3,,206,410.01,645,31,24,0.03244303606458428,2135.2787816233895
12,random,3,,211,420.01,644,31,24,0.03239273678386399,2137.20962628503
12,random,3,,216,430.01,641,31,23,0.032241838941703134,2139.0980736942947
12,random,3,,221,440.01,644,31,24,0.03239273678386399,2140.955118405469
12,random,3,,226,450.01,640,31,24,0.03219153966098285,2142.779134295876
12,random,3,,231,460.01,633,31,23,0.03183944469594085,2144.5512135659537
12,random,3,,236,470.01,632,31,24,0.031789145415220564,2146.2479211495147
12,random,3,,241,480.01,631,31,23,0.03173884613450028,2147.8596740653466
12,random,3,,246,490.01,634,31,24,0.03188974397666113,2149.3988575946637
12,random,3,,251,500.01,646,31,24,0.03249333534530456,2150.8930612595977
12,random,3,,256,510.01,648,31,24,0.032593933906745136,2152.3677243530105
12,random,3,,261,520.01,655,31,24,0.03294602887178713,2153.8311873322764
12,random,3,,266,530.01,653,31,24,0.03284543031034656,2155.273697630034
12,random,3,,271,540.01,652,31,24,0.03279513102962628,2156.678297264686
12,random,3,,276,550.01,649,31,23,0.03264423318746542,2158.0334503128697
12,random,3,,281,560.01,645,31,23,0.03244303606458428,2159.339251721537
12,random,3,,286,570.01,644,31,24,0.03239273678386399,2160.604066969143
12,random,3,,291,580.01,645,31,24,0.03244303606458428,2161.8348925137066
12,random,3,,296,590.01,642,31,23,0.03229213822242342,2163.0303217539454
12,random,3,,301,600.01,639,31,24,0.03214124038026256,2164.1829060311343
12,nucl,1,,0,0.0,0,0,0,0.0,0.0
12,nucl,1,,1,0.01,3,3,1,0.0001508978421608571,12.0
12,nucl,1,,6,10.01,1377,285,19,0.06926210955183341,5378.000668390288
12,nucl,1,,11,20.01,1420,273,18,0.0714249786228057,5416.032581399228
12,nucl,1,,16,30.01,1408,239,17,0.07082138725416226,5439.231752815266
12,nucl,1,,21,40.01,1479,288,18,0.07439263618530255,5541.726976654407
12,nucl,1,,26,50.01,1435,273,17,0.07217946783360998,5498.865880532887
12,nucl,1,,31,60.01,1498,288,18,0.07534832251898797,5658.3006335123355
12,nucl,1,,36,70.01,1503,291,17,0.0755998189225894,5710.694769909125
12,nucl,1,,41,80.01,1497,264,17,0.07529802323826769,5593.960691719384
12,nucl,1,,46,90.01,1484,271,19,0.07464413258890398,5604.5066346238855
12,nucl,1,,51,100.01,1494,274,18,0.07514712539610684,5645.204686889403
12,nucl,1,,56,110.01,1515,286,16,0.07620341029123283,5692.207758310351
12,nucl,1,,61,120.01,1538,280,17,0.0773602937477994,5689.821612644855
12,nucl,1,,66,130.01,1544,282,18,0.07766208943212112,5700.648841808057
12,nucl,1,,71,140.01,1550,286,17,0.07796388511644284,5739.718967370557
12,nucl,1,,76,150.01,1513,268,16,0.07610281172979226,5573.389090128327
12,nucl,1,,81,160.01,1513,280,18,0.07610281172979226,5636.467548739245
12,nucl,1,,86,170.01,1501,270,16,0.07549922036114884,5728.653583047419
12,nucl,1,,91,180.01,1538,279,17,0.0773602937477994,5733.437699270759
12,nucl,1,,96,190.01,1544,283,20,0.07766208943212112,5773.85906617477
12,nucl,1,,101,200.01,1515,280,16,0.07620341029123283,5701.491160717493
12,nucl,1,,106,210.01,1562,286,17,0.07856747648508626,5766.468084061455
12,nucl,1,,111,220.01,1524,265,18,0.07665610381771541,5623.233365616745
12,nucl,1,,116,230.01,1547,274,17,0.07781298727428197,5668.781952405733
12,nucl,1,,121,240.01,1536,265,17,0.07725969518635883,5764.918281312308
12,nucl,1,,126,250.01,1513,272,17,0.07610281172979226,5668.391592064204
12,nucl,1,,131,260.01,1529,270,17,0.07690760022131683,5683.101094885864
12,nucl,1,,136,270.01,1553,266,18,0.07811478295860369,5700.465469104425
12,nucl,1,,141,280.01,1575,289,18,0.07922136713444998,5744.387545883059
12,nucl,1,,146,290.01,1516,262,18,0.07625370957195313,5639.680012018205
12,nucl,1,,151,300.01,1545,288,18,0.0777123887128414,5747.254691688764
12,nucl,1,,156,310.01,1565,285,20,0.07871837432724713,5783.054205874865
12,nucl,1,,161,320.01,1512,273,18,0.07605251244907198,5673.11711625142
12,nucl,1,,166,330.01,1532,265,17,0.0770584980634777,5661.236858428696
12,nucl,1,,171,340.01,1533,281,17,0.07710879734419798,5686.497917059058
12,nucl,1,,176,350.01,1550,281,17,0.07796388511644284,5755.63906937503
12,nucl,1,,181,360.01,1550,290,18,0.07796388511644284,5731.777730413387
12,nucl,1,,186,370.01,1528,264,17,0.07685730094059655,5691.946657263103
12,nucl,1,,191,380.01,1565,280,19,0.07871837432724713,5735.660952641853
12,nucl,1,,196,390.01,1550,269,19,0.07796388511644284,5705.17929723526
12,nucl,1,,201,400.01,1549,278,16,0.07791358583572255,5749.5355805275385
12,nucl,1,,206,410.01,1565,280,18,0.07871837432724713,5819.778997636882
12,nucl,1,,211,420.01,1541,274,16,0.07751119158996027,5727.458397306415
12,nucl,1,,216,430.01,1559,283,17,0.07841657864292541,5818.6997742090425
12,nucl,1,,221,440.01,1528,256,17,0.07685730094059655,5658.7152099326595
12,nucl,1,,226,450.01,1511,258,17,0.07600221316835169,5646.337915681013
12,nucl,1,,231,460.01,1520,269,17,0.07645490669483426,5689.2128756668535
12,nucl,1,,236,470.01,1557,290,17,0.07831598008148484,5827.70773257994
12,nucl,1,,241,480.01,1553,282,20,0.07811478295860369,5790.359256954132
12,nucl,1,,246,490.01,1548,273,16,0.07786328655500227,5702.573245864435
12,nucl,1,,251,500.01,1540,273,17,0.07746089230923998,5757.370831149097
12,nucl,1,,256,510.01,1561,281,17,0.07851717720436598,5825.346565946496
12,nucl,1,,261,520.01,1524,258,17,0.07665610381771541,5679.231078267949
12,nucl,1,,266,530.01,1580,304,17,0.0794728635380514,5829.06560999857
12,nucl,1,,271,540.01,1549,270,17,0.07791358583572255,5706.178286674296
12,nucl,1,,276,550.01,1527,262,17,0.07680700165987626,5654.147788766668
12,nucl,1,,281,560.01,1540,273,17,0.07746089230923998,5740.046694987041
12,nucl,1,,286,570.01,1551,280,17,0.07801418439716312,5756.150192233865
12,nucl,1,,291,580.01,1564,286,17,0.07866807504652683,5791.4053269949345
12,nucl,1,,296,590.01,1537,272,19,0.07730999446707912,5676.6977861548285
12,nucl,1,,301,600.01,1567,275,17,0.0788189728886877,5786.695846129122
12,nucl,2,,0,0.0,0,0,0,0.0,0.0
12,nucl,2,,1,0.01,1,1,1,5.02992807202857e-05,4.0
12,nucl,2,,6,10.01,1374,285,18,0.06911121170967255,5323.923853107138
12,nucl,2,,11,20.01,1439,275,17,0.07238066495649112,5437.7039579444245
12,nucl,2,,16,30.01,1468,290,21,0.07383934409737941,5556.235556040747
12,nucl,2,,21,40.01,1481,290,17,0.07449323474674312,5564.088869758927
12,nucl,2,,26,50.01,1470,259,17,0.07393994265881998,5513.449036722104
12,nucl,2,,31,60.01,1489,284,17,0.0748956289925054,5631.920315104918
12,nucl,2,,36,70.01,1512,278,17,0.07605251244907198,5632.723429130951
12,nucl,2,,41,80.01,1507,287,18,0.07580101604547054,5659.307724591498
12,nucl,2,,46,90.01,1533,278,17,0.07710879734419798,5699.989425788876
12,nucl,2,,51,100.01,1528,282,17,0.07685730094059655,5679.772693326203
12,nucl,2,,56,110.01,1493,273,17,0.07509682611538655,5627.459952752912
12,nucl,2,,61,120.01,1529,290,16,0.07690760022131683,5651.876110604631
12,nucl,2,,66,130.01,1521,279,17,0.07650520597555455,5663.386427804118
12,nucl,2,,71,140.01,1535,278,19,0.07720939590563855,5728.19306972095
12,nucl,2,,76,150.01,1548,278,18,0.07786328655500227,5696.295157823913
12,nucl,2,,81,160.01,1539,277,17,0.07741059302851969,5665.4216583190955
12,nucl,2,,86,170.01,1562,300,18,0.07856747648508626,5833.597705868962
12,nucl,2,,91,180.01,1541,272,17,0.07751119158996027,5719.010101577428
12,nucl,2,,96,190.01,1541,280,17,0.07751119158996027,5687.961674580512
12,nucl,2,,101,200.01,1525,270,17,0.0767064030984357,5692.414263077944
12,nucl,2,,106,210.01,1538,262,17,0.0773602937477994,5700.860127600073
12,nucl,2,,111,220.01,1562,279,17,0.07856747648508626,5759.222767838572
12,nucl,2,,116,230.01,1523,252,18,0.07660580453699511,5715.357747485706
12,nucl,2,,121,240.01,1540,269,16,0.07746089230923998,5658.011914926421
12,nucl,2,,126,250.01,1560,273,17,0.07846687792364569,5756.441990665724
12,nucl,2,,131,260.01,1526,271,17,0.07675670237915598,5665.228927347434
12,nucl,2,,136,270.01,1549,275,18,0.07791358583572255,5711.693025492794
12,nucl,2,,141,280.01,1521,256,16,0.07650520597555455,5693.2973937596125
12,nucl,2,,146,290.01,1551,287,17,0.07801418439716312,5818.4017953731145
12,nucl,2,,151,300.01,1560,276,16,0.07846687792364569,5812.328450653915
12,nucl,2,,156,310.01,1520,259,16,0.07645490669483426,5693.957623392696
12,nucl,2,,161,320.01,1555,298,16,0.07821538152004426,5781.339202403772
12,nucl,2,,166,330.01,1545,277,17,0.0777123887128414,5742.65454189195
12,nucl,2,,171,340.01,1565,271,18,0.07871837432724713,5785.743838662646
12,nucl,2,,176,350.01,1542,270,17,0.07756149087068055,5715.238473792223
12,nucl,2,,181,360.01,1555,278,17,0.07821538152004426,5838.822888203096
12,nucl,2,,186,370.01,1567,280,18,0.0788189728886877,5796.555571861167
12,nucl,2,,191,380.01,1596,283,17,0.08027765202957597,5877.623661038282
12,nucl,2,,196,390.01,1562,271,17,0.07856747648508626,5796.639313258485
12,nucl,2,,201,400.01,1537,260,18,0.07730999446707912,5729.083245463142
12,nucl,2,,206,410.01,1544,272,16,0.07766208943212112,5805.525314705169
12,nucl,2,,211,420.01,1544,267,16,0.07766208943212112,5726.820972668713
12,nucl,2,,216,430.01,1550,267,16,0.07796388511644284,5757.5117593979685
12,nucl,2,,221,440.01,1564,277,16,0.07866807504652683,5843.720300316123
12,nucl,2,,226,450.01,1526,246,15,0.07675670237915598,5701.107547652433
12,nucl,2,,231,460.01,1577,273,18,0.07932196569589055,5848.184245477469
12,nucl,2,,236,470.01,1597,294,16,0.08032795131029627,5872.356339827136
12,nucl,2,,241,480.01,1555,278,17,0.07821538152004426,5731.652368244592
12,nucl,2,,246,490.01,1556,285,17,0.07826568080076454,5780.504571434344
12,nucl,2,,251,500.01,1579,277,18,0.07942256425733112,5826.925740705414
12,nucl,2,,256,510.01,1565,275,18,0.07871837432724713,5781.91360771175
12,nucl,2,,261,520.01,1549,294,17,0.07791358583572255,5807.615896870369
12,nucl,2,,266,530.01,1554,242,16,0.07816508223932397,5741.196986561985
12,nucl,2,,271,540.01,1578,297,15,0.07937226497661083,5805.78802125232
12,nucl,2,,276,550.01,1507,247,15,0.07580101604547054,5618.484349396685
12,nucl,2,,281,560.01,1571,275,17,0.07902017001156883,5763.037734485213
12,nucl,2,,286,570.01,1598,295,16,0.08037825059101655,5855.601944242866
12,nucl,2,,291,580.01,1521,251,17,0.07650520597555455,5644.085586010768
12,nucl,2,,296,590.01,1562,277,19,0.07856747648508626,5815.829336780043
12,nucl,2,,301,600.01,1552,272,18,0.0780644836778834,5824.028927932554
12,nucl,3,,0,0.0,0,0,0,0.0,0.0
12,nucl,3,,1,0.01,4,4,1,0.0002011971228811428,16.0
12,nucl,3,,6,10.01,1403,307,22,0.07056989085056084,5497.061087057164
12,nucl,3,,11,20.01,1437,279,18,0.07228006639505055,5468.165044717756
12,nucl,3,,16,30.01,1448,265,18,0.07283335848297369,5430.388668641277
12,nucl,3,,21,40.01,1481,263,17,0.07449323474674312,5559.088921760373
12,nucl,3,,26,50.01,1496,282,18,0.0752477239575474,5583.806713631419
12,nucl,3,,31,60.01,1524,287,17,0.07665610381771541,5691.062445421361
12,nucl,3,,36,70.01,1510,282,17,0.07595191388763141,5633.938645142326
12,nucl,3,,41,80.01,1483,253,16,0.0745938333081837,5557.1413627045
12,nucl,3,,46,90.01,1485,261,17,0.07469443186962427,5537.419936762973
12,nucl,3,,51,100.01,1516,282,17,0.07625370957195313,5670.575145194834
12,nucl,3,,56,110.01,1505,264,17,0.07570041748402997,5610.478877764759
12,nucl,3,,61,120.01,1527,271,17,0.07680700165987626,5695.381518654884
12,nucl,3,,66,130.01,1542,281,20,0.07756149087068055,5730.737497713464
12,nucl,3,,71,140.01,1558,294,17,0.07836627936220512,5787.176532908768
12,nucl,3,,76,150.01,1521,268,19,0.07650520597555455,5692.811387140287
12,nucl,3,,81,160.01,1539,283,17,0.07741059302851969,5704.952296114457
12,nucl,3,,86,170.01,1554,276,18,0.07816508223932397,5752.577750394744
12,nucl,3,,91,180.01,1532,275,16,0.0770584980634777,5716.691358616618
12,nucl,3,,96,190.01,1526,278,17,0.07675670237915598,5674.844685011822
12,nucl,3,,101,200.01,1578,307,18,0.07937226497661083,5900.738134322672
12,nucl,3,,106,210.01,1554,295,17,0.07816508223932397,5814.895243010707
12,nucl,3,,111,220.01,1547,300,18,0.07781298727428197,5768.030585881455
12,nucl,3,,116,230.01,1534,275,16,0.07715909662491827,5724.104065211044
12,nucl,3,,121,240.01,1561,288,16,0.07851717720436598,5812.164235695685
12,nucl,3,,126,250.01,1510,262,16,0.07595191388763141,5608.3418544270935
12,nucl,3,,131,260.01,1525,252,17,0.0767064030984357,5675.426054145806
12,nucl,3,,136,270.01,1544,275,16,0.07766208943212112,5714.886309577482
12,nucl,3,,141,280.01,1577,287,19,0.07932196569589055,5781.509918608373
12,nucl,3,,146,290.01,1560,287,16,0.07846687792364569,5808.21140874662
12,nucl,3,,151,300.01,1566,294,16,0.07876867360796741,5785.411716934699
12,nucl,3,,156,310.01,1548,279,17,0.07786328655500227,5718.695758573569
12,nucl,3,,161,320.01,1558,287,16,0.07836627936220512,5807.61605254914
12,nucl,3,,166,330.01,1513,263,17,0.07610281172979226,5680.971229879084
12,nucl,3,,171,340.01,1539,265,16,0.07741059302851969,5749.854979843606
12,nucl,3,,176,350.01,1542,280,17,0.07756149087068055,5696.248872517915
12,nucl,3,,181,360.01,1509,281,17,0.07590161460691112,5702.288725764301
12,nucl,3,,186,370.01,1539,255,17,0.07741059302851969,5708.174920697811
12,nucl,3,,191,380.01,1558,289,17,0.07836627936220512,5771.595026744057
12,nucl,3,,196,390.01,1544,277,17,0.07766208943212112,5676.193380638946
12,nucl,3,,201,400.01,1554,278,18,0.07816508223932397,5807.513574299513
12,nucl,3,,206,410.01,1528,271,16,0.07685730094059655,5735.99252893993
12,nucl,3,,211,420.01,1521,256,16,0.07650520597555455,5667.301364472993
12,nucl,3,,216,430.01,1529,275,17,0.07690760022131683,5686.35710168414
12,nucl,3,,221,440.01,1588,295,18,0.07987525778381369,5814.415136593979
12,nucl,3,,226,450.01,1531,278,17,0.0770081987827574,5759.188623015344
12,nucl,3,,231,460.01,1558,264,17,0.07836627936220512,5649.033464527947
12,nucl,3,,236,470.01,1540,295,18,0.07746089230923998,5836.792123045096
12,nucl,3,,241,480.01,1547,275,17,0.07781298727428197,5724.22537782014
12,nucl,3,,246,490.01,1559,269,19,0.07841657864292541,5709.611789464185
12,nucl,3,,251,500.01,1564,282,17,0.07866807504652683,5849.6728510715475
12,nucl,3,,256,510.01,1537,266,23,0.07730999446707912,5707.288353743609
12,nucl,3,,261,520.01,1563,279,17,0.07861777576580654,5802.756100165971
12,nucl,3,,266,530.01,1570,289,17,0.07896987073084855,5816.389686597918
12,nucl,3,,271,540.01,1579,270,18,0.07942256425733112,5838.565091433822
12,nucl,3,,276,550.01,1593,292,18,0.08012675418741512,5905.048117292589
12,nucl,3,,281,560.01,1561,271,19,0.07851717720436598,5714.612479501371
12,nucl,3,,286,570.01,1538,260,18,0.0773602937477994,5756.501823199444
12,nucl,3,,291,580.01,1561,273,17,0.07851717720436598,5739.248274086124
12,nucl,3,,296,590.01,1576,289,18,0.07927166641517026,5813.900742177213
12,nucl,3,,301,600.01,1579,293,18,0.07942256425733112,5840.612443990403
