set,bi,condition,replicate,spike_seed,frame,t,cells_on,blobs,largest_blob,coverage,total_activator
2L_JAPI,25.0,seed1,0,1302,0,0.0,1,1,1,5.02992807202857e-05,10.0
2L_JAPI,25.0,seed1,0,1302,1,0.01,1,1,1,5.02992807202857e-05,10.19819691727176
2L_JAPI,25.0,seed1,0,1302,6,10.01,55,1,55,0.0027664604396157133,259.28482777790595
2L_JAPI,25.0,seed1,0,1302,11,20.01,85,1,85,0.004275438861224285,383.7530948378137
2L_JAPI,25.0,seed1,0,1302,16,30.01,91,1,91,0.0045772345455459985,440.97066002042226
2L_JAPI,25.0,seed1,0,1302,21,40.01,91,1,91,0.0045772345455459985,442.8441599520996
2L_JAPI,25.0,seed1,0,1302,26,50.01,91,1,91,0.0045772345455459985,442.87417325465685
2L_JAPI,25.0,seed1,0,1302,31,60.01,91,1,91,0.0045772345455459985,442.8746182198066
2L_JAPI,25.0,seed1,0,1302,36,70.01,91,1,91,0.0045772345455459985,442.87462460801214
2L_JAPI,25.0,seed1,0,1302,41,80.01,91,1,91,0.0045772345455459985,442.87462469832974
2L_JAPI,25.0,seed1,0,1302,46,90.01,91,1,91,0.0045772345455459985,442.8746246995972
2L_JAPI,25.0,seed1,0,1302,51,100.01,91,1,91,0.0045772345455459985,442.87462469961196
2L_JAPI,25.0,seed1,0,1302,56,110.01,91,1,91,0.0045772345455459985,442.87462469961196
2L_JAPI,25.0,seed1,0,1302,61,120.01,91,1,91,0.0045772345455459985,442.87462469961196
2L_JAPI,25.0,seed1,0,1302,66,130.01,91,1,91,0.0045772345455459985,442.87462469961196
2L_JAPI,25.0,seed1,0,1302,71,140.01,91,1,91,0.0045772345455459985,442.87462469961196
2L_JAPI,25.0,seed1,0,1302,76,150.01,91,1,91,0.0045772345455459985,442.87462469961196
2L_JAPI,25.0,seed1,0,1302,81,160.01,91,1,91,0.0045772345455459985,442.87462469961196
2L_JAPI,25.0,seed1,0,1302,86,170.01,91,1,91,0.0045772345455459985,442.87462469961196
2L_JAPI,25.0,seed1,0,1302,91,180.01,91,1,91,0.0045772345455459985,442.87462469961196
2L_JAPI,25.0,seed1,0,1302,96,190.01,91,1,91,0.0045772345455459985,442.87462469961196
2L_JAPI,25.0,seed1,0,1302,101,200.01,91,1,91,0.0045772345455459985,442.87462469961196
2L_JAPI,25.0,seed1,0,1302,106,210.01,91,1,91,0.0045772345455459985,442.87462469961196
2L_JAPI,25.0,seed1,0,1302,111,220.01,91,1,91,0.0045772345455459985,442.87462469961196
2L_JAPI,25.0,seed1,0,1302,116,230.01,91,1,91,0.0045772345455459985,442.87462469961196
2L_JAPI,25.0,seed1,0,1302,121,240.01,91,1,91,0.0045772345455459985,442.87462469961196
2L_JAPI,25.0,seed1,0,1302,126,250.01,91,1,91,0.0045772345455459985,442.87462469961196
2L_JAPI,25.0,seed1,0,1302,131,260.01,91,1,91,0.0045772345455459985,442.87462469961196
2L_JAPI,25.0,seed1,0,1302,136,270.01,91,1,91,0.0045772345455459985,442.87462469961196
2L_JAPI,25.0,seed1,0,1302,141,280.01,91,1,91,0.0045772345455459985,442.87462469961196
2L_JAPI,25.0,seed1,0,1302,146,290.01,91,1,91,0.0045772345455459985,442.87462469961196
2L_JAPI,25.0,seed1,0,1302,151,300.01,91,1,91,0.0045772345455459985,442.87462469961196
2L_JAPI,25.0,seed1,0,1302,156,310.01,91,1,91,0.0045772345455459985,442.87462469961196
2L_JAPI,25.0,seed1,0,1302,161,320.01,91,1,91,0.0045772345455459985,442.87462469961196
2L_JAPI,25.0,seed1,0,1302,166,330.01,91,1,91,0.0045772345455459985,442.87462469961196
2L_JAPI,25.0,seed1,0,1302,171,340.01,91,1,91,0.0045772345455459985,442.87462469961196
2L_JAPI,25.0,seed1,0,1302,176,350.01,91,1,91,0.0045772345455459985,442.87462469961196
2L_JAPI,25.0,seed1,0,1302,181,360.01,91,1,91,0.0045772345455459985,442.87462469961196
2L_JAPI,25.0,seed1,0,1302,186,370.01,91,1,91,0.0045772345455459985,442.87462469961196
2L_JAPI,25.0,seed1,0,1302,191,380.01,91,1,91,0.0045772345455459985,442.87462469961196
2L_JAPI,25.0,seed1,0,1302,196,390.01,91,1,91,0.0045772345455459985,442.87462469961196
2L_JAPI,25.0,seed1,0,1302,201,400.01,91,1,91,0.0045772345455459985,442.87462469961196
2L_JAPI,25.0,seed1,0,1302,206,410.01,91,1,91,0.0045772345455459985,442.87462469961196
2L_JAPI,25.0,seed1,0,1302,211,420.01,91,1,91,0.0045772345455459985,442.87462469961196
2L_JAPI,25.0,seed1,0,1302,216,430.01,91,1,91,0.0045772345455459985,442.87462469961196
2L_JAPI,25.0,seed1,0,1302,221,440.01,91,1,91,0.0045772345455459985,442.87462469961196
2L_JAPI,25.0,seed1,0,1302,226,450.01,91,1,91,0.0045772345455459985,442.87462469961196
2L_JAPI,25.0,seed1,0,1302,231,460.01,91,1,91,0.0045772345455459985,442.87462469961196
2L_JAPI,25.0,seed1,0,1302,236,470.01,91,1,91,0.0045772345455459985,442.87462469961196
2L_JAPI,25.0,seed1,0,1302,241,480.01,91,1,91,0.0045772345455459985,442.87462469961196
2L_JAPI,25.0,seed1,0,1302,246,490.01,91,1,91,0.0045772345455459985,442.87462469961196
2L_JAPI,25.0,seed1,0,1302,251,500.01,91,1,91,0.0045772345455459985,442.87462469961196
2L_JAPI,25.0,seed1,0,1302,256,510.01,91,1,91,0.0045772345455459985,442.87462469961196
2L_JAPI,25.0,seed1,0,1302,261,520.01,91,1,91,0.0045772345455459985,442.87462469961196
2L_JAPI,25.0,seed1,0,1302,266,530.01,91,1,91,0.0045772345455459985,442.87462469961196
2L_JAPI,25.0,seed1,0,1302,271,540.01,91,1,91,0.0045772345455459985,442.87462469961196
2L_JAPI,25.0,seed1,0,1302,276,550.01,91,1,91,0.0045772345455459985,442.87462469961196
2L_JAPI,25.0,seed1,0,1302,281,560.01,91,1,91,0.0045772345455459985,442.87462469961196
2L_JAPI,25.0,seed1,0,1302,286,570.01,91,1,91,0.0045772345455459985,442.87462469961196
2L_JAPI,25.0,seed1,0,1302,291,580.01,91,1,91,0.0045772345455459985,442.87462469961196
2L_JAPI,25.0,seed1,0,1302,296,590.01,91,1,91,0.0045772345455459985,442.87462469961196
2L_JAPI,25.0,seed1,0,1302,301,600.01,91,1,91,0.0045772345455459985,442.87462469961196
2L_JAPI,25.0,seed1,0,1302,306,610.01,91,1,91,0.0045772345455459985,442.87462469961196
2L_JAPI,25.0,seed1,0,1302,311,620.01,91,1,91,0.0045772345455459985,442.87462469961196
2L_JAPI,25.0,seed1,0,1302,316,630.01,91,1,91,0.0045772345455459985,442.87462469961196
2L_JAPI,25.0,seed1,0,1302,321,640.01,91,1,91,0.0045772345455459985,442.87462469961196
2L_JAPI,25.0,seed1,0,1302,326,650.01,91,1,91,0.0045772345455459985,442.87462469961196
2L_JAPI,25.0,seed1,0,1302,331,660.01,91,1,91,0.0045772345455459985,442.87462469961196
2L_JAPI,25.0,seed1,0,1302,336,670.01,91,1,91,0.0045772345455459985,442.87462469961196
2L_JAPI,25.0,seed1,0,1302,341,680.01,91,1,91,0.0045772345455459985,442.87462469961196
2L_JAPI,25.0,seed1,0,1302,346,690.01,91,1,91,0.0045772345455459985,442.87462469961196
2L_JAPI,25.0,seed1,0,1302,351,700.01,91,1,91,0.0045772345455459985,442.87462469961196
2L_JAPI,25.0,seed1,0,1302,356,710.01,91,1,91,0.0045772345455459985,442.87462469961196
2L_JAPI,25.0,seed1,0,1302,361,720.01,91,1,91,0.0045772345455459985,442.87462469961196
2L_JAPI,25.0,seed1,0,1302,366,730.01,91,1,91,0.0045772345455459985,442.87462469961196
2L_JAPI,25.0,seed1,0,1302,371,740.01,91,1,91,0.0045772345455459985,442.87462469961196
2L_JAPI,25.0,seed1,0,1302,376,750.01,91,1,91,0.0045772345455459985,442.87462469961196
2L_JAPI,25.0,seed1,0,1302,381,760.01,91,1,91,0.0045772345455459985,442.87462469961196
2L_JAPI,25.0,seed1,0,1302,386,770.01,91,1,91,0.0045772345455459985,442.87462469961196
2L_JAPI,25.0,seed1,0,1302,391,780.01,91,1,91,0.0045772345455459985,442.87462469961196
2L_JAPI,25.0,seed1,0,1302,396,790.01,91,1,91,0.0045772345455459985,442.87462469961196
2L_JAPI,25.0,seed1,0,1302,401,800.01,91,1,91,0.0045772345455459985,442.87462469961196
2L_JAPI,25.0,seed1,0,1302,406,810.01,91,1,91,0.0045772345455459985,442.87462469961196
2L_JAPI,25.0,seed1,0,1302,411,820.01,91,1,91,0.0045772345455459985,442.87462469961196
2L_JAPI,25.0,seed1,0,1302,416,830.01,91,1,91,0.0045772345455459985,442.87462469961196
2L_JAPI,25.0,seed1,0,1302,421,840.01,91,1,91,0.0045772345455459985,442.87462469961196
2L_JAPI,25.0,seed1,0,1302,426,850.01,91,1,91,0.0045772345455459985,442.87462469961196
2L_JAPI,25.0,seed1,0,1302,431,860.01,91,1,91,0.0045772345455459985,442.87462469961196
2L_JAPI,25.0,seed1,0,1302,436,870.01,91,1,91,0.0045772345455459985,442.87462469961196
2L_JAPI,25.0,seed1,0,1302,441,880.01,91,1,91,0.0045772345455459985,442.87462469961196
2L_JAPI,25.0,seed1,0,1302,446,890.01,91,1,91,0.0045772345455459985,442.87462469961196
2L_JAPI,25.0,seed1,0,1302,451,900.01,91,1,91,0.0045772345455459985,442.87462469961196
2L_JAPI,25.0,seed1,0,1302,456,910.01,91,1,91,0.0045772345455459985,442.87462469961196
2L_JAPI,25.0,seed1,0,1302,461,920.01,91,1,91,0.0045772345455459985,442.87462469961196
2L_JAPI,25.0,seed1,0,1302,466,930.01,91,1,91,0.0045772345455459985,442.87462469961196
2L_JAPI,25.0,seed1,0,1302,471,940.01,91,1,91,0.0045772345455459985,442.87462469961196
2L_JAPI,25.0,seed1,0,1302,476,950.01,91,1,91,0.0045772345455459985,442.87462469961196
2L_JAPI,25.0,seed1,0,1302,481,960.01,91,1,91,0.0045772345455459985,442.87462469961196
2L_JAPI,25.0,seed1,0,1302,486,970.01,91,1,91,0.0045772345455459985,442.87462469961196
2L_JAPI,25.0,seed1,0,1302,491,980.01,91,1,91,0.0045772345455459985,442.87462469961196
2L_JAPI,25.0,seed1,0,1302,496,990.01,91,1,91,0.0045772345455459985,442.87462469961196
2L_JAPI,25.0,seed1,0,1302,501,1000.01,91,1,91,0.0045772345455459985,442.87462469961196
2L_JAPI,25.0,seed1_L5,0,1302,0,0.0,1,1,1,5.02992807202857e-05,5.0
2L_JAPI,25.0,seed1_L5,0,1302,1,0.01,1,1,1,5.02992807202857e-05,4.991714543245162
2L_JAPI,25.0,seed1_L5,0,1302,6,10.01,0,0,0,0.0,0.00024064900817493364
2L_JAPI,25.0,seed1_L5,0,1302,11,20.01,0,0,0,0.0,1.0389117871049593e-08
2L_JAPI,25.0,seed1_L5,0,1302,16,30.01,0,0,0,0.0,4.485111779895739e-13
2L_JAPI,25.0,seed1_L5,0,1302,21,40.01,0,0,0,0.0,1.936278703143367e-17
2L_JAPI,25.0,seed1_L5,0,1302,26,50.01,0,0,0,0.0,8.359156694939071e-22
2L_JAPI,25.0,seed1_L5,0,1302,31,60.01,0,0,0,0.0,3.6087522182167526e-26
2L_JAPI,25.0,seed1_L5,0,1302,36,70.01,0,0,0,0.0,1.5579433485639693e-30
2L_JAPI,25.0,seed1_L5,0,1302,41,80.01,0,0,0,0.0,6.725835775264449e-35
2L_JAPI,25.0,seed1_L5,0,1302,46,90.01,0,0,0,0.0,2.9036272029739774e-39
2L_JAPI,25.0,seed1_L5,0,1302,51,100.01,0,0,0,0.0,1.253532083679072e-43
2L_JAPI,25.0,seed1_L5,0,1302,56,110.01,0,0,0,0.0,5.4116543721707007e-48
2L_JAPI,25.0,seed1_L5,0,1302,61,120.01,0,0,0,0.0,2.3362786980195158e-52
2L_JAPI,25.0,seed1_L5,0,1302,66,130.01,0,0,0,0.0,1.0086006569245131e-56
2L_JAPI,25.0,seed1_L5,0,1302,71,140.01,0,0,0,0.0,4.354254849864053e-61
2L_JAPI,25.0,seed1_L5,0,1302,76,150.01,0,0,0,0.0,1.8797861341253951e-65
2L_JAPI,25.0,seed1_L5,0,1302,81,160.01,0,0,0,0.0,8.115271227545239e-70
2L_JAPI,25.0,seed1_L5,0,1302,86,170.01,0,0,0,0.0,3.5034638196895147e-74
2L_JAPI,25.0,seed1_L5,0,1302,91,180.01,0,0,0,0.0,1.5124890335410565e-78
2L_JAPI,25.0,seed1_L5,0,1302,96,190.01,0,0,0,0.0,6.5296038272908265e-83
2L_JAPI,25.0,seed1_L5,0,1302,101,200.01,0,0,0,0.0,2.818911423215532e-87
2L_JAPI,25.0,seed1_L5,0,1302,106,210.01,0,0,0,0.0,1.216959224803689e-91
2L_JAPI,25.0,seed1_L5,0,1302,111,220.01,0,0,0,0.0,5.253764778268305e-96
2L_JAPI,25.0,seed1_L5,0,1302,116,230.01,0,0,0,0.0,2.268115790800228e-100
2L_JAPI,25.0,seed1_L5,0,1302,121,240.01,0,0,0,0.0,9.791738796065747e-105
2L_JAPI,25.0,seed1_L5,0,1302,126,250.01,0,0,0,0.0,4.2272157814549414e-109
2L_JAPI,25.0,seed1_L5,0,1302,131,260.01,0,0,0,0.0,1.824941783594301e-113
2L_JAPI,25.0,seed1_L5,0,1302,136,270.01,0,0,0,0.0,7.878501324959752e-118
2L_JAPI,25.0,seed1_L5,0,1302,141,280.01,0,0,0,0.0,3.4012472992503587e-122
2L_JAPI,25.0,seed1_L5,0,1302,146,290.01,0,0,0,0.0,1.4683608866077031e-126
2L_JAPI,25.0,seed1_L5,0,1302,151,300.01,0,0,0,0.0,6.339097112387469e-131
2L_JAPI,25.0,seed1_L5,0,1302,156,310.01,0,0,0,0.0,2.7366672979906904e-135
2L_JAPI,25.0,seed1_L5,0,1302,161,320.01,0,0,0,0.0,1.1814534100221384e-139
2L_JAPI,25.0,seed1_L5,0,1302,166,330.01,0,0,0,0.0,5.100481746823166e-144
2L_JAPI,25.0,seed1_L5,0,1302,171,340.01,0,0,0,0.0,2.201941594056493e-148
2L_JAPI,25.0,seed1_L5,0,1302,176,350.01,0,0,0,0.0,9.506056534083226e-153
2L_JAPI,25.0,seed1_L5,0,1302,181,360.01,0,0,0,0.0,4.103883185326117e-157
2L_JAPI,25.0,seed1_L5,0,1302,186,370.01,0,0,0,0.0,1.7716975633815402e-161
2L_JAPI,25.0,seed1_L5,0,1302,191,380.01,0,0,0,0.0,7.648639384560503e-166
2L_JAPI,25.0,seed1_L5,0,1302,196,390.01,0,0,0,0.0,3.3020130322576634e-170
2L_JAPI,25.0,seed1_L5,0,1302,201,400.01,0,0,0,0.0,1.425520215688133e-174
2L_JAPI,25.0,seed1_L5,0,1302,206,410.01,0,0,0,0.0,6.1541485920367294e-179
2L_JAPI,25.0,seed1_L5,0,1302,211,420.01,0,0,0,0.0,2.6568227146877197e-183
2L_JAPI,25.0,seed1_L5,0,1302,216,430.01,0,0,0,0.0,1.1469835074204026e-187
2L_JAPI,25.0,seed1_L5,0,1302,221,440.01,0,0,0,0.0,4.951670877479088e-192
2L_JAPI,25.0,seed1_L5,0,1302,226,450.01,0,0,0,0.0,2.1376980854780137e-196
2L_JAPI,25.0,seed1_L5,0,1302,231,460.01,0,0,0,0.0,9.228709293746172e-201
2L_JAPI,25.0,seed1_L5,0,1302,236,470.01,0,0,0,0.0,3.9841489220135708e-205
2L_JAPI,25.0,seed1_L5,0,1302,241,480.01,0,0,0,0.0,1.7200067883315516e-209
2L_JAPI,25.0,seed1_L5,0,1302,246,490.01,0,0,0,0.0,7.42548386070732e-214
2L_JAPI,25.0,seed1_L5,0,1302,251,500.01,0,0,0,0.0,3.205674008944454e-218
2L_JAPI,25.0,seed1_L5,0,1302,256,510.01,0,0,0,0.0,1.3839294575805787e-222
2L_JAPI,25.0,seed1_L5,0,1302,261,520.01,0,0,0,0.0,5.974596101210924e-227
2L_JAPI,25.0,seed1_L5,0,1302,266,530.01,0,0,0,0.0,2.5793076646413094e-231
2L_JAPI,25.0,seed1_L5,0,1302,271,540.01,0,0,0,0.0,1.1135192933843713e-235
2L_JAPI,25.0,seed1_L5,0,1302,276,550.01,0,0,0,0.0,4.80720169112381e-240
2L_JAPI,25.0,seed1_L5,0,1302,281,560.01,0,0,0,0.0,2.0753289356044054e-244
2L_JAPI,25.0,seed1_L5,0,1302,286,570.01,0,0,0,0.0,8.9594538937476e-249
2L_JAPI,25.0,seed1_L5,0,1302,291,580.01,0,0,0,0.0,3.867908007113624e-253
2L_JAPI,25.0,seed1_L5,0,1302,296,590.01,0,0,0,0.0,1.6698241353676867e-257
2L_JAPI,25.0,seed1_L5,0,1302,301,600.01,0,0,0,0.0,7.208839088024684e-262
2L_JAPI,25.0,seed1_L5,0,1302,306,610.01,0,0,0,0.0,3.112145758127367e-266
2L_JAPI,25.0,seed1_L5,0,1302,311,620.01,0,0,0,0.0,1.3435521450214742e-270
2L_JAPI,25.0,seed1_L5,0,1302,316,630.01,0,0,0,0.0,5.800282206184262e-275
2L_JAPI,25.0,seed1_L5,0,1302,321,640.01,0,0,0,0.0,2.5040541817481912e-279
2L_JAPI,25.0,seed1_L5,0,1302,326,650.01,0,0,0,0.0,1.0810314260994467e-283
2L_JAPI,25.0,seed1_L5,0,1302,331,660.01,0,0,0,0.0,4.666947515483599e-288
2L_JAPI,25.0,seed1_L5,0,1302,336,670.01,0,0,0,0.0,2.0147794584349947e-292
2L_JAPI,25.0,seed1_L5,0,1302,341,680.01,0,0,0,0.0,8.698054247800921e-297
2L_JAPI,25.0,seed1_L5,0,1302,346,690.01,0,0,0,0.0,3.755058519231402e-301
2L_JAPI,25.0,seed1_L5,0,1302,351,700.01,0,0,0,0.0,1.621105603752392e-305
2L_JAPI,25.0,seed1_L5,0,1302,356,710.01,0,0,0,0.0,6.9985151099119e-310
2L_JAPI,25.0,seed1_L5,0,1302,361,720.01,0,0,0,0.0,3.0213470004e-314
2L_JAPI,25.0,seed1_L5,0,1302,366,730.01,0,0,0,0.0,1.311626e-318
2L_JAPI,25.0,seed1_L5,0,1302,371,740.01,0,0,0,0.0,8.957e-321
2L_JAPI,25.0,seed1_L5,0,1302,376,750.01,0,0,0,0.0,8.957e-321
2L_JAPI,25.0,seed1_L5,0,1302,381,760.01,0,0,0,0.0,8.957e-321
2L_JAPI,25.0,seed1_L5,0,1302,386,770.01,0,0,0,0.0,8.957e-321
2L_JAPI,25.0,seed1_L5,0,1302,391,780.01,0,0,0,0.0,8.957e-321
2L_JAPI,25.0,seed1_L5,0,1302,396,790.01,0,0,0,0.0,8.957e-321
2L_JAPI,25.0,seed1_L5,0,1302,401,800.01,0,0,0,0.0,8.957e-321
2L_JAPI,25.0,seed1_L5,0,1302,406,810.01,0,0,0,0.0,8.957e-321
2L_JAPI,25.0,seed1_L5,0,1302,411,820.01,0,0,0,0.0,8.957e-321
2L_JAPI,25.0,seed1_L5,0,1302,416,830.01,0,0,0,0.0,8.957e-321
2L_JAPI,25.0,seed1_L5,0,1302,421,840.01,0,0,0,0.0,8.957e-321
2L_JAPI,25.0,seed1_L5,0,1302,426,850.01,0,0,0,0.0,8.957e-321
2L_JAPI,25.0,seed1_L5,0,1302,431,860.01,0,0,0,0.0,8.957e-321
2L_JAPI,25.0,seed1_L5,0,1302,436,870.01,0,0,0,0.0,8.957e-321
2L_JAPI,25.0,seed1_L5,0,1302,441,880.01,0,0,0,0.0,8.957e-321
2L_JAPI,25.0,seed1_L5,0,1302,446,890.01,0,0,0,0.0,8.957e-321
2L_JAPI,25.0,seed1_L5,0,1302,451,900.01,0,0,0,0.0,8.957e-321
2L_JAPI,25.0,seed1_L5,0,1302,456,910.01,0,0,0,0.0,8.957e-321
2L_JAPI,25.0,seed1_L5,0,1302,461,920.01,0,0,0,0.0,8.957e-321
2L_JAPI,25.0,seed1_L5,0,1302,466,930.01,0,0,0,0.0,8.957e-321
2L_JAPI,25.0,seed1_L5,0,1302,471,940.01,0,0,0,0.0,8.957e-321
2L_JAPI,25.0,seed1_L5,0,1302,476,950.01,0,0,0,0.0,8.957e-321
2L_JAPI,25.0,seed1_L5,0,1302,481,960.01,0,0,0,0.0,8.957e-321
2L_JAPI,25.0,seed1_L5,0,1302,486,970.01,0,0,0,0.0,8.957e-321
2L_JAPI,25.0,seed1_L5,0,1302,491,980.01,0,0,0,0.0,8.957e-321
2L_JAPI,25.0,seed1_L5,0,1302,496,990.01,0,0,0,0.0,8.957e-321
2L_JAPI,25.0,seed1_L5,0,1302,501,1000.01,0,0,0,0.0,8.957e-321
2L_JAPI,25.0,seed9,1,1007,0,0.0,9,9,1,0.0004526935264825713,90.0
2L_JAPI,25.0,seed9,1,1007,1,0.01,9,9,1,0.0004526935264825713,91.78377225544584
2L_JAPI,25.0,seed9,1,1007,6,10.01,447,9,55,0.022483778481967708,2043.7366697996
2L_JAPI,25.0,seed9,1,1007,11,20.01,572,9,82,0.02877118857200342,2700.1880439495585
2L_JAPI,25.0,seed9,1,1007,16,30.01,610,9,89,0.030682561239374278,2965.291298654184
2L_JAPI,25.0,seed9,1,1007,21,40.01,619,9,91,0.031135254765856848,3016.036120796766
2L_JAPI,25.0,seed9,1,1007,26,50.01,630,9,91,0.03168854685377999,3046.350731550997
2L_JAPI,25.0,seed9,1,1007,31,60.01,634,9,91,0.03188974397666113,3075.730863964508
2L_JAPI,25.0,seed9,1,1007,36,70.01,633,9,91,0.03183944469594085,3074.3981026448955
2L_JAPI,25.0,seed9,1,1007,41,80.01,632,9,91,0.031789145415220564,3072.6460230521584
2L_JAPI,25.0,seed9,1,1007,46,90.01,633,9,91,0.03183944469594085,3071.149789460197
2L_JAPI,25.0,seed9,1,1007,51,100.01,633,9,91,0.03183944469594085,3077.5219688528955
2L_JAPI,25.0,seed9,1,1007,56,110.01,633,9,91,0.03183944469594085,3078.208165082273
2L_JAPI,25.0,seed9,1,1007,61,120.01,633,9,91,0.03183944469594085,3078.4160074466085
2L_JAPI,25.0,seed9,1,1007,66,130.01,633,9,91,0.03183944469594085,3078.4937514132716
2L_JAPI,25.0,seed9,1,1007,71,140.01,633,9,91,0.03183944469594085,3078.528076573931
2L_JAPI,25.0,seed9,1,1007,76,150.01,633,9,91,0.03183944469594085,3078.545437643321
2L_JAPI,25.0,seed9,1,1007,81,160.01,633,9,91,0.03183944469594085,3078.555086412699
2L_JAPI,25.0,seed9,1,1007,86,170.01,633,9,91,0.03183944469594085,3078.560768285041
2L_JAPI,25.0,seed9,1,1007,91,180.01,633,9,91,0.03183944469594085,3078.564226277462
2L_JAPI,25.0,seed9,1,1007,96,190.01,633,9,91,0.03183944469594085,3078.566369278784
2L_JAPI,25.0,seed9,1,1007,101,200.01,633,9,91,0.03183944469594085,3078.5677104966503
2L_JAPI,25.0,seed9,1,1007,106,210.01,633,9,91,0.03183944469594085,3078.568554442653
2L_JAPI,25.0,seed9,1,1007,111,220.01,633,9,91,0.03183944469594085,3078.5690870715
2L_JAPI,25.0,seed9,1,1007,116,230.01,633,9,91,0.03183944469594085,3078.569423787356
2L_JAPI,25.0,seed9,1,1007,121,240.01,633,9,91,0.03183944469594085,3078.569636856289
2L_JAPI,25.0,seed9,1,1007,126,250.01,633,9,91,0.03183944469594085,3078.5697717588446
2L_JAPI,25.0,seed9,1,1007,131,260.01,633,9,91,0.03183944469594085,3078.569857199471
2L_JAPI,25.0,seed9,1,1007,136,270.01,633,9,91,0.03183944469594085,3078.5699113241394
2L_JAPI,25.0,seed9,1,1007,141,280.01,633,9,91,0.03183944469594085,3078.569945615018
2L_JAPI,25.0,seed9,1,1007,146,290.01,633,9,91,0.03183944469594085,3078.56996734174
2L_JAPI,25.0,seed9,1,1007,151,300.01,633,9,91,0.03183944469594085,3078.569981108437
2L_JAPI,25.0,seed9,1,1007,156,310.01,633,9,91,0.03183944469594085,3078.5699898316725
2L_JAPI,25.0,seed9,1,1007,161,320.01,633,9,91,0.03183944469594085,3078.5699953592293
2L_JAPI,25.0,seed9,1,1007,166,330.01,633,9,91,0.03183944469594085,3078.5699988618553
2L_JAPI,25.0,seed9,1,1007,171,340.01,633,9,91,0.03183944469594085,3078.5700010813653
2L_JAPI,25.0,seed9,1,1007,176,350.01,633,9,91,0.03183944469594085,3078.570002487811
2L_JAPI,25.0,seed9,1,1007,181,360.01,633,9,91,0.03183944469594085,3078.5700033790413
2L_JAPI,25.0,seed9,1,1007,186,370.01,633,9,91,0.03183944469594085,3078.5700039437925
2L_JAPI,25.0,seed9,1,1007,191,380.01,633,9,91,0.03183944469594085,3078.5700043016627
2L_JAPI,25.0,seed9,1,1007,196,390.01,633,9,91,0.03183944469594085,3078.5700045284375
2L_JAPI,25.0,seed9,1,1007,201,400.01,633,9,91,0.03183944469594085,3078.5700046721395
2L_JAPI,25.0,seed9,1,1007,206,410.01,633,9,91,0.03183944469594085,3078.570004763201
2L_JAPI,25.0,seed9,1,1007,211,420.01,633,9,91,0.03183944469594085,3078.5700048209037
2L_JAPI,25.0,seed9,1,1007,216,430.01,633,9,91,0.03183944469594085,3078.570004857469
2L_JAPI,25.0,seed9,1,1007,221,440.01,633,9,91,0.03183944469594085,3078.5700048806398
2L_JAPI,25.0,seed9,1,1007,226,450.01,633,9,91,0.03183944469594085,3078.570004895322
2L_JAPI,25.0,seed9,1,1007,231,460.01,633,9,91,0.03183944469594085,3078.5700049046263
2L_JAPI,25.0,seed9,1,1007,236,470.01,633,9,91,0.03183944469594085,3078.570004910523
2L_JAPI,25.0,seed9,1,1007,241,480.01,633,9,91,0.03183944469594085,3078.5700049142592
2L_JAPI,25.0,seed9,1,1007,246,490.01,633,9,91,0.03183944469594085,3078.570004916627
2L_JAPI,25.0,seed9,1,1007,251,500.01,633,9,91,0.03183944469594085,3078.570004918128
2L_JAPI,25.0,seed9,1,1007,256,510.01,633,9,91,0.03183944469594085,3078.5700049190787
2L_JAPI,25.0,seed9,1,1007,261,520.01,633,9,91,0.03183944469594085,3078.570004919681
2L_JAPI,25.0,seed9,1,1007,266,530.01,633,9,91,0.03183944469594085,3078.5700049200623
2L_JAPI,25.0,seed9,1,1007,271,540.01,633,9,91,0.03183944469594085,3078.5700049203037
2L_JAPI,25.0,seed9,1,1007,276,550.01,633,9,91,0.03183944469594085,3078.570004920457
2L_JAPI,25.0,seed9,1,1007,281,560.01,633,9,91,0.03183944469594085,3078.5700049205543
2L_JAPI,25.0,seed9,1,1007,286,570.01,633,9,91,0.03183944469594085,3078.5700049206157
2L_JAPI,25.0,seed9,1,1007,291,580.01,633,9,91,0.03183944469594085,3078.570004920655
2L_JAPI,25.0,seed9,1,1007,296,590.01,633,9,91,0.03183944469594085,3078.5700049206807
2L_JAPI,25.0,seed9,1,1007,301,600.01,633,9,91,0.03183944469594085,3078.570004920696
2L_JAPI,25.0,seed9,2,2007,0,0.0,9,9,1,0.0004526935264825713,90.0
2L_JAPI,25.0,seed9,2,2007,1,0.01,9,9,1,0.0004526935264825713,91.78461453166156
2L_JAPI,25.0,seed9,2,2007,6,10.01,395,9,55,0.01986821588451285,1805.9359951449333
2L_JAPI,25.0,seed9,2,2007,11,20.01,506,9,82,0.025451436044464565,2375.9982991268707
2L_JAPI,25.0,seed9,2,2007,16,30.01,534,9,89,0.026859815904632565,2605.647540551967
2L_JAPI,25.0,seed9,2,2007,21,40.01,543,9,91,0.027312509431115135,2645.213980421983
2L_JAPI,25.0,seed9,2,2007,26,50.01,553,9,91,0.027815502238317993,2683.154224592602
2L_JAPI,25.0,seed9,2,2007,31,60.01,555,9,91,0.027916100799758564,2690.838648134567
2L_JAPI,25.0,seed9,2,2007,36,70.01,551,9,91,0.02771490367687742,2695.9633700888544
2L_JAPI,25.0,seed9,2,2007,41,80.01,558,9,91,0.02806699864191942,2710.667205664238
2L_JAPI,25.0,seed9,2,2007,46,90.01,567,9,91,0.028519692168401993,2740.5650766157887
2L_JAPI,25.0,seed9,2,2007,51,100.01,572,9,91,0.02877118857200342,2767.1295099794124
2L_JAPI,25.0,seed9,2,2007,56,110.01,571,9,91,0.028720889291283136,2775.320696762242
2L_JAPI,25.0,seed9,2,2007,61,120.01,573,9,91,0.028821487852723707,2773.9533839623896
2L_JAPI,25.0,seed9,2,2007,66,130.01,571,9,91,0.028720889291283136,2777.448751643411
2L_JAPI,25.0,seed9,2,2007,71,140.01,571,9,91,0.028720889291283136,2774.307636722171
2L_JAPI,25.0,seed9,2,2007,76,150.01,575,9,91,0.02892208641416428,2786.85230788189
2L_JAPI,25.0,seed9,2,2007,81,160.01,574,9,91,0.02887178713344399,2792.7295949654526
2L_JAPI,25.0,seed9,2,2007,86,170.01,575,9,91,0.02892208641416428,2793.270557089372
2L_JAPI,25.0,seed9,2,2007,91,180.01,580,9,91,0.029173582817765706,2812.1783304356195
2L_JAPI,25.0,seed9,2,2007,96,190.01,580,9,91,0.029173582817765706,2815.2150471928285
2L_JAPI,25.0,seed9,2,2007,101,200.01,580,9,91,0.029173582817765706,2815.8280443914723
2L_JAPI,25.0,seed9,2,2007,106,210.01,582,9,91,0.029274181379206277,2818.3408104937816
2L_JAPI,25.0,seed9,2,2007,111,220.01,584,9,91,0.02937477994064685,2828.936555000918
2L_JAPI,25.0,seed9,2,2007,116,230.01,583,9,91,0.029324480659926565,2825.9933386618172
2L_JAPI,25.0,seed9,2,2007,121,240.01,580,9,91,0.029173582817765706,2817.9994311846176
2L_JAPI,25.0,seed9,2,2007,126,250.01,580,9,91,0.029173582817765706,2818.2806914258836
2L_JAPI,25.0,seed9,2,2007,131,260.01,580,9,91,0.029173582817765706,2818.814297083394
2L_JAPI,25.0,seed9,2,2007,136,270.01,582,9,91,0.029274181379206277,2821.4716630187995
2L_JAPI,25.0,seed9,2,2007,141,280.01,584,9,91,0.02937477994064685,2831.693624809284
2L_JAPI,25.0,seed9,2,2007,146,290.01,582,9,91,0.029274181379206277,2826.2602575906258
2L_JAPI,25.0,seed9,2,2007,151,300.01,580,9,91,0.029173582817765706,2821.4512171589167
2L_JAPI,25.0,seed9,2,2007,156,310.01,582,9,91,0.029274181379206277,2823.9059764487547
2L_JAPI,25.0,seed9,2,2007,161,320.01,584,9,91,0.02937477994064685,2835.6585542588964
2L_JAPI,25.0,seed9,2,2007,166,330.01,584,9,91,0.02937477994064685,2836.411810747908
2L_JAPI,25.0,seed9,2,2007,171,340.01,584,9,91,0.02937477994064685,2836.4626587235034
2L_JAPI,25.0,seed9,2,2007,176,350.01,584,9,91,0.02937477994064685,2836.470950406244
2L_JAPI,25.0,seed9,2,2007,181,360.01,584,9,91,0.02937477994064685,2836.4727454692256
2L_JAPI,25.0,seed9,2,2007,186,370.01,584,9,91,0.02937477994064685,2836.4731750623837
2L_JAPI,25.0,seed9,2,2007,191,380.01,584,9,91,0.02937477994064685,2836.4732805187095
2L_JAPI,25.0,seed9,2,2007,196,390.01,584,9,91,0.02937477994064685,2836.473306506422
2L_JAPI,25.0,seed9,2,2007,201,400.01,584,9,91,0.02937477994064685,2836.4733129069446
2L_JAPI,25.0,seed9,2,2007,206,410.01,584,9,91,0.02937477994064685,2836.4733144819156
2L_JAPI,25.0,seed9,2,2007,211,420.01,584,9,91,0.02937477994064685,2836.473314869252
2L_JAPI,25.0,seed9,2,2007,216,430.01,584,9,91,0.02937477994064685,2836.4733149644867
2L_JAPI,25.0,seed9,2,2007,221,440.01,584,9,91,0.02937477994064685,2836.4733149878994
2L_JAPI,25.0,seed9,2,2007,226,450.01,584,9,91,0.02937477994064685,2836.473314993653
2L_JAPI,25.0,seed9,2,2007,231,460.01,584,9,91,0.02937477994064685,2836.473314995066
2L_JAPI,25.0,seed9,2,2007,236,470.01,584,9,91,0.02937477994064685,2836.4733149954127
2L_JAPI,25.0,seed9,2,2007,241,480.01,584,9,91,0.02937477994064685,2836.473314995498
2L_JAPI,25.0,seed9,2,2007,246,490.01,584,9,91,0.02937477994064685,2836.4733149955177
2L_JAPI,25.0,seed9,2,2007,251,500.01,584,9,91,0.02937477994064685,2836.4733149955227
2L_JAPI,25.0,seed9,2,2007,256,510.01,584,9,91,0.02937477994064685,2836.4733149955237
2L_JAPI,25.0,seed9,2,2007,261,520.01,584,9,91,0.02937477994064685,2836.473314995524
2L_JAPI,25.0,seed9,2,2007,266,530.01,584,9,91,0.02937477994064685,2836.4733149955246
2L_JAPI,25.0,seed9,2,2007,271,540.01,584,9,91,0.02937477994064685,2836.4733149955246
2L_JAPI,25.0,seed9,2,2007,276,550.01,584,9,91,0.02937477994064685,2836.4733149955246
2L_JAPI,25.0,seed9,2,2007,281,560.01,584,9,91,0.02937477994064685,2836.4733149955246
2L_JAPI,25.0,seed9,2,2007,286,570.01,584,9,91,0.02937477994064685,2836.4733149955246
2L_JAPI,25.0,seed9,2,2007,291,580.01,584,9,91,0.02937477994064685,2836.4733149955246
2L_JAPI,25.0,seed9,2,2007,296,590.01,584,9,91,0.02937477994064685,2836.4733149955246
2L_JAPI,25.0,seed9,2,2007,301,600.01,584,9,91,0.02937477994064685,2836.4733149955246
2L_JAPI,25.0,seed9,3,3007,0,0.0,9,9,1,0.0004526935264825713,90.0
2L_JAPI,25.0,seed9,3,3007,1,0.01,9,9,1,0.0004526935264825713,91.68497372011149
2L_JAPI,25.0,seed9,3,3007,6,10.01,357,8,55,0.017956843217141995,1683.1705249592128
2L_JAPI,25.0,seed9,3,3007,11,20.01,480,8,85,0.024143654745737136,2234.336773264513
2L_JAPI,25.0,seed9,3,3007,16,30.01,506,8,91,0.025451436044464565,2451.9598002419007
2L_JAPI,25.0,seed9,3,3007,21,40.01,508,8,91,0.025552034605905136,2476.773005375697
2L_JAPI,25.0,seed9,3,3007,26,50.01,513,8,91,0.025803531009506563,2483.262596993584
2L_JAPI,25.0,seed9,3,3007,31,60.01,525,8,91,0.026407122378149992,2534.281084310152
2L_JAPI,25.0,seed9,3,3007,36,70.01,528,8,91,0.02655802022031085,2549.157939459366
2L_JAPI,25.0,seed9,3,3007,41,80.01,528,8,91,0.02655802022031085,2557.593462245262
2L_JAPI,25.0,seed9,3,3007,46,90.01,527,8,91,0.026507720939590564,2561.0533373355215
2L_JAPI,25.0,seed9,3,3007,51,100.01,531,8,91,0.026708918062471707,2567.4374529083407
2L_JAPI,25.0,seed9,3,3007,56,110.01,531,8,91,0.026708918062471707,2574.652314681427
2L_JAPI,25.0,seed9,3,3007,61,120.01,528,8,91,0.02655802022031085,2569.178062390556
2L_JAPI,25.0,seed9,3,3007,66,130.01,535,8,91,0.02691011518535285,2584.994349376634
2L_JAPI,25.0,seed9,3,3007,71,140.01,536,8,91,0.026960414466073133,2595.6115723983326
2L_JAPI,25.0,seed9,3,3007,76,150.01,534,8,91,0.026859815904632565,2592.868453571732
2L_JAPI,25.0,seed9,3,3007,81,160.01,532,8,91,0.026759217343191994,2585.0963968465458
2L_JAPI,25.0,seed9,3,3007,86,170.01,532,8,91,0.026759217343191994,2586.264238635713
2L_JAPI,25.0,seed9,3,3007,91,180.01,533,8,91,0.026809516623912278,2587.599766783441
2L_JAPI,25.0,seed9,3,3007,96,190.01,536,8,91,0.026960414466073133,2596.7642185537566
2L_JAPI,25.0,seed9,3,3007,101,200.01,536,8,91,0.026960414466073133,2599.8801176832676
2L_JAPI,25.0,seed9,3,3007,106,210.01,536,8,91,0.026960414466073133,2600.064137678216
2L_JAPI,25.0,seed9,3,3007,111,220.01,536,8,91,0.026960414466073133,2600.468718044579
2L_JAPI,25.0,seed9,3,3007,116,230.01,538,8,91,0.027061013027513705,2601.844263008486
2L_JAPI,25.0,seed9,3,3007,121,240.01,540,8,91,0.027161611588954276,2612.8616109905297
2L_JAPI,25.0,seed9,3,3007,126,250.01,540,8,91,0.027161611588954276,2612.6545926947415
2L_JAPI,25.0,seed9,3,3007,131,260.01,538,8,91,0.027061013027513705,2607.8475105237458
2L_JAPI,25.0,seed9,3,3007,136,270.01,536,8,91,0.026960414466073133,2602.129911907373
2L_JAPI,25.0,seed9,3,3007,141,280.01,536,8,91,0.026960414466073133,2602.453300207975
2L_JAPI,25.0,seed9,3,3007,146,290.01,536,8,91,0.026960414466073133,2602.5294238352158
2L_JAPI,25.0,seed9,3,3007,151,300.01,536,8,91,0.026960414466073133,2602.547705396192
2L_JAPI,25.0,seed9,3,3007,156,310.01,536,8,91,0.026960414466073133,2602.552392651768
2L_JAPI,25.0,seed9,3,3007,161,320.01,536,8,91,0.026960414466073133,2602.553626733919
2L_JAPI,25.0,seed9,3,3007,166,330.01,536,8,91,0.026960414466073133,2602.5539570946607
2L_JAPI,25.0,seed9,3,3007,171,340.01,536,8,91,0.026960414466073133,2602.5540467968226
2L_JAPI,25.0,seed9,3,3007,176,350.01,536,8,91,0.026960414466073133,2602.55407149618
2L_JAPI,25.0,seed9,3,3007,181,360.01,536,8,91,0.026960414466073133,2602.55407839519
2L_JAPI,25.0,seed9,3,3007,186,370.01,536,8,91,0.026960414466073133,2602.554080350722
2L_JAPI,25.0,seed9,3,3007,191,380.01,536,8,91,0.026960414466073133,2602.5540809133104
2L_JAPI,25.0,seed9,3,3007,196,390.01,536,8,91,0.026960414466073133,2602.554081077564
2L_JAPI,25.0,seed9,3,3007,201,400.01,536,8,91,0.026960414466073133,2602.5540811262144
2L_JAPI,25.0,seed9,3,3007,206,410.01,536,8,91,0.026960414466073133,2602.5540811408246
2L_JAPI,25.0,seed9,3,3007,211,420.01,536,8,91,0.026960414466073133,2602.5540811452734
2L_JAPI,25.0,seed9,3,3007,216,430.01,536,8,91,0.026960414466073133,2602.554081146645
2L_JAPI,25.0,seed9,3,3007,221,440.01,536,8,91,0.026960414466073133,2602.554081147075
2L_JAPI,25.0,seed9,3,3007,226,450.01,536,8,91,0.026960414466073133,2602.554081147212
2L_JAPI,25.0,seed9,3,3007,231,460.01,536,8,91,0.026960414466073133,2602.5540811472574
2L_JAPI,25.0,seed9,3,3007,236,470.01,536,8,91,0.026960414466073133,2602.554081147274
2L_JAPI,25.0,seed9,3,3007,241,480.01,536,8,91,0.026960414466073133,2602.5540811472792
2L_JAPI,25.0,seed9,3,3007,246,490.01,536,8,91,0.026960414466073133,2602.5540811472806
2L_JAPI,25.0,seed9,3,3007,251,500.01,536,8,91,0.026960414466073133,2602.554081147281
2L_JAPI,25.0,seed9,3,3007,256,510.01,536,8,91,0.026960414466073133,2602.554081147281
2L_JAPI,25.0,seed9,3,3007,261,520.01,536,8,91,0.026960414466073133,2602.554081147281
2L_JAPI,25.0,seed9,3,3007,266,530.01,536,8,91,0.026960414466073133,2602.554081147281
2L_JAPI,25.0,seed9,3,3007,271,540.01,536,8,91,0.026960414466073133,2602.554081147281
2L_JAPI,25.0,seed9,3,3007,276,550.01,536,8,91,0.026960414466073133,2602.554081147281
2L_JAPI,25.0,seed9,3,3007,281,560.01,536,8,91,0.026960414466073133,2602.554081147281
2L_JAPI,25.0,seed9,3,3007,286,570.01,536,8,91,0.026960414466073133,2602.554081147281
2L_JAPI,25.0,seed9,3,3007,291,580.01,536,8,91,0.026960414466073133,2602.554081147281
2L_JAPI,25.0,seed9,3,3007,296,590.01,536,8,91,0.026960414466073133,2602.554081147281
2L_JAPI,25.0,seed9,3,3007,301,600.01,536,8,91,0.026960414466073133,2602.554081147281
2L_JAPI,25.0,seed36,1,1007,0,0.0,36,35,2,0.0018107741059302852,360.0
2L_JAPI,25.0,seed36,1,1007,1,0.01,36,35,2,0.0018107741059302852,367.03654221974926
2L_JAPI,25.0,seed36,1,1007,6,10.01,1252,31,67,0.06297469946179769,5799.367624106536
2L_JAPI,25.0,seed36,1,1007,11,20.01,1468,31,79,0.07383934409737941,7065.933094675318
2L_JAPI,25.0,seed36,1,1007,16,30.01,1505,31,83,0.07570041748402997,7255.512250468031
2L_JAPI,25.0,seed36,1,1007,21,40.01,1511,31,84,0.07600221316835169,7305.649295406302
2L_JAPI,25.0,seed36,1,1007,26,50.01,1511,31,86,0.07600221316835169,7308.117991445938
2L_JAPI,25.0,seed36,1,1007,31,60.01,1518,31,86,0.0763543081333937,7332.439442655043
2L_JAPI,25.0,seed36,1,1007,36,70.01,1518,31,86,0.0763543081333937,7343.710397733055
2L_JAPI,25.0,seed36,1,1007,41,80.01,1525,31,86,0.0767064030984357,7366.041520339579
2L_JAPI,25.0,seed36,1,1007,46,90.01,1526,31,86,0.07675670237915598,7374.133639971069
2L_JAPI,25.0,seed36,1,1007,51,100.01,1530,31,86,0.07695789950203712,7387.609836083488
2L_JAPI,25.0,seed36,1,1007,56,110.01,1529,31,86,0.07690760022131683,7391.856128791047
2L_JAPI,25.0,seed36,1,1007,61,120.01,1532,31,86,0.0770584980634777,7402.356037380321
2L_JAPI,25.0,seed36,1,1007,66,130.01,1540,31,86,0.07746089230923998,7425.45505757858
2L_JAPI,25.0,seed36,1,1007,71,140.01,1543,31,86,0.07761179015140084,7446.925438726992
2L_JAPI,25.0,seed36,1,1007,76,150.01,1543,31,86,0.07761179015140084,7445.310851943411
2L_JAPI,25.0,seed36,1,1007,81,160.01,1541,31,86,0.07751119158996027,7438.2942251205
2L_JAPI,25.0,seed36,1,1007,86,170.01,1537,31,86,0.07730999446707912,7432.046552732634
2L_JAPI,25.0,seed36,1,1007,91,180.01,1540,31,86,0.07746089230923998,7439.132692576013
2L_JAPI,25.0,seed36,1,1007,96,190.01,1539,31,86,0.07741059302851969,7444.542725171137
2L_JAPI,25.0,seed36,1,1007,101,200.01,1540,31,86,0.07746089230923998,7446.041564189096
2L_JAPI,25.0,seed36,1,1007,106,210.01,1542,31,86,0.07756149087068055,7453.5470855618205
2L_JAPI,25.0,seed36,1,1007,111,220.01,1542,31,86,0.07756149087068055,7456.019261671177
2L_JAPI,25.0,seed36,1,1007,116,230.01,1542,31,86,0.07756149087068055,7456.238671374928
2L_JAPI,25.0,seed36,1,1007,121,240.01,1542,31,86,0.07756149087068055,7456.066211551402
2L_JAPI,25.0,seed36,1,1007,126,250.01,1542,31,86,0.07756149087068055,7455.6260015809485
2L_JAPI,25.0,seed36,1,1007,131,260.01,1542,31,86,0.07756149087068055,7454.757360336431
2L_JAPI,25.0,seed36,1,1007,136,270.01,1542,31,86,0.07756149087068055,7452.338308589913
2L_JAPI,25.0,seed36,1,1007,141,280.01,1539,31,86,0.07741059302851969,7446.263808772641
2L_JAPI,25.0,seed36,1,1007,146,290.01,1539,31,86,0.07741059302851969,7446.380519721397
2L_JAPI,25.0,seed36,1,1007,151,300.01,1539,31,86,0.07741059302851969,7446.447233969211
2L_JAPI,25.0,seed36,1,1007,156,310.01,1539,31,86,0.07741059302851969,7446.556127837898
2L_JAPI,25.0,seed36,1,1007,161,320.01,1539,31,86,0.07741059302851969,7446.808577490985
2L_JAPI,25.0,seed36,1,1007,166,330.01,1540,31,86,0.07746089230923998,7447.741200461218
2L_JAPI,25.0,seed36,1,1007,171,340.01,1542,31,86,0.07756149087068055,7454.643312187712
2L_JAPI,25.0,seed36,1,1007,176,350.01,1542,31,86,0.07756149087068055,7456.641875309402
2L_JAPI,25.0,seed36,1,1007,181,360.01,1545,31,86,0.0777123887128414,7463.599468540127
2L_JAPI,25.0,seed36,1,1007,186,370.01,1542,31,86,0.07756149087068055,7457.981300911134
2L_JAPI,25.0,seed36,1,1007,191,380.01,1539,31,86,0.07741059302851969,7451.2406684043435
2L_JAPI,25.0,seed36,1,1007,196,390.01,1539,31,86,0.07741059302851969,7452.759155585694
2L_JAPI,25.0,seed36,1,1007,201,400.01,1541,31,86,0.07751119158996027,7456.099966299222
2L_JAPI,25.0,seed36,1,1007,206,410.01,1542,31,86,0.07756149087068055,7464.1549508013795
2L_JAPI,25.0,seed36,1,1007,211,420.01,1548,31,86,0.07786328655500227,7477.905263390242
2L_JAPI,25.0,seed36,1,1007,216,430.01,1550,31,86,0.07796388511644284,7488.598653094581
2L_JAPI,25.0,seed36,1,1007,221,440.01,1550,31,86,0.07796388511644284,7487.205362788933
2L_JAPI,25.0,seed36,1,1007,226,450.01,1550,31,86,0.07796388511644284,7484.990719948127
2L_JAPI,25.0,seed36,1,1007,231,460.01,1545,31,86,0.0777123887128414,7474.498012450751
2L_JAPI,25.0,seed36,1,1007,236,470.01,1543,31,86,0.07761179015140084,7465.846776251225
2L_JAPI,25.0,seed36,1,1007,241,480.01,1540,31,86,0.07746089230923998,7461.228997801099
2L_JAPI,25.0,seed36,1,1007,246,490.01,1544,31,86,0.07766208943212112,7470.069628551857
2L_JAPI,25.0,seed36,1,1007,251,500.01,1547,31,86,0.07781298727428197,7484.442844007057
2L_JAPI,25.0,seed36,1,1007,256,510.01,1547,31,86,0.07781298727428197,7485.862902717206
2L_JAPI,25.0,seed36,1,1007,261,520.01,1547,31,86,0.07781298727428197,7485.962348300971
2L_JAPI,25.0,seed36,1,1007,266,530.01,1547,31,86,0.07781298727428197,7485.965437386706
2L_JAPI,25.0,seed36,1,1007,271,540.01,1547,31,86,0.07781298727428197,7485.952801555185
2L_JAPI,25.0,seed36,1,1007,276,550.01,1547,31,86,0.07781298727428197,7485.93897066413
2L_JAPI,25.0,seed36,1,1007,281,560.01,1547,31,86,0.07781298727428197,7485.925794246514
2L_JAPI,25.0,seed36,1,1007,286,570.01,1547,31,86,0.07781298727428197,7485.913138285088
2L_JAPI,25.0,seed36,1,1007,291,580.01,1547,31,86,0.07781298727428197,7485.900687911668
2L_JAPI,25.0,seed36,1,1007,296,590.01,1547,31,86,0.07781298727428197,7485.888195171702
2L_JAPI,25.0,seed36,1,1007,301,600.01,1547,31,86,0.07781298727428197,7485.875479927949
2L_JAPI,25.0,seed36,2,2007,0,0.0,36,36,1,0.0018107741059302852,360.0
2L_JAPI,25.0,seed36,2,2007,1,0.01,36,36,1,0.0018107741059302852,367.13593129799915
2L_JAPI,25.0,seed36,2,2007,6,10.01,1166,32,60,0.05864896131985313,5402.1759541534275
2L_JAPI,25.0,seed36,2,2007,11,20.01,1336,32,67,0.0671998390423017,6477.653977608705
2L_JAPI,25.0,seed36,2,2007,16,30.01,1406,31,83,0.07072078869272169,6790.561305679725
2L_JAPI,25.0,seed36,2,2007,21,40.01,1428,31,85,0.07182737286856798,6917.432504485889
2L_JAPI,25.0,seed36,2,2007,26,50.01,1452,31,85,0.07303455560585484,7011.640079202634
2L_JAPI,25.0,seed36,2,2007,31,60.01,1453,31,85,0.07308485488657512,7036.6539361772975
2L_JAPI,25.0,seed36,2,2007,36,70.01,1459,31,85,0.07338665057089684,7058.991808653741
2L_JAPI,25.0,seed36,2,2007,41,80.01,1469,31,85,0.0738896433780997,7090.20343345947
2L_JAPI,25.0,seed36,2,2007,46,90.01,1467,31,85,0.07378904481665913,7098.105076691548
2L_JAPI,25.0,seed36,2,2007,51,100.01,1475,31,85,0.07419143906242141,7116.186259973932
2L_JAPI,25.0,seed36,2,2007,56,110.01,1479,31,85,0.07439263618530255,7138.930298766658
2L_JAPI,25.0,seed36,2,2007,61,120.01,1471,31,85,0.07399024193954026,7131.5163834952955
2L_JAPI,25.0,seed36,2,2007,66,130.01,1475,31,85,0.07419143906242141,7138.562027375052
2L_JAPI,25.0,seed36,2,2007,71,140.01,1480,31,85,0.07444293546602283,7162.14910928836
2L_JAPI,25.0,seed36,2,2007,76,150.01,1477,31,85,0.07429203762386198,7157.215408866845
2L_JAPI,25.0,seed36,2,2007,81,160.01,1479,31,85,0.07439263618530255,7156.784014297647
2L_JAPI,25.0,seed36,2,2007,86,170.01,1484,31,85,0.07464413258890398,7186.047299714372
2L_JAPI,25.0,seed36,2,2007,91,180.01,1484,31,85,0.07464413258890398,7188.214202520612
2L_JAPI,25.0,seed36,2,2007,96,190.01,1486,31,85,0.07474473115034455,7191.621234245995
2L_JAPI,25.0,seed36,2,2007,101,200.01,1487,31,85,0.07479503043106484,7200.936504341687
2L_JAPI,25.0,seed36,2,2007,106,210.01,1484,31,85,0.07464413258890398,7192.909791666138
2L_JAPI,25.0,seed36,2,2007,111,220.01,1485,31,85,0.07469443186962427,7201.544562933038
2L_JAPI,25.0,seed36,2,2007,116,230.01,1492,31,85,0.07504652683466627,7225.404244982117
2L_JAPI,25.0,seed36,2,2007,121,240.01,1500,31,85,0.07544892108042855,7250.7582783522075
2L_JAPI,25.0,seed36,2,2007,126,250.01,1496,31,85,0.0752477239575474,7250.555310104486
2L_JAPI,25.0,seed36,2,2007,131,260.01,1495,31,85,0.07519742467682712,7243.065597432915
2L_JAPI,25.0,seed36,2,2007,136,270.01,1503,31,85,0.0755998189225894,7257.843447755268
2L_JAPI,25.0,seed36,2,2007,141,280.01,1502,31,85,0.07554951964186912,7271.687879111456
2L_JAPI,25.0,seed36,2,2007,146,290.01,1507,31,85,0.07580101604547054,7288.570183299062
2L_JAPI,25.0,seed36,2,2007,151,300.01,1504,31,85,0.07565011820330969,7281.931320522896
2L_JAPI,25.0,seed36,2,2007,156,310.01,1503,31,85,0.0755998189225894,7278.907885239868
2L_JAPI,25.0,seed36,2,2007,161,320.01,1504,31,85,0.07565011820330969,7285.238369793948
2L_JAPI,25.0,seed36,2,2007,166,330.01,1509,31,85,0.07590161460691112,7296.396747650133
2L_JAPI,25.0,seed36,2,2007,171,340.01,1508,31,85,0.07585131532619084,7306.662709697417
2L_JAPI,25.0,seed36,2,2007,176,350.01,1512,31,85,0.07605251244907198,7315.027473824595
2L_JAPI,25.0,seed36,2,2007,181,360.01,1511,31,85,0.07600221316835169,7322.605136680124
2L_JAPI,25.0,seed36,2,2007,186,370.01,1517,31,85,0.07630400885267341,7332.327889643502
2L_JAPI,25.0,seed36,2,2007,191,380.01,1514,31,85,0.07615311101051254,7336.4513320981805
2L_JAPI,25.0,seed36,2,2007,196,390.01,1520,31,85,0.07645490669483426,7348.655939408112
2L_JAPI,25.0,seed36,2,2007,201,400.01,1522,31,85,0.07655550525627483,7358.187289933934
2L_JAPI,25.0,seed36,2,2007,206,410.01,1524,31,85,0.07665610381771541,7371.960328254585
2L_JAPI,25.0,seed36,2,2007,211,420.01,1523,31,85,0.07660580453699511,7368.779903885017
2L_JAPI,25.0,seed36,2,2007,216,430.01,1517,31,85,0.07630400885267341,7358.056929141804
2L_JAPI,25.0,seed36,2,2007,221,440.01,1520,31,85,0.07645490669483426,7363.478193684716
2L_JAPI,25.0,seed36,2,2007,226,450.01,1520,31,85,0.07645490669483426,7365.109080110207
2L_JAPI,25.0,seed36,2,2007,231,460.01,1527,31,85,0.07680700165987626,7392.106284204039
2L_JAPI,25.0,seed36,2,2007,236,470.01,1529,31,85,0.07690760022131683,7399.653494291922
2L_JAPI,25.0,seed36,2,2007,241,480.01,1527,31,85,0.07680700165987626,7400.922877451005
2L_JAPI,25.0,seed36,2,2007,246,490.01,1530,31,85,0.07695789950203712,7408.099120040997
2L_JAPI,25.0,seed36,2,2007,251,500.01,1528,31,85,0.07685730094059655,7405.338645302688
2L_JAPI,25.0,seed36,2,2007,256,510.01,1530,31,85,0.07695789950203712,7412.4837057723635
2L_JAPI,25.0,seed36,2,2007,261,520.01,1533,31,85,0.07710879734419798,7420.387039615476
2L_JAPI,25.0,seed36,2,2007,266,530.01,1530,31,85,0.07695789950203712,7417.963817901539
2L_JAPI,25.0,seed36,2,2007,271,540.01,1533,31,85,0.07710879734419798,7423.635959612415
2L_JAPI,25.0,seed36,2,2007,276,550.01,1535,31,85,0.07720939590563855,7426.55153419363
2L_JAPI,25.0,seed36,2,2007,281,560.01,1533,31,85,0.07710879734419798,7429.476686280302
2L_JAPI,25.0,seed36,2,2007,286,570.01,1535,31,85,0.07720939590563855,7433.058929550212
2L_JAPI,25.0,seed36,2,2007,291,580.01,1536,31,85,0.07725969518635883,7438.9955543246215
2L_JAPI,25.0,seed36,2,2007,296,590.01,1536,31,85,0.07725969518635883,7441.625910073778
2L_JAPI,25.0,seed36,2,2007,301,600.01,1536,31,85,0.07725969518635883,7444.088396866384
2L_JAPI,25.0,seed36,3,3007,0,0.0,36,35,2,0.0018107741059302852,360.0
2L_JAPI,25.0,seed36,3,3007,1,0.01,36,35,2,0.0018107741059302852,366.88839290199223
2L_JAPI,25.0,seed36,3,3007,6,10.01,1158,32,55,0.058246567074090844,5494.093736254537
2L_JAPI,25.0,seed36,3,3007,11,20.01,1329,32,69,0.0668477440772597,6441.944236125503
2L_JAPI,25.0,seed36,3,3007,16,30.01,1386,32,75,0.06971480307831598,6703.301947478375
2L_JAPI,25.0,seed36,3,3007,21,40.01,1416,32,75,0.07122378149992455,6837.775719823616
2L_JAPI,25.0,seed36,3,3007,26,50.01,1431,32,75,0.07197827071072883,6888.6048738019235
2L_JAPI,25.0,seed36,3,3007,31,60.01,1433,32,75,0.0720788692721694,6920.042134104933
2L_JAPI,25.0,seed36,3,3007,36,70.01,1426,32,75,0.07172677430712741,6901.136055793773
2L_JAPI,25.0,seed36,3,3007,41,80.01,1432,31,75,0.07202856999144912,6936.975879511549
2L_JAPI,25.0,seed36,3,3007,46,90.01,1442,31,75,0.07253156279865199,6968.781533300625
2L_JAPI,25.0,seed36,3,3007,51,100.01,1450,31,75,0.07293395704441427,7003.226225401469
2L_JAPI,25.0,seed36,3,3007,56,110.01,1455,31,75,0.07318545344801569,7026.569138971027
2L_JAPI,25.0,seed36,3,3007,61,120.01,1450,31,75,0.07293395704441427,7019.276296816839
2L_JAPI,25.0,seed36,3,3007,66,130.01,1453,31,75,0.07308485488657512,7025.6400870845555
2L_JAPI,25.0,seed36,3,3007,71,140.01,1452,31,75,0.07303455560585484,7025.659043139673
2L_JAPI,25.0,seed36,3,3007,76,150.01,1453,31,75,0.07308485488657512,7023.938267114882
2L_JAPI,25.0,seed36,3,3007,81,160.01,1449,31,75,0.07288365776369397,7020.848791882623
2L_JAPI,25.0,seed36,3,3007,86,170.01,1451,31,75,0.07298425632513456,7027.608386624737
2L_JAPI,25.0,seed36,3,3007,91,180.01,1456,31,75,0.07323575272873598,7041.569156986518
2L_JAPI,25.0,seed36,3,3007,96,190.01,1460,31,75,0.07343694985161713,7059.137163130112
2L_JAPI,25.0,seed36,3,3007,101,200.01,1463,31,75,0.07358784769377798,7068.8045614269195
2L_JAPI,25.0,seed36,3,3007,106,210.01,1461,31,75,0.07348724913233741,7065.135530559417
2L_JAPI,25.0,seed36,3,3007,111,220.01,1461,31,75,0.07348724913233741,7063.949723348787
2L_JAPI,25.0,seed36,3,3007,116,230.01,1457,31,75,0.07328605200945626,7056.604486550521
2L_JAPI,25.0,seed36,3,3007,121,240.01,1460,31,75,0.07343694985161713,7059.6805082130995
2L_JAPI,25.0,seed36,3,3007,126,250.01,1460,31,75,0.07343694985161713,7067.4562228989125
2L_JAPI,25.0,seed36,3,3007,131,260.01,1464,31,75,0.07363814697449826,7074.59131632001
2L_JAPI,25.0,seed36,3,3007,136,270.01,1465,31,75,0.07368844625521855,7083.289463334892
2L_JAPI,25.0,seed36,3,3007,141,280.01,1465,31,75,0.07368844625521855,7082.9152057024985
2L_JAPI,25.0,seed36,3,3007,146,290.01,1465,31,75,0.07368844625521855,7082.8193442533775
2L_JAPI,25.0,seed36,3,3007,151,300.01,1465,31,75,0.07368844625521855,7082.801608617516
2L_JAPI,25.0,seed36,3,3007,156,310.01,1465,31,75,0.07368844625521855,7082.797523544599
2L_JAPI,25.0,seed36,3,3007,161,320.01,1465,31,75,0.07368844625521855,7082.796511349329
2L_JAPI,25.0,seed36,3,3007,166,330.01,1465,31,75,0.07368844625521855,7082.796250365276
2L_JAPI,25.0,seed36,3,3007,171,340.01,1465,31,75,0.07368844625521855,7082.796179367446
2L_JAPI,25.0,seed36,3,3007,176,350.01,1465,31,75,0.07368844625521855,7082.796158043856
2L_JAPI,25.0,seed36,3,3007,181,360.01,1465,31,75,0.07368844625521855,7082.796150512922
2L_JAPI,25.0,seed36,3,3007,186,370.01,1465,31,75,0.07368844625521855,7082.796147271554
2L_JAPI,25.0,seed36,3,3007,191,380.01,1465,31,75,0.07368844625521855,7082.796145619804
2L_JAPI,25.0,seed36,3,3007,196,390.01,1465,31,75,0.07368844625521855,7082.79614468491
2L_JAPI,25.0,seed36,3,3007,201,400.01,1465,31,75,0.07368844625521855,7082.796144127116
2L_JAPI,25.0,seed36,3,3007,206,410.01,1465,31,75,0.07368844625521855,7082.796143786365
2L_JAPI,25.0,seed36,3,3007,211,420.01,1465,31,75,0.07368844625521855,7082.796143576101
2L_JAPI,25.0,seed36,3,3007,216,430.01,1465,31,75,0.07368844625521855,7082.796143445809
2L_JAPI,25.0,seed36,3,3007,221,440.01,1465,31,75,0.07368844625521855,7082.796143364934
2L_JAPI,25.0,seed36,3,3007,226,450.01,1465,31,75,0.07368844625521855,7082.796143314696
2L_JAPI,25.0,seed36,3,3007,231,460.01,1465,31,75,0.07368844625521855,7082.796143283478
2L_JAPI,25.0,seed36,3,3007,236,470.01,1465,31,75,0.07368844625521855,7082.796143264075
2L_JAPI,25.0,seed36,3,3007,241,480.01,1465,31,75,0.07368844625521855,7082.796143252015
2L_JAPI,25.0,seed36,3,3007,246,490.01,1465,31,75,0.07368844625521855,7082.796143244516
2L_JAPI,25.0,seed36,3,3007,251,500.01,1465,31,75,0.07368844625521855,7082.796143239854
2L_JAPI,25.0,seed36,3,3007,256,510.01,1465,31,75,0.07368844625521855,7082.796143236956
2L_JAPI,25.0,seed36,3,3007,261,520.01,1465,31,75,0.07368844625521855,7082.796143235153
2L_JAPI,25.0,seed36,3,3007,266,530.01,1465,31,75,0.07368844625521855,7082.796143234033
2L_JAPI,25.0,seed36,3,3007,271,540.01,1465,31,75,0.07368844625521855,7082.796143233334
2L_JAPI,25.0,seed36,3,3007,276,550.01,1465,31,75,0.07368844625521855,7082.796143232901
2L_JAPI,25.0,seed36,3,3007,281,560.01,1465,31,75,0.07368844625521855,7082.79614323263
2L_JAPI,25.0,seed36,3,3007,286,570.01,1465,31,75,0.07368844625521855,7082.796143232463
2L_JAPI,25.0,seed36,3,3007,291,580.01,1465,31,75,0.07368844625521855,7082.796143232358
2L_JAPI,25.0,seed36,3,3007,296,590.01,1465,31,75,0.07368844625521855,7082.796143232293
2L_JAPI,25.0,seed36,3,3007,301,600.01,1465,31,75,0.07368844625521855,7082.796143232252
2L_JAPI,25.0,seed144,1,1007,0,0.0,144,141,2,0.007243096423721141,1440.0
2L_JAPI,25.0,seed144,1,1007,1,0.01,144,141,2,0.007243096423721141,1467.3066766001127
2L_JAPI,25.0,seed144,1,1007,6,10.01,1987,106,42,0.09994467079120768,9361.049417344748
2L_JAPI,25.0,seed144,1,1007,11,20.01,1989,87,48,0.10004526935264826,9555.550791144906
2L_JAPI,25.0,seed144,1,1007,16,30.01,2030,82,52,0.10210753986217998,9850.108194013352
2L_JAPI,25.0,seed144,1,1007,21,40.01,2061,79,52,0.10366681756450882,9974.534081838523
2L_JAPI,25.0,seed144,1,1007,26,50.01,2070,77,52,0.10411951109099139,10050.993267900922
2L_JAPI,25.0,seed144,1,1007,31,60.01,2074,76,52,0.10432070821387254,10068.249878777853
2L_JAPI,25.0,seed144,1,1007,36,70.01,2098,75,52,0.1055278909511594,10158.167935603571
2L_JAPI,25.0,seed144,1,1007,41,80.01,2105,75,52,0.1058799859162014,10197.506808423157
2L_JAPI,25.0,seed144,1,1007,46,90.01,2110,75,52,0.10613148231980282,10212.056743207464
2L_JAPI,25.0,seed144,1,1007,51,100.01,2105,75,52,0.1058799859162014,10221.926041689707
2L_JAPI,25.0,seed144,1,1007,56,110.01,2107,75,52,0.10598058447764197,10223.612313753963
2L_JAPI,25.0,seed144,1,1007,61,120.01,2106,75,52,0.10593028519692169,10222.94304333283
2L_JAPI,25.0,seed144,1,1007,66,130.01,2100,75,52,0.10562848951259997,10216.42566529668
2L_JAPI,25.0,seed144,1,1007,71,140.01,2103,75,52,0.10577938735476082,10219.097964515266
2L_JAPI,25.0,seed144,1,1007,76,150.01,2111,75,52,0.1061817816005231,10234.889170363975
2L_JAPI,25.0,seed144,1,1007,81,160.01,2111,75,52,0.1061817816005231,10231.667991491007
2L_JAPI,25.0,seed144,1,1007,86,170.01,2111,75,52,0.1061817816005231,10237.533517092215
2L_JAPI,25.0,seed144,1,1007,91,180.01,2110,75,52,0.10613148231980282,10239.491324823728
2L_JAPI,25.0,seed144,1,1007,96,190.01,2109,75,52,0.10608118303908254,10239.700119899451
2L_JAPI,25.0,seed144,1,1007,101,200.01,2109,75,52,0.10608118303908254,10240.033070563022
2L_JAPI,25.0,seed144,1,1007,106,210.01,2109,75,52,0.10608118303908254,10240.149336794417
2L_JAPI,25.0,seed144,1,1007,111,220.01,2109,75,52,0.10608118303908254,10240.20448323511
2L_JAPI,25.0,seed144,1,1007,116,230.01,2109,75,52,0.10608118303908254,10240.241031239959
2L_JAPI,25.0,seed144,1,1007,121,240.01,2109,75,52,0.10608118303908254,10240.270304348
2L_JAPI,25.0,seed144,1,1007,126,250.01,2109,75,52,0.10608118303908254,10240.497833032969
2L_JAPI,25.0,seed144,1,1007,131,260.01,2112,75,52,0.1062320808812434,10245.296088228139
2L_JAPI,25.0,seed144,1,1007,136,270.01,2114,75,52,0.10633267944268397,10251.45892358851
2L_JAPI,25.0,seed144,1,1007,141,280.01,2114,75,52,0.10633267944268397,10252.598289030173
2L_JAPI,25.0,seed144,1,1007,146,290.01,2116,75,52,0.10643327800412454,10254.82867992673
2L_JAPI,25.0,seed144,1,1007,151,300.01,2114,75,52,0.10633267944268397,10256.107269660186
2L_JAPI,25.0,seed144,1,1007,156,310.01,2114,75,52,0.10633267944268397,10257.326469854765
2L_JAPI,25.0,seed144,1,1007,161,320.01,2114,75,52,0.10633267944268397,10258.966731944707
2L_JAPI,25.0,seed144,1,1007,166,330.01,2116,75,52,0.10643327800412454,10259.802643255909
2L_JAPI,25.0,seed144,1,1007,171,340.01,2116,75,52,0.10643327800412454,10259.759201201463
2L_JAPI,25.0,seed144,1,1007,176,350.01,2114,75,52,0.10633267944268397,10260.162002079142
2L_JAPI,25.0,seed144,1,1007,181,360.01,2114,75,52,0.10633267944268397,10260.721295388543
2L_JAPI,25.0,seed144,1,1007,186,370.01,2115,75,52,0.10638297872340426,10261.226411211683
2L_JAPI,25.0,seed144,1,1007,191,380.01,2116,75,52,0.10643327800412454,10264.314717055682
2L_JAPI,25.0,seed144,1,1007,196,390.01,2119,75,52,0.10658417584628539,10268.690436075543
2L_JAPI,25.0,seed144,1,1007,201,400.01,2119,75,52,0.10658417584628539,10267.073082114995
2L_JAPI,25.0,seed144,1,1007,206,410.01,2117,75,52,0.10648357728484482,10264.369145340914
2L_JAPI,25.0,seed144,1,1007,211,420.01,2114,75,52,0.10633267944268397,10257.627238381563
2L_JAPI,25.0,seed144,1,1007,216,430.01,2114,75,52,0.10633267944268397,10255.43463192372
2L_JAPI,25.0,seed144,1,1007,221,440.01,2117,74,52,0.10648357728484482,10247.643256850322
2L_JAPI,25.0,seed144,1,1007,226,450.01,2121,74,52,0.10668477440772597,10277.985744054771
2L_JAPI,25.0,seed144,1,1007,231,460.01,2123,74,52,0.10678537296916654,10284.790720550403
2L_JAPI,25.0,seed144,1,1007,236,470.01,2123,74,52,0.10678537296916654,10284.804591773767
2L_JAPI,25.0,seed144,1,1007,241,480.01,2122,74,52,0.10673507368844626,10283.784832864087
2L_JAPI,25.0,seed144,1,1007,246,490.01,2122,74,52,0.10673507368844626,10281.85631886325
2L_JAPI,25.0,seed144,1,1007,251,500.01,2119,74,52,0.10658417584628539,10274.69099647131
2L_JAPI,25.0,seed144,1,1007,256,510.01,2117,74,52,0.10648357728484482,10272.420778414351
2L_JAPI,25.0,seed144,1,1007,261,520.01,2117,74,52,0.10648357728484482,10272.401240623778
2L_JAPI,25.0,seed144,1,1007,266,530.01,2117,74,52,0.10648357728484482,10272.527225719907
2L_JAPI,25.0,seed144,1,1007,271,540.01,2117,74,52,0.10648357728484482,10272.64727393847
2L_JAPI,25.0,seed144,1,1007,276,550.01,2117,74,52,0.10648357728484482,10272.758885151688
2L_JAPI,25.0,seed144,1,1007,281,560.01,2117,74,52,0.10648357728484482,10272.87804359564
2L_JAPI,25.0,seed144,1,1007,286,570.01,2117,74,52,0.10648357728484482,10273.023142510647
2L_JAPI,25.0,seed144,1,1007,291,580.01,2119,74,52,0.10658417584628539,10273.225411171792
2L_JAPI,25.0,seed144,1,1007,296,590.01,2119,74,52,0.10658417584628539,10273.562459030101
2L_JAPI,25.0,seed144,1,1007,301,600.01,2120,74,52,0.10663447512700569,10274.341175220168
2L_JAPI,25.0,seed144,2,2007,0,0.0,144,135,4,0.007243096423721141,1440.0
2L_JAPI,25.0,seed144,2,2007,1,0.01,144,135,4,0.007243096423721141,1466.268580600632
2L_JAPI,25.0,seed144,2,2007,6,10.01,2061,99,51,0.10366681756450882,9763.532100374112
2L_JAPI,25.0,seed144,2,2007,11,20.01,2060,89,56,0.10361651828378854,9981.284512098795
2L_JAPI,25.0,seed144,2,2007,16,30.01,2075,86,56,0.10437100749459283,10062.295622982307
2L_JAPI,25.0,seed144,2,2007,21,40.01,2097,83,57,0.10547759167043912,10140.578950492494
2L_JAPI,25.0,seed144,2,2007,26,50.01,2099,79,55,0.10557819023187968,10195.435601856665
2L_JAPI,25.0,seed144,2,2007,31,60.01,2100,78,55,0.10562848951259997,10227.66451722095
2L_JAPI,25.0,seed144,2,2007,36,70.01,2109,77,55,0.10608118303908254,10261.332080313108
2L_JAPI,25.0,seed144,2,2007,41,80.01,2114,77,55,0.10633267944268397,10292.98576072756
2L_JAPI,25.0,seed144,2,2007,46,90.01,2115,77,55,0.10638297872340426,10298.25974105408
2L_JAPI,25.0,seed144,2,2007,51,100.01,2117,77,55,0.10648357728484482,10303.5487779232
2L_JAPI,25.0,seed144,2,2007,56,110.01,2119,77,55,0.10658417584628539,10317.557854795576
2L_JAPI,25.0,seed144,2,2007,61,120.01,2120,77,55,0.10663447512700569,10318.771338745075
2L_JAPI,25.0,seed144,2,2007,66,130.01,2123,77,55,0.10678537296916654,10325.086044246258
2L_JAPI,25.0,seed144,2,2007,71,140.01,2125,77,55,0.10688597153060711,10330.205077660483
2L_JAPI,25.0,seed144,2,2007,76,150.01,2124,77,55,0.10683567224988683,10326.292556641845
2L_JAPI,25.0,seed144,2,2007,81,160.01,2118,77,55,0.10653387656556511,10315.146732366535
2L_JAPI,25.0,seed144,2,2007,86,170.01,2121,77,55,0.10668477440772597,10320.366382721293
2L_JAPI,25.0,seed144,2,2007,91,180.01,2122,77,55,0.10673507368844626,10326.401331227848
2L_JAPI,25.0,seed144,2,2007,96,190.01,2121,77,55,0.10668477440772597,10325.71548043238
2L_JAPI,25.0,seed144,2,2007,101,200.01,2121,77,55,0.10668477440772597,10324.76840412317
2L_JAPI,25.0,seed144,2,2007,106,210.01,2120,77,55,0.10663447512700569,10324.671850357248
2L_JAPI,25.0,seed144,2,2007,111,220.01,2120,77,55,0.10663447512700569,10324.652262731537
2L_JAPI,25.0,seed144,2,2007,116,230.01,2120,77,55,0.10663447512700569,10324.63745435471
2L_JAPI,25.0,seed144,2,2007,121,240.01,2120,77,55,0.10663447512700569,10324.62461747714
2L_JAPI,25.0,seed144,2,2007,126,250.01,2120,77,55,0.10663447512700569,10324.613186578461
2L_JAPI,25.0,seed144,2,2007,131,260.01,2120,77,55,0.10663447512700569,10324.602766600317
2L_JAPI,25.0,seed144,2,2007,136,270.01,2120,77,55,0.10663447512700569,10324.593074523063
2L_JAPI,25.0,seed144,2,2007,141,280.01,2120,77,55,0.10663447512700569,10324.583908196399
2L_JAPI,25.0,seed144,2,2007,146,290.01,2120,77,55,0.10663447512700569,10324.575117410699
2L_JAPI,25.0,seed144,2,2007,151,300.01,2120,77,55,0.10663447512700569,10324.566584172146
2L_JAPI,25.0,seed144,2,2007,156,310.01,2120,77,55,0.10663447512700569,10324.558210135696
2L_JAPI,25.0,seed144,2,2007,161,320.01,2120,77,55,0.10663447512700569,10324.549908435729
2L_JAPI,25.0,seed144,2,2007,166,330.01,2120,77,55,0.10663447512700569,10324.541598027688
2L_JAPI,25.0,seed144,2,2007,171,340.01,2120,77,55,0.10663447512700569,10324.533199374997
2L_JAPI,25.0,seed144,2,2007,176,350.01,2120,77,55,0.10663447512700569,10324.524630744478
2L_JAPI,25.0,seed144,2,2007,181,360.01,2120,77,55,0.10663447512700569,10324.515804596385
2L_JAPI,25.0,seed144,2,2007,186,370.01,2120,77,55,0.10663447512700569,10324.506623644822
2L_JAPI,25.0,seed144,2,2007,191,380.01,2120,77,55,0.10663447512700569,10324.496976156786
2L_JAPI,25.0,seed144,2,2007,196,390.01,2120,77,55,0.10663447512700569,10324.486729961893
2L_JAPI,25.0,seed144,2,2007,201,400.01,2120,77,55,0.10663447512700569,10324.475724440792
2L_JAPI,25.0,seed144,2,2007,206,410.01,2120,77,55,0.10663447512700569,10324.463759395841
2L_JAPI,25.0,seed144,2,2007,211,420.01,2120,77,55,0.10663447512700569,10324.450579075492
2L_JAPI,25.0,seed144,2,2007,216,430.01,2120,77,55,0.10663447512700569,10324.435848513796
2L_JAPI,25.0,seed144,2,2007,221,440.01,2120,77,55,0.10663447512700569,10324.419117338597
2L_JAPI,25.0,seed144,2,2007,226,450.01,2120,77,55,0.10663447512700569,10324.399762425308
2L_JAPI,25.0,seed144,2,2007,231,460.01,2120,77,55,0.10663447512700569,10324.376893323799
2L_JAPI,25.0,seed144,2,2007,236,470.01,2120,77,55,0.10663447512700569,10324.349188841386
2L_JAPI,25.0,seed144,2,2007,241,480.01,2120,77,55,0.10663447512700569,10324.314598478479
2L_JAPI,25.0,seed144,2,2007,246,490.01,2120,77,55,0.10663447512700569,10324.269758478827
2L_JAPI,25.0,seed144,2,2007,251,500.01,2120,77,55,0.10663447512700569,10324.208747834316
2L_JAPI,25.0,seed144,2,2007,256,510.01,2120,77,55,0.10663447512700569,10324.120129014102
2L_JAPI,25.0,seed144,2,2007,261,520.01,2120,77,55,0.10663447512700569,10323.978788308232
2L_JAPI,25.0,seed144,2,2007,266,530.01,2120,77,55,0.10663447512700569,10323.718323330091
2L_JAPI,25.0,seed144,2,2007,271,540.01,2120,77,55,0.10663447512700569,10323.107732953486
2L_JAPI,25.0,seed144,2,2007,276,550.01,2118,77,55,0.10653387656556511,10321.177313466786
2L_JAPI,25.0,seed144,2,2007,281,560.01,2118,77,55,0.10653387656556511,10315.327940058778
2L_JAPI,25.0,seed144,2,2007,286,570.01,2115,77,55,0.10638297872340426,10300.492504961596
2L_JAPI,25.0,seed144,2,2007,291,580.01,2109,76,55,0.10608118303908254,10295.708886148972
2L_JAPI,25.0,seed144,2,2007,296,590.01,2111,76,55,0.1061817816005231,10303.696967315434
2L_JAPI,25.0,seed144,2,2007,301,600.01,2115,76,55,0.10638297872340426,10306.225874850139
2L_JAPI,25.0,seed144,3,3007,0,0.0,144,141,2,0.007243096423721141,1440.0
2L_JAPI,25.0,seed144,3,3007,1,0.01,144,141,2,0.007243096423721141,1467.4042010405883
2L_JAPI,25.0,seed144,3,3007,6,10.01,2105,112,41,0.1058799859162014,9896.681068011017
2L_JAPI,25.0,seed144,3,3007,11,20.01,2040,97,43,0.10261053266938283,9853.68029503342
2L_JAPI,25.0,seed144,3,3007,16,30.01,2081,89,43,0.10467280317891454,10143.176789441852
2L_JAPI,25.0,seed144,3,3007,21,40.01,2103,89,43,0.10577938735476082,10236.54096102393
2L_JAPI,25.0,seed144,3,3007,26,50.01,2091,84,43,0.1051757959861174,10217.059738309581
2L_JAPI,25.0,seed144,3,3007,31,60.01,2107,83,43,0.10598058447764197,10309.399534098338
2L_JAPI,25.0,seed144,3,3007,36,70.01,2121,83,42,0.10668477440772597,10346.373623294312
2L_JAPI,25.0,seed144,3,3007,41,80.01,2126,83,42,0.1069362708113274,10381.240773888228
2L_JAPI,25.0,seed144,3,3007,46,90.01,2122,82,42,0.10673507368844626,10371.80505174568
2L_JAPI,25.0,seed144,3,3007,51,100.01,2135,82,42,0.10738896433780996,10417.442444962291
2L_JAPI,25.0,seed144,3,3007,56,110.01,2138,82,42,0.10753986217997083,10430.46967687938
2L_JAPI,25.0,seed144,3,3007,61,120.01,2138,82,42,0.10753986217997083,10436.056507433283
2L_JAPI,25.0,seed144,3,3007,66,130.01,2138,82,42,0.10753986217997083,10436.03657337709
2L_JAPI,25.0,seed144,3,3007,71,140.01,2142,82,42,0.10774105930285197,10443.442544148635
2L_JAPI,25.0,seed144,3,3007,76,150.01,2142,82,42,0.10774105930285197,10445.506770245482
2L_JAPI,25.0,seed144,3,3007,81,160.01,2140,82,42,0.1076404607414114,10443.654891661768
2L_JAPI,25.0,seed144,3,3007,86,170.01,2140,82,42,0.1076404607414114,10440.121147573784
2L_JAPI,25.0,seed144,3,3007,91,180.01,2137,82,42,0.10748956289925055,10430.351402877262
2L_JAPI,25.0,seed144,3,3007,96,190.01,2132,81,42,0.10723806649564911,10419.65062732996
2L_JAPI,25.0,seed144,3,3007,101,200.01,2134,81,42,0.10733866505708968,10423.82588322074
2L_JAPI,25.0,seed144,3,3007,106,210.01,2134,81,42,0.10733866505708968,10424.493847865882
2L_JAPI,25.0,seed144,3,3007,111,220.01,2136,81,42,0.10743926361853026,10424.279655817048
2L_JAPI,25.0,seed144,3,3007,116,230.01,2133,81,42,0.1072883657763694,10420.694519371373
2L_JAPI,25.0,seed144,3,3007,121,240.01,2133,81,42,0.1072883657763694,10422.551076106636
2L_JAPI,25.0,seed144,3,3007,126,250.01,2131,81,42,0.10718776721492883,10422.271238026377
2L_JAPI,25.0,seed144,3,3007,131,260.01,2131,81,42,0.10718776721492883,10421.934383583784
2L_JAPI,25.0,seed144,3,3007,136,270.01,2131,81,42,0.10718776721492883,10420.872764937565
2L_JAPI,25.0,seed144,3,3007,141,280.01,2131,81,42,0.10718776721492883,10421.109210496896
2L_JAPI,25.0,seed144,3,3007,146,290.01,2131,81,42,0.10718776721492883,10422.52392304442
2L_JAPI,25.0,seed144,3,3007,151,300.01,2131,81,42,0.10718776721492883,10422.905005905059
2L_JAPI,25.0,seed144,3,3007,156,310.01,2131,81,42,0.10718776721492883,10421.979950892026
2L_JAPI,25.0,seed144,3,3007,161,320.01,2129,81,42,0.10708716865348826,10420.628005318453
2L_JAPI,25.0,seed144,3,3007,166,330.01,2129,81,42,0.10708716865348826,10420.677279016187
2L_JAPI,25.0,seed144,3,3007,171,340.01,2131,81,42,0.10718776721492883,10421.198672372719
2L_JAPI,25.0,seed144,3,3007,176,350.01,2131,81,42,0.10718776721492883,10422.399459666241
2L_JAPI,25.0,seed144,3,3007,181,360.01,2131,81,42,0.10718776721492883,10423.713508532843
2L_JAPI,25.0,seed144,3,3007,186,370.01,2131,81,42,0.10718776721492883,10424.455604522009
2L_JAPI,25.0,seed144,3,3007,191,380.01,2132,81,42,0.10723806649564911,10425.680920234725
2L_JAPI,25.0,seed144,3,3007,196,390.01,2134,81,42,0.10733866505708968,10433.175957265239
2L_JAPI,25.0,seed144,3,3007,201,400.01,2134,81,42,0.10733866505708968,10433.009378825289
2L_JAPI,25.0,seed144,3,3007,206,410.01,2134,81,42,0.10733866505708968,10432.97131021912
2L_JAPI,25.0,seed144,3,3007,211,420.01,2134,81,42,0.10733866505708968,10432.98878512867
2L_JAPI,25.0,seed144,3,3007,216,430.01,2134,81,42,0.10733866505708968,10433.01572956845
2L_JAPI,25.0,seed144,3,3007,221,440.01,2134,81,42,0.10733866505708968,10433.050095493465
2L_JAPI,25.0,seed144,3,3007,226,450.01,2134,81,42,0.10733866505708968,10433.09358582676
2L_JAPI,25.0,seed144,3,3007,231,460.01,2134,81,42,0.10733866505708968,10433.15031803466
2L_JAPI,25.0,seed144,3,3007,236,470.01,2134,81,42,0.10733866505708968,10433.228317327488
2L_JAPI,25.0,seed144,3,3007,241,480.01,2136,81,42,0.10743926361853026,10433.343928825445
2L_JAPI,25.0,seed144,3,3007,246,490.01,2136,81,42,0.10743926361853026,10433.534216339618
2L_JAPI,25.0,seed144,3,3007,251,500.01,2136,81,42,0.10743926361853026,10433.895258374017
2L_JAPI,25.0,seed144,3,3007,256,510.01,2136,81,42,0.10743926361853026,10434.677872658522
2L_JAPI,25.0,seed144,3,3007,261,520.01,2136,81,42,0.10743926361853026,10435.985434085474
2L_JAPI,25.0,seed144,3,3007,266,530.01,2136,81,42,0.10743926361853026,10436.784214035632
2L_JAPI,25.0,seed144,3,3007,271,540.01,2136,81,42,0.10743926361853026,10436.97206281873
2L_JAPI,25.0,seed144,3,3007,276,550.01,2136,81,42,0.10743926361853026,10436.97591323783
2L_JAPI,25.0,seed144,3,3007,281,560.01,2136,81,42,0.10743926361853026,10436.952401958031
2L_JAPI,25.0,seed144,3,3007,286,570.01,2136,81,42,0.10743926361853026,10436.933614828515
2L_JAPI,25.0,seed144,3,3007,291,580.01,2136,81,42,0.10743926361853026,10436.92200585334
2L_JAPI,25.0,seed144,3,3007,296,590.01,2136,81,42,0.10743926361853026,10436.9153515125
2L_JAPI,25.0,seed144,3,3007,301,600.01,2136,81,42,0.10743926361853026,10436.911635049612
2L_JAPI,25.0,random,1,,0,0.0,5005,1914,21,0.25174790000502995,19936.811467800162
2L_JAPI,25.0,random,1,,1,0.01,5104,1855,31,0.2567275287963382,20227.407336788267
2L_JAPI,25.0,random,1,,6,10.01,2120,133,60,0.10663447512700569,9995.339916173383
2L_JAPI,25.0,random,1,,11,20.01,2157,120,64,0.10849554851365625,10370.040140443798
2L_JAPI,25.0,random,1,,16,30.01,2174,115,66,0.10935063628590111,10507.779452433564
2L_JAPI,25.0,random,1,,21,40.01,2181,110,60,0.10970273125094311,10570.859041490137
2L_JAPI,25.0,random,1,,26,50.01,2165,109,57,0.10889794275941854,10569.159358169189
2L_JAPI,25.0,random,1,,31,60.01,2152,102,58,0.10824405211005482,10567.811021677706
2L_JAPI,25.0,random,1,,36,70.01,2174,102,58,0.10935063628590111,10662.030150709503
2L_JAPI,25.0,random,1,,41,80.01,2185,102,59,0.10990392837382426,10683.406258886607
2L_JAPI,25.0,random,1,,46,90.01,2186,101,59,0.10995422765454455,10683.154053121347
2L_JAPI,25.0,random,1,,51,100.01,2183,99,60,0.10980332981238368,10673.48926772665
2L_JAPI,25.0,random,1,,56,110.01,2185,99,56,0.10990392837382426,10690.453451117972
2L_JAPI,25.0,random,1,,61,120.01,2189,99,56,0.1101051254967054,10716.34087679055
2L_JAPI,25.0,random,1,,66,130.01,2181,98,56,0.10970273125094311,10691.131721853235
2L_JAPI,25.0,random,1,,71,140.01,2179,97,56,0.10960213268950254,10694.193818125295
2L_JAPI,25.0,random,1,,76,150.01,2184,97,56,0.10985362909310396,10701.681625389258
2L_JAPI,25.0,random,1,,81,160.01,2186,97,56,0.10995422765454455,10708.229818154385
2L_JAPI,25.0,random,1,,86,170.01,2183,97,56,0.10980332981238368,10709.75986835382
2L_JAPI,25.0,random,1,,91,180.01,2187,97,56,0.11000452693526483,10715.015754841948
2L_JAPI,25.0,random,1,,96,190.01,2194,97,56,0.11035662190030683,10736.624439538957
2L_JAPI,25.0,random,1,,101,200.01,2194,97,56,0.11035662190030683,10737.024879596442
2L_JAPI,25.0,random,1,,106,210.01,2191,97,56,0.11020572405814597,10736.777870014457
2L_JAPI,25.0,random,1,,111,220.01,2191,97,56,0.11020572405814597,10737.752170399366
2L_JAPI,25.0,random,1,,116,230.01,2191,97,56,0.11020572405814597,10737.65408365455
2L_JAPI,25.0,random,1,,121,240.01,2191,97,56,0.11020572405814597,10736.328267925768
2L_JAPI,25.0,random,1,,126,250.01,2190,97,56,0.11015542477742568,10734.54206867655
2L_JAPI,25.0,random,1,,131,260.01,2189,97,54,0.1101051254967054,10729.01201179779
2L_JAPI,25.0,random,1,,136,270.01,2188,97,52,0.11005482621598511,10726.32585460581
2L_JAPI,25.0,random,1,,141,280.01,2190,97,52,0.11015542477742568,10727.047511417371
2L_JAPI,25.0,random,1,,146,290.01,2191,97,52,0.11020572405814597,10727.767548642023
2L_JAPI,25.0,random,1,,151,300.01,2191,97,52,0.11020572405814597,10729.101971719747
2L_JAPI,25.0,random,1,,156,310.01,2189,97,52,0.1101051254967054,10731.125497820376
2L_JAPI,25.0,random,1,,161,320.01,2190,97,52,0.11015542477742568,10734.504146288542
2L_JAPI,25.0,random,1,,166,330.01,2192,97,52,0.11025602333886625,10742.686694323917
2L_JAPI,25.0,random,1,,171,340.01,2192,97,52,0.11025602333886625,10742.81578151589
2L_JAPI,25.0,random,1,,176,350.01,2192,97,52,0.11025602333886625,10742.860442206902
2L_JAPI,25.0,random,1,,181,360.01,2192,97,52,0.11025602333886625,10742.791160037288
2L_JAPI,25.0,random,1,,186,370.01,2192,97,52,0.11025602333886625,10742.703389633529
2L_JAPI,25.0,random,1,,191,380.01,2192,97,52,0.11025602333886625,10742.623499468438
2L_JAPI,25.0,random,1,,196,390.01,2192,97,52,0.11025602333886625,10742.554726519651
2L_JAPI,25.0,random,1,,201,400.01,2192,97,52,0.11025602333886625,10742.494948333824
2L_JAPI,25.0,random,1,,206,410.01,2192,97,52,0.11025602333886625,10742.44129277952
2L_JAPI,25.0,random,1,,211,420.01,2192,97,52,0.11025602333886625,10742.391102571954
2L_JAPI,25.0,random,1,,216,430.01,2192,97,52,0.11025602333886625,10742.341944252748
2L_JAPI,25.0,random,1,,221,440.01,2192,97,52,0.11025602333886625,10742.291353799494
2L_JAPI,25.0,random,1,,226,450.01,2192,97,52,0.11025602333886625,10742.23643665172
2L_JAPI,25.0,random,1,,231,460.01,2192,97,52,0.11025602333886625,10742.173219385173
2L_JAPI,25.0,random,1,,236,470.01,2192,97,52,0.11025602333886625,10742.095419149704
2L_JAPI,25.0,random,1,,241,480.01,2192,97,52,0.11025602333886625,10741.991738650142
2L_JAPI,25.0,random,1,,246,490.01,2192,97,52,0.11025602333886625,10741.839064510466
2L_JAPI,25.0,random,1,,251,500.01,2192,97,52,0.11025602333886625,10741.583134815653
2L_JAPI,25.0,random,1,,256,510.01,2192,97,52,0.11025602333886625,10741.08501332931
2L_JAPI,25.0,random,1,,261,520.01,2190,97,52,0.11015542477742568,10740.168208725332
2L_JAPI,25.0,random,1,,266,530.01,2190,97,52,0.11015542477742568,10739.61951616028
2L_JAPI,25.0,random,1,,271,540.01,2192,97,52,0.11025602333886625,10739.912317194603
2L_JAPI,25.0,random,1,,276,550.01,2192,97,52,0.11025602333886625,10740.837608994301
2L_JAPI,25.0,random,1,,281,560.01,2192,97,52,0.11025602333886625,10742.43117492124
2L_JAPI,25.0,random,1,,286,570.01,2192,97,52,0.11025602333886625,10743.212951614292
2L_JAPI,25.0,random,1,,291,580.01,2192,97,52,0.11025602333886625,10743.325580970222
2L_JAPI,25.0,random,1,,296,590.01,2192,97,52,0.11025602333886625,10743.285314732915
2L_JAPI,25.0,random,1,,301,600.01,2192,97,52,0.11025602333886625,10743.231988408388
2L_JAPI,25.0,random,2,,0,0.0,4969,1897,30,0.24993712589909964,19840.181224828495
2L_JAPI,25.0,random,2,,1,0.01,5074,1825,43,0.2552185503747296,20123.890335733555
2L_JAPI,25.0,random,2,,6,10.01,2128,132,56,0.10703686937276798,9993.189341759706
2L_JAPI,25.0,random,2,,11,20.01,2141,118,58,0.10769076002213168,10299.92879914309
2L_JAPI,25.0,random,2,,16,30.01,2153,111,54,0.10829435139077512,10433.854519384677
2L_JAPI,25.0,random,2,,21,40.01,2138,109,52,0.10753986217997083,10415.053844309678
2L_JAPI,25.0,random,2,,26,50.01,2136,106,52,0.10743926361853026,10453.302123283233
2L_JAPI,25.0,random,2,,31,60.01,2139,104,52,0.10759016146069111,10461.203309863471
2L_JAPI,25.0,random,2,,36,70.01,2146,102,52,0.10794225642573312,10485.597841801215
2L_JAPI,25.0,random,2,,41,80.01,2136,98,52,0.10743926361853026,10488.986010432702
2L_JAPI,25.0,random,2,,46,90.01,2148,97,52,0.10804285498717368,10530.93059251023
2L_JAPI,25.0,random,2,,51,100.01,2148,97,52,0.10804285498717368,10543.335874093049
2L_JAPI,25.0,random,2,,56,110.01,2157,97,52,0.10849554851365625,10562.867387693248
2L_JAPI,25.0,random,2,,61,120.01,2162,97,52,0.10874704491725769,10595.048599219455
2L_JAPI,25.0,random,2,,66,130.01,2160,97,52,0.1086464463558171,10589.311633218222
2L_JAPI,25.0,random,2,,71,140.01,2161,97,52,0.1086967456365374,10591.02451205441
2L_JAPI,25.0,random,2,,76,150.01,2153,95,52,0.10829435139077512,10564.602609759513
2L_JAPI,25.0,random,2,,81,160.01,2157,95,52,0.10849554851365625,10577.743298005927
2L_JAPI,25.0,random,2,,86,170.01,2161,95,52,0.1086967456365374,10587.132334183081
2L_JAPI,25.0,random,2,,91,180.01,2161,95,52,0.1086967456365374,10590.50603449638
2L_JAPI,25.0,random,2,,96,190.01,2161,95,52,0.1086967456365374,10597.582910185512
2L_JAPI,25.0,random,2,,101,200.01,2163,95,52,0.10879734419797797,10604.96164383417
2L_JAPI,25.0,random,2,,106,210.01,2163,95,52,0.10879734419797797,10604.633818370976
2L_JAPI,25.0,random,2,,111,220.01,2162,95,52,0.10874704491725769,10603.759580848819
2L_JAPI,25.0,random,2,,116,230.01,2161,95,52,0.1086967456365374,10598.661698818029
2L_JAPI,25.0,random,2,,121,240.01,2161,95,52,0.1086967456365374,10599.79475189725
2L_JAPI,25.0,random,2,,126,250.01,2163,95,52,0.10879734419797797,10600.554179699213
2L_JAPI,25.0,random,2,,131,260.01,2162,95,52,0.10874704491725769,10600.7070080392
2L_JAPI,25.0,random,2,,136,270.01,2162,95,52,0.10874704491725769,10601.168519304107
2L_JAPI,25.0,random,2,,141,280.01,2160,95,52,0.1086464463558171,10600.198071917861
2L_JAPI,25.0,random,2,,146,290.01,2160,95,52,0.1086464463558171,10600.139854032719
2L_JAPI,25.0,random,2,,151,300.01,2161,95,52,0.1086967456365374,10600.498358569312
2L_JAPI,25.0,random,2,,156,310.01,2162,95,52,0.10874704491725769,10601.094848558474
2L_JAPI,25.0,random,2,,161,320.01,2162,95,52,0.10874704491725769,10602.346532586711
2L_JAPI,25.0,random,2,,166,330.01,2162,95,52,0.10874704491725769,10603.314485623468
2L_JAPI,25.0,random,2,,171,340.01,2162,95,52,0.10874704491725769,10603.38642159055
2L_JAPI,25.0,random,2,,176,350.01,2162,95,52,0.10874704491725769,10603.188408847349
2L_JAPI,25.0,random,2,,181,360.01,2160,95,52,0.1086464463558171,10603.216087960562
2L_JAPI,25.0,random,2,,186,370.01,2164,95,52,0.10884764347869826,10610.27560759735
2L_JAPI,25.0,random,2,,191,380.01,2167,95,52,0.10899854132085911,10618.657238418882
2L_JAPI,25.0,random,2,,196,390.01,2167,95,52,0.10899854132085911,10624.969715178227
2L_JAPI,25.0,random,2,,201,400.01,2167,95,52,0.10899854132085911,10624.783059346784
2L_JAPI,25.0,random,2,,206,410.01,2166,95,52,0.10894824204013882,10620.448982638198
2L_JAPI,25.0,random,2,,211,420.01,2164,95,52,0.10884764347869826,10614.218161682005
2L_JAPI,25.0,random,2,,216,430.01,2168,95,52,0.10904884060157939,10617.826006596777
2L_JAPI,25.0,random,2,,221,440.01,2166,95,52,0.10894824204013882,10621.005021186524
2L_JAPI,25.0,random,2,,226,450.01,2166,95,52,0.10894824204013882,10621.539545820415
2L_JAPI,25.0,random,2,,231,460.01,2168,95,52,0.10904884060157939,10623.334412587545
2L_JAPI,25.0,random,2,,236,470.01,2169,95,52,0.10909913988229969,10624.892902178577
2L_JAPI,25.0,random,2,,241,480.01,2169,95,52,0.10909913988229969,10630.245114064868
2L_JAPI,25.0,random,2,,246,490.01,2165,95,52,0.10889794275941854,10618.047948041332
2L_JAPI,25.0,random,2,,251,500.01,2163,94,52,0.10879734419797797,10612.257104427294
2L_JAPI,25.0,random,2,,256,510.01,2164,94,52,0.10884764347869826,10613.468123193861
2L_JAPI,25.0,random,2,,261,520.01,2166,94,52,0.10894824204013882,10619.751105459185
2L_JAPI,25.0,random,2,,266,530.01,2165,94,52,0.10889794275941854,10620.102621367294
2L_JAPI,25.0,random,2,,271,540.01,2165,94,52,0.10889794275941854,10619.797422611824
2L_JAPI,25.0,random,2,,276,550.01,2165,94,52,0.10889794275941854,10619.438703892381
2L_JAPI,25.0,random,2,,281,560.01,2165,94,52,0.10889794275941854,10618.828142768667
2L_JAPI,25.0,random,2,,286,570.01,2167,94,52,0.10899854132085911,10617.66165459286
2L_JAPI,25.0,random,2,,291,580.01,2165,94,52,0.10889794275941854,10617.636150264345
2L_JAPI,25.0,random,2,,296,590.01,2165,94,52,0.10889794275941854,10620.244789314871
2L_JAPI,25.0,random,2,,301,600.01,2165,94,52,0.10889794275941854,10621.720261897975
2L_JAPI,25.0,random,3,,0,0.0,4960,1868,30,0.24948443237261708,19810.8209612995
2L_JAPI,25.0,random,3,,1,0.01,5061,1803,32,0.2545646597253659,20092.36742691069
2L_JAPI,25.0,random,3,,6,10.01,2110,139,37,0.10613148231980282,9908.027972461641
2L_JAPI,25.0,random,3,,11,20.01,2131,125,37,0.10718776721492883,10321.175754211188
2L_JAPI,25.0,random,3,,16,30.01,2124,122,36,0.10683567224988683,10402.190459544978
2L_JAPI,25.0,random,3,,21,40.01,2128,118,36,0.10703686937276798,10435.32014218751
2L_JAPI,25.0,random,3,,26,50.01,2100,109,39,0.10562848951259997,10389.032435468078
2L_JAPI,25.0,random,3,,31,60.01,2129,106,40,0.10708716865348826,10491.194232166672
2L_JAPI,25.0,random,3,,36,70.01,2128,104,40,0.10703686937276798,10509.155264294519
2L_JAPI,25.0,random,3,,41,80.01,2129,104,40,0.10708716865348826,10540.1547053149
2L_JAPI,25.0,random,3,,46,90.01,2122,103,40,0.10673507368844626,10497.114115333821
2L_JAPI,25.0,random,3,,51,100.01,2122,101,40,0.10673507368844626,10500.634763454456
2L_JAPI,25.0,random,3,,56,110.01,2121,99,40,0.10668477440772597,10525.510733235194
2L_JAPI,25.0,random,3,,61,120.01,2135,99,40,0.10738896433780996,10554.56064675574
2L_JAPI,25.0,random,3,,66,130.01,2140,99,40,0.1076404607414114,10581.897500390107
2L_JAPI,25.0,random,3,,71,140.01,2146,99,40,0.10794225642573312,10593.984729289288
2L_JAPI,25.0,random,3,,76,150.01,2148,99,40,0.10804285498717368,10599.768500066139
2L_JAPI,25.0,random,3,,81,160.01,2151,99,40,0.10819375282933454,10606.596432009974
2L_JAPI,25.0,random,3,,86,170.01,2143,98,40,0.10779135858357225,10590.78888665197
2L_JAPI,25.0,random,3,,91,180.01,2145,98,40,0.10789195714501283,10595.213044343414
2L_JAPI,25.0,random,3,,96,190.01,2146,98,40,0.10794225642573312,10597.40291280749
2L_JAPI,25.0,random,3,,101,200.01,2146,98,40,0.10794225642573312,10603.193299614444
2L_JAPI,25.0,random,3,,106,210.01,2147,98,40,0.1079925557064534,10603.680669489802
2L_JAPI,25.0,random,3,,111,220.01,2149,98,40,0.10809315426789397,10606.695487803507
2L_JAPI,25.0,random,3,,116,230.01,2149,98,40,0.10809315426789397,10610.90753424072
2L_JAPI,25.0,random,3,,121,240.01,2149,98,40,0.10809315426789397,10610.744715389468
2L_JAPI,25.0,random,3,,126,250.01,2149,98,40,0.10809315426789397,10610.573945372007
2L_JAPI,25.0,random,3,,131,260.01,2151,98,40,0.10819375282933454,10610.252779944749
2L_JAPI,25.0,random,3,,136,270.01,2149,98,40,0.10809315426789397,10609.851725007982
2L_JAPI,25.0,random,3,,141,280.01,2149,98,40,0.10809315426789397,10611.010962708337
2L_JAPI,25.0,random,3,,146,290.01,2149,98,40,0.10809315426789397,10611.701916757433
2L_JAPI,25.0,random,3,,151,300.01,2149,98,40,0.10809315426789397,10611.702417050758
2L_JAPI,25.0,random,3,,156,310.01,2149,98,40,0.10809315426789397,10611.663136372474
2L_JAPI,25.0,random,3,,161,320.01,2149,98,40,0.10809315426789397,10611.645327543483
2L_JAPI,25.0,random,3,,166,330.01,2149,98,40,0.10809315426789397,10611.638790658777
2L_JAPI,25.0,random,3,,171,340.01,2149,98,40,0.10809315426789397,10611.636573406078
2L_JAPI,25.0,random,3,,176,350.01,2149,98,40,0.10809315426789397,10611.635853760923
2L_JAPI,25.0,random,3,,181,360.01,2149,98,40,0.10809315426789397,10611.63562977309
2L_JAPI,25.0,random,3,,186,370.01,2149,98,40,0.10809315426789397,10611.635565433346
2L_JAPI,25.0,random,3,,191,380.01,2149,98,40,0.10809315426789397,10611.635551042522
2L_JAPI,25.0,random,3,,196,390.01,2149,98,40,0.10809315426789397,10611.63555130682
2L_JAPI,25.0,random,3,,201,400.01,2149,98,40,0.10809315426789397,10611.635555077213
2L_JAPI,25.0,random,3,,206,410.01,2149,98,40,0.10809315426789397,10611.635559003114
2L_JAPI,25.0,random,3,,211,420.01,2149,98,40,0.10809315426789397,10611.635562229694
2L_JAPI,25.0,random,3,,216,430.01,2149,98,40,0.10809315426789397,10611.635564671786
2L_JAPI,25.0,random,3,,221,440.01,2149,98,40,0.10809315426789397,10611.63556645283
2L_JAPI,25.0,random,3,,226,450.01,2149,98,40,0.10809315426789397,10611.635567727142
2L_JAPI,25.0,random,3,,231,460.01,2149,98,40,0.10809315426789397,10611.635568629004
2L_JAPI,25.0,random,3,,236,470.01,2149,98,40,0.10809315426789397,10611.63556926294
2L_JAPI,25.0,random,3,,241,480.01,2149,98,40,0.10809315426789397,10611.6355697065
2L_JAPI,25.0,random,3,,246,490.01,2149,98,40,0.10809315426789397,10611.635570015806
2L_JAPI,25.0,random,3,,251,500.01,2149,98,40,0.10809315426789397,10611.635570230927
2L_JAPI,25.0,random,3,,256,510.01,2149,98,40,0.10809315426789397,10611.63557038022
2L_JAPI,25.0,random,3,,261,520.01,2149,98,40,0.10809315426789397,10611.635570483642
2L_JAPI,25.0,random,3,,266,530.01,2149,98,40,0.10809315426789397,10611.63557055517
2L_JAPI,25.0,random,3,,271,540.01,2149,98,40,0.10809315426789397,10611.635570604572
2L_JAPI,25.0,random,3,,276,550.01,2149,98,40,0.10809315426789397,10611.635570638642
2L_JAPI,25.0,random,3,,281,560.01,2149,98,40,0.10809315426789397,10611.635570662114
2L_JAPI,25.0,random,3,,286,570.01,2149,98,40,0.10809315426789397,10611.635570678265
2L_JAPI,25.0,random,3,,291,580.01,2149,98,40,0.10809315426789397,10611.635570689366
2L_JAPI,25.0,random,3,,296,590.01,2149,98,40,0.10809315426789397,10611.635570696995
2L_JAPI,25.0,random,3,,301,600.01,2149,98,40,0.10809315426789397,10611.635570702227
2L_JAPI,25.0,nucl,1,,0,0.0,0,0,0,0.0,0.0
2L_JAPI,25.0,nucl,1,,1,0.01,3,3,1,0.0001508978421608571,12.0
2L_JAPI,25.0,nucl,1,,6,10.01,852,206,43,0.04285498717368342,3738.3690326160204
2L_JAPI,25.0,nucl,1,,11,20.01,1523,189,69,0.07660580453699511,7112.922845948415
2L_JAPI,25.0,nucl,1,,16,30.01,1776,167,83,0.0893315225592274,8391.576460162101
2L_JAPI,25.0,nucl,1,,21,40.01,1888,197,85,0.0949650419998994,8880.832554470038
2L_JAPI,25.0,nucl,1,,26,50.01,1918,192,87,0.09647402042150797,9065.782246976527
2L_JAPI,25.0,nucl,1,,31,60.01,1979,207,89,0.0995422765454454,9258.49488150181
2L_JAPI,25.0,nucl,1,,36,70.01,2036,218,91,0.10240933554650168,9547.937326798861
2L_JAPI,25.0,nucl,1,,41,80.01,2018,183,90,0.10150394849353654,9517.536375488678
2L_JAPI,25.0,nucl,1,,46,90.01,2052,186,92,0.10321412403802625,9644.775983721815
2L_JAPI,25.0,nucl,1,,51,100.01,2062,193,89,0.10371711684522911,9671.325844095169
2L_JAPI,25.0,nucl,1,,56,110.01,2083,218,89,0.10477340174035511,9743.054577383731
2L_JAPI,25.0,nucl,1,,61,120.01,2093,197,91,0.10527639454755797,9814.438276587065
2L_JAPI,25.0,nucl,1,,66,130.01,2095,206,91,0.10537699310899853,9780.927046190944
2L_JAPI,25.0,nucl,1,,71,140.01,2113,215,90,0.10628238016196369,9856.59413264698
2L_JAPI,25.0,nucl,1,,76,150.01,2089,175,93,0.10507519742467683,9789.821036728928
2L_JAPI,25.0,nucl,1,,81,160.01,2127,198,91,0.10698657009204768,9894.494903057339
2L_JAPI,25.0,nucl,1,,86,170.01,2115,195,92,0.10638297872340426,9942.464844562592
2L_JAPI,25.0,nucl,1,,91,180.01,2132,197,90,0.10723806649564911,9962.350972558052
2L_JAPI,25.0,nucl,1,,96,190.01,2138,202,90,0.10753986217997083,10016.594173234673
2L_JAPI,25.0,nucl,1,,101,200.01,2144,200,88,0.10784165786429253,9975.959327328028
2L_JAPI,25.0,nucl,1,,106,210.01,2142,204,89,0.10774105930285197,9981.848147497725
2L_JAPI,25.0,nucl,1,,111,220.01,2127,187,91,0.10698657009204768,9889.722692795942
2L_JAPI,25.0,nucl,1,,116,230.01,2132,191,90,0.10723806649564911,9960.018991013945
2L_JAPI,25.0,nucl,1,,121,240.01,2135,199,90,0.10738896433780996,9990.152551546984
2L_JAPI,25.0,nucl,1,,126,250.01,2127,184,94,0.10698657009204768,9946.516605487916
2L_JAPI,25.0,nucl,1,,131,260.01,2150,194,88,0.10814345354861425,9989.699503552027
2L_JAPI,25.0,nucl,1,,136,270.01,2126,183,89,0.1069362708113274,9974.094636812642
2L_JAPI,25.0,nucl,1,,141,280.01,2174,214,90,0.10935063628590111,10088.998107129177
2L_JAPI,25.0,nucl,1,,146,290.01,2141,169,92,0.10769076002213168,10006.462338481238
2L_JAPI,25.0,nucl,1,,151,300.01,2182,196,90,0.1097530305316634,10156.330187623287
2L_JAPI,25.0,nucl,1,,156,310.01,2180,206,89,0.10965243197022283,10153.460907248993
2L_JAPI,25.0,nucl,1,,161,320.01,2161,188,90,0.1086967456365374,10077.214792518627
2L_JAPI,25.0,nucl,1,,166,330.01,2162,187,90,0.10874704491725769,10083.486831041348
2L_JAPI,25.0,nucl,1,,171,340.01,2166,196,90,0.10894824204013882,10062.69997739708
2L_JAPI,25.0,nucl,1,,176,350.01,2153,193,89,0.10829435139077512,10112.792647089977
2L_JAPI,25.0,nucl,1,,181,360.01,2166,203,92,0.10894824204013882,10071.988151468635
2L_JAPI,25.0,nucl,1,,186,370.01,2148,180,93,0.10804285498717368,10067.585379089916
2L_JAPI,25.0,nucl,1,,191,380.01,2173,195,93,0.10930033700518083,10089.29251211875
2L_JAPI,25.0,nucl,1,,196,390.01,2155,192,92,0.10839494995221569,10070.324989327462
2L_JAPI,25.0,nucl,1,,201,400.01,2172,184,91,0.10925003772446054,10116.289986349297
2L_JAPI,25.0,nucl,1,,206,410.01,2171,204,90,0.10919973844374026,10144.864537174417
2L_JAPI,25.0,nucl,1,,211,420.01,2167,198,88,0.10899854132085911,10107.188689021401
2L_JAPI,25.0,nucl,1,,216,430.01,2179,209,89,0.10960213268950254,10197.78900377823
2L_JAPI,25.0,nucl,1,,221,440.01,2162,188,90,0.10874704491725769,10125.346080529727
2L_JAPI,25.0,nucl,1,,226,450.01,2158,176,91,0.10854584779437654,10104.393662149329
2L_JAPI,25.0,nucl,1,,231,460.01,2172,185,90,0.10925003772446054,10163.299656995689
2L_JAPI,25.0,nucl,1,,236,470.01,2213,209,88,0.11131230823399225,10299.803755835597
2L_JAPI,25.0,nucl,1,,241,480.01,2218,214,89,0.11156380463759369,10306.046478689585
2L_JAPI,25.0,nucl,1,,246,490.01,2196,180,89,0.1104572204617474,10283.50861873112
2L_JAPI,25.0,nucl,1,,251,500.01,2195,186,89,0.11040692118102712,10309.746471892575
2L_JAPI,25.0,nucl,1,,256,510.01,2231,217,88,0.1122176952869574,10358.776105626956
2L_JAPI,25.0,nucl,1,,261,520.01,2183,177,88,0.10980332981238368,10213.300108493986
2L_JAPI,25.0,nucl,1,,266,530.01,2220,215,89,0.11166440319903426,10348.799998981236
2L_JAPI,25.0,nucl,1,,271,540.01,2208,194,91,0.11106081183039082,10270.783665145056
2L_JAPI,25.0,nucl,1,,276,550.01,2210,181,90,0.1111614103918314,10331.093608733656
2L_JAPI,25.0,nucl,1,,281,560.01,2220,205,88,0.11166440319903426,10316.856077766139
2L_JAPI,25.0,nucl,1,,286,570.01,2231,202,89,0.1122176952869574,10375.42931320023
2L_JAPI,25.0,nucl,1,,291,580.01,2231,193,91,0.1122176952869574,10394.965412818085
2L_JAPI,25.0,nucl,1,,296,590.01,2217,186,89,0.11151350535687339,10363.003067503432
2L_JAPI,25.0,nucl,1,,301,600.01,2231,197,88,0.1122176952869574,10372.382897284338
2L_JAPI,25.0,nucl,2,,0,0.0,0,0,0,0.0,0.0
2L_JAPI,25.0,nucl,2,,1,0.01,1,1,1,5.02992807202857e-05,4.0
2L_JAPI,25.0,nucl,2,,6,10.01,624,187,53,0.03138675116945828,2679.785209680924
2L_JAPI,25.0,nucl,2,,11,20.01,1511,199,75,0.07600221316835169,6925.270295527848
2L_JAPI,25.0,nucl,2,,16,30.01,1911,206,85,0.09612192545646597,8934.813307715212
2L_JAPI,25.0,nucl,2,,21,40.01,2016,191,85,0.10140334993209597,9461.985010979464
2L_JAPI,25.0,nucl,2,,26,50.01,2039,180,86,0.10256023338866255,9626.250108233036
2L_JAPI,25.0,nucl,2,,31,60.01,2073,197,86,0.10427040893315226,9724.711286409143
2L_JAPI,25.0,nucl,2,,36,70.01,2080,195,84,0.10462250389819426,9768.511624437826
2L_JAPI,25.0,nucl,2,,41,80.01,2105,197,84,0.1058799859162014,9815.183546437329
2L_JAPI,25.0,nucl,2,,46,90.01,2115,201,81,0.10638297872340426,9867.546717825197
2L_JAPI,25.0,nucl,2,,51,100.01,2118,200,80,0.10653387656556511,9914.280231090806
2L_JAPI,25.0,nucl,2,,56,110.01,2107,186,82,0.10598058447764197,9902.754278584182
2L_JAPI,25.0,nucl,2,,61,120.01,2134,201,80,0.10733866505708968,9967.11714631128
2L_JAPI,25.0,nucl,2,,66,130.01,2137,207,81,0.10748956289925055,10009.942597445819
2L_JAPI,25.0,nucl,2,,71,140.01,2145,201,82,0.10789195714501283,10030.489953218095
2L_JAPI,25.0,nucl,2,,76,150.01,2121,195,81,0.10668477440772597,9960.005955260196
2L_JAPI,25.0,nucl,2,,81,160.01,2132,187,79,0.10723806649564911,9949.542284666086
2L_JAPI,25.0,nucl,2,,86,170.01,2168,216,81,0.10904884060157939,10070.362820543614
2L_JAPI,25.0,nucl,2,,91,180.01,2162,201,85,0.10874704491725769,10071.302415978658
2L_JAPI,25.0,nucl,2,,96,190.01,2140,195,82,0.1076404607414114,10003.307624590858
2L_JAPI,25.0,nucl,2,,101,200.01,2138,188,84,0.10753986217997083,10050.029520437562
2L_JAPI,25.0,nucl,2,,106,210.01,2138,179,83,0.10753986217997083,10050.600047928285
2L_JAPI,25.0,nucl,2,,111,220.01,2148,194,84,0.10804285498717368,10049.384357279025
2L_JAPI,25.0,nucl,2,,116,230.01,2133,186,81,0.1072883657763694,10041.977879422338
2L_JAPI,25.0,nucl,2,,121,240.01,2143,189,80,0.10779135858357225,10037.136652065617
2L_JAPI,25.0,nucl,2,,126,250.01,2167,211,79,0.10899854132085911,10074.383969107565
2L_JAPI,25.0,nucl,2,,131,260.01,2144,188,79,0.10784165786429253,10036.286826602729
2L_JAPI,25.0,nucl,2,,136,270.01,2162,192,81,0.10874704491725769,10082.237032715084
2L_JAPI,25.0,nucl,2,,141,280.01,2144,178,81,0.10784165786429253,10055.153672700864
2L_JAPI,25.0,nucl,2,,146,290.01,2195,200,80,0.11040692118102712,10209.666696159302
2L_JAPI,25.0,nucl,2,,151,300.01,2180,207,79,0.10965243197022283,10213.137826324091
2L_JAPI,25.0,nucl,2,,156,310.01,2154,174,80,0.1083446506714954,10154.665115504795
2L_JAPI,25.0,nucl,2,,161,320.01,2192,203,82,0.11025602333886625,10218.550005893012
2L_JAPI,25.0,nucl,2,,166,330.01,2192,193,82,0.11025602333886625,10204.453483496822
2L_JAPI,25.0,nucl,2,,171,340.01,2192,199,86,0.11025602333886625,10229.22876847388
2L_JAPI,25.0,nucl,2,,176,350.01,2163,180,81,0.10879734419797797,10155.192037373474
2L_JAPI,25.0,nucl,2,,181,360.01,2174,191,80,0.10935063628590111,10202.795986304522
2L_JAPI,25.0,nucl,2,,186,370.01,2185,193,81,0.10990392837382426,10225.297094149675
2L_JAPI,25.0,nucl,2,,191,380.01,2200,207,81,0.11065841758462854,10286.025264484062
2L_JAPI,25.0,nucl,2,,196,390.01,2182,184,81,0.1097530305316634,10228.60861758966
2L_JAPI,25.0,nucl,2,,201,400.01,2164,177,81,0.10884764347869826,10197.276942661578
2L_JAPI,25.0,nucl,2,,206,410.01,2184,209,80,0.10985362909310396,10234.079465423012
2L_JAPI,25.0,nucl,2,,211,420.01,2173,177,79,0.10930033700518083,10157.523181227116
2L_JAPI,25.0,nucl,2,,216,430.01,2188,195,79,0.11005482621598511,10238.757560189853
2L_JAPI,25.0,nucl,2,,221,440.01,2208,199,82,0.11106081183039082,10308.44000594764
2L_JAPI,25.0,nucl,2,,226,450.01,2159,166,83,0.10859614707509682,10180.311414886073
2L_JAPI,25.0,nucl,2,,231,460.01,2176,181,83,0.10945123484734168,10242.225684578028
2L_JAPI,25.0,nucl,2,,236,470.01,2212,200,80,0.11126200895327197,10297.817605016644
2L_JAPI,25.0,nucl,2,,241,480.01,2182,182,79,0.1097530305316634,10201.650435497726
2L_JAPI,25.0,nucl,2,,246,490.01,2220,207,82,0.11166440319903426,10331.776058350544
2L_JAPI,25.0,nucl,2,,251,500.01,2204,196,83,0.11085961470750968,10306.741514593767
2L_JAPI,25.0,nucl,2,,256,510.01,2190,195,79,0.11015542477742568,10249.44511361499
2L_JAPI,25.0,nucl,2,,261,520.01,2215,216,80,0.11141290679543282,10328.420181262762
2L_JAPI,25.0,nucl,2,,266,530.01,2176,166,82,0.10945123484734168,10230.361533731331
2L_JAPI,25.0,nucl,2,,271,540.01,2209,203,84,0.1111111111111111,10283.124306229061
2L_JAPI,25.0,nucl,2,,276,550.01,2163,163,84,0.10879734419797797,10200.198435302096
2L_JAPI,25.0,nucl,2,,281,560.01,2219,189,85,0.11161410391831397,10331.279133527303
2L_JAPI,25.0,nucl,2,,286,570.01,2242,224,84,0.11277098737488053,10410.283916555196
2L_JAPI,25.0,nucl,2,,291,580.01,2177,166,80,0.10950153412806198,10234.678817525062
2L_JAPI,25.0,nucl,2,,296,590.01,2235,202,80,0.11241889240983854,10414.641534123455
2L_JAPI,25.0,nucl,2,,301,600.01,2223,194,80,0.11181530104119511,10375.047519975495
2L_JAPI,25.0,nucl,3,,0,0.0,0,0,0,0.0,0.0
2L_JAPI,25.0,nucl,3,,1,0.01,4,4,1,0.0002011971228811428,16.0
2L_JAPI,25.0,nucl,3,,6,10.01,644,216,49,0.03239273678386399,2845.0195824398625
2L_JAPI,25.0,nucl,3,,11,20.01,1212,198,75,0.06096272823298627,5607.177069854559
2L_JAPI,25.0,nucl,3,,16,30.01,1570,186,86,0.07896987073084855,7340.80942146338
2L_JAPI,25.0,nucl,3,,21,40.01,1710,174,92,0.08601177003168854,8061.864757894595
2L_JAPI,25.0,nucl,3,,26,50.01,1785,185,94,0.08978421608570998,8411.011789850796
2L_JAPI,25.0,nucl,3,,31,60.01,1847,205,95,0.09290277149036769,8659.941402751336
2L_JAPI,25.0,nucl,3,,36,70.01,1852,186,94,0.09315426789396912,8731.103604172993
2L_JAPI,25.0,nucl,3,,41,80.01,1845,169,93,0.09280217292892712,8700.347472870866
2L_JAPI,25.0,nucl,3,,46,90.01,1842,173,94,0.09265127508676627,8701.184242020372
2L_JAPI,25.0,nucl,3,,51,100.01,1880,197,94,0.09456264775413711,8820.929189956994
2L_JAPI,25.0,nucl,3,,56,110.01,1869,186,97,0.09400935566621398,8812.773258012594
2L_JAPI,25.0,nucl,3,,61,120.01,1901,200,93,0.09561893264926312,8903.630196532918
2L_JAPI,25.0,nucl,3,,66,130.01,1936,205,96,0.09737940747447311,9043.40198118484
2L_JAPI,25.0,nucl,3,,71,140.01,1932,200,93,0.09717821035159198,9075.408229690314
2L_JAPI,25.0,nucl,3,,76,150.01,1915,179,93,0.09632312257934711,9038.869838244469
2L_JAPI,25.0,nucl,3,,81,160.01,1948,203,94,0.09798299884311654,9090.946851802291
2L_JAPI,25.0,nucl,3,,86,170.01,1940,198,94,0.09758060459735426,9087.74694480771
2L_JAPI,25.0,nucl,3,,91,180.01,1954,198,95,0.09828479452743825,9122.030132546854
2L_JAPI,25.0,nucl,3,,96,190.01,1942,184,95,0.09768120315879483,9085.337900165789
2L_JAPI,25.0,nucl,3,,101,200.01,1962,215,94,0.09868718877320054,9166.510833821292
2L_JAPI,25.0,nucl,3,,106,210.01,1966,217,94,0.09888838589608169,9174.189356466555
2L_JAPI,25.0,nucl,3,,111,220.01,1960,215,94,0.09858659021175997,9142.97402115617
2L_JAPI,25.0,nucl,3,,116,230.01,1941,194,94,0.09763090387807455,9097.065565883913
2L_JAPI,25.0,nucl,3,,121,240.01,1959,202,95,0.09853629093103969,9188.257792294855
2L_JAPI,25.0,nucl,3,,126,250.01,1936,172,96,0.09737940747447311,9065.46028022419
2L_JAPI,25.0,nucl,3,,131,260.01,1940,175,94,0.09758060459735426,9123.636353004298
2L_JAPI,25.0,nucl,3,,136,270.01,1949,187,94,0.09803329812383683,9147.302640417458
2L_JAPI,25.0,nucl,3,,141,280.01,1992,217,94,0.10019616719480912,9262.042506840124
2L_JAPI,25.0,nucl,3,,146,290.01,1988,208,96,0.09999497007192797,9266.26415802863
2L_JAPI,25.0,nucl,3,,151,300.01,1991,205,96,0.10014586791408883,9261.291996586871
2L_JAPI,25.0,nucl,3,,156,310.01,1981,189,95,0.09964287510688598,9230.696559791184
2L_JAPI,25.0,nucl,3,,161,320.01,1969,188,94,0.09903928373824254,9246.620113871673
2L_JAPI,25.0,nucl,3,,166,330.01,1965,183,94,0.0988380866153614,9201.602986717668
2L_JAPI,25.0,nucl,3,,171,340.01,1971,188,95,0.09913988229968311,9224.29657055108
2L_JAPI,25.0,nucl,3,,176,350.01,1972,197,95,0.0991901815804034,9198.91441617284
2L_JAPI,25.0,nucl,3,,181,360.01,1970,193,97,0.09908958301896283,9211.064057420685
2L_JAPI,25.0,nucl,3,,186,370.01,1954,165,96,0.09828479452743825,9201.79466314309
2L_JAPI,25.0,nucl,3,,191,380.01,2000,216,95,0.1005985614405714,9262.690854247116
2L_JAPI,25.0,nucl,3,,196,390.01,1977,195,95,0.09944167798400483,9210.369861897598
2L_JAPI,25.0,nucl,3,,201,400.01,1977,198,95,0.09944167798400483,9256.481812300457
2L_JAPI,25.0,nucl,3,,206,410.01,1989,187,94,0.10004526935264826,9304.256178732507
2L_JAPI,25.0,nucl,3,,211,420.01,1976,172,94,0.09939137870328454,9259.15094342828
2L_JAPI,25.0,nucl,3,,216,430.01,2007,191,94,0.1009506564056134,9351.40129584439
2L_JAPI,25.0,nucl,3,,221,440.01,2015,209,93,0.10135305065137569,9387.00478931769
2L_JAPI,25.0,nucl,3,,226,450.01,2010,191,93,0.10110155424777426,9410.907523284986
2L_JAPI,25.0,nucl,3,,231,460.01,1992,178,95,0.10019616719480912,9290.518586178936
2L_JAPI,25.0,nucl,3,,236,470.01,2037,216,95,0.10245963482722197,9484.03184040908
2L_JAPI,25.0,nucl,3,,241,480.01,2018,203,93,0.10150394849353654,9378.6380091547
2L_JAPI,25.0,nucl,3,,246,490.01,2005,193,93,0.10085005784417282,9370.473045175406
2L_JAPI,25.0,nucl,3,,251,500.01,2019,197,96,0.10155424777425683,9467.089265308845
2L_JAPI,25.0,nucl,3,,256,510.01,2010,186,94,0.10110155424777426,9395.174796304593
2L_JAPI,25.0,nucl,3,,261,520.01,2015,200,95,0.10135305065137569,9425.70873995199
2L_JAPI,25.0,nucl,3,,266,530.01,2016,191,94,0.10140334993209597,9422.876765526755
2L_JAPI,25.0,nucl,3,,271,540.01,2030,205,97,0.10210753986217998,9455.28967065151
2L_JAPI,25.0,nucl,3,,276,550.01,2042,212,96,0.1027111312308234,9507.631353756278
2L_JAPI,25.0,nucl,3,,281,560.01,2003,191,94,0.10074945928273225,9384.098861491511
2L_JAPI,25.0,nucl,3,,286,570.01,2000,191,94,0.1005985614405714,9417.820794722607
2L_JAPI,25.0,nucl,3,,291,580.01,1992,178,93,0.10019616719480912,9342.10882419053
2L_JAPI,25.0,nucl,3,,296,590.01,2026,205,94,0.10190634273929883,9477.906143172557
2L_JAPI,25.0,nucl,3,,301,600.01,2048,216,93,0.10301292691514512,9518.643042044681
2L_JA,0.0,seed1,0,1302,0,0.0,1,1,1,5.02992807202857e-05,10.0
2L_JA,0.0,seed1,0,1302,1,0.01,1,1,1,5.02992807202857e-05,10.19819691727176
2L_JA,0.0,seed1,0,1302,6,10.01,391,1,391,0.019667018761631707,1773.0548603559728
2L_JA,0.0,seed1,0,1302,11,20.01,1609,1,1609,0.08093154267893969,7703.532672163823
2L_JA,0.0,seed1,0,1302,16,30.01,3763,1,3763,0.18927619335043508,17975.847422329876
2L_JA,0.0,seed1,0,1302,21,40.01,6745,1,6745,0.33926864845832705,32607.118282413845
2L_JA,0.0,seed1,0,1302,26,50.01,10597,1,10597,0.5330214777928676,51611.506429702524
2L_JA,0.0,seed1,0,1302,31,60.01,15126,1,15126,0.7608269201750415,74404.31152487043
2L_JA,0.0,seed1,0,1302,36,70.01,18062,1,18062,0.9085056083698003,89561.72544299044
2L_JA,0.0,seed1,0,1302,41,80.01,19548,1,19548,0.9832503395201448,97426.6633598294
2L_JA,0.0,seed1,0,1302,46,90.01,19881,1,19881,1.0,99397.01370073017
2L_JA,0.0,seed1,0,1302,51,100.01,19881,1,19881,1.0,99404.9894765752
2L_JA,0.0,seed1,0,1302,56,110.01,19881,1,19881,1.0,99404.98982090288
2L_JA,0.0,seed1,0,1302,61,120.01,19881,1,19881,1.0,99404.98982091772
2L_JA,0.0,seed1,0,1302,66,130.01,19881,1,19881,1.0,99404.98982091772
2L_JA,0.0,seed1,0,1302,71,140.01,19881,1,19881,1.0,99404.98982091772
2L_JA,0.0,seed1,0,1302,76,150.01,19881,1,19881,1.0,99404.98982091772
2L_JA,0.0,seed1,0,1302,81,160.01,19881,1,19881,1.0,99404.98982091772
2L_JA,0.0,seed1,0,1302,86,170.01,19881,1,19881,1.0,99404.98982091772
2L_JA,0.0,seed1,0,1302,91,180.01,19881,1,19881,1.0,99404.98982091772
2L_JA,0.0,seed1,0,1302,96,190.01,19881,1,19881,1.0,99404.98982091772
2L_JA,0.0,seed1,0,1302,101,200.01,19881,1,19881,1.0,99404.98982091772
2L_JA,0.0,seed1,0,1302,106,210.01,19881,1,19881,1.0,99404.98982091772
2L_JA,0.0,seed1,0,1302,111,220.01,19881,1,19881,1.0,99404.98982091772
2L_JA,0.0,seed1,0,1302,116,230.01,19881,1,19881,1.0,99404.98982091772
2L_JA,0.0,seed1,0,1302,121,240.01,19881,1,19881,1.0,99404.98982091772
2L_JA,0.0,seed1,0,1302,126,250.01,19881,1,19881,1.0,99404.98982091772
2L_JA,0.0,seed1,0,1302,131,260.01,19881,1,19881,1.0,99404.98982091772
2L_JA,0.0,seed1,0,1302,136,270.01,19881,1,19881,1.0,99404.98982091772
2L_JA,0.0,seed1,0,1302,141,280.01,19881,1,19881,1.0,99404.98982091772
2L_JA,0.0,seed1,0,1302,146,290.01,19881,1,19881,1.0,99404.98982091772
2L_JA,0.0,seed1,0,1302,151,300.01,19881,1,19881,1.0,99404.98982091772
2L_JA,0.0,seed1,0,1302,156,310.01,19881,1,19881,1.0,99404.98982091772
2L_JA,0.0,seed1,0,1302,161,320.01,19881,1,19881,1.0,99404.98982091772
2L_JA,0.0,seed1,0,1302,166,330.01,19881,1,19881,1.0,99404.98982091772
2L_JA,0.0,seed1,0,1302,171,340.01,19881,1,19881,1.0,99404.98982091772
2L_JA,0.0,seed1,0,1302,176,350.01,19881,1,19881,1.0,99404.98982091772
2L_JA,0.0,seed1,0,1302,181,360.01,19881,1,19881,1.0,99404.98982091772
2L_JA,0.0,seed1,0,1302,186,370.01,19881,1,19881,1.0,99404.98982091772
2L_JA,0.0,seed1,0,1302,191,380.01,19881,1,19881,1.0,99404.98982091772
2L_JA,0.0,seed1,0,1302,196,390.01,19881,1,19881,1.0,99404.98982091772
2L_JA,0.0,seed1,0,1302,201,400.01,19881,1,19881,1.0,99404.98982091772
2L_JA,0.0,seed1,0,1302,206,410.01,19881,1,19881,1.0,99404.98982091772
2L_JA,0.0,seed1,0,1302,211,420.01,19881,1,19881,1.0,99404.98982091772
2L_JA,0.0,seed1,0,1302,216,430.01,19881,1,19881,1.0,99404.98982091772
2L_JA,0.0,seed1,0,1302,221,440.01,19881,1,19881,1.0,99404.98982091772
2L_JA,0.0,seed1,0,1302,226,450.01,19881,1,19881,1.0,99404.98982091772
2L_JA,0.0,seed1,0,1302,231,460.01,19881,1,19881,1.0,99404.98982091772
2L_JA,0.0,seed1,0,1302,236,470.01,19881,1,19881,1.0,99404.98982091772
2L_JA,0.0,seed1,0,1302,241,480.01,19881,1,19881,1.0,99404.98982091772
2L_JA,0.0,seed1,0,1302,246,490.01,19881,1,19881,1.0,99404.98982091772
2L_JA,0.0,seed1,0,1302,251,500.01,19881,1,19881,1.0,99404.98982091772
2L_JA,0.0,seed1,0,1302,256,510.01,19881,1,19881,1.0,99404.98982091772
2L_JA,0.0,seed1,0,1302,261,520.01,19881,1,19881,1.0,99404.98982091772
2L_JA,0.0,seed1,0,1302,266,530.01,19881,1,19881,1.0,99404.98982091772
2L_JA,0.0,seed1,0,1302,271,540.01,19881,1,19881,1.0,99404.98982091772
2L_JA,0.0,seed1,0,1302,276,550.01,19881,1,19881,1.0,99404.98982091772
2L_JA,0.0,seed1,0,1302,281,560.01,19881,1,19881,1.0,99404.98982091772
2L_JA,0.0,seed1,0,1302,286,570.01,19881,1,19881,1.0,99404.98982091772
2L_JA,0.0,seed1,0,1302,291,580.01,19881,1,19881,1.0,99404.98982091772
2L_JA,0.0,seed1,0,1302,296,590.01,19881,1,19881,1.0,99404.98982091772
2L_JA,0.0,seed1,0,1302,301,600.01,19881,1,19881,1.0,99404.98982091772
2L_JA,0.0,seed1,0,1302,306,610.01,19881,1,19881,1.0,99404.98982091772
2L_JA,0.0,seed1,0,1302,311,620.01,19881,1,19881,1.0,99404.98982091772
2L_JA,0.0,seed1,0,1302,316,630.01,19881,1,19881,1.0,99404.98982091772
2L_JA,0.0,seed1,0,1302,321,640.01,19881,1,19881,1.0,99404.98982091772
2L_JA,0.0,seed1,0,1302,326,650.01,19881,1,19881,1.0,99404.98982091772
2L_JA,0.0,seed1,0,1302,331,660.01,19881,1,19881,1.0,99404.98982091772
2L_JA,0.0,seed1,0,1302,336,670.01,19881,1,19881,1.0,99404.98982091772
2L_JA,0.0,seed1,0,1302,341,680.01,19881,1,19881,1.0,99404.98982091772
2L_JA,0.0,seed1,0,1302,346,690.01,19881,1,19881,1.0,99404.98982091772
2L_JA,0.0,seed1,0,1302,351,700.01,19881,1,19881,1.0,99404.98982091772
2L_JA,0.0,seed1,0,1302,356,710.01,19881,1,19881,1.0,99404.98982091772
2L_JA,0.0,seed1,0,1302,361,720.01,19881,1,19881,1.0,99404.98982091772
2L_JA,0.0,seed1,0,1302,366,730.01,19881,1,19881,1.0,99404.98982091772
2L_JA,0.0,seed1,0,1302,371,740.01,19881,1,19881,1.0,99404.98982091772
2L_JA,0.0,seed1,0,1302,376,750.01,19881,1,19881,1.0,99404.98982091772
2L_JA,0.0,seed1,0,1302,381,760.01,19881,1,19881,1.0,99404.98982091772
2L_JA,0.0,seed1,0,1302,386,770.01,19881,1,19881,1.0,99404.98982091772
2L_JA,0.0,seed1,0,1302,391,780.01,19881,1,19881,1.0,99404.98982091772
2L_JA,0.0,seed1,0,1302,396,790.01,19881,1,19881,1.0,99404.98982091772
2L_JA,0.0,seed1,0,1302,401,800.01,19881,1,19881,1.0,99404.98982091772
2L_JA,0.0,seed1,0,1302,406,810.01,19881,1,19881,1.0,99404.98982091772
2L_JA,0.0,seed1,0,1302,411,820.01,19881,1,19881,1.0,99404.98982091772
2L_JA,0.0,seed1,0,1302,416,830.01,19881,1,19881,1.0,99404.98982091772
2L_JA,0.0,seed1,0,1302,421,840.01,19881,1,19881,1.0,99404.98982091772
2L_JA,0.0,seed1,0,1302,426,850.01,19881,1,19881,1.0,99404.98982091772
2L_JA,0.0,seed1,0,1302,431,860.01,19881,1,19881,1.0,99404.98982091772
2L_JA,0.0,seed1,0,1302,436,870.01,19881,1,19881,1.0,99404.98982091772
2L_JA,0.0,seed1,0,1302,441,880.01,19881,1,19881,1.0,99404.98982091772
2L_JA,0.0,seed1,0,1302,446,890.01,19881,1,19881,1.0,99404.98982091772
2L_JA,0.0,seed1,0,1302,451,900.01,19881,1,19881,1.0,99404.98982091772
2L_JA,0.0,seed1,0,1302,456,910.01,19881,1,19881,1.0,99404.98982091772
2L_JA,0.0,seed1,0,1302,461,920.01,19881,1,19881,1.0,99404.98982091772
2L_JA,0.0,seed1,0,1302,466,930.01,19881,1,19881,1.0,99404.98982091772
2L_JA,0.0,seed1,0,1302,471,940.01,19881,1,19881,1.0,99404.98982091772
2L_JA,0.0,seed1,0,1302,476,950.01,19881,1,19881,1.0,99404.98982091772
2L_JA,0.0,seed1,0,1302,481,960.01,19881,1,19881,1.0,99404.98982091772
2L_JA,0.0,seed1,0,1302,486,970.01,19881,1,19881,1.0,99404.98982091772
2L_JA,0.0,seed1,0,1302,491,980.01,19881,1,19881,1.0,99404.98982091772
2L_JA,0.0,seed1,0,1302,496,990.01,19881,1,19881,1.0,99404.98982091772
2L_JA,0.0,seed1,0,1302,501,1000.01,19881,1,19881,1.0,99404.98982091772
2L_JA,0.0,seed1_L5,0,1302,0,0.0,1,1,1,5.02992807202857e-05,5.0
2L_JA,0.0,seed1_L5,0,1302,1,0.01,1,1,1,5.02992807202857e-05,4.991714543245162
2L_JA,0.0,seed1_L5,0,1302,6,10.01,0,0,0,0.0,0.0002406492768472464
2L_JA,0.0,seed1_L5,0,1302,11,20.01,0,0,0,0.0,1.0389129469968474e-08
2L_JA,0.0,seed1_L5,0,1302,16,30.01,0,0,0,0.0,4.4851167872937063e-13
2L_JA,0.0,seed1_L5,0,1302,21,40.01,0,0,0,0.0,1.9362808648995314e-17
2L_JA,0.0,seed1_L5,0,1302,26,50.01,0,0,0,0.0,8.359166027510091e-22
2L_JA,0.0,seed1_L5,0,1302,31,60.01,0,0,0,0.0,3.608756247204077e-26
2L_JA,0.0,seed1_L5,0,1302,36,70.01,0,0,0,0.0,1.557945087928056e-30
2L_JA,0.0,seed1_L5,0,1302,41,80.01,0,0,0,0.0,6.72584328431618e-35
2L_JA,0.0,seed1_L5,0,1302,46,90.01,0,0,0,0.0,2.9036304447252788e-39
2L_JA,0.0,seed1_L5,0,1302,51,100.01,0,0,0,0.0,1.253533483183546e-43
2L_JA,0.0,seed1_L5,0,1302,56,110.01,0,0,0,0.0,5.4116604140060914e-48
2L_JA,0.0,seed1_L5,0,1302,61,120.01,0,0,0,0.0,2.3362813063552194e-52
2L_JA,0.0,seed1_L5,0,1302,66,130.01,0,0,0,0.0,1.0086017829755728e-56
2L_JA,0.0,seed1_L5,0,1302,71,140.01,0,0,0,0.0,4.354259711166942e-61
2L_JA,0.0,seed1_L5,0,1302,76,150.01,0,0,0,0.0,1.8797882328104925e-65
2L_JA,0.0,seed1_L5,0,1302,81,160.01,0,0,0,0.0,8.115280287830597e-70
2L_JA,0.0,seed1_L5,0,1302,86,170.01,0,0,0,0.0,3.503467731127721e-74
2L_JA,0.0,seed1_L5,0,1302,91,180.01,0,0,0,0.0,1.5124907221577218e-78
2L_JA,0.0,seed1_L5,0,1302,96,190.01,0,0,0,0.0,6.529611117259614e-83
2L_JA,0.0,seed1_L5,0,1302,101,200.01,0,0,0,0.0,2.8189145703859936e-87
2L_JA,0.0,seed1_L5,0,1302,106,210.01,0,0,0,0.0,1.2169605834764352e-91
2L_JA,0.0,seed1_L5,0,1302,111,220.01,0,0,0,0.0,5.253770643828034e-96
2L_JA,0.0,seed1_L5,0,1302,116,230.01,0,0,0,0.0,2.268118323035531e-100
2L_JA,0.0,seed1_L5,0,1302,121,240.01,0,0,0,0.0,9.791749728041426e-105
2L_JA,0.0,seed1_L5,0,1302,126,250.01,0,0,0,0.0,4.227220500925208e-109
2L_JA,0.0,seed1_L5,0,1302,131,260.01,0,0,0,0.0,1.8249438210484863e-113
2L_JA,0.0,seed1_L5,0,1302,136,270.01,0,0,0,0.0,7.878510120903624e-118
2L_JA,0.0,seed1_L5,0,1302,141,280.01,0,0,0,0.0,3.40125109656905e-122
2L_JA,0.0,seed1_L5,0,1302,146,290.01,0,0,0,0.0,1.468362525957551e-126
2L_JA,0.0,seed1_L5,0,1302,151,300.01,0,0,0,0.0,6.339104189665257e-131
2L_JA,0.0,seed1_L5,0,1302,156,310.01,0,0,0,0.0,2.7366703533397947e-135
2L_JA,0.0,seed1_L5,0,1302,161,320.01,0,0,0,0.0,1.1814547290544599e-139
2L_JA,0.0,seed1_L5,0,1302,166,330.01,0,0,0,0.0,5.1004874412502347e-144
2L_JA,0.0,seed1_L5,0,1302,171,340.01,0,0,0,0.0,2.201944052411692e-148
2L_JA,0.0,seed1_L5,0,1302,176,350.01,0,0,0,0.0,9.50606714710928e-153
2L_JA,0.0,seed1_L5,0,1302,181,360.01,0,0,0,0.0,4.103887767101852e-157
2L_JA,0.0,seed1_L5,0,1302,186,370.01,0,0,0,0.0,1.771699541391278e-161
2L_JA,0.0,seed1_L5,0,1302,191,380.01,0,0,0,0.0,7.648647923875282e-166
2L_JA,0.0,seed1_L5,0,1302,196,390.01,0,0,0,0.0,3.302016718786374e-170
2L_JA,0.0,seed1_L5,0,1302,201,400.01,0,0,0,0.0,1.4255218072085631e-174
2L_JA,0.0,seed1_L5,0,1302,206,410.01,0,0,0,0.0,6.154155462828952e-179
2L_JA,0.0,seed1_L5,0,1302,211,420.01,0,0,0,0.0,2.6568256808944283e-183
2L_JA,0.0,seed1_L5,0,1302,216,430.01,0,0,0,0.0,1.1469847879688396e-187
2L_JA,0.0,seed1_L5,0,1302,221,440.01,0,0,0,0.0,4.951676405766429e-192
2L_JA,0.0,seed1_L5,0,1302,226,450.01,0,0,0,0.0,2.1377004721086194e-196
2L_JA,0.0,seed1_L5,0,1302,231,460.01,0,0,0,0.0,9.228719597128206e-201
2L_JA,0.0,seed1_L5,0,1302,236,470.01,0,0,0,0.0,3.984153370112121e-205
2L_JA,0.0,seed1_L5,0,1302,241,480.01,0,0,0,0.0,1.7200087086311817e-209
2L_JA,0.0,seed1_L5,0,1302,246,490.01,0,0,0,0.0,7.425492150880361e-214
2L_JA,0.0,seed1_L5,0,1302,251,500.01,0,0,0,0.0,3.2056775879155684e-218
2L_JA,0.0,seed1_L5,0,1302,256,510.01,0,0,0,0.0,1.3839310026670532e-222
2L_JA,0.0,seed1_L5,0,1302,261,520.01,0,0,0,0.0,5.974602771541974e-227
2L_JA,0.0,seed1_L5,0,1302,266,530.01,0,0,0,0.0,2.5793105443064295e-231
2L_JA,0.0,seed1_L5,0,1302,271,540.01,0,0,0,0.0,1.1135205365717251e-235
2L_JA,0.0,seed1_L5,0,1302,276,550.01,0,0,0,0.0,4.807207058118694e-240
2L_JA,0.0,seed1_L5,0,1302,281,560.01,0,0,0,0.0,2.075331252603045e-244
2L_JA,0.0,seed1_L5,0,1302,286,570.01,0,0,0,0.0,8.95946389651975e-249
2L_JA,0.0,seed1_L5,0,1302,291,580.01,0,0,0,0.0,3.867912325435137e-253
2L_JA,0.0,seed1_L5,0,1302,296,590.01,0,0,0,0.0,1.6698259996409507e-257
2L_JA,0.0,seed1_L5,0,1302,301,600.01,0,0,0,0.0,7.208847136324917e-262
2L_JA,0.0,seed1_L5,0,1302,306,610.01,0,0,0,0.0,3.112149232678973e-266
2L_JA,0.0,seed1_L5,0,1302,311,620.01,0,0,0,0.0,1.3435536450287436e-270
2L_JA,0.0,seed1_L5,0,1302,316,630.01,0,0,0,0.0,5.800288681902758e-275
2L_JA,0.0,seed1_L5,0,1302,321,640.01,0,0,0,0.0,2.5040569773966464e-279
2L_JA,0.0,seed1_L5,0,1302,326,650.01,0,0,0,0.0,1.0810326330157576e-283
2L_JA,0.0,seed1_L5,0,1302,331,660.01,0,0,0,0.0,4.6669527258918674e-288
2L_JA,0.0,seed1_L5,0,1302,336,670.01,0,0,0,0.0,2.0147817078332396e-292
2L_JA,0.0,seed1_L5,0,1302,341,680.01,0,0,0,0.0,8.698063958733734e-297
2L_JA,0.0,seed1_L5,0,1302,346,690.01,0,0,0,0.0,3.755062711562233e-301
2L_JA,0.0,seed1_L5,0,1302,351,700.01,0,0,0,0.0,1.6211074136339072e-305
2L_JA,0.0,seed1_L5,0,1302,356,710.01,0,0,0,0.0,6.99852292339666e-310
2L_JA,0.0,seed1_L5,0,1302,361,720.01,0,0,0,0.0,3.021350371e-314
2L_JA,0.0,seed1_L5,0,1302,366,730.01,0,0,0,0.0,1.311626e-318
2L_JA,0.0,seed1_L5,0,1302,371,740.01,0,0,0,0.0,8.957e-321
2L_JA,0.0,seed1_L5,0,1302,376,750.01,0,0,0,0.0,8.957e-321
2L_JA,0.0,seed1_L5,0,1302,381,760.01,0,0,0,0.0,8.957e-321
2L_JA,0.0,seed1_L5,0,1302,386,770.01,0,0,0,0.0,8.957e-321
2L_JA,0.0,seed1_L5,0,1302,391,780.01,0,0,0,0.0,8.957e-321
2L_JA,0.0,seed1_L5,0,1302,396,790.01,0,0,0,0.0,8.957e-321
2L_JA,0.0,seed1_L5,0,1302,401,800.01,0,0,0,0.0,8.957e-321
2L_JA,0.0,seed1_L5,0,1302,406,810.01,0,0,0,0.0,8.957e-321
2L_JA,0.0,seed1_L5,0,1302,411,820.01,0,0,0,0.0,8.957e-321
2L_JA,0.0,seed1_L5,0,1302,416,830.01,0,0,0,0.0,8.957e-321
2L_JA,0.0,seed1_L5,0,1302,421,840.01,0,0,0,0.0,8.957e-321
2L_JA,0.0,seed1_L5,0,1302,426,850.01,0,0,0,0.0,8.957e-321
2L_JA,0.0,seed1_L5,0,1302,431,860.01,0,0,0,0.0,8.957e-321
2L_JA,0.0,seed1_L5,0,1302,436,870.01,0,0,0,0.0,8.957e-321
2L_JA,0.0,seed1_L5,0,1302,441,880.01,0,0,0,0.0,8.957e-321
2L_JA,0.0,seed1_L5,0,1302,446,890.01,0,0,0,0.0,8.957e-321
2L_JA,0.0,seed1_L5,0,1302,451,900.01,0,0,0,0.0,8.957e-321
2L_JA,0.0,seed1_L5,0,1302,456,910.01,0,0,0,0.0,8.957e-321
2L_JA,0.0,seed1_L5,0,1302,461,920.01,0,0,0,0.0,8.957e-321
2L_JA,0.0,seed1_L5,0,1302,466,930.01,0,0,0,0.0,8.957e-321
2L_JA,0.0,seed1_L5,0,1302,471,940.01,0,0,0,0.0,8.957e-321
2L_JA,0.0,seed1_L5,0,1302,476,950.01,0,0,0,0.0,8.957e-321
2L_JA,0.0,seed1_L5,0,1302,481,960.01,0,0,0,0.0,8.957e-321
2L_JA,0.0,seed1_L5,0,1302,486,970.01,0,0,0,0.0,8.957e-321
2L_JA,0.0,seed1_L5,0,1302,491,980.01,0,0,0,0.0,8.957e-321
2L_JA,0.0,seed1_L5,0,1302,496,990.01,0,0,0,0.0,8.957e-321
2L_JA,0.0,seed1_L5,0,1302,501,1000.01,0,0,0,0.0,8.957e-321
2L_JA,0.0,seed9,1,1007,0,0.0,9,9,1,0.0004526935264825713,90.0
2L_JA,0.0,seed9,1,1007,1,0.01,9,9,1,0.0004526935264825713,91.78377225544584
2L_JA,0.0,seed9,1,1007,6,10.01,3295,7,1134,0.1657361299733414,14969.725977672631
2L_JA,0.0,seed9,1,1007,11,20.01,9699,3,6576,0.487852723706051,46891.66689005069
2L_JA,0.0,seed9,1,1007,16,30.01,15206,2,13644,0.7648508626326643,74406.54075259912
2L_JA,0.0,seed9,1,1007,21,40.01,19102,1,19102,0.9608168603188975,94509.01758767528
2L_JA,0.0,seed9,1,1007,26,50.01,19881,1,19881,1.0,99392.54947043191
2L_JA,0.0,seed9,1,1007,31,60.01,19881,1,19881,1.0,99404.9892838469
2L_JA,0.0,seed9,1,1007,36,70.01,19881,1,19881,1.0,99404.98982089458
2L_JA,0.0,seed9,1,1007,41,80.01,19881,1,19881,1.0,99404.98982091772
2L_JA,0.0,seed9,1,1007,46,90.01,19881,1,19881,1.0,99404.98982091772
2L_JA,0.0,seed9,1,1007,51,100.01,19881,1,19881,1.0,99404.98982091772
2L_JA,0.0,seed9,1,1007,56,110.01,19881,1,19881,1.0,99404.98982091772
2L_JA,0.0,seed9,1,1007,61,120.01,19881,1,19881,1.0,99404.98982091772
2L_JA,0.0,seed9,1,1007,66,130.01,19881,1,19881,1.0,99404.98982091772
2L_JA,0.0,seed9,1,1007,71,140.01,19881,1,19881,1.0,99404.98982091772
2L_JA,0.0,seed9,1,1007,76,150.01,19881,1,19881,1.0,99404.98982091772
2L_JA,0.0,seed9,1,1007,81,160.01,19881,1,19881,1.0,99404.98982091772
2L_JA,0.0,seed9,1,1007,86,170.01,19881,1,19881,1.0,99404.98982091772
2L_JA,0.0,seed9,1,1007,91,180.01,19881,1,19881,1.0,99404.98982091772
2L_JA,0.0,seed9,1,1007,96,190.01,19881,1,19881,1.0,99404.98982091772
2L_JA,0.0,seed9,1,1007,101,200.01,19881,1,19881,1.0,99404.98982091772
2L_JA,0.0,seed9,1,1007,106,210.01,19881,1,19881,1.0,99404.98982091772
2L_JA,0.0,seed9,1,1007,111,220.01,19881,1,19881,1.0,99404.98982091772
2L_JA,0.0,seed9,1,1007,116,230.01,19881,1,19881,1.0,99404.98982091772
2L_JA,0.0,seed9,1,1007,121,240.01,19881,1,19881,1.0,99404.98982091772
2L_JA,0.0,seed9,1,1007,126,250.01,19881,1,19881,1.0,99404.98982091772
2L_JA,0.0,seed9,1,1007,131,260.01,19881,1,19881,1.0,99404.98982091772
2L_JA,0.0,seed9,1,1007,136,270.01,19881,1,19881,1.0,99404.98982091772
2L_JA,0.0,seed9,1,1007,141,280.01,19881,1,19881,1.0,99404.98982091772
2L_JA,0.0,seed9,1,1007,146,290.01,19881,1,19881,1.0,99404.98982091772
2L_JA,0.0,seed9,1,1007,151,300.01,19881,1,19881,1.0,99404.98982091772
2L_JA,0.0,seed9,1,1007,156,310.01,19881,1,19881,1.0,99404.98982091772
2L_JA,0.0,seed9,1,1007,161,320.01,19881,1,19881,1.0,99404.98982091772
2L_JA,0.0,seed9,1,1007,166,330.01,19881,1,19881,1.0,99404.98982091772
2L_JA,0.0,seed9,1,1007,171,340.01,19881,1,19881,1.0,99404.98982091772
2L_JA,0.0,seed9,1,1007,176,350.01,19881,1,19881,1.0,99404.98982091772
2L_JA,0.0,seed9,1,1007,181,360.01,19881,1,19881,1.0,99404.98982091772
2L_JA,0.0,seed9,1,1007,186,370.01,19881,1,19881,1.0,99404.98982091772
2L_JA,0.0,seed9,1,1007,191,380.01,19881,1,19881,1.0,99404.98982091772
2L_JA,0.0,seed9,1,1007,196,390.01,19881,1,19881,1.0,99404.98982091772
2L_JA,0.0,seed9,1,1007,201,400.01,19881,1,19881,1.0,99404.98982091772
2L_JA,0.0,seed9,1,1007,206,410.01,19881,1,19881,1.0,99404.98982091772
2L_JA,0.0,seed9,1,1007,211,420.01,19881,1,19881,1.0,99404.98982091772
2L_JA,0.0,seed9,1,1007,216,430.01,19881,1,19881,1.0,99404.98982091772
2L_JA,0.0,seed9,1,1007,221,440.01,19881,1,19881,1.0,99404.98982091772
2L_JA,0.0,seed9,1,1007,226,450.01,19881,1,19881,1.0,99404.98982091772
2L_JA,0.0,seed9,1,1007,231,460.01,19881,1,19881,1.0,99404.98982091772
2L_JA,0.0,seed9,1,1007,236,470.01,19881,1,19881,1.0,99404.98982091772
2L_JA,0.0,seed9,1,1007,241,480.01,19881,1,19881,1.0,99404.98982091772
2L_JA,0.0,seed9,1,1007,246,490.01,19881,1,19881,1.0,99404.98982091772
2L_JA,0.0,seed9,1,1007,251,500.01,19881,1,19881,1.0,99404.98982091772
2L_JA,0.0,seed9,1,1007,256,510.01,19881,1,19881,1.0,99404.98982091772
2L_JA,0.0,seed9,1,1007,261,520.01,19881,1,19881,1.0,99404.98982091772
2L_JA,0.0,seed9,1,1007,266,530.01,19881,1,19881,1.0,99404.98982091772
2L_JA,0.0,seed9,1,1007,271,540.01,19881,1,19881,1.0,99404.98982091772
2L_JA,0.0,seed9,1,1007,276,550.01,19881,1,19881,1.0,99404.98982091772
2L_JA,0.0,seed9,1,1007,281,560.01,19881,1,19881,1.0,99404.98982091772
2L_JA,0.0,seed9,1,1007,286,570.01,19881,1,19881,1.0,99404.98982091772
2L_JA,0.0,seed9,1,1007,291,580.01,19881,1,19881,1.0,99404.98982091772
2L_JA,0.0,seed9,1,1007,296,590.01,19881,1,19881,1.0,99404.98982091772
2L_JA,0.0,seed9,1,1007,301,600.01,19881,1,19881,1.0,99404.98982091772
2L_JA,0.0,seed9,2,2007,0,0.0,9,9,1,0.0004526935264825713,90.0
2L_JA,0.0,seed9,2,2007,1,0.01,9,9,1,0.0004526935264825713,91.78461453166156
2L_JA,0.0,seed9,2,2007,6,10.01,2927,6,982,0.14722599466827624,13340.231019047966
2L_JA,0.0,seed9,2,2007,11,20.01,9069,2,5903,0.456164176852271,43704.18215645719
2L_JA,0.0,seed9,2,2007,16,30.01,13788,1,13788,0.6935264825712992,67708.4504372773
2L_JA,0.0,seed9,2,2007,21,40.01,16569,1,16569,0.8334087822544137,82086.46976091043
2L_JA,0.0,seed9,2,2007,26,50.01,18562,1,18562,0.9336552487299432,92255.99674257191
2L_JA,0.0,seed9,2,2007,31,60.01,19738,1,19738,0.9928072028569992,98455.07670714796
2L_JA,0.0,seed9,2,2007,36,70.01,19881,1,19881,1.0,99403.84319782461
2L_JA,0.0,seed9,2,2007,41,80.01,19881,1,19881,1.0,99404.98977141615
2L_JA,0.0,seed9,2,2007,46,90.01,19881,1,19881,1.0,99404.9898209156
2L_JA,0.0,seed9,2,2007,51,100.01,19881,1,19881,1.0,99404.98982091772
2L_JA,0.0,seed9,2,2007,56,110.01,19881,1,19881,1.0,99404.98982091772
2L_JA,0.0,seed9,2,2007,61,120.01,19881,1,19881,1.0,99404.98982091772
2L_JA,0.0,seed9,2,2007,66,130.01,19881,1,19881,1.0,99404.98982091772
2L_JA,0.0,seed9,2,2007,71,140.01,19881,1,19881,1.0,99404.98982091772
2L_JA,0.0,seed9,2,2007,76,150.01,19881,1,19881,1.0,99404.98982091772
2L_JA,0.0,seed9,2,2007,81,160.01,19881,1,19881,1.0,99404.98982091772
2L_JA,0.0,seed9,2,2007,86,170.01,19881,1,19881,1.0,99404.98982091772
2L_JA,0.0,seed9,2,2007,91,180.01,19881,1,19881,1.0,99404.98982091772
2L_JA,0.0,seed9,2,2007,96,190.01,19881,1,19881,1.0,99404.98982091772
2L_JA,0.0,seed9,2,2007,101,200.01,19881,1,19881,1.0,99404.98982091772
2L_JA,0.0,seed9,2,2007,106,210.01,19881,1,19881,1.0,99404.98982091772
2L_JA,0.0,seed9,2,2007,111,220.01,19881,1,19881,1.0,99404.98982091772
2L_JA,0.0,seed9,2,2007,116,230.01,19881,1,19881,1.0,99404.98982091772
2L_JA,0.0,seed9,2,2007,121,240.01,19881,1,19881,1.0,99404.98982091772
2L_JA,0.0,seed9,2,2007,126,250.01,19881,1,19881,1.0,99404.98982091772
2L_JA,0.0,seed9,2,2007,131,260.01,19881,1,19881,1.0,99404.98982091772
2L_JA,0.0,seed9,2,2007,136,270.01,19881,1,19881,1.0,99404.98982091772
2L_JA,0.0,seed9,2,2007,141,280.01,19881,1,19881,1.0,99404.98982091772
2L_JA,0.0,seed9,2,2007,146,290.01,19881,1,19881,1.0,99404.98982091772
2L_JA,0.0,seed9,2,2007,151,300.01,19881,1,19881,1.0,99404.98982091772
2L_JA,0.0,seed9,2,2007,156,310.01,19881,1,19881,1.0,99404.98982091772
2L_JA,0.0,seed9,2,2007,161,320.01,19881,1,19881,1.0,99404.98982091772
2L_JA,0.0,seed9,2,2007,166,330.01,19881,1,19881,1.0,99404.98982091772
2L_JA,0.0,seed9,2,2007,171,340.01,19881,1,19881,1.0,99404.98982091772
2L_JA,0.0,seed9,2,2007,176,350.01,19881,1,19881,1.0,99404.98982091772
2L_JA,0.0,seed9,2,2007,181,360.01,19881,1,19881,1.0,99404.98982091772
2L_JA,0.0,seed9,2,2007,186,370.01,19881,1,19881,1.0,99404.98982091772
2L_JA,0.0,seed9,2,2007,191,380.01,19881,1,19881,1.0,99404.98982091772
2L_JA,0.0,seed9,2,2007,196,390.01,19881,1,19881,1.0,99404.98982091772
2L_JA,0.0,seed9,2,2007,201,400.01,19881,1,19881,1.0,99404.98982091772
2L_JA,0.0,seed9,2,2007,206,410.01,19881,1,19881,1.0,99404.98982091772
2L_JA,0.0,seed9,2,2007,211,420.01,19881,1,19881,1.0,99404.98982091772
2L_JA,0.0,seed9,2,2007,216,430.01,19881,1,19881,1.0,99404.98982091772
2L_JA,0.0,seed9,2,2007,221,440.01,19881,1,19881,1.0,99404.98982091772
2L_JA,0.0,seed9,2,2007,226,450.01,19881,1,19881,1.0,99404.98982091772
2L_JA,0.0,seed9,2,2007,231,460.01,19881,1,19881,1.0,99404.98982091772
2L_JA,0.0,seed9,2,2007,236,470.01,19881,1,19881,1.0,99404.98982091772
2L_JA,0.0,seed9,2,2007,241,480.01,19881,1,19881,1.0,99404.98982091772
2L_JA,0.0,seed9,2,2007,246,490.01,19881,1,19881,1.0,99404.98982091772
2L_JA,0.0,seed9,2,2007,251,500.01,19881,1,19881,1.0,99404.98982091772
2L_JA,0.0,seed9,2,2007,256,510.01,19881,1,19881,1.0,99404.98982091772
2L_JA,0.0,seed9,2,2007,261,520.01,19881,1,19881,1.0,99404.98982091772
2L_JA,0.0,seed9,2,2007,266,530.01,19881,1,19881,1.0,99404.98982091772
2L_JA,0.0,seed9,2,2007,271,540.01,19881,1,19881,1.0,99404.98982091772
2L_JA,0.0,seed9,2,2007,276,550.01,19881,1,19881,1.0,99404.98982091772
2L_JA,0.0,seed9,2,2007,281,560.01,19881,1,19881,1.0,99404.98982091772
2L_JA,0.0,seed9,2,2007,286,570.01,19881,1,19881,1.0,99404.98982091772
2L_JA,0.0,seed9,2,2007,291,580.01,19881,1,19881,1.0,99404.98982091772
2L_JA,0.0,seed9,2,2007,296,590.01,19881,1,19881,1.0,99404.98982091772
2L_JA,0.0,seed9,2,2007,301,600.01,19881,1,19881,1.0,99404.98982091772
2L_JA,0.0,seed9,3,3007,0,0.0,9,9,1,0.0004526935264825713,90.0
2L_JA,0.0,seed9,3,3007,1,0.01,9,9,1,0.0004526935264825713,91.68497372011149
2L_JA,0.0,seed9,3,3007,6,10.01,2743,6,823,0.13797092701574368,12563.211742363043
2L_JA,0.0,seed9,3,3007,11,20.01,8356,4,4526,0.4203007896987073,40226.21661052908
2L_JA,0.0,seed9,3,3007,16,30.01,13925,2,9785,0.7004174840299784,68010.92213354449
2L_JA,0.0,seed9,3,3007,21,40.01,17457,1,17457,0.8780745435340275,86278.82233956466
2L_JA,0.0,seed9,3,3007,26,50.01,19292,1,19292,0.9703737236557517,96045.10852149762
2L_JA,0.0,seed9,3,3007,31,60.01,19881,1,19881,1.0,99395.97777662787
2L_JA,0.0,seed9,3,3007,36,70.01,19881,1,19881,1.0,99404.98943185265
2L_JA,0.0,seed9,3,3007,41,80.01,19881,1,19881,1.0,99404.98982090096
2L_JA,0.0,seed9,3,3007,46,90.01,19881,1,19881,1.0,99404.98982091772
2L_JA,0.0,seed9,3,3007,51,100.01,19881,1,19881,1.0,99404.98982091772
2L_JA,0.0,seed9,3,3007,56,110.01,19881,1,19881,1.0,99404.98982091772
2L_JA,0.0,seed9,3,3007,61,120.01,19881,1,19881,1.0,99404.98982091772
2L_JA,0.0,seed9,3,3007,66,130.01,19881,1,19881,1.0,99404.98982091772
2L_JA,0.0,seed9,3,3007,71,140.01,19881,1,19881,1.0,99404.98982091772
2L_JA,0.0,seed9,3,3007,76,150.01,19881,1,19881,1.0,99404.98982091772
2L_JA,0.0,seed9,3,3007,81,160.01,19881,1,19881,1.0,99404.98982091772
2L_JA,0.0,seed9,3,3007,86,170.01,19881,1,19881,1.0,99404.98982091772
2L_JA,0.0,seed9,3,3007,91,180.01,19881,1,19881,1.0,99404.98982091772
2L_JA,0.0,seed9,3,3007,96,190.01,19881,1,19881,1.0,99404.98982091772
2L_JA,0.0,seed9,3,3007,101,200.01,19881,1,19881,1.0,99404.98982091772
2L_JA,0.0,seed9,3,3007,106,210.01,19881,1,19881,1.0,99404.98982091772
2L_JA,0.0,seed9,3,3007,111,220.01,19881,1,19881,1.0,99404.98982091772
2L_JA,0.0,seed9,3,3007,116,230.01,19881,1,19881,1.0,99404.98982091772
2L_JA,0.0,seed9,3,3007,121,240.01,19881,1,19881,1.0,99404.98982091772
2L_JA,0.0,seed9,3,3007,126,250.01,19881,1,19881,1.0,99404.98982091772
2L_JA,0.0,seed9,3,3007,131,260.01,19881,1,19881,1.0,99404.98982091772
2L_JA,0.0,seed9,3,3007,136,270.01,19881,1,19881,1.0,99404.98982091772
2L_JA,0.0,seed9,3,3007,141,280.01,19881,1,19881,1.0,99404.98982091772
2L_JA,0.0,seed9,3,3007,146,290.01,19881,1,19881,1.0,99404.98982091772
2L_JA,0.0,seed9,3,3007,151,300.01,19881,1,19881,1.0,99404.98982091772
2L_JA,0.0,seed9,3,3007,156,310.01,19881,1,19881,1.0,99404.98982091772
2L_JA,0.0,seed9,3,3007,161,320.01,19881,1,19881,1.0,99404.98982091772
2L_JA,0.0,seed9,3,3007,166,330.01,19881,1,19881,1.0,99404.98982091772
2L_JA,0.0,seed9,3,3007,171,340.01,19881,1,19881,1.0,99404.98982091772
2L_JA,0.0,seed9,3,3007,176,350.01,19881,1,19881,1.0,99404.98982091772
2L_JA,0.0,seed9,3,3007,181,360.01,19881,1,19881,1.0,99404.98982091772
2L_JA,0.0,seed9,3,3007,186,370.01,19881,1,19881,1.0,99404.98982091772
2L_JA,0.0,seed9,3,3007,191,380.01,19881,1,19881,1.0,99404.98982091772
2L_JA,0.0,seed9,3,3007,196,390.01,19881,1,19881,1.0,99404.98982091772
2L_JA,0.0,seed9,3,3007,201,400.01,19881,1,19881,1.0,99404.98982091772
2L_JA,0.0,seed9,3,3007,206,410.01,19881,1,19881,1.0,99404.98982091772
2L_JA,0.0,seed9,3,3007,211,420.01,19881,1,19881,1.0,99404.98982091772
2L_JA,0.0,seed9,3,3007,216,430.01,19881,1,19881,1.0,99404.98982091772
2L_JA,0.0,seed9,3,3007,221,440.01,19881,1,19881,1.0,99404.98982091772
2L_JA,0.0,seed9,3,3007,226,450.01,19881,1,19881,1.0,99404.98982091772
2L_JA,0.0,seed9,3,3007,231,460.01,19881,1,19881,1.0,99404.98982091772
2L_JA,0.0,seed9,3,3007,236,470.01,19881,1,19881,1.0,99404.98982091772
2L_JA,0.0,seed9,3,3007,241,480.01,19881,1,19881,1.0,99404.98982091772
2L_JA,0.0,seed9,3,3007,246,490.01,19881,1,19881,1.0,99404.98982091772
2L_JA,0.0,seed9,3,3007,251,500.01,19881,1,19881,1.0,99404.98982091772
2L_JA,0.0,seed9,3,3007,256,510.01,19881,1,19881,1.0,99404.98982091772
2L_JA,0.0,seed9,3,3007,261,520.01,19881,1,19881,1.0,99404.98982091772
2L_JA,0.0,seed9,3,3007,266,530.01,19881,1,19881,1.0,99404.98982091772
2L_JA,0.0,seed9,3,3007,271,540.01,19881,1,19881,1.0,99404.98982091772
2L_JA,0.0,seed9,3,3007,276,550.01,19881,1,19881,1.0,99404.98982091772
2L_JA,0.0,seed9,3,3007,281,560.01,19881,1,19881,1.0,99404.98982091772
2L_JA,0.0,seed9,3,3007,286,570.01,19881,1,19881,1.0,99404.98982091772
2L_JA,0.0,seed9,3,3007,291,580.01,19881,1,19881,1.0,99404.98982091772
2L_JA,0.0,seed9,3,3007,296,590.01,19881,1,19881,1.0,99404.98982091772
2L_JA,0.0,seed9,3,3007,301,600.01,19881,1,19881,1.0,99404.98982091772
2L_JA,0.0,seed36,1,1007,0,0.0,36,35,2,0.0018107741059302852,360.0
2L_JA,0.0,seed36,1,1007,1,0.01,36,35,2,0.0018107741059302852,367.03654221974926
2L_JA,0.0,seed36,1,1007,6,10.01,10093,9,3110,0.5076706403098435,46374.16233385407
2L_JA,0.0,seed36,1,1007,11,20.01,18963,1,18963,0.9538252602987777,93376.04228835308
2L_JA,0.0,seed36,1,1007,16,30.01,19881,1,19881,1.0,99389.21529609963
2L_JA,0.0,seed36,1,1007,21,40.01,19881,1,19881,1.0,99404.9891399052
2L_JA,0.0,seed36,1,1007,26,50.01,19881,1,19881,1.0,99404.98982088841
2L_JA,0.0,seed36,1,1007,31,60.01,19881,1,19881,1.0,99404.98982091772
2L_JA,0.0,seed36,1,1007,36,70.01,19881,1,19881,1.0,99404.98982091772
2L_JA,0.0,seed36,1,1007,41,80.01,19881,1,19881,1.0,99404.98982091772
2L_JA,0.0,seed36,1,1007,46,90.01,19881,1,19881,1.0,99404.98982091772
2L_JA,0.0,seed36,1,1007,51,100.01,19881,1,19881,1.0,99404.98982091772
2L_JA,0.0,seed36,1,1007,56,110.01,19881,1,19881,1.0,99404.98982091772
2L_JA,0.0,seed36,1,1007,61,120.01,19881,1,19881,1.0,99404.98982091772
2L_JA,0.0,seed36,1,1007,66,130.01,19881,1,19881,1.0,99404.98982091772
2L_JA,0.0,seed36,1,1007,71,140.01,19881,1,19881,1.0,99404.98982091772
2L_JA,0.0,seed36,1,1007,76,150.01,19881,1,19881,1.0,99404.98982091772
2L_JA,0.0,seed36,1,1007,81,160.01,19881,1,19881,1.0,99404.98982091772
2L_JA,0.0,seed36,1,1007,86,170.01,19881,1,19881,1.0,99404.98982091772
2L_JA,0.0,seed36,1,1007,91,180.01,19881,1,19881,1.0,99404.98982091772
2L_JA,0.0,seed36,1,1007,96,190.01,19881,1,19881,1.0,99404.98982091772
2L_JA,0.0,seed36,1,1007,101,200.01,19881,1,19881,1.0,99404.98982091772
2L_JA,0.0,seed36,1,1007,106,210.01,19881,1,19881,1.0,99404.98982091772
2L_JA,0.0,seed36,1,1007,111,220.01,19881,1,19881,1.0,99404.98982091772
2L_JA,0.0,seed36,1,1007,116,230.01,19881,1,19881,1.0,99404.98982091772
2L_JA,0.0,seed36,1,1007,121,240.01,19881,1,19881,1.0,99404.98982091772
2L_JA,0.0,seed36,1,1007,126,250.01,19881,1,19881,1.0,99404.98982091772
2L_JA,0.0,seed36,1,1007,131,260.01,19881,1,19881,1.0,99404.98982091772
2L_JA,0.0,seed36,1,1007,136,270.01,19881,1,19881,1.0,99404.98982091772
2L_JA,0.0,seed36,1,1007,141,280.01,19881,1,19881,1.0,99404.98982091772
2L_JA,0.0,seed36,1,1007,146,290.01,19881,1,19881,1.0,99404.98982091772
2L_JA,0.0,seed36,1,1007,151,300.01,19881,1,19881,1.0,99404.98982091772
2L_JA,0.0,seed36,1,1007,156,310.01,19881,1,19881,1.0,99404.98982091772
2L_JA,0.0,seed36,1,1007,161,320.01,19881,1,19881,1.0,99404.98982091772
2L_JA,0.0,seed36,1,1007,166,330.01,19881,1,19881,1.0,99404.98982091772
2L_JA,0.0,seed36,1,1007,171,340.01,19881,1,19881,1.0,99404.98982091772
2L_JA,0.0,seed36,1,1007,176,350.01,19881,1,19881,1.0,99404.98982091772
2L_JA,0.0,seed36,1,1007,181,360.01,19881,1,19881,1.0,99404.98982091772
2L_JA,0.0,seed36,1,1007,186,370.01,19881,1,19881,1.0,99404.98982091772
2L_JA,0.0,seed36,1,1007,191,380.01,19881,1,19881,1.0,99404.98982091772
2L_JA,0.0,seed36,1,1007,196,390.01,19881,1,19881,1.0,99404.98982091772
2L_JA,0.0,seed36,1,1007,201,400.01,19881,1,19881,1.0,99404.98982091772
2L_JA,0.0,seed36,1,1007,206,410.01,19881,1,19881,1.0,99404.98982091772
2L_JA,0.0,seed36,1,1007,211,420.01,19881,1,19881,1.0,99404.98982091772
2L_JA,0.0,seed36,1,1007,216,430.01,19881,1,19881,1.0,99404.98982091772
2L_JA,0.0,seed36,1,1007,221,440.01,19881,1,19881,1.0,99404.98982091772
2L_JA,0.0,seed36,1,1007,226,450.01,19881,1,19881,1.0,99404.98982091772
2L_JA,0.0,seed36,1,1007,231,460.01,19881,1,19881,1.0,99404.98982091772
2L_JA,0.0,seed36,1,1007,236,470.01,19881,1,19881,1.0,99404.98982091772
2L_JA,0.0,seed36,1,1007,241,480.01,19881,1,19881,1.0,99404.98982091772
2L_JA,0.0,seed36,1,1007,246,490.01,19881,1,19881,1.0,99404.98982091772
2L_JA,0.0,seed36,1,1007,251,500.01,19881,1,19881,1.0,99404.98982091772
2L_JA,0.0,seed36,1,1007,256,510.01,19881,1,19881,1.0,99404.98982091772
2L_JA,0.0,seed36,1,1007,261,520.01,19881,1,19881,1.0,99404.98982091772
2L_JA,0.0,seed36,1,1007,266,530.01,19881,1,19881,1.0,99404.98982091772
2L_JA,0.0,seed36,1,1007,271,540.01,19881,1,19881,1.0,99404.98982091772
2L_JA,0.0,seed36,1,1007,276,550.01,19881,1,19881,1.0,99404.98982091772
2L_JA,0.0,seed36,1,1007,281,560.01,19881,1,19881,1.0,99404.98982091772
2L_JA,0.0,seed36,1,1007,286,570.01,19881,1,19881,1.0,99404.98982091772
2L_JA,0.0,seed36,1,1007,291,580.01,19881,1,19881,1.0,99404.98982091772
2L_JA,0.0,seed36,1,1007,296,590.01,19881,1,19881,1.0,99404.98982091772
2L_JA,0.0,seed36,1,1007,301,600.01,19881,1,19881,1.0,99404.98982091772
2L_JA,0.0,seed36,2,2007,0,0.0,36,36,1,0.0018107741059302852,360.0
2L_JA,0.0,seed36,2,2007,1,0.01,36,36,1,0.0018107741059302852,367.13593129799915
2L_JA,0.0,seed36,2,2007,6,10.01,9398,10,3081,0.472712640209245,43338.34265207446
2L_JA,0.0,seed36,2,2007,11,20.01,18141,1,18141,0.9124792515467028,89502.51070987394
2L_JA,0.0,seed36,2,2007,16,30.01,19873,1,19873,0.9995976057542377,99177.55661540147
2L_JA,0.0,seed36,2,2007,21,40.01,19881,1,19881,1.0,99404.9799964404
2L_JA,0.0,seed36,2,2007,26,50.01,19881,1,19881,1.0,99404.9898204937
2L_JA,0.0,seed36,2,2007,31,60.01,19881,1,19881,1.0,99404.98982091769
2L_JA,0.0,seed36,2,2007,36,70.01,19881,1,19881,1.0,99404.98982091772
2L_JA,0.0,seed36,2,2007,41,80.01,19881,1,19881,1.0,99404.98982091772
2L_JA,0.0,seed36,2,2007,46,90.01,19881,1,19881,1.0,99404.98982091772
2L_JA,0.0,seed36,2,2007,51,100.01,19881,1,19881,1.0,99404.98982091772
2L_JA,0.0,seed36,2,2007,56,110.01,19881,1,19881,1.0,99404.98982091772
2L_JA,0.0,seed36,2,2007,61,120.01,19881,1,19881,1.0,99404.98982091772
2L_JA,0.0,seed36,2,2007,66,130.01,19881,1,19881,1.0,99404.98982091772
2L_JA,0.0,seed36,2,2007,71,140.01,19881,1,19881,1.0,99404.98982091772
2L_JA,0.0,seed36,2,2007,76,150.01,19881,1,19881,1.0,99404.98982091772
2L_JA,0.0,seed36,2,2007,81,160.01,19881,1,19881,1.0,99404.98982091772
2L_JA,0.0,seed36,2,2007,86,170.01,19881,1,19881,1.0,99404.98982091772
2L_JA,0.0,seed36,2,2007,91,180.01,19881,1,19881,1.0,99404.98982091772
2L_JA,0.0,seed36,2,2007,96,190.01,19881,1,19881,1.0,99404.98982091772
2L_JA,0.0,seed36,2,2007,101,200.01,19881,1,19881,1.0,99404.98982091772
2L_JA,0.0,seed36,2,2007,106,210.01,19881,1,19881,1.0,99404.98982091772
2L_JA,0.0,seed36,2,2007,111,220.01,19881,1,19881,1.0,99404.98982091772
2L_JA,0.0,seed36,2,2007,116,230.01,19881,1,19881,1.0,99404.98982091772
2L_JA,0.0,seed36,2,2007,121,240.01,19881,1,19881,1.0,99404.98982091772
2L_JA,0.0,seed36,2,2007,126,250.01,19881,1,19881,1.0,99404.98982091772
2L_JA,0.0,seed36,2,2007,131,260.01,19881,1,19881,1.0,99404.98982091772
2L_JA,0.0,seed36,2,2007,136,270.01,19881,1,19881,1.0,99404.98982091772
2L_JA,0.0,seed36,2,2007,141,280.01,19881,1,19881,1.0,99404.98982091772
2L_JA,0.0,seed36,2,2007,146,290.01,19881,1,19881,1.0,99404.98982091772
2L_JA,0.0,seed36,2,2007,151,300.01,19881,1,19881,1.0,99404.98982091772
2L_JA,0.0,seed36,2,2007,156,310.01,19881,1,19881,1.0,99404.98982091772
2L_JA,0.0,seed36,2,2007,161,320.01,19881,1,19881,1.0,99404.98982091772
2L_JA,0.0,seed36,2,2007,166,330.01,19881,1,19881,1.0,99404.98982091772
2L_JA,0.0,seed36,2,2007,171,340.01,19881,1,19881,1.0,99404.98982091772
2L_JA,0.0,seed36,2,2007,176,350.01,19881,1,19881,1.0,99404.98982091772
2L_JA,0.0,seed36,2,2007,181,360.01,19881,1,19881,1.0,99404.98982091772
2L_JA,0.0,seed36,2,2007,186,370.01,19881,1,19881,1.0,99404.98982091772
2L_JA,0.0,seed36,2,2007,191,380.01,19881,1,19881,1.0,99404.98982091772
2L_JA,0.0,seed36,2,2007,196,390.01,19881,1,19881,1.0,99404.98982091772
2L_JA,0.0,seed36,2,2007,201,400.01,19881,1,19881,1.0,99404.98982091772
2L_JA,0.0,seed36,2,2007,206,410.01,19881,1,19881,1.0,99404.98982091772
2L_JA,0.0,seed36,2,2007,211,420.01,19881,1,19881,1.0,99404.98982091772
2L_JA,0.0,seed36,2,2007,216,430.01,19881,1,19881,1.0,99404.98982091772
2L_JA,0.0,seed36,2,2007,221,440.01,19881,1,19881,1.0,99404.98982091772
2L_JA,0.0,seed36,2,2007,226,450.01,19881,1,19881,1.0,99404.98982091772
2L_JA,0.0,seed36,2,2007,231,460.01,19881,1,19881,1.0,99404.98982091772
2L_JA,0.0,seed36,2,2007,236,470.01,19881,1,19881,1.0,99404.98982091772
2L_JA,0.0,seed36,2,2007,241,480.01,19881,1,19881,1.0,99404.98982091772
2L_JA,0.0,seed36,2,2007,246,490.01,19881,1,19881,1.0,99404.98982091772
2L_JA,0.0,seed36,2,2007,251,500.01,19881,1,19881,1.0,99404.98982091772
2L_JA,0.0,seed36,2,2007,256,510.01,19881,1,19881,1.0,99404.98982091772
2L_JA,0.0,seed36,2,2007,261,520.01,19881,1,19881,1.0,99404.98982091772
2L_JA,0.0,seed36,2,2007,266,530.01,19881,1,19881,1.0,99404.98982091772
2L_JA,0.0,seed36,2,2007,271,540.01,19881,1,19881,1.0,99404.98982091772
2L_JA,0.0,seed36,2,2007,276,550.01,19881,1,19881,1.0,99404.98982091772
2L_JA,0.0,seed36,2,2007,281,560.01,19881,1,19881,1.0,99404.98982091772
2L_JA,0.0,seed36,2,2007,286,570.01,19881,1,19881,1.0,99404.98982091772
2L_JA,0.0,seed36,2,2007,291,580.01,19881,1,19881,1.0,99404.98982091772
2L_JA,0.0,seed36,2,2007,296,590.01,19881,1,19881,1.0,99404.98982091772
2L_JA,0.0,seed36,2,2007,301,600.01,19881,1,19881,1.0,99404.98982091772
2L_JA,0.0,seed36,3,3007,0,0.0,36,35,2,0.0018107741059302852,360.0
2L_JA,0.0,seed36,3,3007,1,0.01,36,35,2,0.0018107741059302852,366.88839290199223
2L_JA,0.0,seed36,3,3007,6,10.01,9538,7,4377,0.479754539510085,44149.77213946928
2L_JA,0.0,seed36,3,3007,11,20.01,17782,1,17782,0.8944218097681204,87570.42017086758
2L_JA,0.0,seed36,3,3007,16,30.01,19274,1,19274,0.9694683366027865,96063.53153993736
2L_JA,0.0,seed36,3,3007,21,40.01,19865,1,19865,0.9991952115084755,99248.95094550142
2L_JA,0.0,seed36,3,3007,26,50.01,19881,1,19881,1.0,99404.98128570033
2L_JA,0.0,seed36,3,3007,31,60.01,19881,1,19881,1.0,99404.98982054926
2L_JA,0.0,seed36,3,3007,36,70.01,19881,1,19881,1.0,99404.98982091769
2L_JA,0.0,seed36,3,3007,41,80.01,19881,1,19881,1.0,99404.98982091772
2L_JA,0.0,seed36,3,3007,46,90.01,19881,1,19881,1.0,99404.98982091772
2L_JA,0.0,seed36,3,3007,51,100.01,19881,1,19881,1.0,99404.98982091772
2L_JA,0.0,seed36,3,3007,56,110.01,19881,1,19881,1.0,99404.98982091772
2L_JA,0.0,seed36,3,3007,61,120.01,19881,1,19881,1.0,99404.98982091772
2L_JA,0.0,seed36,3,3007,66,130.01,19881,1,19881,1.0,99404.98982091772
2L_JA,0.0,seed36,3,3007,71,140.01,19881,1,19881,1.0,99404.98982091772
2L_JA,0.0,seed36,3,3007,76,150.01,19881,1,19881,1.0,99404.98982091772
2L_JA,0.0,seed36,3,3007,81,160.01,19881,1,19881,1.0,99404.98982091772
2L_JA,0.0,seed36,3,3007,86,170.01,19881,1,19881,1.0,99404.98982091772
2L_JA,0.0,seed36,3,3007,91,180.01,19881,1,19881,1.0,99404.98982091772
2L_JA,0.0,seed36,3,3007,96,190.01,19881,1,19881,1.0,99404.98982091772
2L_JA,0.0,seed36,3,3007,101,200.01,19881,1,19881,1.0,99404.98982091772
2L_JA,0.0,seed36,3,3007,106,210.01,19881,1,19881,1.0,99404.98982091772
2L_JA,0.0,seed36,3,3007,111,220.01,19881,1,19881,1.0,99404.98982091772
2L_JA,0.0,seed36,3,3007,116,230.01,19881,1,19881,1.0,99404.98982091772
2L_JA,0.0,seed36,3,3007,121,240.01,19881,1,19881,1.0,99404.98982091772
2L_JA,0.0,seed36,3,3007,126,250.01,19881,1,19881,1.0,99404.98982091772
2L_JA,0.0,seed36,3,3007,131,260.01,19881,1,19881,1.0,99404.98982091772
2L_JA,0.0,seed36,3,3007,136,270.01,19881,1,19881,1.0,99404.98982091772
2L_JA,0.0,seed36,3,3007,141,280.01,19881,1,19881,1.0,99404.98982091772
2L_JA,0.0,seed36,3,3007,146,290.01,19881,1,19881,1.0,99404.98982091772
2L_JA,0.0,seed36,3,3007,151,300.01,19881,1,19881,1.0,99404.98982091772
2L_JA,0.0,seed36,3,3007,156,310.01,19881,1,19881,1.0,99404.98982091772
2L_JA,0.0,seed36,3,3007,161,320.01,19881,1,19881,1.0,99404.98982091772
2L_JA,0.0,seed36,3,3007,166,330.01,19881,1,19881,1.0,99404.98982091772
2L_JA,0.0,seed36,3,3007,171,340.01,19881,1,19881,1.0,99404.98982091772
2L_JA,0.0,seed36,3,3007,176,350.01,19881,1,19881,1.0,99404.98982091772
2L_JA,0.0,seed36,3,3007,181,360.01,19881,1,19881,1.0,99404.98982091772
2L_JA,0.0,seed36,3,3007,186,370.01,19881,1,19881,1.0,99404.98982091772
2L_JA,0.0,seed36,3,3007,191,380.01,19881,1,19881,1.0,99404.98982091772
2L_JA,0.0,seed36,3,3007,196,390.01,19881,1,19881,1.0,99404.98982091772
2L_JA,0.0,seed36,3,3007,201,400.01,19881,1,19881,1.0,99404.98982091772
2L_JA,0.0,seed36,3,3007,206,410.01,19881,1,19881,1.0,99404.98982091772
2L_JA,0.0,seed36,3,3007,211,420.01,19881,1,19881,1.0,99404.98982091772
2L_JA,0.0,seed36,3,3007,216,430.01,19881,1,19881,1.0,99404.98982091772
2L_JA,0.0,seed36,3,3007,221,440.01,19881,1,19881,1.0,99404.98982091772
2L_JA,0.0,seed36,3,3007,226,450.01,19881,1,19881,1.0,99404.98982091772
2L_JA,0.0,seed36,3,3007,231,460.01,19881,1,19881,1.0,99404.98982091772
2L_JA,0.0,seed36,3,3007,236,470.01,19881,1,19881,1.0,99404.98982091772
2L_JA,0.0,seed36,3,3007,241,480.01,19881,1,19881,1.0,99404.98982091772
2L_JA,0.0,seed36,3,3007,246,490.01,19881,1,19881,1.0,99404.98982091772
2L_JA,0.0,seed36,3,3007,251,500.01,19881,1,19881,1.0,99404.98982091772
2L_JA,0.0,seed36,3,3007,256,510.01,19881,1,19881,1.0,99404.98982091772
2L_JA,0.0,seed36,3,3007,261,520.01,19881,1,19881,1.0,99404.98982091772
2L_JA,0.0,seed36,3,3007,266,530.01,19881,1,19881,1.0,99404.98982091772
2L_JA,0.0,seed36,3,3007,271,540.01,19881,1,19881,1.0,99404.98982091772
2L_JA,0.0,seed36,3,3007,276,550.01,19881,1,19881,1.0,99404.98982091772
2L_JA,0.0,seed36,3,3007,281,560.01,19881,1,19881,1.0,99404.98982091772
2L_JA,0.0,seed36,3,3007,286,570.01,19881,1,19881,1.0,99404.98982091772
2L_JA,0.0,seed36,3,3007,291,580.01,19881,1,19881,1.0,99404.98982091772
2L_JA,0.0,seed36,3,3007,296,590.01,19881,1,19881,1.0,99404.98982091772
2L_JA,0.0,seed36,3,3007,301,600.01,19881,1,19881,1.0,99404.98982091772
2L_JA,0.0,seed144,1,1007,0,0.0,144,141,2,0.007243096423721141,1440.0
2L_JA,0.0,seed144,1,1007,1,0.01,144,141,2,0.007243096423721141,1467.3066766001127
2L_JA,0.0,seed144,1,1007,6,10.01,18030,1,18030,0.9068960313867511,87197.1135946042
2L_JA,0.0,seed144,1,1007,11,20.01,19866,1,19866,0.9992455107891958,99180.49780498576
2L_JA,0.0,seed144,1,1007,16,30.01,19881,1,19881,1.0,99404.97987011925
2L_JA,0.0,seed144,1,1007,21,40.01,19881,1,19881,1.0,99404.98982048836
2L_JA,0.0,seed144,1,1007,26,50.01,19881,1,19881,1.0,99404.9898209177
2L_JA,0.0,seed144,1,1007,31,60.01,19881,1,19881,1.0,99404.98982091772
2L_JA,0.0,seed144,1,1007,36,70.01,19881,1,19881,1.0,99404.98982091772
2L_JA,0.0,seed144,1,1007,41,80.01,19881,1,19881,1.0,99404.98982091772
2L_JA,0.0,seed144,1,1007,46,90.01,19881,1,19881,1.0,99404.98982091772
2L_JA,0.0,seed144,1,1007,51,100.01,19881,1,19881,1.0,99404.98982091772
2L_JA,0.0,seed144,1,1007,56,110.01,19881,1,19881,1.0,99404.98982091772
2L_JA,0.0,seed144,1,1007,61,120.01,19881,1,19881,1.0,99404.98982091772
2L_JA,0.0,seed144,1,1007,66,130.01,19881,1,19881,1.0,99404.98982091772
2L_JA,0.0,seed144,1,1007,71,140.01,19881,1,19881,1.0,99404.98982091772
2L_JA,0.0,seed144,1,1007,76,150.01,19881,1,19881,1.0,99404.98982091772
2L_JA,0.0,seed144,1,1007,81,160.01,19881,1,19881,1.0,99404.98982091772
2L_JA,0.0,seed144,1,1007,86,170.01,19881,1,19881,1.0,99404.98982091772
2L_JA,0.0,seed144,1,1007,91,180.01,19881,1,19881,1.0,99404.98982091772
2L_JA,0.0,seed144,1,1007,96,190.01,19881,1,19881,1.0,99404.98982091772
2L_JA,0.0,seed144,1,1007,101,200.01,19881,1,19881,1.0,99404.98982091772
2L_JA,0.0,seed144,1,1007,106,210.01,19881,1,19881,1.0,99404.98982091772
2L_JA,0.0,seed144,1,1007,111,220.01,19881,1,19881,1.0,99404.98982091772
2L_JA,0.0,seed144,1,1007,116,230.01,19881,1,19881,1.0,99404.98982091772
2L_JA,0.0,seed144,1,1007,121,240.01,19881,1,19881,1.0,99404.98982091772
2L_JA,0.0,seed144,1,1007,126,250.01,19881,1,19881,1.0,99404.98982091772
2L_JA,0.0,seed144,1,1007,131,260.01,19881,1,19881,1.0,99404.98982091772
2L_JA,0.0,seed144,1,1007,136,270.01,19881,1,19881,1.0,99404.98982091772
2L_JA,0.0,seed144,1,1007,141,280.01,19881,1,19881,1.0,99404.98982091772
2L_JA,0.0,seed144,1,1007,146,290.01,19881,1,19881,1.0,99404.98982091772
2L_JA,0.0,seed144,1,1007,151,300.01,19881,1,19881,1.0,99404.98982091772
2L_JA,0.0,seed144,1,1007,156,310.01,19881,1,19881,1.0,99404.98982091772
2L_JA,0.0,seed144,1,1007,161,320.01,19881,1,19881,1.0,99404.98982091772
2L_JA,0.0,seed144,1,1007,166,330.01,19881,1,19881,1.0,99404.98982091772
2L_JA,0.0,seed144,1,1007,171,340.01,19881,1,19881,1.0,99404.98982091772
2L_JA,0.0,seed144,1,1007,176,350.01,19881,1,19881,1.0,99404.98982091772
2L_JA,0.0,seed144,1,1007,181,360.01,19881,1,19881,1.0,99404.98982091772
2L_JA,0.0,seed144,1,1007,186,370.01,19881,1,19881,1.0,99404.98982091772
2L_JA,0.0,seed144,1,1007,191,380.01,19881,1,19881,1.0,99404.98982091772
2L_JA,0.0,seed144,1,1007,196,390.01,19881,1,19881,1.0,99404.98982091772
2L_JA,0.0,seed144,1,1007,201,400.01,19881,1,19881,1.0,99404.98982091772
2L_JA,0.0,seed144,1,1007,206,410.01,19881,1,19881,1.0,99404.98982091772
2L_JA,0.0,seed144,1,1007,211,420.01,19881,1,19881,1.0,99404.98982091772
2L_JA,0.0,seed144,1,1007,216,430.01,19881,1,19881,1.0,99404.98982091772
2L_JA,0.0,seed144,1,1007,221,440.01,19881,1,19881,1.0,99404.98982091772
2L_JA,0.0,seed144,1,1007,226,450.01,19881,1,19881,1.0,99404.98982091772
2L_JA,0.0,seed144,1,1007,231,460.01,19881,1,19881,1.0,99404.98982091772
2L_JA,0.0,seed144,1,1007,236,470.01,19881,1,19881,1.0,99404.98982091772
2L_JA,0.0,seed144,1,1007,241,480.01,19881,1,19881,1.0,99404.98982091772
2L_JA,0.0,seed144,1,1007,246,490.01,19881,1,19881,1.0,99404.98982091772
2L_JA,0.0,seed144,1,1007,251,500.01,19881,1,19881,1.0,99404.98982091772
2L_JA,0.0,seed144,1,1007,256,510.01,19881,1,19881,1.0,99404.98982091772
2L_JA,0.0,seed144,1,1007,261,520.01,19881,1,19881,1.0,99404.98982091772
2L_JA,0.0,seed144,1,1007,266,530.01,19881,1,19881,1.0,99404.98982091772
2L_JA,0.0,seed144,1,1007,271,540.01,19881,1,19881,1.0,99404.98982091772
2L_JA,0.0,seed144,1,1007,276,550.01,19881,1,19881,1.0,99404.98982091772
2L_JA,0.0,seed144,1,1007,281,560.01,19881,1,19881,1.0,99404.98982091772
2L_JA,0.0,seed144,1,1007,286,570.01,19881,1,19881,1.0,99404.98982091772
2L_JA,0.0,seed144,1,1007,291,580.01,19881,1,19881,1.0,99404.98982091772
2L_JA,0.0,seed144,1,1007,296,590.01,19881,1,19881,1.0,99404.98982091772
2L_JA,0.0,seed144,1,1007,301,600.01,19881,1,19881,1.0,99404.98982091772
2L_JA,0.0,seed144,2,2007,0,0.0,144,135,4,0.007243096423721141,1440.0
2L_JA,0.0,seed144,2,2007,1,0.01,144,135,4,0.007243096423721141,1466.268580600632
2L_JA,0.0,seed144,2,2007,6,10.01,18382,1,18382,0.9246013782002918,88813.958696252
2L_JA,0.0,seed144,2,2007,11,20.01,19881,1,19881,1.0,99366.12763236607
2L_JA,0.0,seed144,2,2007,16,30.01,19881,1,19881,1.0,99404.98814316934
2L_JA,0.0,seed144,2,2007,21,40.01,19881,1,19881,1.0,99404.98982084551
2L_JA,0.0,seed144,2,2007,26,50.01,19881,1,19881,1.0,99404.98982091772
2L_JA,0.0,seed144,2,2007,31,60.01,19881,1,19881,1.0,99404.98982091772
2L_JA,0.0,seed144,2,2007,36,70.01,19881,1,19881,1.0,99404.98982091772
2L_JA,0.0,seed144,2,2007,41,80.01,19881,1,19881,1.0,99404.98982091772
2L_JA,0.0,seed144,2,2007,46,90.01,19881,1,19881,1.0,99404.98982091772
2L_JA,0.0,seed144,2,2007,51,100.01,19881,1,19881,1.0,99404.98982091772
2L_JA,0.0,seed144,2,2007,56,110.01,19881,1,19881,1.0,99404.98982091772
2L_JA,0.0,seed144,2,2007,61,120.01,19881,1,19881,1.0,99404.98982091772
2L_JA,0.0,seed144,2,2007,66,130.01,19881,1,19881,1.0,99404.98982091772
2L_JA,0.0,seed144,2,2007,71,140.01,19881,1,19881,1.0,99404.98982091772
2L_JA,0.0,seed144,2,2007,76,150.01,19881,1,19881,1.0,99404.98982091772
2L_JA,0.0,seed144,2,2007,81,160.01,19881,1,19881,1.0,99404.98982091772
2L_JA,0.0,seed144,2,2007,86,170.01,19881,1,19881,1.0,99404.98982091772
2L_JA,0.0,seed144,2,2007,91,180.01,19881,1,19881,1.0,99404.98982091772
2L_JA,0.0,seed144,2,2007,96,190.01,19881,1,19881,1.0,99404.98982091772
2L_JA,0.0,seed144,2,2007,101,200.01,19881,1,19881,1.0,99404.98982091772
2L_JA,0.0,seed144,2,2007,106,210.01,19881,1,19881,1.0,99404.98982091772
2L_JA,0.0,seed144,2,2007,111,220.01,19881,1,19881,1.0,99404.98982091772
2L_JA,0.0,seed144,2,2007,116,230.01,19881,1,19881,1.0,99404.98982091772
2L_JA,0.0,seed144,2,2007,121,240.01,19881,1,19881,1.0,99404.98982091772
2L_JA,0.0,seed144,2,2007,126,250.01,19881,1,19881,1.0,99404.98982091772
2L_JA,0.0,seed144,2,2007,131,260.01,19881,1,19881,1.0,99404.98982091772
2L_JA,0.0,seed144,2,2007,136,270.01,19881,1,19881,1.0,99404.98982091772
2L_JA,0.0,seed144,2,2007,141,280.01,19881,1,19881,1.0,99404.98982091772
2L_JA,0.0,seed144,2,2007,146,290.01,19881,1,19881,1.0,99404.98982091772
2L_JA,0.0,seed144,2,2007,151,300.01,19881,1,19881,1.0,99404.98982091772
2L_JA,0.0,seed144,2,2007,156,310.01,19881,1,19881,1.0,99404.98982091772
2L_JA,0.0,seed144,2,2007,161,320.01,19881,1,19881,1.0,99404.98982091772
2L_JA,0.0,seed144,2,2007,166,330.01,19881,1,19881,1.0,99404.98982091772
2L_JA,0.0,seed144,2,2007,171,340.01,19881,1,19881,1.0,99404.98982091772
2L_JA,0.0,seed144,2,2007,176,350.01,19881,1,19881,1.0,99404.98982091772
2L_JA,0.0,seed144,2,2007,181,360.01,19881,1,19881,1.0,99404.98982091772
2L_JA,0.0,seed144,2,2007,186,370.01,19881,1,19881,1.0,99404.98982091772
2L_JA,0.0,seed144,2,2007,191,380.01,19881,1,19881,1.0,99404.98982091772
2L_JA,0.0,seed144,2,2007,196,390.01,19881,1,19881,1.0,99404.98982091772
2L_JA,0.0,seed144,2,2007,201,400.01,19881,1,19881,1.0,99404.98982091772
2L_JA,0.0,seed144,2,2007,206,410.01,19881,1,19881,1.0,99404.98982091772
2L_JA,0.0,seed144,2,2007,211,420.01,19881,1,19881,1.0,99404.98982091772
2L_JA,0.0,seed144,2,2007,216,430.01,19881,1,19881,1.0,99404.98982091772
2L_JA,0.0,seed144,2,2007,221,440.01,19881,1,19881,1.0,99404.98982091772
2L_JA,0.0,seed144,2,2007,226,450.01,19881,1,19881,1.0,99404.98982091772
2L_JA,0.0,seed144,2,2007,231,460.01,19881,1,19881,1.0,99404.98982091772
2L_JA,0.0,seed144,2,2007,236,470.01,19881,1,19881,1.0,99404.98982091772
2L_JA,0.0,seed144,2,2007,241,480.01,19881,1,19881,1.0,99404.98982091772
2L_JA,0.0,seed144,2,2007,246,490.01,19881,1,19881,1.0,99404.98982091772
2L_JA,0.0,seed144,2,2007,251,500.01,19881,1,19881,1.0,99404.98982091772
2L_JA,0.0,seed144,2,2007,256,510.01,19881,1,19881,1.0,99404.98982091772
2L_JA,0.0,seed144,2,2007,261,520.01,19881,1,19881,1.0,99404.98982091772
2L_JA,0.0,seed144,2,2007,266,530.01,19881,1,19881,1.0,99404.98982091772
2L_JA,0.0,seed144,2,2007,271,540.01,19881,1,19881,1.0,99404.98982091772
2L_JA,0.0,seed144,2,2007,276,550.01,19881,1,19881,1.0,99404.98982091772
2L_JA,0.0,seed144,2,2007,281,560.01,19881,1,19881,1.0,99404.98982091772
2L_JA,0.0,seed144,2,2007,286,570.01,19881,1,19881,1.0,99404.98982091772
2L_JA,0.0,seed144,2,2007,291,580.01,19881,1,19881,1.0,99404.98982091772
2L_JA,0.0,seed144,2,2007,296,590.01,19881,1,19881,1.0,99404.98982091772
2L_JA,0.0,seed144,2,2007,301,600.01,19881,1,19881,1.0,99404.98982091772
2L_JA,0.0,seed144,3,3007,0,0.0,144,141,2,0.007243096423721141,1440.0
2L_JA,0.0,seed144,3,3007,1,0.01,144,141,2,0.007243096423721141,1467.4042010405883
2L_JA,0.0,seed144,3,3007,6,10.01,18846,1,18846,0.9479402444545043,91043.2077482818
2L_JA,0.0,seed144,3,3007,11,20.01,19881,1,19881,1.0,99404.02525956396
2L_JA,0.0,seed144,3,3007,16,30.01,19881,1,19881,1.0,99404.98977927686
2L_JA,0.0,seed144,3,3007,21,40.01,19881,1,19881,1.0,99404.98982091612
2L_JA,0.0,seed144,3,3007,26,50.01,19881,1,19881,1.0,99404.98982091772
2L_JA,0.0,seed144,3,3007,31,60.01,19881,1,19881,1.0,99404.98982091772
2L_JA,0.0,seed144,3,3007,36,70.01,19881,1,19881,1.0,99404.98982091772
2L_JA,0.0,seed144,3,3007,41,80.01,19881,1,19881,1.0,99404.98982091772
2L_JA,0.0,seed144,3,3007,46,90.01,19881,1,19881,1.0,99404.98982091772
2L_JA,0.0,seed144,3,3007,51,100.01,19881,1,19881,1.0,99404.98982091772
2L_JA,0.0,seed144,3,3007,56,110.01,19881,1,19881,1.0,99404.98982091772
2L_JA,0.0,seed144,3,3007,61,120.01,19881,1,19881,1.0,99404.98982091772
2L_JA,0.0,seed144,3,3007,66,130.01,19881,1,19881,1.0,99404.98982091772
2L_JA,0.0,seed144,3,3007,71,140.01,19881,1,19881,1.0,99404.98982091772
2L_JA,0.0,seed144,3,3007,76,150.01,19881,1,19881,1.0,99404.98982091772
2L_JA,0.0,seed144,3,3007,81,160.01,19881,1,19881,1.0,99404.98982091772
2L_JA,0.0,seed144,3,3007,86,170.01,19881,1,19881,1.0,99404.98982091772
2L_JA,0.0,seed144,3,3007,91,180.01,19881,1,19881,1.0,99404.98982091772
2L_JA,0.0,seed144,3,3007,96,190.01,19881,1,19881,1.0,99404.98982091772
2L_JA,0.0,seed144,3,3007,101,200.01,19881,1,19881,1.0,99404.98982091772
2L_JA,0.0,seed144,3,3007,106,210.01,19881,1,19881,1.0,99404.98982091772
2L_JA,0.0,seed144,3,3007,111,220.01,19881,1,19881,1.0,99404.98982091772
2L_JA,0.0,seed144,3,3007,116,230.01,19881,1,19881,1.0,99404.98982091772
2L_JA,0.0,seed144,3,3007,121,240.01,19881,1,19881,1.0,99404.98982091772
2L_JA,0.0,seed144,3,3007,126,250.01,19881,1,19881,1.0,99404.98982091772
2L_JA,0.0,seed144,3,3007,131,260.01,19881,1,19881,1.0,99404.98982091772
2L_JA,0.0,seed144,3,3007,136,270.01,19881,1,19881,1.0,99404.98982091772
2L_JA,0.0,seed144,3,3007,141,280.01,19881,1,19881,1.0,99404.98982091772
2L_JA,0.0,seed144,3,3007,146,290.01,19881,1,19881,1.0,99404.98982091772
2L_JA,0.0,seed144,3,3007,151,300.01,19881,1,19881,1.0,99404.98982091772
2L_JA,0.0,seed144,3,3007,156,310.01,19881,1,19881,1.0,99404.98982091772
2L_JA,0.0,seed144,3,3007,161,320.01,19881,1,19881,1.0,99404.98982091772
2L_JA,0.0,seed144,3,3007,166,330.01,19881,1,19881,1.0,99404.98982091772
2L_JA,0.0,seed144,3,3007,171,340.01,19881,1,19881,1.0,99404.98982091772
2L_JA,0.0,seed144,3,3007,176,350.01,19881,1,19881,1.0,99404.98982091772
2L_JA,0.0,seed144,3,3007,181,360.01,19881,1,19881,1.0,99404.98982091772
2L_JA,0.0,seed144,3,3007,186,370.01,19881,1,19881,1.0,99404.98982091772
2L_JA,0.0,seed144,3,3007,191,380.01,19881,1,19881,1.0,99404.98982091772
2L_JA,0.0,seed144,3,3007,196,390.01,19881,1,19881,1.0,99404.98982091772
2L_JA,0.0,seed144,3,3007,201,400.01,19881,1,19881,1.0,99404.98982091772
2L_JA,0.0,seed144,3,3007,206,410.01,19881,1,19881,1.0,99404.98982091772
2L_JA,0.0,seed144,3,3007,211,420.01,19881,1,19881,1.0,99404.98982091772
2L_JA,0.0,seed144,3,3007,216,430.01,19881,1,19881,1.0,99404.98982091772
2L_JA,0.0,seed144,3,3007,221,440.01,19881,1,19881,1.0,99404.98982091772
2L_JA,0.0,seed144,3,3007,226,450.01,19881,1,19881,1.0,99404.98982091772
2L_JA,0.0,seed144,3,3007,231,460.01,19881,1,19881,1.0,99404.98982091772
2L_JA,0.0,seed144,3,3007,236,470.01,19881,1,19881,1.0,99404.98982091772
2L_JA,0.0,seed144,3,3007,241,480.01,19881,1,19881,1.0,99404.98982091772
2L_JA,0.0,seed144,3,3007,246,490.01,19881,1,19881,1.0,99404.98982091772
2L_JA,0.0,seed144,3,3007,251,500.01,19881,1,19881,1.0,99404.98982091772
2L_JA,0.0,seed144,3,3007,256,510.01,19881,1,19881,1.0,99404.98982091772
2L_JA,0.0,seed144,3,3007,261,520.01,19881,1,19881,1.0,99404.98982091772
2L_JA,0.0,seed144,3,3007,266,530.01,19881,1,19881,1.0,99404.98982091772
2L_JA,0.0,seed144,3,3007,271,540.01,19881,1,19881,1.0,99404.98982091772
2L_JA,0.0,seed144,3,3007,276,550.01,19881,1,19881,1.0,99404.98982091772
2L_JA,0.0,seed144,3,3007,281,560.01,19881,1,19881,1.0,99404.98982091772
2L_JA,0.0,seed144,3,3007,286,570.01,19881,1,19881,1.0,99404.98982091772
2L_JA,0.0,seed144,3,3007,291,580.01,19881,1,19881,1.0,99404.98982091772
2L_JA,0.0,seed144,3,3007,296,590.01,19881,1,19881,1.0,99404.98982091772
2L_JA,0.0,seed144,3,3007,301,600.01,19881,1,19881,1.0,99404.98982091772
2L_JA,0.0,random,1,,0,0.0,5005,1914,21,0.25174790000502995,19936.811467800162
2L_JA,0.0,random,1,,1,0.01,5104,1855,31,0.2567275287963382,20227.407336788267
2L_JA,0.0,random,1,,6,10.01,19881,1,19881,1.0,99401.15665483079
2L_JA,0.0,random,1,,11,20.01,19881,1,19881,1.0,99404.98965543434
2L_JA,0.0,random,1,,16,30.01,19881,1,19881,1.0,99404.98982091146
2L_JA,0.0,random,1,,21,40.01,19881,1,19881,1.0,99404.98982091772
2L_JA,0.0,random,1,,26,50.01,19881,1,19881,1.0,99404.98982091772
2L_JA,0.0,random,1,,31,60.01,19881,1,19881,1.0,99404.98982091772
2L_JA,0.0,random,1,,36,70.01,19881,1,19881,1.0,99404.98982091772
2L_JA,0.0,random,1,,41,80.01,19881,1,19881,1.0,99404.98982091772
2L_JA,0.0,random,1,,46,90.01,19881,1,19881,1.0,99404.98982091772
2L_JA,0.0,random,1,,51,100.01,19881,1,19881,1.0,99404.98982091772
2L_JA,0.0,random,1,,56,110.01,19881,1,19881,1.0,99404.98982091772
2L_JA,0.0,random,1,,61,120.01,19881,1,19881,1.0,99404.98982091772
2L_JA,0.0,random,1,,66,130.01,19881,1,19881,1.0,99404.98982091772
2L_JA,0.0,random,1,,71,140.01,19881,1,19881,1.0,99404.98982091772
2L_JA,0.0,random,1,,76,150.01,19881,1,19881,1.0,99404.98982091772
2L_JA,0.0,random,1,,81,160.01,19881,1,19881,1.0,99404.98982091772
2L_JA,0.0,random,1,,86,170.01,19881,1,19881,1.0,99404.98982091772
2L_JA,0.0,random,1,,91,180.01,19881,1,19881,1.0,99404.98982091772
2L_JA,0.0,random,1,,96,190.01,19881,1,19881,1.0,99404.98982091772
2L_JA,0.0,random,1,,101,200.01,19881,1,19881,1.0,99404.98982091772
2L_JA,0.0,random,1,,106,210.01,19881,1,19881,1.0,99404.98982091772
2L_JA,0.0,random,1,,111,220.01,19881,1,19881,1.0,99404.98982091772
2L_JA,0.0,random,1,,116,230.01,19881,1,19881,1.0,99404.98982091772
2L_JA,0.0,random,1,,121,240.01,19881,1,19881,1.0,99404.98982091772
2L_JA,0.0,random,1,,126,250.01,19881,1,19881,1.0,99404.98982091772
2L_JA,0.0,random,1,,131,260.01,19881,1,19881,1.0,99404.98982091772
2L_JA,0.0,random,1,,136,270.01,19881,1,19881,1.0,99404.98982091772
2L_JA,0.0,random,1,,141,280.01,19881,1,19881,1.0,99404.98982091772
2L_JA,0.0,random,1,,146,290.01,19881,1,19881,1.0,99404.98982091772
2L_JA,0.0,random,1,,151,300.01,19881,1,19881,1.0,99404.98982091772
2L_JA,0.0,random,1,,156,310.01,19881,1,19881,1.0,99404.98982091772
2L_JA,0.0,random,1,,161,320.01,19881,1,19881,1.0,99404.98982091772
2L_JA,0.0,random,1,,166,330.01,19881,1,19881,1.0,99404.98982091772
2L_JA,0.0,random,1,,171,340.01,19881,1,19881,1.0,99404.98982091772
2L_JA,0.0,random,1,,176,350.01,19881,1,19881,1.0,99404.98982091772
2L_JA,0.0,random,1,,181,360.01,19881,1,19881,1.0,99404.98982091772
2L_JA,0.0,random,1,,186,370.01,19881,1,19881,1.0,99404.98982091772
2L_JA,0.0,random,1,,191,380.01,19881,1,19881,1.0,99404.98982091772
2L_JA,0.0,random,1,,196,390.01,19881,1,19881,1.0,99404.98982091772
2L_JA,0.0,random,1,,201,400.01,19881,1,19881,1.0,99404.98982091772
2L_JA,0.0,random,1,,206,410.01,19881,1,19881,1.0,99404.98982091772
2L_JA,0.0,random,1,,211,420.01,19881,1,19881,1.0,99404.98982091772
2L_JA,0.0,random,1,,216,430.01,19881,1,19881,1.0,99404.98982091772
2L_JA,0.0,random,1,,221,440.01,19881,1,19881,1.0,99404.98982091772
2L_JA,0.0,random,1,,226,450.01,19881,1,19881,1.0,99404.98982091772
2L_JA,0.0,random,1,,231,460.01,19881,1,19881,1.0,99404.98982091772
2L_JA,0.0,random,1,,236,470.01,19881,1,19881,1.0,99404.98982091772
2L_JA,0.0,random,1,,241,480.01,19881,1,19881,1.0,99404.98982091772
2L_JA,0.0,random,1,,246,490.01,19881,1,19881,1.0,99404.98982091772
2L_JA,0.0,random,1,,251,500.01,19881,1,19881,1.0,99404.98982091772
2L_JA,0.0,random,1,,256,510.01,19881,1,19881,1.0,99404.98982091772
2L_JA,0.0,random,1,,261,520.01,19881,1,19881,1.0,99404.98982091772
2L_JA,0.0,random,1,,266,530.01,19881,1,19881,1.0,99404.98982091772
2L_JA,0.0,random,1,,271,540.01,19881,1,19881,1.0,99404.98982091772
2L_JA,0.0,random,1,,276,550.01,19881,1,19881,1.0,99404.98982091772
2L_JA,0.0,random,1,,281,560.01,19881,1,19881,1.0,99404.98982091772
2L_JA,0.0,random,1,,286,570.01,19881,1,19881,1.0,99404.98982091772
2L_JA,0.0,random,1,,291,580.01,19881,1,19881,1.0,99404.98982091772
2L_JA,0.0,random,1,,296,590.01,19881,1,19881,1.0,99404.98982091772
2L_JA,0.0,random,1,,301,600.01,19881,1,19881,1.0,99404.98982091772
2L_JA,0.0,random,2,,0,0.0,4969,1897,30,0.24993712589909964,19840.181224828495
2L_JA,0.0,random,2,,1,0.01,5074,1825,43,0.2552185503747296,20123.890335733555
2L_JA,0.0,random,2,,6,10.01,19881,1,19881,1.0,99401.13065126567
2L_JA,0.0,random,2,,11,20.01,19881,1,19881,1.0,99404.98965431174
2L_JA,0.0,random,2,,16,30.01,19881,1,19881,1.0,99404.98982091142
2L_JA,0.0,random,2,,21,40.01,19881,1,19881,1.0,99404.98982091772
2L_JA,0.0,random,2,,26,50.01,19881,1,19881,1.0,99404.98982091772
2L_JA,0.0,random,2,,31,60.01,19881,1,19881,1.0,99404.98982091772
2L_JA,0.0,random,2,,36,70.01,19881,1,19881,1.0,99404.98982091772
2L_JA,0.0,random,2,,41,80.01,19881,1,19881,1.0,99404.98982091772
2L_JA,0.0,random,2,,46,90.01,19881,1,19881,1.0,99404.98982091772
2L_JA,0.0,random,2,,51,100.01,19881,1,19881,1.0,99404.98982091772
2L_JA,0.0,random,2,,56,110.01,19881,1,19881,1.0,99404.98982091772
2L_JA,0.0,random,2,,61,120.01,19881,1,19881,1.0,99404.98982091772
2L_JA,0.0,random,2,,66,130.01,19881,1,19881,1.0,99404.98982091772
2L_JA,0.0,random,2,,71,140.01,19881,1,19881,1.0,99404.98982091772
2L_JA,0.0,random,2,,76,150.01,19881,1,19881,1.0,99404.98982091772
2L_JA,0.0,random,2,,81,160.01,19881,1,19881,1.0,99404.98982091772
2L_JA,0.0,random,2,,86,170.01,19881,1,19881,1.0,99404.98982091772
2L_JA,0.0,random,2,,91,180.01,19881,1,19881,1.0,99404.98982091772
2L_JA,0.0,random,2,,96,190.01,19881,1,19881,1.0,99404.98982091772
2L_JA,0.0,random,2,,101,200.01,19881,1,19881,1.0,99404.98982091772
2L_JA,0.0,random,2,,106,210.01,19881,1,19881,1.0,99404.98982091772
2L_JA,0.0,random,2,,111,220.01,19881,1,19881,1.0,99404.98982091772
2L_JA,0.0,random,2,,116,230.01,19881,1,19881,1.0,99404.98982091772
2L_JA,0.0,random,2,,121,240.01,19881,1,19881,1.0,99404.98982091772
2L_JA,0.0,random,2,,126,250.01,19881,1,19881,1.0,99404.98982091772
2L_JA,0.0,random,2,,131,260.01,19881,1,19881,1.0,99404.98982091772
2L_JA,0.0,random,2,,136,270.01,19881,1,19881,1.0,99404.98982091772
2L_JA,0.0,random,2,,141,280.01,19881,1,19881,1.0,99404.98982091772
2L_JA,0.0,random,2,,146,290.01,19881,1,19881,1.0,99404.98982091772
2L_JA,0.0,random,2,,151,300.01,19881,1,19881,1.0,99404.98982091772
2L_JA,0.0,random,2,,156,310.01,19881,1,19881,1.0,99404.98982091772
2L_JA,0.0,random,2,,161,320.01,19881,1,19881,1.0,99404.98982091772
2L_JA,0.0,random,2,,166,330.01,19881,1,19881,1.0,99404.98982091772
2L_JA,0.0,random,2,,171,340.01,19881,1,19881,1.0,99404.98982091772
2L_JA,0.0,random,2,,176,350.01,19881,1,19881,1.0,99404.98982091772
2L_JA,0.0,random,2,,181,360.01,19881,1,19881,1.0,99404.98982091772
2L_JA,0.0,random,2,,186,370.01,19881,1,19881,1.0,99404.98982091772
2L_JA,0.0,random,2,,191,380.01,19881,1,19881,1.0,99404.98982091772
2L_JA,0.0,random,2,,196,390.01,19881,1,19881,1.0,99404.98982091772
2L_JA,0.0,random,2,,201,400.01,19881,1,19881,1.0,99404.98982091772
2L_JA,0.0,random,2,,206,410.01,19881,1,19881,1.0,99404.98982091772
2L_JA,0.0,random,2,,211,420.01,19881,1,19881,1.0,99404.98982091772
2L_JA,0.0,random,2,,216,430.01,19881,1,19881,1.0,99404.98982091772
2L_JA,0.0,random,2,,221,440.01,19881,1,19881,1.0,99404.98982091772
2L_JA,0.0,random,2,,226,450.01,19881,1,19881,1.0,99404.98982091772
2L_JA,0.0,random,2,,231,460.01,19881,1,19881,1.0,99404.98982091772
2L_JA,0.0,random,2,,236,470.01,19881,1,19881,1.0,99404.98982091772
2L_JA,0.0,random,2,,241,480.01,19881,1,19881,1.0,99404.98982091772
2L_JA,0.0,random,2,,246,490.01,19881,1,19881,1.0,99404.98982091772
2L_JA,0.0,random,2,,251,500.01,19881,1,19881,1.0,99404.98982091772
2L_JA,0.0,random,2,,256,510.01,19881,1,19881,1.0,99404.98982091772
2L_JA,0.0,random,2,,261,520.01,19881,1,19881,1.0,99404.98982091772
2L_JA,0.0,random,2,,266,530.01,19881,1,19881,1.0,99404.98982091772
2L_JA,0.0,random,2,,271,540.01,19881,1,19881,1.0,99404.98982091772
2L_JA,0.0,random,2,,276,550.01,19881,1,19881,1.0,99404.98982091772
2L_JA,0.0,random,2,,281,560.01,19881,1,19881,1.0,99404.98982091772
2L_JA,0.0,random,2,,286,570.01,19881,1,19881,1.0,99404.98982091772
2L_JA,0.0,random,2,,291,580.01,19881,1,19881,1.0,99404.98982091772
2L_JA,0.0,random,2,,296,590.01,19881,1,19881,1.0,99404.98982091772
2L_JA,0.0,random,2,,301,600.01,19881,1,19881,1.0,99404.98982091772
2L_JA,0.0,random,3,,0,0.0,4960,1868,30,0.24948443237261708,19810.8209612995
2L_JA,0.0,random,3,,1,0.01,5061,1803,32,0.2545646597253659,20092.36742691069
2L_JA,0.0,random,3,,6,10.01,19881,1,19881,1.0,99401.10566506196
2L_JA,0.0,random,3,,11,20.01,19881,1,19881,1.0,99404.98965323303
2L_JA,0.0,random,3,,16,30.01,19881,1,19881,1.0,99404.98982091136
2L_JA,0.0,random,3,,21,40.01,19881,1,19881,1.0,99404.98982091772
2L_JA,0.0,random,3,,26,50.01,19881,1,19881,1.0,99404.98982091772
2L_JA,0.0,random,3,,31,60.01,19881,1,19881,1.0,99404.98982091772
2L_JA,0.0,random,3,,36,70.01,19881,1,19881,1.0,99404.98982091772
2L_JA,0.0,random,3,,41,80.01,19881,1,19881,1.0,99404.98982091772
2L_JA,0.0,random,3,,46,90.01,19881,1,19881,1.0,99404.98982091772
2L_JA,0.0,random,3,,51,100.01,19881,1,19881,1.0,99404.98982091772
2L_JA,0.0,random,3,,56,110.01,19881,1,19881,1.0,99404.98982091772
2L_JA,0.0,random,3,,61,120.01,19881,1,19881,1.0,99404.98982091772
2L_JA,0.0,random,3,,66,130.01,19881,1,19881,1.0,99404.98982091772
2L_JA,0.0,random,3,,71,140.01,19881,1,19881,1.0,99404.98982091772
2L_JA,0.0,random,3,,76,150.01,19881,1,19881,1.0,99404.98982091772
2L_JA,0.0,random,3,,81,160.01,19881,1,19881,1.0,99404.98982091772
2L_JA,0.0,random,3,,86,170.01,19881,1,19881,1.0,99404.98982091772
2L_JA,0.0,random,3,,91,180.01,19881,1,19881,1.0,99404.98982091772
2L_JA,0.0,random,3,,96,190.01,19881,1,19881,1.0,99404.98982091772
2L_JA,0.0,random,3,,101,200.01,19881,1,19881,1.0,99404.98982091772
2L_JA,0.0,random,3,,106,210.01,19881,1,19881,1.0,99404.98982091772
2L_JA,0.0,random,3,,111,220.01,19881,1,19881,1.0,99404.98982091772
2L_JA,0.0,random,3,,116,230.01,19881,1,19881,1.0,99404.98982091772
2L_JA,0.0,random,3,,121,240.01,19881,1,19881,1.0,99404.98982091772
2L_JA,0.0,random,3,,126,250.01,19881,1,19881,1.0,99404.98982091772
2L_JA,0.0,random,3,,131,260.01,19881,1,19881,1.0,99404.98982091772
2L_JA,0.0,random,3,,136,270.01,19881,1,19881,1.0,99404.98982091772
2L_JA,0.0,random,3,,141,280.01,19881,1,19881,1.0,99404.98982091772
2L_JA,0.0,random,3,,146,290.01,19881,1,19881,1.0,99404.98982091772
2L_JA,0.0,random,3,,151,300.01,19881,1,19881,1.0,99404.98982091772
2L_JA,0.0,random,3,,156,310.01,19881,1,19881,1.0,99404.98982091772
2L_JA,0.0,random,3,,161,320.01,19881,1,19881,1.0,99404.98982091772
2L_JA,0.0,random,3,,166,330.01,19881,1,19881,1.0,99404.98982091772
2L_JA,0.0,random,3,,171,340.01,19881,1,19881,1.0,99404.98982091772
2L_JA,0.0,random,3,,176,350.01,19881,1,19881,1.0,99404.98982091772
2L_JA,0.0,random,3,,181,360.01,19881,1,19881,1.0,99404.98982091772
2L_JA,0.0,random,3,,186,370.01,19881,1,19881,1.0,99404.98982091772
2L_JA,0.0,random,3,,191,380.01,19881,1,19881,1.0,99404.98982091772
2L_JA,0.0,random,3,,196,390.01,19881,1,19881,1.0,99404.98982091772
2L_JA,0.0,random,3,,201,400.01,19881,1,19881,1.0,99404.98982091772
2L_JA,0.0,random,3,,206,410.01,19881,1,19881,1.0,99404.98982091772
2L_JA,0.0,random,3,,211,420.01,19881,1,19881,1.0,99404.98982091772
2L_JA,0.0,random,3,,216,430.01,19881,1,19881,1.0,99404.98982091772
2L_JA,0.0,random,3,,221,440.01,19881,1,19881,1.0,99404.98982091772
2L_JA,0.0,random,3,,226,450.01,19881,1,19881,1.0,99404.98982091772
2L_JA,0.0,random,3,,231,460.01,19881,1,19881,1.0,99404.98982091772
2L_JA,0.0,random,3,,236,470.01,19881,1,19881,1.0,99404.98982091772
2L_JA,0.0,random,3,,241,480.01,19881,1,19881,1.0,99404.98982091772
2L_JA,0.0,random,3,,246,490.01,19881,1,19881,1.0,99404.98982091772
2L_JA,0.0,random,3,,251,500.01,19881,1,19881,1.0,99404.98982091772
2L_JA,0.0,random,3,,256,510.01,19881,1,19881,1.0,99404.98982091772
2L_JA,0.0,random,3,,261,520.01,19881,1,19881,1.0,99404.98982091772
2L_JA,0.0,random,3,,266,530.01,19881,1,19881,1.0,99404.98982091772
2L_JA,0.0,random,3,,271,540.01,19881,1,19881,1.0,99404.98982091772
2L_JA,0.0,random,3,,276,550.01,19881,1,19881,1.0,99404.98982091772
2L_JA,0.0,random,3,,281,560.01,19881,1,19881,1.0,99404.98982091772
2L_JA,0.0,random,3,,286,570.01,19881,1,19881,1.0,99404.98982091772
2L_JA,0.0,random,3,,291,580.01,19881,1,19881,1.0,99404.98982091772
2L_JA,0.0,random,3,,296,590.01,19881,1,19881,1.0,99404.98982091772
2L_JA,0.0,random,3,,301,600.01,19881,1,19881,1.0,99404.98982091772
2L_JA,0.0,nucl,1,,0,0.0,0,0,0,0.0,0.0
2L_JA,0.0,nucl,1,,1,0.01,3,3,1,0.0001508978421608571,12.0
2L_JA,0.0,nucl,1,,6,10.01,3743,161,1214,0.18827020773602937,15873.59346241415
2L_JA,0.0,nucl,1,,11,20.01,16188,25,14874,0.8142447562999849,77418.62073948748
2L_JA,0.0,nucl,1,,16,30.01,19826,1,19826,0.9972335395603843,98937.04676642033
2L_JA,0.0,nucl,1,,21,40.01,19881,1,19881,1.0,99404.9642476418
2L_JA,0.0,nucl,1,,26,50.01,19881,1,19881,1.0,99404.98981981399
2L_JA,0.0,nucl,1,,31,60.01,19881,1,19881,1.0,99404.98982091768
2L_JA,0.0,nucl,1,,36,70.01,19881,1,19881,1.0,99404.98982091772
2L_JA,0.0,nucl,1,,41,80.01,19881,1,19881,1.0,99404.98982091772
2L_JA,0.0,nucl,1,,46,90.01,19881,1,19881,1.0,99404.98982091772
2L_JA,0.0,nucl,1,,51,100.01,19881,1,19881,1.0,99404.98982091772
2L_JA,0.0,nucl,1,,56,110.01,19881,1,19881,1.0,99404.98982091772
2L_JA,0.0,nucl,1,,61,120.01,19881,1,19881,1.0,99404.98982091772
2L_JA,0.0,nucl,1,,66,130.01,19881,1,19881,1.0,99404.98982091772
2L_JA,0.0,nucl,1,,71,140.01,19881,1,19881,1.0,99404.98982091772
2L_JA,0.0,nucl,1,,76,150.01,19881,1,19881,1.0,99404.98982091772
2L_JA,0.0,nucl,1,,81,160.01,19881,1,19881,1.0,99404.98982091772
2L_JA,0.0,nucl,1,,86,170.01,19881,1,19881,1.0,99404.98982091772
2L_JA,0.0,nucl,1,,91,180.01,19881,1,19881,1.0,99404.98982091772
2L_JA,0.0,nucl,1,,96,190.01,19881,1,19881,1.0,99404.98982091772
2L_JA,0.0,nucl,1,,101,200.01,19881,1,19881,1.0,99404.98982091772
2L_JA,0.0,nucl,1,,106,210.01,19881,1,19881,1.0,99404.98982091772
2L_JA,0.0,nucl,1,,111,220.01,19881,1,19881,1.0,99404.98982091772
2L_JA,0.0,nucl,1,,116,230.01,19881,1,19881,1.0,99404.98982091772
2L_JA,0.0,nucl,1,,121,240.01,19881,1,19881,1.0,99404.98982091772
2L_JA,0.0,nucl,1,,126,250.01,19881,1,19881,1.0,99404.98982091772
2L_JA,0.0,nucl,1,,131,260.01,19881,1,19881,1.0,99404.98982091772
2L_JA,0.0,nucl,1,,136,270.01,19881,1,19881,1.0,99404.98982091772
2L_JA,0.0,nucl,1,,141,280.01,19881,1,19881,1.0,99404.98982091772
2L_JA,0.0,nucl,1,,146,290.01,19881,1,19881,1.0,99404.98982091772
2L_JA,0.0,nucl,1,,151,300.01,19881,1,19881,1.0,99404.98982091772
2L_JA,0.0,nucl,1,,156,310.01,19881,1,19881,1.0,99404.98982091772
2L_JA,0.0,nucl,1,,161,320.01,19881,1,19881,1.0,99404.98982091772
2L_JA,0.0,nucl,1,,166,330.01,19881,1,19881,1.0,99404.98982091772
2L_JA,0.0,nucl,1,,171,340.01,19881,1,19881,1.0,99404.98982091772
2L_JA,0.0,nucl,1,,176,350.01,19881,1,19881,1.0,99404.98982091772
2L_JA,0.0,nucl,1,,181,360.01,19881,1,19881,1.0,99404.98982091772
2L_JA,0.0,nucl,1,,186,370.01,19881,1,19881,1.0,99404.98982091772
2L_JA,0.0,nucl,1,,191,380.01,19881,1,19881,1.0,99404.98982091772
2L_JA,0.0,nucl,1,,196,390.01,19881,1,19881,1.0,99404.98982091772
2L_JA,0.0,nucl,1,,201,400.01,19881,1,19881,1.0,99404.98982091772
2L_JA,0.0,nucl,1,,206,410.01,19881,1,19881,1.0,99404.98982091772
2L_JA,0.0,nucl,1,,211,420.01,19881,1,19881,1.0,99404.98982091772
2L_JA,0.0,nucl,1,,216,430.01,19881,1,19881,1.0,99404.98982091772
2L_JA,0.0,nucl,1,,221,440.01,19881,1,19881,1.0,99404.98982091772
2L_JA,0.0,nucl,1,,226,450.01,19881,1,19881,1.0,99404.98982091772
2L_JA,0.0,nucl,1,,231,460.01,19881,1,19881,1.0,99404.98982091772
2L_JA,0.0,nucl,1,,236,470.01,19881,1,19881,1.0,99404.98982091772
2L_JA,0.0,nucl,1,,241,480.01,19881,1,19881,1.0,99404.98982091772
2L_JA,0.0,nucl,1,,246,490.01,19881,1,19881,1.0,99404.98982091772
2L_JA,0.0,nucl,1,,251,500.01,19881,1,19881,1.0,99404.98982091772
2L_JA,0.0,nucl,1,,256,510.01,19881,1,19881,1.0,99404.98982091772
2L_JA,0.0,nucl,1,,261,520.01,19881,1,19881,1.0,99404.98982091772
2L_JA,0.0,nucl,1,,266,530.01,19881,1,19881,1.0,99404.98982091772
2L_JA,0.0,nucl,1,,271,540.01,19881,1,19881,1.0,99404.98982091772
2L_JA,0.0,nucl,1,,276,550.01,19881,1,19881,1.0,99404.98982091772
2L_JA,0.0,nucl,1,,281,560.01,19881,1,19881,1.0,99404.98982091772
2L_JA,0.0,nucl,1,,286,570.01,19881,1,19881,1.0,99404.98982091772
2L_JA,0.0,nucl,1,,291,580.01,19881,1,19881,1.0,99404.98982091772
2L_JA,0.0,nucl,1,,296,590.01,19881,1,19881,1.0,99404.98982091772
2L_JA,0.0,nucl,1,,301,600.01,19881,1,19881,1.0,99404.98982091772
2L_JA,0.0,nucl,2,,0,0.0,0,0,0,0.0,0.0
2L_JA,0.0,nucl,2,,1,0.01,1,1,1,5.02992807202857e-05,4.0
2L_JA,0.0,nucl,2,,6,10.01,2426,162,393,0.12202605502741311,10121.111377366447
2L_JA,0.0,nucl,2,,11,20.01,14963,44,11912,0.7526281374176349,70832.68413080601
2L_JA,0.0,nucl,2,,16,30.01,19873,1,19873,0.9995976057542377,99209.98866538395
2L_JA,0.0,nucl,2,,21,40.01,19881,1,19881,1.0,99404.98139444875
2L_JA,0.0,nucl,2,,26,50.01,19881,1,19881,1.0,99404.98982055431
2L_JA,0.0,nucl,2,,31,60.01,19881,1,19881,1.0,99404.98982091769
2L_JA,0.0,nucl,2,,36,70.01,19881,1,19881,1.0,99404.98982091772
2L_JA,0.0,nucl,2,,41,80.01,19881,1,19881,1.0,99404.98982091772
2L_JA,0.0,nucl,2,,46,90.01,19881,1,19881,1.0,99404.98982091772
2L_JA,0.0,nucl,2,,51,100.01,19881,1,19881,1.0,99404.98982091772
2L_JA,0.0,nucl,2,,56,110.01,19881,1,19881,1.0,99404.98982091772
2L_JA,0.0,nucl,2,,61,120.01,19881,1,19881,1.0,99404.98982091772
2L_JA,0.0,nucl,2,,66,130.01,19881,1,19881,1.0,99404.98982091772
2L_JA,0.0,nucl,2,,71,140.01,19881,1,19881,1.0,99404.98982091772
2L_JA,0.0,nucl,2,,76,150.01,19881,1,19881,1.0,99404.98982091772
2L_JA,0.0,nucl,2,,81,160.01,19881,1,19881,1.0,99404.98982091772
2L_JA,0.0,nucl,2,,86,170.01,19881,1,19881,1.0,99404.98982091772
2L_JA,0.0,nucl,2,,91,180.01,19881,1,19881,1.0,99404.98982091772
2L_JA,0.0,nucl,2,,96,190.01,19881,1,19881,1.0,99404.98982091772
2L_JA,0.0,nucl,2,,101,200.01,19881,1,19881,1.0,99404.98982091772
2L_JA,0.0,nucl,2,,106,210.01,19881,1,19881,1.0,99404.98982091772
2L_JA,0.0,nucl,2,,111,220.01,19881,1,19881,1.0,99404.98982091772
2L_JA,0.0,nucl,2,,116,230.01,19881,1,19881,1.0,99404.98982091772
2L_JA,0.0,nucl,2,,121,240.01,19881,1,19881,1.0,99404.98982091772
2L_JA,0.0,nucl,2,,126,250.01,19881,1,19881,1.0,99404.98982091772
2L_JA,0.0,nucl,2,,131,260.01,19881,1,19881,1.0,99404.98982091772
2L_JA,0.0,nucl,2,,136,270.01,19881,1,19881,1.0,99404.98982091772
2L_JA,0.0,nucl,2,,141,280.01,19881,1,19881,1.0,99404.98982091772
2L_JA,0.0,nucl,2,,146,290.01,19881,1,19881,1.0,99404.98982091772
2L_JA,0.0,nucl,2,,151,300.01,19881,1,19881,1.0,99404.98982091772
2L_JA,0.0,nucl,2,,156,310.01,19881,1,19881,1.0,99404.98982091772
2L_JA,0.0,nucl,2,,161,320.01,19881,1,19881,1.0,99404.98982091772
2L_JA,0.0,nucl,2,,166,330.01,19881,1,19881,1.0,99404.98982091772
2L_JA,0.0,nucl,2,,171,340.01,19881,1,19881,1.0,99404.98982091772
2L_JA,0.0,nucl,2,,176,350.01,19881,1,19881,1.0,99404.98982091772
2L_JA,0.0,nucl,2,,181,360.01,19881,1,19881,1.0,99404.98982091772
2L_JA,0.0,nucl,2,,186,370.01,19881,1,19881,1.0,99404.98982091772
2L_JA,0.0,nucl,2,,191,380.01,19881,1,19881,1.0,99404.98982091772
2L_JA,0.0,nucl,2,,196,390.01,19881,1,19881,1.0,99404.98982091772
2L_JA,0.0,nucl,2,,201,400.01,19881,1,19881,1.0,99404.98982091772
2L_JA,0.0,nucl,2,,206,410.01,19881,1,19881,1.0,99404.98982091772
2L_JA,0.0,nucl,2,,211,420.01,19881,1,19881,1.0,99404.98982091772
2L_JA,0.0,nucl,2,,216,430.01,19881,1,19881,1.0,99404.98982091772
2L_JA,0.0,nucl,2,,221,440.01,19881,1,19881,1.0,99404.98982091772
2L_JA,0.0,nucl,2,,226,450.01,19881,1,19881,1.0,99404.98982091772
2L_JA,0.0,nucl,2,,231,460.01,19881,1,19881,1.0,99404.98982091772
2L_JA,0.0,nucl,2,,236,470.01,19881,1,19881,1.0,99404.98982091772
2L_JA,0.0,nucl,2,,241,480.01,19881,1,19881,1.0,99404.98982091772
2L_JA,0.0,nucl,2,,246,490.01,19881,1,19881,1.0,99404.98982091772
2L_JA,0.0,nucl,2,,251,500.01,19881,1,19881,1.0,99404.98982091772
2L_JA,0.0,nucl,2,,256,510.01,19881,1,19881,1.0,99404.98982091772
2L_JA,0.0,nucl,2,,261,520.01,19881,1,19881,1.0,99404.98982091772
2L_JA,0.0,nucl,2,,266,530.01,19881,1,19881,1.0,99404.98982091772
2L_JA,0.0,nucl,2,,271,540.01,19881,1,19881,1.0,99404.98982091772
2L_JA,0.0,nucl,2,,276,550.01,19881,1,19881,1.0,99404.98982091772
2L_JA,0.0,nucl,2,,281,560.01,19881,1,19881,1.0,99404.98982091772
2L_JA,0.0,nucl,2,,286,570.01,19881,1,19881,1.0,99404.98982091772
2L_JA,0.0,nucl,2,,291,580.01,19881,1,19881,1.0,99404.98982091772
2L_JA,0.0,nucl,2,,296,590.01,19881,1,19881,1.0,99404.98982091772
2L_JA,0.0,nucl,2,,301,600.01,19881,1,19881,1.0,99404.98982091772
2L_JA,0.0,nucl,3,,0,0.0,0,0,0,0.0,0.0
2L_JA,0.0,nucl,3,,1,0.01,4,4,1,0.0002011971228811428,16.0
2L_JA,0.0,nucl,3,,6,10.01,2539,184,400,0.12770987374880538,10817.815262997949
2L_JA,0.0,nucl,3,,11,20.01,13968,43,13771,0.7025803531009507,65880.89970160554
2L_JA,0.0,nucl,3,,16,30.01,19520,3,19518,0.9818419596599769,96937.13050982688
2L_JA,0.0,nucl,3,,21,40.01,19881,1,19881,1.0,99404.54372162303
2L_JA,0.0,nucl,3,,26,50.01,19881,1,19881,1.0,99404.98980165928
2L_JA,0.0,nucl,3,,31,60.01,19881,1,19881,1.0,99404.98982091693
2L_JA,0.0,nucl,3,,36,70.01,19881,1,19881,1.0,99404.98982091772
2L_JA,0.0,nucl,3,,41,80.01,19881,1,19881,1.0,99404.98982091772
2L_JA,0.0,nucl,3,,46,90.01,19881,1,19881,1.0,99404.98982091772
2L_JA,0.0,nucl,3,,51,100.01,19881,1,19881,1.0,99404.98982091772
2L_JA,0.0,nucl,3,,56,110.01,19881,1,19881,1.0,99404.98982091772
2L_JA,0.0,nucl,3,,61,120.01,19881,1,19881,1.0,99404.98982091772
2L_JA,0.0,nucl,3,,66,130.01,19881,1,19881,1.0,99404.98982091772
2L_JA,0.0,nucl,3,,71,140.01,19881,1,19881,1.0,99404.98982091772
2L_JA,0.0,nucl,3,,76,150.01,19881,1,19881,1.0,99404.98982091772
2L_JA,0.0,nucl,3,,81,160.01,19881,1,19881,1.0,99404.98982091772
2L_JA,0.0,nucl,3,,86,170.01,19881,1,19881,1.0,99404.98982091772
2L_JA,0.0,nucl,3,,91,180.01,19881,1,19881,1.0,99404.98982091772
2L_JA,0.0,nucl,3,,96,190.01,19881,1,19881,1.0,99404.98982091772
2L_JA,0.0,nucl,3,,101,200.01,19881,1,19881,1.0,99404.98982091772
2L_JA,0.0,nucl,3,,106,210.01,19881,1,19881,1.0,99404.98982091772
2L_JA,0.0,nucl,3,,111,220.01,19881,1,19881,1.0,99404.98982091772
2L_JA,0.0,nucl,3,,116,230.01,19881,1,19881,1.0,99404.98982091772
2L_JA,0.0,nucl,3,,121,240.01,19881,1,19881,1.0,99404.98982091772
2L_JA,0.0,nucl,3,,126,250.01,19881,1,19881,1.0,99404.98982091772
2L_JA,0.0,nucl,3,,131,260.01,19881,1,19881,1.0,99404.98982091772
2L_JA,0.0,nucl,3,,136,270.01,19881,1,19881,1.0,99404.98982091772
2L_JA,0.0,nucl,3,,141,280.01,19881,1,19881,1.0,99404.98982091772
2L_JA,0.0,nucl,3,,146,290.01,19881,1,19881,1.0,99404.98982091772
2L_JA,0.0,nucl,3,,151,300.01,19881,1,19881,1.0,99404.98982091772
2L_JA,0.0,nucl,3,,156,310.01,19881,1,19881,1.0,99404.98982091772
2L_JA,0.0,nucl,3,,161,320.01,19881,1,19881,1.0,99404.98982091772
2L_JA,0.0,nucl,3,,166,330.01,19881,1,19881,1.0,99404.98982091772
2L_JA,0.0,nucl,3,,171,340.01,19881,1,19881,1.0,99404.98982091772
2L_JA,0.0,nucl,3,,176,350.01,19881,1,19881,1.0,99404.98982091772
2L_JA,0.0,nucl,3,,181,360.01,19881,1,19881,1.0,99404.98982091772
2L_JA,0.0,nucl,3,,186,370.01,19881,1,19881,1.0,99404.98982091772
2L_JA,0.0,nucl,3,,191,380.01,19881,1,19881,1.0,99404.98982091772
2L_JA,0.0,nucl,3,,196,390.01,19881,1,19881,1.0,99404.98982091772
2L_JA,0.0,nucl,3,,201,400.01,19881,1,19881,1.0,99404.98982091772
2L_JA,0.0,nucl,3,,206,410.01,19881,1,19881,1.0,99404.98982091772
2L_JA,0.0,nucl,3,,211,420.01,19881,1,19881,1.0,99404.98982091772
2L_JA,0.0,nucl,3,,216,430.01,19881,1,19881,1.0,99404.98982091772
2L_JA,0.0,nucl,3,,221,440.01,19881,1,19881,1.0,99404.98982091772
2L_JA,0.0,nucl,3,,226,450.01,19881,1,19881,1.0,99404.98982091772
2L_JA,0.0,nucl,3,,231,460.01,19881,1,19881,1.0,99404.98982091772
2L_JA,0.0,nucl,3,,236,470.01,19881,1,19881,1.0,99404.98982091772
2L_JA,0.0,nucl,3,,241,480.01,19881,1,19881,1.0,99404.98982091772
2L_JA,0.0,nucl,3,,246,490.01,19881,1,19881,1.0,99404.98982091772
2L_JA,0.0,nucl,3,,251,500.01,19881,1,19881,1.0,99404.98982091772
2L_JA,0.0,nucl,3,,256,510.01,19881,1,19881,1.0,99404.98982091772
2L_JA,0.0,nucl,3,,261,520.01,19881,1,19881,1.0,99404.98982091772
2L_JA,0.0,nucl,3,,266,530.01,19881,1,19881,1.0,99404.98982091772
2L_JA,0.0,nucl,3,,271,540.01,19881,1,19881,1.0,99404.98982091772
2L_JA,0.0,nucl,3,,276,550.01,19881,1,19881,1.0,99404.98982091772
2L_JA,0.0,nucl,3,,281,560.01,19881,1,19881,1.0,99404.98982091772
2L_JA,0.0,nucl,3,,286,570.01,19881,1,19881,1.0,99404.98982091772
2L_JA,0.0,nucl,3,,291,580.01,19881,1,19881,1.0,99404.98982091772
2L_JA,0.0,nucl,3,,296,590.01,19881,1,19881,1.0,99404.98982091772
2L_JA,0.0,nucl,3,,301,600.01,19881,1,19881,1.0,99404.98982091772
3B_labyrinth,15.0,seed1,0,1302,0,0.0,1,1,1,5.02992807202857e-05,10.0
3B_labyrinth,15.0,seed1,0,1302,1,0.01,1,1,1,5.02992807202857e-05,10.25783630072611
3B_labyrinth,15.0,seed1,0,1302,6,10.01,163,1,163,0.00819878275740657,922.1336023470834
3B_labyrinth,15.0,seed1,0,1302,11,20.01,331,1,331,0.016649061918414566,1971.2819930095166
3B_labyrinth,15.0,seed1,0,1302,16,30.01,517,1,517,0.026004728132387706,2985.806569793158
3B_labyrinth,15.0,seed1,0,1302,21,40.01,631,1,631,0.03173884613450028,3862.8616872487314
3B_labyrinth,15.0,seed1,0,1302,26,50.01,811,1,811,0.040792716664151706,4795.090052872087
3B_labyrinth,15.0,seed1,0,1302,31,60.01,919,1,919,0.04622503898194256,5530.804920616697
3B_labyrinth,15.0,seed1,0,1302,36,70.01,1051,1,1051,0.05286454403702027,6252.284271508017
3B_labyrinth,15.0,seed1,0,1302,41,80.01,1201,1,1201,0.060409436145063125,7041.773215636858
3B_labyrinth,15.0,seed1,0,1302,46,90.01,1333,1,1333,0.06704894120014084,7859.332864937251
3B_labyrinth,15.0,seed1,0,1302,51,100.01,1465,1,1465,0.07368844625521855,8679.899706441673
3B_labyrinth,15.0,seed1,0,1302,56,110.01,1609,1,1609,0.08093154267893969,9491.537136511226
3B_labyrinth,15.0,seed1,0,1302,61,120.01,1735,1,1735,0.08726925204969568,10292.134536015838
3B_labyrinth,15.0,seed1,0,1302,66,130.01,1873,1,1873,0.09421055278909511,11144.70626384556
3B_labyrinth,15.0,seed1,0,1302,71,140.01,2029,1,2029,0.10205724058145968,12040.979674347203
3B_labyrinth,15.0,seed1,0,1302,76,150.01,2215,1,2215,0.11141290679543282,12949.242330978046
3B_labyrinth,15.0,seed1,0,1302,81,160.01,2371,1,2371,0.11925959458779739,13980.91863786834
3B_labyrinth,15.0,seed1,0,1302,86,170.01,2521,1,2521,0.12680448669584024,14917.824078444582
3B_labyrinth,15.0,seed1,0,1302,91,180.01,2719,1,2719,0.1367637442784568,15996.08228177352
3B_labyrinth,15.0,seed1,0,1302,96,190.01,2867,1,2867,0.14420803782505912,17056.723450495792
3B_labyrinth,15.0,seed1,0,1302,101,200.01,3091,1,3091,0.1554750767064031,18254.01091799345
3B_labyrinth,15.0,seed1,0,1302,106,210.01,3289,1,3289,0.16543433428901966,19462.78660202773
3B_labyrinth,15.0,seed1,0,1302,111,220.01,3481,1,3481,0.17509179618731452,20580.689486344218
3B_labyrinth,15.0,seed1,0,1302,116,230.01,3691,1,3691,0.18565464513857452,21797.29915451121
3B_labyrinth,15.0,seed1,0,1302,121,240.01,3989,1,3989,0.20064383079321965,23372.35180526832
3B_labyrinth,15.0,seed1,0,1302,126,250.01,4209,1,4209,0.21170967255168252,24740.968065615532
3B_labyrinth,15.0,seed1,0,1302,131,260.01,4427,1,4427,0.2226749157487048,26132.02775699219
3B_labyrinth,15.0,seed1,0,1302,136,270.01,4692,1,4692,0.2360042251395805,27649.656411751897
3B_labyrinth,15.0,seed1,0,1302,141,280.01,4979,1,4979,0.2504401187063025,29058.201253806652
3B_labyrinth,15.0,seed1,0,1302,146,290.01,5217,1,5217,0.2624113475177305,30556.53361662646
3B_labyrinth,15.0,seed1,0,1302,151,300.01,5449,1,5449,0.27408078064483676,32147.358160382708
3B_labyrinth,15.0,seed1,0,1302,156,310.01,5715,1,5715,0.28746038931643275,33601.60489383969
3B_labyrinth,15.0,seed1,0,1302,161,320.01,5911,1,5911,0.29731904833760875,35072.68382452509
3B_labyrinth,15.0,seed1,0,1302,166,330.01,6202,1,6202,0.3119561390272119,36619.85416207962
3B_labyrinth,15.0,seed1,0,1302,171,340.01,6466,1,6466,0.32523514913736734,38201.62888921509
3B_labyrinth,15.0,seed1,0,1302,176,350.01,6728,1,6728,0.3384135606860822,39716.48157879012
3B_labyrinth,15.0,seed1,0,1302,181,360.01,6928,1,6928,0.3484734168301393,41010.88231281006
3B_labyrinth,15.0,seed1,0,1302,186,370.01,7128,1,7128,0.35853327297419646,42194.126063119984
3B_labyrinth,15.0,seed1,0,1302,191,380.01,7303,1,7303,0.36733564710024647,43288.523228217266
3B_labyrinth,15.0,seed1,0,1302,196,390.01,7480,1,7480,0.37623861978773704,44266.30178266154
3B_labyrinth,15.0,seed1,0,1302,201,400.01,7591,1,7591,0.38182183994768876,45063.22106342236
3B_labyrinth,15.0,seed1,0,1302,206,410.01,7731,1,7731,0.38886373924852874,45785.818204365496
3B_labyrinth,15.0,seed1,0,1302,211,420.01,7811,1,7811,0.3928876817061516,46388.79964819075
3B_labyrinth,15.0,seed1,0,1302,216,430.01,7933,1,7933,0.39902419395402644,47066.56047626212
3B_labyrinth,15.0,seed1,0,1302,221,440.01,8035,1,8035,0.4041547205874956,47691.616420180304
3B_labyrinth,15.0,seed1,0,1302,226,450.01,8136,1,8136,0.40923494794024445,48300.71987074023
3B_labyrinth,15.0,seed1,0,1302,231,460.01,8249,1,8249,0.41491876666163674,48880.04717906966
3B_labyrinth,15.0,seed1,0,1302,236,470.01,8357,1,8357,0.4203510889794276,49543.67939772163
3B_labyrinth,15.0,seed1,0,1302,241,480.01,8486,1,8486,0.42683969619234446,50226.80744107849
3B_labyrinth,15.0,seed1,0,1302,246,490.01,8592,1,8592,0.43217141994869473,50886.48395418491
3B_labyrinth,15.0,seed1,0,1302,251,500.01,8714,1,8714,0.4383079321965696,51596.29412262287
3B_labyrinth,15.0,seed1,0,1302,256,510.01,8848,1,8848,0.4450480358130879,52314.89178133587
3B_labyrinth,15.0,seed1,0,1302,261,520.01,8960,1,8960,0.45068155525375986,52935.55428058273
3B_labyrinth,15.0,seed1,0,1302,266,530.01,9062,1,9062,0.455812081887229,53596.25591063052
3B_labyrinth,15.0,seed1,0,1302,271,540.01,9170,1,9170,0.4612444042050199,54208.80979221473
3B_labyrinth,15.0,seed1,0,1302,276,550.01,9264,1,9264,0.46597253659272675,54733.79796924212
3B_labyrinth,15.0,seed1,0,1302,281,560.01,9346,1,9346,0.47009707761179015,55299.65751225614
3B_labyrinth,15.0,seed1,0,1302,286,570.01,9434,1,9434,0.4745234143151753,55774.98661408187
3B_labyrinth,15.0,seed1,0,1302,291,580.01,9510,1,9510,0.478346159649917,56218.390185478325
3B_labyrinth,15.0,seed1,0,1302,296,590.01,9578,1,9578,0.4817665107388964,56620.23854721562
3B_labyrinth,15.0,seed1,0,1302,301,600.01,9625,1,9625,0.48413057693274986,56940.63325835648
3B_labyrinth,15.0,seed1,0,1302,306,610.01,9680,1,9680,0.48689703737236556,57263.50150270054
3B_labyrinth,15.0,seed1,0,1302,311,620.01,9712,1,9712,0.4885066143554147,57527.96382370054
3B_labyrinth,15.0,seed1,0,1302,316,630.01,9759,1,9759,0.49087068054926813,57757.18114700403
3B_labyrinth,15.0,seed1,0,1302,321,640.01,9795,1,9795,0.4926814546551984,58025.480922105315
3B_labyrinth,15.0,seed1,0,1302,326,650.01,9820,1,9820,0.4939389366732056,58210.66784401364
3B_labyrinth,15.0,seed1,0,1302,331,660.01,9855,1,9855,0.49569941149841557,58416.688471870235
3B_labyrinth,15.0,seed1,0,1302,336,670.01,9886,1,9886,0.49725868920074445,58576.65254216686
3B_labyrinth,15.0,seed1,0,1302,341,680.01,9915,1,9915,0.4987173683416327,58765.300216532836
3B_labyrinth,15.0,seed1,0,1302,346,690.01,9934,1,9934,0.49967305467531814,58864.251744745576
3B_labyrinth,15.0,seed1,0,1302,351,700.01,9952,1,9952,0.5005784417282833,59023.387478152275
3B_labyrinth,15.0,seed1,0,1302,356,710.01,9960,1,9960,0.5009808359740455,59100.59647217307
3B_labyrinth,15.0,seed1,0,1302,361,720.01,9989,1,9989,0.5024395151149339,59211.112676097764
3B_labyrinth,15.0,seed1,0,1302,366,730.01,10000,1,10000,0.502992807202857,59313.859985164716
3B_labyrinth,15.0,seed1,0,1302,371,740.01,10022,1,10022,0.5040993913787033,59424.06302759512
3B_labyrinth,15.0,seed1,0,1302,376,750.01,10032,1,10032,0.5046023841859062,59489.18793229889
3B_labyrinth,15.0,seed1,0,1302,381,760.01,10030,1,10030,0.5045017856244656,59524.27467681257
3B_labyrinth,15.0,seed1,0,1302,386,770.01,10054,1,10054,0.5057089683617524,59609.385375282145
3B_labyrinth,15.0,seed1,0,1302,391,780.01,10065,1,10065,0.5062622604496756,59682.08371505763
3B_labyrinth,15.0,seed1,0,1302,396,790.01,10074,1,10074,0.5067149539761582,59741.535007664235
3B_labyrinth,15.0,seed1,0,1302,401,800.01,10079,1,10079,0.5069664503797595,59751.84016814603
3B_labyrinth,15.0,seed1,0,1302,406,810.01,10077,1,10077,0.506865851818319,59741.939750388745
3B_labyrinth,15.0,seed1,0,1302,411,820.01,10072,1,10072,0.5066143554147176,59707.84522052144
3B_labyrinth,15.0,seed1,0,1302,416,830.01,10062,1,10062,0.5061113626075147,59671.54997132146
3B_labyrinth,15.0,seed1,0,1302,421,840.01,10054,1,10054,0.5057089683617524,59638.73748890501
3B_labyrinth,15.0,seed1,0,1302,426,850.01,10056,1,10056,0.505809566923193,59624.71725337223
3B_labyrinth,15.0,seed1,0,1302,431,860.01,10049,1,10049,0.505457471958151,59595.4270664856
3B_labyrinth,15.0,seed1,0,1302,436,870.01,10049,1,10049,0.505457471958151,59602.28912028694
3B_labyrinth,15.0,seed1,0,1302,441,880.01,10046,1,10046,0.5053065741159901,59578.26008085759
3B_labyrinth,15.0,seed1,0,1302,446,890.01,10039,1,10039,0.5049544791509482,59543.41596540567
3B_labyrinth,15.0,seed1,0,1302,451,900.01,10034,1,10034,0.5047029827473467,59511.451564850344
3B_labyrinth,15.0,seed1,0,1302,456,910.01,10028,1,10028,0.504401187063025,59484.57423026624
3B_labyrinth,15.0,seed1,0,1302,461,920.01,10024,1,10024,0.5041999899401438,59460.94171532492
3B_labyrinth,15.0,seed1,0,1302,466,930.01,10020,1,10020,0.5039987928172627,59440.77148784358
3B_labyrinth,15.0,seed1,0,1302,471,940.01,10017,1,10017,0.5038478949751019,59426.20194343824
3B_labyrinth,15.0,seed1,0,1302,476,950.01,10017,1,10017,0.5038478949751019,59418.781968954834
3B_labyrinth,15.0,seed1,0,1302,481,960.01,10016,1,10016,0.5037975956943815,59416.48835628379
3B_labyrinth,15.0,seed1,0,1302,486,970.01,10015,1,10015,0.5037472964136613,59418.350023797626
3B_labyrinth,15.0,seed1,0,1302,491,980.01,10017,1,10017,0.5038478949751019,59424.18338907602
3B_labyrinth,15.0,seed1,0,1302,496,990.01,10019,1,10019,0.5039484935365425,59430.49019350939
3B_labyrinth,15.0,seed1,0,1302,501,1000.01,10021,1,10021,0.504049092097983,59435.53295025127
3B_labyrinth,15.0,seed1_L5,0,1302,0,0.0,1,1,1,5.02992807202857e-05,5.0
3B_labyrinth,15.0,seed1_L5,0,1302,1,0.01,1,1,1,5.02992807202857e-05,5.000057451894192
3B_labyrinth,15.0,seed1_L5,0,1302,6,10.01,0,0,0,0.0,0.00024748873540937866
3B_labyrinth,15.0,seed1_L5,0,1302,11,20.01,0,0,0,0.0,1.0684397427709203e-08
3B_labyrinth,15.0,seed1_L5,0,1302,16,30.01,0,0,0,0.0,4.61258764785434e-13
3B_labyrinth,15.0,seed1_L5,0,1302,21,40.01,0,0,0,0.0,1.991311625488661e-17
3B_labyrinth,15.0,seed1_L5,0,1302,26,50.01,0,0,0,0.0,8.5967406855691e-22
3B_labyrinth,15.0,seed1_L5,0,1302,31,60.01,0,0,0,0.0,3.711320190619756e-26
3B_labyrinth,15.0,seed1_L5,0,1302,36,70.01,0,0,0,0.0,1.6022232216941705e-30
3B_labyrinth,15.0,seed1_L5,0,1302,41,80.01,0,0,0,0.0,6.916997511086081e-35
3B_labyrinth,15.0,seed1_L5,0,1302,46,90.01,0,0,0,0.0,2.986154108900049e-39
3B_labyrinth,15.0,seed1_L5,0,1302,51,100.01,0,0,0,0.0,1.289159978416778e-43
3B_labyrinth,15.0,seed1_L5,0,1302,56,110.01,0,0,0,0.0,5.565464438014949e-48
3B_labyrinth,15.0,seed1_L5,0,1302,61,120.01,0,0,0,0.0,2.4026804220876388e-52
3B_labyrinth,15.0,seed1_L5,0,1302,66,130.01,0,0,0,0.0,1.0372671095069038e-56
3B_labyrinth,15.0,seed1_L5,0,1302,71,140.01,0,0,0,0.0,4.4780115015460905e-61
3B_labyrinth,15.0,seed1_L5,0,1302,76,150.01,0,0,0,0.0,1.9332134244102003e-65
3B_labyrinth,15.0,seed1_L5,0,1302,81,160.01,0,0,0,0.0,8.345923504281865e-70
3B_labyrinth,15.0,seed1_L5,0,1302,86,170.01,0,0,0,0.0,3.6030392847378e-74
3B_labyrinth,15.0,seed1_L5,0,1302,91,180.01,0,0,0,0.0,1.5554770039173698e-78
3B_labyrinth,15.0,seed1_L5,0,1302,96,190.01,0,0,0,0.0,6.715188257770616e-83
3B_labyrinth,15.0,seed1_L5,0,1302,101,200.01,0,0,0,0.0,2.8990305368536274e-87
3B_labyrinth,15.0,seed1_L5,0,1302,106,210.01,0,0,0,0.0,1.2515476455756126e-91
3B_labyrinth,15.0,seed1_L5,0,1302,111,220.01,0,0,0,0.0,5.403087305337173e-96
3B_labyrinth,15.0,seed1_L5,0,1302,116,230.01,0,0,0,0.0,2.332580188400982e-100
3B_labyrinth,15.0,seed1_L5,0,1302,121,240.01,0,0,0,0.0,1.0070039641865845e-104
3B_labyrinth,15.0,seed1_L5,0,1302,126,250.01,0,0,0,0.0,4.347361728141266e-109
3B_labyrinth,15.0,seed1_L5,0,1302,131,260.01,0,0,0,0.0,1.876810287492131e-113
3B_labyrinth,15.0,seed1_L5,0,1302,136,270.01,0,0,0,0.0,8.10242412641914e-118
3B_labyrinth,15.0,seed1_L5,0,1302,141,280.01,0,0,0,0.0,3.497917565877269e-122
3B_labyrinth,15.0,seed1_L5,0,1302,146,290.01,0,0,0,0.0,1.5100946465857514e-126
3B_labyrinth,15.0,seed1_L5,0,1302,151,300.01,0,0,0,0.0,6.519266960126404e-131
3B_labyrinth,15.0,seed1_L5,0,1302,156,310.01,0,0,0,0.0,2.81444886871747e-135
3B_labyrinth,15.0,seed1_L5,0,1302,161,320.01,0,0,0,0.0,1.21503268436049e-139
3B_labyrinth,15.0,seed1_L5,0,1302,166,330.01,0,0,0,0.0,5.245447662856293e-144
3B_labyrinth,15.0,seed1_L5,0,1302,171,340.01,0,0,0,0.0,2.2645251883282806e-148
3B_labyrinth,15.0,seed1_L5,0,1302,176,350.01,0,0,0,0.0,9.77623771729877e-153
3B_labyrinth,15.0,seed1_L5,0,1302,181,360.01,0,0,0,0.0,4.2205237723891504e-157
3B_labyrinth,15.0,seed1_L5,0,1302,186,370.01,0,0,0,0.0,1.8220527598037652e-161
3B_labyrinth,15.0,seed1_L5,0,1302,191,380.01,0,0,0,0.0,7.86602904887611e-166
3B_labyrinth,15.0,seed1_L5,0,1302,196,390.01,0,0,0,0.0,3.395862862084553e-170
3B_labyrinth,15.0,seed1_L5,0,1302,201,400.01,0,0,0,0.0,1.4660363579171806e-174
3B_labyrinth,15.0,seed1_L5,0,1302,206,410.01,0,0,0,0.0,6.329061832066307e-179
3B_labyrinth,15.0,seed1_L5,0,1302,211,420.01,0,0,0,0.0,2.7323349422948815e-183
3B_labyrinth,15.0,seed1_L5,0,1302,216,430.01,0,0,0,0.0,1.1795830780259918e-187
3B_labyrinth,15.0,seed1_L5,0,1302,221,440.01,0,0,0,0.0,5.092407290288601e-192
3B_labyrinth,15.0,seed1_L5,0,1302,226,450.01,0,0,0,0.0,2.1984557504488894e-196
3B_labyrinth,15.0,seed1_L5,0,1302,231,460.01,0,0,0,0.0,9.491007712401328e-201
3B_labyrinth,15.0,seed1_L5,0,1302,236,470.01,0,0,0,0.0,4.097386421285429e-205
3B_labyrinth,15.0,seed1_L5,0,1302,241,480.01,0,0,0,0.0,1.7688928293038514e-209
3B_labyrinth,15.0,seed1_L5,0,1302,246,490.01,0,0,0,0.0,7.636530997681558e-214
3B_labyrinth,15.0,seed1_L5,0,1302,251,500.01,0,0,0,0.0,3.2967856906007157e-218
3B_labyrinth,15.0,seed1_L5,0,1302,256,510.01,0,0,0,0.0,1.4232635070884123e-222
3B_labyrinth,15.0,seed1_L5,0,1302,261,520.01,0,0,0,0.0,6.144406099507495e-227
3B_labyrinth,15.0,seed1_L5,0,1302,266,530.01,0,0,0,0.0,2.6526167591339526e-231
3B_labyrinth,15.0,seed1_L5,0,1302,271,540.01,0,0,0,0.0,1.1451677439423041e-235
3B_labyrinth,15.0,seed1_L5,0,1302,276,550.01,0,0,0,0.0,4.943832000043852e-240
3B_labyrinth,15.0,seed1_L5,0,1302,281,560.01,0,0,0,0.0,2.1343139443062324e-244
3B_labyrinth,15.0,seed1_L5,0,1302,286,570.01,0,0,0,0.0,9.21409953416622e-249
3B_labyrinth,15.0,seed1_L5,0,1302,291,580.01,0,0,0,0.0,3.9778417065592136e-253
3B_labyrinth,15.0,seed1_L5,0,1302,296,590.01,0,0,0,0.0,1.71728388474303e-257
3B_labyrinth,15.0,seed1_L5,0,1302,301,600.01,0,0,0,0.0,7.413728746257758e-262
3B_labyrinth,15.0,seed1_L5,0,1302,306,610.01,0,0,0,0.0,3.200599179402025e-266
3B_labyrinth,15.0,seed1_L5,0,1302,311,620.01,0,0,0,0.0,1.3817385903631435e-270
3B_labyrinth,15.0,seed1_L5,0,1302,316,630.01,0,0,0,0.0,5.965137854142134e-275
3B_labyrinth,15.0,seed1_L5,0,1302,321,640.01,0,0,0,0.0,2.5752244213985323e-279
3B_labyrinth,15.0,seed1_L5,0,1302,326,650.01,0,0,0,0.0,1.111756506341654e-283
3B_labyrinth,15.0,seed1_L5,0,1302,331,660.01,0,0,0,0.0,4.799591519568461e-288
3B_labyrinth,15.0,seed1_L5,0,1302,336,670.01,0,0,0,0.0,2.0720435296138714e-292
3B_labyrinth,15.0,seed1_L5,0,1302,341,680.01,0,0,0,0.0,8.945270386261413e-297
3B_labyrinth,15.0,seed1_L5,0,1302,346,690.01,0,0,0,0.0,3.86178481000526e-301
3B_labyrinth,15.0,seed1_L5,0,1302,351,700.01,0,0,0,0.0,1.6671806747945867e-305
3B_labyrinth,15.0,seed1_L5,0,1302,356,710.01,0,0,0,0.0,7.1974269390546e-310
3B_labyrinth,15.0,seed1_L5,0,1302,361,720.01,0,0,0,0.0,3.1072197044e-314
3B_labyrinth,15.0,seed1_L5,0,1302,366,730.01,0,0,0,0.0,1.34871e-318
3B_labyrinth,15.0,seed1_L5,0,1302,371,740.01,0,0,0,0.0,8.957e-321
3B_labyrinth,15.0,seed1_L5,0,1302,376,750.01,0,0,0,0.0,8.957e-321
3B_labyrinth,15.0,seed1_L5,0,1302,381,760.01,0,0,0,0.0,8.957e-321
3B_labyrinth,15.0,seed1_L5,0,1302,386,770.01,0,0,0,0.0,8.957e-321
3B_labyrinth,15.0,seed1_L5,0,1302,391,780.01,0,0,0,0.0,8.957e-321
3B_labyrinth,15.0,seed1_L5,0,1302,396,790.01,0,0,0,0.0,8.957e-321
3B_labyrinth,15.0,seed1_L5,0,1302,401,800.01,0,0,0,0.0,8.957e-321
3B_labyrinth,15.0,seed1_L5,0,1302,406,810.01,0,0,0,0.0,8.957e-321
3B_labyrinth,15.0,seed1_L5,0,1302,411,820.01,0,0,0,0.0,8.957e-321
3B_labyrinth,15.0,seed1_L5,0,1302,416,830.01,0,0,0,0.0,8.957e-321
3B_labyrinth,15.0,seed1_L5,0,1302,421,840.01,0,0,0,0.0,8.957e-321
3B_labyrinth,15.0,seed1_L5,0,1302,426,850.01,0,0,0,0.0,8.957e-321
3B_labyrinth,15.0,seed1_L5,0,1302,431,860.01,0,0,0,0.0,8.957e-321
3B_labyrinth,15.0,seed1_L5,0,1302,436,870.01,0,0,0,0.0,8.957e-321
3B_labyrinth,15.0,seed1_L5,0,1302,441,880.01,0,0,0,0.0,8.957e-321
3B_labyrinth,15.0,seed1_L5,0,1302,446,890.01,0,0,0,0.0,8.957e-321
3B_labyrinth,15.0,seed1_L5,0,1302,451,900.01,0,0,0,0.0,8.957e-321
3B_labyrinth,15.0,seed1_L5,0,1302,456,910.01,0,0,0,0.0,8.957e-321
3B_labyrinth,15.0,seed1_L5,0,1302,461,920.01,0,0,0,0.0,8.957e-321
3B_labyrinth,15.0,seed1_L5,0,1302,466,930.01,0,0,0,0.0,8.957e-321
3B_labyrinth,15.0,seed1_L5,0,1302,471,940.01,0,0,0,0.0,8.957e-321
3B_labyrinth,15.0,seed1_L5,0,1302,476,950.01,0,0,0,0.0,8.957e-321
3B_labyrinth,15.0,seed1_L5,0,1302,481,960.01,0,0,0,0.0,8.957e-321
3B_labyrinth,15.0,seed1_L5,0,1302,486,970.01,0,0,0,0.0,8.957e-321
3B_labyrinth,15.0,seed1_L5,0,1302,491,980.01,0,0,0,0.0,8.957e-321
3B_labyrinth,15.0,seed1_L5,0,1302,496,990.01,0,0,0,0.0,8.957e-321
3B_labyrinth,15.0,seed1_L5,0,1302,501,1000.01,0,0,0,0.0,8.957e-321
3B_labyrinth,15.0,seed9,1,1007,0,0.0,9,9,1,0.0004526935264825713,90.0
3B_labyrinth,15.0,seed9,1,1007,1,0.01,9,9,1,0.0004526935264825713,92.32052670653499
3B_labyrinth,15.0,seed9,1,1007,6,10.01,1312,9,163,0.06599265630501484,7338.153118120312
3B_labyrinth,15.0,seed9,1,1007,11,20.01,2396,9,325,0.12051707660580453,13985.52071245373
3B_labyrinth,15.0,seed9,1,1007,16,30.01,3187,9,477,0.16030380765555052,18716.10499324106
3B_labyrinth,15.0,seed9,1,1007,21,40.01,3795,9,584,0.19088577033348422,22447.981130532447
3B_labyrinth,15.0,seed9,1,1007,26,50.01,4325,9,708,0.21754438911523566,25548.442527177416
3B_labyrinth,15.0,seed9,1,1007,31,60.01,4755,9,798,0.2391730798249585,28178.962146596205
3B_labyrinth,15.0,seed9,1,1007,36,70.01,5159,9,900,0.2594939892359539,30505.449733083326
3B_labyrinth,15.0,seed9,1,1007,41,80.01,5523,9,996,0.27780292741813795,32667.305036003734
3B_labyrinth,15.0,seed9,1,1007,46,90.01,5880,9,1093,0.2957597706352799,34776.99026843475
3B_labyrinth,15.0,seed9,1,1007,51,100.01,6222,9,1189,0.3129621246416176,36737.649034287286
3B_labyrinth,15.0,seed9,1,1007,56,110.01,6536,9,1275,0.32875609878778733,38603.324514993874
3B_labyrinth,15.0,seed9,1,1007,61,120.01,6847,9,1369,0.3443991750917962,40429.97199615171
3B_labyrinth,15.0,seed9,1,1007,66,130.01,7157,9,1460,0.3599919521150848,42203.68065905002
3B_labyrinth,15.0,seed9,1,1007,71,140.01,7448,9,1550,0.3746290428046879,43947.343439341894
3B_labyrinth,15.0,seed9,1,1007,76,150.01,7729,9,1638,0.38876314068708817,45637.15925737834
3B_labyrinth,15.0,seed9,1,1007,81,160.01,8007,9,1719,0.4027463407273276,47227.74628055404
3B_labyrinth,15.0,seed9,1,1007,86,170.01,8249,9,1802,0.41491876666163674,48666.25304073376
3B_labyrinth,15.0,seed9,1,1007,91,180.01,8471,9,1867,0.4260852069815402,50040.654666363625
3B_labyrinth,15.0,seed9,1,1007,96,190.01,8690,9,1933,0.43710074945928273,51302.13557541245
3B_labyrinth,15.0,seed9,1,1007,101,200.01,8902,9,1993,0.4477641969719833,52516.63678467719
3B_labyrinth,15.0,seed9,1,1007,106,210.01,9069,9,2043,0.456164176852271,53545.99000763435
3B_labyrinth,15.0,seed9,1,1007,111,220.01,9221,9,2087,0.46380966752175445,54441.62909898328
3B_labyrinth,15.0,seed9,1,1007,116,230.01,9323,9,2122,0.4689401941552236,55089.82785018113
3B_labyrinth,15.0,seed9,1,1007,121,240.01,9414,9,2152,0.47351742870076957,55733.34631209875
3B_labyrinth,15.0,seed9,1,1007,126,250.01,9514,9,2195,0.47854735677279814,56245.54179639721
3B_labyrinth,15.0,seed9,1,1007,131,260.01,9576,9,2213,0.48166591217745586,56665.059564920055
3B_labyrinth,15.0,seed9,1,1007,136,270.01,9634,9,2248,0.48458327045923244,56978.223511494696
3B_labyrinth,15.0,seed9,1,1007,141,280.01,9681,9,2262,0.48694733665308587,57310.824892534794
3B_labyrinth,15.0,seed9,1,1007,146,290.01,9716,9,2271,0.48870781147829584,57499.11072335797
3B_labyrinth,15.0,seed9,1,1007,151,300.01,9733,9,2276,0.4895628992505407,57609.0860223943
3B_labyrinth,15.0,seed9,1,1007,156,310.01,9752,9,2287,0.4905185855842261,57723.9178050957
3B_labyrinth,15.0,seed9,1,1007,161,320.01,9754,9,2280,0.49061918414566674,57749.656861508556
3B_labyrinth,15.0,seed9,1,1007,166,330.01,9762,9,2284,0.491021578391429,57778.11043917644
3B_labyrinth,15.0,seed9,1,1007,171,340.01,9750,9,2268,0.49041798702278555,57761.96974539288
3B_labyrinth,15.0,seed9,1,1007,176,350.01,9748,9,2267,0.490317388461345,57709.64197105295
3B_labyrinth,15.0,seed9,1,1007,181,360.01,9749,9,2262,0.4903676877420653,57714.8824924806
3B_labyrinth,15.0,seed9,1,1007,186,370.01,9757,9,2265,0.49077008198782757,57741.16073732573
3B_labyrinth,15.0,seed9,1,1007,191,380.01,9754,9,2257,0.49061918414566674,57733.1843710215
3B_labyrinth,15.0,seed9,1,1007,196,390.01,9741,9,2248,0.489965293496303,57684.27609199415
3B_labyrinth,15.0,seed9,1,1007,201,400.01,9743,9,2257,0.4900658920577436,57668.632688932135
3B_labyrinth,15.0,seed9,1,1007,206,410.01,9747,9,2267,0.4902670891806247,57690.93422438922
3B_labyrinth,15.0,seed9,1,1007,211,420.01,9740,9,2263,0.4899149942155827,57651.88391646223
3B_labyrinth,15.0,seed9,1,1007,216,430.01,9741,9,2268,0.489965293496303,57663.84492226117
3B_labyrinth,15.0,seed9,1,1007,221,440.01,9742,9,2271,0.4900155927770233,57663.59965696107
3B_labyrinth,15.0,seed9,1,1007,226,450.01,9744,9,2276,0.49011619133846385,57683.842880317854
3B_labyrinth,15.0,seed9,1,1007,231,460.01,9740,9,2276,0.4899149942155827,57666.35870449802
3B_labyrinth,15.0,seed9,1,1007,236,470.01,9732,9,2271,0.48951259996982044,57631.48148273302
3B_labyrinth,15.0,seed9,1,1007,241,480.01,9732,9,2271,0.48951259996982044,57612.3598952279
3B_labyrinth,15.0,seed9,1,1007,246,490.01,9727,9,2266,0.489261103566219,57578.190300556336
3B_labyrinth,15.0,seed9,1,1007,251,500.01,9723,9,2264,0.48905990644333786,57559.22296209159
3B_labyrinth,15.0,seed9,1,1007,256,510.01,9721,9,2265,0.4889593078818973,57556.84149841238
3B_labyrinth,15.0,seed9,1,1007,261,520.01,9722,9,2264,0.4890096071626176,57554.801125837264
3B_labyrinth,15.0,seed9,1,1007,266,530.01,9719,9,2265,0.4888587093204567,57551.17171286708
3B_labyrinth,15.0,seed9,1,1007,271,540.01,9717,9,2265,0.48875811075901615,57547.12044485129
3B_labyrinth,15.0,seed9,1,1007,276,550.01,9714,9,2263,0.48860721291685527,57538.11372956813
3B_labyrinth,15.0,seed9,1,1007,281,560.01,9717,9,2264,0.48875811075901615,57543.45290726938
3B_labyrinth,15.0,seed9,1,1007,286,570.01,9721,9,2266,0.4889593078818973,57553.938050019846
3B_labyrinth,15.0,seed9,1,1007,291,580.01,9720,9,2266,0.48890900860117703,57561.25886355423
3B_labyrinth,15.0,seed9,1,1007,296,590.01,9720,9,2268,0.48890900860117703,57559.28086814169
3B_labyrinth,15.0,seed9,1,1007,301,600.01,9718,9,2268,0.4888084100397364,57552.49733727754
3B_labyrinth,15.0,seed9,2,2007,0,0.0,9,9,1,0.0004526935264825713,90.0
3B_labyrinth,15.0,seed9,2,2007,1,0.01,9,9,1,0.0004526935264825713,92.32153743799384
3B_labyrinth,15.0,seed9,2,2007,6,10.01,1165,8,240,0.05859866203913284,6558.055647473491
3B_labyrinth,15.0,seed9,2,2007,11,20.01,2134,7,468,0.10733866505708968,12465.405933705933
3B_labyrinth,15.0,seed9,2,2007,16,30.01,2897,7,600,0.14571701624666766,17006.652551276777
3B_labyrinth,15.0,seed9,2,2007,21,40.01,3485,7,700,0.17529299331019565,20601.80079726498
3B_labyrinth,15.0,seed9,2,2007,26,50.01,3995,7,788,0.20094562647754138,23602.445442753517
3B_labyrinth,15.0,seed9,2,2007,31,60.01,4387,7,854,0.22066294451989338,26002.657824462854
3B_labyrinth,15.0,seed9,2,2007,36,70.01,4738,7,910,0.23831799205271365,28079.814400334966
3B_labyrinth,15.0,seed9,2,2007,41,80.01,5047,7,967,0.25386046979528193,29920.338317840204
3B_labyrinth,15.0,seed9,2,2007,46,90.01,5340,7,1032,0.2685981590463256,31609.728251666176
3B_labyrinth,15.0,seed9,2,2007,51,100.01,5614,7,1105,0.28238016196368393,33262.90979922717
3B_labyrinth,15.0,seed9,2,2007,56,110.01,5881,7,1180,0.29581006991600023,34844.5821152871
3B_labyrinth,15.0,seed9,2,2007,61,120.01,6142,7,1256,0.30893818218399477,36348.46693337995
3B_labyrinth,15.0,seed9,2,2007,66,130.01,6386,7,1321,0.32121120667974445,37823.4782759362
3B_labyrinth,15.0,seed9,2,2007,71,140.01,6625,7,1385,0.33323273477189275,39217.240759741704
3B_labyrinth,15.0,seed9,2,2007,76,150.01,6855,7,1446,0.34480156933755846,40537.01568587954
3B_labyrinth,15.0,seed9,2,2007,81,160.01,7073,7,1506,0.35576681253458076,41843.21587821724
3B_labyrinth,15.0,seed9,2,2007,86,170.01,7294,7,1561,0.3668829535737639,43159.20719676657
3B_labyrinth,15.0,seed9,2,2007,91,180.01,7511,7,1618,0.37779789749006587,44377.1940088945
3B_labyrinth,15.0,seed9,2,2007,96,190.01,7696,7,1668,0.38710326442331877,45522.78333655867
3B_labyrinth,15.0,seed9,2,2007,101,200.01,7902,7,1711,0.3974649162516976,46691.35431767718
3B_labyrinth,15.0,seed9,2,2007,106,210.01,8096,7,1754,0.40722297671143304,47820.112425903644
3B_labyrinth,15.0,seed9,2,2007,111,220.01,8273,7,1794,0.4161259493989236,48874.367281938314
3B_labyrinth,15.0,seed9,2,2007,116,230.01,8442,7,1831,0.42462652784065186,49849.43819226121
3B_labyrinth,15.0,seed9,2,2007,121,240.01,8585,7,1862,0.4318193249836527,50752.494789658085
3B_labyrinth,15.0,seed9,2,2007,126,250.01,8737,7,1889,0.43946481565313616,51609.75687860813
3B_labyrinth,15.0,seed9,2,2007,131,260.01,8873,7,1917,0.446305517831095,52439.966861966794
3B_labyrinth,15.0,seed9,2,2007,136,270.01,9006,7,1940,0.45299532216689303,53157.4595962277
3B_labyrinth,15.0,seed9,2,2007,141,280.01,9109,7,1958,0.4581761480810824,53851.77643235548
3B_labyrinth,15.0,seed9,2,2007,146,290.01,9228,7,1981,0.4641617624867964,54516.84647765332
3B_labyrinth,15.0,seed9,2,2007,151,300.01,9339,7,2004,0.46974498264674813,55181.31953245588
3B_labyrinth,15.0,seed9,2,2007,156,310.01,9435,7,2022,0.47457371359589556,55751.47338516545
3B_labyrinth,15.0,seed9,2,2007,161,320.01,9518,7,2038,0.4787485538956793,56283.70355615043
3B_labyrinth,15.0,seed9,2,2007,166,330.01,9597,7,2057,0.48272219707258185,56745.56146865286
3B_labyrinth,15.0,seed9,2,2007,171,340.01,9673,7,2074,0.4865449424073236,57156.963568756066
3B_labyrinth,15.0,seed9,2,2007,176,350.01,9722,7,2082,0.4890096071626176,57488.33394714088
3B_labyrinth,15.0,seed9,2,2007,181,360.01,9779,7,2096,0.49187666616367387,57831.28156240478
3B_labyrinth,15.0,seed9,2,2007,186,370.01,9818,7,2101,0.49383833811176503,58096.69191195181
3B_labyrinth,15.0,seed9,2,2007,191,380.01,9864,7,2112,0.49615210502489815,58307.95413131305
3B_labyrinth,15.0,seed9,2,2007,196,390.01,9901,7,2119,0.49801317841154874,58522.1614082544
3B_labyrinth,15.0,seed9,2,2007,201,400.01,9935,7,2124,0.49972335395603845,58725.46025033742
3B_labyrinth,15.0,seed9,2,2007,206,410.01,9948,7,2131,0.5003772446054021,58868.11954529731
3B_labyrinth,15.0,seed9,2,2007,211,420.01,9979,7,2144,0.501936522307731,59039.14888326186
3B_labyrinth,15.0,seed9,2,2007,216,430.01,9988,7,2152,0.5023892158342136,59110.24591718131
3B_labyrinth,15.0,seed9,2,2007,221,440.01,10006,7,2164,0.5032946028871788,59215.11195879572
3B_labyrinth,15.0,seed9,2,2007,226,450.01,10014,7,2174,0.503696997132941,59270.03827864008
3B_labyrinth,15.0,seed9,2,2007,231,460.01,10013,7,2186,0.5036466978522207,59288.41200341213
3B_labyrinth,15.0,seed9,2,2007,236,470.01,10028,7,2200,0.504401187063025,59355.93620576715
3B_labyrinth,15.0,seed9,2,2007,241,480.01,10031,7,2212,0.5045520849051859,59373.64302361659
3B_labyrinth,15.0,seed9,2,2007,246,490.01,10037,7,2224,0.5048538805895075,59428.29674632328
3B_labyrinth,15.0,seed9,2,2007,251,500.01,10047,7,2237,0.5053568733967104,59447.56131874408
3B_labyrinth,15.0,seed9,2,2007,256,510.01,10054,7,2249,0.5057089683617524,59506.24462121264
3B_labyrinth,15.0,seed9,2,2007,261,520.01,10059,7,2257,0.5059604647653538,59528.49827278404
3B_labyrinth,15.0,seed9,2,2007,266,530.01,10065,7,2266,0.5062622604496756,59597.1967964588
3B_labyrinth,15.0,seed9,2,2007,271,540.01,10066,7,2271,0.5063125597303959,59600.89545569314
3B_labyrinth,15.0,seed9,2,2007,276,550.01,10081,7,2279,0.5070670489412001,59647.58524517936
3B_labyrinth,15.0,seed9,2,2007,281,560.01,10077,7,2284,0.506865851818319,59647.433685924436
3B_labyrinth,15.0,seed9,2,2007,286,570.01,10073,7,2288,0.5066646546954379,59640.36901045117
3B_labyrinth,15.0,seed9,2,2007,291,580.01,10068,7,2288,0.5064131582918364,59616.48993724736
3B_labyrinth,15.0,seed9,2,2007,296,590.01,10062,7,2288,0.5061113626075147,59587.0729717815
3B_labyrinth,15.0,seed9,2,2007,301,600.01,10052,7,2291,0.5056083698003119,59539.21647482612
3B_labyrinth,15.0,seed9,3,3007,0,0.0,9,9,1,0.0004526935264825713,90.0
3B_labyrinth,15.0,seed9,3,3007,1,0.01,9,9,1,0.0004526935264825713,92.20196846413376
3B_labyrinth,15.0,seed9,3,3007,6,10.01,1093,8,181,0.05497711382727227,6115.063316036899
3B_labyrinth,15.0,seed9,3,3007,11,20.01,1973,7,354,0.09924048086112369,11471.40978461241
3B_labyrinth,15.0,seed9,3,3007,16,30.01,2696,7,508,0.13560686082189025,15726.91438349894
3B_labyrinth,15.0,seed9,3,3007,21,40.01,3253,7,653,0.16362356018308938,19128.11593524718
3B_labyrinth,15.0,seed9,3,3007,26,50.01,3725,7,746,0.18736482068306423,22000.809068461982
3B_labyrinth,15.0,seed9,3,3007,31,60.01,4129,7,847,0.20768573009405966,24430.584596494475
3B_labyrinth,15.0,seed9,3,3007,36,70.01,4512,7,941,0.22695035460992907,26634.910331336247
3B_labyrinth,15.0,seed9,3,3007,41,80.01,4854,7,1035,0.24415270861626678,28715.245232921778
3B_labyrinth,15.0,seed9,3,3007,46,90.01,5182,7,1118,0.2606508726925205,30675.219355173766
3B_labyrinth,15.0,seed9,3,3007,51,100.01,5506,7,1209,0.2769478396458931,32591.994643363047
3B_labyrinth,15.0,seed9,3,3007,56,110.01,5815,7,1289,0.2924903173884613,34372.20767641661
3B_labyrinth,15.0,seed9,3,3007,61,120.01,6101,7,1373,0.30687591167446304,36105.289596819246
3B_labyrinth,15.0,seed9,3,3007,66,130.01,6402,7,1456,0.32201599517126905,37882.33221598575
3B_labyrinth,15.0,seed9,3,3007,71,140.01,6695,7,1541,0.33675368442231274,39557.01371255801
3B_labyrinth,15.0,seed9,3,3007,76,150.01,6958,7,1619,0.3499823952517479,41140.32429030951
3B_labyrinth,15.0,seed9,3,3007,81,160.01,7220,7,1692,0.36316080680046275,42684.16066423646
3B_labyrinth,15.0,seed9,3,3007,86,170.01,7473,7,1763,0.375886524822695,44126.819146479385
3B_labyrinth,15.0,seed9,3,3007,91,180.01,7704,7,1830,0.38750565866908104,45533.77846537382
3B_labyrinth,15.0,seed9,3,3007,96,190.01,7949,7,1893,0.39982898244555104,46940.74611334125
3B_labyrinth,15.0,seed9,3,3007,101,200.01,8169,7,1941,0.4108948242040139,48271.82689892275
3B_labyrinth,15.0,seed9,3,3007,106,210.01,8377,7,1997,0.4213570745938333,49561.99140975077
3B_labyrinth,15.0,seed9,3,3007,111,220.01,8591,7,2048,0.4321211206679744,50801.99115393704
3B_labyrinth,15.0,seed9,3,3007,116,230.01,8773,7,2086,0.44127558975906644,51929.314996708024
3B_labyrinth,15.0,seed9,3,3007,121,240.01,8970,7,2129,0.45118454806096275,53043.561041044864
3B_labyrinth,15.0,seed9,3,3007,126,250.01,9136,7,2165,0.4595342286605302,54028.83053279014
3B_labyrinth,15.0,seed9,3,3007,131,260.01,9294,7,2201,0.46748151501433527,54935.623851679935
3B_labyrinth,15.0,seed9,3,3007,136,270.01,9408,7,2221,0.47321563301644787,55675.20445091759
3B_labyrinth,15.0,seed9,3,3007,141,280.01,9520,7,2235,0.47884915245711984,56320.01493072444
3B_labyrinth,15.0,seed9,3,3007,146,290.01,9618,7,2257,0.48377848196770784,56868.76237665132
3B_labyrinth,15.0,seed9,3,3007,151,300.01,9663,7,2259,0.4860419496001207,57213.328992378156
3B_labyrinth,15.0,seed9,3,3007,156,310.01,9723,7,2274,0.48905990644333786,57579.94204450489
3B_labyrinth,15.0,seed9,3,3007,161,320.01,9766,7,2294,0.49122277551431015,57818.78160653266
3B_labyrinth,15.0,seed9,3,3007,166,330.01,9818,7,2316,0.49383833811176503,58097.53192915788
3B_labyrinth,15.0,seed9,3,3007,171,340.01,9827,7,2318,0.49429103163824756,58180.622472737756
3B_labyrinth,15.0,seed9,3,3007,176,350.01,9844,7,2330,0.4951461194104924,58258.93182009736
3B_labyrinth,15.0,seed9,3,3007,181,360.01,9839,7,2333,0.494894623006891,58295.42295357474
3B_labyrinth,15.0,seed9,3,3007,186,370.01,9852,7,2347,0.49554851365625474,58334.9706489253
3B_labyrinth,15.0,seed9,3,3007,191,380.01,9863,7,2353,0.49610180574417784,58358.786121127625
3B_labyrinth,15.0,seed9,3,3007,196,390.01,9869,7,2366,0.4964036014284996,58436.77927418137
3B_labyrinth,15.0,seed9,3,3007,201,400.01,9869,7,2370,0.4964036014284996,58462.16955331949
3B_labyrinth,15.0,seed9,3,3007,206,410.01,9884,7,2381,0.4971580906393039,58534.757706841236
3B_labyrinth,15.0,seed9,3,3007,211,420.01,9888,7,2391,0.497359287762185,58560.27959400998
3B_labyrinth,15.0,seed9,3,3007,216,430.01,9885,7,2397,0.49720838992002414,58565.57210870038
3B_labyrinth,15.0,seed9,3,3007,221,440.01,9892,7,2402,0.49756048488506616,58595.05129470714
3B_labyrinth,15.0,seed9,3,3007,226,450.01,9896,7,2409,0.4977616820079473,58604.15899703172
3B_labyrinth,15.0,seed9,3,3007,231,460.01,9906,7,2414,0.49826467481515013,58656.69502726951
3B_labyrinth,15.0,seed9,3,3007,236,470.01,9919,7,2433,0.49891856546451385,58721.14446398338
3B_labyrinth,15.0,seed9,3,3007,241,480.01,9930,7,2440,0.499471857552437,58770.40669001953
3B_labyrinth,15.0,seed9,3,3007,246,490.01,9932,7,2445,0.49957245611387757,58803.65825740605
3B_labyrinth,15.0,seed9,3,3007,251,500.01,9926,7,2449,0.49927066042955587,58797.3348815008
3B_labyrinth,15.0,seed9,3,3007,256,510.01,9932,7,2457,0.49957245611387757,58818.2304647854
3B_labyrinth,15.0,seed9,3,3007,261,520.01,9938,7,2461,0.4998742517981993,58853.735795747685
3B_labyrinth,15.0,seed9,3,3007,266,530.01,9940,7,2462,0.49997485035963984,58843.22589228714
3B_labyrinth,15.0,seed9,3,3007,271,540.01,9941,7,2459,0.5000251496403602,58859.56431161615
3B_labyrinth,15.0,seed9,3,3007,276,550.01,9952,7,2465,0.5005784417282833,58910.233683798695
3B_labyrinth,15.0,seed9,3,3007,281,560.01,9963,7,2466,0.5011317338162065,58932.83199736717
3B_labyrinth,15.0,seed9,3,3007,286,570.01,9957,7,2469,0.5008299381318847,58932.33853326023
3B_labyrinth,15.0,seed9,3,3007,291,580.01,9961,7,2473,0.5010311352547658,58926.86599776293
3B_labyrinth,15.0,seed9,3,3007,296,590.01,9963,7,2474,0.5011317338162065,58947.07758025109
3B_labyrinth,15.0,seed9,3,3007,301,600.01,9967,7,2475,0.5013329309390876,58969.14889550842
3B_labyrinth,15.0,seed36,1,1007,0,0.0,36,35,2,0.0018107741059302852,360.0
3B_labyrinth,15.0,seed36,1,1007,1,0.01,36,35,2,0.0018107741059302852,369.163850663699
3B_labyrinth,15.0,seed36,1,1007,6,10.01,3788,27,222,0.19053367536844223,21375.943417035523
3B_labyrinth,15.0,seed36,1,1007,11,20.01,5780,25,449,0.29072984256325135,33798.26808787218
3B_labyrinth,15.0,seed36,1,1007,16,30.01,6814,25,537,0.3427392988280268,40147.14608446311
3B_labyrinth,15.0,seed36,1,1007,21,40.01,7386,25,598,0.3715104874000302,43541.99990165442
3B_labyrinth,15.0,seed36,1,1007,26,50.01,7796,25,641,0.39213319249534734,45964.274559414
3B_labyrinth,15.0,seed36,1,1007,31,60.01,8077,25,674,0.4062672903777476,47690.2992447084
3B_labyrinth,15.0,seed36,1,1007,36,70.01,8306,25,699,0.417785825662693,49022.92735491932
3B_labyrinth,15.0,seed36,1,1007,41,80.01,8461,25,719,0.4255822141743373,50010.033226965825
3B_labyrinth,15.0,seed36,1,1007,46,90.01,8615,25,737,0.4333283034052613,50818.74500919531
3B_labyrinth,15.0,seed36,1,1007,51,100.01,8689,25,742,0.4370504501785624,51356.19063369488
3B_labyrinth,15.0,seed36,1,1007,56,110.01,8771,25,760,0.4411749911976259,51805.119448577614
3B_labyrinth,15.0,seed36,1,1007,61,120.01,8832,25,770,0.4442432473215633,52195.49054299497
3B_labyrinth,15.0,seed36,1,1007,66,130.01,8891,25,776,0.4472109048840602,52475.22849269524
3B_labyrinth,15.0,seed36,1,1007,71,140.01,8927,25,783,0.44902167898999046,52732.79371485255
3B_labyrinth,15.0,seed36,1,1007,76,150.01,8957,25,782,0.45053065741159903,52933.81636846708
3B_labyrinth,15.0,seed36,1,1007,81,160.01,8992,25,799,0.452291132236809,53088.101058502405
3B_labyrinth,15.0,seed36,1,1007,86,170.01,9006,25,801,0.45299532216689303,53174.49078728078
3B_labyrinth,15.0,seed36,1,1007,91,180.01,9023,25,802,0.4538504099391379,53294.478016081994
3B_labyrinth,15.0,seed36,1,1007,96,190.01,9034,25,800,0.45440370202706104,53385.64746899529
3B_labyrinth,15.0,seed36,1,1007,101,200.01,9036,25,797,0.4545043005885016,53419.91478894165
3B_labyrinth,15.0,seed36,1,1007,106,210.01,9045,25,800,0.45495699411498414,53440.58230744809
3B_labyrinth,15.0,seed36,1,1007,111,220.01,9065,25,804,0.4559629797293899,53501.48353719881
3B_labyrinth,15.0,seed36,1,1007,116,230.01,9074,25,808,0.45641567325587246,53593.32081238713
3B_labyrinth,15.0,seed36,1,1007,121,240.01,9080,25,810,0.45671746894019416,53632.20499679926
3B_labyrinth,15.0,seed36,1,1007,126,250.01,9086,25,812,0.45701926462451586,53673.23047905078
3B_labyrinth,15.0,seed36,1,1007,131,260.01,9088,25,810,0.45711986318595643,53729.25234817005
3B_labyrinth,15.0,seed36,1,1007,136,270.01,9089,25,811,0.45717016246667674,53729.133230797
3B_labyrinth,15.0,seed36,1,1007,141,280.01,9097,25,811,0.457572556712439,53748.213492542236
3B_labyrinth,15.0,seed36,1,1007,146,290.01,9096,25,811,0.4575222574317187,53750.23847106822
3B_labyrinth,15.0,seed36,1,1007,151,300.01,9103,25,813,0.4578743523967607,53756.86882225114
3B_labyrinth,15.0,seed36,1,1007,156,310.01,9110,25,813,0.45822644736180274,53793.11827655129
3B_labyrinth,15.0,seed36,1,1007,161,320.01,9107,25,813,0.45807554951964186,53799.73080671903
3B_labyrinth,15.0,seed36,1,1007,166,330.01,9109,25,813,0.4581761480810824,53803.6876203422
3B_labyrinth,15.0,seed36,1,1007,171,340.01,9113,25,813,0.45837734520396356,53814.049832632314
3B_labyrinth,15.0,seed36,1,1007,176,350.01,9117,25,815,0.45857854232684475,53839.04581859898
3B_labyrinth,15.0,seed36,1,1007,181,360.01,9116,25,816,0.45852824304612444,53845.694086460455
3B_labyrinth,15.0,seed36,1,1007,186,370.01,9116,25,817,0.45852824304612444,53846.79189689527
3B_labyrinth,15.0,seed36,1,1007,191,380.01,9117,25,816,0.45857854232684475,53845.720384379856
3B_labyrinth,15.0,seed36,1,1007,196,390.01,9117,25,815,0.45857854232684475,53843.92992901214
3B_labyrinth,15.0,seed36,1,1007,201,400.01,9118,25,814,0.458628841607565,53842.47999406024
3B_labyrinth,15.0,seed36,1,1007,206,410.01,9119,25,815,0.4586791408882853,53843.25716492927
3B_labyrinth,15.0,seed36,1,1007,211,420.01,9119,25,815,0.4586791408882853,53840.34411720435
3B_labyrinth,15.0,seed36,1,1007,216,430.01,9119,25,815,0.4586791408882853,53838.72671205606
3B_labyrinth,15.0,seed36,1,1007,221,440.01,9120,25,815,0.4587294401690056,53840.23348022724
3B_labyrinth,15.0,seed36,1,1007,226,450.01,9122,25,815,0.45883003873044614,53846.65796492621
3B_labyrinth,15.0,seed36,1,1007,231,460.01,9125,25,815,0.458980936572607,53854.12457654781
3B_labyrinth,15.0,seed36,1,1007,236,470.01,9126,25,815,0.4590312358533273,53858.880357605194
3B_labyrinth,15.0,seed36,1,1007,241,480.01,9127,25,815,0.4590815351340476,53864.40807420882
3B_labyrinth,15.0,seed36,1,1007,246,490.01,9130,25,815,0.4592324329762084,53872.842199957275
3B_labyrinth,15.0,seed36,1,1007,251,500.01,9131,25,815,0.4592827322569287,53878.78043290593
3B_labyrinth,15.0,seed36,1,1007,256,510.01,9130,25,815,0.4592324329762084,53882.40662537246
3B_labyrinth,15.0,seed36,1,1007,261,520.01,9131,25,815,0.4592827322569287,53884.821834705544
3B_labyrinth,15.0,seed36,1,1007,266,530.01,9131,25,815,0.4592827322569287,53886.97463606311
3B_labyrinth,15.0,seed36,1,1007,271,540.01,9131,25,815,0.4592827322569287,53890.242150229955
3B_labyrinth,15.0,seed36,1,1007,276,550.01,9133,25,815,0.4593833308183693,53895.03972931044
3B_labyrinth,15.0,seed36,1,1007,281,560.01,9136,25,816,0.4595342286605302,53901.043243271604
3B_labyrinth,15.0,seed36,1,1007,286,570.01,9136,25,816,0.4595342286605302,53906.872022111624
3B_labyrinth,15.0,seed36,1,1007,291,580.01,9137,25,816,0.45958452794125043,53912.30502675779
3B_labyrinth,15.0,seed36,1,1007,296,590.01,9139,25,816,0.459685126502691,53918.61366394481
3B_labyrinth,15.0,seed36,1,1007,301,600.01,9140,25,817,0.4597354257834113,53922.87141664878
3B_labyrinth,15.0,seed36,2,2007,0,0.0,36,36,1,0.0018107741059302852,360.0
3B_labyrinth,15.0,seed36,2,2007,1,0.01,36,36,1,0.0018107741059302852,369.28311755759876
3B_labyrinth,15.0,seed36,2,2007,6,10.01,3602,23,351,0.18117800915446908,20255.808623894176
3B_labyrinth,15.0,seed36,2,2007,11,20.01,5543,21,508,0.2788089130325436,32303.452873847986
3B_labyrinth,15.0,seed36,2,2007,16,30.01,6639,20,599,0.3339369247019768,39087.131224709476
3B_labyrinth,15.0,seed36,2,2007,21,40.01,7235,20,679,0.36391529601126704,42734.22714074616
3B_labyrinth,15.0,seed36,2,2007,26,50.01,7655,20,748,0.38504099391378704,45183.39494111341
3B_labyrinth,15.0,seed36,2,2007,31,60.01,7939,20,815,0.39932598963834814,46929.83044513664
3B_labyrinth,15.0,seed36,2,2007,36,70.01,8186,20,866,0.41174991197625876,48339.47961464043
3B_labyrinth,15.0,seed36,2,2007,41,80.01,8385,20,914,0.4217594688395956,49519.31935688734
3B_labyrinth,15.0,seed36,2,2007,46,90.01,8555,20,969,0.43031034656204414,50493.36337222443
3B_labyrinth,15.0,seed36,2,2007,51,100.01,8708,20,1010,0.4380061365122479,51418.18559231086
3B_labyrinth,15.0,seed36,2,2007,56,110.01,8837,20,1054,0.44449474372516473,52167.1409161704
3B_labyrinth,15.0,seed36,2,2007,61,120.01,8938,20,1089,0.4495749710779136,52792.57894779691
3B_labyrinth,15.0,seed36,2,2007,66,130.01,9031,20,1116,0.45425280418490016,53261.60849384566
3B_labyrinth,15.0,seed36,2,2007,71,140.01,9095,20,1141,0.45747195815099845,53680.15834525509
3B_labyrinth,15.0,seed36,2,2007,76,150.01,9136,20,1162,0.4595342286605302,54002.703500678865
3B_labyrinth,15.0,seed36,2,2007,81,160.01,9212,20,1187,0.46335697399527187,54356.16069588189
3B_labyrinth,15.0,seed36,2,2007,86,170.01,9236,20,1191,0.46456415673255874,54510.25012525572
3B_labyrinth,15.0,seed36,2,2007,91,180.01,9255,20,1204,0.46551984306624417,54649.20083743837
3B_labyrinth,15.0,seed36,2,2007,96,190.01,9283,20,1206,0.4669282229264122,54774.63211764605
3B_labyrinth,15.0,seed36,2,2007,101,200.01,9306,20,1209,0.46808510638297873,54948.38497401776
3B_labyrinth,15.0,seed36,2,2007,106,210.01,9335,20,1213,0.469543785523867,55086.31590940173
3B_labyrinth,15.0,seed36,2,2007,111,220.01,9342,20,1213,0.469895880488909,55144.791521887644
3B_labyrinth,15.0,seed36,2,2007,116,230.01,9339,20,1211,0.46974498264674813,55149.133343511945
3B_labyrinth,15.0,seed36,2,2007,121,240.01,9347,20,1210,0.47014737689251046,55176.70840741068
3B_labyrinth,15.0,seed36,2,2007,126,250.01,9345,20,1205,0.4700467783310699,55206.93084791876
3B_labyrinth,15.0,seed36,2,2007,131,260.01,9348,20,1205,0.4701976761732307,55198.20612469134
3B_labyrinth,15.0,seed36,2,2007,136,270.01,9344,20,1205,0.4699964790503496,55197.43584579305
3B_labyrinth,15.0,seed36,2,2007,141,280.01,9356,20,1205,0.470600070418993,55235.02959716532
3B_labyrinth,15.0,seed36,2,2007,146,290.01,9357,20,1205,0.4706503696997133,55259.737638878934
3B_labyrinth,15.0,seed36,2,2007,151,300.01,9362,20,1205,0.47090186610331475,55278.03253260871
3B_labyrinth,15.0,seed36,2,2007,156,310.01,9359,20,1204,0.47075096826115387,55281.70954285102
3B_labyrinth,15.0,seed36,2,2007,161,320.01,9358,20,1204,0.47070066898043356,55280.80311005468
3B_labyrinth,15.0,seed36,2,2007,166,330.01,9358,20,1205,0.47070066898043356,55280.690047389784
3B_labyrinth,15.0,seed36,2,2007,171,340.01,9358,20,1206,0.47070066898043356,55278.22392979117
3B_labyrinth,15.0,seed36,2,2007,176,350.01,9352,20,1206,0.47039887329611185,55254.02926003921
3B_labyrinth,15.0,seed36,2,2007,181,360.01,9353,20,1206,0.47044917257683216,55256.25863555828
3B_labyrinth,15.0,seed36,2,2007,186,370.01,9362,20,1206,0.47090186610331475,55287.38833017966
3B_labyrinth,15.0,seed36,2,2007,191,380.01,9364,20,1206,0.4710024646647553,55296.28083245423
3B_labyrinth,15.0,seed36,2,2007,196,390.01,9366,20,1206,0.4711030632261959,55302.2829089988
3B_labyrinth,15.0,seed36,2,2007,201,400.01,9369,20,1206,0.4712539610683567,55308.5360105608
3B_labyrinth,15.0,seed36,2,2007,206,410.01,9369,20,1206,0.4712539610683567,55313.18963061496
3B_labyrinth,15.0,seed36,2,2007,211,420.01,9370,20,1206,0.471304260349077,55319.24374583343
3B_labyrinth,15.0,seed36,2,2007,216,430.01,9370,20,1206,0.471304260349077,55327.40773771075
3B_labyrinth,15.0,seed36,2,2007,221,440.01,9371,20,1206,0.4713545596297973,55336.27933854584
3B_labyrinth,15.0,seed36,2,2007,226,450.01,9372,20,1206,0.4714048589105176,55345.126664856296
3B_labyrinth,15.0,seed36,2,2007,231,460.01,9376,20,1206,0.4716060560333987,55353.121670909604
3B_labyrinth,15.0,seed36,2,2007,236,470.01,9376,20,1206,0.4716060560333987,55357.250564994145
3B_labyrinth,15.0,seed36,2,2007,241,480.01,9378,20,1206,0.4717066545948393,55360.498918465004
3B_labyrinth,15.0,seed36,2,2007,246,490.01,9378,20,1206,0.4717066545948393,55363.320776515706
3B_labyrinth,15.0,seed36,2,2007,251,500.01,9378,20,1206,0.4717066545948393,55365.35261015213
3B_labyrinth,15.0,seed36,2,2007,256,510.01,9379,20,1206,0.4717569538755596,55367.27332152432
3B_labyrinth,15.0,seed36,2,2007,261,520.01,9378,20,1206,0.4717066545948393,55369.49692672513
3B_labyrinth,15.0,seed36,2,2007,266,530.01,9379,20,1206,0.4717569538755596,55371.61425023404
3B_labyrinth,15.0,seed36,2,2007,271,540.01,9380,20,1206,0.47180725315627986,55373.0085852671
3B_labyrinth,15.0,seed36,2,2007,276,550.01,9379,20,1206,0.4717569538755596,55373.34190034789
3B_labyrinth,15.0,seed36,2,2007,281,560.01,9379,20,1206,0.4717569538755596,55372.60801537483
3B_labyrinth,15.0,seed36,2,2007,286,570.01,9379,20,1206,0.4717569538755596,55370.95916811815
3B_labyrinth,15.0,seed36,2,2007,291,580.01,9380,20,1206,0.47180725315627986,55369.173823212244
3B_labyrinth,15.0,seed36,2,2007,296,590.01,9381,20,1206,0.47185755243700017,55370.60111830759
3B_labyrinth,15.0,seed36,2,2007,301,600.01,9379,20,1206,0.4717569538755596,55372.96943024425
3B_labyrinth,15.0,seed36,3,3007,0,0.0,36,35,2,0.0018107741059302852,360.0
3B_labyrinth,15.0,seed36,3,3007,1,0.01,36,35,2,0.0018107741059302852,368.9860714823907
3B_labyrinth,15.0,seed36,3,3007,6,10.01,3599,28,256,0.18102711131230823,20348.46341371962
3B_labyrinth,15.0,seed36,3,3007,11,20.01,5400,25,588,0.27161611588954276,31520.418102228912
3B_labyrinth,15.0,seed36,3,3007,16,30.01,6385,25,723,0.3211609073990242,37458.18490826036
3B_labyrinth,15.0,seed36,3,3007,21,40.01,7012,25,819,0.35269855641064335,41228.86969249476
3B_labyrinth,15.0,seed36,3,3007,26,50.01,7417,25,891,0.37306976510235906,43642.13000551147
3B_labyrinth,15.0,seed36,3,3007,31,60.01,7755,25,954,0.3900709219858156,45583.34991768615
3B_labyrinth,15.0,seed36,3,3007,36,70.01,7975,25,1014,0.4011367637442785,46968.218882654415
3B_labyrinth,15.0,seed36,3,3007,41,80.01,8126,25,1058,0.4087319551330416,47920.202095161185
3B_labyrinth,15.0,seed36,3,3007,46,90.01,8276,25,1099,0.41627684724108444,48771.44523633123
3B_labyrinth,15.0,seed36,3,3007,51,100.01,8396,25,1138,0.42231276092751874,49463.33770444173
3B_labyrinth,15.0,seed36,3,3007,56,110.01,8502,25,1174,0.427644484683869,50114.13819621059
3B_labyrinth,15.0,seed36,3,3007,61,120.01,8595,25,1210,0.4323223177908556,50671.96863653857
3B_labyrinth,15.0,seed36,3,3007,66,130.01,8699,25,1247,0.4375534429857653,51209.38742968266
3B_labyrinth,15.0,seed36,3,3007,71,140.01,8777,25,1282,0.4414767868819476,51677.77577238196
3B_labyrinth,15.0,seed36,3,3007,76,150.01,8848,25,1319,0.4450480358130879,52114.462788238365
3B_labyrinth,15.0,seed36,3,3007,81,160.01,8911,25,1351,0.44821689049846586,52482.734203367574
3B_labyrinth,15.0,seed36,3,3007,86,170.01,8980,25,1379,0.4516875408681656,52862.509146620854
3B_labyrinth,15.0,seed36,3,3007,91,180.01,9025,25,1404,0.45395100850057846,53194.067643818955
3B_labyrinth,15.0,seed36,3,3007,96,190.01,9070,25,1428,0.4562144761329913,53446.144781863244
3B_labyrinth,15.0,seed36,3,3007,101,200.01,9104,25,1449,0.45792465167748103,53672.21908378835
3B_labyrinth,15.0,seed36,3,3007,106,210.01,9131,25,1464,0.4592827322569287,53801.989506266546
3B_labyrinth,15.0,seed36,3,3007,111,220.01,9153,25,1478,0.46038931643277503,53952.67695531734
3B_labyrinth,15.0,seed36,3,3007,116,230.01,9165,25,1487,0.46099290780141844,54040.996404481215
3B_labyrinth,15.0,seed36,3,3007,121,240.01,9178,25,1492,0.46164679845078216,54124.74155416894
3B_labyrinth,15.0,seed36,3,3007,126,250.01,9181,25,1495,0.46179769629294304,54138.88840194052
3B_labyrinth,15.0,seed36,3,3007,131,260.01,9192,25,1498,0.46235098838086613,54202.61364077877
3B_labyrinth,15.0,seed36,3,3007,136,270.01,9194,25,1499,0.4624515869423067,54218.07207077232
3B_labyrinth,15.0,seed36,3,3007,141,280.01,9197,25,1507,0.4626024847844676,54245.17910398115
3B_labyrinth,15.0,seed36,3,3007,146,290.01,9193,25,1506,0.46240128766158645,54228.5434602003
3B_labyrinth,15.0,seed36,3,3007,151,300.01,9200,25,1513,0.46275338262662846,54265.03748397216
3B_labyrinth,15.0,seed36,3,3007,156,310.01,9200,25,1511,0.46275338262662846,54256.91694067075
3B_labyrinth,15.0,seed36,3,3007,161,320.01,9194,25,1511,0.4624515869423067,54233.790218384325
3B_labyrinth,15.0,seed36,3,3007,166,330.01,9198,25,1517,0.4626527840651879,54242.02868202189
3B_labyrinth,15.0,seed36,3,3007,171,340.01,9194,25,1516,0.4624515869423067,54230.55524651268
3B_labyrinth,15.0,seed36,3,3007,176,350.01,9193,25,1514,0.46240128766158645,54224.111504447304
3B_labyrinth,15.0,seed36,3,3007,181,360.01,9191,25,1513,0.4623006891001459,54221.98430340955
3B_labyrinth,15.0,seed36,3,3007,186,370.01,9191,25,1514,0.4623006891001459,54216.084671416385
3B_labyrinth,15.0,seed36,3,3007,191,380.01,9186,25,1513,0.46204919269654443,54199.231418180905
3B_labyrinth,15.0,seed36,3,3007,196,390.01,9183,25,1513,0.4618982948543836,54194.72053671912
3B_labyrinth,15.0,seed36,3,3007,201,400.01,9185,25,1512,0.4619988934158242,54187.607601859025
3B_labyrinth,15.0,seed36,3,3007,206,410.01,9184,25,1512,0.46194859413510386,54181.796151101305
3B_labyrinth,15.0,seed36,3,3007,211,420.01,9183,25,1510,0.4618982948543836,54171.89056608801
3B_labyrinth,15.0,seed36,3,3007,216,430.01,9181,25,1509,0.46179769629294304,54161.76734824962
3B_labyrinth,15.0,seed36,3,3007,221,440.01,9181,25,1508,0.46179769629294304,54156.45661625964
3B_labyrinth,15.0,seed36,3,3007,226,450.01,9179,25,1507,0.4616970977315024,54155.39097487765
3B_labyrinth,15.0,seed36,3,3007,231,460.01,9179,25,1508,0.4616970977315024,54157.18994921581
3B_labyrinth,15.0,seed36,3,3007,236,470.01,9183,25,1512,0.4618982948543836,54180.99154615199
3B_labyrinth,15.0,seed36,3,3007,241,480.01,9183,25,1511,0.4618982948543836,54181.96539900102
3B_labyrinth,15.0,seed36,3,3007,246,490.01,9182,25,1511,0.4618479955736633,54182.3997171562
3B_labyrinth,15.0,seed36,3,3007,251,500.01,9181,25,1510,0.46179769629294304,54184.328481657874
3B_labyrinth,15.0,seed36,3,3007,256,510.01,9183,25,1512,0.4618982948543836,54185.26752815234
3B_labyrinth,15.0,seed36,3,3007,261,520.01,9184,25,1513,0.46194859413510386,54184.93007121672
3B_labyrinth,15.0,seed36,3,3007,266,530.01,9184,25,1512,0.46194859413510386,54186.67247269643
3B_labyrinth,15.0,seed36,3,3007,271,540.01,9185,25,1512,0.4619988934158242,54188.63196547757
3B_labyrinth,15.0,seed36,3,3007,276,550.01,9185,25,1511,0.4619988934158242,54189.408113964135
3B_labyrinth,15.0,seed36,3,3007,281,560.01,9186,25,1511,0.46204919269654443,54188.5110461255
3B_labyrinth,15.0,seed36,3,3007,286,570.01,9185,25,1510,0.4619988934158242,54184.74534708762
3B_labyrinth,15.0,seed36,3,3007,291,580.01,9186,25,1510,0.46204919269654443,54179.69999298958
3B_labyrinth,15.0,seed36,3,3007,296,590.01,9186,25,1510,0.46204919269654443,54177.70446798335
3B_labyrinth,15.0,seed36,3,3007,301,600.01,9186,25,1510,0.46204919269654443,54177.63301091476
3B_labyrinth,15.0,seed144,1,1007,0,0.0,144,141,2,0.007243096423721141,1440.0
3B_labyrinth,15.0,seed144,1,1007,1,0.01,144,141,2,0.007243096423721141,1475.648011920135
3B_labyrinth,15.0,seed144,1,1007,6,10.01,6922,53,470,0.3481716211458176,39718.050719827486
3B_labyrinth,15.0,seed144,1,1007,11,20.01,8182,50,979,0.4115487148533776,47627.40226806457
3B_labyrinth,15.0,seed144,1,1007,16,30.01,8611,50,1013,0.43312710628238016,50075.72381326769
3B_labyrinth,15.0,seed144,1,1007,21,40.01,8813,50,1042,0.44328756098787786,51279.475201314366
3B_labyrinth,15.0,seed144,1,1007,26,50.01,8881,49,1051,0.4467079120768573,51849.584275114714
3B_labyrinth,15.0,seed144,1,1007,31,60.01,8966,49,1060,0.45098335093808156,52307.922997011025
3B_labyrinth,15.0,seed144,1,1007,36,70.01,9026,49,1069,0.4540013077812987,52686.914601034645
3B_labyrinth,15.0,seed144,1,1007,41,80.01,9076,49,1077,0.456516271817313,52944.5800841389
3B_labyrinth,15.0,seed144,1,1007,46,90.01,9104,49,1079,0.45792465167748103,53115.05761332497
3B_labyrinth,15.0,seed144,1,1007,51,100.01,9092,48,1080,0.45732106030883757,53159.58835817506
3B_labyrinth,15.0,seed144,1,1007,56,110.01,9128,48,1084,0.45913183441476785,53286.09731347176
3B_labyrinth,15.0,seed144,1,1007,61,120.01,9142,48,1086,0.4598360243448519,53382.27892953478
3B_labyrinth,15.0,seed144,1,1007,66,130.01,9156,48,1092,0.46054021427493586,53445.23861494825
3B_labyrinth,15.0,seed144,1,1007,71,140.01,9161,48,1092,0.4607917106785373,53495.539415216335
3B_labyrinth,15.0,seed144,1,1007,76,150.01,9165,48,1094,0.46099290780141844,53509.05841085414
3B_labyrinth,15.0,seed144,1,1007,81,160.01,9171,48,1090,0.46129470348574014,53537.589179316274
3B_labyrinth,15.0,seed144,1,1007,86,170.01,9175,48,1086,0.4614959006086213,53567.40454611304
3B_labyrinth,15.0,seed144,1,1007,91,180.01,9182,48,1085,0.4618479955736633,53613.30501779383
3B_labyrinth,15.0,seed144,1,1007,96,190.01,9180,48,1085,0.4617473970122227,53627.23510776089
3B_labyrinth,15.0,seed144,1,1007,101,200.01,9182,48,1089,0.4618479955736633,53630.94576299151
3B_labyrinth,15.0,seed144,1,1007,106,210.01,9193,48,1089,0.46240128766158645,53654.86088448007
3B_labyrinth,15.0,seed144,1,1007,111,220.01,9204,48,1088,0.4629545797495096,53682.610021085944
3B_labyrinth,15.0,seed144,1,1007,116,230.01,9204,48,1085,0.4629545797495096,53704.946948178665
3B_labyrinth,15.0,seed144,1,1007,121,240.01,9205,48,1087,0.46300487903022985,53697.53847242855
3B_labyrinth,15.0,seed144,1,1007,126,250.01,9197,48,1087,0.4626024847844676,53661.6982459288
3B_labyrinth,15.0,seed144,1,1007,131,260.01,9188,48,1081,0.462149791257985,53656.514959722685
3B_labyrinth,15.0,seed144,1,1007,136,270.01,9192,48,1081,0.46235098838086613,53667.18405016432
3B_labyrinth,15.0,seed144,1,1007,141,280.01,9193,48,1081,0.46240128766158645,53672.77221087125
3B_labyrinth,15.0,seed144,1,1007,146,290.01,9193,48,1083,0.46240128766158645,53674.36106907933
3B_labyrinth,15.0,seed144,1,1007,151,300.01,9197,48,1083,0.4626024847844676,53685.28058229135
3B_labyrinth,15.0,seed144,1,1007,156,310.01,9201,48,1083,0.4628036819073487,53697.06119600334
3B_labyrinth,15.0,seed144,1,1007,161,320.01,9202,48,1083,0.46285398118806903,53700.56407349708
3B_labyrinth,15.0,seed144,1,1007,166,330.01,9202,48,1086,0.46285398118806903,53701.84822566749
3B_labyrinth,15.0,seed144,1,1007,171,340.01,9203,48,1084,0.4629042804687893,53708.19552562898
3B_labyrinth,15.0,seed144,1,1007,176,350.01,9201,48,1082,0.4628036819073487,53719.20469437304
3B_labyrinth,15.0,seed144,1,1007,181,360.01,9202,48,1083,0.46285398118806903,53710.98120623722
3B_labyrinth,15.0,seed144,1,1007,186,370.01,9202,48,1085,0.46285398118806903,53707.502157067225
3B_labyrinth,15.0,seed144,1,1007,191,380.01,9204,48,1084,0.4629545797495096,53706.5734590745
3B_labyrinth,15.0,seed144,1,1007,196,390.01,9205,48,1085,0.46300487903022985,53708.63976558548
3B_labyrinth,15.0,seed144,1,1007,201,400.01,9207,48,1084,0.4631054775916704,53718.616672183736
3B_labyrinth,15.0,seed144,1,1007,206,410.01,9207,48,1086,0.4631054775916704,53716.19457764583
3B_labyrinth,15.0,seed144,1,1007,211,420.01,9202,48,1085,0.46285398118806903,53708.32263819776
3B_labyrinth,15.0,seed144,1,1007,216,430.01,9207,48,1085,0.4631054775916704,53738.705855226464
3B_labyrinth,15.0,seed144,1,1007,221,440.01,9209,48,1084,0.463206076153111,53747.88364055897
3B_labyrinth,15.0,seed144,1,1007,226,450.01,9204,48,1085,0.4629545797495096,53732.7357380395
3B_labyrinth,15.0,seed144,1,1007,231,460.01,9200,48,1085,0.46275338262662846,53726.06426403013
3B_labyrinth,15.0,seed144,1,1007,236,470.01,9195,47,1086,0.462501886223027,53693.55481590414
3B_labyrinth,15.0,seed144,1,1007,241,480.01,9205,47,1087,0.46300487903022985,53738.13126091573
3B_labyrinth,15.0,seed144,1,1007,246,490.01,9212,47,1087,0.46335697399527187,53792.423308767626
3B_labyrinth,15.0,seed144,1,1007,251,500.01,9221,47,1089,0.46380966752175445,53824.143292605746
3B_labyrinth,15.0,seed144,1,1007,256,510.01,9223,47,1089,0.463910266083195,53849.496441722986
3B_labyrinth,15.0,seed144,1,1007,261,520.01,9227,47,1090,0.46411146320607616,53869.51931551275
3B_labyrinth,15.0,seed144,1,1007,266,530.01,9231,47,1091,0.4643126603289573,53889.240011264075
3B_labyrinth,15.0,seed144,1,1007,271,540.01,9235,47,1094,0.46451385745183843,53917.826155501985
3B_labyrinth,15.0,seed144,1,1007,276,550.01,9241,47,1096,0.46481565313616013,53930.8132154475
3B_labyrinth,15.0,seed144,1,1007,281,560.01,9238,47,1097,0.4646647552939993,53925.28938063801
3B_labyrinth,15.0,seed144,1,1007,286,570.01,9236,47,1097,0.46456415673255874,53914.1406681494
3B_labyrinth,15.0,seed144,1,1007,291,580.01,9236,47,1097,0.46456415673255874,53912.872826601386
3B_labyrinth,15.0,seed144,1,1007,296,590.01,9231,47,1097,0.4643126603289573,53908.69730257492
3B_labyrinth,15.0,seed144,1,1007,301,600.01,9233,47,1097,0.46441325889039786,53920.94106896076
3B_labyrinth,15.0,seed144,2,2007,0,0.0,144,135,4,0.007243096423721141,1440.0
3B_labyrinth,15.0,seed144,2,2007,1,0.01,144,135,4,0.007243096423721141,1474.4022967207582
3B_labyrinth,15.0,seed144,2,2007,6,10.01,7005,63,336,0.35234646144560133,40060.348970733045
3B_labyrinth,15.0,seed144,2,2007,11,20.01,8230,57,400,0.4139630803279513,47973.61859887338
3B_labyrinth,15.0,seed144,2,2007,16,30.01,8650,57,424,0.4350887782304713,50294.94933579067
3B_labyrinth,15.0,seed144,2,2007,21,40.01,8853,57,433,0.4452995322166893,51488.852553974284
3B_labyrinth,15.0,seed144,2,2007,26,50.01,8941,57,439,0.44972586892007443,51995.79031592122
3B_labyrinth,15.0,seed144,2,2007,31,60.01,8999,57,442,0.452643227201851,52323.74953028021
3B_labyrinth,15.0,seed144,2,2007,36,70.01,9014,57,444,0.4533977164126553,52452.066742128256
3B_labyrinth,15.0,seed144,2,2007,41,80.01,9026,57,444,0.4540013077812987,52524.58973446428
3B_labyrinth,15.0,seed144,2,2007,46,90.01,9048,57,443,0.455107891957145,52641.360538849476
3B_labyrinth,15.0,seed144,2,2007,51,100.01,9047,57,445,0.4550575926764247,52686.68010253532
3B_labyrinth,15.0,seed144,2,2007,56,110.01,9055,57,448,0.45545998692218703,52716.13268275501
3B_labyrinth,15.0,seed144,2,2007,61,120.01,9057,57,447,0.4555605854836276,52756.03499228363
3B_labyrinth,15.0,seed144,2,2007,66,130.01,9072,57,447,0.4563150746944319,52781.91748670235
3B_labyrinth,15.0,seed144,2,2007,71,140.01,9077,57,448,0.4565665710980333,52814.72771866533
3B_labyrinth,15.0,seed144,2,2007,76,150.01,9082,57,449,0.45681806750163473,52830.38254524227
3B_labyrinth,15.0,seed144,2,2007,81,160.01,9082,57,449,0.45681806750163473,52835.53180453362
3B_labyrinth,15.0,seed144,2,2007,86,170.01,9091,57,451,0.4572707610281173,52849.067680343825
3B_labyrinth,15.0,seed144,2,2007,91,180.01,9087,57,451,0.4570695639052362,52841.804414322294
3B_labyrinth,15.0,seed144,2,2007,96,190.01,9090,57,451,0.457220461747397,52849.05519557749
3B_labyrinth,15.0,seed144,2,2007,101,200.01,9088,57,450,0.45711986318595643,52854.580275737084
3B_labyrinth,15.0,seed144,2,2007,106,210.01,9085,57,449,0.4569689653437956,52860.07015003963
3B_labyrinth,15.0,seed144,2,2007,111,220.01,9092,57,449,0.45732106030883757,52865.013954216935
3B_labyrinth,15.0,seed144,2,2007,116,230.01,9092,57,449,0.45732106030883757,52865.656439782164
3B_labyrinth,15.0,seed144,2,2007,121,240.01,9090,57,450,0.457220461747397,52845.25031741795
3B_labyrinth,15.0,seed144,2,2007,126,250.01,9084,57,449,0.4569186660630753,52836.77109492624
3B_labyrinth,15.0,seed144,2,2007,131,260.01,9085,57,450,0.4569689653437956,52839.00567231847
3B_labyrinth,15.0,seed144,2,2007,136,270.01,9086,57,450,0.45701926462451586,52834.19071816253
3B_labyrinth,15.0,seed144,2,2007,141,280.01,9084,57,450,0.4569186660630753,52820.08078737595
3B_labyrinth,15.0,seed144,2,2007,146,290.01,9081,57,450,0.4567677682209144,52828.855071877624
3B_labyrinth,15.0,seed144,2,2007,151,300.01,9087,57,450,0.4570695639052362,52834.183190963
3B_labyrinth,15.0,seed144,2,2007,156,310.01,9087,57,450,0.4570695639052362,52833.18672256419
3B_labyrinth,15.0,seed144,2,2007,161,320.01,9088,57,450,0.45711986318595643,52837.94659203016
3B_labyrinth,15.0,seed144,2,2007,166,330.01,9091,57,450,0.4572707610281173,52845.98582972974
3B_labyrinth,15.0,seed144,2,2007,171,340.01,9094,57,450,0.45742165887027814,52852.542384242835
3B_labyrinth,15.0,seed144,2,2007,176,350.01,9094,57,450,0.45742165887027814,52857.49523908354
3B_labyrinth,15.0,seed144,2,2007,181,360.01,9095,57,450,0.45747195815099845,52861.214001401975
3B_labyrinth,15.0,seed144,2,2007,186,370.01,9096,57,450,0.4575222574317187,52864.14423227112
3B_labyrinth,15.0,seed144,2,2007,191,380.01,9097,57,450,0.457572556712439,52865.9878877065
3B_labyrinth,15.0,seed144,2,2007,196,390.01,9093,57,450,0.4573713595895579,52858.21111964195
3B_labyrinth,15.0,seed144,2,2007,201,400.01,9093,57,450,0.4573713595895579,52859.71738054458
3B_labyrinth,15.0,seed144,2,2007,206,410.01,9095,57,450,0.45747195815099845,52862.86464986201
3B_labyrinth,15.0,seed144,2,2007,211,420.01,9095,57,450,0.45747195815099845,52864.54627904491
3B_labyrinth,15.0,seed144,2,2007,216,430.01,9095,57,450,0.45747195815099845,52865.923214762784
3B_labyrinth,15.0,seed144,2,2007,221,440.01,9095,57,450,0.45747195815099845,52867.70401804577
3B_labyrinth,15.0,seed144,2,2007,226,450.01,9096,57,450,0.4575222574317187,52870.05139132716
3B_labyrinth,15.0,seed144,2,2007,231,460.01,9097,57,450,0.457572556712439,52871.016230238994
3B_labyrinth,15.0,seed144,2,2007,236,470.01,9097,57,450,0.457572556712439,52870.48548924179
3B_labyrinth,15.0,seed144,2,2007,241,480.01,9097,57,450,0.457572556712439,52869.53878762063
3B_labyrinth,15.0,seed144,2,2007,246,490.01,9097,57,450,0.457572556712439,52868.43570004404
3B_labyrinth,15.0,seed144,2,2007,251,500.01,9096,57,450,0.4575222574317187,52867.28417444439
3B_labyrinth,15.0,seed144,2,2007,256,510.01,9096,57,450,0.4575222574317187,52866.34237311581
3B_labyrinth,15.0,seed144,2,2007,261,520.01,9096,57,450,0.4575222574317187,52865.7705222924
3B_labyrinth,15.0,seed144,2,2007,266,530.01,9096,57,450,0.4575222574317187,52865.4686788011
3B_labyrinth,15.0,seed144,2,2007,271,540.01,9096,57,450,0.4575222574317187,52865.29910061999
3B_labyrinth,15.0,seed144,2,2007,276,550.01,9095,57,450,0.45747195815099845,52865.18929922559
3B_labyrinth,15.0,seed144,2,2007,281,560.01,9095,57,450,0.45747195815099845,52865.10979933708
3B_labyrinth,15.0,seed144,2,2007,286,570.01,9095,57,450,0.45747195815099845,52865.048678048
3B_labyrinth,15.0,seed144,2,2007,291,580.01,9095,57,450,0.45747195815099845,52865.000402709076
3B_labyrinth,15.0,seed144,2,2007,296,590.01,9095,57,450,0.45747195815099845,52864.96184227828
3B_labyrinth,15.0,seed144,2,2007,301,600.01,9095,57,450,0.45747195815099845,52864.93089549781
3B_labyrinth,15.0,seed144,3,3007,0,0.0,144,141,2,0.007243096423721141,1440.0
3B_labyrinth,15.0,seed144,3,3007,1,0.01,144,141,2,0.007243096423721141,1475.7650412487055
3B_labyrinth,15.0,seed144,3,3007,6,10.01,7168,63,405,0.3605452442030079,41277.29272914184
3B_labyrinth,15.0,seed144,3,3007,11,20.01,8378,60,493,0.42140737387455357,48734.22486576253
3B_labyrinth,15.0,seed144,3,3007,16,30.01,8704,60,528,0.4378049393893667,50605.637251320804
3B_labyrinth,15.0,seed144,3,3007,21,40.01,8861,59,544,0.4457019264624516,51469.417126089305
3B_labyrinth,15.0,seed144,3,3007,26,50.01,8901,59,552,0.447713897691263,51805.189499849745
3B_labyrinth,15.0,seed144,3,3007,31,60.01,8931,59,558,0.4492228761128716,52002.68229194837
3B_labyrinth,15.0,seed144,3,3007,36,70.01,8968,59,562,0.45108394949952213,52199.74488253037
3B_labyrinth,15.0,seed144,3,3007,41,80.01,8996,59,565,0.45249232935969014,52334.533633568055
3B_labyrinth,15.0,seed144,3,3007,46,90.01,9018,59,573,0.45359891353553644,52417.499779671954
3B_labyrinth,15.0,seed144,3,3007,51,100.01,9018,59,578,0.45359891353553644,52493.34952207516
3B_labyrinth,15.0,seed144,3,3007,56,110.01,9028,59,579,0.4541019063427393,52553.94636445532
3B_labyrinth,15.0,seed144,3,3007,61,120.01,9025,58,578,0.45395100850057846,52609.29942518813
3B_labyrinth,15.0,seed144,3,3007,66,130.01,9062,58,585,0.455812081887229,52754.41290827718
3B_labyrinth,15.0,seed144,3,3007,71,140.01,9076,58,584,0.456516271817313,52833.31997414111
3B_labyrinth,15.0,seed144,3,3007,76,150.01,9092,58,585,0.45732106030883757,52919.21336375679
3B_labyrinth,15.0,seed144,3,3007,81,160.01,9108,58,588,0.45812584880036217,52978.12695891378
3B_labyrinth,15.0,seed144,3,3007,86,170.01,9107,58,586,0.45807554951964186,53019.296821372845
3B_labyrinth,15.0,seed144,3,3007,91,180.01,9113,58,588,0.45837734520396356,53031.12666171802
3B_labyrinth,15.0,seed144,3,3007,96,190.01,9112,58,588,0.4583270459232433,53040.47733761551
3B_labyrinth,15.0,seed144,3,3007,101,200.01,9110,58,590,0.45822644736180274,53020.361321483724
3B_labyrinth,15.0,seed144,3,3007,106,210.01,9111,58,589,0.458276746642523,53015.96508566251
3B_labyrinth,15.0,seed144,3,3007,111,220.01,9112,58,590,0.4583270459232433,53017.03908783618
3B_labyrinth,15.0,seed144,3,3007,116,230.01,9107,58,592,0.45807554951964186,52995.59423218688
3B_labyrinth,15.0,seed144,3,3007,121,240.01,9102,58,591,0.45782405311604046,52992.3538994498
3B_labyrinth,15.0,seed144,3,3007,126,250.01,9105,58,594,0.4579749509582013,52996.2692558102
3B_labyrinth,15.0,seed144,3,3007,131,260.01,9101,58,595,0.45777375383532015,52988.686964075576
3B_labyrinth,15.0,seed144,3,3007,136,270.01,9105,58,597,0.4579749509582013,52997.931439235705
3B_labyrinth,15.0,seed144,3,3007,141,280.01,9112,58,600,0.4583270459232433,53008.336105557784
3B_labyrinth,15.0,seed144,3,3007,146,290.01,9108,58,599,0.45812584880036217,53006.332205580184
3B_labyrinth,15.0,seed144,3,3007,151,300.01,9110,58,599,0.45822644736180274,53012.84015961646
3B_labyrinth,15.0,seed144,3,3007,156,310.01,9112,58,598,0.4583270459232433,53035.618077402185
3B_labyrinth,15.0,seed144,3,3007,161,320.01,9110,58,598,0.45822644736180274,53028.773000418565
3B_labyrinth,15.0,seed144,3,3007,166,330.01,9109,58,597,0.4581761480810824,53022.28083596859
3B_labyrinth,15.0,seed144,3,3007,171,340.01,9109,58,597,0.4581761480810824,53017.36129043593
3B_labyrinth,15.0,seed144,3,3007,176,350.01,9109,58,597,0.4581761480810824,53014.21695943127
3B_labyrinth,15.0,seed144,3,3007,181,360.01,9112,58,599,0.4583270459232433,53013.41241209746
3B_labyrinth,15.0,seed144,3,3007,186,370.01,9116,58,599,0.45852824304612444,53013.64882807844
3B_labyrinth,15.0,seed144,3,3007,191,380.01,9116,58,599,0.45852824304612444,53013.79936826462
3B_labyrinth,15.0,seed144,3,3007,196,390.01,9115,58,599,0.45847794376540413,53014.12390122889
3B_labyrinth,15.0,seed144,3,3007,201,400.01,9114,58,598,0.45842764448468387,53014.92393723669
3B_labyrinth,15.0,seed144,3,3007,206,410.01,9114,58,598,0.45842764448468387,53016.44834747412
3B_labyrinth,15.0,seed144,3,3007,211,420.01,9116,58,599,0.45852824304612444,53018.088652067665
3B_labyrinth,15.0,seed144,3,3007,216,430.01,9117,58,599,0.45857854232684475,53018.59724696605
3B_labyrinth,15.0,seed144,3,3007,221,440.01,9117,58,599,0.45857854232684475,53018.27442023285
3B_labyrinth,15.0,seed144,3,3007,226,450.01,9116,58,599,0.45852824304612444,53017.64660882211
3B_labyrinth,15.0,seed144,3,3007,231,460.01,9114,58,598,0.45842764448468387,53016.81849005593
3B_labyrinth,15.0,seed144,3,3007,236,470.01,9114,58,598,0.45842764448468387,53015.691463259805
3B_labyrinth,15.0,seed144,3,3007,241,480.01,9113,58,597,0.45837734520396356,53014.06679950045
3B_labyrinth,15.0,seed144,3,3007,246,490.01,9113,58,596,0.45837734520396356,53011.71106001656
3B_labyrinth,15.0,seed144,3,3007,251,500.01,9112,58,595,0.4583270459232433,53008.57454675828
3B_labyrinth,15.0,seed144,3,3007,256,510.01,9112,58,595,0.4583270459232433,53005.158821574805
3B_labyrinth,15.0,seed144,3,3007,261,520.01,9111,58,594,0.458276746642523,53002.43904588271
3B_labyrinth,15.0,seed144,3,3007,266,530.01,9111,58,594,0.458276746642523,53000.93136998552
3B_labyrinth,15.0,seed144,3,3007,271,540.01,9112,58,595,0.4583270459232433,53000.40311244632
3B_labyrinth,15.0,seed144,3,3007,276,550.01,9113,58,596,0.45837734520396356,53000.531506438085
3B_labyrinth,15.0,seed144,3,3007,281,560.01,9113,58,596,0.45837734520396356,53001.140746605284
3B_labyrinth,15.0,seed144,3,3007,286,570.01,9114,58,597,0.45842764448468387,53002.15822390825
3B_labyrinth,15.0,seed144,3,3007,291,580.01,9113,58,596,0.45837734520396356,53003.568139783354
3B_labyrinth,15.0,seed144,3,3007,296,590.01,9114,58,597,0.45842764448468387,53005.349163767096
3B_labyrinth,15.0,seed144,3,3007,301,600.01,9113,58,597,0.45837734520396356,53007.469283948754
3B_labyrinth,15.0,random,1,,0,0.0,1945,1415,10,0.09783210100095568,19936.811467800162
3B_labyrinth,15.0,random,1,,1,0.01,2064,1414,11,0.10381771540666969,20325.400133521485
3B_labyrinth,15.0,random,1,,6,10.01,14537,1,14537,0.7312006438307932,83443.42072476228
3B_labyrinth,15.0,random,1,,11,20.01,12723,1,12723,0.639957748604195,73412.3969794738
3B_labyrinth,15.0,random,1,,16,30.01,12095,1,12095,0.6083698003118555,70073.95369422997
3B_labyrinth,15.0,random,1,,21,40.01,11836,1,11836,0.5953422866053015,68650.56876059
3B_labyrinth,15.0,random,1,,26,50.01,11683,1,11683,0.5876464966550978,67917.79613973372
3B_labyrinth,15.0,random,1,,31,60.01,11618,1,11618,0.5843770434082792,67532.901614042
3B_labyrinth,15.0,random,1,,36,70.01,11581,1,11581,0.5825159700216287,67283.75596571385
3B_labyrinth,15.0,random,1,,41,80.01,11537,1,11537,0.5803028016699361,67095.55867937056
3B_labyrinth,15.0,random,1,,46,90.01,11555,1,11555,0.5812081887229013,67130.54473919165
3B_labyrinth,15.0,random,1,,51,100.01,11536,1,11536,0.5802525023892159,67088.45947308092
3B_labyrinth,15.0,random,1,,56,110.01,11528,1,11528,0.5798501081434535,67002.97928658474
3B_labyrinth,15.0,random,1,,61,120.01,11535,1,11535,0.5802022031084956,67059.09381888057
3B_labyrinth,15.0,random,1,,66,130.01,11529,1,11529,0.5799004074241738,67069.4565844993
3B_labyrinth,15.0,random,1,,71,140.01,11517,1,11517,0.5792968160555304,67017.97347531613
3B_labyrinth,15.0,random,1,,76,150.01,11509,1,11509,0.5788944218097681,66968.50777634609
3B_labyrinth,15.0,random,1,,81,160.01,11507,1,11507,0.5787938232483275,66891.13347978424
3B_labyrinth,15.0,random,1,,86,170.01,11499,1,11499,0.5783914290025652,66943.1750375506
3B_labyrinth,15.0,random,1,,91,180.01,11481,1,11481,0.5774860419496001,66868.55899227991
3B_labyrinth,15.0,random,1,,96,190.01,11479,1,11479,0.5773854433881596,66808.77616837632
3B_labyrinth,15.0,random,1,,101,200.01,11477,1,11477,0.5772848448267189,66806.80499054378
3B_labyrinth,15.0,random,1,,106,210.01,11475,1,11475,0.5771842462652784,66771.97083647744
3B_labyrinth,15.0,random,1,,111,220.01,11468,1,11468,0.5768321513002365,66755.75654729907
3B_labyrinth,15.0,random,1,,116,230.01,11468,1,11468,0.5768321513002365,66730.1043891077
3B_labyrinth,15.0,random,1,,121,240.01,11456,1,11456,0.5762285599315929,66701.11593977848
3B_labyrinth,15.0,random,1,,126,250.01,11450,1,11450,0.5759267642472713,66673.66171779897
3B_labyrinth,15.0,random,1,,131,260.01,11447,1,11447,0.5757758664051104,66654.22587127308
3B_labyrinth,15.0,random,1,,136,270.01,11446,1,11446,0.5757255671243902,66640.3461374003
3B_labyrinth,15.0,random,1,,141,280.01,11446,1,11446,0.5757255671243902,66631.48596676048
3B_labyrinth,15.0,random,1,,146,290.01,11444,1,11444,0.5756249685629495,66623.85485399785
3B_labyrinth,15.0,random,1,,151,300.01,11443,1,11443,0.5755746692822292,66619.07725429953
3B_labyrinth,15.0,random,1,,156,310.01,11441,1,11441,0.5754740707207887,66615.99929890723
3B_labyrinth,15.0,random,1,,161,320.01,11442,1,11442,0.575524370001509,66617.71102514009
3B_labyrinth,15.0,random,1,,166,330.01,11441,1,11441,0.5754740707207887,66617.69586970883
3B_labyrinth,15.0,random,1,,171,340.01,11441,1,11441,0.5754740707207887,66617.52436338134
3B_labyrinth,15.0,random,1,,176,350.01,11442,1,11442,0.575524370001509,66622.60054588864
3B_labyrinth,15.0,random,1,,181,360.01,11442,1,11442,0.575524370001509,66627.7824559392
3B_labyrinth,15.0,random,1,,186,370.01,11442,1,11442,0.575524370001509,66625.71715993255
3B_labyrinth,15.0,random,1,,191,380.01,11443,1,11443,0.5755746692822292,66624.57301395191
3B_labyrinth,15.0,random,1,,196,390.01,11441,1,11441,0.5754740707207887,66624.0555369258
3B_labyrinth,15.0,random,1,,201,400.01,11441,1,11441,0.5754740707207887,66624.01198140049
3B_labyrinth,15.0,random,1,,206,410.01,11441,1,11441,0.5754740707207887,66625.09079703689
3B_labyrinth,15.0,random,1,,211,420.01,11442,1,11442,0.575524370001509,66634.95163647081
3B_labyrinth,15.0,random,1,,216,430.01,11443,1,11443,0.5755746692822292,66636.55728487112
3B_labyrinth,15.0,random,1,,221,440.01,11445,1,11445,0.5756752678436698,66644.43678249032
3B_labyrinth,15.0,random,1,,226,450.01,11444,1,11444,0.5756249685629495,66650.518999801
3B_labyrinth,15.0,random,1,,231,460.01,11446,1,11446,0.5757255671243902,66647.22202956516
3B_labyrinth,15.0,random,1,,236,470.01,11444,1,11444,0.5756249685629495,66642.10556531342
3B_labyrinth,15.0,random,1,,241,480.01,11442,1,11442,0.575524370001509,66634.68888637681
3B_labyrinth,15.0,random,1,,246,490.01,11442,1,11442,0.575524370001509,66632.5581992704
3B_labyrinth,15.0,random,1,,251,500.01,11441,1,11441,0.5754740707207887,66630.4631446604
3B_labyrinth,15.0,random,1,,256,510.01,11441,1,11441,0.5754740707207887,66627.7580614581
3B_labyrinth,15.0,random,1,,261,520.01,11439,1,11439,0.5753734721593481,66626.06296019434
3B_labyrinth,15.0,random,1,,266,530.01,11439,1,11439,0.5753734721593481,66625.63128207886
3B_labyrinth,15.0,random,1,,271,540.01,11439,1,11439,0.5753734721593481,66625.72498124035
3B_labyrinth,15.0,random,1,,276,550.01,11439,1,11439,0.5753734721593481,66626.02313065715
3B_labyrinth,15.0,random,1,,281,560.01,11439,1,11439,0.5753734721593481,66626.57286008158
3B_labyrinth,15.0,random,1,,286,570.01,11444,1,11444,0.5756249685629495,66633.9415735779
3B_labyrinth,15.0,random,1,,291,580.01,11442,1,11442,0.575524370001509,66637.08267830726
3B_labyrinth,15.0,random,1,,296,590.01,11439,1,11439,0.5753734721593481,66635.25725369749
3B_labyrinth,15.0,random,1,,301,600.01,11442,1,11442,0.575524370001509,66634.01199648198
3B_labyrinth,15.0,random,2,,0,0.0,2001,1428,9,0.10064886072129169,19840.181224828495
3B_labyrinth,15.0,random,2,,1,0.01,2096,1401,10,0.10542729238971883,20220.312520364223
3B_labyrinth,15.0,random,2,,6,10.01,14478,1,14478,0.7282329862682964,83125.24515186198
3B_labyrinth,15.0,random,2,,11,20.01,12777,1,12777,0.6426739097630904,73558.38028904359
3B_labyrinth,15.0,random,2,,16,30.01,12090,1,12090,0.6081183039082542,70104.03693931262
3B_labyrinth,15.0,random,2,,21,40.01,11880,1,11880,0.5975554549569941,68866.60944757053
3B_labyrinth,15.0,random,2,,26,50.01,11748,1,11748,0.5909159499019164,68201.34226529957
3B_labyrinth,15.0,random,2,,31,60.01,11696,1,11696,0.5883003873044615,67867.23164930407
3B_labyrinth,15.0,random,2,,36,70.01,11646,1,11646,0.5857854232684473,67610.04177650683
3B_labyrinth,15.0,random,2,,41,80.01,11612,1,11612,0.5840752477239576,67418.6056335933
3B_labyrinth,15.0,random,2,,46,90.01,11611,1,11611,0.5840249484432373,67426.60478843271
3B_labyrinth,15.0,random,2,,51,100.01,11592,1,11592,0.5830692621095518,67390.42728494265
3B_labyrinth,15.0,random,2,,56,110.01,11575,1,11575,0.5822141743373069,67285.8218204795
3B_labyrinth,15.0,random,2,,61,120.01,11568,1,11568,0.581862079372265,67227.82062768796
3B_labyrinth,15.0,random,2,,66,130.01,11554,1,11554,0.5811578894421809,67196.85982967546
3B_labyrinth,15.0,random,2,,71,140.01,11562,1,11562,0.5815602836879432,67236.47228950381
3B_labyrinth,15.0,random,2,,76,150.01,11565,1,11565,0.5817111815301041,67262.14868809661
3B_labyrinth,15.0,random,2,,81,160.01,11566,1,11566,0.5817614808108245,67244.48257575152
3B_labyrinth,15.0,random,2,,86,170.01,11560,1,11560,0.5814596851265027,67240.16297215721
3B_labyrinth,15.0,random,2,,91,180.01,11574,1,11574,0.5821638750565867,67284.08761586981
3B_labyrinth,15.0,random,2,,96,190.01,11589,1,11589,0.582918364267391,67384.69014285816
3B_labyrinth,15.0,random,2,,101,200.01,11575,1,11575,0.5822141743373069,67319.61630869546
3B_labyrinth,15.0,random,2,,106,210.01,11565,1,11565,0.5817111815301041,67233.46657334932
3B_labyrinth,15.0,random,2,,111,220.01,11547,1,11547,0.580805794477139,67145.06696005544
3B_labyrinth,15.0,random,2,,116,230.01,11547,1,11547,0.580805794477139,67133.61510475066
3B_labyrinth,15.0,random,2,,121,240.01,11555,1,11555,0.5812081887229013,67138.31794915104
3B_labyrinth,15.0,random,2,,126,250.01,11562,1,11562,0.5815602836879432,67179.34574383839
3B_labyrinth,15.0,random,2,,131,260.01,11555,1,11555,0.5812081887229013,67176.75554243133
3B_labyrinth,15.0,random,2,,136,270.01,11551,1,11551,0.5810069916000201,67150.15627837638
3B_labyrinth,15.0,random,2,,141,280.01,11548,1,11548,0.5808560937578593,67134.46689571961
3B_labyrinth,15.0,random,2,,146,290.01,11543,1,11543,0.5806045973542578,67125.93022527819
3B_labyrinth,15.0,random,2,,151,300.01,11542,1,11542,0.5805542980735375,67129.19961940628
3B_labyrinth,15.0,random,2,,156,310.01,11547,1,11547,0.580805794477139,67129.56336785265
3B_labyrinth,15.0,random,2,,161,320.01,11544,1,11544,0.5806548966349782,67135.58187898943
3B_labyrinth,15.0,random,2,,166,330.01,11546,1,11546,0.5807554951964187,67137.00266277486
3B_labyrinth,15.0,random,2,,171,340.01,11544,1,11544,0.5806548966349782,67132.34447929391
3B_labyrinth,15.0,random,2,,176,350.01,11547,1,11547,0.580805794477139,67135.1538692762
3B_labyrinth,15.0,random,2,,181,360.01,11547,1,11547,0.580805794477139,67139.40883539559
3B_labyrinth,15.0,random,2,,186,370.01,11554,1,11554,0.5811578894421809,67159.10592387833
3B_labyrinth,15.0,random,2,,191,380.01,11551,1,11551,0.5810069916000201,67155.91647430844
3B_labyrinth,15.0,random,2,,196,390.01,11549,1,11549,0.5809063930385795,67152.02488009374
3B_labyrinth,15.0,random,2,,201,400.01,11547,1,11547,0.580805794477139,67148.97106035281
3B_labyrinth,15.0,random,2,,206,410.01,11547,1,11547,0.580805794477139,67146.19116804391
3B_labyrinth,15.0,random,2,,211,420.01,11544,1,11544,0.5806548966349782,67143.53974220339
3B_labyrinth,15.0,random,2,,216,430.01,11545,1,11545,0.5807051959156984,67141.1993456779
3B_labyrinth,15.0,random,2,,221,440.01,11544,1,11544,0.5806548966349782,67139.49246520684
3B_labyrinth,15.0,random,2,,226,450.01,11545,1,11545,0.5807051959156984,67138.7026511493
3B_labyrinth,15.0,random,2,,231,460.01,11544,1,11544,0.5806548966349782,67138.43354311612
3B_labyrinth,15.0,random,2,,236,470.01,11545,1,11545,0.5807051959156984,67140.39872369706
3B_labyrinth,15.0,random,2,,241,480.01,11548,1,11548,0.5808560937578593,67145.58946450856
3B_labyrinth,15.0,random,2,,246,490.01,11547,1,11547,0.580805794477139,67140.5301196244
3B_labyrinth,15.0,random,2,,251,500.01,11547,1,11547,0.580805794477139,67136.70695922119
3B_labyrinth,15.0,random,2,,256,510.01,11546,1,11546,0.5807554951964187,67134.09066476877
3B_labyrinth,15.0,random,2,,261,520.01,11545,1,11545,0.5807051959156984,67132.33259831699
3B_labyrinth,15.0,random,2,,266,530.01,11544,1,11544,0.5806548966349782,67131.18697589794
3B_labyrinth,15.0,random,2,,271,540.01,11543,1,11543,0.5806045973542578,67130.46558966179
3B_labyrinth,15.0,random,2,,276,550.01,11543,1,11543,0.5806045973542578,67130.05251705158
3B_labyrinth,15.0,random,2,,281,560.01,11543,1,11543,0.5806045973542578,67129.90142682756
3B_labyrinth,15.0,random,2,,286,570.01,11543,1,11543,0.5806045973542578,67130.03413911343
3B_labyrinth,15.0,random,2,,291,580.01,11543,1,11543,0.5806045973542578,67130.58156136687
3B_labyrinth,15.0,random,2,,296,590.01,11543,1,11543,0.5806045973542578,67131.94331618492
3B_labyrinth,15.0,random,2,,301,600.01,11545,1,11545,0.5807051959156984,67135.28693357945
3B_labyrinth,15.0,random,3,,0,0.0,1982,1393,7,0.09969317438760626,19810.8209612995
3B_labyrinth,15.0,random,3,,1,0.01,2093,1377,9,0.10527639454755797,20188.298361955523
3B_labyrinth,15.0,random,3,,6,10.01,14476,1,14476,0.7281323877068558,83089.24700749773
3B_labyrinth,15.0,random,3,,11,20.01,12708,1,12708,0.6392032593933906,73345.24710785711
3B_labyrinth,15.0,random,3,,16,30.01,12030,1,12030,0.605100347065037,69784.10928362387
3B_labyrinth,15.0,random,3,,21,40.01,11775,1,11775,0.5922740304813641,68340.84383210208
3B_labyrinth,15.0,random,3,,26,50.01,11646,1,11646,0.5857854232684473,67705.55200167275
3B_labyrinth,15.0,random,3,,31,60.01,11553,1,11553,0.5811075901614607,67188.27346276482
3B_labyrinth,15.0,random,3,,36,70.01,11479,1,11479,0.5773854433881596,66779.68436782941
3B_labyrinth,15.0,random,3,,41,80.01,11437,1,11437,0.5752728735979076,66519.08409429561
3B_labyrinth,15.0,random,3,,46,90.01,11402,1,11402,0.5735123987726976,66394.01372736908
3B_labyrinth,15.0,random,3,,51,100.01,11372,1,11372,0.572003420351089,66209.44991113844
3B_labyrinth,15.0,random,3,,56,110.01,11359,1,11359,0.5713495297017253,66127.53268647272
3B_labyrinth,15.0,random,3,,61,120.01,11347,1,11347,0.5707459383330818,66068.68873738358
3B_labyrinth,15.0,random,3,,66,130.01,11347,1,11347,0.5707459383330818,66094.09375135344
3B_labyrinth,15.0,random,3,,71,140.01,11337,1,11337,0.570242945525879,66056.62308212517
3B_labyrinth,15.0,random,3,,76,150.01,11334,1,11334,0.5700920476837181,66079.32272812923
3B_labyrinth,15.0,random,3,,81,160.01,11327,1,11327,0.5697399527186762,66025.03586031936
3B_labyrinth,15.0,random,3,,86,170.01,11331,1,11331,0.5699411498415573,65982.27844934716
3B_labyrinth,15.0,random,3,,91,180.01,11332,1,11332,0.5699914491222775,65972.79319357828
3B_labyrinth,15.0,random,3,,96,190.01,11326,1,11326,0.5696896534379559,65938.12422672367
3B_labyrinth,15.0,random,3,,101,200.01,11327,1,11327,0.5697399527186762,65934.190292312
3B_labyrinth,15.0,random,3,,106,210.01,11321,1,11321,0.5694381570343544,65920.22982163822
3B_labyrinth,15.0,random,3,,111,220.01,11313,1,11313,0.5690357627885921,65912.18386442747
3B_labyrinth,15.0,random,3,,116,230.01,11315,1,11315,0.5691363613500326,65911.30572298839
3B_labyrinth,15.0,random,3,,121,240.01,11316,1,11316,0.569186660630753,65918.84429973742
3B_labyrinth,15.0,random,3,,126,250.01,11313,1,11313,0.5690357627885921,65918.23528308554
3B_labyrinth,15.0,random,3,,131,260.01,11316,1,11316,0.569186660630753,65911.42913975455
3B_labyrinth,15.0,random,3,,136,270.01,11313,1,11313,0.5690357627885921,65901.87268924339
3B_labyrinth,15.0,random,3,,141,280.01,11316,1,11316,0.569186660630753,65908.2209284392
3B_labyrinth,15.0,random,3,,146,290.01,11318,1,11318,0.5692872591921936,65917.19201661731
3B_labyrinth,15.0,random,3,,151,300.01,11317,1,11317,0.5692369599114733,65916.19685982226
3B_labyrinth,15.0,random,3,,156,310.01,11316,1,11316,0.569186660630753,65911.92959006588
3B_labyrinth,15.0,random,3,,161,320.01,11315,1,11315,0.5691363613500326,65900.09889904398
3B_labyrinth,15.0,random,3,,166,330.01,11314,1,11314,0.5690860620693124,65892.7571484484
3B_labyrinth,15.0,random,3,,171,340.01,11315,1,11315,0.5691363613500326,65888.13502731684
3B_labyrinth,15.0,random,3,,176,350.01,11314,1,11314,0.5690860620693124,65885.22551679495
3B_labyrinth,15.0,random,3,,181,360.01,11316,1,11316,0.569186660630753,65883.8862616818
3B_labyrinth,15.0,random,3,,186,370.01,11314,1,11314,0.5690860620693124,65886.22634345968
3B_labyrinth,15.0,random,3,,191,380.01,11314,1,11314,0.5690860620693124,65898.37426234716
3B_labyrinth,15.0,random,3,,196,390.01,11319,1,11319,0.5693375584729138,65907.03509975449
3B_labyrinth,15.0,random,3,,201,400.01,11317,1,11317,0.5692369599114733,65904.27716102825
3B_labyrinth,15.0,random,3,,206,410.01,11318,1,11318,0.5692872591921936,65901.9075143133
3B_labyrinth,15.0,random,3,,211,420.01,11317,1,11317,0.5692369599114733,65900.11714661322
3B_labyrinth,15.0,random,3,,216,430.01,11317,1,11317,0.5692369599114733,65898.74243289491
3B_labyrinth,15.0,random,3,,221,440.01,11315,1,11315,0.5691363613500326,65897.6314692042
3B_labyrinth,15.0,random,3,,226,450.01,11315,1,11315,0.5691363613500326,65896.67010196674
3B_labyrinth,15.0,random,3,,231,460.01,11315,1,11315,0.5691363613500326,65895.78051124651
3B_labyrinth,15.0,random,3,,236,470.01,11314,1,11314,0.5690860620693124,65894.91701444096
3B_labyrinth,15.0,random,3,,241,480.01,11314,1,11314,0.5690860620693124,65894.05541147094
3B_labyrinth,15.0,random,3,,246,490.01,11315,1,11315,0.5691363613500326,65893.17616625899
3B_labyrinth,15.0,random,3,,251,500.01,11314,1,11314,0.5690860620693124,65892.25067174342
3B_labyrinth,15.0,random,3,,256,510.01,11313,1,11313,0.5690357627885921,65891.24221809235
3B_labyrinth,15.0,random,3,,261,520.01,11313,1,11313,0.5690357627885921,65890.12367134786
3B_labyrinth,15.0,random,3,,266,530.01,11314,1,11314,0.5690860620693124,65888.88459044704
3B_labyrinth,15.0,random,3,,271,540.01,11315,1,11315,0.5691363613500326,65887.48873256239
3B_labyrinth,15.0,random,3,,276,550.01,11313,1,11313,0.5690357627885921,65885.83651831382
3B_labyrinth,15.0,random,3,,281,560.01,11313,1,11313,0.5690357627885921,65883.81529371065
3B_labyrinth,15.0,random,3,,286,570.01,11313,1,11313,0.5690357627885921,65881.46234164773
3B_labyrinth,15.0,random,3,,291,580.01,11313,1,11313,0.5690357627885921,65879.16446188599
3B_labyrinth,15.0,random,3,,296,590.01,11314,1,11314,0.5690860620693124,65877.3162916635
3B_labyrinth,15.0,random,3,,301,600.01,11311,1,11311,0.5689351642271515,65875.92719933571
3B_labyrinth,15.0,nucl,1,,0,0.0,0,0,0,0.0,0.0
3B_labyrinth,15.0,nucl,1,,1,0.01,3,3,1,0.0001508978421608571,35.465999999999994
3B_labyrinth,15.0,nucl,1,,6,10.01,10274,150,1053,0.5167748101202153,58723.67837493906
3B_labyrinth,15.0,nucl,1,,11,20.01,11041,122,2395,0.5553543584326744,63701.286119396405
3B_labyrinth,15.0,nucl,1,,16,30.01,11128,119,2442,0.5597303958553392,64429.83067099842
3B_labyrinth,15.0,nucl,1,,21,40.01,11239,123,2456,0.565313616015291,65220.567347071024
3B_labyrinth,15.0,nucl,1,,26,50.01,11304,120,2503,0.5685830692621096,65743.2715026954
3B_labyrinth,15.0,nucl,1,,31,60.01,11349,122,2510,0.5708465368945224,66054.7475911611
3B_labyrinth,15.0,nucl,1,,36,70.01,11291,140,2496,0.5679291786127458,65805.63779889068
3B_labyrinth,15.0,nucl,1,,41,80.01,11348,117,2539,0.5707962376138022,66151.26535732967
3B_labyrinth,15.0,nucl,1,,46,90.01,11380,114,2537,0.5724058145968512,66340.1996155727
3B_labyrinth,15.0,nucl,1,,51,100.01,11397,118,2506,0.5732609023690961,66301.87189972443
3B_labyrinth,15.0,nucl,1,,56,110.01,11337,133,2516,0.570242945525879,66268.52520011224
3B_labyrinth,15.0,nucl,1,,61,120.01,11381,127,2515,0.5724561138775716,66592.63969860581
3B_labyrinth,15.0,nucl,1,,66,130.01,11392,136,2548,0.5730094059654947,66467.63163549805
3B_labyrinth,15.0,nucl,1,,71,140.01,11393,143,2534,0.573059705246215,66587.24508667344
3B_labyrinth,15.0,nucl,1,,76,150.01,11373,115,2563,0.5720537196318093,66432.77884331033
3B_labyrinth,15.0,nucl,1,,81,160.01,11387,125,2572,0.5727579095618933,66359.52670142724
3B_labyrinth,15.0,nucl,1,,86,170.01,11407,124,2585,0.573763895176299,66522.05680072718
3B_labyrinth,15.0,nucl,1,,91,180.01,11435,129,2582,0.575172275036467,66783.60792064885
3B_labyrinth,15.0,nucl,1,,96,190.01,11412,140,2557,0.5740153915799004,66615.80004085331
3B_labyrinth,15.0,nucl,1,,101,200.01,11367,128,2561,0.5717519239474875,66498.3320550496
3B_labyrinth,15.0,nucl,1,,106,210.01,11400,129,2562,0.5734118002112569,66484.4786064864
3B_labyrinth,15.0,nucl,1,,111,220.01,11367,117,2571,0.5717519239474875,66250.3872567237
3B_labyrinth,15.0,nucl,1,,116,230.01,11367,121,2543,0.5717519239474875,66425.04035851352
3B_labyrinth,15.0,nucl,1,,121,240.01,11506,121,2560,0.5787435239676073,67144.7816275361
3B_labyrinth,15.0,nucl,1,,126,250.01,11431,113,2533,0.5749710779135858,66799.56582251926
3B_labyrinth,15.0,nucl,1,,131,260.01,11390,125,2523,0.5729088074040541,66357.59477561826
3B_labyrinth,15.0,nucl,1,,136,270.01,11412,121,2543,0.5740153915799004,66698.12813822727
3B_labyrinth,15.0,nucl,1,,141,280.01,11447,130,2533,0.5757758664051104,66985.82791414548
3B_labyrinth,15.0,nucl,1,,146,290.01,11387,112,2537,0.5727579095618933,66429.60713029226
3B_labyrinth,15.0,nucl,1,,151,300.01,11401,117,2545,0.5734620994919772,66674.87795286321
3B_labyrinth,15.0,nucl,1,,156,310.01,11459,124,2603,0.5763794577737539,66898.82991060801
3B_labyrinth,15.0,nucl,1,,161,320.01,11411,118,2589,0.5739650922991801,66625.32821977242
3B_labyrinth,15.0,nucl,1,,166,330.01,11417,129,2589,0.5742668879835018,66702.31865085065
3B_labyrinth,15.0,nucl,1,,171,340.01,11415,129,2546,0.5741662894220613,66787.5468368268
3B_labyrinth,15.0,nucl,1,,176,350.01,11406,129,2522,0.5737135958955787,66696.03528131227
3B_labyrinth,15.0,nucl,1,,181,360.01,11391,121,2520,0.5729591066847745,66556.82271012176
3B_labyrinth,15.0,nucl,1,,186,370.01,11325,107,2499,0.5696393541572355,66248.49930207538
3B_labyrinth,15.0,nucl,1,,191,380.01,11359,124,2531,0.5713495297017253,66491.39573907497
3B_labyrinth,15.0,nucl,1,,196,390.01,11421,115,2519,0.574468085106383,66709.14872569189
3B_labyrinth,15.0,nucl,1,,201,400.01,11427,126,2486,0.5747698807907047,66794.28968335685
3B_labyrinth,15.0,nucl,1,,206,410.01,11425,127,2501,0.5746692822292642,66908.58349848172
3B_labyrinth,15.0,nucl,1,,211,420.01,11411,106,2507,0.5739650922991801,66721.31315559347
3B_labyrinth,15.0,nucl,1,,216,430.01,11505,137,2499,0.578693224686887,67169.19572083958
3B_labyrinth,15.0,nucl,1,,221,440.01,11423,114,2487,0.5745686836678235,66733.0386439954
3B_labyrinth,15.0,nucl,1,,226,450.01,11340,127,2483,0.5703938433680399,66203.38439629754
3B_labyrinth,15.0,nucl,1,,231,460.01,11384,121,2501,0.5726070117197324,66582.43135927289
3B_labyrinth,15.0,nucl,1,,236,470.01,11489,130,2520,0.5778884361953625,67020.0040506844
3B_labyrinth,15.0,nucl,1,,241,480.01,11519,136,2525,0.579397414616971,67240.24245349542
3B_labyrinth,15.0,nucl,1,,246,490.01,11458,133,2500,0.5763291584930336,66800.3213166373
3B_labyrinth,15.0,nucl,1,,251,500.01,11431,128,2500,0.5749710779135858,66766.16202374856
3B_labyrinth,15.0,nucl,1,,256,510.01,11427,122,2499,0.5747698807907047,66845.9374482477
3B_labyrinth,15.0,nucl,1,,261,520.01,11391,117,2473,0.5729591066847745,66599.79410249222
3B_labyrinth,15.0,nucl,1,,266,530.01,11394,136,2476,0.5731100045269353,66657.80773610744
3B_labyrinth,15.0,nucl,1,,271,540.01,11421,121,2471,0.574468085106383,66694.47655707503
3B_labyrinth,15.0,nucl,1,,276,550.01,11376,101,2471,0.5722046174739701,66608.56664216066
3B_labyrinth,15.0,nucl,1,,281,560.01,11459,105,2470,0.5763794577737539,66889.64381938783
3B_labyrinth,15.0,nucl,1,,286,570.01,11434,128,2471,0.5751219757557466,66971.3340184721
3B_labyrinth,15.0,nucl,1,,291,580.01,11511,121,2493,0.5789950203712086,67431.53615521296
3B_labyrinth,15.0,nucl,1,,296,590.01,11450,132,2506,0.5759267642472713,66983.57828530861
3B_labyrinth,15.0,nucl,1,,301,600.01,11413,100,2515,0.5740656908606206,66733.50702424382
3B_labyrinth,15.0,nucl,2,,0,0.0,0,0,0,0.0,0.0
3B_labyrinth,15.0,nucl,2,,1,0.01,1,1,1,5.02992807202857e-05,11.822
3B_labyrinth,15.0,nucl,2,,6,10.01,10520,112,966,0.5291484331774056,60018.65682406636
3B_labyrinth,15.0,nucl,2,,11,20.01,11111,113,1635,0.5588753080830944,63970.65399070594
3B_labyrinth,15.0,nucl,2,,16,30.01,11174,123,1841,0.5620441627684725,64607.25172266388
3B_labyrinth,15.0,nucl,2,,21,40.01,11170,119,1817,0.5618429656455912,64748.745732084644
3B_labyrinth,15.0,nucl,2,,26,50.01,11318,114,1859,0.5692872591921936,65661.620991398
3B_labyrinth,15.0,nucl,2,,31,60.01,11274,97,1858,0.567074090840501,65555.48037606615
3B_labyrinth,15.0,nucl,2,,36,70.01,11292,110,1880,0.5679794778934661,65601.43544866884
3B_labyrinth,15.0,nucl,2,,41,80.01,11355,120,1884,0.5711483325788441,66012.12515052581
3B_labyrinth,15.0,nucl,2,,46,90.01,11294,124,1870,0.5680800764549067,65733.93281257647
3B_labyrinth,15.0,nucl,2,,51,100.01,11350,120,1839,0.5708968361752427,66096.97429800447
3B_labyrinth,15.0,nucl,2,,56,110.01,11330,122,1839,0.569890850560837,66056.46824446801
3B_labyrinth,15.0,nucl,2,,61,120.01,11432,119,1871,0.5750213771943061,66689.63940068541
3B_labyrinth,15.0,nucl,2,,66,130.01,11415,127,1889,0.5741662894220613,66611.72008679698
3B_labyrinth,15.0,nucl,2,,71,140.01,11330,136,1882,0.569890850560837,65989.96822228993
3B_labyrinth,15.0,nucl,2,,76,150.01,11342,122,1892,0.5704944419294804,66194.53940867423
3B_labyrinth,15.0,nucl,2,,81,160.01,11331,108,1880,0.5699411498415573,66113.4627141586
3B_labyrinth,15.0,nucl,2,,86,170.01,11439,146,1872,0.5753734721593481,66725.48904852352
3B_labyrinth,15.0,nucl,2,,91,180.01,11437,121,1863,0.5752728735979076,66773.36576898035
3B_labyrinth,15.0,nucl,2,,96,190.01,11407,105,1915,0.573763895176299,66732.26614880246
3B_labyrinth,15.0,nucl,2,,101,200.01,11442,131,1923,0.575524370001509,66810.46997392777
3B_labyrinth,15.0,nucl,2,,106,210.01,11449,119,1898,0.575876464966551,67032.82218330698
3B_labyrinth,15.0,nucl,2,,111,220.01,11472,117,1910,0.5770333484231176,67101.4055991089
3B_labyrinth,15.0,nucl,2,,116,230.01,11456,113,1924,0.5762285599315929,67000.79098680607
3B_labyrinth,15.0,nucl,2,,121,240.01,11459,114,1892,0.5763794577737539,67094.43539464142
3B_labyrinth,15.0,nucl,2,,126,250.01,11464,133,1890,0.5766309541773552,66997.45328811488
3B_labyrinth,15.0,nucl,2,,131,260.01,11469,119,1877,0.5768824505809567,67132.59782983776
3B_labyrinth,15.0,nucl,2,,136,270.01,11448,124,1892,0.5758261656858307,66966.44912444189
3B_labyrinth,15.0,nucl,2,,141,280.01,11437,99,1883,0.5752728735979076,66812.46998532518
3B_labyrinth,15.0,nucl,2,,146,290.01,11561,113,1901,0.581509984407223,67571.51109424832
3B_labyrinth,15.0,nucl,2,,151,300.01,11549,114,1884,0.5809063930385795,67407.13204532114
3B_labyrinth,15.0,nucl,2,,156,310.01,11519,109,1894,0.579397414616971,67425.62496389862
3B_labyrinth,15.0,nucl,2,,161,320.01,11496,128,1884,0.5782405311604044,67216.45923965394
3B_labyrinth,15.0,nucl,2,,166,330.01,11485,127,1900,0.5776872390724813,67084.21254836358
3B_labyrinth,15.0,nucl,2,,171,340.01,11479,104,1884,0.5773854433881596,67080.83635587589
3B_labyrinth,15.0,nucl,2,,176,350.01,11464,111,1898,0.5766309541773552,67001.2111883011
3B_labyrinth,15.0,nucl,2,,181,360.01,11485,121,1875,0.5776872390724813,67127.84603666398
3B_labyrinth,15.0,nucl,2,,186,370.01,11436,127,1874,0.5752225743171873,66879.70360827903
3B_labyrinth,15.0,nucl,2,,191,380.01,11504,133,1867,0.5786429254061667,67416.69513141543
3B_labyrinth,15.0,nucl,2,,196,390.01,11592,117,1879,0.5830692621095518,67690.81232581906
3B_labyrinth,15.0,nucl,2,,201,400.01,11544,129,1845,0.5806548966349782,67362.75131278572
3B_labyrinth,15.0,nucl,2,,206,410.01,11533,127,1865,0.580101604547055,67466.52989198497
3B_labyrinth,15.0,nucl,2,,211,420.01,11477,137,1845,0.5772848448267189,67167.91329199137
3B_labyrinth,15.0,nucl,2,,216,430.01,11450,126,1842,0.5759267642472713,67116.93888210447
3B_labyrinth,15.0,nucl,2,,221,440.01,11508,135,1872,0.5788441225290478,67195.71690186433
3B_labyrinth,15.0,nucl,2,,226,450.01,11525,114,1851,0.5796992103012927,67313.81378071275
3B_labyrinth,15.0,nucl,2,,231,460.01,11564,108,1854,0.5816608822493838,67761.88611906786
3B_labyrinth,15.0,nucl,2,,236,470.01,11586,125,1856,0.5827674664252301,67763.91761774558
3B_labyrinth,15.0,nucl,2,,241,480.01,11457,112,1824,0.5762788592123133,67046.47839358824
3B_labyrinth,15.0,nucl,2,,246,490.01,11513,127,1832,0.5790956189326493,67294.49979337651
3B_labyrinth,15.0,nucl,2,,251,500.01,11544,127,1834,0.5806548966349782,67557.70724464123
3B_labyrinth,15.0,nucl,2,,256,510.01,11469,114,1831,0.5768824505809567,67160.14818858945
3B_labyrinth,15.0,nucl,2,,261,520.01,11511,119,1830,0.5789950203712086,67445.70073083919
3B_labyrinth,15.0,nucl,2,,266,530.01,11485,107,1813,0.5776872390724813,67142.73233770728
3B_labyrinth,15.0,nucl,2,,271,540.01,11467,133,1809,0.5767818520195162,67106.48508087525
3B_labyrinth,15.0,nucl,2,,276,550.01,11352,108,1804,0.5709974347366833,66477.12986960162
3B_labyrinth,15.0,nucl,2,,281,560.01,11449,135,1821,0.575876464966551,66952.7920596033
3B_labyrinth,15.0,nucl,2,,286,570.01,11432,119,1799,0.5750213771943061,66950.27435640876
3B_labyrinth,15.0,nucl,2,,291,580.01,11399,119,1812,0.5733615009305367,66783.3218668931
3B_labyrinth,15.0,nucl,2,,296,590.01,11481,123,1841,0.5774860419496001,67212.90753807925
3B_labyrinth,15.0,nucl,2,,301,600.01,11562,131,1827,0.5815602836879432,67764.76684429655
3B_labyrinth,15.0,nucl,3,,0,0.0,0,0,0,0.0,0.0
3B_labyrinth,15.0,nucl,3,,1,0.01,4,4,1,0.0002011971228811428,47.288
3B_labyrinth,15.0,nucl,3,,6,10.01,10442,142,1427,0.5252250892812232,59690.43772745967
3B_labyrinth,15.0,nucl,3,,11,20.01,11156,111,1499,0.5611387757155073,64375.511654015674
3B_labyrinth,15.0,nucl,3,,16,30.01,11337,112,1574,0.570242945525879,65513.88798562204
3B_labyrinth,15.0,nucl,3,,21,40.01,11268,112,1579,0.5667722951561792,65394.096815337645
3B_labyrinth,15.0,nucl,3,,26,50.01,11342,126,1564,0.5704944419294804,65895.7281488445
3B_labyrinth,15.0,nucl,3,,31,60.01,11374,116,1583,0.5721040189125296,65941.98943635507
3B_labyrinth,15.0,nucl,3,,36,70.01,11362,113,1578,0.5715004275438861,66144.43671102836
3B_labyrinth,15.0,nucl,3,,41,80.01,11375,110,1575,0.5721543181932498,66095.34064359676
3B_labyrinth,15.0,nucl,3,,46,90.01,11414,104,1586,0.574115990141341,66322.46209506747
3B_labyrinth,15.0,nucl,3,,51,100.01,11387,126,1573,0.5727579095618933,66378.94446723361
3B_labyrinth,15.0,nucl,3,,56,110.01,11460,116,1570,0.5764297570544741,66813.81205987518
3B_labyrinth,15.0,nucl,3,,61,120.01,11444,112,1570,0.5756249685629495,66739.52077510084
3B_labyrinth,15.0,nucl,3,,66,130.01,11458,118,1577,0.5763291584930336,66837.90178738786
3B_labyrinth,15.0,nucl,3,,71,140.01,11473,138,1587,0.5770836477038378,66939.12825265396
3B_labyrinth,15.0,nucl,3,,76,150.01,11498,98,1575,0.5783411297218449,67060.48131674508
3B_labyrinth,15.0,nucl,3,,81,160.01,11520,121,1561,0.5794477138976912,67139.08858531677
3B_labyrinth,15.0,nucl,3,,86,170.01,11460,115,1547,0.5764297570544741,66845.81430558684
3B_labyrinth,15.0,nucl,3,,91,180.01,11461,123,1562,0.5764800563351944,66892.81360978872
3B_labyrinth,15.0,nucl,3,,96,190.01,11490,128,1529,0.5779387354760827,67136.33910986819
3B_labyrinth,15.0,nucl,3,,101,200.01,11479,137,1540,0.5773854433881596,67300.26174394932
3B_labyrinth,15.0,nucl,3,,106,210.01,11556,136,1551,0.5812584880036216,67525.46953089302
3B_labyrinth,15.0,nucl,3,,111,220.01,11519,115,1558,0.579397414616971,67491.09274132387
3B_labyrinth,15.0,nucl,3,,116,230.01,11438,111,1565,0.5753231728786279,66926.37376246785
3B_labyrinth,15.0,nucl,3,,121,240.01,11489,126,1554,0.5778884361953625,67068.92272913427
3B_labyrinth,15.0,nucl,3,,126,250.01,11525,111,1558,0.5796992103012927,67321.20074224005
3B_labyrinth,15.0,nucl,3,,131,260.01,11556,114,1556,0.5812584880036216,67387.81563535205
3B_labyrinth,15.0,nucl,3,,136,270.01,11500,116,1565,0.5784417282832856,67262.73376899869
3B_labyrinth,15.0,nucl,3,,141,280.01,11538,122,1564,0.5803531009506564,67556.48281432956
3B_labyrinth,15.0,nucl,3,,146,290.01,11567,108,1557,0.5818117800915447,67705.32878035733
3B_labyrinth,15.0,nucl,3,,151,300.01,11628,138,1583,0.5848800362154821,67952.99970591889
3B_labyrinth,15.0,nucl,3,,156,310.01,11533,112,1592,0.580101604547055,67459.49302042436
3B_labyrinth,15.0,nucl,3,,161,320.01,11593,123,1584,0.5831195613902721,67756.54447853193
3B_labyrinth,15.0,nucl,3,,166,330.01,11602,130,1589,0.5835722549167547,67825.39928445661
3B_labyrinth,15.0,nucl,3,,171,340.01,11591,110,1592,0.5830189628288316,67791.53559022608
3B_labyrinth,15.0,nucl,3,,176,350.01,11564,117,1586,0.5816608822493838,67561.25956065343
3B_labyrinth,15.0,nucl,3,,181,360.01,11528,113,1580,0.5798501081434535,67449.16022670976
3B_labyrinth,15.0,nucl,3,,186,370.01,11539,133,1569,0.5804034002313767,67344.08327428809
3B_labyrinth,15.0,nucl,3,,191,380.01,11577,120,1581,0.5823147728987476,67708.31102937437
3B_labyrinth,15.0,nucl,3,,196,390.01,11500,116,1575,0.5784417282832856,67187.65013214012
3B_labyrinth,15.0,nucl,3,,201,400.01,11539,112,1583,0.5804034002313767,67545.14026913984
3B_labyrinth,15.0,nucl,3,,206,410.01,11552,141,1576,0.5810572908807404,67566.83960898806
3B_labyrinth,15.0,nucl,3,,211,420.01,11541,119,1564,0.5805039987928172,67380.78354960258
3B_labyrinth,15.0,nucl,3,,216,430.01,11499,102,1562,0.5783914290025652,67159.06805030158
3B_labyrinth,15.0,nucl,3,,221,440.01,11607,118,1574,0.5838237513203561,68057.50211290263
3B_labyrinth,15.0,nucl,3,,226,450.01,11599,116,1565,0.5834213570745939,67816.03973858478
3B_labyrinth,15.0,nucl,3,,231,460.01,11555,94,1560,0.5812081887229013,67714.66490777917
3B_labyrinth,15.0,nucl,3,,236,470.01,11617,135,1571,0.584326744127559,67834.60438685061
3B_labyrinth,15.0,nucl,3,,241,480.01,11568,117,1561,0.581862079372265,67692.40550346224
3B_labyrinth,15.0,nucl,3,,246,490.01,11549,132,1558,0.5809063930385795,67624.31125279862
3B_labyrinth,15.0,nucl,3,,251,500.01,11556,120,1563,0.5812584880036216,67656.24197019107
3B_labyrinth,15.0,nucl,3,,256,510.01,11572,119,1569,0.5820632764951461,67582.22049445756
3B_labyrinth,15.0,nucl,3,,261,520.01,11559,124,1561,0.5814093858457824,67486.48710860907
3B_labyrinth,15.0,nucl,3,,266,530.01,11556,126,1553,0.5812584880036216,67592.20371562935
3B_labyrinth,15.0,nucl,3,,271,540.01,11511,122,1550,0.5789950203712086,67218.67779622308
3B_labyrinth,15.0,nucl,3,,276,550.01,11602,134,1554,0.5835722549167547,67881.06741385328
3B_labyrinth,15.0,nucl,3,,281,560.01,11560,114,1545,0.5814596851265027,67647.53431434135
3B_labyrinth,15.0,nucl,3,,286,570.01,11593,127,1564,0.5831195613902721,67707.54280048593
3B_labyrinth,15.0,nucl,3,,291,580.01,11631,120,1583,0.585030934057643,68000.89764700456
3B_labyrinth,15.0,nucl,3,,296,590.01,11628,140,1589,0.5848800362154821,67900.91890515373
3B_labyrinth,15.0,nucl,3,,301,600.01,11594,123,1577,0.5831698606709924,67695.9396857029
3B_big,15.0,seed1,0,1302,0,0.0,1,1,1,5.02992807202857e-05,10.0
3B_big,15.0,seed1,0,1302,1,0.01,1,1,1,5.02992807202857e-05,10.19819691727176
3B_big,15.0,seed1,0,1302,6,10.01,91,1,91,0.0045772345455459985,459.8606976252041
3B_big,15.0,seed1,0,1302,11,20.01,169,1,169,0.008500578441728284,854.0122868435433
3B_big,15.0,seed1,0,1302,16,30.01,217,1,217,0.010914943916301998,1100.741811970311
3B_big,15.0,seed1,0,1302,21,40.01,265,1,265,0.013329309390875711,1311.2757381560273
3B_big,15.0,seed1,0,1302,26,50.01,271,1,271,0.013631105075197424,1354.5860590640418
3B_big,15.0,seed1,0,1302,31,60.01,271,1,271,0.013631105075197424,1356.0409412483132
3B_big,15.0,seed1,0,1302,36,70.01,271,1,271,0.013631105075197424,1356.0944599418513
3B_big,15.0,seed1,0,1302,41,80.01,271,1,271,0.013631105075197424,1356.0965966323752
3B_big,15.0,seed1,0,1302,46,90.01,271,1,271,0.013631105075197424,1356.0966871074888
3B_big,15.0,seed1,0,1302,51,100.01,271,1,271,0.013631105075197424,1356.0966911086548
3B_big,15.0,seed1,0,1302,56,110.01,271,1,271,0.013631105075197424,1356.0966912909316
3B_big,15.0,seed1,0,1302,61,120.01,271,1,271,0.013631105075197424,1356.0966912993988
3B_big,15.0,seed1,0,1302,66,130.01,271,1,271,0.013631105075197424,1356.0966912997942
3B_big,15.0,seed1,0,1302,71,140.01,271,1,271,0.013631105075197424,1356.0966912998094
3B_big,15.0,seed1,0,1302,76,150.01,271,1,271,0.013631105075197424,1356.0966912998097
3B_big,15.0,seed1,0,1302,81,160.01,271,1,271,0.013631105075197424,1356.0966912998097
3B_big,15.0,seed1,0,1302,86,170.01,271,1,271,0.013631105075197424,1356.0966912998097
3B_big,15.0,seed1,0,1302,91,180.01,271,1,271,0.013631105075197424,1356.0966912998097
3B_big,15.0,seed1,0,1302,96,190.01,271,1,271,0.013631105075197424,1356.0966912998097
3B_big,15.0,seed1,0,1302,101,200.01,271,1,271,0.013631105075197424,1356.0966912998097
3B_big,15.0,seed1,0,1302,106,210.01,271,1,271,0.013631105075197424,1356.0966912998097
3B_big,15.0,seed1,0,1302,111,220.01,271,1,271,0.013631105075197424,1356.0966912998097
3B_big,15.0,seed1,0,1302,116,230.01,271,1,271,0.013631105075197424,1356.0966912998097
3B_big,15.0,seed1,0,1302,121,240.01,271,1,271,0.013631105075197424,1356.0966912998097
3B_big,15.0,seed1,0,1302,126,250.01,271,1,271,0.013631105075197424,1356.0966912998097
3B_big,15.0,seed1,0,1302,131,260.01,271,1,271,0.013631105075197424,1356.0966912998097
3B_big,15.0,seed1,0,1302,136,270.01,271,1,271,0.013631105075197424,1356.0966912998097
3B_big,15.0,seed1,0,1302,141,280.01,271,1,271,0.013631105075197424,1356.0966912998097
3B_big,15.0,seed1,0,1302,146,290.01,271,1,271,0.013631105075197424,1356.0966912998097
3B_big,15.0,seed1,0,1302,151,300.01,271,1,271,0.013631105075197424,1356.0966912998097
3B_big,15.0,seed1,0,1302,156,310.01,271,1,271,0.013631105075197424,1356.0966912998097
3B_big,15.0,seed1,0,1302,161,320.01,271,1,271,0.013631105075197424,1356.0966912998097
3B_big,15.0,seed1,0,1302,166,330.01,271,1,271,0.013631105075197424,1356.0966912998097
3B_big,15.0,seed1,0,1302,171,340.01,271,1,271,0.013631105075197424,1356.0966912998097
3B_big,15.0,seed1,0,1302,176,350.01,271,1,271,0.013631105075197424,1356.0966912998097
3B_big,15.0,seed1,0,1302,181,360.01,271,1,271,0.013631105075197424,1356.0966912998097
3B_big,15.0,seed1,0,1302,186,370.01,271,1,271,0.013631105075197424,1356.0966912998097
3B_big,15.0,seed1,0,1302,191,380.01,271,1,271,0.013631105075197424,1356.0966912998097
3B_big,15.0,seed1,0,1302,196,390.01,271,1,271,0.013631105075197424,1356.0966912998097
3B_big,15.0,seed1,0,1302,201,400.01,271,1,271,0.013631105075197424,1356.0966912998097
3B_big,15.0,seed1,0,1302,206,410.01,271,1,271,0.013631105075197424,1356.0966912998097
3B_big,15.0,seed1,0,1302,211,420.01,271,1,271,0.013631105075197424,1356.0966912998097
3B_big,15.0,seed1,0,1302,216,430.01,271,1,271,0.013631105075197424,1356.0966912998097
3B_big,15.0,seed1,0,1302,221,440.01,271,1,271,0.013631105075197424,1356.0966912998097
3B_big,15.0,seed1,0,1302,226,450.01,271,1,271,0.013631105075197424,1356.0966912998097
3B_big,15.0,seed1,0,1302,231,460.01,271,1,271,0.013631105075197424,1356.0966912998097
3B_big,15.0,seed1,0,1302,236,470.01,271,1,271,0.013631105075197424,1356.0966912998097
3B_big,15.0,seed1,0,1302,241,480.01,271,1,271,0.013631105075197424,1356.0966912998097
3B_big,15.0,seed1,0,1302,246,490.01,271,1,271,0.013631105075197424,1356.0966912998097
3B_big,15.0,seed1,0,1302,251,500.01,271,1,271,0.013631105075197424,1356.0966912998097
3B_big,15.0,seed1,0,1302,256,510.01,271,1,271,0.013631105075197424,1356.0966912998097
3B_big,15.0,seed1,0,1302,261,520.01,271,1,271,0.013631105075197424,1356.0966912998097
3B_big,15.0,seed1,0,1302,266,530.01,271,1,271,0.013631105075197424,1356.0966912998097
3B_big,15.0,seed1,0,1302,271,540.01,271,1,271,0.013631105075197424,1356.0966912998097
3B_big,15.0,seed1,0,1302,276,550.01,271,1,271,0.013631105075197424,1356.0966912998097
3B_big,15.0,seed1,0,1302,281,560.01,271,1,271,0.013631105075197424,1356.0966912998097
3B_big,15.0,seed1,0,1302,286,570.01,271,1,271,0.013631105075197424,1356.0966912998097
3B_big,15.0,seed1,0,1302,291,580.01,271,1,271,0.013631105075197424,1356.0966912998097
3B_big,15.0,seed1,0,1302,296,590.01,271,1,271,0.013631105075197424,1356.0966912998097
3B_big,15.0,seed1,0,1302,301,600.01,271,1,271,0.013631105075197424,1356.0966912998097
3B_big,15.0,seed1,0,1302,306,610.01,271,1,271,0.013631105075197424,1356.0966912998097
3B_big,15.0,seed1,0,1302,311,620.01,271,1,271,0.013631105075197424,1356.0966912998097
3B_big,15.0,seed1,0,1302,316,630.01,271,1,271,0.013631105075197424,1356.0966912998097
3B_big,15.0,seed1,0,1302,321,640.01,271,1,271,0.013631105075197424,1356.0966912998097
3B_big,15.0,seed1,0,1302,326,650.01,271,1,271,0.013631105075197424,1356.0966912998097
3B_big,15.0,seed1,0,1302,331,660.01,271,1,271,0.013631105075197424,1356.0966912998097
3B_big,15.0,seed1,0,1302,336,670.01,271,1,271,0.013631105075197424,1356.0966912998097
3B_big,15.0,seed1,0,1302,341,680.01,271,1,271,0.013631105075197424,1356.0966912998097
3B_big,15.0,seed1,0,1302,346,690.01,271,1,271,0.013631105075197424,1356.0966912998097
3B_big,15.0,seed1,0,1302,351,700.01,271,1,271,0.013631105075197424,1356.0966912998097
3B_big,15.0,seed1,0,1302,356,710.01,271,1,271,0.013631105075197424,1356.0966912998097
3B_big,15.0,seed1,0,1302,361,720.01,271,1,271,0.013631105075197424,1356.0966912998097
3B_big,15.0,seed1,0,1302,366,730.01,271,1,271,0.013631105075197424,1356.0966912998097
3B_big,15.0,seed1,0,1302,371,740.01,271,1,271,0.013631105075197424,1356.0966912998097
3B_big,15.0,seed1,0,1302,376,750.01,271,1,271,0.013631105075197424,1356.0966912998097
3B_big,15.0,seed1,0,1302,381,760.01,271,1,271,0.013631105075197424,1356.0966912998097
3B_big,15.0,seed1,0,1302,386,770.01,271,1,271,0.013631105075197424,1356.0966912998097
3B_big,15.0,seed1,0,1302,391,780.01,271,1,271,0.013631105075197424,1356.0966912998097
3B_big,15.0,seed1,0,1302,396,790.01,271,1,271,0.013631105075197424,1356.0966912998097
3B_big,15.0,seed1,0,1302,401,800.01,271,1,271,0.013631105075197424,1356.0966912998097
3B_big,15.0,seed1,0,1302,406,810.01,271,1,271,0.013631105075197424,1356.0966912998097
3B_big,15.0,seed1,0,1302,411,820.01,271,1,271,0.013631105075197424,1356.0966912998097
3B_big,15.0,seed1,0,1302,416,830.01,271,1,271,0.013631105075197424,1356.0966912998097
3B_big,15.0,seed1,0,1302,421,840.01,271,1,271,0.013631105075197424,1356.0966912998097
3B_big,15.0,seed1,0,1302,426,850.01,271,1,271,0.013631105075197424,1356.0966912998097
3B_big,15.0,seed1,0,1302,431,860.01,271,1,271,0.013631105075197424,1356.0966912998097
3B_big,15.0,seed1,0,1302,436,870.01,271,1,271,0.013631105075197424,1356.0966912998097
3B_big,15.0,seed1,0,1302,441,880.01,271,1,271,0.013631105075197424,1356.0966912998097
3B_big,15.0,seed1,0,1302,446,890.01,271,1,271,0.013631105075197424,1356.0966912998097
3B_big,15.0,seed1,0,1302,451,900.01,271,1,271,0.013631105075197424,1356.0966912998097
3B_big,15.0,seed1,0,1302,456,910.01,271,1,271,0.013631105075197424,1356.0966912998097
3B_big,15.0,seed1,0,1302,461,920.01,271,1,271,0.013631105075197424,1356.0966912998097
3B_big,15.0,seed1,0,1302,466,930.01,271,1,271,0.013631105075197424,1356.0966912998097
3B_big,15.0,seed1,0,1302,471,940.01,271,1,271,0.013631105075197424,1356.0966912998097
3B_big,15.0,seed1,0,1302,476,950.01,271,1,271,0.013631105075197424,1356.0966912998097
3B_big,15.0,seed1,0,1302,481,960.01,271,1,271,0.013631105075197424,1356.0966912998097
3B_big,15.0,seed1,0,1302,486,970.01,271,1,271,0.013631105075197424,1356.0966912998097
3B_big,15.0,seed1,0,1302,491,980.01,271,1,271,0.013631105075197424,1356.0966912998097
3B_big,15.0,seed1,0,1302,496,990.01,271,1,271,0.013631105075197424,1356.0966912998097
3B_big,15.0,seed1,0,1302,501,1000.01,271,1,271,0.013631105075197424,1356.0966912998097
3B_big,15.0,seed1_L5,0,1302,0,0.0,1,1,1,5.02992807202857e-05,5.0
3B_big,15.0,seed1_L5,0,1302,1,0.01,1,1,1,5.02992807202857e-05,4.991714543245162
3B_big,15.0,seed1_L5,0,1302,6,10.01,0,0,0,0.0,0.00024064924202569704
3B_big,15.0,seed1_L5,0,1302,11,20.01,0,0,0,0.0,1.0389127966678759e-08
3B_big,15.0,seed1_L5,0,1302,16,30.01,0,0,0,0.0,4.4851161383047836e-13
3B_big,15.0,seed1_L5,0,1302,21,40.01,0,0,0,0.0,1.936280584722919e-17
3B_big,15.0,seed1_L5,0,1302,26,50.01,0,0,0,0.0,8.359164817952705e-22
3B_big,15.0,seed1_L5,0,1302,31,60.01,0,0,0,0.0,3.608755725023064e-26
3B_big,15.0,seed1_L5,0,1302,36,70.01,0,0,0,0.0,1.5579448624959985e-30
3B_big,15.0,seed1_L5,0,1302,41,80.01,0,0,0,0.0,6.725842311097868e-35
3B_big,15.0,seed1_L5,0,1302,46,90.01,0,0,0,0.0,2.903630024574793e-39
3B_big,15.0,seed1_L5,0,1302,51,100.01,0,0,0,0.0,1.2535333017993411e-43
3B_big,15.0,seed1_L5,0,1302,56,110.01,0,0,0,0.0,5.411659630947852e-48
3B_big,15.0,seed1_L5,0,1302,61,120.01,0,0,0,0.0,2.336280968299211e-52
3B_big,15.0,seed1_L5,0,1302,66,130.01,0,0,0,0.0,1.0086016370325772e-56
3B_big,15.0,seed1_L5,0,1302,71,140.01,0,0,0,0.0,4.354259081112823e-61
3B_big,15.0,seed1_L5,0,1302,76,150.01,0,0,0,0.0,1.87978796080827e-65
3B_big,15.0,seed1_L5,0,1302,81,160.01,0,0,0,0.0,8.115279113563073e-70
3B_big,15.0,seed1_L5,0,1302,86,170.01,0,0,0,0.0,3.503467224181783e-74
3B_big,15.0,seed1_L5,0,1302,91,180.01,0,0,0,0.0,1.5124905033028363e-78
3B_big,15.0,seed1_L5,0,1302,96,190.01,0,0,0,0.0,6.52961017243577e-83
3B_big,15.0,seed1_L5,0,1302,101,200.01,0,0,0,0.0,2.8189141624937545e-87
3B_big,15.0,seed1_L5,0,1302,106,210.01,0,0,0,0.0,1.2169604073842672e-91
3B_big,15.0,seed1_L5,0,1302,111,220.01,0,0,0,0.0,5.253769883616181e-96
3B_big,15.0,seed1_L5,0,1302,116,230.01,0,0,0,0.0,2.2681179948425904e-100
3B_big,15.0,seed1_L5,0,1302,121,240.01,0,0,0,0.0,9.79174831119156e-105
3B_big,15.0,seed1_L5,0,1302,126,250.01,0,0,0,0.0,4.227219889253448e-109
3B_big,15.0,seed1_L5,0,1302,131,260.01,0,0,0,0.0,1.8249435569821572e-113
3B_big,15.0,seed1_L5,0,1302,136,270.01,0,0,0,0.0,7.87850898089634e-118
3B_big,15.0,seed1_L5,0,1302,141,280.01,0,0,0,0.0,3.4012506044136845e-122
3B_big,15.0,seed1_L5,0,1302,146,290.01,0,0,0,0.0,1.4683623134879408e-126
3B_big,15.0,seed1_L5,0,1302,151,300.01,0,0,0,0.0,6.339103272407446e-131
3B_big,15.0,seed1_L5,0,1302,156,310.01,0,0,0,0.0,2.736669957348155e-135
3B_big,15.0,seed1_L5,0,1302,161,320.01,0,0,0,0.0,1.181454558099929e-139
3B_big,15.0,seed1_L5,0,1302,166,330.01,0,0,0,0.0,5.1004867032181987e-144
3B_big,15.0,seed1_L5,0,1302,171,340.01,0,0,0,0.0,2.201943733794056e-148
3B_big,15.0,seed1_L5,0,1302,176,350.01,0,0,0,0.0,9.506065771597195e-153
3B_big,15.0,seed1_L5,0,1302,181,360.01,0,0,0,0.0,4.103887173276126e-157
3B_big,15.0,seed1_L5,0,1302,186,370.01,0,0,0,0.0,1.7716992850293047e-161
3B_big,15.0,seed1_L5,0,1302,191,380.01,0,0,0,0.0,7.648646817128664e-166
3B_big,15.0,seed1_L5,0,1302,196,390.01,0,0,0,0.0,3.3020162409900537e-170
3B_big,15.0,seed1_L5,0,1302,201,400.01,0,0,0,0.0,1.4255216009379308e-174
3B_big,15.0,seed1_L5,0,1302,206,410.01,0,0,0,0.0,6.154154572332906e-179
3B_big,15.0,seed1_L5,0,1302,211,420.01,0,0,0,0.0,2.656825296456177e-183
3B_big,15.0,seed1_L5,0,1302,216,430.01,0,0,0,0.0,1.1469846220020516e-187
3B_big,15.0,seed1_L5,0,1302,221,440.01,0,0,0,0.0,4.951675689267101e-192
3B_big,15.0,seed1_L5,0,1302,226,450.01,0,0,0,0.0,2.1377001627869211e-196
3B_big,15.0,seed1_L5,0,1302,231,460.01,0,0,0,0.0,9.228718261747853e-201
3B_big,15.0,seed1_L5,0,1302,236,470.01,0,0,0,0.0,3.984152793611765e-205
3B_big,15.0,seed1_L5,0,1302,241,480.01,0,0,0,0.0,1.7200084597487863e-209
3B_big,15.0,seed1_L5,0,1302,246,490.01,0,0,0,0.0,7.42549107642402e-214
3B_big,15.0,seed1_L5,0,1302,251,500.01,0,0,0,0.0,3.2056771240593627e-218
3B_big,15.0,seed1_L5,0,1302,256,510.01,0,0,0,0.0,1.3839308024145436e-222
3B_big,15.0,seed1_L5,0,1302,261,520.01,0,0,0,0.0,5.974601907026908e-227
3B_big,15.0,seed1_L5,0,1302,266,530.01,0,0,0,0.0,2.579310171084492e-231
3B_big,15.0,seed1_L5,0,1302,271,540.01,0,0,0,0.0,1.1135203754471596e-235
3B_big,15.0,seed1_L5,0,1302,276,550.01,0,0,0,0.0,4.807206362523845e-240
3B_big,15.0,seed1_L5,0,1302,281,560.01,0,0,0,0.0,2.0753309523060712e-244
3B_big,15.0,seed1_L5,0,1302,286,570.01,0,0,0,0.0,8.959462600100252e-249
3B_big,15.0,seed1_L5,0,1302,291,580.01,0,0,0,0.0,3.86791176575467e-253
3B_big,15.0,seed1_L5,0,1302,296,590.01,0,0,0,0.0,1.669825758019912e-257
3B_big,15.0,seed1_L5,0,1302,301,600.01,0,0,0,0.0,7.208846093216752e-262
3B_big,15.0,seed1_L5,0,1302,306,610.01,0,0,0,0.0,3.1121487823561664e-266
3B_big,15.0,seed1_L5,0,1302,311,620.01,0,0,0,0.0,1.3435534506187711e-270
3B_big,15.0,seed1_L5,0,1302,316,630.01,0,0,0,0.0,5.800287842610655e-275
3B_big,15.0,seed1_L5,0,1302,321,640.01,0,0,0,0.0,2.5040566150637767e-279
3B_big,15.0,seed1_L5,0,1302,326,650.01,0,0,0,0.0,1.0810324765921378e-283
3B_big,15.0,seed1_L5,0,1302,331,660.01,0,0,0,0.0,4.666952050591587e-288
3B_big,15.0,seed1_L5,0,1302,336,670.01,0,0,0,0.0,2.0147814162976847e-292
3B_big,15.0,seed1_L5,0,1302,341,680.01,0,0,0,0.0,8.698062700138379e-297
3B_big,15.0,seed1_L5,0,1302,346,690.01,0,0,0,0.0,3.7550621682109165e-301
3B_big,15.0,seed1_L5,0,1302,351,700.01,0,0,0,0.0,1.621107179062366e-305
3B_big,15.0,seed1_L5,0,1302,356,710.01,0,0,0,0.0,6.99852191072147e-310
3B_big,15.0,seed1_L5,0,1302,361,720.01,0,0,0,0.0,3.021349935e-314
3B_big,15.0,seed1_L5,0,1302,366,730.01,0,0,0,0.0,1.311626e-318
3B_big,15.0,seed1_L5,0,1302,371,740.01,0,0,0,0.0,8.957e-321
3B_big,15.0,seed1_L5,0,1302,376,750.01,0,0,0,0.0,8.957e-321
3B_big,15.0,seed1_L5,0,1302,381,760.01,0,0,0,0.0,8.957e-321
3B_big,15.0,seed1_L5,0,1302,386,770.01,0,0,0,0.0,8.957e-321
3B_big,15.0,seed1_L5,0,1302,391,780.01,0,0,0,0.0,8.957e-321
3B_big,15.0,seed1_L5,0,1302,396,790.01,0,0,0,0.0,8.957e-321
3B_big,15.0,seed1_L5,0,1302,401,800.01,0,0,0,0.0,8.957e-321
3B_big,15.0,seed1_L5,0,1302,406,810.01,0,0,0,0.0,8.957e-321
3B_big,15.0,seed1_L5,0,1302,411,820.01,0,0,0,0.0,8.957e-321
3B_big,15.0,seed1_L5,0,1302,416,830.01,0,0,0,0.0,8.957e-321
3B_big,15.0,seed1_L5,0,1302,421,840.01,0,0,0,0.0,8.957e-321
3B_big,15.0,seed1_L5,0,1302,426,850.01,0,0,0,0.0,8.957e-321
3B_big,15.0,seed1_L5,0,1302,431,860.01,0,0,0,0.0,8.957e-321
3B_big,15.0,seed1_L5,0,1302,436,870.01,0,0,0,0.0,8.957e-321
3B_big,15.0,seed1_L5,0,1302,441,880.01,0,0,0,0.0,8.957e-321
3B_big,15.0,seed1_L5,0,1302,446,890.01,0,0,0,0.0,8.957e-321
3B_big,15.0,seed1_L5,0,1302,451,900.01,0,0,0,0.0,8.957e-321
3B_big,15.0,seed1_L5,0,1302,456,910.01,0,0,0,0.0,8.957e-321
3B_big,15.0,seed1_L5,0,1302,461,920.01,0,0,0,0.0,8.957e-321
3B_big,15.0,seed1_L5,0,1302,466,930.01,0,0,0,0.0,8.957e-321
3B_big,15.0,seed1_L5,0,1302,471,940.01,0,0,0,0.0,8.957e-321
3B_big,15.0,seed1_L5,0,1302,476,950.01,0,0,0,0.0,8.957e-321
3B_big,15.0,seed1_L5,0,1302,481,960.01,0,0,0,0.0,8.957e-321
3B_big,15.0,seed1_L5,0,1302,486,970.01,0,0,0,0.0,8.957e-321
3B_big,15.0,seed1_L5,0,1302,491,980.01,0,0,0,0.0,8.957e-321
3B_big,15.0,seed1_L5,0,1302,496,990.01,0,0,0,0.0,8.957e-321
3B_big,15.0,seed1_L5,0,1302,501,1000.01,0,0,0,0.0,8.957e-321
3B_big,15.0,seed9,1,1007,0,0.0,9,9,1,0.0004526935264825713,90.0
3B_big,15.0,seed9,1,1007,1,0.01,9,9,1,0.0004526935264825713,91.78377225544584
3B_big,15.0,seed9,1,1007,6,10.01,768,9,91,0.03862984759317942,3715.422928676591
3B_big,15.0,seed9,1,1007,11,20.01,1265,9,169,0.06362859011116141,6188.046843688165
3B_big,15.0,seed9,1,1007,16,30.01,1506,9,215,0.07575071676475026,7404.4565291771905
3B_big,15.0,seed9,1,1007,21,40.01,1645,9,241,0.08274231678486997,8088.355311907134
3B_big,15.0,seed9,1,1007,26,50.01,1693,9,243,0.08515668225944369,8378.065464411391
3B_big,15.0,seed9,1,1007,31,60.01,1753,9,254,0.08817463910266084,8618.905954812217
3B_big,15.0,seed9,1,1007,36,70.01,1791,9,259,0.09008601177003168,8848.766400449778
3B_big,15.0,seed9,1,1007,41,80.01,1839,9,267,0.0925003772446054,9052.791493483957
3B_big,15.0,seed9,1,1007,46,90.01,1880,9,273,0.09456264775413711,9262.578165831492
3B_big,15.0,seed9,1,1007,51,100.01,1935,9,283,0.09732910819375283,9485.511376042621
3B_big,15.0,seed9,1,1007,56,110.01,1986,9,286,0.0998943715104874,9745.908928343337
3B_big,15.0,seed9,1,1007,61,120.01,2028,9,295,0.1020069413007394,9961.626642784977
3B_big,15.0,seed9,1,1007,66,130.01,2089,9,303,0.10507519742467683,10188.342533577543
3B_big,15.0,seed9,1,1007,71,140.01,2132,9,306,0.10723806649564911,10444.114208265595
3B_big,15.0,seed9,1,1007,76,150.01,2180,9,311,0.10965243197022283,10676.361670931583
3B_big,15.0,seed9,1,1007,81,160.01,2250,9,336,0.11317338162064282,10990.319867019687
3B_big,15.0,seed9,1,1007,86,170.01,2311,9,348,0.11624163774458025,11252.152122254214
3B_big,15.0,seed9,1,1007,91,180.01,2380,9,372,0.11971228811427996,11581.499787052933
3B_big,15.0,seed9,1,1007,96,190.01,2442,9,389,0.12283084351893768,11860.49433507864
3B_big,15.0,seed9,1,1007,101,200.01,2517,9,400,0.1266032895729591,12220.181478584931
3B_big,15.0,seed9,1,1007,106,210.01,2588,9,418,0.13017453850409938,12549.804536441887
3B_big,15.0,seed9,1,1007,111,220.01,2668,9,441,0.13419848096172224,12875.78192990429
3B_big,15.0,seed9,1,1007,116,230.01,2726,9,450,0.13711583924349882,13196.005784974594
3B_big,15.0,seed9,1,1007,121,240.01,2796,9,469,0.1406367888939188,13540.399866297857
3B_big,15.0,seed9,1,1007,126,250.01,2876,9,486,0.14466073135154167,13911.118433685133
3B_big,15.0,seed9,1,1007,131,260.01,2959,9,514,0.14883557165132538,14314.736333225776
3B_big,15.0,seed9,1,1007,136,270.01,3031,9,529,0.15245711986318597,14659.869091146513
3B_big,15.0,seed9,1,1007,141,280.01,3094,9,552,0.15562597454856394,14963.65699245888
3B_big,15.0,seed9,1,1007,146,290.01,3162,9,570,0.1590463256375434,15343.57308106514
3B_big,15.0,seed9,1,1007,151,300.01,3236,9,585,0.16276847241084452,15669.682892098812
3B_big,15.0,seed9,1,1007,156,310.01,3295,9,598,0.1657361299733414,15953.650280818874
3B_big,15.0,seed9,1,1007,161,320.01,3350,9,622,0.1685025904129571,16247.372804639437
3B_big,15.0,seed9,1,1007,166,330.01,3417,9,637,0.17187264222121623,16584.853490495057
3B_big,15.0,seed9,1,1007,171,340.01,3457,9,652,0.17388461345002768,16824.057882408757
3B_big,15.0,seed9,1,1007,176,350.01,3534,9,673,0.17775765806548965,17116.06383873101
3B_big,15.0,seed9,1,1007,181,360.01,3573,9,683,0.1797193300135808,17338.06594038503
3B_big,15.0,seed9,1,1007,186,370.01,3610,9,692,0.18158040340023138,17497.554970881047
3B_big,15.0,seed9,1,1007,191,380.01,3642,9,698,0.18318998038328052,17636.489989853933
3B_big,15.0,seed9,1,1007,196,390.01,3670,9,702,0.18459836024344853,17777.524353605277
3B_big,15.0,seed9,1,1007,201,400.01,3695,9,710,0.18585584226145566,17949.67390998075
3B_big,15.0,seed9,1,1007,206,410.01,3720,9,715,0.1871133242794628,18056.340717882955
3B_big,15.0,seed9,1,1007,211,420.01,3737,9,727,0.18796841205170767,18158.28494945829
3B_big,15.0,seed9,1,1007,216,430.01,3777,9,734,0.18998038328051908,18307.676089488356
3B_big,15.0,seed9,1,1007,221,440.01,3804,9,741,0.1913384638599668,18460.46842983093
3B_big,15.0,seed9,1,1007,226,450.01,3800,9,739,0.19113726673708567,18487.25204663209
3B_big,15.0,seed9,1,1007,231,460.01,3829,9,748,0.19259594587797393,18572.86058727104
3B_big,15.0,seed9,1,1007,236,470.01,3846,9,756,0.1934510336502188,18665.585423327226
3B_big,15.0,seed9,1,1007,241,480.01,3859,9,761,0.1941049242995825,18756.038181426593
3B_big,15.0,seed9,1,1007,246,490.01,3878,9,764,0.19506061063326793,18837.83485509039
3B_big,15.0,seed9,1,1007,251,500.01,3900,9,776,0.19616719480911424,18904.161411957808
3B_big,15.0,seed9,1,1007,256,510.01,3906,9,781,0.19646899049343594,18972.62968021519
3B_big,15.0,seed9,1,1007,261,520.01,3909,9,779,0.1966198883355968,19006.083545866368
3B_big,15.0,seed9,1,1007,266,530.01,3919,9,778,0.19712288114279966,19054.690374812984
3B_big,15.0,seed9,1,1007,271,540.01,3932,9,782,0.19777677179216338,19105.698593694808
3B_big,15.0,seed9,1,1007,276,550.01,3931,9,778,0.1977264725114431,19137.230591872638
3B_big,15.0,seed9,1,1007,281,560.01,3943,9,782,0.1983300638800865,19164.479291630723
3B_big,15.0,seed9,1,1007,286,570.01,3946,9,780,0.19848096172224738,19188.33697800126
3B_big,15.0,seed9,1,1007,291,580.01,3952,9,782,0.1987827574065691,19213.380036679227
3B_big,15.0,seed9,1,1007,296,590.01,3953,9,781,0.19883305668728937,19234.891238801843
3B_big,15.0,seed9,1,1007,301,600.01,3960,9,781,0.19918515165233136,19259.214854265505
3B_big,15.0,seed9,2,2007,0,0.0,9,9,1,0.0004526935264825713,90.0
3B_big,15.0,seed9,2,2007,1,0.01,9,9,1,0.0004526935264825713,91.78461453166156
3B_big,15.0,seed9,2,2007,6,10.01,702,9,91,0.03531009506564056,3316.155686043753
3B_big,15.0,seed9,2,2007,11,20.01,1119,8,212,0.0562848951259997,5473.397820787144
3B_big,15.0,seed9,2,2007,16,30.01,1356,8,249,0.06820582465670741,6666.576280919015
3B_big,15.0,seed9,2,2007,21,40.01,1493,8,266,0.07509682611538655,7323.796751779883
3B_big,15.0,seed9,2,2007,26,50.01,1556,8,275,0.07826568080076454,7659.305554460574
3B_big,15.0,seed9,2,2007,31,60.01,1593,8,284,0.08012675418741512,7825.4990921494355
3B_big,15.0,seed9,2,2007,36,70.01,1624,8,282,0.08168603188974398,8022.77123923998
3B_big,15.0,seed9,2,2007,41,80.01,1654,8,292,0.08319501031135254,8180.084027343565
3B_big,15.0,seed9,2,2007,46,90.01,1699,8,296,0.0854584779437654,8346.422172350503
3B_big,15.0,seed9,2,2007,51,100.01,1728,8,303,0.0869171570846537,8499.788796173349
3B_big,15.0,seed9,2,2007,56,110.01,1753,8,306,0.08817463910266084,8632.356447005024
3B_big,15.0,seed9,2,2007,61,120.01,1787,8,307,0.08988481464715055,8809.815919688066
3B_big,15.0,seed9,2,2007,66,130.01,1832,8,318,0.0921482822795634,8980.860661793411
3B_big,15.0,seed9,2,2007,71,140.01,1874,8,319,0.0942608520698154,9209.55776692491
3B_big,15.0,seed9,2,2007,76,150.01,1927,8,328,0.09692671394799054,9439.25957048712
3B_big,15.0,seed9,2,2007,81,160.01,1970,8,341,0.09908958301896283,9652.224963224618
3B_big,15.0,seed9,2,2007,86,170.01,2028,8,347,0.1020069413007394,9907.057351951767
3B_big,15.0,seed9,2,2007,91,180.01,2077,8,356,0.1044716060560334,10137.766207978031
3B_big,15.0,seed9,2,2007,96,190.01,2136,8,362,0.10743926361853026,10403.328515620633
3B_big,15.0,seed9,2,2007,101,200.01,2195,8,373,0.11040692118102712,10667.390720838086
3B_big,15.0,seed9,2,2007,106,210.01,2243,8,379,0.11282128665560083,10917.02740515263
3B_big,15.0,seed9,2,2007,111,220.01,2286,8,392,0.11498415572657311,11122.645963958998
3B_big,15.0,seed9,2,2007,116,230.01,2354,8,408,0.11840450681555253,11432.380293499466
3B_big,15.0,seed9,2,2007,121,240.01,2403,8,423,0.12086917157084653,11692.420191595635
3B_big,15.0,seed9,2,2007,126,250.01,2441,8,438,0.1227805442382174,11907.534541591536
3B_big,15.0,seed9,2,2007,131,260.01,2502,8,458,0.12584880036215482,12137.837174979693
3B_big,15.0,seed9,2,2007,136,270.01,2554,8,471,0.12846436295960967,12407.806907963943
3B_big,15.0,seed9,2,2007,141,280.01,2619,8,495,0.13173381620642824,12714.858767567126
3B_big,15.0,seed9,2,2007,146,290.01,2662,8,505,0.13389668527740053,12921.505950970099
3B_big,15.0,seed9,2,2007,151,300.01,2698,8,522,0.13570745938333081,13146.581729489779
3B_big,15.0,seed9,2,2007,156,310.01,2743,8,539,0.13797092701574368,13360.143418052241
3B_big,15.0,seed9,2,2007,161,320.01,2790,8,556,0.1403349932095971,13577.943514217817
3B_big,15.0,seed9,2,2007,166,330.01,2831,8,568,0.1423972637191288,13794.08783026704
3B_big,15.0,seed9,2,2007,171,340.01,2883,8,586,0.14501282631658366,14037.673245430591
3B_big,15.0,seed9,2,2007,176,350.01,2920,8,600,0.14687389970323425,14214.872727541708
3B_big,15.0,seed9,2,2007,181,360.01,2962,8,618,0.14898646949348623,14442.729622506282
3B_big,15.0,seed9,2,2007,186,370.01,2990,8,628,0.15039484935365424,14583.348950370917
3B_big,15.0,seed9,2,2007,191,380.01,3033,8,644,0.15255771842462654,14762.30735820063
3B_big,15.0,seed9,2,2007,196,390.01,3072,8,659,0.15451939037271767,14928.708027007644
3B_big,15.0,seed9,2,2007,201,400.01,3105,8,676,0.1561792666364871,15112.443143815224
3B_big,15.0,seed9,2,2007,206,410.01,3138,8,685,0.15783914290025652,15258.58411426411
3B_big,15.0,seed9,2,2007,211,420.01,3159,8,696,0.15889542779538252,15404.52010225242
3B_big,15.0,seed9,2,2007,216,430.01,3191,8,704,0.16050500477843166,15553.444896119452
3B_big,15.0,seed9,2,2007,221,440.01,3223,8,723,0.1621145817614808,15681.059481724362
3B_big,15.0,seed9,2,2007,226,450.01,3251,8,728,0.1635229616216488,15820.896798574515
3B_big,15.0,seed9,2,2007,231,460.01,3288,8,737,0.16538403500829937,15988.594269866444
3B_big,15.0,seed9,2,2007,236,470.01,3319,8,749,0.16694331271062823,16109.254698552593
3B_big,15.0,seed9,2,2007,241,480.01,3346,8,758,0.16830139329007596,16255.521381065224
3B_big,15.0,seed9,2,2007,246,490.01,3370,8,767,0.1695085760273628,16399.91762750429
3B_big,15.0,seed9,2,2007,251,500.01,3393,8,776,0.1706654594839294,16530.07359493804
3B_big,15.0,seed9,2,2007,256,510.01,3415,8,788,0.17177204365977566,16642.546360788205
3B_big,15.0,seed9,2,2007,261,520.01,3455,8,804,0.17378401488858708,16789.992274532317
3B_big,15.0,seed9,2,2007,266,530.01,3472,8,813,0.17463910266083196,16891.46220725531
3B_big,15.0,seed9,2,2007,271,540.01,3498,8,821,0.17594688395955937,17024.070544548897
3B_big,15.0,seed9,2,2007,276,550.01,3523,8,839,0.17720436597756653,17111.48888304773
3B_big,15.0,seed9,2,2007,281,560.01,3559,8,851,0.1790151400834968,17252.052413769372
3B_big,15.0,seed9,2,2007,286,570.01,3572,8,857,0.17966903073286053,17344.686485616818
3B_big,15.0,seed9,2,2007,291,580.01,3584,8,860,0.18027262210150394,17422.209962331715
3B_big,15.0,seed9,2,2007,296,590.01,3607,8,871,0.18142950555807053,17495.85247553154
3B_big,15.0,seed9,2,2007,301,600.01,3625,8,881,0.18233489261103566,17616.9626379288
3B_big,15.0,seed9,3,3007,0,0.0,9,9,1,0.0004526935264825713,90.0
3B_big,15.0,seed9,3,3007,1,0.01,9,9,1,0.0004526935264825713,91.68497372011149
3B_big,15.0,seed9,3,3007,6,10.01,649,8,108,0.03264423318746542,3119.3194334681025
3B_big,15.0,seed9,3,3007,11,20.01,1040,8,191,0.05231125194909713,5046.820319181703
3B_big,15.0,seed9,3,3007,16,30.01,1252,8,232,0.06297469946179769,6120.429640501986
3B_big,15.0,seed9,3,3007,21,40.01,1355,8,251,0.06815552537598712,6670.399153783289
3B_big,15.0,seed9,3,3007,26,50.01,1406,8,256,0.07072078869272169,6938.119634721295
3B_big,15.0,seed9,3,3007,31,60.01,1441,8,260,0.07248126351793169,7116.920758841995
3B_big,15.0,seed9,3,3007,36,70.01,1473,8,265,0.07409084050098083,7238.452280986225
3B_big,15.0,seed9,3,3007,41,80.01,1515,8,267,0.07620341029123283,7441.102073067354
3B_big,15.0,seed9,3,3007,46,90.01,1555,8,273,0.07821538152004426,7626.986118409611
3B_big,15.0,seed9,3,3007,51,100.01,1585,8,278,0.07972435994165283,7787.099357081825
3B_big,15.0,seed9,3,3007,56,110.01,1625,8,280,0.08173633117046426,7963.038170085207
3B_big,15.0,seed9,3,3007,61,120.01,1659,8,283,0.08344650671495397,8144.956152997092
3B_big,15.0,seed9,3,3007,66,130.01,1705,8,293,0.08576027362808712,8333.601902700122
3B_big,15.0,seed9,3,3007,71,140.01,1761,8,301,0.08857703334842312,8602.926128029396
3B_big,15.0,seed9,3,3007,76,150.01,1824,8,314,0.09174588803380111,8885.864994320138
3B_big,15.0,seed9,3,3007,81,160.01,1891,8,324,0.09511593984206027,9183.505622346194
3B_big,15.0,seed9,3,3007,86,170.01,1956,8,338,0.09838539308887882,9464.456464740804
3B_big,15.0,seed9,3,3007,91,180.01,2013,8,345,0.10125245208993511,9788.032709359257
3B_big,15.0,seed9,3,3007,96,190.01,2071,8,357,0.10416981037171169,10075.292465333308
3B_big,15.0,seed9,3,3007,101,200.01,2141,8,368,0.10769076002213168,10391.653926793399
3B_big,15.0,seed9,3,3007,106,210.01,2202,8,381,0.11075901614606912,10692.107973902508
3B_big,15.0,seed9,3,3007,111,220.01,2275,8,404,0.11443086363864997,11015.693158657326
3B_big,15.0,seed9,3,3007,116,230.01,2331,8,414,0.11724762335898596,11310.555383081355
3B_big,15.0,seed9,3,3007,121,240.01,2380,8,424,0.11971228811427996,11536.33514687694
3B_big,15.0,seed9,3,3007,126,250.01,2425,8,440,0.12197575574669282,11771.282278048155
3B_big,15.0,seed9,3,3007,131,260.01,2478,8,448,0.12464161762486796,12045.631111773746
3B_big,15.0,seed9,3,3007,136,270.01,2523,8,459,0.1269050852572808,12256.171101005812
3B_big,15.0,seed9,3,3007,141,280.01,2564,8,475,0.12896735576681254,12439.909990924196
3B_big,15.0,seed9,3,3007,146,290.01,2612,8,485,0.13138172124138625,12673.559736621844
3B_big,15.0,seed9,3,3007,151,300.01,2642,8,492,0.13289069966299483,12854.881778387045
3B_big,15.0,seed9,3,3007,156,310.01,2687,8,503,0.13515416729540766,13047.046855346616
3B_big,15.0,seed9,3,3007,161,320.01,2723,8,512,0.13696494140133797,13221.511483084221
3B_big,15.0,seed9,3,3007,166,330.01,2764,8,520,0.13902721191086967,13405.535659890771
3B_big,15.0,seed9,3,3007,171,340.01,2800,8,526,0.14083798601679995,13593.634605102476
3B_big,15.0,seed9,3,3007,176,350.01,2835,8,531,0.14259846084200997,13778.262560179683
3B_big,15.0,seed9,3,3007,181,360.01,2869,8,547,0.14430863638649968,13955.054058356973
3B_big,15.0,seed9,3,3007,186,370.01,2901,8,553,0.14591821336954883,14105.253986722271
3B_big,15.0,seed9,3,3007,191,380.01,2942,8,564,0.14798048387908053,14273.683545035406
3B_big,15.0,seed9,3,3007,196,390.01,2975,8,573,0.14964036014284995,14434.489954532979
3B_big,15.0,seed9,3,3007,201,400.01,2995,8,578,0.15064634575725566,14543.578941131353
3B_big,15.0,seed9,3,3007,206,410.01,3035,8,592,0.1526583169860671,14711.677809036886
3B_big,15.0,seed9,3,3007,211,420.01,3064,8,602,0.1541169961269554,14846.43006523582
3B_big,15.0,seed9,3,3007,216,430.01,3090,8,607,0.1554247774256828,14994.002286580018
3B_big,15.0,seed9,3,3007,221,440.01,3124,8,615,0.15713495297017252,15144.496725015415
3B_big,15.0,seed9,3,3007,226,450.01,3159,8,626,0.15889542779538252,15310.407365472422
3B_big,15.0,seed9,3,3007,231,460.01,3183,8,635,0.1601026105326694,15455.40832394407
3B_big,15.0,seed9,3,3007,236,470.01,3220,8,641,0.16196368391931995,15610.101150610306
3B_big,15.0,seed9,3,3007,241,480.01,3246,8,648,0.1632714652180474,15733.886355998886
3B_big,15.0,seed9,3,3007,246,490.01,3272,8,653,0.1645792465167748,15877.259486427018
3B_big,15.0,seed9,3,3007,251,500.01,3294,8,657,0.1656858306926211,15992.486263086215
3B_big,15.0,seed9,3,3007,256,510.01,3328,8,669,0.16739600623711082,16140.803341471481
3B_big,15.0,seed9,3,3007,261,520.01,3351,8,673,0.16855288969367738,16264.186526145346
3B_big,15.0,seed9,3,3007,266,530.01,3383,8,681,0.17016246667672652,16416.188141101342
3B_big,15.0,seed9,3,3007,271,540.01,3404,8,683,0.1712187515718525,16543.69102120683
3B_big,15.0,seed9,3,3007,276,550.01,3437,8,690,0.17287862783562194,16651.143025611847
3B_big,15.0,seed9,3,3007,281,560.01,3455,8,693,0.17378401488858708,16769.366450270194
3B_big,15.0,seed9,3,3007,286,570.01,3479,8,699,0.17499119762587395,16844.81447722386
3B_big,15.0,seed9,3,3007,291,580.01,3491,8,700,0.1755947889945174,16954.398386568886
3B_big,15.0,seed9,3,3007,296,590.01,3520,8,702,0.17705346813540565,17071.355050189602
3B_big,15.0,seed9,3,3007,301,600.01,3541,8,705,0.17810975303053167,17179.30774258499
3B_big,15.0,seed36,1,1007,0,0.0,36,35,2,0.0018107741059302852,360.0
3B_big,15.0,seed36,1,1007,1,0.01,36,35,2,0.0018107741059302852,367.03654221974926
3B_big,15.0,seed36,1,1007,6,10.01,2350,29,140,0.1182033096926714,10991.839947068518
3B_big,15.0,seed36,1,1007,11,20.01,3158,29,192,0.15884512851466223,15270.75043115376
3B_big,15.0,seed36,1,1007,16,30.01,3447,29,214,0.1733816206428248,16817.23414750767
3B_big,15.0,seed36,1,1007,21,40.01,3562,29,218,0.17916603792565766,17381.783444798784
3B_big,15.0,seed36,1,1007,26,50.01,3632,29,221,0.18268698757607765,17761.327006206906
3B_big,15.0,seed36,1,1007,31,60.01,3693,29,225,0.1857552437000151,18035.38734312127
3B_big,15.0,seed36,1,1007,36,70.01,3735,29,226,0.1878678134902671,18260.229861633656
3B_big,15.0,seed36,1,1007,41,80.01,3774,29,227,0.18982948543835823,18438.291777552342
3B_big,15.0,seed36,1,1007,46,90.01,3805,29,229,0.1913887631406871,18601.961255292932
3B_big,15.0,seed36,1,1007,51,100.01,3831,29,228,0.19269654443941453,18726.17349320165
3B_big,15.0,seed36,1,1007,56,110.01,3858,29,229,0.19405462501886223,18879.13032412823
3B_big,15.0,seed36,1,1007,61,120.01,3890,29,230,0.19566420200191137,19022.116835879016
3B_big,15.0,seed36,1,1007,66,130.01,3936,29,228,0.19797796891504452,19208.68728736754
3B_big,15.0,seed36,1,1007,71,140.01,3963,29,228,0.19933604949449224,19371.750888631053
3B_big,15.0,seed36,1,1007,76,150.01,3999,29,227,0.20114682360042252,19534.686657048194
3B_big,15.0,seed36,1,1007,81,160.01,4040,29,239,0.20320909410995422,19719.99431438392
3B_big,15.0,seed36,1,1007,86,170.01,4069,29,240,0.2046677732508425,19863.59792888834
3B_big,15.0,seed36,1,1007,91,180.01,4087,29,241,0.20557316030380765,19962.969780443043
3B_big,15.0,seed36,1,1007,96,190.01,4118,29,251,0.2071324380061365,20120.05046246803
3B_big,15.0,seed36,1,1007,101,200.01,4150,29,255,0.20874201498918565,20243.920050796878
3B_big,15.0,seed36,1,1007,106,210.01,4173,29,255,0.2098988984457522,20351.6796171273
3B_big,15.0,seed36,1,1007,111,220.01,4199,29,263,0.21120667974447965,20460.221496473783
3B_big,15.0,seed36,1,1007,116,230.01,4216,29,268,0.2120617675167245,20544.682842862137
3B_big,15.0,seed36,1,1007,121,240.01,4224,29,267,0.2124641617624868,20606.762993247445
3B_big,15.0,seed36,1,1007,126,250.01,4246,29,274,0.21357074593833308,20683.03541254293
3B_big,15.0,seed36,1,1007,131,260.01,4258,29,277,0.21417433730697652,20752.632552860527
3B_big,15.0,seed36,1,1007,136,270.01,4270,29,279,0.21477792867561993,20809.718795700755
3B_big,15.0,seed36,1,1007,141,280.01,4280,29,289,0.2152809214828228,20854.274444247058
3B_big,15.0,seed36,1,1007,146,290.01,4281,29,285,0.21533122076354308,20872.501174769408
3B_big,15.0,seed36,1,1007,151,300.01,4288,29,295,0.21568331572858507,20896.440413836062
3B_big,15.0,seed36,1,1007,156,310.01,4290,29,298,0.21578391429002566,20912.875025430843
3B_big,15.0,seed36,1,1007,161,320.01,4290,29,293,0.21578391429002566,20927.05946371383
3B_big,15.0,seed36,1,1007,166,330.01,4301,29,300,0.2163372063779488,20960.442042518873
3B_big,15.0,seed36,1,1007,171,340.01,4299,29,299,0.21623660781650822,20986.14865489073
3B_big,15.0,seed36,1,1007,176,350.01,4303,29,302,0.21643780493938936,21009.134258581806
3B_big,15.0,seed36,1,1007,181,360.01,4314,29,304,0.2169910970273125,21045.650200292916
3B_big,15.0,seed36,1,1007,186,370.01,4325,29,303,0.21754438911523566,21090.265075696534
3B_big,15.0,seed36,1,1007,191,380.01,4335,29,311,0.2180473819224385,21143.51436897143
3B_big,15.0,seed36,1,1007,196,390.01,4338,29,314,0.21819827976459938,21158.176856345402
3B_big,15.0,seed36,1,1007,201,400.01,4335,29,313,0.2180473819224385,21158.592466343467
3B_big,15.0,seed36,1,1007,206,410.01,4335,29,314,0.2180473819224385,21157.525426516848
3B_big,15.0,seed36,1,1007,211,420.01,4334,29,315,0.21799708264171822,21156.644008984455
3B_big,15.0,seed36,1,1007,216,430.01,4333,29,315,0.21794678336099793,21154.317459538008
3B_big,15.0,seed36,1,1007,221,440.01,4333,29,315,0.21794678336099793,21151.737163677106
3B_big,15.0,seed36,1,1007,226,450.01,4333,29,315,0.21794678336099793,21149.315154807035
3B_big,15.0,seed36,1,1007,231,460.01,4333,29,315,0.21794678336099793,21147.15606370441
3B_big,15.0,seed36,1,1007,236,470.01,4333,29,315,0.21794678336099793,21145.215303008532
3B_big,15.0,seed36,1,1007,241,480.01,4332,29,315,0.21789648408027765,21143.56519252531
3B_big,15.0,seed36,1,1007,246,490.01,4332,29,315,0.21789648408027765,21142.27528924492
3B_big,15.0,seed36,1,1007,251,500.01,4332,29,315,0.21789648408027765,21141.46998861947
3B_big,15.0,seed36,1,1007,256,510.01,4331,29,315,0.21784618479955736,21141.687021512545
3B_big,15.0,seed36,1,1007,261,520.01,4335,29,315,0.2180473819224385,21154.001999565822
3B_big,15.0,seed36,1,1007,266,530.01,4336,29,315,0.21809768120315878,21159.09636287896
3B_big,15.0,seed36,1,1007,271,540.01,4336,29,315,0.21809768120315878,21158.744370693996
3B_big,15.0,seed36,1,1007,276,550.01,4336,29,315,0.21809768120315878,21158.862183716148
3B_big,15.0,seed36,1,1007,281,560.01,4340,29,315,0.21829887832603995,21166.643872135588
3B_big,15.0,seed36,1,1007,286,570.01,4340,29,315,0.21829887832603995,21173.290715549512
3B_big,15.0,seed36,1,1007,291,580.01,4340,29,315,0.21829887832603995,21172.812878987956
3B_big,15.0,seed36,1,1007,296,590.01,4340,29,315,0.21829887832603995,21172.34968353964
3B_big,15.0,seed36,1,1007,301,600.01,4339,29,315,0.21824857904531966,21172.009478075182
3B_big,15.0,seed36,2,2007,0,0.0,36,36,1,0.0018107741059302852,360.0
3B_big,15.0,seed36,2,2007,1,0.01,36,36,1,0.0018107741059302852,367.13593129799915
3B_big,15.0,seed36,2,2007,6,10.01,2157,29,119,0.10849554851365625,10162.215186370813
3B_big,15.0,seed36,2,2007,11,20.01,2999,28,186,0.15084754288013683,14470.126076615226
3B_big,15.0,seed36,2,2007,16,30.01,3309,28,200,0.1664403199034254,16054.980811077061
3B_big,15.0,seed36,2,2007,21,40.01,3455,28,207,0.17378401488858708,16849.727017883302
3B_big,15.0,seed36,2,2007,26,50.01,3520,28,216,0.17705346813540565,17222.14928881328
3B_big,15.0,seed36,2,2007,31,60.01,3566,27,216,0.1793672350485388,17425.56333650737
3B_big,15.0,seed36,2,2007,36,70.01,3613,27,216,0.18173130124239223,17639.685808076214
3B_big,15.0,seed36,2,2007,41,80.01,3644,27,221,0.1832905789447211,17826.335532562334
3B_big,15.0,seed36,2,2007,46,90.01,3682,27,223,0.18520195161209194,17979.02957870678
3B_big,15.0,seed36,2,2007,51,100.01,3707,27,225,0.1864594336300991,18116.965430214063
3B_big,15.0,seed36,2,2007,56,110.01,3740,27,229,0.18811930989386852,18280.154444396918
3B_big,15.0,seed36,2,2007,61,120.01,3766,27,229,0.18942709119259596,18395.194799851113
3B_big,15.0,seed36,2,2007,66,130.01,3804,27,234,0.1913384638599668,18558.06490475342
3B_big,15.0,seed36,2,2007,71,140.01,3823,27,234,0.19229415019365223,18656.27415114973
3B_big,15.0,seed36,2,2007,76,150.01,3839,27,238,0.1930989386851768,18765.448983378366
3B_big,15.0,seed36,2,2007,81,160.01,3870,27,238,0.19465821638750566,18863.384672386477
3B_big,15.0,seed36,2,2007,86,170.01,3887,27,239,0.19551330415975052,18978.889892591425
3B_big,15.0,seed36,2,2007,91,180.01,3908,27,240,0.1965695890548765,19053.507751783174
3B_big,15.0,seed36,2,2007,96,190.01,3917,27,241,0.1970222825813591,19126.349643590096
3B_big,15.0,seed36,2,2007,101,200.01,3939,27,250,0.19812886675720537,19231.076903611232
3B_big,15.0,seed36,2,2007,106,210.01,3959,27,256,0.19913485237161108,19326.874865600934
3B_big,15.0,seed36,2,2007,111,220.01,3977,27,257,0.20004023942457622,19387.119406057376
3B_big,15.0,seed36,2,2007,116,230.01,3995,27,264,0.20094562647754138,19463.30760289028
3B_big,15.0,seed36,2,2007,121,240.01,4026,27,270,0.20250490417987022,19595.803724864658
3B_big,15.0,seed36,2,2007,126,250.01,4027,27,263,0.20255520346059053,19652.64244899487
3B_big,15.0,seed36,2,2007,131,260.01,4039,27,265,0.20315879482923394,19702.895925064462
3B_big,15.0,seed36,2,2007,136,270.01,4056,27,272,0.2040138826014788,19783.10978600536
3B_big,15.0,seed36,2,2007,141,280.01,4072,27,276,0.20481867109300336,19858.5636681106
3B_big,15.0,seed36,2,2007,146,290.01,4075,27,275,0.20496956893516421,19892.931016732953
3B_big,15.0,seed36,2,2007,151,300.01,4091,27,276,0.2057743574266888,19949.44413630716
3B_big,15.0,seed36,2,2007,156,310.01,4098,27,274,0.2061264523917308,19987.83585523805
3B_big,15.0,seed36,2,2007,161,320.01,4109,27,273,0.20667974447965395,20049.66591656604
3B_big,15.0,seed36,2,2007,166,330.01,4120,27,271,0.20723303656757708,20098.752340546496
3B_big,15.0,seed36,2,2007,171,340.01,4133,27,273,0.2078869272169408,20153.35656752139
3B_big,15.0,seed36,2,2007,176,350.01,4140,27,275,0.20823902218198279,20194.28761435407
3B_big,15.0,seed36,2,2007,181,360.01,4146,27,276,0.20854081786630452,20235.352442467327
3B_big,15.0,seed36,2,2007,186,370.01,4153,27,279,0.2088929128313465,20259.48233184578
3B_big,15.0,seed36,2,2007,191,380.01,4151,27,278,0.20879231426990594,20273.2381672614
3B_big,15.0,seed36,2,2007,196,390.01,4166,27,281,0.20954680348071023,20328.28017108995
3B_big,15.0,seed36,2,2007,201,400.01,4172,27,281,0.20984859916503193,20365.967350123734
3B_big,15.0,seed36,2,2007,206,410.01,4177,27,280,0.21010009556863338,20390.81190462521
3B_big,15.0,seed36,2,2007,211,420.01,4182,27,279,0.2103515919722348,20408.26671963076
3B_big,15.0,seed36,2,2007,216,430.01,4179,27,279,0.21020069413007395,20406.082667809173
3B_big,15.0,seed36,2,2007,221,440.01,4184,27,278,0.21045219053367537,20416.59534776172
3B_big,15.0,seed36,2,2007,226,450.01,4186,27,278,0.21055278909511593,20432.474381009826
3B_big,15.0,seed36,2,2007,231,460.01,4188,27,278,0.2106533876565565,20440.421855447305
3B_big,15.0,seed36,2,2007,236,470.01,4194,27,281,0.21095518334087823,20464.03598870129
3B_big,15.0,seed36,2,2007,241,480.01,4199,27,283,0.21120667974447965,20496.47370794671
3B_big,15.0,seed36,2,2007,246,490.01,4202,27,284,0.2113575775866405,20506.834460086466
3B_big,15.0,seed36,2,2007,251,500.01,4204,27,284,0.21145817614808107,20514.597902065267
3B_big,15.0,seed36,2,2007,256,510.01,4205,27,282,0.21150847542880136,20530.918391519197
3B_big,15.0,seed36,2,2007,261,520.01,4210,27,282,0.2117599718324028,20545.585946080675
3B_big,15.0,seed36,2,2007,266,530.01,4212,27,282,0.21186057039384337,20547.21412618908
3B_big,15.0,seed36,2,2007,271,540.01,4212,27,282,0.21186057039384337,20552.52670453185
3B_big,15.0,seed36,2,2007,276,550.01,4209,27,282,0.21170967255168252,20546.914584378203
3B_big,15.0,seed36,2,2007,281,560.01,4215,27,282,0.21201146823600422,20565.643394237544
3B_big,15.0,seed36,2,2007,286,570.01,4214,27,282,0.21196116895528394,20569.18963830912
3B_big,15.0,seed36,2,2007,291,580.01,4214,27,283,0.21196116895528394,20567.14378157401
3B_big,15.0,seed36,2,2007,296,590.01,4213,27,283,0.21191086967456366,20566.783199791324
3B_big,15.0,seed36,2,2007,301,600.01,4216,27,283,0.2120617675167245,20573.914376665743
3B_big,15.0,seed36,3,3007,0,0.0,36,35,2,0.0018107741059302852,360.0
3B_big,15.0,seed36,3,3007,1,0.01,36,35,2,0.0018107741059302852,366.88839290199223
3B_big,15.0,seed36,3,3007,6,10.01,2179,32,91,0.10960213268950254,10304.047665248947
3B_big,15.0,seed36,3,3007,11,20.01,2912,32,158,0.14647150545747195,14085.933690165377
3B_big,15.0,seed36,3,3007,16,30.01,3181,32,185,0.16000201197122882,15462.3496386512
3B_big,15.0,seed36,3,3007,21,40.01,3343,32,207,0.1681504954479151,16211.434044340067
3B_big,15.0,seed36,3,3007,26,50.01,3416,32,216,0.17182234294049595,16712.920700287923
3B_big,15.0,seed36,3,3007,31,60.01,3473,32,219,0.17468940194155225,16970.529938761167
3B_big,15.0,seed36,3,3007,36,70.01,3557,32,222,0.17891454152205624,17303.081221050576
3B_big,15.0,seed36,3,3007,41,80.01,3596,32,222,0.18087621347014737,17531.58631244834
3B_big,15.0,seed36,3,3007,46,90.01,3634,32,228,0.18278758613751822,17687.931367835794
3B_big,15.0,seed36,3,3007,51,100.01,3644,32,228,0.1832905789447211,17790.240238856113
3B_big,15.0,seed36,3,3007,56,110.01,3671,32,232,0.1846486595241688,17884.295381723085
3B_big,15.0,seed36,3,3007,61,120.01,3707,32,231,0.1864594336300991,18044.20040719035
3B_big,15.0,seed36,3,3007,66,130.01,3740,32,235,0.18811930989386852,18210.56464379154
3B_big,15.0,seed36,3,3007,71,140.01,3767,32,243,0.18947739047331624,18365.276061784192
3B_big,15.0,seed36,3,3007,76,150.01,3796,32,250,0.1909360696142045,18491.629833909145
3B_big,15.0,seed36,3,3007,81,160.01,3824,32,259,0.19234444947437251,18593.536187673795
3B_big,15.0,seed36,3,3007,86,170.01,3836,32,264,0.19294804084301595,18675.13068480573
3B_big,15.0,seed36,3,3007,91,180.01,3856,32,274,0.19395402645742166,18782.427215231983
3B_big,15.0,seed36,3,3007,96,190.01,3881,32,278,0.1952115084754288,18876.835457259862
3B_big,15.0,seed36,3,3007,101,200.01,3912,32,288,0.19677078617775765,19039.179370857077
3B_big,15.0,seed36,3,3007,106,210.01,3929,32,299,0.19762587395000253,19121.340177740014
3B_big,15.0,seed36,3,3007,111,220.01,3952,32,307,0.1987827574065691,19213.080637702456
3B_big,15.0,seed36,3,3007,116,230.01,3967,32,311,0.19953724661737338,19291.01702164298
3B_big,15.0,seed36,3,3007,121,240.01,3982,32,314,0.20029173582817766,19392.476221125362
3B_big,15.0,seed36,3,3007,126,250.01,3999,32,318,0.20114682360042252,19461.26227692166
3B_big,15.0,seed36,3,3007,131,260.01,4010,32,324,0.20170011568834564,19534.21984913346
3B_big,15.0,seed36,3,3007,136,270.01,4025,32,331,0.20245460489914993,19595.617464985255
3B_big,15.0,seed36,3,3007,141,280.01,4041,32,338,0.2032593933906745,19656.85834360891
3B_big,15.0,seed36,3,3007,146,290.01,4054,32,346,0.20391328404003822,19742.304914387387
3B_big,15.0,seed36,3,3007,151,300.01,4072,32,354,0.20481867109300336,19838.949767107897
3B_big,15.0,seed36,3,3007,156,310.01,4087,32,361,0.20557316030380765,19906.02094302672
3B_big,15.0,seed36,3,3007,161,320.01,4104,32,369,0.2064282480760525,19984.47573671436
3B_big,15.0,seed36,3,3007,166,330.01,4122,32,376,0.20733363512901765,20072.200113741557
3B_big,15.0,seed36,3,3007,171,340.01,4151,32,380,0.20879231426990594,20192.589132207446
3B_big,15.0,seed36,3,3007,176,350.01,4172,32,388,0.20984859916503193,20301.316033125593
3B_big,15.0,seed36,3,3007,181,360.01,4186,32,391,0.21055278909511593,20373.605656815933
3B_big,15.0,seed36,3,3007,186,370.01,4204,32,395,0.21145817614808107,20454.995772812254
3B_big,15.0,seed36,3,3007,191,380.01,4220,32,396,0.21226296463960564,20526.065012457184
3B_big,15.0,seed36,3,3007,196,390.01,4225,32,394,0.2125144610432071,20562.239920664164
3B_big,15.0,seed36,3,3007,201,400.01,4231,32,396,0.2128162567275288,20616.869731324936
3B_big,15.0,seed36,3,3007,206,410.01,4245,32,395,0.2135204466576128,20650.750904020042
3B_big,15.0,seed36,3,3007,211,420.01,4254,32,396,0.21397314018409536,20704.165410613772
3B_big,15.0,seed36,3,3007,216,430.01,4269,32,398,0.21472762939489964,20768.139415690763
3B_big,15.0,seed36,3,3007,221,440.01,4268,32,398,0.21467733011417936,20780.142305525354
3B_big,15.0,seed36,3,3007,226,450.01,4274,32,393,0.2149791257985011,20795.03938071643
3B_big,15.0,seed36,3,3007,231,460.01,4283,32,394,0.21543181932498365,20842.42211220519
3B_big,15.0,seed36,3,3007,236,470.01,4282,32,393,0.21538152004426336,20842.64825153688
3B_big,15.0,seed36,3,3007,241,480.01,4289,32,392,0.21573361500930538,20847.010105294285
3B_big,15.0,seed36,3,3007,246,490.01,4286,32,392,0.2155827171671445,20857.387273299442
3B_big,15.0,seed36,3,3007,251,500.01,4291,32,396,0.21583421357074595,20863.10196664463
3B_big,15.0,seed36,3,3007,256,510.01,4294,32,396,0.2159851114129068,20880.397434102895
3B_big,15.0,seed36,3,3007,261,520.01,4299,32,395,0.21623660781650822,20912.020333776585
3B_big,15.0,seed36,3,3007,266,530.01,4297,32,396,0.21613600925506765,20908.014608094778
3B_big,15.0,seed36,3,3007,271,540.01,4292,32,394,0.21588451285146623,20900.70920562804
3B_big,15.0,seed36,3,3007,276,550.01,4293,32,395,0.21593481213218652,20894.158687119467
3B_big,15.0,seed36,3,3007,281,560.01,4298,32,395,0.21618630853578794,20900.528939756143
3B_big,15.0,seed36,3,3007,286,570.01,4297,32,395,0.21613600925506765,20901.249850184635
3B_big,15.0,seed36,3,3007,291,580.01,4296,32,394,0.21608570997434737,20898.52222954814
3B_big,15.0,seed36,3,3007,296,590.01,4299,32,393,0.21623660781650822,20906.642135562928
3B_big,15.0,seed36,3,3007,301,600.01,4304,32,393,0.21648810422010964,20922.034449210787
3B_big,15.0,seed144,1,1007,0,0.0,144,141,2,0.007243096423721141,1440.0
3B_big,15.0,seed144,1,1007,1,0.01,144,141,2,0.007243096423721141,1467.3066766001127
3B_big,15.0,seed144,1,1007,6,10.01,4039,86,118,0.20315879482923394,19266.566592624335
3B_big,15.0,seed144,1,1007,11,20.01,4405,82,143,0.22156833157285852,21076.402205298997
3B_big,15.0,seed144,1,1007,16,30.01,4498,79,149,0.22624616467984507,21592.359340927767
3B_big,15.0,seed144,1,1007,21,40.01,4538,79,153,0.2282581359086565,21818.063447699136
3B_big,15.0,seed144,1,1007,26,50.01,4558,79,151,0.22926412152306222,21926.926452860134
3B_big,15.0,seed144,1,1007,31,60.01,4570,79,151,0.22986771289170566,21973.868893825405
3B_big,15.0,seed144,1,1007,36,70.01,4569,76,148,0.22981741361098537,22040.725372439127
3B_big,15.0,seed144,1,1007,41,80.01,4577,76,147,0.23021980785674764,22092.233782132636
3B_big,15.0,seed144,1,1007,46,90.01,4577,76,147,0.23021980785674764,22092.570097170534
3B_big,15.0,seed144,1,1007,51,100.01,4587,76,148,0.2307228006639505,22122.803843333008
3B_big,15.0,seed144,1,1007,56,110.01,4587,76,148,0.2307228006639505,22144.80726119235
3B_big,15.0,seed144,1,1007,61,120.01,4590,76,148,0.23087369850611136,22157.719180528315
3B_big,15.0,seed144,1,1007,66,130.01,4586,76,149,0.23067250138323023,22173.842265978317
3B_big,15.0,seed144,1,1007,71,140.01,4588,76,149,0.2307730999446708,22193.543065356942
3B_big,15.0,seed144,1,1007,76,150.01,4595,76,149,0.23112519490971278,22219.003421701134
3B_big,15.0,seed144,1,1007,81,160.01,4610,76,149,0.23187968412051707,22249.65179062127
3B_big,15.0,seed144,1,1007,86,170.01,4623,76,149,0.2325335747698808,22311.67651755025
3B_big,15.0,seed144,1,1007,91,180.01,4615,76,149,0.23213118052411852,22300.132220806358
3B_big,15.0,seed144,1,1007,96,190.01,4619,76,149,0.23233237764699965,22315.581873347477
3B_big,15.0,seed144,1,1007,101,200.01,4620,76,149,0.23238267692771994,22321.803658525096
3B_big,15.0,seed144,1,1007,106,210.01,4623,76,149,0.2325335747698808,22331.59279881578
3B_big,15.0,seed144,1,1007,111,220.01,4625,76,149,0.23263417333132136,22348.84748821552
3B_big,15.0,seed144,1,1007,116,230.01,4630,76,151,0.23288566973492278,22363.004320968816
3B_big,15.0,seed144,1,1007,121,240.01,4631,76,152,0.23293596901564306,22364.51757839332
3B_big,15.0,seed144,1,1007,126,250.01,4626,76,152,0.23268447261204164,22351.73057005655
3B_big,15.0,seed144,1,1007,131,260.01,4626,76,155,0.23268447261204164,22349.019275714178
3B_big,15.0,seed144,1,1007,136,270.01,4621,76,151,0.23243297620844022,22340.34909644743
3B_big,15.0,seed144,1,1007,141,280.01,4621,76,151,0.23243297620844022,22339.13807294922
3B_big,15.0,seed144,1,1007,146,290.01,4621,76,151,0.23243297620844022,22338.368525563048
3B_big,15.0,seed144,1,1007,151,300.01,4621,76,151,0.23243297620844022,22337.9801288209
3B_big,15.0,seed144,1,1007,156,310.01,4621,76,151,0.23243297620844022,22337.825224888496
3B_big,15.0,seed144,1,1007,161,320.01,4621,76,151,0.23243297620844022,22337.769811686878
3B_big,15.0,seed144,1,1007,166,330.01,4621,76,151,0.23243297620844022,22337.755773652003
3B_big,15.0,seed144,1,1007,171,340.01,4621,76,151,0.23243297620844022,22337.770036486276
3B_big,15.0,seed144,1,1007,176,350.01,4621,76,151,0.23243297620844022,22337.829586332115
3B_big,15.0,seed144,1,1007,181,360.01,4621,76,151,0.23243297620844022,22338.015210690937
3B_big,15.0,seed144,1,1007,186,370.01,4622,76,151,0.2324832754891605,22338.844631087963
3B_big,15.0,seed144,1,1007,191,380.01,4623,76,150,0.2325335747698808,22346.95923546686
3B_big,15.0,seed144,1,1007,196,390.01,4627,76,150,0.23273477189276193,22355.370615144897
3B_big,15.0,seed144,1,1007,201,400.01,4627,76,150,0.23273477189276193,22366.021114057105
3B_big,15.0,seed144,1,1007,206,410.01,4627,76,150,0.23273477189276193,22365.185677036236
3B_big,15.0,seed144,1,1007,211,420.01,4627,76,150,0.23273477189276193,22364.188573277934
3B_big,15.0,seed144,1,1007,216,430.01,4627,76,150,0.23273477189276193,22362.703713544714
3B_big,15.0,seed144,1,1007,221,440.01,4627,76,150,0.23273477189276193,22359.382861233284
3B_big,15.0,seed144,1,1007,226,450.01,4624,76,150,0.23258387405060107,22350.61092360422
3B_big,15.0,seed144,1,1007,231,460.01,4624,76,150,0.23258387405060107,22349.981996242263
3B_big,15.0,seed144,1,1007,236,470.01,4624,76,150,0.23258387405060107,22349.508726027852
3B_big,15.0,seed144,1,1007,241,480.01,4624,76,150,0.23258387405060107,22349.207105423615
3B_big,15.0,seed144,1,1007,246,490.01,4624,76,150,0.23258387405060107,22348.947424126858
3B_big,15.0,seed144,1,1007,251,500.01,4624,76,150,0.23258387405060107,22348.536760739466
3B_big,15.0,seed144,1,1007,256,510.01,4623,76,150,0.2325335747698808,22347.100178690467
3B_big,15.0,seed144,1,1007,261,520.01,4620,76,150,0.23238267692771994,22337.86234757067
3B_big,15.0,seed144,1,1007,266,530.01,4620,76,150,0.23238267692771994,22337.816428271704
3B_big,15.0,seed144,1,1007,271,540.01,4620,76,150,0.23238267692771994,22337.89676462341
3B_big,15.0,seed144,1,1007,276,550.01,4620,76,150,0.23238267692771994,22337.919847634592
3B_big,15.0,seed144,1,1007,281,560.01,4620,76,150,0.23238267692771994,22337.929340152237
3B_big,15.0,seed144,1,1007,286,570.01,4620,76,150,0.23238267692771994,22337.934653507797
3B_big,15.0,seed144,1,1007,291,580.01,4620,76,150,0.23238267692771994,22337.938274515673
3B_big,15.0,seed144,1,1007,296,590.01,4620,76,150,0.23238267692771994,22337.940964166868
3B_big,15.0,seed144,1,1007,301,600.01,4620,76,150,0.23238267692771994,22337.943032367497
3B_big,15.0,seed144,2,2007,0,0.0,144,135,4,0.007243096423721141,1440.0
3B_big,15.0,seed144,2,2007,1,0.01,144,135,4,0.007243096423721141,1466.268580600632
3B_big,15.0,seed144,2,2007,6,10.01,4135,89,99,0.20798752577838137,19602.356418948064
3B_big,15.0,seed144,2,2007,11,20.01,4453,88,115,0.22398269704743223,21354.52764670559
3B_big,15.0,seed144,2,2007,16,30.01,4473,86,120,0.22498868266183794,21589.19045666049
3B_big,15.0,seed144,2,2007,21,40.01,4503,85,122,0.22649766108344652,21755.529760644742
3B_big,15.0,seed144,2,2007,26,50.01,4512,85,126,0.22695035460992907,21816.08466091082
3B_big,15.0,seed144,2,2007,31,60.01,4499,82,126,0.22629646396056535,21820.790450391527
3B_big,15.0,seed144,2,2007,36,70.01,4522,82,129,0.22745334741713194,21897.24488299057
3B_big,15.0,seed144,2,2007,41,80.01,4524,82,132,0.2275539459785725,21942.153155903594
3B_big,15.0,seed144,2,2007,46,90.01,4521,81,135,0.22740304813641166,21946.14669656839
3B_big,15.0,seed144,2,2007,51,100.01,4519,81,137,0.2273024495749711,21949.729773121755
3B_big,15.0,seed144,2,2007,56,110.01,4531,81,138,0.2279060409436145,21972.84408629615
3B_big,15.0,seed144,2,2007,61,120.01,4529,81,138,0.22780544238217393,21985.632252771848
3B_big,15.0,seed144,2,2007,66,130.01,4519,80,138,0.2273024495749711,21951.13108361214
3B_big,15.0,seed144,2,2007,71,140.01,4525,80,138,0.2276042452592928,21973.47768998031
3B_big,15.0,seed144,2,2007,76,150.01,4527,80,138,0.22770484382073336,21985.366012368162
3B_big,15.0,seed144,2,2007,81,160.01,4528,80,139,0.22775514310145364,21985.154659912383
3B_big,15.0,seed144,2,2007,86,170.01,4524,80,139,0.2275539459785725,21978.016778654877
3B_big,15.0,seed144,2,2007,91,180.01,4531,80,139,0.2279060409436145,21990.295166428088
3B_big,15.0,seed144,2,2007,96,190.01,4535,80,139,0.22810723806649566,22014.060371899883
3B_big,15.0,seed144,2,2007,101,200.01,4535,80,139,0.22810723806649566,22014.586344457435
3B_big,15.0,seed144,2,2007,106,210.01,4538,80,139,0.2282581359086565,22021.409966722556
3B_big,15.0,seed144,2,2007,111,220.01,4538,80,139,0.2282581359086565,22023.141294420337
3B_big,15.0,seed144,2,2007,116,230.01,4539,80,139,0.2283084351893768,22029.826628874143
3B_big,15.0,seed144,2,2007,121,240.01,4539,80,139,0.2283084351893768,22029.967861292873
3B_big,15.0,seed144,2,2007,126,250.01,4539,80,139,0.2283084351893768,22030.02518547967
3B_big,15.0,seed144,2,2007,131,260.01,4539,80,139,0.2283084351893768,22030.04444880462
3B_big,15.0,seed144,2,2007,136,270.01,4539,80,139,0.2283084351893768,22030.04388717148
3B_big,15.0,seed144,2,2007,141,280.01,4539,80,139,0.2283084351893768,22030.03057614299
3B_big,15.0,seed144,2,2007,146,290.01,4539,80,139,0.2283084351893768,22030.00666400703
3B_big,15.0,seed144,2,2007,151,300.01,4539,80,139,0.2283084351893768,22029.971116030243
3B_big,15.0,seed144,2,2007,156,310.01,4539,80,139,0.2283084351893768,22029.919194287984
3B_big,15.0,seed144,2,2007,161,320.01,4539,80,139,0.2283084351893768,22029.838811812166
3B_big,15.0,seed144,2,2007,166,330.01,4539,80,139,0.2283084351893768,22029.696699503438
3B_big,15.0,seed144,2,2007,171,340.01,4539,80,139,0.2283084351893768,22029.36779943211
3B_big,15.0,seed144,2,2007,176,350.01,4539,80,139,0.2283084351893768,22027.823692955513
3B_big,15.0,seed144,2,2007,181,360.01,4536,80,139,0.22815753734721594,22021.05581169333
3B_big,15.0,seed144,2,2007,186,370.01,4536,80,139,0.22815753734721594,22020.579892128786
3B_big,15.0,seed144,2,2007,191,380.01,4536,80,139,0.22815753734721594,22019.158136454047
3B_big,15.0,seed144,2,2007,196,390.01,4533,80,139,0.22800663950505506,22013.145370667095
3B_big,15.0,seed144,2,2007,201,400.01,4536,80,139,0.22815753734721594,22020.805497360063
3B_big,15.0,seed144,2,2007,206,410.01,4537,80,139,0.22820783662793623,22026.984099614383
3B_big,15.0,seed144,2,2007,211,420.01,4537,80,139,0.22820783662793623,22026.996541937682
3B_big,15.0,seed144,2,2007,216,430.01,4537,80,139,0.22820783662793623,22026.9993578156
3B_big,15.0,seed144,2,2007,221,440.01,4537,80,139,0.22820783662793623,22026.997577123657
3B_big,15.0,seed144,2,2007,226,450.01,4537,80,139,0.22820783662793623,22026.99576123352
3B_big,15.0,seed144,2,2007,231,460.01,4537,80,139,0.22820783662793623,22026.994625025607
3B_big,15.0,seed144,2,2007,236,470.01,4537,80,139,0.22820783662793623,22026.994005850447
3B_big,15.0,seed144,2,2007,241,480.01,4537,80,139,0.22820783662793623,22026.99368271279
3B_big,15.0,seed144,2,2007,246,490.01,4537,80,139,0.22820783662793623,22026.99351326113
3B_big,15.0,seed144,2,2007,251,500.01,4537,80,139,0.22820783662793623,22026.993421100768
3B_big,15.0,seed144,2,2007,256,510.01,4537,80,139,0.22820783662793623,22026.993368033975
3B_big,15.0,seed144,2,2007,261,520.01,4537,80,139,0.22820783662793623,22026.99333540652
3B_big,15.0,seed144,2,2007,266,530.01,4537,80,139,0.22820783662793623,22026.993314057836
3B_big,15.0,seed144,2,2007,271,540.01,4537,80,139,0.22820783662793623,22026.993299358495
3B_big,15.0,seed144,2,2007,276,550.01,4537,80,139,0.22820783662793623,22026.993288852424
3B_big,15.0,seed144,2,2007,281,560.01,4537,80,139,0.22820783662793623,22026.993281151284
3B_big,15.0,seed144,2,2007,286,570.01,4537,80,139,0.22820783662793623,22026.99327541385
3B_big,15.0,seed144,2,2007,291,580.01,4537,80,139,0.22820783662793623,22026.99327109599
3B_big,15.0,seed144,2,2007,296,590.01,4537,80,139,0.22820783662793623,22026.99326782633
3B_big,15.0,seed144,2,2007,301,600.01,4537,80,139,0.22820783662793623,22026.993265341072
3B_big,15.0,seed144,3,3007,0,0.0,144,141,2,0.007243096423721141,1440.0
3B_big,15.0,seed144,3,3007,1,0.01,144,141,2,0.007243096423721141,1467.4042010405883
3B_big,15.0,seed144,3,3007,6,10.01,4268,93,149,0.21467733011417936,20297.00946005166
3B_big,15.0,seed144,3,3007,11,20.01,4530,89,154,0.2278557416628942,21718.9518392595
3B_big,15.0,seed144,3,3007,16,30.01,4553,88,154,0.2290126251194608,21906.10830224429
3B_big,15.0,seed144,3,3007,21,40.01,4576,87,154,0.23016950857602736,22050.316321097467
3B_big,15.0,seed144,3,3007,26,50.01,4584,86,151,0.23057190282178966,22120.327229619143
3B_big,15.0,seed144,3,3007,31,60.01,4572,83,151,0.22996831145314622,22137.272038371044
3B_big,15.0,seed144,3,3007,36,70.01,4595,83,151,0.23112519490971278,22202.927350756137
3B_big,15.0,seed144,3,3007,41,80.01,4597,83,151,0.23122579347115335,22222.41990680692
3B_big,15.0,seed144,3,3007,46,90.01,4588,82,150,0.2307730999446708,22212.850254504934
3B_big,15.0,seed144,3,3007,51,100.01,4594,82,151,0.2310748956289925,22231.602526317864
3B_big,15.0,seed144,3,3007,56,110.01,4580,82,150,0.2303707056989085,22207.799009088718
3B_big,15.0,seed144,3,3007,61,120.01,4578,81,151,0.23027010713746793,22200.551813248712
3B_big,15.0,seed144,3,3007,66,130.01,4583,81,151,0.23052160354106938,22219.137816892355
3B_big,15.0,seed144,3,3007,71,140.01,4579,81,151,0.2303204064181882,22211.322632913056
3B_big,15.0,seed144,3,3007,76,150.01,4577,81,151,0.23021980785674764,22205.439311265884
3B_big,15.0,seed144,3,3007,81,160.01,4579,81,152,0.2303204064181882,22206.939089838033
3B_big,15.0,seed144,3,3007,86,170.01,4579,81,152,0.2303204064181882,22208.17667917343
3B_big,15.0,seed144,3,3007,91,180.01,4579,81,152,0.2303204064181882,22209.276116736295
3B_big,15.0,seed144,3,3007,96,190.01,4579,81,151,0.2303204064181882,22210.720429109053
3B_big,15.0,seed144,3,3007,101,200.01,4580,81,150,0.2303707056989085,22216.799027656547
3B_big,15.0,seed144,3,3007,106,210.01,4578,81,152,0.23027010713746793,22209.63870686436
3B_big,15.0,seed144,3,3007,111,220.01,4578,81,152,0.23027010713746793,22209.093601552664
3B_big,15.0,seed144,3,3007,116,230.01,4577,81,151,0.23021980785674764,22208.490560404498
3B_big,15.0,seed144,3,3007,121,240.01,4578,81,152,0.23027010713746793,22208.368863947504
3B_big,15.0,seed144,3,3007,126,250.01,4583,81,152,0.23052160354106938,22219.90882736104
3B_big,15.0,seed144,3,3007,131,260.01,4583,81,152,0.23052160354106938,22222.71236135948
3B_big,15.0,seed144,3,3007,136,270.01,4582,81,151,0.23047130426034906,22222.003650736988
3B_big,15.0,seed144,3,3007,141,280.01,4582,81,151,0.23047130426034906,22221.49471992225
3B_big,15.0,seed144,3,3007,146,290.01,4581,81,150,0.23042100497962878,22220.69684197844
3B_big,15.0,seed144,3,3007,151,300.01,4582,81,151,0.23047130426034906,22219.542815300996
3B_big,15.0,seed144,3,3007,156,310.01,4584,81,153,0.23057190282178966,22219.613701053535
3B_big,15.0,seed144,3,3007,161,320.01,4584,81,153,0.23057190282178966,22220.415889976044
3B_big,15.0,seed144,3,3007,166,330.01,4583,81,152,0.23052160354106938,22220.898094321474
3B_big,15.0,seed144,3,3007,171,340.01,4584,81,153,0.23057190282178966,22221.033615966488
3B_big,15.0,seed144,3,3007,176,350.01,4584,81,153,0.23057190282178966,22220.98867284335
3B_big,15.0,seed144,3,3007,181,360.01,4583,81,152,0.23052160354106938,22220.87608025504
3B_big,15.0,seed144,3,3007,186,370.01,4583,81,152,0.23052160354106938,22220.753558797376
3B_big,15.0,seed144,3,3007,191,380.01,4583,81,152,0.23052160354106938,22220.65614701019
3B_big,15.0,seed144,3,3007,196,390.01,4583,81,152,0.23052160354106938,22220.62471430495
3B_big,15.0,seed144,3,3007,201,400.01,4583,81,152,0.23052160354106938,22220.778308496738
3B_big,15.0,seed144,3,3007,206,410.01,4585,81,152,0.23062220210250994,22222.18337593242
3B_big,15.0,seed144,3,3007,211,420.01,4587,81,152,0.2307228006639505,22233.545826139394
3B_big,15.0,seed144,3,3007,216,430.01,4587,81,152,0.2307228006639505,22233.71239166275
3B_big,15.0,seed144,3,3007,221,440.01,4586,81,151,0.23067250138323023,22233.691113660705
3B_big,15.0,seed144,3,3007,226,450.01,4586,81,151,0.23067250138323023,22233.674919035413
3B_big,15.0,seed144,3,3007,231,460.01,4586,81,151,0.23067250138323023,22233.68452724307
3B_big,15.0,seed144,3,3007,236,470.01,4585,81,150,0.23062220210250994,22233.746662065478
3B_big,15.0,seed144,3,3007,241,480.01,4587,81,152,0.2307228006639505,22233.926048057903
3B_big,15.0,seed144,3,3007,246,490.01,4587,81,152,0.2307228006639505,22234.425254830516
3B_big,15.0,seed144,3,3007,251,500.01,4586,81,151,0.23067250138323023,22235.68296430519
3B_big,15.0,seed144,3,3007,256,510.01,4588,81,153,0.2307730999446708,22236.1514868716
3B_big,15.0,seed144,3,3007,261,520.01,4588,81,153,0.2307730999446708,22235.284931042836
3B_big,15.0,seed144,3,3007,266,530.01,4587,81,152,0.2307228006639505,22234.50908291655
3B_big,15.0,seed144,3,3007,271,540.01,4587,81,152,0.2307228006639505,22233.954220663647
3B_big,15.0,seed144,3,3007,276,550.01,4587,81,152,0.2307228006639505,22233.534334965938
3B_big,15.0,seed144,3,3007,281,560.01,4587,81,152,0.2307228006639505,22233.184962584164
3B_big,15.0,seed144,3,3007,286,570.01,4587,81,152,0.2307228006639505,22232.86940973497
3B_big,15.0,seed144,3,3007,291,580.01,4586,81,151,0.23067250138323023,22232.567436828478
3B_big,15.0,seed144,3,3007,296,590.01,4586,81,151,0.23067250138323023,22232.267562374385
3B_big,15.0,seed144,3,3007,301,600.01,4586,81,151,0.23067250138323023,22231.962936352338
3B_big,15.0,random,1,,0,0.0,5005,1914,21,0.25174790000502995,19936.811467800162
3B_big,15.0,random,1,,1,0.01,5104,1855,31,0.2567275287963382,20227.407336788267
3B_big,15.0,random,1,,6,10.01,6396,50,833,0.32171419948694735,29524.97731731637
3B_big,15.0,random,1,,11,20.01,5788,46,781,0.2911322368090136,27015.99543891629
3B_big,15.0,random,1,,16,30.01,5683,39,789,0.2858508123333836,26708.29003616273
3B_big,15.0,random,1,,21,40.01,5604,39,779,0.2818771691564811,26452.847625826624
3B_big,15.0,random,1,,26,50.01,5547,38,784,0.27901011015542476,26191.007352858825
3B_big,15.0,random,1,,31,60.01,5515,37,784,0.2774005331723756,26101.99245527049
3B_big,15.0,random,1,,36,70.01,5511,37,783,0.2771993360494945,26086.063607329237
3B_big,15.0,random,1,,41,80.01,5484,37,778,0.2758412554700468,26016.04942775624
3B_big,15.0,random,1,,46,90.01,5487,36,787,0.2759921533122076,25971.42286143475
3B_big,15.0,random,1,,51,100.01,5479,36,785,0.27558975906644534,25945.767589424744
3B_big,15.0,random,1,,56,110.01,5453,36,778,0.2742819777677179,25862.60398774415
3B_big,15.0,random,1,,61,120.01,5430,36,774,0.27312509431115134,25802.094118032488
3B_big,15.0,random,1,,66,130.01,5422,35,771,0.27272270006538907,25755.116189154774
3B_big,15.0,random,1,,71,140.01,5420,35,770,0.2726221015039485,25733.198587557574
3B_big,15.0,random,1,,76,150.01,5422,35,772,0.27272270006538907,25733.635018622714
3B_big,15.0,random,1,,81,160.01,5410,35,765,0.27211910869674566,25718.701844078103
3B_big,15.0,random,1,,86,170.01,5413,35,766,0.2722700065389065,25713.8083921121
3B_big,15.0,random,1,,91,180.01,5417,35,768,0.2724712036617876,25732.710814767084
3B_big,15.0,random,1,,96,190.01,5426,35,765,0.2729238971882702,25725.656560758645
3B_big,15.0,random,1,,101,200.01,5418,35,766,0.27252150294250793,25707.937324907707
3B_big,15.0,random,1,,106,210.01,5409,35,762,0.27206880941602535,25680.159566402
3B_big,15.0,random,1,,111,220.01,5399,35,761,0.2715658166088225,25622.91440345788
3B_big,15.0,random,1,,116,230.01,5391,34,762,0.27116342236306024,25613.217285296596
3B_big,15.0,random,1,,121,240.01,5397,34,761,0.27146521804738194,25635.357856002804
3B_big,15.0,random,1,,126,250.01,5403,34,760,0.27176701373170364,25646.172201250625
3B_big,15.0,random,1,,131,260.01,5405,34,761,0.2718676122931442,25652.318580829517
3B_big,15.0,random,1,,136,270.01,5404,34,762,0.2718173130124239,25648.39246777205
3B_big,15.0,random,1,,141,280.01,5411,34,763,0.2721694079774659,25648.26413427289
3B_big,15.0,random,1,,146,290.01,5408,34,763,0.2720185101353051,25644.963959932014
3B_big,15.0,random,1,,151,300.01,5402,34,761,0.27171671445098333,25639.350992180953
3B_big,15.0,random,1,,156,310.01,5408,34,762,0.2720185101353051,25639.128762333465
3B_big,15.0,random,1,,161,320.01,5409,34,761,0.27206880941602535,25644.45439057185
3B_big,15.0,random,1,,166,330.01,5411,34,763,0.2721694079774659,25648.561688961774
3B_big,15.0,random,1,,171,340.01,5413,34,762,0.2722700065389065,25660.10544921009
3B_big,15.0,random,1,,176,350.01,5414,34,761,0.2723203058196268,25656.392660823596
3B_big,15.0,random,1,,181,360.01,5416,34,761,0.27242090438106736,25654.156823378835
3B_big,15.0,random,1,,186,370.01,5412,34,761,0.2722197072581862,25651.77074390946
3B_big,15.0,random,1,,191,380.01,5408,34,761,0.2720185101353051,25646.397936961792
3B_big,15.0,random,1,,196,390.01,5409,34,761,0.27206880941602535,25650.147758340463
3B_big,15.0,random,1,,201,400.01,5409,34,761,0.27206880941602535,25651.519756849782
3B_big,15.0,random,1,,206,410.01,5409,34,761,0.27206880941602535,25650.68771036729
3B_big,15.0,random,1,,211,420.01,5407,34,761,0.2719682108545848,25649.10802046708
3B_big,15.0,random,1,,216,430.01,5409,34,761,0.27206880941602535,25648.154817483606
3B_big,15.0,random,1,,221,440.01,5408,34,760,0.2720185101353051,25647.73130879602
3B_big,15.0,random,1,,226,450.01,5408,34,761,0.2720185101353051,25648.450933242668
3B_big,15.0,random,1,,231,460.01,5409,34,761,0.27206880941602535,25655.316820603137
3B_big,15.0,random,1,,236,470.01,5408,34,761,0.2720185101353051,25654.032004801415
3B_big,15.0,random,1,,241,480.01,5409,34,761,0.27206880941602535,25652.53830891475
3B_big,15.0,random,1,,246,490.01,5412,34,761,0.2722197072581862,25654.47928300334
3B_big,15.0,random,1,,251,500.01,5411,34,761,0.2721694079774659,25657.8748815647
3B_big,15.0,random,1,,256,510.01,5411,34,760,0.2721694079774659,25659.52139846389
3B_big,15.0,random,1,,261,520.01,5408,34,760,0.2720185101353051,25659.701824051364
3B_big,15.0,random,1,,266,530.01,5407,34,760,0.2719682108545848,25659.298435929893
3B_big,15.0,random,1,,271,540.01,5408,34,760,0.2720185101353051,25658.70018524294
3B_big,15.0,random,1,,276,550.01,5408,34,760,0.2720185101353051,25658.042867597316
3B_big,15.0,random,1,,281,560.01,5408,34,761,0.2720185101353051,25657.34952312748
3B_big,15.0,random,1,,286,570.01,5407,34,761,0.2719682108545848,25656.59426094607
3B_big,15.0,random,1,,291,580.01,5407,34,761,0.2719682108545848,25655.758165980966
3B_big,15.0,random,1,,296,590.01,5405,34,761,0.2718676122931442,25654.872762400242
3B_big,15.0,random,1,,301,600.01,5405,34,761,0.2718676122931442,25653.969009372762
3B_big,15.0,random,2,,0,0.0,4969,1897,30,0.24993712589909964,19840.181224828495
3B_big,15.0,random,2,,1,0.01,5074,1825,43,0.2552185503747296,20123.890335733555
3B_big,15.0,random,2,,6,10.01,6415,41,1229,0.3226698858206328,29644.65770658084
3B_big,15.0,random,2,,11,20.01,5840,40,750,0.2937477994064685,27232.939100825963
3B_big,15.0,random,2,,16,30.01,5759,37,763,0.28967355766812536,26947.45409514418
3B_big,15.0,random,2,,21,40.01,5659,36,745,0.2846436295960968,26671.947338415244
3B_big,15.0,random,2,,26,50.01,5641,36,751,0.2837382425431316,26571.47803275184
3B_big,15.0,random,2,,31,60.01,5592,36,750,0.2812735777878376,26404.091152512832
3B_big,15.0,random,2,,36,70.01,5568,36,749,0.28006639505055075,26333.890477878485
3B_big,15.0,random,2,,41,80.01,5551,36,741,0.2792113072783059,26237.212186003428
3B_big,15.0,random,2,,46,90.01,5535,36,735,0.27840651878678135,26134.721828030666
3B_big,15.0,random,2,,51,100.01,5520,36,733,0.27765202957597707,26107.045596262695
3B_big,15.0,random,2,,56,110.01,5512,36,723,0.2772496353302148,26090.607934643762
3B_big,15.0,random,2,,61,120.01,5496,36,723,0.2764448468386902,26008.5556102531
3B_big,15.0,random,2,,66,130.01,5485,36,723,0.27589155475076704,25964.532830559918
3B_big,15.0,random,2,,71,140.01,5481,36,724,0.2756903576278859,25962.677115637787
3B_big,15.0,random,2,,76,150.01,5481,36,723,0.2756903576278859,25942.4628041846
3B_big,15.0,random,2,,81,160.01,5471,36,724,0.27518736482068307,25918.944993983027
3B_big,15.0,random,2,,86,170.01,5474,36,726,0.27533826266284395,25910.706232686578
3B_big,15.0,random,2,,91,180.01,5476,36,725,0.2754388612242845,25911.299542122317
3B_big,15.0,random,2,,96,190.01,5478,36,725,0.2755394597857251,25914.11026224847
3B_big,15.0,random,2,,101,200.01,5479,36,725,0.27558975906644534,25904.230414995676
3B_big,15.0,random,2,,106,210.01,5467,36,723,0.27498616769780193,25875.583865054155
3B_big,15.0,random,2,,111,220.01,5460,36,723,0.2746340727327599,25885.531516930696
3B_big,15.0,random,2,,116,230.01,5456,36,722,0.2744328756098788,25879.019014987905
3B_big,15.0,random,2,,121,240.01,5453,36,722,0.2742819777677179,25839.234557260585
3B_big,15.0,random,2,,126,250.01,5439,36,721,0.2735777878376339,25816.8414308275
3B_big,15.0,random,2,,131,260.01,5437,36,720,0.27347718927619336,25799.982052021754
3B_big,15.0,random,2,,136,270.01,5435,36,719,0.2733765907147528,25791.88419451894
3B_big,15.0,random,2,,141,280.01,5434,36,720,0.2733262914340325,25791.21160702282
3B_big,15.0,random,2,,146,290.01,5436,36,720,0.27342688999547304,25802.30994782459
3B_big,15.0,random,2,,151,300.01,5438,36,721,0.2735274885569136,25814.19385836247
3B_big,15.0,random,2,,156,310.01,5439,36,722,0.2735777878376339,25805.511034365558
3B_big,15.0,random,2,,161,320.01,5433,36,722,0.2732759921533122,25801.236104830445
3B_big,15.0,random,2,,166,330.01,5437,36,724,0.27347718927619336,25803.024511990247
3B_big,15.0,random,2,,171,340.01,5438,36,723,0.2735274885569136,25809.11806948854
3B_big,15.0,random,2,,176,350.01,5437,36,722,0.27347718927619336,25810.812995729386
3B_big,15.0,random,2,,181,360.01,5444,36,721,0.27382928424123537,25814.240307451586
3B_big,15.0,random,2,,186,370.01,5447,36,721,0.2739801820833962,25809.654966490707
3B_big,15.0,random,2,,191,380.01,5442,36,722,0.2737286856797948,25803.09659599758
3B_big,15.0,random,2,,196,390.01,5440,36,722,0.27362808711835424,25796.566385182654
3B_big,15.0,random,2,,201,400.01,5434,36,722,0.2733262914340325,25791.107220186434
3B_big,15.0,random,2,,206,410.01,5436,36,722,0.27342688999547304,25789.151096922335
3B_big,15.0,random,2,,211,420.01,5437,36,723,0.27347718927619336,25787.477217221945
3B_big,15.0,random,2,,216,430.01,5436,36,723,0.27342688999547304,25781.30355075105
3B_big,15.0,random,2,,221,440.01,5437,36,723,0.27347718927619336,25782.230757615514
3B_big,15.0,random,2,,226,450.01,5432,36,723,0.2732256928725919,25782.16454215147
3B_big,15.0,random,2,,231,460.01,5432,36,723,0.2732256928725919,25776.09262785918
3B_big,15.0,random,2,,236,470.01,5432,36,723,0.2732256928725919,25770.806888590523
3B_big,15.0,random,2,,241,480.01,5430,36,723,0.27312509431115134,25764.943622427603
3B_big,15.0,random,2,,246,490.01,5438,36,723,0.2735274885569136,25771.941530176577
3B_big,15.0,random,2,,251,500.01,5439,36,723,0.2735777878376339,25771.670362805544
3B_big,15.0,random,2,,256,510.01,5439,36,723,0.2735777878376339,25773.568460287875
3B_big,15.0,random,2,,261,520.01,5438,36,723,0.2735274885569136,25775.554980210647
3B_big,15.0,random,2,,266,530.01,5439,36,723,0.2735777878376339,25775.77214899507
3B_big,15.0,random,2,,271,540.01,5439,36,723,0.2735777878376339,25776.30600327887
3B_big,15.0,random,2,,276,550.01,5439,36,723,0.2735777878376339,25776.825897216746
3B_big,15.0,random,2,,281,560.01,5441,36,723,0.2736783863990745,25777.00332367683
3B_big,15.0,random,2,,286,570.01,5438,36,723,0.2735274885569136,25776.643465541274
3B_big,15.0,random,2,,291,580.01,5437,36,722,0.27347718927619336,25776.17744088889
3B_big,15.0,random,2,,296,590.01,5437,36,722,0.27347718927619336,25775.791566402357
3B_big,15.0,random,2,,301,600.01,5438,36,723,0.2735274885569136,25775.47038388201
3B_big,15.0,random,3,,0,0.0,4960,1868,30,0.24948443237261708,19810.8209612995
3B_big,15.0,random,3,,1,0.01,5061,1803,32,0.2545646597253659,20092.36742691069
3B_big,15.0,random,3,,6,10.01,6365,45,1174,0.32015492178461846,29424.1831027542
3B_big,15.0,random,3,,11,20.01,5816,43,670,0.29254061666918163,27153.738591723588
3B_big,15.0,random,3,,16,30.01,5683,41,654,0.2858508123333836,26681.65241404552
3B_big,15.0,random,3,,21,40.01,5659,41,662,0.2846436295960968,26612.428051390496
3B_big,15.0,random,3,,26,50.01,5595,40,651,0.2814244756299985,26334.255384780823
3B_big,15.0,random,3,,31,60.01,5545,37,645,0.2789095115939842,26195.295035056228
3B_big,15.0,random,3,,36,70.01,5514,37,638,0.27735023389165536,26115.521325899543
3B_big,15.0,random,3,,41,80.01,5512,37,635,0.2772496353302148,26039.97390919914
3B_big,15.0,random,3,,46,90.01,5487,37,635,0.2759921533122076,25983.99938293323
3B_big,15.0,random,3,,51,100.01,5499,37,634,0.2765957446808511,26004.005567362194
3B_big,15.0,random,3,,56,110.01,5491,37,638,0.2761933504350888,25972.5612638075
3B_big,15.0,random,3,,61,120.01,5453,36,627,0.2742819777677179,25866.843508546255
3B_big,15.0,random,3,,66,130.01,5458,36,631,0.27453347417131935,25852.626953609964
3B_big,15.0,random,3,,71,140.01,5456,35,631,0.2744328756098788,25859.173285519588
3B_big,15.0,random,3,,76,150.01,5455,35,629,0.27438257632915847,25843.538141206256
3B_big,15.0,random,3,,81,160.01,5452,35,632,0.27423167848699764,25834.678233392136
3B_big,15.0,random,3,,86,170.01,5454,35,629,0.2743322770484382,25832.845296689873
3B_big,15.0,random,3,,91,180.01,5442,35,628,0.2737286856797948,25813.03476083702
3B_big,15.0,random,3,,96,190.01,5434,35,628,0.2733262914340325,25785.0898688284
3B_big,15.0,random,3,,101,200.01,5441,35,632,0.2736783863990745,25777.305616926118
3B_big,15.0,random,3,,106,210.01,5428,35,632,0.27302449574971077,25740.452087856887
3B_big,15.0,random,3,,111,220.01,5427,35,636,0.2729741964689905,25743.558687520912
3B_big,15.0,random,3,,116,230.01,5427,35,634,0.2729741964689905,25742.115713584233
3B_big,15.0,random,3,,121,240.01,5438,35,633,0.2735274885569136,25747.035341577837
3B_big,15.0,random,3,,126,250.01,5435,35,632,0.2733765907147528,25739.06294968858
3B_big,15.0,random,3,,131,260.01,5426,35,632,0.2729238971882702,25727.343779751467
3B_big,15.0,random,3,,136,270.01,5429,35,629,0.2730747950304311,25725.161992348047
3B_big,15.0,random,3,,141,280.01,5421,35,626,0.27267240078466876,25720.221574579642
3B_big,15.0,random,3,,146,290.01,5422,35,627,0.27272270006538907,25715.06121918706
3B_big,15.0,random,3,,151,300.01,5420,35,629,0.2726221015039485,25711.37510666741
3B_big,15.0,random,3,,156,310.01,5419,35,629,0.2725718022232282,25705.061555727138
3B_big,15.0,random,3,,161,320.01,5422,35,629,0.27272270006538907,25691.430470526066
3B_big,15.0,random,3,,166,330.01,5414,35,627,0.2723203058196268,25686.861449195065
3B_big,15.0,random,3,,171,340.01,5407,35,625,0.2719682108545848,25674.362673379244
3B_big,15.0,random,3,,176,350.01,5417,35,627,0.2724712036617876,25674.919939803996
3B_big,15.0,random,3,,181,360.01,5417,35,628,0.2724712036617876,25668.886424403696
3B_big,15.0,random,3,,186,370.01,5416,35,628,0.27242090438106736,25660.25174275438
3B_big,15.0,random,3,,191,380.01,5412,35,624,0.2722197072581862,25653.71061936231
3B_big,15.0,random,3,,196,390.01,5414,35,624,0.2723203058196268,25674.765305897497
3B_big,15.0,random,3,,201,400.01,5411,35,624,0.2721694079774659,25666.748179905495
3B_big,15.0,random,3,,206,410.01,5412,35,625,0.2722197072581862,25663.660870154745
3B_big,15.0,random,3,,211,420.01,5413,35,626,0.2722700065389065,25664.26748530667
3B_big,15.0,random,3,,216,430.01,5409,35,625,0.27206880941602535,25655.88725811567
3B_big,15.0,random,3,,221,440.01,5400,35,625,0.27161611588954276,25637.35063429157
3B_big,15.0,random,3,,226,450.01,5398,35,624,0.2715155173281022,25627.637667907664
3B_big,15.0,random,3,,231,460.01,5396,35,624,0.27141491876666163,25620.79565478483
3B_big,15.0,random,3,,236,470.01,5395,35,623,0.27136461948594137,25620.635008376794
3B_big,15.0,random,3,,241,480.01,5395,35,622,0.27136461948594137,25623.859241792525
3B_big,15.0,random,3,,246,490.01,5395,35,622,0.27136461948594137,25626.55854035278
3B_big,15.0,random,3,,251,500.01,5395,35,622,0.27136461948594137,25627.714604773522
3B_big,15.0,random,3,,256,510.01,5393,35,623,0.2712640209245008,25617.186073923134
3B_big,15.0,random,3,,261,520.01,5388,35,623,0.27101252452089936,25607.601310212725
3B_big,15.0,random,3,,266,530.01,5386,35,623,0.2709119259594588,25607.768323424098
3B_big,15.0,random,3,,271,540.01,5389,35,623,0.2710628238016196,25608.25405802922
3B_big,15.0,random,3,,276,550.01,5391,35,623,0.27116342236306024,25608.552906861423
3B_big,15.0,random,3,,281,560.01,5391,35,623,0.27116342236306024,25609.0005201012
3B_big,15.0,random,3,,286,570.01,5389,35,623,0.2710628238016196,25610.3327181812
3B_big,15.0,random,3,,291,580.01,5390,35,623,0.2711131230823399,25613.18765605532
3B_big,15.0,random,3,,296,590.01,5393,35,624,0.2712640209245008,25616.973805307935
3B_big,15.0,random,3,,301,600.01,5395,35,624,0.27136461948594137,25619.77099523582
3B_big,15.0,nucl,1,,0,0.0,0,0,0,0.0,0.0
3B_big,15.0,nucl,1,,1,0.01,3,3,1,0.0001508978421608571,12.0
3B_big,15.0,nucl,1,,6,10.01,1389,194,115,0.06986570092047684,6049.322268315525
3B_big,15.0,nucl,1,,11,20.01,3129,180,152,0.15738644937377397,14762.814796189086
3B_big,15.0,nucl,1,,16,30.01,3957,151,187,0.1990342538101705,19019.65460116387
3B_big,15.0,nucl,1,,21,40.01,4314,173,210,0.2169910970273125,20700.70609443361
3B_big,15.0,nucl,1,,26,50.01,4496,169,223,0.2261455661184045,21598.90355877986
3B_big,15.0,nucl,1,,31,60.01,4611,180,225,0.23192998340123736,22107.568030029615
3B_big,15.0,nucl,1,,36,70.01,4673,173,232,0.23504853880589507,22461.273566728283
3B_big,15.0,nucl,1,,41,80.01,4729,155,239,0.23786529852623106,22678.708555018493
3B_big,15.0,nucl,1,,46,90.01,4763,163,242,0.2395754740707208,22874.599359398264
3B_big,15.0,nucl,1,,51,100.01,4820,164,245,0.24244253307177707,23108.812150601654
3B_big,15.0,nucl,1,,56,110.01,4857,191,243,0.24430360645842764,23261.304000349606
3B_big,15.0,nucl,1,,61,120.01,4889,167,244,0.24591318344147678,23430.859153267716
3B_big,15.0,nucl,1,,66,130.01,4893,177,242,0.24611438056435794,23423.802961022382
3B_big,15.0,nucl,1,,71,140.01,4914,177,244,0.24717066545948393,23547.083944988353
3B_big,15.0,nucl,1,,76,150.01,4918,141,244,0.24737186258236507,23610.96194718699
3B_big,15.0,nucl,1,,81,160.01,4965,170,245,0.2497359287762185,23783.667838070913
3B_big,15.0,nucl,1,,86,170.01,4986,167,243,0.2507922136713445,23882.450606346254
3B_big,15.0,nucl,1,,91,180.01,5004,172,241,0.25169760072430963,23940.404643751768
3B_big,15.0,nucl,1,,96,190.01,5014,183,242,0.2522005935315125,24029.019797157103
3B_big,15.0,nucl,1,,101,200.01,5010,161,241,0.25199939640863134,23988.051536606617
3B_big,15.0,nucl,1,,106,210.01,5028,168,245,0.2529047834615965,24075.89686587143
3B_big,15.0,nucl,1,,111,220.01,5021,159,243,0.2525526884965545,24019.663773140826
3B_big,15.0,nucl,1,,116,230.01,5031,168,242,0.25305568130375733,24128.532628154913
3B_big,15.0,nucl,1,,121,240.01,5049,168,242,0.2539610683567225,24191.77427791263
3B_big,15.0,nucl,1,,126,250.01,5042,157,240,0.2536089733916805,24185.600048880657
3B_big,15.0,nucl,1,,131,260.01,5052,166,242,0.2541119661988834,24136.769467526366
3B_big,15.0,nucl,1,,136,270.01,5041,156,244,0.2535586741109602,24197.624217031043
3B_big,15.0,nucl,1,,141,280.01,5080,177,245,0.25552034605905133,24283.14253274528
3B_big,15.0,nucl,1,,146,290.01,5049,152,245,0.2539610683567225,24236.75472957948
3B_big,15.0,nucl,1,,151,300.01,5072,159,251,0.25511795181328906,24345.568945824372
3B_big,15.0,nucl,1,,156,310.01,5096,174,250,0.25632513455057593,24391.770147569263
3B_big,15.0,nucl,1,,161,320.01,5108,163,249,0.25692872591921934,24410.38566654602
3B_big,15.0,nucl,1,,166,330.01,5093,156,247,0.25617423670841505,24430.26117653244
3B_big,15.0,nucl,1,,171,340.01,5097,157,246,0.25637543383129624,24422.496328252055
3B_big,15.0,nucl,1,,176,350.01,5114,159,242,0.2572305216035411,24461.96771140809
3B_big,15.0,nucl,1,,181,360.01,5128,170,242,0.25793471153362507,24501.69740711272
3B_big,15.0,nucl,1,,186,370.01,5126,154,238,0.2578341129721845,24523.571882230186
3B_big,15.0,nucl,1,,191,380.01,5157,175,244,0.25939339067451334,24625.100421154042
3B_big,15.0,nucl,1,,196,390.01,5143,166,239,0.25868920074442936,24554.879973765193
3B_big,15.0,nucl,1,,201,400.01,5156,157,241,0.2593430913937931,24665.231071784972
3B_big,15.0,nucl,1,,206,410.01,5172,170,242,0.2601478798853176,24712.857449184317
3B_big,15.0,nucl,1,,211,420.01,5146,171,243,0.25884009858659024,24603.424010186944
3B_big,15.0,nucl,1,,216,430.01,5166,175,242,0.2598460842009959,24668.030417220056
3B_big,15.0,nucl,1,,221,440.01,5142,160,241,0.25863890146370905,24591.488822430245
3B_big,15.0,nucl,1,,226,450.01,5148,152,240,0.2589406971480308,24656.43874951126
3B_big,15.0,nucl,1,,231,460.01,5169,151,240,0.2599969820431568,24739.447453289587
3B_big,15.0,nucl,1,,236,470.01,5205,174,239,0.2618077561490871,24842.678843181086
3B_big,15.0,nucl,1,,241,480.01,5195,179,241,0.26130476334188424,24785.227475048
3B_big,15.0,nucl,1,,246,490.01,5178,149,243,0.2604496755696393,24780.21902955728
3B_big,15.0,nucl,1,,251,500.01,5182,154,246,0.2606508726925205,24798.50936569349
3B_big,15.0,nucl,1,,256,510.01,5215,182,247,0.2623107489562899,24892.92575526663
3B_big,15.0,nucl,1,,261,520.01,5193,150,249,0.2612041647804436,24847.937509114025
3B_big,15.0,nucl,1,,266,530.01,5207,179,247,0.26190835471052765,24924.975418500315
3B_big,15.0,nucl,1,,271,540.01,5203,164,245,0.2617071575876465,24827.777100265394
3B_big,15.0,nucl,1,,276,550.01,5195,141,243,0.26130476334188424,24858.28216843461
3B_big,15.0,nucl,1,,281,560.01,5243,173,246,0.2637191288164579,24978.63447646641
3B_big,15.0,nucl,1,,286,570.01,5237,174,244,0.2634173331321362,24950.545182750688
3B_big,15.0,nucl,1,,291,580.01,5244,154,250,0.26376942809717824,24997.949601036973
3B_big,15.0,nucl,1,,296,590.01,5234,162,248,0.26326643528997534,24985.27440514168
3B_big,15.0,nucl,1,,301,600.01,5257,167,250,0.2644233187465419,25042.250374832198
3B_big,15.0,nucl,2,,0,0.0,0,0,0,0.0,0.0
3B_big,15.0,nucl,2,,1,0.01,1,1,1,5.02992807202857e-05,4.0
3B_big,15.0,nucl,2,,6,10.01,952,183,99,0.047884915245711986,4070.075869967363
3B_big,15.0,nucl,2,,11,20.01,2954,189,168,0.14858407524772396,13725.14672558978
3B_big,15.0,nucl,2,,16,30.01,3938,183,187,0.19807856747648508,18811.24832556073
3B_big,15.0,nucl,2,,21,40.01,4347,162,215,0.21865097329108193,20908.854768387322
3B_big,15.0,nucl,2,,26,50.01,4524,161,224,0.2275539459785725,21805.7862961845
3B_big,15.0,nucl,2,,31,60.01,4624,160,222,0.23258387405060107,22284.382074060082
3B_big,15.0,nucl,2,,36,70.01,4714,161,221,0.2371108093154268,22596.711673647915
3B_big,15.0,nucl,2,,41,80.01,4753,170,219,0.23907248126351793,22817.849845977307
3B_big,15.0,nucl,2,,46,90.01,4768,173,217,0.23982697047432222,22883.6205154609
3B_big,15.0,nucl,2,,51,100.01,4803,167,219,0.24158744529953222,23053.285198903366
3B_big,15.0,nucl,2,,56,110.01,4815,165,219,0.24219103666817565,23178.85480955647
3B_big,15.0,nucl,2,,61,120.01,4821,161,218,0.24249283235249736,23198.13339242962
3B_big,15.0,nucl,2,,66,130.01,4871,180,216,0.24500779638851164,23349.652596641383
3B_big,15.0,nucl,2,,71,140.01,4892,176,221,0.24606408128363763,23455.075454229882
3B_big,15.0,nucl,2,,76,150.01,4913,168,223,0.24712036617876365,23601.094570268586
3B_big,15.0,nucl,2,,81,160.01,4955,164,227,0.24923293596901563,23703.50246658615
3B_big,15.0,nucl,2,,86,170.01,4957,185,228,0.2493335345304562,23746.322659202073
3B_big,15.0,nucl,2,,91,180.01,4936,174,225,0.2482772496353302,23695.647796890928
3B_big,15.0,nucl,2,,96,190.01,4933,170,225,0.24812635179316936,23665.297574953584
3B_big,15.0,nucl,2,,101,200.01,4969,155,220,0.24993712589909964,23847.49860928085
3B_big,15.0,nucl,2,,106,210.01,4997,158,219,0.2513455057592676,23941.62464985898
3B_big,15.0,nucl,2,,111,220.01,4989,163,218,0.25094311151350535,23922.243453796633
3B_big,15.0,nucl,2,,116,230.01,4985,154,214,0.2507419143906242,23954.16081144014
3B_big,15.0,nucl,2,,121,240.01,5029,161,215,0.25295508274231676,24116.289579653603
3B_big,15.0,nucl,2,,126,250.01,5031,168,212,0.25305568130375733,24122.963218532725
3B_big,15.0,nucl,2,,131,260.01,5037,158,211,0.2533574769880791,24173.10963892343
3B_big,15.0,nucl,2,,136,270.01,5055,165,211,0.2542628640410442,24243.131568891687
3B_big,15.0,nucl,2,,141,280.01,5060,153,211,0.25451436044464565,24253.411423252885
3B_big,15.0,nucl,2,,146,290.01,5087,169,212,0.25587244102409334,24399.655197935826
3B_big,15.0,nucl,2,,151,300.01,5108,166,214,0.25692872591921934,24447.55923546289
3B_big,15.0,nucl,2,,156,310.01,5096,147,216,0.25632513455057593,24445.172112583292
3B_big,15.0,nucl,2,,161,320.01,5115,174,219,0.25728082088426135,24465.480182052146
3B_big,15.0,nucl,2,,166,330.01,5114,152,216,0.2572305216035411,24453.72936607986
3B_big,15.0,nucl,2,,171,340.01,5123,162,215,0.2576832151300236,24530.58664584638
3B_big,15.0,nucl,2,,176,350.01,5106,152,211,0.25682812735777877,24476.46596890222
3B_big,15.0,nucl,2,,181,360.01,5120,164,212,0.2575323172878628,24503.361663564727
3B_big,15.0,nucl,2,,186,370.01,5119,161,217,0.2574820180071425,24523.106329204456
3B_big,15.0,nucl,2,,191,380.01,5122,172,216,0.25763291584930337,24556.690859082642
3B_big,15.0,nucl,2,,196,390.01,5131,159,219,0.25808560937578595,24570.30020204285
3B_big,15.0,nucl,2,,201,400.01,5119,145,214,0.2574820180071425,24592.719357878195
3B_big,15.0,nucl,2,,206,410.01,5163,172,214,0.2596951863588351,24701.144718112926
3B_big,15.0,nucl,2,,211,420.01,5157,156,214,0.25939339067451334,24672.094912719578
3B_big,15.0,nucl,2,,216,430.01,5162,167,215,0.2596448870781148,24708.718411400638
3B_big,15.0,nucl,2,,221,440.01,5158,164,215,0.25944368995523365,24696.380230676416
3B_big,15.0,nucl,2,,226,450.01,5129,145,214,0.25798501081434533,24627.1921099116
3B_big,15.0,nucl,2,,231,460.01,5154,148,219,0.2592424928323525,24733.495071645193
3B_big,15.0,nucl,2,,236,470.01,5201,160,224,0.26160655902620594,24799.18427036956
3B_big,15.0,nucl,2,,241,480.01,5182,158,226,0.2606508726925205,24781.797721488372
3B_big,15.0,nucl,2,,246,490.01,5213,180,222,0.26221015039484935,24877.184502380776
3B_big,15.0,nucl,2,,251,500.01,5199,157,218,0.2615059604647654,24892.27145899106
3B_big,15.0,nucl,2,,256,510.01,5211,157,218,0.2621095518334088,24892.07164455583
3B_big,15.0,nucl,2,,261,520.01,5229,181,218,0.26301493888637395,24951.68145818812
3B_big,15.0,nucl,2,,266,530.01,5185,137,217,0.26080177053468134,24865.4027940878
3B_big,15.0,nucl,2,,271,540.01,5242,165,219,0.2636688295357376,25016.40244993603
3B_big,15.0,nucl,2,,276,550.01,5207,139,216,0.26190835471052765,24911.689699972205
3B_big,15.0,nucl,2,,281,560.01,5240,163,217,0.26356823097429705,25026.153090525444
3B_big,15.0,nucl,2,,286,570.01,5264,188,222,0.2647754137115839,25079.1993107646
3B_big,15.0,nucl,2,,291,580.01,5230,148,224,0.2630652381670942,25009.708461687886
3B_big,15.0,nucl,2,,296,590.01,5258,166,216,0.2644736180272622,25114.91499264884
3B_big,15.0,nucl,2,,301,600.01,5238,163,217,0.2634676324128565,25044.75818684348
3B_big,15.0,nucl,3,,0,0.0,0,0,0,0.0,0.0
3B_big,15.0,nucl,3,,1,0.01,4,4,1,0.0002011971228811428,16.0
3B_big,15.0,nucl,3,,6,10.01,982,210,93,0.049393893667320554,4312.620186491168
3B_big,15.0,nucl,3,,11,20.01,2403,187,162,0.12086917157084653,11277.837235600642
3B_big,15.0,nucl,3,,16,30.01,3474,174,200,0.17473970122227253,16531.691232370278
3B_big,15.0,nucl,3,,21,40.01,3885,163,211,0.19541270559830995,18778.570188275695
3B_big,15.0,nucl,3,,26,50.01,4122,157,218,0.20733363512901765,19913.418902460682
3B_big,15.0,nucl,3,,31,60.01,4291,181,222,0.21583421357074595,20646.73667355672
3B_big,15.0,nucl,3,,36,70.01,4352,162,225,0.21890246969468335,20988.848069987995
3B_big,15.0,nucl,3,,41,80.01,4403,148,220,0.22146773301141795,21277.549515902705
3B_big,15.0,nucl,3,,46,90.01,4432,157,219,0.2229264121523062,21405.873102892758
3B_big,15.0,nucl,3,,51,100.01,4525,165,227,0.2276042452592928,21704.31756335796
3B_big,15.0,nucl,3,,56,110.01,4571,157,232,0.22991801217242594,21993.419311350644
3B_big,15.0,nucl,3,,61,120.01,4608,169,238,0.2317790855590765,22149.366092198445
3B_big,15.0,nucl,3,,66,130.01,4619,176,237,0.23233237764699965,22251.084082372945
3B_big,15.0,nucl,3,,71,140.01,4647,181,237,0.23374075750716763,22342.056306535007
3B_big,15.0,nucl,3,,76,150.01,4643,160,248,0.2335395603842865,22377.790716367974
3B_big,15.0,nucl,3,,81,160.01,4689,170,252,0.23585332729741965,22530.74120185732
3B_big,15.0,nucl,3,,86,170.01,4697,175,258,0.23625572154318195,22541.24191354572
3B_big,15.0,nucl,3,,91,180.01,4726,169,260,0.2377144006840702,22684.285227354616
3B_big,15.0,nucl,3,,96,190.01,4736,160,253,0.23821739349127308,22787.51259429082
3B_big,15.0,nucl,3,,101,200.01,4806,180,258,0.24173834314169307,23060.913998045045
3B_big,15.0,nucl,3,,106,210.01,4814,174,262,0.24214073738745537,23086.692687657458
3B_big,15.0,nucl,3,,111,220.01,4804,177,261,0.2416377445802525,23117.45968772757
3B_big,15.0,nucl,3,,116,230.01,4791,164,261,0.24098385393088878,23070.145305994913
3B_big,15.0,nucl,3,,121,240.01,4798,163,259,0.2413359488959308,23119.6379864505
3B_big,15.0,nucl,3,,126,250.01,4803,154,262,0.24158744529953222,23114.04299198818
3B_big,15.0,nucl,3,,131,260.01,4791,140,260,0.24098385393088878,23091.65470718183
3B_big,15.0,nucl,3,,136,270.01,4842,159,264,0.24354911724762335,23291.42658111631
3B_big,15.0,nucl,3,,141,280.01,4861,177,266,0.2445048035813088,23341.439482275004
3B_big,15.0,nucl,3,,146,290.01,4878,183,266,0.24535989135355366,23393.066590165028
3B_big,15.0,nucl,3,,151,300.01,4879,172,272,0.24541019063427394,23462.00483573454
3B_big,15.0,nucl,3,,156,310.01,4916,166,277,0.2472712640209245,23576.229261684202
3B_big,15.0,nucl,3,,161,320.01,4909,151,281,0.24691916905588251,23659.126281170502
3B_big,15.0,nucl,3,,166,330.01,4904,152,275,0.24666767265228107,23680.396266019063
3B_big,15.0,nucl,3,,171,340.01,4925,164,278,0.24772395754740706,23717.287264645744
3B_big,15.0,nucl,3,,176,350.01,4951,166,282,0.2490317388461345,23767.55480077639
3B_big,15.0,nucl,3,,181,360.01,4953,160,286,0.24913233740757507,23805.894799162168
3B_big,15.0,nucl,3,,186,370.01,4945,146,285,0.2487299431618128,23808.430733404188
3B_big,15.0,nucl,3,,191,380.01,4979,168,284,0.2504401187063025,23933.4748551198
3B_big,15.0,nucl,3,,196,390.01,4968,162,287,0.24988682661837935,23849.204056841423
3B_big,15.0,nucl,3,,201,400.01,4970,156,291,0.24998742517981992,23972.9397395654
3B_big,15.0,nucl,3,,206,410.01,5003,159,295,0.2516473014435894,24040.787784450207
3B_big,15.0,nucl,3,,211,420.01,4991,140,295,0.2510437100749459,23963.506199156727
3B_big,15.0,nucl,3,,216,430.01,4985,150,298,0.2507419143906242,23951.51192393287
3B_big,15.0,nucl,3,,221,440.01,5022,169,299,0.2526029877772748,24105.63688028848
3B_big,15.0,nucl,3,,226,450.01,5026,155,305,0.25280418490015594,24184.05404654923
3B_big,15.0,nucl,3,,231,460.01,5001,136,305,0.2515467028821488,24099.116192889305
3B_big,15.0,nucl,3,,236,470.01,5050,175,307,0.2540113676374428,24257.161217312285
3B_big,15.0,nucl,3,,241,480.01,5030,164,309,0.2530053820230371,24175.36572634396
3B_big,15.0,nucl,3,,246,490.01,5054,158,317,0.25421256476032394,24224.20642258528
3B_big,15.0,nucl,3,,251,500.01,5068,159,318,0.2549167546904079,24317.88307682153
3B_big,15.0,nucl,3,,256,510.01,5060,153,318,0.25451436044464565,24300.05794144282
3B_big,15.0,nucl,3,,261,520.01,5075,157,318,0.25526884965544994,24424.20557900463
3B_big,15.0,nucl,3,,266,530.01,5110,159,320,0.2570293244806599,24492.759974515546
3B_big,15.0,nucl,3,,271,540.01,5089,163,321,0.2559730395855339,24438.588187293826
3B_big,15.0,nucl,3,,276,550.01,5103,174,319,0.25667722951561794,24476.01253186984
3B_big,15.0,nucl,3,,281,560.01,5088,151,323,0.25592274030481366,24396.781260487045
3B_big,15.0,nucl,3,,286,570.01,5086,154,321,0.2558221417433731,24436.832767390235
3B_big,15.0,nucl,3,,291,580.01,5092,152,322,0.2561239374276948,24440.38693891795
3B_big,15.0,nucl,3,,296,590.01,5115,157,324,0.25728082088426135,24532.881468912892
3B_big,15.0,nucl,3,,301,600.01,5131,168,328,0.25808560937578595,24563.20881965499
3B_small,30.0,seed1,0,1302,0,0.0,1,1,1,5.02992807202857e-05,10.0
3B_small,30.0,seed1,0,1302,1,0.01,1,1,1,5.02992807202857e-05,10.19819691727176
3B_small,30.0,seed1,0,1302,6,10.01,37,1,37,0.001861073386650571,192.68486558982187
3B_small,30.0,seed1,0,1302,11,20.01,61,1,61,0.0030682561239374277,290.3100142165043
3B_small,30.0,seed1,0,1302,16,30.01,61,1,61,0.0030682561239374277,296.45779597630354
3B_small,30.0,seed1,0,1302,21,40.01,61,1,61,0.0030682561239374277,296.5417074217453
3B_small,30.0,seed1,0,1302,26,50.01,61,1,61,0.0030682561239374277,296.5427683381477
3B_small,30.0,seed1,0,1302,31,60.01,61,1,61,0.0030682561239374277,296.5427810929147
3B_small,30.0,seed1,0,1302,36,70.01,61,1,61,0.0030682561239374277,296.5427812413873
3B_small,30.0,seed1,0,1302,41,80.01,61,1,61,0.0030682561239374277,296.5427812430764
3B_small,30.0,seed1,0,1302,46,90.01,61,1,61,0.0030682561239374277,296.5427812430929
3B_small,30.0,seed1,0,1302,51,100.01,61,1,61,0.0030682561239374277,296.5427812430929
3B_small,30.0,seed1,0,1302,56,110.01,61,1,61,0.0030682561239374277,296.5427812430929
3B_small,30.0,seed1,0,1302,61,120.01,61,1,61,0.0030682561239374277,296.5427812430929
3B_small,30.0,seed1,0,1302,66,130.01,61,1,61,0.0030682561239374277,296.5427812430929
3B_small,30.0,seed1,0,1302,71,140.01,61,1,61,0.0030682561239374277,296.5427812430929
3B_small,30.0,seed1,0,1302,76,150.01,61,1,61,0.0030682561239374277,296.5427812430929
3B_small,30.0,seed1,0,1302,81,160.01,61,1,61,0.0030682561239374277,296.5427812430929
3B_small,30.0,seed1,0,1302,86,170.01,61,1,61,0.0030682561239374277,296.5427812430929
3B_small,30.0,seed1,0,1302,91,180.01,61,1,61,0.0030682561239374277,296.5427812430929
3B_small,30.0,seed1,0,1302,96,190.01,61,1,61,0.0030682561239374277,296.5427812430929
3B_small,30.0,seed1,0,1302,101,200.01,61,1,61,0.0030682561239374277,296.5427812430929
3B_small,30.0,seed1,0,1302,106,210.01,61,1,61,0.0030682561239374277,296.5427812430929
3B_small,30.0,seed1,0,1302,111,220.01,61,1,61,0.0030682561239374277,296.5427812430929
3B_small,30.0,seed1,0,1302,116,230.01,61,1,61,0.0030682561239374277,296.5427812430929
3B_small,30.0,seed1,0,1302,121,240.01,61,1,61,0.0030682561239374277,296.5427812430929
3B_small,30.0,seed1,0,1302,126,250.01,61,1,61,0.0030682561239374277,296.5427812430929
3B_small,30.0,seed1,0,1302,131,260.01,61,1,61,0.0030682561239374277,296.5427812430929
3B_small,30.0,seed1,0,1302,136,270.01,61,1,61,0.0030682561239374277,296.5427812430929
3B_small,30.0,seed1,0,1302,141,280.01,61,1,61,0.0030682561239374277,296.5427812430929
3B_small,30.0,seed1,0,1302,146,290.01,61,1,61,0.0030682561239374277,296.5427812430929
3B_small,30.0,seed1,0,1302,151,300.01,61,1,61,0.0030682561239374277,296.5427812430929
3B_small,30.0,seed1,0,1302,156,310.01,61,1,61,0.0030682561239374277,296.5427812430929
3B_small,30.0,seed1,0,1302,161,320.01,61,1,61,0.0030682561239374277,296.5427812430929
3B_small,30.0,seed1,0,1302,166,330.01,61,1,61,0.0030682561239374277,296.5427812430929
3B_small,30.0,seed1,0,1302,171,340.01,61,1,61,0.0030682561239374277,296.5427812430929
3B_small,30.0,seed1,0,1302,176,350.01,61,1,61,0.0030682561239374277,296.5427812430929
3B_small,30.0,seed1,0,1302,181,360.01,61,1,61,0.0030682561239374277,296.5427812430929
3B_small,30.0,seed1,0,1302,186,370.01,61,1,61,0.0030682561239374277,296.5427812430929
3B_small,30.0,seed1,0,1302,191,380.01,61,1,61,0.0030682561239374277,296.5427812430929
3B_small,30.0,seed1,0,1302,196,390.01,61,1,61,0.0030682561239374277,296.5427812430929
3B_small,30.0,seed1,0,1302,201,400.01,61,1,61,0.0030682561239374277,296.5427812430929
3B_small,30.0,seed1,0,1302,206,410.01,61,1,61,0.0030682561239374277,296.5427812430929
3B_small,30.0,seed1,0,1302,211,420.01,61,1,61,0.0030682561239374277,296.5427812430929
3B_small,30.0,seed1,0,1302,216,430.01,61,1,61,0.0030682561239374277,296.5427812430929
3B_small,30.0,seed1,0,1302,221,440.01,61,1,61,0.0030682561239374277,296.5427812430929
3B_small,30.0,seed1,0,1302,226,450.01,61,1,61,0.0030682561239374277,296.5427812430929
3B_small,30.0,seed1,0,1302,231,460.01,61,1,61,0.0030682561239374277,296.5427812430929
3B_small,30.0,seed1,0,1302,236,470.01,61,1,61,0.0030682561239374277,296.5427812430929
3B_small,30.0,seed1,0,1302,241,480.01,61,1,61,0.0030682561239374277,296.5427812430929
3B_small,30.0,seed1,0,1302,246,490.01,61,1,61,0.0030682561239374277,296.5427812430929
3B_small,30.0,seed1,0,1302,251,500.01,61,1,61,0.0030682561239374277,296.5427812430929
3B_small,30.0,seed1,0,1302,256,510.01,61,1,61,0.0030682561239374277,296.5427812430929
3B_small,30.0,seed1,0,1302,261,520.01,61,1,61,0.0030682561239374277,296.5427812430929
3B_small,30.0,seed1,0,1302,266,530.01,61,1,61,0.0030682561239374277,296.5427812430929
3B_small,30.0,seed1,0,1302,271,540.01,61,1,61,0.0030682561239374277,296.5427812430929
3B_small,30.0,seed1,0,1302,276,550.01,61,1,61,0.0030682561239374277,296.5427812430929
3B_small,30.0,seed1,0,1302,281,560.01,61,1,61,0.0030682561239374277,296.5427812430929
3B_small,30.0,seed1,0,1302,286,570.01,61,1,61,0.0030682561239374277,296.5427812430929
3B_small,30.0,seed1,0,1302,291,580.01,61,1,61,0.0030682561239374277,296.5427812430929
3B_small,30.0,seed1,0,1302,296,590.01,61,1,61,0.0030682561239374277,296.5427812430929
3B_small,30.0,seed1,0,1302,301,600.01,61,1,61,0.0030682561239374277,296.5427812430929
3B_small,30.0,seed1,0,1302,306,610.01,61,1,61,0.0030682561239374277,296.5427812430929
3B_small,30.0,seed1,0,1302,311,620.01,61,1,61,0.0030682561239374277,296.5427812430929
3B_small,30.0,seed1,0,1302,316,630.01,61,1,61,0.0030682561239374277,296.5427812430929
3B_small,30.0,seed1,0,1302,321,640.01,61,1,61,0.0030682561239374277,296.5427812430929
3B_small,30.0,seed1,0,1302,326,650.01,61,1,61,0.0030682561239374277,296.5427812430929
3B_small,30.0,seed1,0,1302,331,660.01,61,1,61,0.0030682561239374277,296.5427812430929
3B_small,30.0,seed1,0,1302,336,670.01,61,1,61,0.0030682561239374277,296.5427812430929
3B_small,30.0,seed1,0,1302,341,680.01,61,1,61,0.0030682561239374277,296.5427812430929
3B_small,30.0,seed1,0,1302,346,690.01,61,1,61,0.0030682561239374277,296.5427812430929
3B_small,30.0,seed1,0,1302,351,700.01,61,1,61,0.0030682561239374277,296.5427812430929
3B_small,30.0,seed1,0,1302,356,710.01,61,1,61,0.0030682561239374277,296.5427812430929
3B_small,30.0,seed1,0,1302,361,720.01,61,1,61,0.0030682561239374277,296.5427812430929
3B_small,30.0,seed1,0,1302,366,730.01,61,1,61,0.0030682561239374277,296.5427812430929
3B_small,30.0,seed1,0,1302,371,740.01,61,1,61,0.0030682561239374277,296.5427812430929
3B_small,30.0,seed1,0,1302,376,750.01,61,1,61,0.0030682561239374277,296.5427812430929
3B_small,30.0,seed1,0,1302,381,760.01,61,1,61,0.0030682561239374277,296.5427812430929
3B_small,30.0,seed1,0,1302,386,770.01,61,1,61,0.0030682561239374277,296.5427812430929
3B_small,30.0,seed1,0,1302,391,780.01,61,1,61,0.0030682561239374277,296.5427812430929
3B_small,30.0,seed1,0,1302,396,790.01,61,1,61,0.0030682561239374277,296.5427812430929
3B_small,30.0,seed1,0,1302,401,800.01,61,1,61,0.0030682561239374277,296.5427812430929
3B_small,30.0,seed1,0,1302,406,810.01,61,1,61,0.0030682561239374277,296.5427812430929
3B_small,30.0,seed1,0,1302,411,820.01,61,1,61,0.0030682561239374277,296.5427812430929
3B_small,30.0,seed1,0,1302,416,830.01,61,1,61,0.0030682561239374277,296.5427812430929
3B_small,30.0,seed1,0,1302,421,840.01,61,1,61,0.0030682561239374277,296.5427812430929
3B_small,30.0,seed1,0,1302,426,850.01,61,1,61,0.0030682561239374277,296.5427812430929
3B_small,30.0,seed1,0,1302,431,860.01,61,1,61,0.0030682561239374277,296.5427812430929
3B_small,30.0,seed1,0,1302,436,870.01,61,1,61,0.0030682561239374277,296.5427812430929
3B_small,30.0,seed1,0,1302,441,880.01,61,1,61,0.0030682561239374277,296.5427812430929
3B_small,30.0,seed1,0,1302,446,890.01,61,1,61,0.0030682561239374277,296.5427812430929
3B_small,30.0,seed1,0,1302,451,900.01,61,1,61,0.0030682561239374277,296.5427812430929
3B_small,30.0,seed1,0,1302,456,910.01,61,1,61,0.0030682561239374277,296.5427812430929
3B_small,30.0,seed1,0,1302,461,920.01,61,1,61,0.0030682561239374277,296.5427812430929
3B_small,30.0,seed1,0,1302,466,930.01,61,1,61,0.0030682561239374277,296.5427812430929
3B_small,30.0,seed1,0,1302,471,940.01,61,1,61,0.0030682561239374277,296.5427812430929
3B_small,30.0,seed1,0,1302,476,950.01,61,1,61,0.0030682561239374277,296.5427812430929
3B_small,30.0,seed1,0,1302,481,960.01,61,1,61,0.0030682561239374277,296.5427812430929
3B_small,30.0,seed1,0,1302,486,970.01,61,1,61,0.0030682561239374277,296.5427812430929
3B_small,30.0,seed1,0,1302,491,980.01,61,1,61,0.0030682561239374277,296.5427812430929
3B_small,30.0,seed1,0,1302,496,990.01,61,1,61,0.0030682561239374277,296.5427812430929
3B_small,30.0,seed1,0,1302,501,1000.01,61,1,61,0.0030682561239374277,296.5427812430929
3B_small,30.0,seed1_L5,0,1302,0,0.0,1,1,1,5.02992807202857e-05,5.0
3B_small,30.0,seed1_L5,0,1302,1,0.01,1,1,1,5.02992807202857e-05,4.991714543245162
3B_small,30.0,seed1_L5,0,1302,6,10.01,0,0,0,0.0,0.00024064871976025565
3B_small,30.0,seed1_L5,0,1302,11,20.01,0,0,0,0.0,1.0389105419828176e-08
3B_small,30.0,seed1_L5,0,1302,16,30.01,0,0,0,0.0,4.4851064045481354e-13
3B_small,30.0,seed1_L5,0,1302,21,40.01,0,0,0,0.0,1.9362763825387536e-17
3B_small,30.0,seed1_L5,0,1302,26,50.01,0,0,0,0.0,8.35914667659948e-22
3B_small,30.0,seed1_L5,0,1302,31,60.01,0,0,0,0.0,3.6087478931745795e-26
3B_small,30.0,seed1_L5,0,1302,36,70.01,0,0,0,0.0,1.5579414813893124e-30
3B_small,30.0,seed1_L5,0,1302,41,80.01,0,0,0,0.0,6.725827714438541e-35
3B_small,30.0,seed1_L5,0,1302,46,90.01,0,0,0,0.0,2.903623723014882e-39
3B_small,30.0,seed1_L5,0,1302,51,100.01,0,0,0,0.0,1.253530581337321e-43
3B_small,30.0,seed1_L5,0,1302,56,110.01,0,0,0,0.0,5.4116478863739604e-48
3B_small,30.0,seed1_L5,0,1302,61,120.01,0,0,0,0.0,2.3362758980201578e-52
3B_small,30.0,seed1_L5,0,1302,66,130.01,0,0,0,0.0,1.0085994481298627e-56
3B_small,30.0,seed1_L5,0,1302,71,140.01,0,0,0,0.0,4.3542496313467595e-61
3B_small,30.0,seed1_L5,0,1302,76,150.01,0,0,0,0.0,1.8797838812263826e-65
3B_small,30.0,seed1_L5,0,1302,81,160.01,0,0,0,0.0,8.115261501499172e-70
3B_small,30.0,seed1_L5,0,1302,86,170.01,0,0,0,0.0,3.503459620834104e-74
3B_small,30.0,seed1_L5,0,1302,91,180.01,0,0,0,0.0,1.512487220842799e-78
3B_small,30.0,seed1_L5,0,1302,96,190.01,0,0,0,0.0,6.529596001646331e-83
3B_small,30.0,seed1_L5,0,1302,101,200.01,0,0,0,0.0,2.8189080447871855e-87
3B_small,30.0,seed1_L5,0,1302,106,210.01,0,0,0,0.0,1.2169577662940286e-91
3B_small,30.0,seed1_L5,0,1302,111,220.01,0,0,0,0.0,5.253758481700166e-96
3B_small,30.0,seed1_L5,0,1302,116,230.01,0,0,0,0.0,2.2681130724932183e-100
3B_small,30.0,seed1_L5,0,1302,121,240.01,0,0,0,0.0,9.7917270607953e-105
3B_small,30.0,seed1_L5,0,1302,126,250.01,0,0,0,0.0,4.2272107151923025e-109
3B_small,30.0,seed1_L5,0,1302,131,260.01,0,0,0,0.0,1.8249395964255234e-113
3B_small,30.0,seed1_L5,0,1302,136,270.01,0,0,0,0.0,7.87849188267931e-118
3B_small,30.0,seed1_L5,0,1302,141,280.01,0,0,0,0.0,3.4012432229001074e-122
3B_small,30.0,seed1_L5,0,1302,146,290.01,0,0,0,0.0,1.4683591267964518e-126
3B_small,30.0,seed1_L5,0,1302,151,300.01,0,0,0,0.0,6.339089515062775e-131
3B_small,30.0,seed1_L5,0,1302,156,310.01,0,0,0,0.0,2.7366640181308502e-135
3B_small,30.0,seed1_L5,0,1302,161,320.01,0,0,0,0.0,1.1814519940657323e-139
3B_small,30.0,seed1_L5,0,1302,166,330.01,0,0,0,0.0,5.1004756339627326e-144
3B_small,30.0,seed1_L5,0,1302,171,340.01,0,0,0,0.0,2.2019389550583917e-148
3B_small,30.0,seed1_L5,0,1302,176,350.01,0,0,0,0.0,9.506045141199229e-153
3B_small,30.0,seed1_L5,0,1302,181,360.01,0,0,0,0.0,4.103878266875977e-157
3B_small,30.0,seed1_L5,0,1302,186,370.01,0,0,0,0.0,1.7716954400252616e-161
3B_small,30.0,seed1_L5,0,1302,191,380.01,0,0,0,0.0,7.648630217766579e-166
3B_small,30.0,seed1_L5,0,1302,196,390.01,0,0,0,0.0,3.3020090748383774e-170
3B_small,30.0,seed1_L5,0,1302,201,400.01,0,0,0,0.0,1.4255185072208624e-174
3B_small,30.0,seed1_L5,0,1302,206,410.01,0,0,0,0.0,6.1541412163704054e-179
3B_small,30.0,seed1_L5,0,1302,211,420.01,0,0,0,0.0,2.656819530520562e-183
3B_small,30.0,seed1_L5,0,1302,216,430.01,0,0,0,0.0,1.1469821327757215e-187
3B_small,30.0,seed1_L5,0,1302,221,440.01,0,0,0,0.0,4.951664942966525e-192
3B_small,30.0,seed1_L5,0,1302,226,450.01,0,0,0,0.0,2.137695523474912e-196
3B_small,30.0,seed1_L5,0,1302,231,460.01,0,0,0,0.0,9.228698233259197e-201
3B_small,30.0,seed1_L5,0,1302,236,470.01,0,0,0,0.0,3.984144147063374e-205
3B_small,30.0,seed1_L5,0,1302,241,480.01,0,0,0,0.0,1.7200047269259875e-209
3B_small,30.0,seed1_L5,0,1302,246,490.01,0,0,0,0.0,7.4254749613623575e-214
3B_small,30.0,seed1_L5,0,1302,251,500.01,0,0,0,0.0,3.205670166986223e-218
3B_small,30.0,seed1_L5,0,1302,256,510.01,0,0,0,0.0,1.3839277989592854e-222
3B_small,30.0,seed1_L5,0,1302,261,520.01,0,0,0,0.0,5.974588940735905e-227
3B_small,30.0,seed1_L5,0,1302,266,530.01,0,0,0,0.0,2.5793045733749226e-231
3B_small,30.0,seed1_L5,0,1302,271,540.01,0,0,0,0.0,1.1135179588461117e-235
3B_small,30.0,seed1_L5,0,1302,276,550.01,0,0,0,0.0,4.807195929755669e-240
3B_small,30.0,seed1_L5,0,1302,281,560.01,0,0,0,0.0,2.075326448349911e-244
3B_small,30.0,seed1_L5,0,1302,286,570.01,0,0,0,0.0,8.959443155959682e-249
3B_small,30.0,seed1_L5,0,1302,291,580.01,0,0,0,0.0,3.867903371476637e-253
3B_small,30.0,seed1_L5,0,1302,296,590.01,0,0,0,0.0,1.6698221341053736e-257
3B_small,30.0,seed1_L5,0,1302,301,600.01,0,0,0,0.0,7.208830448325639e-262
3B_small,30.0,seed1_L5,0,1302,306,610.01,0,0,0,0.0,3.112142028261517e-266
3B_small,30.0,seed1_L5,0,1302,311,620.01,0,0,0,0.0,1.3435505347918594e-270
3B_small,30.0,seed1_L5,0,1302,316,630.01,0,0,0,0.0,5.800275254622155e-275
3B_small,30.0,seed1_L5,0,1302,321,640.01,0,0,0,0.0,2.504051180672116e-279
3B_small,30.0,seed1_L5,0,1302,326,650.01,0,0,0,0.0,1.0810301304974694e-283
3B_small,30.0,seed1_L5,0,1302,331,660.01,0,0,0,0.0,4.666941922208248e-288
3B_small,30.0,seed1_L5,0,1302,336,670.01,0,0,0,0.0,2.014777043748255e-292
3B_small,30.0,seed1_L5,0,1302,341,680.01,0,0,0,0.0,8.698043823297053e-297
3B_small,30.0,seed1_L5,0,1302,346,690.01,0,0,0,0.0,3.755054018843045e-301
3B_small,30.0,seed1_L5,0,1302,351,700.01,0,0,0,0.0,1.6211036608785995e-305
3B_small,30.0,seed1_L5,0,1302,356,710.01,0,0,0,0.0,6.99850672228453e-310
3B_small,30.0,seed1_L5,0,1302,361,720.01,0,0,0,0.0,3.021343378e-314
3B_small,30.0,seed1_L5,0,1302,366,730.01,0,0,0,0.0,1.311596e-318
3B_small,30.0,seed1_L5,0,1302,371,740.01,0,0,0,0.0,8.957e-321
3B_small,30.0,seed1_L5,0,1302,376,750.01,0,0,0,0.0,8.957e-321
3B_small,30.0,seed1_L5,0,1302,381,760.01,0,0,0,0.0,8.957e-321
3B_small,30.0,seed1_L5,0,1302,386,770.01,0,0,0,0.0,8.957e-321
3B_small,30.0,seed1_L5,0,1302,391,780.01,0,0,0,0.0,8.957e-321
3B_small,30.0,seed1_L5,0,1302,396,790.01,0,0,0,0.0,8.957e-321
3B_small,30.0,seed1_L5,0,1302,401,800.01,0,0,0,0.0,8.957e-321
3B_small,30.0,seed1_L5,0,1302,406,810.01,0,0,0,0.0,8.957e-321
3B_small,30.0,seed1_L5,0,1302,411,820.01,0,0,0,0.0,8.957e-321
3B_small,30.0,seed1_L5,0,1302,416,830.01,0,0,0,0.0,8.957e-321
3B_small,30.0,seed1_L5,0,1302,421,840.01,0,0,0,0.0,8.957e-321
3B_small,30.0,seed1_L5,0,1302,426,850.01,0,0,0,0.0,8.957e-321
3B_small,30.0,seed1_L5,0,1302,431,860.01,0,0,0,0.0,8.957e-321
3B_small,30.0,seed1_L5,0,1302,436,870.01,0,0,0,0.0,8.957e-321
3B_small,30.0,seed1_L5,0,1302,441,880.01,0,0,0,0.0,8.957e-321
3B_small,30.0,seed1_L5,0,1302,446,890.01,0,0,0,0.0,8.957e-321
3B_small,30.0,seed1_L5,0,1302,451,900.01,0,0,0,0.0,8.957e-321
3B_small,30.0,seed1_L5,0,1302,456,910.01,0,0,0,0.0,8.957e-321
3B_small,30.0,seed1_L5,0,1302,461,920.01,0,0,0,0.0,8.957e-321
3B_small,30.0,seed1_L5,0,1302,466,930.01,0,0,0,0.0,8.957e-321
3B_small,30.0,seed1_L5,0,1302,471,940.01,0,0,0,0.0,8.957e-321
3B_small,30.0,seed1_L5,0,1302,476,950.01,0,0,0,0.0,8.957e-321
3B_small,30.0,seed1_L5,0,1302,481,960.01,0,0,0,0.0,8.957e-321
3B_small,30.0,seed1_L5,0,1302,486,970.01,0,0,0,0.0,8.957e-321
3B_small,30.0,seed1_L5,0,1302,491,980.01,0,0,0,0.0,8.957e-321
3B_small,30.0,seed1_L5,0,1302,496,990.01,0,0,0,0.0,8.957e-321
3B_small,30.0,seed1_L5,0,1302,501,1000.01,0,0,0,0.0,8.957e-321
3B_small,30.0,seed9,1,1007,0,0.0,9,9,1,0.0004526935264825713,90.0
3B_small,30.0,seed9,1,1007,1,0.01,9,9,1,0.0004526935264825713,91.78377225544584
3B_small,30.0,seed9,1,1007,6,10.01,318,9,37,0.015995171269050854,1567.919713178491
3B_small,30.0,seed9,1,1007,11,20.01,438,9,61,0.022031084955485135,2074.2325784854147
3B_small,30.0,seed9,1,1007,16,30.01,451,9,61,0.02268497560484885,2168.385865282078
3B_small,30.0,seed9,1,1007,21,40.01,448,9,61,0.022534077762687992,2171.808804949064
3B_small,30.0,seed9,1,1007,26,50.01,451,9,61,0.02268497560484885,2176.11514008641
3B_small,30.0,seed9,1,1007,31,60.01,451,9,61,0.02268497560484885,2181.156676950537
3B_small,30.0,seed9,1,1007,36,70.01,451,9,61,0.02268497560484885,2182.5372073813323
3B_small,30.0,seed9,1,1007,41,80.01,454,9,61,0.022835873447009707,2186.47272430069
3B_small,30.0,seed9,1,1007,46,90.01,455,9,61,0.022886172727729994,2193.803043177759
3B_small,30.0,seed9,1,1007,51,100.01,455,9,61,0.022886172727729994,2193.0134768077564
3B_small,30.0,seed9,1,1007,56,110.01,454,9,61,0.022835873447009707,2191.7150906496954
3B_small,30.0,seed9,1,1007,61,120.01,451,9,61,0.02268497560484885,2185.246712623869
3B_small,30.0,seed9,1,1007,66,130.01,451,9,61,0.02268497560484885,2184.371509324422
3B_small,30.0,seed9,1,1007,71,140.01,453,9,61,0.022785574166289423,2187.168648555057
3B_small,30.0,seed9,1,1007,76,150.01,457,9,61,0.022986771289170566,2198.6993293520354
3B_small,30.0,seed9,1,1007,81,160.01,458,9,61,0.02303707056989085,2206.2285777877896
3B_small,30.0,seed9,1,1007,86,170.01,458,9,61,0.02303707056989085,2204.3308916150268
3B_small,30.0,seed9,1,1007,91,180.01,458,9,61,0.02303707056989085,2205.6675809713724
3B_small,30.0,seed9,1,1007,96,190.01,459,9,61,0.023087369850611137,2211.818777722704
3B_small,30.0,seed9,1,1007,101,200.01,459,9,61,0.023087369850611137,2211.2012652209733
3B_small,30.0,seed9,1,1007,106,210.01,459,9,61,0.023087369850611137,2211.160012893547
3B_small,30.0,seed9,1,1007,111,220.01,459,9,61,0.023087369850611137,2211.15752957263
3B_small,30.0,seed9,1,1007,116,230.01,459,9,61,0.023087369850611137,2211.157273405449
3B_small,30.0,seed9,1,1007,121,240.01,459,9,61,0.023087369850611137,2211.157239939179
3B_small,30.0,seed9,1,1007,126,250.01,459,9,61,0.023087369850611137,2211.157235159948
3B_small,30.0,seed9,1,1007,131,260.01,459,9,61,0.023087369850611137,2211.157234447259
3B_small,30.0,seed9,1,1007,136,270.01,459,9,61,0.023087369850611137,2211.157234338576
3B_small,30.0,seed9,1,1007,141,280.01,459,9,61,0.023087369850611137,2211.1572343218036
3B_small,30.0,seed9,1,1007,146,290.01,459,9,61,0.023087369850611137,2211.1572343191956
3B_small,30.0,seed9,1,1007,151,300.01,459,9,61,0.023087369850611137,2211.157234318788
3B_small,30.0,seed9,1,1007,156,310.01,459,9,61,0.023087369850611137,2211.1572343187236
3B_small,30.0,seed9,1,1007,161,320.01,459,9,61,0.023087369850611137,2211.1572343187136
3B_small,30.0,seed9,1,1007,166,330.01,459,9,61,0.023087369850611137,2211.1572343187127
3B_small,30.0,seed9,1,1007,171,340.01,459,9,61,0.023087369850611137,2211.157234318712
3B_small,30.0,seed9,1,1007,176,350.01,459,9,61,0.023087369850611137,2211.157234318712
3B_small,30.0,seed9,1,1007,181,360.01,459,9,61,0.023087369850611137,2211.157234318712
3B_small,30.0,seed9,1,1007,186,370.01,459,9,61,0.023087369850611137,2211.157234318712
3B_small,30.0,seed9,1,1007,191,380.01,459,9,61,0.023087369850611137,2211.157234318712
3B_small,30.0,seed9,1,1007,196,390.01,459,9,61,0.023087369850611137,2211.157234318712
3B_small,30.0,seed9,1,1007,201,400.01,459,9,61,0.023087369850611137,2211.157234318712
3B_small,30.0,seed9,1,1007,206,410.01,459,9,61,0.023087369850611137,2211.157234318712
3B_small,30.0,seed9,1,1007,211,420.01,459,9,61,0.023087369850611137,2211.157234318712
3B_small,30.0,seed9,1,1007,216,430.01,459,9,61,0.023087369850611137,2211.157234318712
3B_small,30.0,seed9,1,1007,221,440.01,459,9,61,0.023087369850611137,2211.157234318712
3B_small,30.0,seed9,1,1007,226,450.01,459,9,61,0.023087369850611137,2211.157234318712
3B_small,30.0,seed9,1,1007,231,460.01,459,9,61,0.023087369850611137,2211.157234318712
3B_small,30.0,seed9,1,1007,236,470.01,459,9,61,0.023087369850611137,2211.157234318712
3B_small,30.0,seed9,1,1007,241,480.01,459,9,61,0.023087369850611137,2211.157234318712
3B_small,30.0,seed9,1,1007,246,490.01,459,9,61,0.023087369850611137,2211.157234318712
3B_small,30.0,seed9,1,1007,251,500.01,459,9,61,0.023087369850611137,2211.157234318712
3B_small,30.0,seed9,1,1007,256,510.01,459,9,61,0.023087369850611137,2211.157234318712
3B_small,30.0,seed9,1,1007,261,520.01,459,9,61,0.023087369850611137,2211.157234318712
3B_small,30.0,seed9,1,1007,266,530.01,459,9,61,0.023087369850611137,2211.157234318712
3B_small,30.0,seed9,1,1007,271,540.01,459,9,61,0.023087369850611137,2211.157234318712
3B_small,30.0,seed9,1,1007,276,550.01,459,9,61,0.023087369850611137,2211.157234318712
3B_small,30.0,seed9,1,1007,281,560.01,459,9,61,0.023087369850611137,2211.157234318712
3B_small,30.0,seed9,1,1007,286,570.01,459,9,61,0.023087369850611137,2211.157234318712
3B_small,30.0,seed9,1,1007,291,580.01,459,9,61,0.023087369850611137,2211.157234318712
3B_small,30.0,seed9,1,1007,296,590.01,459,9,61,0.023087369850611137,2211.157234318712
3B_small,30.0,seed9,1,1007,301,600.01,459,9,61,0.023087369850611137,2211.157234318712
3B_small,30.0,seed9,2,2007,0,0.0,9,9,1,0.0004526935264825713,90.0
3B_small,30.0,seed9,2,2007,1,0.01,9,9,1,0.0004526935264825713,91.78461453166156
3B_small,30.0,seed9,2,2007,6,10.01,288,9,37,0.014486192847442281,1390.04480437531
3B_small,30.0,seed9,2,2007,11,20.01,377,9,61,0.01896282883154771,1794.9459074124397
3B_small,30.0,seed9,2,2007,16,30.01,388,9,61,0.01951612091947085,1862.0827393766128
3B_small,30.0,seed9,2,2007,21,40.01,394,9,61,0.019817916603792566,1893.0358105321302
3B_small,30.0,seed9,2,2007,26,50.01,397,9,61,0.01996881444595342,1903.4194459295757
3B_small,30.0,seed9,2,2007,31,60.01,397,9,61,0.01996881444595342,1905.2158432137912
3B_small,30.0,seed9,2,2007,36,70.01,396,9,61,0.019918515165233137,1902.3352759428278
3B_small,30.0,seed9,2,2007,41,80.01,393,9,61,0.01976761732307228,1895.9166610757218
3B_small,30.0,seed9,2,2007,46,90.01,396,9,61,0.019918515165233137,1899.7649041641594
3B_small,30.0,seed9,2,2007,51,100.01,397,9,61,0.01996881444595342,1911.530838660675
3B_small,30.0,seed9,2,2007,56,110.01,397,9,61,0.01996881444595342,1912.405315136888
3B_small,30.0,seed9,2,2007,61,120.01,397,9,61,0.01996881444595342,1912.5880575304093
3B_small,30.0,seed9,2,2007,66,130.01,397,9,61,0.01996881444595342,1912.6393419821065
3B_small,30.0,seed9,2,2007,71,140.01,397,9,61,0.01996881444595342,1912.653915208588
3B_small,30.0,seed9,2,2007,76,150.01,397,9,61,0.01996881444595342,1912.6579791639126
3B_small,30.0,seed9,2,2007,81,160.01,397,9,61,0.01996881444595342,1912.6590238290555
3B_small,30.0,seed9,2,2007,86,170.01,397,9,61,0.01996881444595342,1912.6592297847942
3B_small,30.0,seed9,2,2007,91,180.01,397,9,61,0.01996881444595342,1912.659225866889
3B_small,30.0,seed9,2,2007,96,190.01,397,9,61,0.01996881444595342,1912.6591850894692
3B_small,30.0,seed9,2,2007,101,200.01,397,9,61,0.01996881444595342,1912.6591492243538
3B_small,30.0,seed9,2,2007,106,210.01,397,9,61,0.01996881444595342,1912.659124444754
3B_small,30.0,seed9,2,2007,111,220.01,397,9,61,0.01996881444595342,1912.6591087198422
3B_small,30.0,seed9,2,2007,116,230.01,397,9,61,0.01996881444595342,1912.6590991077562
3B_small,30.0,seed9,2,2007,121,240.01,397,9,61,0.01996881444595342,1912.659093337238
3B_small,30.0,seed9,2,2007,126,250.01,397,9,61,0.01996881444595342,1912.6590899041876
3B_small,30.0,seed9,2,2007,131,260.01,397,9,61,0.01996881444595342,1912.6590878712166
3B_small,30.0,seed9,2,2007,136,270.01,397,9,61,0.01996881444595342,1912.6590866702277
3B_small,30.0,seed9,2,2007,141,280.01,397,9,61,0.01996881444595342,1912.659085961625
3B_small,30.0,seed9,2,2007,146,290.01,397,9,61,0.01996881444595342,1912.6590855438087
3B_small,30.0,seed9,2,2007,151,300.01,397,9,61,0.01996881444595342,1912.659085297535
3B_small,30.0,seed9,2,2007,156,310.01,397,9,61,0.01996881444595342,1912.659085152398
3B_small,30.0,seed9,2,2007,161,320.01,397,9,61,0.01996881444595342,1912.6590850668726
3B_small,30.0,seed9,2,2007,166,330.01,397,9,61,0.01996881444595342,1912.6590850164773
3B_small,30.0,seed9,2,2007,171,340.01,397,9,61,0.01996881444595342,1912.659084986782
3B_small,30.0,seed9,2,2007,176,350.01,397,9,61,0.01996881444595342,1912.659084969285
3B_small,30.0,seed9,2,2007,181,360.01,397,9,61,0.01996881444595342,1912.6590849589757
3B_small,30.0,seed9,2,2007,186,370.01,397,9,61,0.01996881444595342,1912.6590849529011
3B_small,30.0,seed9,2,2007,191,380.01,397,9,61,0.01996881444595342,1912.6590849493216
3B_small,30.0,seed9,2,2007,196,390.01,397,9,61,0.01996881444595342,1912.6590849472122
3B_small,30.0,seed9,2,2007,201,400.01,397,9,61,0.01996881444595342,1912.6590849459699
3B_small,30.0,seed9,2,2007,206,410.01,397,9,61,0.01996881444595342,1912.6590849452373
3B_small,30.0,seed9,2,2007,211,420.01,397,9,61,0.01996881444595342,1912.6590849448046
3B_small,30.0,seed9,2,2007,216,430.01,397,9,61,0.01996881444595342,1912.6590849445497
3B_small,30.0,seed9,2,2007,221,440.01,397,9,61,0.01996881444595342,1912.6590849443994
3B_small,30.0,seed9,2,2007,226,450.01,397,9,61,0.01996881444595342,1912.659084944311
3B_small,30.0,seed9,2,2007,231,460.01,397,9,61,0.01996881444595342,1912.6590849442587
3B_small,30.0,seed9,2,2007,236,470.01,397,9,61,0.01996881444595342,1912.6590849442277
3B_small,30.0,seed9,2,2007,241,480.01,397,9,61,0.01996881444595342,1912.6590849442098
3B_small,30.0,seed9,2,2007,246,490.01,397,9,61,0.01996881444595342,1912.659084944199
3B_small,30.0,seed9,2,2007,251,500.01,397,9,61,0.01996881444595342,1912.6590849441925
3B_small,30.0,seed9,2,2007,256,510.01,397,9,61,0.01996881444595342,1912.6590849441884
3B_small,30.0,seed9,2,2007,261,520.01,397,9,61,0.01996881444595342,1912.659084944186
3B_small,30.0,seed9,2,2007,266,530.01,397,9,61,0.01996881444595342,1912.659084944185
3B_small,30.0,seed9,2,2007,271,540.01,397,9,61,0.01996881444595342,1912.659084944185
3B_small,30.0,seed9,2,2007,276,550.01,397,9,61,0.01996881444595342,1912.659084944185
3B_small,30.0,seed9,2,2007,281,560.01,397,9,61,0.01996881444595342,1912.659084944185
3B_small,30.0,seed9,2,2007,286,570.01,397,9,61,0.01996881444595342,1912.659084944185
3B_small,30.0,seed9,2,2007,291,580.01,397,9,61,0.01996881444595342,1912.659084944185
3B_small,30.0,seed9,2,2007,296,590.01,397,9,61,0.01996881444595342,1912.659084944185
3B_small,30.0,seed9,2,2007,301,600.01,397,9,61,0.01996881444595342,1912.659084944185
3B_small,30.0,seed9,3,3007,0,0.0,9,9,1,0.0004526935264825713,90.0
3B_small,30.0,seed9,3,3007,1,0.01,9,9,1,0.0004526935264825713,91.68497372011149
3B_small,30.0,seed9,3,3007,6,10.01,267,8,48,0.013429907952316283,1286.4646077452826
3B_small,30.0,seed9,3,3007,11,20.01,349,8,61,0.01755444897137971,1659.0290028273066
3B_small,30.0,seed9,3,3007,16,30.01,356,8,61,0.017906543936421708,1725.0378003773894
3B_small,30.0,seed9,3,3007,21,40.01,352,8,61,0.017705346813540565,1730.7916368608455
3B_small,30.0,seed9,3,3007,26,50.01,358,8,61,0.01800714249786228,1746.228621024223
3B_small,30.0,seed9,3,3007,31,60.01,362,8,61,0.018208339620743422,1762.8603927769977
3B_small,30.0,seed9,3,3007,36,70.01,363,8,61,0.01825863890146371,1765.2147116983688
3B_small,30.0,seed9,3,3007,41,80.01,362,8,61,0.018208339620743422,1766.079471288433
3B_small,30.0,seed9,3,3007,46,90.01,365,8,61,0.01835923746290428,1774.366007111793
3B_small,30.0,seed9,3,3007,51,100.01,368,8,61,0.018510135305065137,1780.8822016931226
3B_small,30.0,seed9,3,3007,56,110.01,366,8,61,0.018409536743624565,1781.6714390120078
3B_small,30.0,seed9,3,3007,61,120.01,366,8,61,0.018409536743624565,1781.2709738994672
3B_small,30.0,seed9,3,3007,66,130.01,366,8,61,0.018409536743624565,1781.6030059057398
3B_small,30.0,seed9,3,3007,71,140.01,366,8,61,0.018409536743624565,1781.781264942541
3B_small,30.0,seed9,3,3007,76,150.01,366,8,61,0.018409536743624565,1781.9063817748988
3B_small,30.0,seed9,3,3007,81,160.01,366,8,61,0.018409536743624565,1782.0160155631897
3B_small,30.0,seed9,3,3007,86,170.01,366,8,61,0.018409536743624565,1782.1316385318182
3B_small,30.0,seed9,3,3007,91,180.01,366,8,61,0.018409536743624565,1782.279230192943
3B_small,30.0,seed9,3,3007,96,190.01,366,8,61,0.018409536743624565,1782.5200684328854
3B_small,30.0,seed9,3,3007,101,200.01,367,8,61,0.018459836024344853,1783.116590618537
3B_small,30.0,seed9,3,3007,106,210.01,369,8,61,0.018560434585785424,1786.9997455385214
3B_small,30.0,seed9,3,3007,111,220.01,369,8,61,0.018560434585785424,1791.930167260844
3B_small,30.0,seed9,3,3007,116,230.01,369,8,61,0.018560434585785424,1792.3205695121956
3B_small,30.0,seed9,3,3007,121,240.01,369,8,61,0.018560434585785424,1792.4119449142495
3B_small,30.0,seed9,3,3007,126,250.01,369,8,61,0.018560434585785424,1792.4556706120602
3B_small,30.0,seed9,3,3007,131,260.01,369,8,61,0.018560434585785424,1792.4804756833728
3B_small,30.0,seed9,3,3007,136,270.01,369,8,61,0.018560434585785424,1792.4949584616847
3B_small,30.0,seed9,3,3007,141,280.01,369,8,61,0.018560434585785424,1792.5034952454062
3B_small,30.0,seed9,3,3007,146,290.01,369,8,61,0.018560434585785424,1792.5085628350148
3B_small,30.0,seed9,3,3007,151,300.01,369,8,61,0.018560434585785424,1792.5115875613515
3B_small,30.0,seed9,3,3007,156,310.01,369,8,61,0.018560434585785424,1792.5133999451841
3B_small,30.0,seed9,3,3007,161,320.01,369,8,61,0.018560434585785424,1792.514488686161
3B_small,30.0,seed9,3,3007,166,330.01,369,8,61,0.018560434585785424,1792.5151437822606
3B_small,30.0,seed9,3,3007,171,340.01,369,8,61,0.018560434585785424,1792.5155383527176
3B_small,30.0,seed9,3,3007,176,350.01,369,8,61,0.018560434585785424,1792.5157761537544
3B_small,30.0,seed9,3,3007,181,360.01,369,8,61,0.018560434585785424,1792.5159195267158
3B_small,30.0,seed9,3,3007,186,370.01,369,8,61,0.018560434585785424,1792.516005987768
3B_small,30.0,seed9,3,3007,191,380.01,369,8,61,0.018560434585785424,1792.516058135347
3B_small,30.0,seed9,3,3007,196,390.01,369,8,61,0.018560434585785424,1792.516089589956
3B_small,30.0,seed9,3,3007,201,400.01,369,8,61,0.018560434585785424,1792.516108563851
3B_small,30.0,seed9,3,3007,206,410.01,369,8,61,0.018560434585785424,1792.5161200095415
3B_small,30.0,seed9,3,3007,211,420.01,369,8,61,0.018560434585785424,1792.5161269140942
3B_small,30.0,seed9,3,3007,216,430.01,369,8,61,0.018560434585785424,1792.5161310792755
3B_small,30.0,seed9,3,3007,221,440.01,369,8,61,0.018560434585785424,1792.5161335919445
3B_small,30.0,seed9,3,3007,226,450.01,369,8,61,0.018560434585785424,1792.516135107733
3B_small,30.0,seed9,3,3007,231,460.01,369,8,61,0.018560434585785424,1792.5161360221455
3B_small,30.0,seed9,3,3007,236,470.01,369,8,61,0.018560434585785424,1792.516136573775
3B_small,30.0,seed9,3,3007,241,480.01,369,8,61,0.018560434585785424,1792.5161369065515
3B_small,30.0,seed9,3,3007,246,490.01,369,8,61,0.018560434585785424,1792.516137107303
3B_small,30.0,seed9,3,3007,251,500.01,369,8,61,0.018560434585785424,1792.516137228409
3B_small,30.0,seed9,3,3007,256,510.01,369,8,61,0.018560434585785424,1792.516137301468
3B_small,30.0,seed9,3,3007,261,520.01,369,8,61,0.018560434585785424,1792.5161373455414
3B_small,30.0,seed9,3,3007,266,530.01,369,8,61,0.018560434585785424,1792.5161373721298
3B_small,30.0,seed9,3,3007,271,540.01,369,8,61,0.018560434585785424,1792.5161373881701
3B_small,30.0,seed9,3,3007,276,550.01,369,8,61,0.018560434585785424,1792.5161373978463
3B_small,30.0,seed9,3,3007,281,560.01,369,8,61,0.018560434585785424,1792.5161374036843
3B_small,30.0,seed9,3,3007,286,570.01,369,8,61,0.018560434585785424,1792.5161374072059
3B_small,30.0,seed9,3,3007,291,580.01,369,8,61,0.018560434585785424,1792.5161374093304
3B_small,30.0,seed9,3,3007,296,590.01,369,8,61,0.018560434585785424,1792.5161374106124
3B_small,30.0,seed9,3,3007,301,600.01,369,8,61,0.018560434585785424,1792.5161374113854
3B_small,30.0,seed36,1,1007,0,0.0,36,35,2,0.0018107741059302852,360.0
3B_small,30.0,seed36,1,1007,1,0.01,36,35,2,0.0018107741059302852,367.03654221974926
3B_small,30.0,seed36,1,1007,6,10.01,955,32,52,0.048035813087872845,4520.318750865674
3B_small,30.0,seed36,1,1007,11,20.01,1062,32,62,0.05341783612494341,5108.129356087785
3B_small,30.0,seed36,1,1007,16,30.01,1107,32,65,0.05568130375735627,5310.387173388781
3B_small,30.0,seed36,1,1007,21,40.01,1109,32,68,0.055781902318796844,5354.431423691219
3B_small,30.0,seed36,1,1007,26,50.01,1110,32,62,0.05583220159951713,5367.669845473998
3B_small,30.0,seed36,1,1007,31,60.01,1122,32,61,0.05643579296816056,5404.152527566133
3B_small,30.0,seed36,1,1007,36,70.01,1124,32,61,0.056536391529601125,5415.373437282553
3B_small,30.0,seed36,1,1007,41,80.01,1118,32,58,0.056234595845279414,5394.537346980716
3B_small,30.0,seed36,1,1007,46,90.01,1115,31,58,0.056083698003118555,5398.127710022716
3B_small,30.0,seed36,1,1007,51,100.01,1124,31,58,0.056536391529601125,5418.327305533858
3B_small,30.0,seed36,1,1007,56,110.01,1129,31,58,0.05678788793320255,5432.7596732775455
3B_small,30.0,seed36,1,1007,61,120.01,1131,31,58,0.05688848649464313,5443.505444160974
3B_small,30.0,seed36,1,1007,66,130.01,1126,31,58,0.0566369900910417,5434.495349708795
3B_small,30.0,seed36,1,1007,71,140.01,1127,31,58,0.056687289371761984,5436.376033408169
3B_small,30.0,seed36,1,1007,76,150.01,1131,31,58,0.05688848649464313,5447.72864407298
3B_small,30.0,seed36,1,1007,81,160.01,1127,31,58,0.056687289371761984,5442.82110021453
3B_small,30.0,seed36,1,1007,86,170.01,1129,31,58,0.05678788793320255,5445.398518561162
3B_small,30.0,seed36,1,1007,91,180.01,1127,31,58,0.056687289371761984,5448.527318664362
3B_small,30.0,seed36,1,1007,96,190.01,1127,31,58,0.056687289371761984,5451.98614024132
3B_small,30.0,seed36,1,1007,101,200.01,1134,31,58,0.057039384336803986,5467.562979894206
3B_small,30.0,seed36,1,1007,106,210.01,1135,31,58,0.05708968361752427,5474.359943957909
3B_small,30.0,seed36,1,1007,111,220.01,1138,31,58,0.05724058145968513,5479.602165548736
3B_small,30.0,seed36,1,1007,116,230.01,1136,31,58,0.057139982898244554,5478.911070499544
3B_small,30.0,seed36,1,1007,121,240.01,1135,31,58,0.05708968361752427,5475.878229630862
3B_small,30.0,seed36,1,1007,126,250.01,1133,31,58,0.056989085056083695,5474.918917547626
3B_small,30.0,seed36,1,1007,131,260.01,1135,31,58,0.05708968361752427,5476.458449531468
3B_small,30.0,seed36,1,1007,136,270.01,1135,31,58,0.05708968361752427,5480.562038998874
3B_small,30.0,seed36,1,1007,141,280.01,1138,31,58,0.05724058145968513,5486.080563838127
3B_small,30.0,seed36,1,1007,146,290.01,1138,31,58,0.05724058145968513,5489.825812568968
3B_small,30.0,seed36,1,1007,151,300.01,1138,31,58,0.05724058145968513,5488.854347006067
3B_small,30.0,seed36,1,1007,156,310.01,1136,31,58,0.057139982898244554,5484.866358447435
3B_small,30.0,seed36,1,1007,161,320.01,1135,31,58,0.05708968361752427,5484.278786638719
3B_small,30.0,seed36,1,1007,166,330.01,1138,31,58,0.05724058145968513,5490.680305574079
3B_small,30.0,seed36,1,1007,171,340.01,1138,31,58,0.05724058145968513,5492.379473383402
3B_small,30.0,seed36,1,1007,176,350.01,1137,31,58,0.05719028217896484,5487.8923824872145
3B_small,30.0,seed36,1,1007,181,360.01,1138,31,58,0.05724058145968513,5494.923721845181
3B_small,30.0,seed36,1,1007,186,370.01,1138,31,58,0.05724058145968513,5497.297652748362
3B_small,30.0,seed36,1,1007,191,380.01,1139,31,58,0.05729088074040541,5497.683850249596
3B_small,30.0,seed36,1,1007,196,390.01,1140,31,58,0.0573411800211257,5497.9369909411125
3B_small,30.0,seed36,1,1007,201,400.01,1138,31,58,0.05724058145968513,5498.413486912916
3B_small,30.0,seed36,1,1007,206,410.01,1140,31,58,0.0573411800211257,5499.390343584591
3B_small,30.0,seed36,1,1007,211,420.01,1140,31,58,0.0573411800211257,5500.973100609571
3B_small,30.0,seed36,1,1007,216,430.01,1138,31,58,0.05724058145968513,5500.597130595385
3B_small,30.0,seed36,1,1007,221,440.01,1138,31,58,0.05724058145968513,5500.390516507683
3B_small,30.0,seed36,1,1007,226,450.01,1140,31,58,0.0573411800211257,5501.12059006619
3B_small,30.0,seed36,1,1007,231,460.01,1138,31,58,0.05724058145968513,5501.402779599379
3B_small,30.0,seed36,1,1007,236,470.01,1140,31,58,0.0573411800211257,5502.651343859325
3B_small,30.0,seed36,1,1007,241,480.01,1140,31,58,0.0573411800211257,5505.204156315351
3B_small,30.0,seed36,1,1007,246,490.01,1139,31,58,0.05729088074040541,5504.342823653232
3B_small,30.0,seed36,1,1007,251,500.01,1140,31,58,0.0573411800211257,5503.642457440982
3B_small,30.0,seed36,1,1007,256,510.01,1140,31,58,0.0573411800211257,5504.810941955722
3B_small,30.0,seed36,1,1007,261,520.01,1140,31,58,0.0573411800211257,5505.2848447593515
3B_small,30.0,seed36,1,1007,266,530.01,1141,31,58,0.05739147930184598,5509.814546969284
3B_small,30.0,seed36,1,1007,271,540.01,1143,31,58,0.057492077863286556,5518.513131095645
3B_small,30.0,seed36,1,1007,276,550.01,1143,31,58,0.057492077863286556,5519.08915737256
3B_small,30.0,seed36,1,1007,281,560.01,1143,31,58,0.057492077863286556,5519.185510556168
3B_small,30.0,seed36,1,1007,286,570.01,1143,31,58,0.057492077863286556,5519.271310220546
3B_small,30.0,seed36,1,1007,291,580.01,1143,31,58,0.057492077863286556,5519.418144391053
3B_small,30.0,seed36,1,1007,296,590.01,1144,31,58,0.05754237714400684,5519.794888377293
3B_small,30.0,seed36,1,1007,301,600.01,1145,31,58,0.057592676424727124,5521.976500127834
3B_small,30.0,seed36,2,2007,0,0.0,36,36,1,0.0018107741059302852,360.0
3B_small,30.0,seed36,2,2007,1,0.01,36,36,1,0.0018107741059302852,367.13593129799915
3B_small,30.0,seed36,2,2007,6,10.01,890,33,37,0.04476635984105427,4182.278286982942
3B_small,30.0,seed36,2,2007,11,20.01,1029,31,61,0.051757959861173986,4863.221018079277
3B_small,30.0,seed36,2,2007,16,30.01,1064,31,61,0.05351843468638399,5093.618785722989
3B_small,30.0,seed36,2,2007,21,40.01,1072,31,61,0.05392082893214627,5143.968881454268
3B_small,30.0,seed36,2,2007,26,50.01,1078,31,61,0.054222624616467985,5165.1853488797215
3B_small,30.0,seed36,2,2007,31,60.01,1086,31,61,0.05462501886223027,5185.451891671838
3B_small,30.0,seed36,2,2007,36,70.01,1084,31,61,0.054524420300789696,5192.862613279845
3B_small,30.0,seed36,2,2007,41,80.01,1083,31,61,0.05447412102006941,5195.714911033683
3B_small,30.0,seed36,2,2007,46,90.01,1078,31,61,0.054222624616467985,5194.55540450032
3B_small,30.0,seed36,2,2007,51,100.01,1084,31,61,0.054524420300789696,5204.146925530865
3B_small,30.0,seed36,2,2007,56,110.01,1089,31,61,0.05477591670439113,5226.5979429117015
3B_small,30.0,seed36,2,2007,61,120.01,1096,31,61,0.055128011669433125,5240.153345061939
3B_small,30.0,seed36,2,2007,66,130.01,1094,31,61,0.05502741310799256,5247.017923277859
3B_small,30.0,seed36,2,2007,71,140.01,1099,31,61,0.055278909511593984,5267.790912045592
3B_small,30.0,seed36,2,2007,76,150.01,1106,31,61,0.055631004476635985,5279.262469631862
3B_small,30.0,seed36,2,2007,81,160.01,1100,31,61,0.05532920879231427,5275.923856066765
3B_small,30.0,seed36,2,2007,86,170.01,1100,31,61,0.05532920879231427,5277.877506638569
3B_small,30.0,seed36,2,2007,91,180.01,1101,31,61,0.05537950807303456,5285.131638377921
3B_small,30.0,seed36,2,2007,96,190.01,1100,31,61,0.05532920879231427,5286.3120891782855
3B_small,30.0,seed36,2,2007,101,200.01,1102,31,61,0.05542980735375484,5291.841362819413
3B_small,30.0,seed36,2,2007,106,210.01,1103,31,61,0.055480106634475126,5300.395636719375
3B_small,30.0,seed36,2,2007,111,220.01,1103,31,61,0.055480106634475126,5305.5143016404345
3B_small,30.0,seed36,2,2007,116,230.01,1107,31,61,0.05568130375735627,5314.974226086682
3B_small,30.0,seed36,2,2007,121,240.01,1111,31,61,0.05588250088023741,5327.501863050582
3B_small,30.0,seed36,2,2007,126,250.01,1109,31,61,0.055781902318796844,5326.662292598945
3B_small,30.0,seed36,2,2007,131,260.01,1111,31,61,0.05588250088023741,5330.201835150254
3B_small,30.0,seed36,2,2007,136,270.01,1111,31,61,0.05588250088023741,5332.366386615127
3B_small,30.0,seed36,2,2007,141,280.01,1111,31,61,0.05588250088023741,5333.769741295389
3B_small,30.0,seed36,2,2007,146,290.01,1110,31,61,0.05583220159951713,5337.990253256528
3B_small,30.0,seed36,2,2007,151,300.01,1114,31,61,0.05603339872239827,5344.664822594561
3B_small,30.0,seed36,2,2007,156,310.01,1114,31,61,0.05603339872239827,5352.420117931621
3B_small,30.0,seed36,2,2007,161,320.01,1111,31,61,0.05588250088023741,5347.218731012901
3B_small,30.0,seed36,2,2007,166,330.01,1114,31,61,0.05603339872239827,5351.649786862845
3B_small,30.0,seed36,2,2007,171,340.01,1114,31,61,0.05603339872239827,5354.35829607049
3B_small,30.0,seed36,2,2007,176,350.01,1112,31,61,0.055932800160957696,5350.672832967228
3B_small,30.0,seed36,2,2007,181,360.01,1114,31,61,0.05603339872239827,5358.417803388531
3B_small,30.0,seed36,2,2007,186,370.01,1114,31,61,0.05603339872239827,5359.797477003893
3B_small,30.0,seed36,2,2007,191,380.01,1114,31,61,0.05603339872239827,5360.053783358151
3B_small,30.0,seed36,2,2007,196,390.01,1115,31,61,0.056083698003118555,5360.691316128277
3B_small,30.0,seed36,2,2007,201,400.01,1114,31,61,0.05603339872239827,5362.127251437437
3B_small,30.0,seed36,2,2007,206,410.01,1114,31,61,0.05603339872239827,5362.247326887542
3B_small,30.0,seed36,2,2007,211,420.01,1114,31,61,0.05603339872239827,5362.890386870367
3B_small,30.0,seed36,2,2007,216,430.01,1117,31,61,0.05618429656455913,5366.725278183485
3B_small,30.0,seed36,2,2007,221,440.01,1114,31,61,0.05603339872239827,5365.6911532661625
3B_small,30.0,seed36,2,2007,226,450.01,1114,31,61,0.05603339872239827,5365.4761231901
3B_small,30.0,seed36,2,2007,231,460.01,1115,31,61,0.056083698003118555,5366.943412623448
3B_small,30.0,seed36,2,2007,236,470.01,1117,31,61,0.05618429656455913,5373.906395830567
3B_small,30.0,seed36,2,2007,241,480.01,1117,31,61,0.05618429656455913,5375.117055620125
3B_small,30.0,seed36,2,2007,246,490.01,1117,31,61,0.05618429656455913,5374.7771256400865
3B_small,30.0,seed36,2,2007,251,500.01,1117,31,61,0.05618429656455913,5373.503467369016
3B_small,30.0,seed36,2,2007,256,510.01,1114,31,61,0.05603339872239827,5367.803357487604
3B_small,30.0,seed36,2,2007,261,520.01,1115,31,61,0.056083698003118555,5369.054903051279
3B_small,30.0,seed36,2,2007,266,530.01,1117,31,61,0.05618429656455913,5376.0843569673925
3B_small,30.0,seed36,2,2007,271,540.01,1117,31,61,0.05618429656455913,5377.636661448356
3B_small,30.0,seed36,2,2007,276,550.01,1117,31,61,0.05618429656455913,5377.536645845356
3B_small,30.0,seed36,2,2007,281,560.01,1117,31,61,0.05618429656455913,5377.168159269459
3B_small,30.0,seed36,2,2007,286,570.01,1117,31,61,0.05618429656455913,5375.887697195194
3B_small,30.0,seed36,2,2007,291,580.01,1114,31,61,0.05603339872239827,5370.7110725850725
3B_small,30.0,seed36,2,2007,296,590.01,1116,31,61,0.05613399728383884,5373.432645833038
3B_small,30.0,seed36,2,2007,301,600.01,1118,31,61,0.056234595845279414,5380.584025730736
3B_small,30.0,seed36,3,3007,0,0.0,36,35,2,0.0018107741059302852,360.0
3B_small,30.0,seed36,3,3007,1,0.01,36,35,2,0.0018107741059302852,366.88839290199223
3B_small,30.0,seed36,3,3007,6,10.01,923,32,37,0.0464262361048237,4285.470315409028
3B_small,30.0,seed36,3,3007,11,20.01,1021,32,55,0.0513555656154117,4878.751238315042
3B_small,30.0,seed36,3,3007,16,30.01,1049,32,56,0.0527639454755797,5023.162893395957
3B_small,30.0,seed36,3,3007,21,40.01,1054,32,56,0.05301544187918113,5061.461694261116
3B_small,30.0,seed36,3,3007,26,50.01,1052,32,56,0.05291484331774056,5056.975861226958
3B_small,30.0,seed36,3,3007,31,60.01,1049,31,56,0.0527639454755797,5065.04993156421
3B_small,30.0,seed36,3,3007,36,70.01,1057,31,56,0.053166339721341986,5088.427261923183
3B_small,30.0,seed36,3,3007,41,80.01,1064,31,56,0.05351843468638399,5106.603475151699
3B_small,30.0,seed36,3,3007,46,90.01,1060,31,56,0.053317237563502845,5110.539598817196
3B_small,30.0,seed36,3,3007,51,100.01,1060,31,56,0.053317237563502845,5107.723180515373
3B_small,30.0,seed36,3,3007,56,110.01,1058,31,56,0.05321663900206227,5103.855697934265
3B_small,30.0,seed36,3,3007,61,120.01,1057,31,56,0.053166339721341986,5101.379932782647
3B_small,30.0,seed36,3,3007,66,130.01,1057,31,56,0.053166339721341986,5104.815199092687
3B_small,30.0,seed36,3,3007,71,140.01,1060,31,56,0.053317237563502845,5115.11935353434
3B_small,30.0,seed36,3,3007,76,150.01,1061,31,56,0.05336753684422313,5118.042674747929
3B_small,30.0,seed36,3,3007,81,160.01,1065,31,56,0.05356873396710427,5124.771432827489
3B_small,30.0,seed36,3,3007,86,170.01,1066,31,56,0.053619033247824556,5133.906722866561
3B_small,30.0,seed36,3,3007,91,180.01,1067,31,56,0.05366933252854484,5134.076657749643
3B_small,30.0,seed36,3,3007,96,190.01,1066,31,56,0.053619033247824556,5135.758063081843
3B_small,30.0,seed36,3,3007,101,200.01,1070,31,56,0.0538202303707057,5141.238613353651
3B_small,30.0,seed36,3,3007,106,210.01,1070,31,56,0.0538202303707057,5147.791187049001
3B_small,30.0,seed36,3,3007,111,220.01,1071,31,56,0.05387052965142598,5153.851849462717
3B_small,30.0,seed36,3,3007,116,230.01,1069,31,56,0.053769931089985415,5151.943720659489
3B_small,30.0,seed36,3,3007,121,240.01,1068,31,56,0.05371963180926513,5146.066792908339
3B_small,30.0,seed36,3,3007,126,250.01,1068,31,56,0.05371963180926513,5147.912224826216
3B_small,30.0,seed36,3,3007,131,260.01,1067,31,56,0.05366933252854484,5145.813292426457
3B_small,30.0,seed36,3,3007,136,270.01,1067,31,56,0.05366933252854484,5146.76854027304
3B_small,30.0,seed36,3,3007,141,280.01,1070,31,56,0.0538202303707057,5151.009099052752
3B_small,30.0,seed36,3,3007,146,290.01,1069,31,56,0.053769931089985415,5153.983400112826
3B_small,30.0,seed36,3,3007,151,300.01,1070,31,56,0.0538202303707057,5156.01051494745
3B_small,30.0,seed36,3,3007,156,310.01,1071,31,56,0.05387052965142598,5163.934153512307
3B_small,30.0,seed36,3,3007,161,320.01,1072,31,56,0.05392082893214627,5164.775118744816
3B_small,30.0,seed36,3,3007,166,330.01,1074,31,56,0.05402142749358684,5169.246480108051
3B_small,30.0,seed36,3,3007,171,340.01,1074,31,56,0.05402142749358684,5172.6794420341885
3B_small,30.0,seed36,3,3007,176,350.01,1074,31,56,0.05402142749358684,5172.953041841993
3B_small,30.0,seed36,3,3007,181,360.01,1074,31,56,0.05402142749358684,5173.152148908869
3B_small,30.0,seed36,3,3007,186,370.01,1074,31,56,0.05402142749358684,5173.334805610667
3B_small,30.0,seed36,3,3007,191,380.01,1074,31,56,0.05402142749358684,5173.562160597665
3B_small,30.0,seed36,3,3007,196,390.01,1074,31,56,0.05402142749358684,5173.99657829416
3B_small,30.0,seed36,3,3007,201,400.01,1076,31,56,0.05412202605502741,5175.965381943784
3B_small,30.0,seed36,3,3007,206,410.01,1077,31,56,0.0541723253357477,5181.790512474858
3B_small,30.0,seed36,3,3007,211,420.01,1077,31,56,0.0541723253357477,5181.375846364624
3B_small,30.0,seed36,3,3007,216,430.01,1077,31,56,0.0541723253357477,5179.729478397429
3B_small,30.0,seed36,3,3007,221,440.01,1074,31,56,0.05402142749358684,5173.907818485741
3B_small,30.0,seed36,3,3007,226,450.01,1074,31,56,0.05402142749358684,5173.702756529959
3B_small,30.0,seed36,3,3007,231,460.01,1074,31,56,0.05402142749358684,5173.606976206815
3B_small,30.0,seed36,3,3007,236,470.01,1074,31,56,0.05402142749358684,5173.519691368621
3B_small,30.0,seed36,3,3007,241,480.01,1074,31,56,0.05402142749358684,5173.447163387992
3B_small,30.0,seed36,3,3007,246,490.01,1074,31,56,0.05402142749358684,5173.380981802083
3B_small,30.0,seed36,3,3007,251,500.01,1074,31,56,0.05402142749358684,5173.31310715859
3B_small,30.0,seed36,3,3007,256,510.01,1074,31,56,0.05402142749358684,5173.233805288295
3B_small,30.0,seed36,3,3007,261,520.01,1074,31,56,0.05402142749358684,5173.125441308329
3B_small,30.0,seed36,3,3007,266,530.01,1074,31,56,0.05402142749358684,5172.941516558394
3B_small,30.0,seed36,3,3007,271,540.01,1074,31,56,0.05402142749358684,5172.488038981874
3B_small,30.0,seed36,3,3007,276,550.01,1072,31,56,0.05392082893214627,5169.924342288401
3B_small,30.0,seed36,3,3007,281,560.01,1072,31,56,0.05392082893214627,5168.430793136736
3B_small,30.0,seed36,3,3007,286,570.01,1074,31,56,0.05402142749358684,5175.813976672554
3B_small,30.0,seed36,3,3007,291,580.01,1074,31,56,0.05402142749358684,5177.249994996465
3B_small,30.0,seed36,3,3007,296,590.01,1077,31,56,0.0541723253357477,5183.213673870221
3B_small,30.0,seed36,3,3007,301,600.01,1077,31,56,0.0541723253357477,5185.813109410459
3B_small,30.0,seed144,1,1007,0,0.0,144,141,2,0.007243096423721141,1440.0
3B_small,30.0,seed144,1,1007,1,0.01,144,141,2,0.007243096423721141,1467.3066766001127
3B_small,30.0,seed144,1,1007,6,10.01,1470,104,35,0.07393994265881998,6961.660481966735
3B_small,30.0,seed144,1,1007,11,20.01,1475,89,37,0.07419143906242141,7085.976921629577
3B_small,30.0,seed144,1,1007,16,30.01,1485,78,37,0.07469443186962427,7217.507528873175
3B_small,30.0,seed144,1,1007,21,40.01,1543,77,38,0.07761179015140084,7480.100773239491
3B_small,30.0,seed144,1,1007,26,50.01,1556,76,40,0.07826568080076454,7545.926477734794
3B_small,30.0,seed144,1,1007,31,60.01,1548,74,40,0.07786328655500227,7540.470222839066
3B_small,30.0,seed144,1,1007,36,70.01,1530,71,40,0.07695789950203712,7499.786627217738
3B_small,30.0,seed144,1,1007,41,80.01,1540,71,40,0.07746089230923998,7540.417133627506
3B_small,30.0,seed144,1,1007,46,90.01,1560,71,40,0.07846687792364569,7606.481849788952
3B_small,30.0,seed144,1,1007,51,100.01,1568,71,40,0.07886927216940798,7629.179524686831
3B_small,30.0,seed144,1,1007,56,110.01,1569,71,40,0.07891957145012826,7636.906182847766
3B_small,30.0,seed144,1,1007,61,120.01,1569,71,40,0.07891957145012826,7639.513537451867
3B_small,30.0,seed144,1,1007,66,130.01,1570,71,40,0.07896987073084855,7649.723531926329
3B_small,30.0,seed144,1,1007,71,140.01,1575,71,40,0.07922136713444998,7663.6902124547305
3B_small,30.0,seed144,1,1007,76,150.01,1578,71,40,0.07937226497661083,7681.421094735633
3B_small,30.0,seed144,1,1007,81,160.01,1578,71,40,0.07937226497661083,7689.079562297525
3B_small,30.0,seed144,1,1007,86,170.01,1577,71,40,0.07932196569589055,7687.176590721405
3B_small,30.0,seed144,1,1007,91,180.01,1579,71,40,0.07942256425733112,7686.244993817522
3B_small,30.0,seed144,1,1007,96,190.01,1579,71,40,0.07942256425733112,7688.755130297912
3B_small,30.0,seed144,1,1007,101,200.01,1579,71,40,0.07942256425733112,7690.884229862428
3B_small,30.0,seed144,1,1007,106,210.01,1579,71,40,0.07942256425733112,7690.294901214171
3B_small,30.0,seed144,1,1007,111,220.01,1578,71,40,0.07937226497661083,7686.061574123704
3B_small,30.0,seed144,1,1007,116,230.01,1576,71,40,0.07927166641517026,7685.57647195283
3B_small,30.0,seed144,1,1007,121,240.01,1575,71,40,0.07922136713444998,7685.804769227876
3B_small,30.0,seed144,1,1007,126,250.01,1577,71,40,0.07932196569589055,7691.4430331265585
3B_small,30.0,seed144,1,1007,131,260.01,1579,71,40,0.07942256425733112,7692.791485170865
3B_small,30.0,seed144,1,1007,136,270.01,1582,71,40,0.07957346209949198,7697.952617781373
3B_small,30.0,seed144,1,1007,141,280.01,1581,71,40,0.0795231628187717,7704.047439403652
3B_small,30.0,seed144,1,1007,146,290.01,1580,71,40,0.0794728635380514,7700.165745207838
3B_small,30.0,seed144,1,1007,151,300.01,1578,71,40,0.07937226497661083,7699.261351200413
3B_small,30.0,seed144,1,1007,156,310.01,1580,71,40,0.0794728635380514,7699.5308130439025
3B_small,30.0,seed144,1,1007,161,320.01,1580,71,40,0.0794728635380514,7700.425900328557
3B_small,30.0,seed144,1,1007,166,330.01,1580,71,40,0.0794728635380514,7701.195633855623
3B_small,30.0,seed144,1,1007,171,340.01,1579,71,40,0.07942256425733112,7700.2232857336
3B_small,30.0,seed144,1,1007,176,350.01,1578,71,40,0.07937226497661083,7699.421303978543
3B_small,30.0,seed144,1,1007,181,360.01,1578,71,40,0.07937226497661083,7699.402396455786
3B_small,30.0,seed144,1,1007,186,370.01,1580,71,40,0.0794728635380514,7699.503220368761
3B_small,30.0,seed144,1,1007,191,380.01,1580,71,40,0.0794728635380514,7699.8039285145705
3B_small,30.0,seed144,1,1007,196,390.01,1580,71,40,0.0794728635380514,7699.970147462611
3B_small,30.0,seed144,1,1007,201,400.01,1578,71,40,0.07937226497661083,7699.90535251731
3B_small,30.0,seed144,1,1007,206,410.01,1578,71,40,0.07937226497661083,7700.124344180043
3B_small,30.0,seed144,1,1007,211,420.01,1579,71,40,0.07942256425733112,7700.256222080659
3B_small,30.0,seed144,1,1007,216,430.01,1580,71,40,0.0794728635380514,7700.463382185511
3B_small,30.0,seed144,1,1007,221,440.01,1580,71,40,0.0794728635380514,7700.880631948956
3B_small,30.0,seed144,1,1007,226,450.01,1578,71,40,0.07937226497661083,7701.3804963557195
3B_small,30.0,seed144,1,1007,231,460.01,1581,71,40,0.0795231628187717,7702.838512817836
3B_small,30.0,seed144,1,1007,236,470.01,1583,71,40,0.07962376138021227,7710.986122307499
3B_small,30.0,seed144,1,1007,241,480.01,1583,71,40,0.07962376138021227,7712.760088829762
3B_small,30.0,seed144,1,1007,246,490.01,1583,71,40,0.07962376138021227,7712.191190439791
3B_small,30.0,seed144,1,1007,251,500.01,1581,71,40,0.0795231628187717,7710.815166714681
3B_small,30.0,seed144,1,1007,256,510.01,1581,71,40,0.0795231628187717,7710.906365538936
3B_small,30.0,seed144,1,1007,261,520.01,1583,71,40,0.07962376138021227,7711.500968219187
3B_small,30.0,seed144,1,1007,266,530.01,1583,71,40,0.07962376138021227,7712.709836043376
3B_small,30.0,seed144,1,1007,271,540.01,1583,71,40,0.07962376138021227,7713.9508252359565
3B_small,30.0,seed144,1,1007,276,550.01,1583,71,40,0.07962376138021227,7714.2584989659435
3B_small,30.0,seed144,1,1007,281,560.01,1583,71,40,0.07962376138021227,7714.138455737614
3B_small,30.0,seed144,1,1007,286,570.01,1583,71,40,0.07962376138021227,7713.870939772947
3B_small,30.0,seed144,1,1007,291,580.01,1583,71,40,0.07962376138021227,7713.447839176945
3B_small,30.0,seed144,1,1007,296,590.01,1583,71,40,0.07962376138021227,7712.667548179227
3B_small,30.0,seed144,1,1007,301,600.01,1581,71,40,0.0795231628187717,7711.641223371111
3B_small,30.0,seed144,2,2007,0,0.0,144,135,4,0.007243096423721141,1440.0
3B_small,30.0,seed144,2,2007,1,0.01,144,135,4,0.007243096423721141,1466.268580600632
3B_small,30.0,seed144,2,2007,6,10.01,1529,96,39,0.07690760022131683,7320.298080039418
3B_small,30.0,seed144,2,2007,11,20.01,1526,88,41,0.07675670237915598,7434.016314004237
3B_small,30.0,seed144,2,2007,16,30.01,1552,83,42,0.0780644836778834,7549.0458976300615
3B_small,30.0,seed144,2,2007,21,40.01,1557,80,42,0.07831598008148484,7594.067304206611
3B_small,30.0,seed144,2,2007,26,50.01,1551,77,42,0.07801418439716312,7645.673090215982
3B_small,30.0,seed144,2,2007,31,60.01,1564,76,42,0.07866807504652683,7659.16037167098
3B_small,30.0,seed144,2,2007,36,70.01,1562,76,42,0.07856747648508626,7684.59817642135
3B_small,30.0,seed144,2,2007,41,80.01,1570,76,42,0.07896987073084855,7697.973814288171
3B_small,30.0,seed144,2,2007,46,90.01,1569,76,42,0.07891957145012826,7693.962842844061
3B_small,30.0,seed144,2,2007,51,100.01,1566,75,42,0.07876867360796741,7692.340661918467
3B_small,30.0,seed144,2,2007,56,110.01,1574,75,41,0.0791710678537297,7704.874000670043
3B_small,30.0,seed144,2,2007,61,120.01,1573,75,39,0.07912076857300941,7707.501456104579
3B_small,30.0,seed144,2,2007,66,130.01,1567,74,39,0.0788189728886877,7709.49204751409
3B_small,30.0,seed144,2,2007,71,140.01,1576,74,39,0.07927166641517026,7728.496278852073
3B_small,30.0,seed144,2,2007,76,150.01,1580,74,39,0.0794728635380514,7732.178083925604
3B_small,30.0,seed144,2,2007,81,160.01,1582,74,39,0.07957346209949198,7740.589398310442
3B_small,30.0,seed144,2,2007,86,170.01,1583,74,39,0.07962376138021227,7755.38912313141
3B_small,30.0,seed144,2,2007,91,180.01,1583,74,39,0.07962376138021227,7759.392925330811
3B_small,30.0,seed144,2,2007,96,190.01,1589,74,39,0.07992555706453398,7759.887343249491
3B_small,30.0,seed144,2,2007,101,200.01,1589,74,39,0.07992555706453398,7761.201924323685
3B_small,30.0,seed144,2,2007,106,210.01,1589,74,39,0.07992555706453398,7762.9011220702105
3B_small,30.0,seed144,2,2007,111,220.01,1589,74,39,0.07992555706453398,7764.150786336689
3B_small,30.0,seed144,2,2007,116,230.01,1581,74,39,0.0795231628187717,7761.782078691243
3B_small,30.0,seed144,2,2007,121,240.01,1583,74,39,0.07962376138021227,7760.945171085284
3B_small,30.0,seed144,2,2007,126,250.01,1581,74,39,0.0795231628187717,7761.47389952619
3B_small,30.0,seed144,2,2007,131,260.01,1581,74,39,0.0795231628187717,7763.100691726954
3B_small,30.0,seed144,2,2007,136,270.01,1582,74,39,0.07957346209949198,7764.794289136739
3B_small,30.0,seed144,2,2007,141,280.01,1586,74,39,0.07977465922237312,7772.084581518517
3B_small,30.0,seed144,2,2007,146,290.01,1586,74,39,0.07977465922237312,7773.002698122666
3B_small,30.0,seed144,2,2007,151,300.01,1587,74,39,0.0798249585030934,7773.1634390235085
3B_small,30.0,seed144,2,2007,156,310.01,1588,74,39,0.07987525778381369,7773.770039915328
3B_small,30.0,seed144,2,2007,161,320.01,1588,74,39,0.07987525778381369,7774.714172384407
3B_small,30.0,seed144,2,2007,166,330.01,1588,74,39,0.07987525778381369,7775.236302300709
3B_small,30.0,seed144,2,2007,171,340.01,1587,74,39,0.0798249585030934,7774.864927051313
3B_small,30.0,seed144,2,2007,176,350.01,1586,74,39,0.07977465922237312,7775.065826183849
3B_small,30.0,seed144,2,2007,181,360.01,1586,74,39,0.07977465922237312,7775.636139686885
3B_small,30.0,seed144,2,2007,186,370.01,1586,74,39,0.07977465922237312,7775.909173189373
3B_small,30.0,seed144,2,2007,191,380.01,1586,74,39,0.07977465922237312,7776.075243744247
3B_small,30.0,seed144,2,2007,196,390.01,1588,74,39,0.07987525778381369,7776.260853863753
3B_small,30.0,seed144,2,2007,201,400.01,1588,74,39,0.07987525778381369,7776.559875524352
3B_small,30.0,seed144,2,2007,206,410.01,1588,74,39,0.07987525778381369,7777.125253389378
3B_small,30.0,seed144,2,2007,211,420.01,1588,74,39,0.07987525778381369,7778.038796030206
3B_small,30.0,seed144,2,2007,216,430.01,1588,74,39,0.07987525778381369,7778.71896883786
3B_small,30.0,seed144,2,2007,221,440.01,1588,74,39,0.07987525778381369,7778.759671035023
3B_small,30.0,seed144,2,2007,226,450.01,1588,74,39,0.07987525778381369,7778.154681926023
3B_small,30.0,seed144,2,2007,231,460.01,1586,74,39,0.07977465922237312,7776.888475938013
3B_small,30.0,seed144,2,2007,236,470.01,1586,74,39,0.07977465922237312,7776.30080391376
3B_small,30.0,seed144,2,2007,241,480.01,1586,74,39,0.07977465922237312,7776.361428037972
3B_small,30.0,seed144,2,2007,246,490.01,1586,74,39,0.07977465922237312,7776.512972658292
3B_small,30.0,seed144,2,2007,251,500.01,1588,74,39,0.07987525778381369,7776.717594676127
3B_small,30.0,seed144,2,2007,256,510.01,1588,74,39,0.07987525778381369,7777.029217066936
3B_small,30.0,seed144,2,2007,261,520.01,1588,74,39,0.07987525778381369,7777.589497415454
3B_small,30.0,seed144,2,2007,266,530.01,1588,74,39,0.07987525778381369,7778.51750144347
3B_small,30.0,seed144,2,2007,271,540.01,1588,74,39,0.07987525778381369,7779.296818479515
3B_small,30.0,seed144,2,2007,276,550.01,1588,74,39,0.07987525778381369,7779.506867483112
3B_small,30.0,seed144,2,2007,281,560.01,1588,74,39,0.07987525778381369,7779.2430090738835
3B_small,30.0,seed144,2,2007,286,570.01,1588,74,39,0.07987525778381369,7778.504985363218
3B_small,30.0,seed144,2,2007,291,580.01,1586,74,39,0.07977465922237312,7777.330868766863
3B_small,30.0,seed144,2,2007,296,590.01,1586,74,39,0.07977465922237312,7776.916257659837
3B_small,30.0,seed144,2,2007,301,600.01,1586,74,39,0.07977465922237312,7777.025196841882
3B_small,30.0,seed144,3,3007,0,0.0,144,141,2,0.007243096423721141,1440.0
3B_small,30.0,seed144,3,3007,1,0.01,144,141,2,0.007243096423721141,1467.4042010405883
3B_small,30.0,seed144,3,3007,6,10.01,1488,114,34,0.07484532971178512,7195.289459756175
3B_small,30.0,seed144,3,3007,11,20.01,1489,98,35,0.0748956289925054,7259.192670335632
3B_small,30.0,seed144,3,3007,16,30.01,1533,90,36,0.07710879734419798,7492.376815542136
3B_small,30.0,seed144,3,3007,21,40.01,1560,88,36,0.07846687792364569,7610.174991124681
3B_small,30.0,seed144,3,3007,26,50.01,1549,86,36,0.07791358583572255,7611.366624144257
3B_small,30.0,seed144,3,3007,31,60.01,1560,85,36,0.07846687792364569,7665.2163778039685
3B_small,30.0,seed144,3,3007,36,70.01,1568,85,36,0.07886927216940798,7700.535590023597
3B_small,30.0,seed144,3,3007,41,80.01,1559,84,36,0.07841657864292541,7683.954860788226
3B_small,30.0,seed144,3,3007,46,90.01,1559,82,36,0.07841657864292541,7670.572779028352
3B_small,30.0,seed144,3,3007,51,100.01,1573,82,36,0.07912076857300941,7734.720578423088
3B_small,30.0,seed144,3,3007,56,110.01,1577,81,36,0.07932196569589055,7762.29391676619
3B_small,30.0,seed144,3,3007,61,120.01,1574,81,36,0.0791710678537297,7761.192145098709
3B_small,30.0,seed144,3,3007,66,130.01,1584,80,36,0.07967406066093255,7779.9347400248425
3B_small,30.0,seed144,3,3007,71,140.01,1595,80,36,0.08022735274885569,7817.643990893799
3B_small,30.0,seed144,3,3007,76,150.01,1593,80,33,0.08012675418741512,7827.379053254841
3B_small,30.0,seed144,3,3007,81,160.01,1593,80,33,0.08012675418741512,7830.969772217906
3B_small,30.0,seed144,3,3007,86,170.01,1595,80,33,0.08022735274885569,7834.48953049557
3B_small,30.0,seed144,3,3007,91,180.01,1594,80,30,0.0801770534681354,7834.889636737797
3B_small,30.0,seed144,3,3007,96,190.01,1594,80,30,0.0801770534681354,7836.105342301958
3B_small,30.0,seed144,3,3007,101,200.01,1596,80,30,0.08027765202957597,7835.163135431971
3B_small,30.0,seed144,3,3007,106,210.01,1595,80,30,0.08022735274885569,7834.41671926193
3B_small,30.0,seed144,3,3007,111,220.01,1595,80,30,0.08022735274885569,7836.465859925854
3B_small,30.0,seed144,3,3007,116,230.01,1595,80,30,0.08022735274885569,7838.037304799234
3B_small,30.0,seed144,3,3007,121,240.01,1595,80,30,0.08022735274885569,7838.586079891238
3B_small,30.0,seed144,3,3007,126,250.01,1597,80,30,0.08032795131029627,7839.130974727694
3B_small,30.0,seed144,3,3007,131,260.01,1597,80,30,0.08032795131029627,7840.238052063226
3B_small,30.0,seed144,3,3007,136,270.01,1597,80,30,0.08032795131029627,7841.483621328953
3B_small,30.0,seed144,3,3007,141,280.01,1599,80,30,0.08042854987173684,7841.556367410061
3B_small,30.0,seed144,3,3007,146,290.01,1597,80,30,0.08032795131029627,7840.4069309162805
3B_small,30.0,seed144,3,3007,151,300.01,1597,80,30,0.08032795131029627,7840.438468200499
3B_small,30.0,seed144,3,3007,156,310.01,1597,80,30,0.08032795131029627,7840.469872085372
3B_small,30.0,seed144,3,3007,161,320.01,1597,80,30,0.08032795131029627,7839.776573706473
3B_small,30.0,seed144,3,3007,166,330.01,1597,80,30,0.08032795131029627,7839.917946959085
3B_small,30.0,seed144,3,3007,171,340.01,1597,80,30,0.08032795131029627,7840.219185674795
3B_small,30.0,seed144,3,3007,176,350.01,1597,80,30,0.08032795131029627,7840.692738610785
3B_small,30.0,seed144,3,3007,181,360.01,1597,80,30,0.08032795131029627,7840.503094871632
3B_small,30.0,seed144,3,3007,186,370.01,1595,80,30,0.08022735274885569,7840.345597785273
3B_small,30.0,seed144,3,3007,191,380.01,1596,80,30,0.08027765202957597,7840.866336545036
3B_small,30.0,seed144,3,3007,196,390.01,1597,80,30,0.08032795131029627,7841.840564317533
3B_small,30.0,seed144,3,3007,201,400.01,1597,80,30,0.08032795131029627,7843.6543890516605
3B_small,30.0,seed144,3,3007,206,410.01,1599,80,30,0.08042854987173684,7847.00886556393
3B_small,30.0,seed144,3,3007,211,420.01,1600,80,30,0.08047884915245712,7852.567520822552
3B_small,30.0,seed144,3,3007,216,430.01,1600,80,30,0.08047884915245712,7852.110984801814
3B_small,30.0,seed144,3,3007,221,440.01,1600,80,30,0.08047884915245712,7852.0236700956375
3B_small,30.0,seed144,3,3007,226,450.01,1600,80,30,0.08047884915245712,7851.999336939003
3B_small,30.0,seed144,3,3007,231,460.01,1600,80,30,0.08047884915245712,7851.99125839858
3B_small,30.0,seed144,3,3007,236,470.01,1600,80,30,0.08047884915245712,7851.988023840958
3B_small,30.0,seed144,3,3007,241,480.01,1600,80,30,0.08047884915245712,7851.986503815523
3B_small,30.0,seed144,3,3007,246,490.01,1600,80,30,0.08047884915245712,7851.985712963972
3B_small,30.0,seed144,3,3007,251,500.01,1600,80,30,0.08047884915245712,7851.985278349561
3B_small,30.0,seed144,3,3007,256,510.01,1600,80,30,0.08047884915245712,7851.985032587503
3B_small,30.0,seed144,3,3007,261,520.01,1600,80,30,0.08047884915245712,7851.9848912395155
3B_small,30.0,seed144,3,3007,266,530.01,1600,80,30,0.08047884915245712,7851.984808861387
3B_small,30.0,seed144,3,3007,271,540.01,1600,80,30,0.08047884915245712,7851.9847601929605
3B_small,30.0,seed144,3,3007,276,550.01,1600,80,30,0.08047884915245712,7851.984730966558
3B_small,30.0,seed144,3,3007,281,560.01,1600,80,30,0.08047884915245712,7851.984713051543
3B_small,30.0,seed144,3,3007,286,570.01,1600,80,30,0.08047884915245712,7851.984701785674
3B_small,30.0,seed144,3,3007,291,580.01,1600,80,30,0.08047884915245712,7851.984694480024
3B_small,30.0,seed144,3,3007,296,590.01,1600,80,30,0.08047884915245712,7851.984689573506
3B_small,30.0,seed144,3,3007,301,600.01,1600,80,30,0.08047884915245712,7851.9846861522465
3B_small,30.0,random,1,,0,0.0,5005,1914,21,0.25174790000502995,19936.811467800162
3B_small,30.0,random,1,,1,0.01,5104,1855,31,0.2567275287963382,20227.407336788267
3B_small,30.0,random,1,,6,10.01,1534,106,33,0.07715909662491827,7259.027112063077
3B_small,30.0,random,1,,11,20.01,1591,100,30,0.08002615562597455,7711.173684659483
3B_small,30.0,random,1,,16,30.01,1595,98,30,0.08022735274885569,7800.802207631943
3B_small,30.0,random,1,,21,40.01,1599,95,30,0.08042854987173684,7845.851117649938
3B_small,30.0,random,1,,26,50.01,1587,92,30,0.0798249585030934,7820.385178651286
3B_small,30.0,random,1,,31,60.01,1604,91,30,0.08068004627533826,7889.560428559858
3B_small,30.0,random,1,,36,70.01,1607,91,30,0.08083094411749912,7922.669040166098
3B_small,30.0,random,1,,41,80.01,1601,90,30,0.0805291484331774,7914.115564873915
3B_small,30.0,random,1,,46,90.01,1601,89,30,0.0805291484331774,7904.135061261542
3B_small,30.0,random,1,,51,100.01,1604,88,30,0.08068004627533826,7916.146098099249
3B_small,30.0,random,1,,56,110.01,1609,88,30,0.08093154267893969,7927.813938858388
3B_small,30.0,random,1,,61,120.01,1605,87,30,0.08073034555605854,7941.790446067027
3B_small,30.0,random,1,,66,130.01,1606,87,30,0.08078064483677884,7941.089328745592
3B_small,30.0,random,1,,71,140.01,1608,87,30,0.08088124339821941,7941.087966014422
3B_small,30.0,random,1,,76,150.01,1608,87,30,0.08088124339821941,7941.335034666815
3B_small,30.0,random,1,,81,160.01,1608,87,30,0.08088124339821941,7941.1106231158865
3B_small,30.0,random,1,,86,170.01,1609,87,30,0.08093154267893969,7940.056784044813
3B_small,30.0,random,1,,91,180.01,1607,87,30,0.08083094411749912,7942.668830431319
3B_small,30.0,random,1,,96,190.01,1607,87,30,0.08083094411749912,7943.481763495773
3B_small,30.0,random,1,,101,200.01,1605,87,30,0.08073034555605854,7942.18119192051
3B_small,30.0,random,1,,106,210.01,1606,87,30,0.08078064483677884,7941.830416461324
3B_small,30.0,random,1,,111,220.01,1605,87,30,0.08073034555605854,7941.4843872904985
3B_small,30.0,random,1,,116,230.01,1606,87,30,0.08078064483677884,7941.465152646764
3B_small,30.0,random,1,,121,240.01,1606,87,30,0.08078064483677884,7941.19384593239
3B_small,30.0,random,1,,126,250.01,1603,87,30,0.08062974699461797,7940.495247384712
3B_small,30.0,random,1,,131,260.01,1601,87,30,0.0805291484331774,7939.718738829422
3B_small,30.0,random,1,,136,270.01,1601,87,30,0.0805291484331774,7939.484491292136
3B_small,30.0,random,1,,141,280.01,1603,87,30,0.08062974699461797,7939.845977530365
3B_small,30.0,random,1,,146,290.01,1603,87,30,0.08062974699461797,7940.56597386634
3B_small,30.0,random,1,,151,300.01,1603,87,30,0.08062974699461797,7941.47541633406
3B_small,30.0,random,1,,156,310.01,1603,87,30,0.08062974699461797,7941.895796517845
3B_small,30.0,random,1,,161,320.01,1603,87,30,0.08062974699461797,7941.967839684359
3B_small,30.0,random,1,,166,330.01,1603,87,30,0.08062974699461797,7941.953901324856
3B_small,30.0,random,1,,171,340.01,1603,87,30,0.08062974699461797,7941.930796297927
3B_small,30.0,random,1,,176,350.01,1603,87,30,0.08062974699461797,7941.91233810283
3B_small,30.0,random,1,,181,360.01,1603,87,30,0.08062974699461797,7941.8992868011555
3B_small,30.0,random,1,,186,370.01,1603,87,30,0.08062974699461797,7941.890376651524
3B_small,30.0,random,1,,191,380.01,1603,87,30,0.08062974699461797,7941.884367655073
3B_small,30.0,random,1,,196,390.01,1603,87,30,0.08062974699461797,7941.880335128238
3B_small,30.0,random,1,,201,400.01,1603,87,30,0.08062974699461797,7941.877635182733
3B_small,30.0,random,1,,206,410.01,1603,87,30,0.08062974699461797,7941.875829694457
3B_small,30.0,random,1,,211,420.01,1603,87,30,0.08062974699461797,7941.874623256637
3B_small,30.0,random,1,,216,430.01,1603,87,30,0.08062974699461797,7941.873817516612
3B_small,30.0,random,1,,221,440.01,1603,87,30,0.08062974699461797,7941.873279580803
3B_small,30.0,random,1,,226,450.01,1603,87,30,0.08062974699461797,7941.872920529731
3B_small,30.0,random,1,,231,460.01,1603,87,30,0.08062974699461797,7941.872680919423
3B_small,30.0,random,1,,236,470.01,1603,87,30,0.08062974699461797,7941.872521035558
3B_small,30.0,random,1,,241,480.01,1603,87,30,0.08062974699461797,7941.872414357362
3B_small,30.0,random,1,,246,490.01,1603,87,30,0.08062974699461797,7941.8723431806575
3B_small,30.0,random,1,,251,500.01,1603,87,30,0.08062974699461797,7941.87229568991
3B_small,30.0,random,1,,256,510.01,1603,87,30,0.08062974699461797,7941.8722640010865
3B_small,30.0,random,1,,261,520.01,1603,87,30,0.08062974699461797,7941.872242854202
3B_small,30.0,random,1,,266,530.01,1603,87,30,0.08062974699461797,7941.872228740274
3B_small,30.0,random,1,,271,540.01,1603,87,30,0.08062974699461797,7941.872219318557
3B_small,30.0,random,1,,276,550.01,1603,87,30,0.08062974699461797,7941.8722130276265
3B_small,30.0,random,1,,281,560.01,1603,87,30,0.08062974699461797,7941.872208825911
3B_small,30.0,random,1,,286,570.01,1603,87,30,0.08062974699461797,7941.872206018574
3B_small,30.0,random,1,,291,580.01,1603,87,30,0.08062974699461797,7941.872204142067
3B_small,30.0,random,1,,296,590.01,1603,87,30,0.08062974699461797,7941.8722028871
3B_small,30.0,random,1,,301,600.01,1603,87,30,0.08062974699461797,7941.872202047272
3B_small,30.0,random,2,,0,0.0,4969,1897,30,0.24993712589909964,19840.181224828495
3B_small,30.0,random,2,,1,0.01,5074,1825,43,0.2552185503747296,20123.890335733555
3B_small,30.0,random,2,,6,10.01,1498,108,36,0.07534832251898797,7055.465500825142
3B_small,30.0,random,2,,11,20.01,1575,102,34,0.07922136713444998,7654.20427698062
3B_small,30.0,random,2,,16,30.01,1558,95,34,0.07836627936220512,7673.281767240512
3B_small,30.0,random,2,,21,40.01,1558,91,34,0.07836627936220512,7715.324971344987
3B_small,30.0,random,2,,26,50.01,1566,90,34,0.07876867360796741,7751.805626636397
3B_small,30.0,random,2,,31,60.01,1565,88,35,0.07871837432724713,7735.884366021572
3B_small,30.0,random,2,,36,70.01,1557,84,37,0.07831598008148484,7733.568822670866
3B_small,30.0,random,2,,41,80.01,1562,83,37,0.07856747648508626,7740.707483739989
3B_small,30.0,random,2,,46,90.01,1555,80,37,0.07821538152004426,7758.565657627663
3B_small,30.0,random,2,,51,100.01,1561,80,37,0.07851717720436598,7790.767277467572
3B_small,30.0,random,2,,56,110.01,1567,80,37,0.0788189728886877,7808.388062811778
3B_small,30.0,random,2,,61,120.01,1570,80,37,0.07896987073084855,7812.358930636704
3B_small,30.0,random,2,,66,130.01,1569,80,37,0.07891957145012826,7816.650648520161
3B_small,30.0,random,2,,71,140.01,1569,80,37,0.07891957145012826,7819.829218915598
3B_small,30.0,random,2,,76,150.01,1570,80,37,0.07896987073084855,7819.773429107956
3B_small,30.0,random,2,,81,160.01,1572,80,37,0.07907046929228911,7820.067068769952
3B_small,30.0,random,2,,86,170.01,1573,80,37,0.07912076857300941,7820.5138463800995
3B_small,30.0,random,2,,91,180.01,1572,80,37,0.07907046929228911,7820.933699976746
3B_small,30.0,random,2,,96,190.01,1570,80,37,0.07896987073084855,7821.750210266075
3B_small,30.0,random,2,,101,200.01,1572,80,37,0.07907046929228911,7822.479669856755
3B_small,30.0,random,2,,106,210.01,1573,80,37,0.07912076857300941,7824.231680099641
3B_small,30.0,random,2,,111,220.01,1575,80,37,0.07922136713444998,7829.981076965754
3B_small,30.0,random,2,,116,230.01,1579,80,37,0.07942256425733112,7840.455803453062
3B_small,30.0,random,2,,121,240.01,1581,80,37,0.0795231628187717,7853.099137367095
3B_small,30.0,random,2,,126,250.01,1581,80,37,0.0795231628187717,7853.240106975532
3B_small,30.0,random,2,,131,260.01,1581,80,37,0.0795231628187717,7853.185934681202
3B_small,30.0,random,2,,136,270.01,1581,80,37,0.0795231628187717,7853.172576063728
3B_small,30.0,random,2,,141,280.01,1581,80,37,0.0795231628187717,7853.167443296107
3B_small,30.0,random,2,,146,290.01,1581,80,37,0.0795231628187717,7853.165258734299
3B_small,30.0,random,2,,151,300.01,1581,80,37,0.0795231628187717,7853.164280491406
3B_small,30.0,random,2,,156,310.01,1581,80,37,0.0795231628187717,7853.1638399420335
3B_small,30.0,random,2,,161,320.01,1581,80,37,0.0795231628187717,7853.163647052705
3B_small,30.0,random,2,,166,330.01,1581,80,37,0.0795231628187717,7853.163568672475
3B_small,30.0,random,2,,171,340.01,1581,80,37,0.0795231628187717,7853.163542386918
3B_small,30.0,random,2,,176,350.01,1581,80,37,0.0795231628187717,7853.163538859511
3B_small,30.0,random,2,,181,360.01,1581,80,37,0.0795231628187717,7853.163544432797
3B_small,30.0,random,2,,186,370.01,1581,80,37,0.0795231628187717,7853.163552896971
3B_small,30.0,random,2,,191,380.01,1581,80,37,0.0795231628187717,7853.163561559768
3B_small,30.0,random,2,,196,390.01,1581,80,37,0.0795231628187717,7853.163569366687
3B_small,30.0,random,2,,201,400.01,1581,80,37,0.0795231628187717,7853.1635760049685
3B_small,30.0,random,2,,206,410.01,1581,80,37,0.0795231628187717,7853.163581480205
3B_small,30.0,random,2,,211,420.01,1581,80,37,0.0795231628187717,7853.163585919634
3B_small,30.0,random,2,,216,430.01,1581,80,37,0.0795231628187717,7853.163589483536
3B_small,30.0,random,2,,221,440.01,1581,80,37,0.0795231628187717,7853.163592327659
3B_small,30.0,random,2,,226,450.01,1581,80,37,0.0795231628187717,7853.163594589257
3B_small,30.0,random,2,,231,460.01,1581,80,37,0.0795231628187717,7853.163596383718
3B_small,30.0,random,2,,236,470.01,1581,80,37,0.0795231628187717,7853.163597805635
3B_small,30.0,random,2,,241,480.01,1581,80,37,0.0795231628187717,7853.163598931422
3B_small,30.0,random,2,,246,490.01,1581,80,37,0.0795231628187717,7853.163599822299
3B_small,30.0,random,2,,251,500.01,1581,80,37,0.0795231628187717,7853.163600527063
3B_small,30.0,random,2,,256,510.01,1581,80,37,0.0795231628187717,7853.163601084483
3B_small,30.0,random,2,,261,520.01,1581,80,37,0.0795231628187717,7853.1636015253125
3B_small,30.0,random,2,,266,530.01,1581,80,37,0.0795231628187717,7853.16360187391
3B_small,30.0,random,2,,271,540.01,1581,80,37,0.0795231628187717,7853.163602149558
3B_small,30.0,random,2,,276,550.01,1581,80,37,0.0795231628187717,7853.163602367518
3B_small,30.0,random,2,,281,560.01,1581,80,37,0.0795231628187717,7853.163602539858
3B_small,30.0,random,2,,286,570.01,1581,80,37,0.0795231628187717,7853.163602676123
3B_small,30.0,random,2,,291,580.01,1581,80,37,0.0795231628187717,7853.163602783867
3B_small,30.0,random,2,,296,590.01,1581,80,37,0.0795231628187717,7853.16360286906
3B_small,30.0,random,2,,301,600.01,1581,80,37,0.0795231628187717,7853.163602936418
3B_small,30.0,random,3,,0,0.0,4960,1868,30,0.24948443237261708,19810.8209612995
3B_small,30.0,random,3,,1,0.01,5061,1803,32,0.2545646597253659,20092.36742691069
3B_small,30.0,random,3,,6,10.01,1480,123,26,0.07444293546602283,7052.32111734516
3B_small,30.0,random,3,,11,20.01,1567,111,27,0.0788189728886877,7570.343625179128
3B_small,30.0,random,3,,16,30.01,1553,103,30,0.07811478295860369,7655.9851702997785
3B_small,30.0,random,3,,21,40.01,1563,100,30,0.07861777576580654,7720.43181918147
3B_small,30.0,random,3,,26,50.01,1579,98,30,0.07942256425733112,7807.083633786939
3B_small,30.0,random,3,,31,60.01,1575,96,30,0.07922136713444998,7813.218456941884
3B_small,30.0,random,3,,36,70.01,1574,95,30,0.0791710678537297,7818.544873825795
3B_small,30.0,random,3,,41,80.01,1592,95,30,0.08007645490669484,7870.451280783414
3B_small,30.0,random,3,,46,90.01,1588,94,30,0.07987525778381369,7856.522660270049
3B_small,30.0,random,3,,51,100.01,1581,92,30,0.0795231628187717,7851.189663976005
3B_small,30.0,random,3,,56,110.01,1586,92,30,0.07977465922237312,7860.735222814052
3B_small,30.0,random,3,,61,120.01,1589,91,30,0.07992555706453398,7867.824609796314
3B_small,30.0,random,3,,66,130.01,1588,91,30,0.07987525778381369,7879.681481349282
3B_small,30.0,random,3,,71,140.01,1587,91,30,0.0798249585030934,7883.938630344161
3B_small,30.0,random,3,,76,150.01,1589,91,30,0.07992555706453398,7887.017925369777
3B_small,30.0,random,3,,81,160.01,1591,91,30,0.08002615562597455,7892.149216994119
3B_small,30.0,random,3,,86,170.01,1592,91,30,0.08007645490669484,7893.088912229042
3B_small,30.0,random,3,,91,180.01,1593,91,30,0.08012675418741512,7894.681194324372
3B_small,30.0,random,3,,96,190.01,1593,91,30,0.08012675418741512,7896.611214564597
3B_small,30.0,random,3,,101,200.01,1594,91,30,0.0801770534681354,7902.1717803444135
3B_small,30.0,random,3,,106,210.01,1598,91,30,0.08037825059101655,7903.439498140158
3B_small,30.0,random,3,,111,220.01,1596,91,30,0.08027765202957597,7904.356787427622
3B_small,30.0,random,3,,116,230.01,1595,91,30,0.08022735274885569,7906.0941388180945
3B_small,30.0,random,3,,121,240.01,1595,91,30,0.08022735274885569,7907.290430700908
3B_small,30.0,random,3,,126,250.01,1596,91,30,0.08027765202957597,7909.8255697631785
3B_small,30.0,random,3,,131,260.01,1598,91,30,0.08037825059101655,7913.295636484927
3B_small,30.0,random,3,,136,270.01,1599,91,30,0.08042854987173684,7913.088104553489
3B_small,30.0,random,3,,141,280.01,1601,91,30,0.0805291484331774,7914.6572144801
3B_small,30.0,random,3,,146,290.01,1601,91,30,0.0805291484331774,7917.128015132974
3B_small,30.0,random,3,,151,300.01,1601,91,30,0.0805291484331774,7918.810742708971
3B_small,30.0,random,3,,156,310.01,1601,91,30,0.0805291484331774,7918.721812671007
3B_small,30.0,random,3,,161,320.01,1600,91,30,0.08047884915245712,7918.451994035051
3B_small,30.0,random,3,,166,330.01,1601,91,30,0.0805291484331774,7919.2062561420835
3B_small,30.0,random,3,,171,340.01,1601,91,30,0.0805291484331774,7918.8009040797515
3B_small,30.0,random,3,,176,350.01,1599,91,30,0.08042854987173684,7917.87054592885
3B_small,30.0,random,3,,181,360.01,1599,91,30,0.08042854987173684,7918.028567605429
3B_small,30.0,random,3,,186,370.01,1599,91,30,0.08042854987173684,7918.401316464924
3B_small,30.0,random,3,,191,380.01,1599,91,30,0.08042854987173684,7919.033093021605
3B_small,30.0,random,3,,196,390.01,1599,91,30,0.08042854987173684,7919.935978382666
3B_small,30.0,random,3,,201,400.01,1600,91,30,0.08047884915245712,7920.969422161182
3B_small,30.0,random,3,,206,410.01,1604,91,30,0.08068004627533826,7925.810858303813
3B_small,30.0,random,3,,211,420.01,1598,91,30,0.08037825059101655,7905.357083250172
3B_small,30.0,random,3,,216,430.01,1597,90,30,0.08032795131029627,7910.046562022861
3B_small,30.0,random,3,,221,440.01,1597,90,30,0.08032795131029627,7910.411840622226
3B_small,30.0,random,3,,226,450.01,1597,90,30,0.08032795131029627,7910.788799630516
3B_small,30.0,random,3,,231,460.01,1597,90,30,0.08032795131029627,7910.933698436079
3B_small,30.0,random,3,,236,470.01,1595,90,30,0.08022735274885569,7910.101100446987
3B_small,30.0,random,3,,241,480.01,1595,90,30,0.08022735274885569,7909.796033235003
3B_small,30.0,random,3,,246,490.01,1595,90,30,0.08022735274885569,7910.648395204704
3B_small,30.0,random,3,,251,500.01,1595,90,30,0.08022735274885569,7911.8087606177305
3B_small,30.0,random,3,,256,510.01,1596,90,30,0.08027765202957597,7912.235730370372
3B_small,30.0,random,3,,261,520.01,1597,90,30,0.08032795131029627,7912.469944023831
3B_small,30.0,random,3,,266,530.01,1597,90,30,0.08032795131029627,7912.816571139132
3B_small,30.0,random,3,,271,540.01,1597,90,30,0.08032795131029627,7913.513101687979
3B_small,30.0,random,3,,276,550.01,1597,90,30,0.08032795131029627,7914.624191202129
3B_small,30.0,random,3,,281,560.01,1597,90,30,0.08032795131029627,7915.67708604506
3B_small,30.0,random,3,,286,570.01,1598,90,30,0.08037825059101655,7917.818329530943
3B_small,30.0,random,3,,291,580.01,1600,90,30,0.08047884915245712,7924.525902156987
3B_small,30.0,random,3,,296,590.01,1600,90,30,0.08047884915245712,7924.226841010086
3B_small,30.0,random,3,,301,600.01,1600,90,30,0.08047884915245712,7924.097773408125
3B_small,30.0,nucl,1,,0,0.0,0,0,0,0.0,0.0
3B_small,30.0,nucl,1,,1,0.01,3,3,1,0.0001508978421608571,12.0
3B_small,30.0,nucl,1,,6,10.01,691,206,33,0.03475680297771742,2986.155507261046
3B_small,30.0,nucl,1,,11,20.01,1151,193,53,0.05789447210904884,5296.605165084025
3B_small,30.0,nucl,1,,16,30.01,1307,168,61,0.06574115990141341,6172.304263568569
3B_small,30.0,nucl,1,,21,40.01,1393,206,60,0.07006689804335799,6487.109812876082
3B_small,30.0,nucl,1,,26,50.01,1413,197,61,0.0710728836577637,6560.364321296736
3B_small,30.0,nucl,1,,31,60.01,1440,210,61,0.0724309642372114,6654.69767713158
3B_small,30.0,nucl,1,,36,70.01,1482,221,62,0.0745435340274634,6860.186273726733
3B_small,30.0,nucl,1,,41,80.01,1468,181,62,0.07383934409737941,6873.268956456885
3B_small,30.0,nucl,1,,46,90.01,1504,185,64,0.07565011820330969,6997.209858698205
3B_small,30.0,nucl,1,,51,100.01,1507,200,61,0.07580101604547054,7025.531835776652
3B_small,30.0,nucl,1,,56,110.01,1533,221,61,0.07710879734419798,7086.246063404911
3B_small,30.0,nucl,1,,61,120.01,1528,209,62,0.07685730094059655,7098.846967890708
3B_small,30.0,nucl,1,,66,130.01,1528,211,61,0.07685730094059655,7086.276594421284
3B_small,30.0,nucl,1,,71,140.01,1543,217,61,0.07761179015140084,7141.719150391898
3B_small,30.0,nucl,1,,76,150.01,1516,178,62,0.07625370957195313,7061.303686093417
3B_small,30.0,nucl,1,,81,160.01,1556,201,63,0.07826568080076454,7165.093658076417
3B_small,30.0,nucl,1,,86,170.01,1543,202,63,0.07761179015140084,7160.712523100545
3B_small,30.0,nucl,1,,91,180.01,1543,205,64,0.07761179015140084,7163.742664398587
3B_small,30.0,nucl,1,,96,190.01,1542,208,64,0.07756149087068055,7185.279121777162
3B_small,30.0,nucl,1,,101,200.01,1565,209,65,0.07871837432724713,7196.358633838347
3B_small,30.0,nucl,1,,106,210.01,1564,211,65,0.07866807504652683,7220.156649673047
3B_small,30.0,nucl,1,,111,220.01,1529,189,66,0.07690760022131683,7071.721174185917
3B_small,30.0,nucl,1,,116,230.01,1554,196,68,0.07816508223932397,7181.379161796278
3B_small,30.0,nucl,1,,121,240.01,1551,203,69,0.07801418439716312,7195.05475745707
3B_small,30.0,nucl,1,,126,250.01,1545,191,65,0.0777123887128414,7157.812399479986
3B_small,30.0,nucl,1,,131,260.01,1563,200,66,0.07861777576580654,7166.76373793852
3B_small,30.0,nucl,1,,136,270.01,1544,190,64,0.07766208943212112,7156.601532139874
3B_small,30.0,nucl,1,,141,280.01,1577,218,65,0.07932196569589055,7247.301067709837
3B_small,30.0,nucl,1,,146,290.01,1530,176,64,0.07695789950203712,7128.861961991309
3B_small,30.0,nucl,1,,151,300.01,1560,206,64,0.07846687792364569,7228.766313429111
3B_small,30.0,nucl,1,,156,310.01,1566,214,64,0.07876867360796741,7223.15020708173
3B_small,30.0,nucl,1,,161,320.01,1549,197,63,0.07791358583572255,7167.892740408001
3B_small,30.0,nucl,1,,166,330.01,1571,191,64,0.07902017001156883,7260.2769567980395
3B_small,30.0,nucl,1,,171,340.01,1565,199,62,0.07871837432724713,7220.744394121808
3B_small,30.0,nucl,1,,176,350.01,1564,205,61,0.07866807504652683,7242.9574065669385
3B_small,30.0,nucl,1,,181,360.01,1577,211,65,0.07932196569589055,7238.094487671397
3B_small,30.0,nucl,1,,186,370.01,1560,188,68,0.07846687792364569,7231.461694910698
3B_small,30.0,nucl,1,,191,380.01,1569,200,65,0.07891957145012826,7227.875174678567
3B_small,30.0,nucl,1,,196,390.01,1563,201,65,0.07861777576580654,7228.652799681134
3B_small,30.0,nucl,1,,201,400.01,1562,197,66,0.07856747648508626,7245.982103628835
3B_small,30.0,nucl,1,,206,410.01,1578,207,65,0.07937226497661083,7326.069626181819
3B_small,30.0,nucl,1,,211,420.01,1566,205,66,0.07876867360796741,7243.0791867779735
3B_small,30.0,nucl,1,,216,430.01,1589,218,65,0.07992555706453398,7340.53934170976
3B_small,30.0,nucl,1,,221,440.01,1560,194,65,0.07846687792364569,7214.185599414144
3B_small,30.0,nucl,1,,226,450.01,1553,181,66,0.07811478295860369,7211.810262269097
3B_small,30.0,nucl,1,,231,460.01,1570,186,67,0.07896987073084855,7286.404924767625
3B_small,30.0,nucl,1,,236,470.01,1605,206,65,0.08073034555605854,7405.762937144495
3B_small,30.0,nucl,1,,241,480.01,1595,213,67,0.08022735274885569,7336.176141274071
3B_small,30.0,nucl,1,,246,490.01,1565,188,65,0.07871837432724713,7311.475353153235
3B_small,30.0,nucl,1,,251,500.01,1571,189,65,0.07902017001156883,7323.5572848060965
3B_small,30.0,nucl,1,,256,510.01,1611,221,65,0.08103214124038026,7414.096835799511
3B_small,30.0,nucl,1,,261,520.01,1570,180,69,0.07896987073084855,7307.455130141638
3B_small,30.0,nucl,1,,266,530.01,1597,219,65,0.08032795131029627,7392.928489669182
3B_small,30.0,nucl,1,,271,540.01,1586,195,66,0.07977465922237312,7342.938945072545
3B_small,30.0,nucl,1,,276,550.01,1572,188,65,0.07907046929228911,7326.822603117861
3B_small,30.0,nucl,1,,281,560.01,1619,210,69,0.08143453548614255,7441.3334782752345
3B_small,30.0,nucl,1,,286,570.01,1622,217,67,0.08158543332830341,7478.053410091992
3B_small,30.0,nucl,1,,291,580.01,1622,198,67,0.08158543332830341,7489.144475373005
3B_small,30.0,nucl,1,,296,590.01,1610,195,65,0.08098184195965998,7442.961433962914
3B_small,30.0,nucl,1,,301,600.01,1626,202,65,0.08178663045118455,7511.296608750631
3B_small,30.0,nucl,2,,0,0.0,0,0,0,0.0,0.0
3B_small,30.0,nucl,2,,1,0.01,1,1,1,5.02992807202857e-05,4.0
3B_small,30.0,nucl,2,,6,10.01,523,185,41,0.02630652381670942,2213.1425501892213
3B_small,30.0,nucl,2,,11,20.01,1203,200,53,0.0605100347065037,5450.954384332243
3B_small,30.0,nucl,2,,16,30.01,1465,215,58,0.07368844625521855,6806.211703413913
3B_small,30.0,nucl,2,,21,40.01,1533,197,61,0.07710879734419798,7230.007172566145
3B_small,30.0,nucl,2,,26,50.01,1591,184,60,0.08002615562597455,7396.618452855064
3B_small,30.0,nucl,2,,31,60.01,1623,200,60,0.0816357326090237,7544.703828812935
3B_small,30.0,nucl,2,,36,70.01,1639,202,59,0.08244052110054827,7606.335109485231
3B_small,30.0,nucl,2,,41,80.01,1670,204,63,0.08399979880287711,7661.725566526773
3B_small,30.0,nucl,2,,46,90.01,1669,212,62,0.08394949952215683,7697.603970448507
3B_small,30.0,nucl,2,,51,100.01,1649,205,59,0.08294351390775112,7656.8214247031565
3B_small,30.0,nucl,2,,56,110.01,1653,190,61,0.08314471103063226,7676.3723607208985
3B_small,30.0,nucl,2,,61,120.01,1675,207,59,0.08425129520647855,7738.069285729723
3B_small,30.0,nucl,2,,66,130.01,1687,211,62,0.08485488657512198,7758.988864413392
3B_small,30.0,nucl,2,,71,140.01,1700,212,62,0.08550877722448569,7828.065371803796
3B_small,30.0,nucl,2,,76,150.01,1684,200,61,0.08470398873296112,7776.834010652173
3B_small,30.0,nucl,2,,81,160.01,1672,194,61,0.0841003973643177,7705.166748602247
3B_small,30.0,nucl,2,,86,170.01,1697,216,60,0.08535787938232484,7825.370509186819
3B_small,30.0,nucl,2,,91,180.01,1694,208,60,0.08520698154016397,7802.269882724304
3B_small,30.0,nucl,2,,96,190.01,1675,201,59,0.08425129520647855,7758.011310749632
3B_small,30.0,nucl,2,,101,200.01,1679,194,61,0.0844524923293597,7790.506426549122
3B_small,30.0,nucl,2,,106,210.01,1678,184,59,0.0844021930486394,7836.1739407855775
3B_small,30.0,nucl,2,,111,220.01,1704,205,59,0.08570997434736684,7874.1620887522095
3B_small,30.0,nucl,2,,116,230.01,1677,190,59,0.08435189376791911,7803.488008392335
3B_small,30.0,nucl,2,,121,240.01,1699,194,59,0.0854584779437654,7818.734998942473
3B_small,30.0,nucl,2,,126,250.01,1719,215,59,0.08646446355817111,7849.46349338307
3B_small,30.0,nucl,2,,131,260.01,1685,193,58,0.0847542880136814,7783.474638445671
3B_small,30.0,nucl,2,,136,270.01,1699,204,57,0.0854584779437654,7863.547967849174
3B_small,30.0,nucl,2,,141,280.01,1682,182,57,0.08460339017152055,7798.835027813402
3B_small,30.0,nucl,2,,146,290.01,1724,212,59,0.08671595996177255,7941.616733419643
3B_small,30.0,nucl,2,,151,300.01,1710,210,57,0.08601177003168854,7915.805326339835
3B_small,30.0,nucl,2,,156,310.01,1676,176,57,0.08430159448719883,7835.579351256511
3B_small,30.0,nucl,2,,161,320.01,1717,214,57,0.08636386499673054,7907.297636194735
3B_small,30.0,nucl,2,,166,330.01,1711,202,57,0.08606206931240883,7870.824560966836
3B_small,30.0,nucl,2,,171,340.01,1715,205,57,0.08626326643528998,7899.497851258697
3B_small,30.0,nucl,2,,176,350.01,1684,184,57,0.08470398873296112,7836.351318917221
3B_small,30.0,nucl,2,,181,360.01,1708,196,57,0.08591117147024797,7922.707299748546
3B_small,30.0,nucl,2,,186,370.01,1717,199,58,0.08636386499673054,7906.654275128463
3B_small,30.0,nucl,2,,191,380.01,1723,217,59,0.08666566068105226,7952.311890109428
3B_small,30.0,nucl,2,,196,390.01,1685,189,57,0.0847542880136814,7848.594209310102
3B_small,30.0,nucl,2,,201,400.01,1688,185,57,0.08490518585584227,7856.082799847116
3B_small,30.0,nucl,2,,206,410.01,1730,209,61,0.08701775564609426,7965.498606410514
3B_small,30.0,nucl,2,,211,420.01,1711,184,60,0.08606206931240883,7886.3630766495635
3B_small,30.0,nucl,2,,216,430.01,1733,201,59,0.08716865348825512,7998.743477601234
3B_small,30.0,nucl,2,,221,440.01,1725,206,58,0.08676625924249283,7974.386495008519
3B_small,30.0,nucl,2,,226,450.01,1685,174,57,0.0847542880136814,7855.74919162888
3B_small,30.0,nucl,2,,231,460.01,1710,189,56,0.08601177003168854,7968.320868227167
3B_small,30.0,nucl,2,,236,470.01,1740,207,57,0.08752074845329712,8009.918398675389
3B_small,30.0,nucl,2,,241,480.01,1722,192,58,0.08661536140033198,7932.545950357813
3B_small,30.0,nucl,2,,246,490.01,1739,209,59,0.08747044917257683,7987.108847548831
3B_small,30.0,nucl,2,,251,500.01,1734,203,57,0.0872189527689754,7992.162248958566
3B_small,30.0,nucl,2,,256,510.01,1728,196,57,0.0869171570846537,7951.432622129726
3B_small,30.0,nucl,2,,261,520.01,1749,219,58,0.08797344197977969,8010.070862007483
3B_small,30.0,nucl,2,,266,530.01,1694,172,57,0.08520698154016397,7874.4944905537095
3B_small,30.0,nucl,2,,271,540.01,1743,208,58,0.08767164629545797,7993.440918732721
3B_small,30.0,nucl,2,,276,550.01,1693,164,56,0.08515668225944369,7872.512230305481
3B_small,30.0,nucl,2,,281,560.01,1730,197,57,0.08701775564609426,7983.308632045523
3B_small,30.0,nucl,2,,286,570.01,1771,231,56,0.08908002615562598,8091.717123688234
3B_small,30.0,nucl,2,,291,580.01,1704,174,57,0.08570997434736684,7877.719380204262
3B_small,30.0,nucl,2,,296,590.01,1757,212,57,0.08837583622554197,8071.436088971406
3B_small,30.0,nucl,2,,301,600.01,1748,197,58,0.0879231426990594,8052.983491413124
3B_small,30.0,nucl,3,,0,0.0,0,0,0,0.0,0.0
3B_small,30.0,nucl,3,,1,0.01,4,4,1,0.0002011971228811428,16.0
3B_small,30.0,nucl,3,,6,10.01,571,217,39,0.028720889291283136,2460.314255646022
3B_small,30.0,nucl,3,,11,20.01,930,200,56,0.0467783310698657,4298.692821288316
3B_small,30.0,nucl,3,,16,30.01,1181,188,62,0.05940345053065741,5464.725231302966
3B_small,30.0,nucl,3,,21,40.01,1277,179,64,0.06423218147980483,5991.412000249371
3B_small,30.0,nucl,3,,26,50.01,1326,190,65,0.06669684623509883,6182.485453662171
3B_small,30.0,nucl,3,,31,60.01,1380,209,65,0.06941300739399427,6413.423840348567
3B_small,30.0,nucl,3,,36,70.01,1374,193,66,0.06911121170967255,6422.669879964427
3B_small,30.0,nucl,3,,41,80.01,1367,177,65,0.06875911674463055,6392.02350018317
3B_small,30.0,nucl,3,,46,90.01,1373,176,66,0.06906091242895226,6413.760822603972
3B_small,30.0,nucl,3,,51,100.01,1416,208,65,0.07122378149992455,6560.700327812525
3B_small,30.0,nucl,3,,56,110.01,1438,192,67,0.07233036567577084,6670.544297717772
3B_small,30.0,nucl,3,,61,120.01,1457,204,65,0.07328605200945626,6741.195314021297
3B_small,30.0,nucl,3,,66,130.01,1472,209,65,0.07404054122026055,6813.180407685733
3B_small,30.0,nucl,3,,71,140.01,1488,206,68,0.07484532971178512,6864.51934791157
3B_small,30.0,nucl,3,,76,150.01,1462,186,68,0.0735375484130577,6809.957284225615
3B_small,30.0,nucl,3,,81,160.01,1492,209,69,0.07504652683466627,6856.788625815862
3B_small,30.0,nucl,3,,86,170.01,1493,204,68,0.07509682611538655,6897.131669226306
3B_small,30.0,nucl,3,,91,180.01,1503,205,69,0.0755998189225894,6906.951758805847
3B_small,30.0,nucl,3,,96,190.01,1494,190,69,0.07514712539610684,6902.30742453469
3B_small,30.0,nucl,3,,101,200.01,1517,225,68,0.07630400885267341,6969.044382820881
3B_small,30.0,nucl,3,,106,210.01,1518,218,69,0.0763543081333937,6953.724592648923
3B_small,30.0,nucl,3,,111,220.01,1508,221,68,0.07585131532619084,6916.672419040387
3B_small,30.0,nucl,3,,116,230.01,1485,200,68,0.07469443186962427,6877.3710827691775
3B_small,30.0,nucl,3,,121,240.01,1502,211,68,0.07554951964186912,6912.246603310244
3B_small,30.0,nucl,3,,126,250.01,1477,184,69,0.07429203762386198,6803.020821767941
3B_small,30.0,nucl,3,,131,260.01,1474,183,69,0.07414113978170112,6847.261313511376
3B_small,30.0,nucl,3,,136,270.01,1476,198,68,0.0742417383431417,6865.719170899236
3B_small,30.0,nucl,3,,141,280.01,1507,224,66,0.07580101604547054,6934.779366814598
3B_small,30.0,nucl,3,,146,290.01,1504,221,67,0.07565011820330969,6929.111801146788
3B_small,30.0,nucl,3,,151,300.01,1489,216,65,0.0748956289925054,6878.665920279906
3B_small,30.0,nucl,3,,156,310.01,1477,199,65,0.07429203762386198,6837.037484391245
3B_small,30.0,nucl,3,,161,320.01,1495,199,68,0.07519742467682712,6929.039734189479
3B_small,30.0,nucl,3,,166,330.01,1483,190,67,0.0745938333081837,6893.620973982699
3B_small,30.0,nucl,3,,171,340.01,1488,195,66,0.07484532971178512,6874.041701056382
3B_small,30.0,nucl,3,,176,350.01,1486,201,65,0.07474473115034455,6873.030343265569
3B_small,30.0,nucl,3,,181,360.01,1491,195,65,0.07499622755394598,6893.005890568354
3B_small,30.0,nucl,3,,186,370.01,1478,175,70,0.07434233690458227,6891.662740761229
3B_small,30.0,nucl,3,,191,380.01,1510,217,65,0.07595191388763141,6903.886692495007
3B_small,30.0,nucl,3,,196,390.01,1499,203,67,0.07539862179970827,6892.894591579342
3B_small,30.0,nucl,3,,201,400.01,1500,207,65,0.07544892108042855,6920.889702484234
3B_small,30.0,nucl,3,,206,410.01,1509,193,66,0.07590161460691112,6985.770856971096
3B_small,30.0,nucl,3,,211,420.01,1490,182,65,0.07494592827322569,6895.259772540145
3B_small,30.0,nucl,3,,216,430.01,1519,205,66,0.07640460741411398,6978.731348410911
3B_small,30.0,nucl,3,,221,440.01,1529,217,65,0.07690760022131683,7006.262180190159
3B_small,30.0,nucl,3,,226,450.01,1520,200,66,0.07645490669483426,7030.910782434089
3B_small,30.0,nucl,3,,231,460.01,1510,184,68,0.07595191388763141,6952.044462793078
3B_small,30.0,nucl,3,,236,470.01,1541,222,68,0.07751119158996027,7075.03474072461
3B_small,30.0,nucl,3,,241,480.01,1531,208,66,0.0770081987827574,6992.491321013154
3B_small,30.0,nucl,3,,246,490.01,1522,197,65,0.07655550525627483,6992.531273078643
3B_small,30.0,nucl,3,,251,500.01,1519,200,65,0.07640460741411398,7040.013612452249
3B_small,30.0,nucl,3,,256,510.01,1519,193,65,0.07640460741411398,7003.424423652508
3B_small,30.0,nucl,3,,261,520.01,1531,207,66,0.0770081987827574,7059.909638263359
3B_small,30.0,nucl,3,,266,530.01,1528,204,65,0.07685730094059655,7056.350485487719
3B_small,30.0,nucl,3,,271,540.01,1540,210,66,0.07746089230923998,7066.719564767413
3B_small,30.0,nucl,3,,276,550.01,1542,221,67,0.07756149087068055,7092.814583762185
3B_small,30.0,nucl,3,,281,560.01,1513,199,65,0.07610281172979226,6986.312120673805
3B_small,30.0,nucl,3,,286,570.01,1502,199,65,0.07554951964186912,6988.309561522331
3B_small,30.0,nucl,3,,291,580.01,1494,180,65,0.07514712539610684,6903.785533700214
3B_small,30.0,nucl,3,,296,590.01,1524,213,65,0.07665610381771541,7021.646418249511
3B_small,30.0,nucl,3,,301,600.01,1538,227,65,0.0773602937477994,7052.788044202312
3H_lowDi,25.0,seed1,0,1302,0,0.0,1,1,1,5.02992807202857e-05,10.0
3H_lowDi,25.0,seed1,0,1302,1,0.01,1,1,1,5.02992807202857e-05,10.19819691727176
3H_lowDi,25.0,seed1,0,1302,6,10.01,13,1,13,0.0006538906493637141,53.49403823207399
3H_lowDi,25.0,seed1,0,1302,11,20.01,19,1,19,0.0009556863336854283,75.55011920559573
3H_lowDi,25.0,seed1,0,1302,16,30.01,19,1,19,0.0009556863336854283,82.00853932194747
3H_lowDi,25.0,seed1,0,1302,21,40.01,19,1,19,0.0009556863336854283,82.45496417988817
3H_lowDi,25.0,seed1,0,1302,26,50.01,19,1,19,0.0009556863336854283,82.47972366112894
3H_lowDi,25.0,seed1,0,1302,31,60.01,19,1,19,0.0009556863336854283,82.4810645341256
3H_lowDi,25.0,seed1,0,1302,36,70.01,19,1,19,0.0009556863336854283,82.48113694096108
3H_lowDi,25.0,seed1,0,1302,41,80.01,19,1,19,0.0009556863336854283,82.48114084942573
3H_lowDi,25.0,seed1,0,1302,46,90.01,19,1,19,0.0009556863336854283,82.48114106039054
3H_lowDi,25.0,seed1,0,1302,51,100.01,19,1,19,0.0009556863336854283,82.48114107177712
3H_lowDi,25.0,seed1,0,1302,56,110.01,19,1,19,0.0009556863336854283,82.48114107239111
3H_lowDi,25.0,seed1,0,1302,61,120.01,19,1,19,0.0009556863336854283,82.48114107242364
3H_lowDi,25.0,seed1,0,1302,66,130.01,19,1,19,0.0009556863336854283,82.4811410724242
3H_lowDi,25.0,seed1,0,1302,71,140.01,19,1,19,0.0009556863336854283,82.4811410724242
3H_lowDi,25.0,seed1,0,1302,76,150.01,19,1,19,0.0009556863336854283,82.4811410724242
3H_lowDi,25.0,seed1,0,1302,81,160.01,19,1,19,0.0009556863336854283,82.4811410724242
3H_lowDi,25.0,seed1,0,1302,86,170.01,19,1,19,0.0009556863336854283,82.4811410724242
3H_lowDi,25.0,seed1,0,1302,91,180.01,19,1,19,0.0009556863336854283,82.4811410724242
3H_lowDi,25.0,seed1,0,1302,96,190.01,19,1,19,0.0009556863336854283,82.4811410724242
3H_lowDi,25.0,seed1,0,1302,101,200.01,19,1,19,0.0009556863336854283,82.4811410724242
3H_lowDi,25.0,seed1,0,1302,106,210.01,19,1,19,0.0009556863336854283,82.4811410724242
3H_lowDi,25.0,seed1,0,1302,111,220.01,19,1,19,0.0009556863336854283,82.4811410724242
3H_lowDi,25.0,seed1,0,1302,116,230.01,19,1,19,0.0009556863336854283,82.4811410724242
3H_lowDi,25.0,seed1,0,1302,121,240.01,19,1,19,0.0009556863336854283,82.4811410724242
3H_lowDi,25.0,seed1,0,1302,126,250.01,19,1,19,0.0009556863336854283,82.4811410724242
3H_lowDi,25.0,seed1,0,1302,131,260.01,19,1,19,0.0009556863336854283,82.4811410724242
3H_lowDi,25.0,seed1,0,1302,136,270.01,19,1,19,0.0009556863336854283,82.4811410724242
3H_lowDi,25.0,seed1,0,1302,141,280.01,19,1,19,0.0009556863336854283,82.4811410724242
3H_lowDi,25.0,seed1,0,1302,146,290.01,19,1,19,0.0009556863336854283,82.4811410724242
3H_lowDi,25.0,seed1,0,1302,151,300.01,19,1,19,0.0009556863336854283,82.4811410724242
3H_lowDi,25.0,seed1,0,1302,156,310.01,19,1,19,0.0009556863336854283,82.4811410724242
3H_lowDi,25.0,seed1,0,1302,161,320.01,19,1,19,0.0009556863336854283,82.4811410724242
3H_lowDi,25.0,seed1,0,1302,166,330.01,19,1,19,0.0009556863336854283,82.4811410724242
3H_lowDi,25.0,seed1,0,1302,171,340.01,19,1,19,0.0009556863336854283,82.4811410724242
3H_lowDi,25.0,seed1,0,1302,176,350.01,19,1,19,0.0009556863336854283,82.4811410724242
3H_lowDi,25.0,seed1,0,1302,181,360.01,19,1,19,0.0009556863336854283,82.4811410724242
3H_lowDi,25.0,seed1,0,1302,186,370.01,19,1,19,0.0009556863336854283,82.4811410724242
3H_lowDi,25.0,seed1,0,1302,191,380.01,19,1,19,0.0009556863336854283,82.4811410724242
3H_lowDi,25.0,seed1,0,1302,196,390.01,19,1,19,0.0009556863336854283,82.4811410724242
3H_lowDi,25.0,seed1,0,1302,201,400.01,19,1,19,0.0009556863336854283,82.4811410724242
3H_lowDi,25.0,seed1,0,1302,206,410.01,19,1,19,0.0009556863336854283,82.4811410724242
3H_lowDi,25.0,seed1,0,1302,211,420.01,19,1,19,0.0009556863336854283,82.4811410724242
3H_lowDi,25.0,seed1,0,1302,216,430.01,19,1,19,0.0009556863336854283,82.4811410724242
3H_lowDi,25.0,seed1,0,1302,221,440.01,19,1,19,0.0009556863336854283,82.4811410724242
3H_lowDi,25.0,seed1,0,1302,226,450.01,19,1,19,0.0009556863336854283,82.4811410724242
3H_lowDi,25.0,seed1,0,1302,231,460.01,19,1,19,0.0009556863336854283,82.4811410724242
3H_lowDi,25.0,seed1,0,1302,236,470.01,19,1,19,0.0009556863336854283,82.4811410724242
3H_lowDi,25.0,seed1,0,1302,241,480.01,19,1,19,0.0009556863336854283,82.4811410724242
3H_lowDi,25.0,seed1,0,1302,246,490.01,19,1,19,0.0009556863336854283,82.4811410724242
3H_lowDi,25.0,seed1,0,1302,251,500.01,19,1,19,0.0009556863336854283,82.4811410724242
3H_lowDi,25.0,seed1,0,1302,256,510.01,19,1,19,0.0009556863336854283,82.4811410724242
3H_lowDi,25.0,seed1,0,1302,261,520.01,19,1,19,0.0009556863336854283,82.4811410724242
3H_lowDi,25.0,seed1,0,1302,266,530.01,19,1,19,0.0009556863336854283,82.4811410724242
3H_lowDi,25.0,seed1,0,1302,271,540.01,19,1,19,0.0009556863336854283,82.4811410724242
3H_lowDi,25.0,seed1,0,1302,276,550.01,19,1,19,0.0009556863336854283,82.4811410724242
3H_lowDi,25.0,seed1,0,1302,281,560.01,19,1,19,0.0009556863336854283,82.4811410724242
3H_lowDi,25.0,seed1,0,1302,286,570.01,19,1,19,0.0009556863336854283,82.4811410724242
3H_lowDi,25.0,seed1,0,1302,291,580.01,19,1,19,0.0009556863336854283,82.4811410724242
3H_lowDi,25.0,seed1,0,1302,296,590.01,19,1,19,0.0009556863336854283,82.4811410724242
3H_lowDi,25.0,seed1,0,1302,301,600.01,19,1,19,0.0009556863336854283,82.4811410724242
3H_lowDi,25.0,seed1,0,1302,306,610.01,19,1,19,0.0009556863336854283,82.4811410724242
3H_lowDi,25.0,seed1,0,1302,311,620.01,19,1,19,0.0009556863336854283,82.4811410724242
3H_lowDi,25.0,seed1,0,1302,316,630.01,19,1,19,0.0009556863336854283,82.4811410724242
3H_lowDi,25.0,seed1,0,1302,321,640.01,19,1,19,0.0009556863336854283,82.4811410724242
3H_lowDi,25.0,seed1,0,1302,326,650.01,19,1,19,0.0009556863336854283,82.4811410724242
3H_lowDi,25.0,seed1,0,1302,331,660.01,19,1,19,0.0009556863336854283,82.4811410724242
3H_lowDi,25.0,seed1,0,1302,336,670.01,19,1,19,0.0009556863336854283,82.4811410724242
3H_lowDi,25.0,seed1,0,1302,341,680.01,19,1,19,0.0009556863336854283,82.4811410724242
3H_lowDi,25.0,seed1,0,1302,346,690.01,19,1,19,0.0009556863336854283,82.4811410724242
3H_lowDi,25.0,seed1,0,1302,351,700.01,19,1,19,0.0009556863336854283,82.4811410724242
3H_lowDi,25.0,seed1,0,1302,356,710.01,19,1,19,0.0009556863336854283,82.4811410724242
3H_lowDi,25.0,seed1,0,1302,361,720.01,19,1,19,0.0009556863336854283,82.4811410724242
3H_lowDi,25.0,seed1,0,1302,366,730.01,19,1,19,0.0009556863336854283,82.4811410724242
3H_lowDi,25.0,seed1,0,1302,371,740.01,19,1,19,0.0009556863336854283,82.4811410724242
3H_lowDi,25.0,seed1,0,1302,376,750.01,19,1,19,0.0009556863336854283,82.4811410724242
3H_lowDi,25.0,seed1,0,1302,381,760.01,19,1,19,0.0009556863336854283,82.4811410724242
3H_lowDi,25.0,seed1,0,1302,386,770.01,19,1,19,0.0009556863336854283,82.4811410724242
3H_lowDi,25.0,seed1,0,1302,391,780.01,19,1,19,0.0009556863336854283,82.4811410724242
3H_lowDi,25.0,seed1,0,1302,396,790.01,19,1,19,0.0009556863336854283,82.4811410724242
3H_lowDi,25.0,seed1,0,1302,401,800.01,19,1,19,0.0009556863336854283,82.4811410724242
3H_lowDi,25.0,seed1,0,1302,406,810.01,19,1,19,0.0009556863336854283,82.4811410724242
3H_lowDi,25.0,seed1,0,1302,411,820.01,19,1,19,0.0009556863336854283,82.4811410724242
3H_lowDi,25.0,seed1,0,1302,416,830.01,19,1,19,0.0009556863336854283,82.4811410724242
3H_lowDi,25.0,seed1,0,1302,421,840.01,19,1,19,0.0009556863336854283,82.4811410724242
3H_lowDi,25.0,seed1,0,1302,426,850.01,19,1,19,0.0009556863336854283,82.4811410724242
3H_lowDi,25.0,seed1,0,1302,431,860.01,19,1,19,0.0009556863336854283,82.4811410724242
3H_lowDi,25.0,seed1,0,1302,436,870.01,19,1,19,0.0009556863336854283,82.4811410724242
3H_lowDi,25.0,seed1,0,1302,441,880.01,19,1,19,0.0009556863336854283,82.4811410724242
3H_lowDi,25.0,seed1,0,1302,446,890.01,19,1,19,0.0009556863336854283,82.4811410724242
3H_lowDi,25.0,seed1,0,1302,451,900.01,19,1,19,0.0009556863336854283,82.4811410724242
3H_lowDi,25.0,seed1,0,1302,456,910.01,19,1,19,0.0009556863336854283,82.4811410724242
3H_lowDi,25.0,seed1,0,1302,461,920.01,19,1,19,0.0009556863336854283,82.4811410724242
3H_lowDi,25.0,seed1,0,1302,466,930.01,19,1,19,0.0009556863336854283,82.4811410724242
3H_lowDi,25.0,seed1,0,1302,471,940.01,19,1,19,0.0009556863336854283,82.4811410724242
3H_lowDi,25.0,seed1,0,1302,476,950.01,19,1,19,0.0009556863336854283,82.4811410724242
3H_lowDi,25.0,seed1,0,1302,481,960.01,19,1,19,0.0009556863336854283,82.4811410724242
3H_lowDi,25.0,seed1,0,1302,486,970.01,19,1,19,0.0009556863336854283,82.4811410724242
3H_lowDi,25.0,seed1,0,1302,491,980.01,19,1,19,0.0009556863336854283,82.4811410724242
3H_lowDi,25.0,seed1,0,1302,496,990.01,19,1,19,0.0009556863336854283,82.4811410724242
3H_lowDi,25.0,seed1,0,1302,501,1000.01,19,1,19,0.0009556863336854283,82.4811410724242
3H_lowDi,25.0,seed1_L5,0,1302,0,0.0,1,1,1,5.02992807202857e-05,5.0
3H_lowDi,25.0,seed1_L5,0,1302,1,0.01,1,1,1,5.02992807202857e-05,4.991714543245162
3H_lowDi,25.0,seed1_L5,0,1302,6,10.01,0,0,0,0.0,0.00024064465851190078
3H_lowDi,25.0,seed1_L5,0,1302,11,20.01,0,0,0,0.0,1.0388930090670657e-08
3H_lowDi,25.0,seed1_L5,0,1302,16,30.01,0,0,0,0.0,4.4850307127637576e-13
3H_lowDi,25.0,seed1_L5,0,1302,21,40.01,0,0,0,0.0,1.9362437054512507e-17
3H_lowDi,25.0,seed1_L5,0,1302,26,50.01,0,0,0,0.0,8.359005605536557e-22
3H_lowDi,25.0,seed1_L5,0,1302,31,60.01,0,0,0,0.0,3.6086869910369797e-26
3H_lowDi,25.0,seed1_L5,0,1302,36,70.01,0,0,0,0.0,1.5579151891768108e-30
3H_lowDi,25.0,seed1_L5,0,1302,41,80.01,0,0,0,0.0,6.725714207677453e-35
3H_lowDi,25.0,seed1_L5,0,1302,46,90.01,0,0,0,0.0,2.9035747207302254e-39
3H_lowDi,25.0,seed1_L5,0,1302,51,100.01,0,0,0,0.0,1.2535094264397747e-43
3H_lowDi,25.0,seed1_L5,0,1302,56,110.01,0,0,0,0.0,5.411556558042369e-48
3H_lowDi,25.0,seed1_L5,0,1302,61,120.01,0,0,0,0.0,2.336236470440171e-52
3H_lowDi,25.0,seed1_L5,0,1302,66,130.01,0,0,0,0.0,1.008582426751758e-56
3H_lowDi,25.0,seed1_L5,0,1302,71,140.01,0,0,0,0.0,4.354176147934217e-61
3H_lowDi,25.0,seed1_L5,0,1302,76,150.01,0,0,0,0.0,1.8797521575205496e-65
3H_lowDi,25.0,seed1_L5,0,1302,81,160.01,0,0,0,0.0,8.11512454630384e-70
3H_lowDi,25.0,seed1_L5,0,1302,86,170.01,0,0,0,0.0,3.503400495567884e-74
3H_lowDi,25.0,seed1_L5,0,1302,91,180.01,0,0,0,0.0,1.5124616957278362e-78
3H_lowDi,25.0,seed1_L5,0,1302,96,190.01,0,0,0,0.0,6.529485806541008e-83
3H_lowDi,25.0,seed1_L5,0,1302,101,200.01,0,0,0,0.0,2.8188604721856325e-87
3H_lowDi,25.0,seed1_L5,0,1302,106,210.01,0,0,0,0.0,1.2169372286085124e-91
3H_lowDi,25.0,seed1_L5,0,1302,111,220.01,0,0,0,0.0,5.253669817949899e-96
3H_lowDi,25.0,seed1_L5,0,1302,116,230.01,0,0,0,0.0,2.2680747952462268e-100
3H_lowDi,25.0,seed1_L5,0,1302,121,240.01,0,0,0,0.0,9.791561813145295e-105
3H_lowDi,25.0,seed1_L5,0,1302,126,250.01,0,0,0,0.0,4.227139375720479e-109
3H_lowDi,25.0,seed1_L5,0,1302,131,260.01,0,0,0,0.0,1.82490879828564e-113
3H_lowDi,25.0,seed1_L5,0,1302,136,270.01,0,0,0,0.0,7.878358923267642e-118
3H_lowDi,25.0,seed1_L5,0,1302,141,280.01,0,0,0,0.0,3.401185822663543e-122
3H_lowDi,25.0,seed1_L5,0,1302,146,290.01,0,0,0,0.0,1.4683343463983096e-126
3H_lowDi,25.0,seed1_L5,0,1302,151,300.01,0,0,0,0.0,6.338982534992861e-131
3H_lowDi,25.0,seed1_L5,0,1302,156,310.01,0,0,0,0.0,2.736617833500189e-135
3H_lowDi,25.0,seed1_L5,0,1302,161,320.01,0,0,0,0.0,1.1814320555845632e-139
3H_lowDi,25.0,seed1_L5,0,1302,166,330.01,0,0,0,0.0,5.10038955705238e-144
3H_lowDi,25.0,seed1_L5,0,1302,171,340.01,0,0,0,0.0,2.2019017945824606e-148
3H_lowDi,25.0,seed1_L5,0,1302,176,350.01,0,0,0,0.0,9.505884714789198e-153
3H_lowDi,25.0,seed1_L5,0,1302,181,360.01,0,0,0,0.0,4.103809008793592e-157
3H_lowDi,25.0,seed1_L5,0,1302,186,370.01,0,0,0,0.0,1.7716655404471631e-161
3H_lowDi,25.0,seed1_L5,0,1302,191,380.01,0,0,0,0.0,7.648501137558224e-166
3H_lowDi,25.0,seed1_L5,0,1302,196,390.01,0,0,0,0.0,3.301953349302269e-170
3H_lowDi,25.0,seed1_L5,0,1302,201,400.01,0,0,0,0.0,1.4254944498117974e-174
3H_lowDi,25.0,seed1_L5,0,1302,206,410.01,0,0,0,0.0,6.1540373575345265e-179
3H_lowDi,25.0,seed1_L5,0,1302,211,420.01,0,0,0,0.0,2.6567746933655685e-183
3H_lowDi,25.0,seed1_L5,0,1302,216,430.01,0,0,0,0.0,1.1469627760166064e-187
3H_lowDi,25.0,seed1_L5,0,1302,221,440.01,0,0,0,0.0,4.951581377422843e-192
3H_lowDi,25.0,seed1_L5,0,1302,226,450.01,0,0,0,0.0,2.1376594471873e-196
3H_lowDi,25.0,seed1_L5,0,1302,231,460.01,0,0,0,0.0,9.228542487425376e-201
3H_lowDi,25.0,seed1_L5,0,1302,236,470.01,0,0,0,0.0,3.984076909644123e-205
3H_lowDi,25.0,seed1_L5,0,1302,241,480.01,0,0,0,0.0,1.719975699693371e-209
3H_lowDi,25.0,seed1_L5,0,1302,246,490.01,0,0,0,0.0,7.425349647178264e-214
3H_lowDi,25.0,seed1_L5,0,1302,251,500.01,0,0,0,0.0,3.205616067289767e-218
3H_lowDi,25.0,seed1_L5,0,1302,256,510.01,0,0,0,0.0,1.3839044434454796e-222
3H_lowDi,25.0,seed1_L5,0,1302,261,520.01,0,0,0,0.0,5.974488112069414e-227
3H_lowDi,25.0,seed1_L5,0,1302,266,530.01,0,0,0,0.0,2.579261044381852e-231
3H_lowDi,25.0,seed1_L5,0,1302,271,540.01,0,0,0,0.0,1.113499166836818e-235
3H_lowDi,25.0,seed1_L5,0,1302,276,550.01,0,0,0,0.0,4.807114802307414e-240
3H_lowDi,25.0,seed1_L5,0,1302,281,560.01,0,0,0,0.0,2.0752914246185073e-244
3H_lowDi,25.0,seed1_L5,0,1302,286,570.01,0,0,0,0.0,8.95929195414231e-249
3H_lowDi,25.0,seed1_L5,0,1302,291,580.01,0,0,0,0.0,3.86783809576597e-253
3H_lowDi,25.0,seed1_L5,0,1302,296,590.01,0,0,0,0.0,1.669793953766823e-257
3H_lowDi,25.0,seed1_L5,0,1302,301,600.01,0,0,0,0.0,7.208708790288869e-262
3H_lowDi,25.0,seed1_L5,0,1302,306,610.01,0,0,0,0.0,3.1120895069694676e-266
3H_lowDi,25.0,seed1_L5,0,1302,311,620.01,0,0,0,0.0,1.343527860694926e-270
3H_lowDi,25.0,seed1_L5,0,1302,316,630.01,0,0,0,0.0,5.800177367717301e-275
3H_lowDi,25.0,seed1_L5,0,1302,321,640.01,0,0,0,0.0,2.50400892167424e-279
3H_lowDi,25.0,seed1_L5,0,1302,326,650.01,0,0,0,0.0,1.0810118867609425e-283
3H_lowDi,25.0,seed1_L5,0,1302,331,660.01,0,0,0,0.0,4.666863161721919e-288
3H_lowDi,25.0,seed1_L5,0,1302,336,670.01,0,0,0,0.0,2.01474304186384e-292
3H_lowDi,25.0,seed1_L5,0,1302,341,680.01,0,0,0,0.0,8.697897032920601e-297
3H_lowDi,25.0,seed1_L5,0,1302,346,690.01,0,0,0,0.0,3.754990647606452e-301
3H_lowDi,25.0,seed1_L5,0,1302,351,700.01,0,0,0,0.0,1.6210763027252633e-305
3H_lowDi,25.0,seed1_L5,0,1302,356,710.01,0,0,0,0.0,6.99838861372334e-310
3H_lowDi,25.0,seed1_L5,0,1302,361,720.01,0,0,0,0.0,3.0212923903e-314
3H_lowDi,25.0,seed1_L5,0,1302,366,730.01,0,0,0,0.0,1.311477e-318
3H_lowDi,25.0,seed1_L5,0,1302,371,740.01,0,0,0,0.0,8.957e-321
3H_lowDi,25.0,seed1_L5,0,1302,376,750.01,0,0,0,0.0,8.957e-321
3H_lowDi,25.0,seed1_L5,0,1302,381,760.01,0,0,0,0.0,8.957e-321
3H_lowDi,25.0,seed1_L5,0,1302,386,770.01,0,0,0,0.0,8.957e-321
3H_lowDi,25.0,seed1_L5,0,1302,391,780.01,0,0,0,0.0,8.957e-321
3H_lowDi,25.0,seed1_L5,0,1302,396,790.01,0,0,0,0.0,8.957e-321
3H_lowDi,25.0,seed1_L5,0,1302,401,800.01,0,0,0,0.0,8.957e-321
3H_lowDi,25.0,seed1_L5,0,1302,406,810.01,0,0,0,0.0,8.957e-321
3H_lowDi,25.0,seed1_L5,0,1302,411,820.01,0,0,0,0.0,8.957e-321
3H_lowDi,25.0,seed1_L5,0,1302,416,830.01,0,0,0,0.0,8.957e-321
3H_lowDi,25.0,seed1_L5,0,1302,421,840.01,0,0,0,0.0,8.957e-321
3H_lowDi,25.0,seed1_L5,0,1302,426,850.01,0,0,0,0.0,8.957e-321
3H_lowDi,25.0,seed1_L5,0,1302,431,860.01,0,0,0,0.0,8.957e-321
3H_lowDi,25.0,seed1_L5,0,1302,436,870.01,0,0,0,0.0,8.957e-321
3H_lowDi,25.0,seed1_L5,0,1302,441,880.01,0,0,0,0.0,8.957e-321
3H_lowDi,25.0,seed1_L5,0,1302,446,890.01,0,0,0,0.0,8.957e-321
3H_lowDi,25.0,seed1_L5,0,1302,451,900.01,0,0,0,0.0,8.957e-321
3H_lowDi,25.0,seed1_L5,0,1302,456,910.01,0,0,0,0.0,8.957e-321
3H_lowDi,25.0,seed1_L5,0,1302,461,920.01,0,0,0,0.0,8.957e-321
3H_lowDi,25.0,seed1_L5,0,1302,466,930.01,0,0,0,0.0,8.957e-321
3H_lowDi,25.0,seed1_L5,0,1302,471,940.01,0,0,0,0.0,8.957e-321
3H_lowDi,25.0,seed1_L5,0,1302,476,950.01,0,0,0,0.0,8.957e-321
3H_lowDi,25.0,seed1_L5,0,1302,481,960.01,0,0,0,0.0,8.957e-321
3H_lowDi,25.0,seed1_L5,0,1302,486,970.01,0,0,0,0.0,8.957e-321
3H_lowDi,25.0,seed1_L5,0,1302,491,980.01,0,0,0,0.0,8.957e-321
3H_lowDi,25.0,seed1_L5,0,1302,496,990.01,0,0,0,0.0,8.957e-321
3H_lowDi,25.0,seed1_L5,0,1302,501,1000.01,0,0,0,0.0,8.957e-321
3H_lowDi,25.0,seed9,1,1007,0,0.0,9,9,1,0.0004526935264825713,90.0
3H_lowDi,25.0,seed9,1,1007,1,0.01,9,9,1,0.0004526935264825713,91.78377225544584
3H_lowDi,25.0,seed9,1,1007,6,10.01,113,9,13,0.005683818721392284,459.5645438424776
3H_lowDi,25.0,seed9,1,1007,11,20.01,152,9,19,0.007645490669483427,611.2227306757914
3H_lowDi,25.0,seed9,1,1007,16,30.01,152,9,19,0.007645490669483427,665.5070197188713
3H_lowDi,25.0,seed9,1,1007,21,40.01,154,9,19,0.007746089230923998,675.0563274230315
3H_lowDi,25.0,seed9,1,1007,26,50.01,154,9,19,0.007746089230923998,673.463197135763
3H_lowDi,25.0,seed9,1,1007,31,60.01,153,9,19,0.007695789950203712,668.7645438480542
3H_lowDi,25.0,seed9,1,1007,36,70.01,154,9,19,0.007746089230923998,671.340858274081
3H_lowDi,25.0,seed9,1,1007,41,80.01,156,9,19,0.00784668779236457,680.7265662553582
3H_lowDi,25.0,seed9,1,1007,46,90.01,156,9,19,0.00784668779236457,683.9993181817148
3H_lowDi,25.0,seed9,1,1007,51,100.01,156,9,19,0.00784668779236457,684.7105879378538
3H_lowDi,25.0,seed9,1,1007,56,110.01,156,9,19,0.00784668779236457,685.0938288205951
3H_lowDi,25.0,seed9,1,1007,61,120.01,156,9,19,0.00784668779236457,685.3843614973184
3H_lowDi,25.0,seed9,1,1007,66,130.01,156,9,19,0.00784668779236457,685.5588065698199
3H_lowDi,25.0,seed9,1,1007,71,140.01,156,9,19,0.00784668779236457,685.5756491578281
3H_lowDi,25.0,seed9,1,1007,76,150.01,154,9,19,0.007746089230923998,685.602610064642
3H_lowDi,25.0,seed9,1,1007,81,160.01,156,9,19,0.00784668779236457,685.7520100322172
3H_lowDi,25.0,seed9,1,1007,86,170.01,155,9,19,0.007796388511644284,685.8780570673833
3H_lowDi,25.0,seed9,1,1007,91,180.01,155,9,19,0.007796388511644284,685.9755244071729
3H_lowDi,25.0,seed9,1,1007,96,190.01,156,9,19,0.00784668779236457,686.248135023963
3H_lowDi,25.0,seed9,1,1007,101,200.01,156,9,19,0.00784668779236457,686.67825728635
3H_lowDi,25.0,seed9,1,1007,106,210.01,154,9,19,0.007746089230923998,687.1803364077584
3H_lowDi,25.0,seed9,1,1007,111,220.01,156,9,19,0.00784668779236457,687.9383305644994
3H_lowDi,25.0,seed9,1,1007,116,230.01,156,9,19,0.00784668779236457,688.6130678245031
3H_lowDi,25.0,seed9,1,1007,121,240.01,156,9,19,0.00784668779236457,689.1473828844646
3H_lowDi,25.0,seed9,1,1007,126,250.01,156,9,19,0.00784668779236457,689.5527609498542
3H_lowDi,25.0,seed9,1,1007,131,260.01,154,9,19,0.007746089230923998,689.8132223914374
3H_lowDi,25.0,seed9,1,1007,136,270.01,156,9,19,0.00784668779236457,690.1644738313751
3H_lowDi,25.0,seed9,1,1007,141,280.01,156,9,19,0.00784668779236457,690.5181575108086
3H_lowDi,25.0,seed9,1,1007,146,290.01,157,9,19,0.007896987073084855,690.7798630997434
3H_lowDi,25.0,seed9,1,1007,151,300.01,156,9,19,0.00784668779236457,691.0627744963394
3H_lowDi,25.0,seed9,1,1007,156,310.01,156,9,19,0.00784668779236457,691.3906034948808
3H_lowDi,25.0,seed9,1,1007,161,320.01,156,9,19,0.00784668779236457,691.6333526570204
3H_lowDi,25.0,seed9,1,1007,166,330.01,156,9,19,0.00784668779236457,691.8845600799559
3H_lowDi,25.0,seed9,1,1007,171,340.01,156,9,19,0.00784668779236457,692.3366992370418
3H_lowDi,25.0,seed9,1,1007,176,350.01,156,9,19,0.00784668779236457,692.8093572294338
3H_lowDi,25.0,seed9,1,1007,181,360.01,156,9,19,0.00784668779236457,693.1958573951486
3H_lowDi,25.0,seed9,1,1007,186,370.01,156,9,19,0.00784668779236457,693.5009649646668
3H_lowDi,25.0,seed9,1,1007,191,380.01,156,9,19,0.00784668779236457,693.7223263654346
3H_lowDi,25.0,seed9,1,1007,196,390.01,156,9,19,0.00784668779236457,693.8314435549632
3H_lowDi,25.0,seed9,1,1007,201,400.01,156,9,19,0.00784668779236457,693.7831368809926
3H_lowDi,25.0,seed9,1,1007,206,410.01,156,9,19,0.00784668779236457,693.6028234599825
3H_lowDi,25.0,seed9,1,1007,211,420.01,156,9,19,0.00784668779236457,693.493155008603
3H_lowDi,25.0,seed9,1,1007,216,430.01,156,9,19,0.00784668779236457,693.6248398156729
3H_lowDi,25.0,seed9,1,1007,221,440.01,158,9,19,0.007947286353805141,693.8855666670499
3H_lowDi,25.0,seed9,1,1007,226,450.01,158,9,19,0.007947286353805141,694.1208330061736
3H_lowDi,25.0,seed9,1,1007,231,460.01,158,9,19,0.007947286353805141,694.2908634263414
3H_lowDi,25.0,seed9,1,1007,236,470.01,158,9,19,0.007947286353805141,694.4076617386789
3H_lowDi,25.0,seed9,1,1007,241,480.01,158,9,19,0.007947286353805141,694.4850223868482
3H_lowDi,25.0,seed9,1,1007,246,490.01,157,9,19,0.007896987073084855,694.5287479504411
3H_lowDi,25.0,seed9,1,1007,251,500.01,156,9,19,0.00784668779236457,694.5355206406758
3H_lowDi,25.0,seed9,1,1007,256,510.01,156,9,19,0.00784668779236457,694.4964296552575
3H_lowDi,25.0,seed9,1,1007,261,520.01,158,9,19,0.007947286353805141,694.4145584595024
3H_lowDi,25.0,seed9,1,1007,266,530.01,156,9,19,0.00784668779236457,694.3267135561857
3H_lowDi,25.0,seed9,1,1007,271,540.01,158,9,19,0.007947286353805141,694.3065717632478
3H_lowDi,25.0,seed9,1,1007,276,550.01,156,9,19,0.00784668779236457,694.410657085298
3H_lowDi,25.0,seed9,1,1007,281,560.01,156,9,19,0.00784668779236457,694.6068769992204
3H_lowDi,25.0,seed9,1,1007,286,570.01,156,9,19,0.00784668779236457,694.8249952354398
3H_lowDi,25.0,seed9,1,1007,291,580.01,156,9,19,0.00784668779236457,695.031955437714
3H_lowDi,25.0,seed9,1,1007,296,590.01,156,9,19,0.00784668779236457,695.2272136403813
3H_lowDi,25.0,seed9,1,1007,301,600.01,156,9,19,0.00784668779236457,695.4166386497254
3H_lowDi,25.0,seed9,2,2007,0,0.0,9,9,1,0.0004526935264825713,90.0
3H_lowDi,25.0,seed9,2,2007,1,0.01,9,9,1,0.0004526935264825713,91.78461453166156
3H_lowDi,25.0,seed9,2,2007,6,10.01,102,9,13,0.0051305266334691416,413.5114341740487
3H_lowDi,25.0,seed9,2,2007,11,20.01,128,9,19,0.00643830793219657,514.8619904292948
3H_lowDi,25.0,seed9,2,2007,16,30.01,128,9,19,0.00643830793219657,556.3529553659092
3H_lowDi,25.0,seed9,2,2007,21,40.01,128,9,19,0.00643830793219657,561.3475658842807
3H_lowDi,25.0,seed9,2,2007,26,50.01,127,9,19,0.006388008651476284,562.152257597604
3H_lowDi,25.0,seed9,2,2007,31,60.01,126,9,19,0.006337709370755998,562.6421403791121
3H_lowDi,25.0,seed9,2,2007,36,70.01,126,9,19,0.006337709370755998,563.4040194344419
3H_lowDi,25.0,seed9,2,2007,41,80.01,128,9,19,0.00643830793219657,564.3153385171547
3H_lowDi,25.0,seed9,2,2007,46,90.01,126,9,19,0.006337709370755998,565.3234220806232
3H_lowDi,25.0,seed9,2,2007,51,100.01,128,9,19,0.00643830793219657,566.4473791786974
3H_lowDi,25.0,seed9,2,2007,56,110.01,128,9,19,0.00643830793219657,567.2544982830008
3H_lowDi,25.0,seed9,2,2007,61,120.01,126,9,19,0.006337709370755998,567.7067906112818
3H_lowDi,25.0,seed9,2,2007,66,130.01,126,9,19,0.006337709370755998,568.0263513369999
3H_lowDi,25.0,seed9,2,2007,71,140.01,128,9,19,0.00643830793219657,568.2430518360497
3H_lowDi,25.0,seed9,2,2007,76,150.01,124,9,19,0.006237110809315427,568.46111468459
3H_lowDi,25.0,seed9,2,2007,81,160.01,132,9,19,0.006639505055077713,568.7831916826722
3H_lowDi,25.0,seed9,2,2007,86,170.01,132,9,19,0.006639505055077713,569.2158359399612
3H_lowDi,25.0,seed9,2,2007,91,180.01,132,9,19,0.006639505055077713,569.8277564958737
3H_lowDi,25.0,seed9,2,2007,96,190.01,132,9,19,0.006639505055077713,570.4149888958485
3H_lowDi,25.0,seed9,2,2007,101,200.01,132,9,19,0.006639505055077713,570.8277683182022
3H_lowDi,25.0,seed9,2,2007,106,210.01,132,9,19,0.006639505055077713,571.0520472101529
3H_lowDi,25.0,seed9,2,2007,111,220.01,130,9,19,0.006538906493637141,571.1600974565488
3H_lowDi,25.0,seed9,2,2007,116,230.01,129,9,19,0.0064886072129168556,571.2205909810564
3H_lowDi,25.0,seed9,2,2007,121,240.01,130,9,19,0.006538906493637141,571.3892056394676
3H_lowDi,25.0,seed9,2,2007,126,250.01,128,9,19,0.00643830793219657,571.7481593827781
3H_lowDi,25.0,seed9,2,2007,131,260.01,128,9,19,0.00643830793219657,572.1005810002841
3H_lowDi,25.0,seed9,2,2007,136,270.01,128,9,19,0.00643830793219657,572.3793795815868
3H_lowDi,25.0,seed9,2,2007,141,280.01,128,9,19,0.00643830793219657,572.6244137588634
3H_lowDi,25.0,seed9,2,2007,146,290.01,128,9,19,0.00643830793219657,572.8677127612574
3H_lowDi,25.0,seed9,2,2007,151,300.01,128,9,19,0.00643830793219657,573.1152682273153
3H_lowDi,25.0,seed9,2,2007,156,310.01,128,9,19,0.00643830793219657,573.3577447804878
3H_lowDi,25.0,seed9,2,2007,161,320.01,128,9,19,0.00643830793219657,573.5735615891432
3H_lowDi,25.0,seed9,2,2007,166,330.01,128,9,19,0.00643830793219657,573.725731848439
3H_lowDi,25.0,seed9,2,2007,171,340.01,128,9,19,0.00643830793219657,573.7855245898913
3H_lowDi,25.0,seed9,2,2007,176,350.01,128,9,19,0.00643830793219657,573.7928443993951
3H_lowDi,25.0,seed9,2,2007,181,360.01,128,9,19,0.00643830793219657,573.8670901870092
3H_lowDi,25.0,seed9,2,2007,186,370.01,128,9,19,0.00643830793219657,574.0532150944425
3H_lowDi,25.0,seed9,2,2007,191,380.01,128,9,19,0.00643830793219657,574.2567169525278
3H_lowDi,25.0,seed9,2,2007,196,390.01,128,9,19,0.00643830793219657,574.399025904163
3H_lowDi,25.0,seed9,2,2007,201,400.01,128,9,19,0.00643830793219657,574.4585386710817
3H_lowDi,25.0,seed9,2,2007,206,410.01,128,9,19,0.00643830793219657,574.4301715098151
3H_lowDi,25.0,seed9,2,2007,211,420.01,128,9,19,0.00643830793219657,574.3125403432421
3H_lowDi,25.0,seed9,2,2007,216,430.01,131,9,19,0.006589205774357427,574.1222650239393
3H_lowDi,25.0,seed9,2,2007,221,440.01,131,9,19,0.006589205774357427,573.9188096919293
3H_lowDi,25.0,seed9,2,2007,226,450.01,129,9,19,0.0064886072129168556,573.7981477797728
3H_lowDi,25.0,seed9,2,2007,231,460.01,128,9,19,0.00643830793219657,573.8533592713987
3H_lowDi,25.0,seed9,2,2007,236,470.01,128,9,19,0.00643830793219657,574.1313304974125
3H_lowDi,25.0,seed9,2,2007,241,480.01,128,9,19,0.00643830793219657,574.5618000266684
3H_lowDi,25.0,seed9,2,2007,246,490.01,128,9,19,0.00643830793219657,575.0202940671179
3H_lowDi,25.0,seed9,2,2007,251,500.01,128,9,19,0.00643830793219657,575.4452957824947
3H_lowDi,25.0,seed9,2,2007,256,510.01,128,9,19,0.00643830793219657,575.8299880924644
3H_lowDi,25.0,seed9,2,2007,261,520.01,128,9,19,0.00643830793219657,576.1787455729436
3H_lowDi,25.0,seed9,2,2007,266,530.01,128,9,19,0.00643830793219657,576.4876789322295
3H_lowDi,25.0,seed9,2,2007,271,540.01,128,9,19,0.00643830793219657,576.7422877844658
3H_lowDi,25.0,seed9,2,2007,276,550.01,128,9,19,0.00643830793219657,576.9236833155462
3H_lowDi,25.0,seed9,2,2007,281,560.01,128,9,19,0.00643830793219657,577.0182492947524
3H_lowDi,25.0,seed9,2,2007,286,570.01,128,9,19,0.00643830793219657,577.0233901347794
3H_lowDi,25.0,seed9,2,2007,291,580.01,128,9,19,0.00643830793219657,576.9458561933859
3H_lowDi,25.0,seed9,2,2007,296,590.01,128,9,19,0.00643830793219657,576.7994606473347
3H_lowDi,25.0,seed9,2,2007,301,600.01,128,9,19,0.00643830793219657,576.6097418718185
3H_lowDi,25.0,seed9,3,3007,0,0.0,9,9,1,0.0004526935264825713,90.0
3H_lowDi,25.0,seed9,3,3007,1,0.01,9,9,1,0.0004526935264825713,91.68497372011149
3H_lowDi,25.0,seed9,3,3007,6,10.01,97,8,14,0.004879030229867713,410.9427670500305
3H_lowDi,25.0,seed9,3,3007,11,20.01,118,8,19,0.0059353151249937125,497.20449962347806
3H_lowDi,25.0,seed9,3,3007,16,30.01,120,8,19,0.006035913686434284,539.7151595729566
3H_lowDi,25.0,seed9,3,3007,21,40.01,120,8,19,0.006035913686434284,546.546602461493
3H_lowDi,25.0,seed9,3,3007,26,50.01,122,8,19,0.006136512247874855,548.0355666568425
3H_lowDi,25.0,seed9,3,3007,31,60.01,120,8,19,0.006035913686434284,549.0640834038375
3H_lowDi,25.0,seed9,3,3007,36,70.01,120,8,19,0.006035913686434284,550.0846514599498
3H_lowDi,25.0,seed9,3,3007,41,80.01,120,8,19,0.006035913686434284,550.4714016527462
3H_lowDi,25.0,seed9,3,3007,46,90.01,121,8,19,0.00608621296715457,550.5327184431591
3H_lowDi,25.0,seed9,3,3007,51,100.01,120,8,19,0.006035913686434284,550.5138059437448
3H_lowDi,25.0,seed9,3,3007,56,110.01,121,8,19,0.00608621296715457,550.5398995541461
3H_lowDi,25.0,seed9,3,3007,61,120.01,121,8,19,0.00608621296715457,550.6485738735219
3H_lowDi,25.0,seed9,3,3007,66,130.01,120,8,19,0.006035913686434284,550.8245929812731
3H_lowDi,25.0,seed9,3,3007,71,140.01,120,8,19,0.006035913686434284,551.038983967221
3H_lowDi,25.0,seed9,3,3007,76,150.01,120,8,19,0.006035913686434284,551.2716450651703
3H_lowDi,25.0,seed9,3,3007,81,160.01,120,8,19,0.006035913686434284,551.5086532798069
3H_lowDi,25.0,seed9,3,3007,86,170.01,122,8,19,0.006136512247874855,551.7005652645661
3H_lowDi,25.0,seed9,3,3007,91,180.01,122,8,19,0.006136512247874855,551.7842971035278
3H_lowDi,25.0,seed9,3,3007,96,190.01,120,8,19,0.006035913686434284,551.8407862559579
3H_lowDi,25.0,seed9,3,3007,101,200.01,120,8,19,0.006035913686434284,552.0218356530823
3H_lowDi,25.0,seed9,3,3007,106,210.01,122,8,19,0.006136512247874855,552.4856859307912
3H_lowDi,25.0,seed9,3,3007,111,220.01,122,8,19,0.006136512247874855,553.1510336502124
3H_lowDi,25.0,seed9,3,3007,116,230.01,122,8,19,0.006136512247874855,553.7860572480712
3H_lowDi,25.0,seed9,3,3007,121,240.01,122,8,19,0.006136512247874855,554.2873478481722
3H_lowDi,25.0,seed9,3,3007,126,250.01,120,8,19,0.006035913686434284,554.8488140937858
3H_lowDi,25.0,seed9,3,3007,131,260.01,123,8,19,0.006186811528595141,555.5253792057997
3H_lowDi,25.0,seed9,3,3007,136,270.01,124,8,19,0.006237110809315427,556.0872683641132
3H_lowDi,25.0,seed9,3,3007,141,280.01,124,8,19,0.006237110809315427,556.6401250941276
3H_lowDi,25.0,seed9,3,3007,146,290.01,124,8,19,0.006237110809315427,557.5960411812392
3H_lowDi,25.0,seed9,3,3007,151,300.01,127,8,19,0.006388008651476284,560.7666560662522
3H_lowDi,25.0,seed9,3,3007,156,310.01,127,8,19,0.006388008651476284,566.1822629882063
3H_lowDi,25.0,seed9,3,3007,161,320.01,126,8,19,0.006337709370755998,567.5076420102164
3H_lowDi,25.0,seed9,3,3007,166,330.01,126,8,19,0.006337709370755998,567.66981208721
3H_lowDi,25.0,seed9,3,3007,171,340.01,128,8,19,0.00643830793219657,567.7939583722402
3H_lowDi,25.0,seed9,3,3007,176,350.01,125,8,19,0.006287410090035713,568.013811952301
3H_lowDi,25.0,seed9,3,3007,181,360.01,125,8,19,0.006287410090035713,568.3326872561427
3H_lowDi,25.0,seed9,3,3007,186,370.01,125,8,19,0.006287410090035713,568.7200640251896
3H_lowDi,25.0,seed9,3,3007,191,380.01,125,8,19,0.006287410090035713,569.1217264322328
3H_lowDi,25.0,seed9,3,3007,196,390.01,125,8,19,0.006287410090035713,569.4950647633859
3H_lowDi,25.0,seed9,3,3007,201,400.01,125,8,19,0.006287410090035713,569.8241034175142
3H_lowDi,25.0,seed9,3,3007,206,410.01,125,8,19,0.006287410090035713,570.0894603584818
3H_lowDi,25.0,seed9,3,3007,211,420.01,127,8,19,0.006388008651476284,570.2498268701165
3H_lowDi,25.0,seed9,3,3007,216,430.01,127,8,19,0.006388008651476284,570.2713528839356
3H_lowDi,25.0,seed9,3,3007,221,440.01,127,8,19,0.006388008651476284,570.1904398384657
3H_lowDi,25.0,seed9,3,3007,226,450.01,123,8,19,0.006186811528595141,570.1179480487112
3H_lowDi,25.0,seed9,3,3007,231,460.01,127,8,19,0.006388008651476284,570.1347146010809
3H_lowDi,25.0,seed9,3,3007,236,470.01,125,8,19,0.006287410090035713,570.2842136777208
3H_lowDi,25.0,seed9,3,3007,241,480.01,126,8,19,0.006337709370755998,570.6205578260798
3H_lowDi,25.0,seed9,3,3007,246,490.01,125,8,19,0.006287410090035713,571.0748402810402
3H_lowDi,25.0,seed9,3,3007,251,500.01,125,8,19,0.006287410090035713,571.4876782168083
3H_lowDi,25.0,seed9,3,3007,256,510.01,125,8,19,0.006287410090035713,571.8113025084315
3H_lowDi,25.0,seed9,3,3007,261,520.01,125,8,19,0.006287410090035713,572.0030896895695
3H_lowDi,25.0,seed9,3,3007,266,530.01,125,8,19,0.006287410090035713,572.065142593688
3H_lowDi,25.0,seed9,3,3007,271,540.01,123,8,19,0.006186811528595141,572.2056774068885
3H_lowDi,25.0,seed9,3,3007,276,550.01,127,8,19,0.006388008651476284,572.5082762931575
3H_lowDi,25.0,seed9,3,3007,281,560.01,127,8,19,0.006388008651476284,572.8008359078731
3H_lowDi,25.0,seed9,3,3007,286,570.01,128,8,19,0.00643830793219657,572.98374770557
3H_lowDi,25.0,seed9,3,3007,291,580.01,129,8,19,0.0064886072129168556,573.0593246795518
3H_lowDi,25.0,seed9,3,3007,296,590.01,127,8,19,0.006388008651476284,573.100273803143
3H_lowDi,25.0,seed9,3,3007,301,600.01,127,8,19,0.006388008651476284,573.2036372560674
3H_lowDi,25.0,seed36,1,1007,0,0.0,36,35,2,0.0018107741059302852,360.0
3H_lowDi,25.0,seed36,1,1007,1,0.01,36,35,2,0.0018107741059302852,367.03654221974926
3H_lowDi,25.0,seed36,1,1007,6,10.01,359,33,14,0.018057441778582567,1518.0568586617242
3H_lowDi,25.0,seed36,1,1007,11,20.01,424,32,19,0.021326895025401138,1792.647620891747
3H_lowDi,25.0,seed36,1,1007,16,30.01,426,32,19,0.02142749358684171,1933.3092244216464
3H_lowDi,25.0,seed36,1,1007,21,40.01,424,32,19,0.021326895025401138,1963.3994690540162
3H_lowDi,25.0,seed36,1,1007,26,50.01,433,32,19,0.021779588551883708,1977.4513503631408
3H_lowDi,25.0,seed36,1,1007,31,60.01,427,32,19,0.021477792867561993,1982.7694058406628
3H_lowDi,25.0,seed36,1,1007,36,70.01,425,32,19,0.021377194306121422,1992.5415078771239
3H_lowDi,25.0,seed36,1,1007,41,80.01,428,32,19,0.02152809214828228,2011.4508574068984
3H_lowDi,25.0,seed36,1,1007,46,90.01,438,32,19,0.022031084955485135,2021.3149366489183
3H_lowDi,25.0,seed36,1,1007,51,100.01,441,32,19,0.022181982797645994,2025.5976586783745
3H_lowDi,25.0,seed36,1,1007,56,110.01,436,32,19,0.021930486394044567,2029.713754601635
3H_lowDi,25.0,seed36,1,1007,61,120.01,437,32,19,0.02198078567476485,2035.686427174051
3H_lowDi,25.0,seed36,1,1007,66,130.01,440,32,19,0.022131683516925706,2043.613354950332
3H_lowDi,25.0,seed36,1,1007,71,140.01,439,32,19,0.022081384236205422,2047.3956743273031
3H_lowDi,25.0,seed36,1,1007,76,150.01,442,32,19,0.022232282078366278,2049.3393250397207
3H_lowDi,25.0,seed36,1,1007,81,160.01,443,32,19,0.022282581359086565,2051.3330944883123
3H_lowDi,25.0,seed36,1,1007,86,170.01,444,32,19,0.02233288063980685,2053.8626865741244
3H_lowDi,25.0,seed36,1,1007,91,180.01,445,32,19,0.022383179920527137,2056.5810820069864
3H_lowDi,25.0,seed36,1,1007,96,190.01,443,32,19,0.022282581359086565,2059.0343703007375
3H_lowDi,25.0,seed36,1,1007,101,200.01,445,32,19,0.022383179920527137,2061.143070054445
3H_lowDi,25.0,seed36,1,1007,106,210.01,438,32,19,0.022031084955485135,2062.8648123273774
3H_lowDi,25.0,seed36,1,1007,111,220.01,438,32,19,0.022031084955485135,2064.6317339437237
3H_lowDi,25.0,seed36,1,1007,116,230.01,441,32,19,0.022181982797645994,2065.923405439109
3H_lowDi,25.0,seed36,1,1007,121,240.01,445,32,19,0.022383179920527137,2066.7889267065084
3H_lowDi,25.0,seed36,1,1007,126,250.01,445,32,19,0.022383179920527137,2067.733568599431
3H_lowDi,25.0,seed36,1,1007,131,260.01,448,32,19,0.022534077762687992,2068.9622144264877
3H_lowDi,25.0,seed36,1,1007,136,270.01,448,32,19,0.022534077762687992,2070.299178347165
3H_lowDi,25.0,seed36,1,1007,141,280.01,446,32,19,0.02243347920124742,2071.4980756914224
3H_lowDi,25.0,seed36,1,1007,146,290.01,447,32,19,0.022483778481967708,2072.674524681836
3H_lowDi,25.0,seed36,1,1007,151,300.01,448,32,19,0.022534077762687992,2073.8009759378815
3H_lowDi,25.0,seed36,1,1007,156,310.01,451,32,19,0.02268497560484885,2074.8291656010506
3H_lowDi,25.0,seed36,1,1007,161,320.01,449,32,19,0.02258437704340828,2075.739696321749
3H_lowDi,25.0,seed36,1,1007,166,330.01,448,32,19,0.022534077762687992,2076.6458972366827
3H_lowDi,25.0,seed36,1,1007,171,340.01,447,32,19,0.022483778481967708,2077.4357371258156
3H_lowDi,25.0,seed36,1,1007,176,350.01,447,32,19,0.022483778481967708,2078.1010359706647
3H_lowDi,25.0,seed36,1,1007,181,360.01,445,32,19,0.022383179920527137,2078.8388172546643
3H_lowDi,25.0,seed36,1,1007,186,370.01,445,32,19,0.022383179920527137,2079.709115223077
3H_lowDi,25.0,seed36,1,1007,191,380.01,448,32,19,0.022534077762687992,2080.698160476645
3H_lowDi,25.0,seed36,1,1007,196,390.01,446,32,19,0.02243347920124742,2081.7557036079866
3H_lowDi,25.0,seed36,1,1007,201,400.01,447,32,19,0.022483778481967708,2082.7441535953444
3H_lowDi,25.0,seed36,1,1007,206,410.01,447,32,19,0.022483778481967708,2083.562374349994
3H_lowDi,25.0,seed36,1,1007,211,420.01,442,32,19,0.022232282078366278,2084.3559873406443
3H_lowDi,25.0,seed36,1,1007,216,430.01,446,32,19,0.02243347920124742,2085.498884729165
3H_lowDi,25.0,seed36,1,1007,221,440.01,447,32,19,0.022483778481967708,2086.7358723560524
3H_lowDi,25.0,seed36,1,1007,226,450.01,447,32,19,0.022483778481967708,2087.727344376647
3H_lowDi,25.0,seed36,1,1007,231,460.01,447,32,19,0.022483778481967708,2088.3945701094217
3H_lowDi,25.0,seed36,1,1007,236,470.01,440,32,19,0.022131683516925706,2088.9286474051896
3H_lowDi,25.0,seed36,1,1007,241,480.01,440,32,19,0.022131683516925706,2089.5848065674218
3H_lowDi,25.0,seed36,1,1007,246,490.01,444,32,19,0.02233288063980685,2090.107363323531
3H_lowDi,25.0,seed36,1,1007,251,500.01,444,32,19,0.02233288063980685,2090.365434574931
3H_lowDi,25.0,seed36,1,1007,256,510.01,442,32,19,0.022232282078366278,2090.4220993927447
3H_lowDi,25.0,seed36,1,1007,261,520.01,442,32,19,0.022232282078366278,2090.4758351383844
3H_lowDi,25.0,seed36,1,1007,266,530.01,444,32,19,0.02233288063980685,2090.680317214067
3H_lowDi,25.0,seed36,1,1007,271,540.01,444,32,19,0.02233288063980685,2090.9657369457486
3H_lowDi,25.0,seed36,1,1007,276,550.01,444,32,19,0.02233288063980685,2091.2589712132303
3H_lowDi,25.0,seed36,1,1007,281,560.01,444,32,19,0.02233288063980685,2091.559623905824
3H_lowDi,25.0,seed36,1,1007,286,570.01,442,32,19,0.022232282078366278,2091.86027045712
3H_lowDi,25.0,seed36,1,1007,291,580.01,443,32,19,0.022282581359086565,2092.1126574503546
3H_lowDi,25.0,seed36,1,1007,296,590.01,445,32,19,0.022383179920527137,2092.2437883860066
3H_lowDi,25.0,seed36,1,1007,301,600.01,444,32,19,0.02233288063980685,2092.2612791235942
3H_lowDi,25.0,seed36,2,2007,0,0.0,36,36,1,0.0018107741059302852,360.0
3H_lowDi,25.0,seed36,2,2007,1,0.01,36,36,1,0.0018107741059302852,367.13593129799915
3H_lowDi,25.0,seed36,2,2007,6,10.01,332,33,13,0.016699361199134854,1455.680202020982
3H_lowDi,25.0,seed36,2,2007,11,20.01,391,32,19,0.019667018761631707,1686.376706457786
3H_lowDi,25.0,seed36,2,2007,16,30.01,396,32,19,0.019918515165233137,1811.7206216147533
3H_lowDi,25.0,seed36,2,2007,21,40.01,397,32,19,0.01996881444595342,1837.5951323932563
3H_lowDi,25.0,seed36,2,2007,26,50.01,399,32,19,0.020069413007393993,1844.7973963705704
3H_lowDi,25.0,seed36,2,2007,31,60.01,400,32,19,0.02011971228811428,1843.6738741396807
3H_lowDi,25.0,seed36,2,2007,36,70.01,396,32,19,0.019918515165233137,1844.5732719169519
3H_lowDi,25.0,seed36,2,2007,41,80.01,399,32,19,0.020069413007393993,1851.9179436882596
3H_lowDi,25.0,seed36,2,2007,46,90.01,404,32,19,0.020320909410995423,1856.6693947095532
3H_lowDi,25.0,seed36,2,2007,51,100.01,407,32,19,0.02047180725315628,1860.2185861175728
3H_lowDi,25.0,seed36,2,2007,56,110.01,400,32,19,0.02011971228811428,1864.746616302275
3H_lowDi,25.0,seed36,2,2007,61,120.01,395,32,19,0.01986821588451285,1868.9243199937494
3H_lowDi,25.0,seed36,2,2007,66,130.01,404,32,19,0.020320909410995423,1871.2521683846737
3H_lowDi,25.0,seed36,2,2007,71,140.01,402,32,19,0.020220310849554852,1872.7765913669239
3H_lowDi,25.0,seed36,2,2007,76,150.01,399,32,19,0.020069413007393993,1874.4993568337522
3H_lowDi,25.0,seed36,2,2007,81,160.01,397,32,19,0.01996881444595342,1876.9791851592336
3H_lowDi,25.0,seed36,2,2007,86,170.01,401,32,19,0.020170011568834564,1879.7742547300695
3H_lowDi,25.0,seed36,2,2007,91,180.01,401,32,19,0.020170011568834564,1882.1221139185932
3H_lowDi,25.0,seed36,2,2007,96,190.01,402,32,19,0.020220310849554852,1884.2563686585493
3H_lowDi,25.0,seed36,2,2007,101,200.01,398,32,19,0.02001911372667371,1885.5510965016674
3H_lowDi,25.0,seed36,2,2007,106,210.01,396,32,19,0.019918515165233137,1886.684726761189
3H_lowDi,25.0,seed36,2,2007,111,220.01,401,32,19,0.020170011568834564,1888.114675068326
3H_lowDi,25.0,seed36,2,2007,116,230.01,405,32,19,0.020371208691715707,1889.6249249647003
3H_lowDi,25.0,seed36,2,2007,121,240.01,405,32,19,0.020371208691715707,1890.754437849111
3H_lowDi,25.0,seed36,2,2007,126,250.01,403,32,19,0.020270610130275136,1891.5248348859961
3H_lowDi,25.0,seed36,2,2007,131,260.01,402,32,19,0.020220310849554852,1892.2429995183734
3H_lowDi,25.0,seed36,2,2007,136,270.01,404,32,19,0.020320909410995423,1893.0784304865113
3H_lowDi,25.0,seed36,2,2007,141,280.01,406,32,19,0.020421507972435995,1894.1940451829646
3H_lowDi,25.0,seed36,2,2007,146,290.01,408,32,19,0.020522106533876566,1895.5832789531933
3H_lowDi,25.0,seed36,2,2007,151,300.01,409,32,19,0.02057240581459685,1896.932492614796
3H_lowDi,25.0,seed36,2,2007,156,310.01,405,32,19,0.020371208691715707,1898.2142467918122
3H_lowDi,25.0,seed36,2,2007,161,320.01,405,32,19,0.020371208691715707,1899.779418492082
3H_lowDi,25.0,seed36,2,2007,166,330.01,408,32,19,0.020522106533876566,1901.51175850542
3H_lowDi,25.0,seed36,2,2007,171,340.01,406,32,19,0.020421507972435995,1902.722893140594
3H_lowDi,25.0,seed36,2,2007,176,350.01,406,32,19,0.020421507972435995,1903.8560002332126
3H_lowDi,25.0,seed36,2,2007,181,360.01,404,32,19,0.020320909410995423,1905.0698515182569
3H_lowDi,25.0,seed36,2,2007,186,370.01,403,32,19,0.020270610130275136,1905.863798134114
3H_lowDi,25.0,seed36,2,2007,191,380.01,409,32,19,0.02057240581459685,1906.4468612240778
3H_lowDi,25.0,seed36,2,2007,196,390.01,408,32,19,0.020522106533876566,1907.066669049259
3H_lowDi,25.0,seed36,2,2007,201,400.01,407,32,19,0.02047180725315628,1907.9634139979266
3H_lowDi,25.0,seed36,2,2007,206,410.01,409,32,19,0.02057240581459685,1908.9848704243686
3H_lowDi,25.0,seed36,2,2007,211,420.01,408,32,19,0.020522106533876566,1910.283437171388
3H_lowDi,25.0,seed36,2,2007,216,430.01,411,32,19,0.02067300437603742,1912.7780683123588
3H_lowDi,25.0,seed36,2,2007,221,440.01,414,32,19,0.02082390221819828,1919.2829684885378
3H_lowDi,25.0,seed36,2,2007,226,450.01,411,32,19,0.02067300437603742,1923.499899081444
3H_lowDi,25.0,seed36,2,2007,231,460.01,416,32,19,0.020924500779638852,1924.9258157507945
3H_lowDi,25.0,seed36,2,2007,236,470.01,420,32,19,0.021125697902519995,1926.1993369046427
3H_lowDi,25.0,seed36,2,2007,241,480.01,420,32,19,0.021125697902519995,1927.3025225520519
3H_lowDi,25.0,seed36,2,2007,246,490.01,417,32,19,0.020974800060359136,1928.1791878637164
3H_lowDi,25.0,seed36,2,2007,251,500.01,416,32,19,0.020924500779638852,1929.1333420051508
3H_lowDi,25.0,seed36,2,2007,256,510.01,419,32,19,0.021075398621799708,1930.1190466278879
3H_lowDi,25.0,seed36,2,2007,261,520.01,418,32,19,0.021025099341079424,1930.8242999895842
3H_lowDi,25.0,seed36,2,2007,266,530.01,414,32,19,0.02082390221819828,1931.3358388236588
3H_lowDi,25.0,seed36,2,2007,271,540.01,410,32,19,0.020622705095317138,1932.021244190822
3H_lowDi,25.0,seed36,2,2007,276,550.01,413,32,19,0.020773602937477993,1932.9103665001062
3H_lowDi,25.0,seed36,2,2007,281,560.01,416,32,19,0.020924500779638852,1933.769449185276
3H_lowDi,25.0,seed36,2,2007,286,570.01,418,32,19,0.021025099341079424,1934.462531935455
3H_lowDi,25.0,seed36,2,2007,291,580.01,416,32,19,0.020924500779638852,1935.0660564120737
3H_lowDi,25.0,seed36,2,2007,296,590.01,416,32,19,0.020924500779638852,1935.911137107707
3H_lowDi,25.0,seed36,2,2007,301,600.01,418,32,19,0.021025099341079424,1937.1573499414812
3H_lowDi,25.0,seed36,3,3007,0,0.0,36,35,2,0.0018107741059302852,360.0
3H_lowDi,25.0,seed36,3,3007,1,0.01,36,35,2,0.0018107741059302852,366.88839290199223
3H_lowDi,25.0,seed36,3,3007,6,10.01,363,32,14,0.01825863890146371,1532.7925090603844
3H_lowDi,25.0,seed36,3,3007,11,20.01,404,32,19,0.020320909410995423,1740.0201597929934
3H_lowDi,25.0,seed36,3,3007,16,30.01,404,32,19,0.020320909410995423,1839.1845904307593
3H_lowDi,25.0,seed36,3,3007,21,40.01,398,31,19,0.02001911372667371,1852.1795687082408
3H_lowDi,25.0,seed36,3,3007,26,50.01,400,31,19,0.02011971228811428,1866.0136582555504
3H_lowDi,25.0,seed36,3,3007,31,60.01,400,31,19,0.02011971228811428,1874.6500905917069
3H_lowDi,25.0,seed36,3,3007,36,70.01,401,31,19,0.020170011568834564,1881.6860239832558
3H_lowDi,25.0,seed36,3,3007,41,80.01,409,31,19,0.02057240581459685,1886.5703144579618
3H_lowDi,25.0,seed36,3,3007,46,90.01,403,31,19,0.020270610130275136,1891.525821103413
3H_lowDi,25.0,seed36,3,3007,51,100.01,400,31,19,0.02011971228811428,1900.859801724223
3H_lowDi,25.0,seed36,3,3007,56,110.01,402,31,19,0.020220310849554852,1905.3605466979088
3H_lowDi,25.0,seed36,3,3007,61,120.01,406,31,19,0.020421507972435995,1907.6976216482426
3H_lowDi,25.0,seed36,3,3007,66,130.01,401,31,19,0.020170011568834564,1913.315938822157
3H_lowDi,25.0,seed36,3,3007,71,140.01,402,31,19,0.020220310849554852,1920.2364236228018
3H_lowDi,25.0,seed36,3,3007,76,150.01,408,31,19,0.020522106533876566,1923.87283420868
3H_lowDi,25.0,seed36,3,3007,81,160.01,411,31,19,0.02067300437603742,1926.7614864092739
3H_lowDi,25.0,seed36,3,3007,86,170.01,411,31,19,0.02067300437603742,1929.2815203517066
3H_lowDi,25.0,seed36,3,3007,91,180.01,416,31,19,0.020924500779638852,1931.929406706538
3H_lowDi,25.0,seed36,3,3007,96,190.01,413,31,19,0.020773602937477993,1934.4005975811679
3H_lowDi,25.0,seed36,3,3007,101,200.01,408,31,19,0.020522106533876566,1936.3664107920456
3H_lowDi,25.0,seed36,3,3007,106,210.01,413,31,19,0.020773602937477993,1938.4430771896064
3H_lowDi,25.0,seed36,3,3007,111,220.01,413,31,19,0.020773602937477993,1940.5482437604885
3H_lowDi,25.0,seed36,3,3007,116,230.01,410,31,19,0.020622705095317138,1942.48730613053
3H_lowDi,25.0,seed36,3,3007,121,240.01,414,31,19,0.02082390221819828,1944.5264984304467
3H_lowDi,25.0,seed36,3,3007,126,250.01,419,31,19,0.021075398621799708,1946.4582338424004
3H_lowDi,25.0,seed36,3,3007,131,260.01,420,31,19,0.021125697902519995,1947.970162225091
3H_lowDi,25.0,seed36,3,3007,136,270.01,417,31,19,0.020974800060359136,1949.101864133815
3H_lowDi,25.0,seed36,3,3007,141,280.01,419,31,19,0.021075398621799708,1950.0161224572803
3H_lowDi,25.0,seed36,3,3007,146,290.01,417,31,19,0.020974800060359136,1950.8663791066892
3H_lowDi,25.0,seed36,3,3007,151,300.01,412,31,19,0.02072330365675771,1951.729853247618
3H_lowDi,25.0,seed36,3,3007,156,310.01,417,31,19,0.020974800060359136,1952.5456671493216
3H_lowDi,25.0,seed36,3,3007,161,320.01,415,31,19,0.020874201498918565,1953.4419073269764
3H_lowDi,25.0,seed36,3,3007,166,330.01,418,31,19,0.021025099341079424,1954.6252676277202
3H_lowDi,25.0,seed36,3,3007,171,340.01,415,31,19,0.020874201498918565,1955.9842082226253
3H_lowDi,25.0,seed36,3,3007,176,350.01,418,31,19,0.021025099341079424,1957.2621553506337
3H_lowDi,25.0,seed36,3,3007,181,360.01,416,31,19,0.020924500779638852,1958.5405195286398
3H_lowDi,25.0,seed36,3,3007,186,370.01,416,31,19,0.020924500779638852,1959.9122845983843
3H_lowDi,25.0,seed36,3,3007,191,380.01,414,31,19,0.02082390221819828,1961.3001937998051
3H_lowDi,25.0,seed36,3,3007,196,390.01,416,31,19,0.020924500779638852,1962.4925748646376
3H_lowDi,25.0,seed36,3,3007,201,400.01,413,31,19,0.020773602937477993,1963.3584418963605
3H_lowDi,25.0,seed36,3,3007,206,410.01,415,31,19,0.020874201498918565,1964.1888284816623
3H_lowDi,25.0,seed36,3,3007,211,420.01,418,31,19,0.021025099341079424,1965.0812923815956
3H_lowDi,25.0,seed36,3,3007,216,430.01,415,31,19,0.020874201498918565,1965.996741557061
3H_lowDi,25.0,seed36,3,3007,221,440.01,413,31,19,0.020773602937477993,1966.8294720857687
3H_lowDi,25.0,seed36,3,3007,226,450.01,415,31,19,0.020874201498918565,1967.547991759226
3H_lowDi,25.0,seed36,3,3007,231,460.01,416,31,19,0.020924500779638852,1968.3441393202024
3H_lowDi,25.0,seed36,3,3007,236,470.01,415,31,19,0.020874201498918565,1969.319963016776
3H_lowDi,25.0,seed36,3,3007,241,480.01,417,31,19,0.020974800060359136,1970.3508627921387
3H_lowDi,25.0,seed36,3,3007,246,490.01,418,31,19,0.021025099341079424,1971.2781944207632
3H_lowDi,25.0,seed36,3,3007,251,500.01,420,31,19,0.021125697902519995,1971.9681379101103
3H_lowDi,25.0,seed36,3,3007,256,510.01,418,31,19,0.021025099341079424,1972.5513404734947
3H_lowDi,25.0,seed36,3,3007,261,520.01,413,31,19,0.020773602937477993,1973.3916477745095
3H_lowDi,25.0,seed36,3,3007,266,530.01,415,31,19,0.020874201498918565,1974.5714345608321
3H_lowDi,25.0,seed36,3,3007,271,540.01,414,31,19,0.02082390221819828,1975.9767898551293
3H_lowDi,25.0,seed36,3,3007,276,550.01,415,31,19,0.020874201498918565,1977.7441676271574
3H_lowDi,25.0,seed36,3,3007,281,560.01,416,31,19,0.020924500779638852,1981.702021665718
3H_lowDi,25.0,seed36,3,3007,286,570.01,417,31,19,0.020974800060359136,1986.6158304463893
3H_lowDi,25.0,seed36,3,3007,291,580.01,416,31,19,0.020924500779638852,1987.4248145745187
3H_lowDi,25.0,seed36,3,3007,296,590.01,419,31,19,0.021075398621799708,1987.5489338934196
3H_lowDi,25.0,seed36,3,3007,301,600.01,422,31,19,0.021226296463960567,1987.8479913437905
3H_lowDi,25.0,seed144,1,1007,0,0.0,144,141,2,0.007243096423721141,1440.0
3H_lowDi,25.0,seed144,1,1007,1,0.01,144,141,2,0.007243096423721141,1467.3066766001127
3H_lowDi,25.0,seed144,1,1007,6,10.01,704,92,14,0.03541069362708113,3503.1665040453213
3H_lowDi,25.0,seed144,1,1007,11,20.01,710,84,14,0.03571248931140285,3551.4428526503107
3H_lowDi,25.0,seed144,1,1007,16,30.01,720,82,14,0.0362154821186057,3602.331962518603
3H_lowDi,25.0,seed144,1,1007,21,40.01,723,81,14,0.03636637996076656,3668.641083907895
3H_lowDi,25.0,seed144,1,1007,26,50.01,729,81,14,0.03666817564508828,3705.5545035770174
3H_lowDi,25.0,seed144,1,1007,31,60.01,729,81,14,0.03666817564508828,3716.8790333794213
3H_lowDi,25.0,seed144,1,1007,36,70.01,732,81,14,0.03681907348724913,3723.414402454434
3H_lowDi,25.0,seed144,1,1007,41,80.01,735,81,14,0.03696997132940999,3730.675023048504
3H_lowDi,25.0,seed144,1,1007,46,90.01,732,81,14,0.03681907348724913,3731.9982303023635
3H_lowDi,25.0,seed144,1,1007,51,100.01,731,81,14,0.03676877420652885,3735.96642372345
3H_lowDi,25.0,seed144,1,1007,56,110.01,725,81,14,0.036466978522207136,3745.8206784573317
3H_lowDi,25.0,seed144,1,1007,61,120.01,727,81,14,0.036567577083647704,3756.7387944535103
3H_lowDi,25.0,seed144,1,1007,66,130.01,740,81,14,0.03722146773301142,3769.465656968953
3H_lowDi,25.0,seed144,1,1007,71,140.01,740,81,14,0.03722146773301142,3775.0448292632454
3H_lowDi,25.0,seed144,1,1007,76,150.01,740,81,14,0.03722146773301142,3777.703680434309
3H_lowDi,25.0,seed144,1,1007,81,160.01,736,81,14,0.037020270610130274,3780.8180390196007
3H_lowDi,25.0,seed144,1,1007,86,170.01,731,81,14,0.03676877420652885,3784.482040378501
3H_lowDi,25.0,seed144,1,1007,91,180.01,735,81,14,0.03696997132940999,3787.7058789131543
3H_lowDi,25.0,seed144,1,1007,96,190.01,740,81,14,0.03722146773301142,3790.8777681141855
3H_lowDi,25.0,seed144,1,1007,101,200.01,739,81,14,0.03717116845229113,3793.3076279893285
3H_lowDi,25.0,seed144,1,1007,106,210.01,739,81,14,0.03717116845229113,3795.437258238341
3H_lowDi,25.0,seed144,1,1007,111,220.01,738,81,14,0.03712086917157085,3798.7564330575387
3H_lowDi,25.0,seed144,1,1007,116,230.01,746,81,15,0.037523263417333134,3805.4483502408957
3H_lowDi,25.0,seed144,1,1007,121,240.01,742,81,15,0.03732206629445199,3811.8533642865186
3H_lowDi,25.0,seed144,1,1007,126,250.01,743,81,14,0.037372365575172276,3814.20379681156
3H_lowDi,25.0,seed144,1,1007,131,260.01,745,81,14,0.037472964136612844,3816.3076380074763
3H_lowDi,25.0,seed144,1,1007,136,270.01,746,81,14,0.037523263417333134,3818.276020062279
3H_lowDi,25.0,seed144,1,1007,141,280.01,753,81,14,0.03787535838237513,3820.0744750273534
3H_lowDi,25.0,seed144,1,1007,146,290.01,753,81,14,0.03787535838237513,3821.655073016831
3H_lowDi,25.0,seed144,1,1007,151,300.01,749,81,14,0.037674161259493986,3823.2140816470956
3H_lowDi,25.0,seed144,1,1007,156,310.01,746,81,14,0.037523263417333134,3825.000341816795
3H_lowDi,25.0,seed144,1,1007,161,320.01,742,81,14,0.03732206629445199,3826.6907008460885
3H_lowDi,25.0,seed144,1,1007,166,330.01,744,81,14,0.03742266485589256,3828.202311710808
3H_lowDi,25.0,seed144,1,1007,171,340.01,750,81,14,0.03772446054021428,3829.929976215111
3H_lowDi,25.0,seed144,1,1007,176,350.01,750,81,14,0.03772446054021428,3831.82529492937
3H_lowDi,25.0,seed144,1,1007,181,360.01,750,81,14,0.03772446054021428,3833.333553278446
3H_lowDi,25.0,seed144,1,1007,186,370.01,747,81,14,0.03757356269805342,3834.878396595287
3H_lowDi,25.0,seed144,1,1007,191,380.01,747,81,14,0.03757356269805342,3836.434490220985
3H_lowDi,25.0,seed144,1,1007,196,390.01,747,81,14,0.03757356269805342,3837.783896425309
3H_lowDi,25.0,seed144,1,1007,201,400.01,752,81,14,0.037825059101654845,3839.202777637681
3H_lowDi,25.0,seed144,1,1007,206,410.01,754,81,14,0.03792565766309542,3840.5088091611724
3H_lowDi,25.0,seed144,1,1007,211,420.01,754,81,14,0.03792565766309542,3841.582301366586
3H_lowDi,25.0,seed144,1,1007,216,430.01,747,81,14,0.03757356269805342,3842.4494500774954
3H_lowDi,25.0,seed144,1,1007,221,440.01,748,81,14,0.0376238619787737,3843.2586441458993
3H_lowDi,25.0,seed144,1,1007,226,450.01,748,81,14,0.0376238619787737,3843.9549421130296
3H_lowDi,25.0,seed144,1,1007,231,460.01,741,81,14,0.0372717670137317,3844.6972555881257
3H_lowDi,25.0,seed144,1,1007,236,470.01,739,81,14,0.03717116845229113,3845.795451145793
3H_lowDi,25.0,seed144,1,1007,241,480.01,744,81,14,0.03742266485589256,3846.8468176562933
3H_lowDi,25.0,seed144,1,1007,246,490.01,747,81,14,0.03757356269805342,3847.6236729645366
3H_lowDi,25.0,seed144,1,1007,251,500.01,744,81,14,0.03742266485589256,3848.4130424879495
3H_lowDi,25.0,seed144,1,1007,256,510.01,742,81,14,0.03732206629445199,3849.35584103527
3H_lowDi,25.0,seed144,1,1007,261,520.01,749,81,14,0.037674161259493986,3850.24090204585
3H_lowDi,25.0,seed144,1,1007,266,530.01,746,81,14,0.037523263417333134,3851.0723989565677
3H_lowDi,25.0,seed144,1,1007,271,540.01,751,81,14,0.03777475982093456,3851.939048627009
3H_lowDi,25.0,seed144,1,1007,276,550.01,750,81,14,0.03772446054021428,3852.7446349985294
3H_lowDi,25.0,seed144,1,1007,281,560.01,751,81,14,0.03777475982093456,3853.4780448312213
3H_lowDi,25.0,seed144,1,1007,286,570.01,752,81,14,0.037825059101654845,3854.096936297042
3H_lowDi,25.0,seed144,1,1007,291,580.01,752,81,14,0.037825059101654845,3854.602536912559
3H_lowDi,25.0,seed144,1,1007,296,590.01,757,81,16,0.03807655550525627,3855.0317384329805
3H_lowDi,25.0,seed144,1,1007,301,600.01,752,81,14,0.037825059101654845,3855.4702257938516
3H_lowDi,25.0,seed144,2,2007,0,0.0,144,135,4,0.007243096423721141,1440.0
3H_lowDi,25.0,seed144,2,2007,1,0.01,144,135,4,0.007243096423721141,1466.268580600632
3H_lowDi,25.0,seed144,2,2007,6,10.01,715,86,16,0.035963985715004275,3461.4671879150073
3H_lowDi,25.0,seed144,2,2007,11,20.01,731,80,14,0.03676877420652885,3521.7092718996646
3H_lowDi,25.0,seed144,2,2007,16,30.01,723,78,16,0.03636637996076656,3575.568418879635
3H_lowDi,25.0,seed144,2,2007,21,40.01,729,77,16,0.03666817564508828,3621.474597781241
3H_lowDi,25.0,seed144,2,2007,26,50.01,727,77,14,0.036567577083647704,3656.7698890149186
3H_lowDi,25.0,seed144,2,2007,31,60.01,729,77,14,0.03666817564508828,3674.019249346026
3H_lowDi,25.0,seed144,2,2007,36,70.01,737,77,14,0.03707056989085056,3691.9738460950275
3H_lowDi,25.0,seed144,2,2007,41,80.01,738,77,14,0.03712086917157085,3701.5146033155766
3H_lowDi,25.0,seed144,2,2007,46,90.01,742,77,14,0.03732206629445199,3699.8296921465685
3H_lowDi,25.0,seed144,2,2007,51,100.01,739,76,14,0.03717116845229113,3688.357564770447
3H_lowDi,25.0,seed144,2,2007,56,110.01,739,76,14,0.03717116845229113,3696.49715685891
3H_lowDi,25.0,seed144,2,2007,61,120.01,735,76,14,0.03696997132940999,3700.2414719889475
3H_lowDi,25.0,seed144,2,2007,66,130.01,737,76,14,0.03707056989085056,3702.9836692867984
3H_lowDi,25.0,seed144,2,2007,71,140.01,740,76,14,0.03722146773301142,3708.6043580832843
3H_lowDi,25.0,seed144,2,2007,76,150.01,745,76,15,0.037472964136612844,3715.6548994609893
3H_lowDi,25.0,seed144,2,2007,81,160.01,746,76,15,0.037523263417333134,3718.037343112774
3H_lowDi,25.0,seed144,2,2007,86,170.01,750,76,15,0.03772446054021428,3719.195587719719
3H_lowDi,25.0,seed144,2,2007,91,180.01,751,76,15,0.03777475982093456,3720.0945832208854
3H_lowDi,25.0,seed144,2,2007,96,190.01,745,76,15,0.037472964136612844,3721.0723489784627
3H_lowDi,25.0,seed144,2,2007,101,200.01,747,76,15,0.03757356269805342,3722.4511638608974
3H_lowDi,25.0,seed144,2,2007,106,210.01,750,76,15,0.03772446054021428,3723.9701789876376
3H_lowDi,25.0,seed144,2,2007,111,220.01,745,76,15,0.037472964136612844,3725.3685210165363
3H_lowDi,25.0,seed144,2,2007,116,230.01,741,76,14,0.0372717670137317,3726.792824102018
3H_lowDi,25.0,seed144,2,2007,121,240.01,741,76,14,0.0372717670137317,3728.084850577492
3H_lowDi,25.0,seed144,2,2007,126,250.01,737,76,14,0.03707056989085056,3729.1605532968606
3H_lowDi,25.0,seed144,2,2007,131,260.01,737,76,14,0.03707056989085056,3730.183036282039
3H_lowDi,25.0,seed144,2,2007,136,270.01,740,76,14,0.03722146773301142,3731.017663559879
3H_lowDi,25.0,seed144,2,2007,141,280.01,733,76,14,0.036869372767969415,3732.118747500319
3H_lowDi,25.0,seed144,2,2007,146,290.01,734,76,14,0.036919672048689706,3734.582244174449
3H_lowDi,25.0,seed144,2,2007,151,300.01,739,76,14,0.03717116845229113,3741.0308582804455
3H_lowDi,25.0,seed144,2,2007,156,310.01,741,76,14,0.0372717670137317,3745.616335222192
3H_lowDi,25.0,seed144,2,2007,161,320.01,737,76,14,0.03707056989085056,3746.946027080654
3H_lowDi,25.0,seed144,2,2007,166,330.01,736,76,14,0.037020270610130274,3747.773500416427
3H_lowDi,25.0,seed144,2,2007,171,340.01,733,76,14,0.036869372767969415,3748.3620971393793
3H_lowDi,25.0,seed144,2,2007,176,350.01,729,76,14,0.03666817564508828,3748.7644055622386
3H_lowDi,25.0,seed144,2,2007,181,360.01,727,76,14,0.036567577083647704,3749.4045575551727
3H_lowDi,25.0,seed144,2,2007,186,370.01,730,76,14,0.03671847492580856,3750.3685792381925
3H_lowDi,25.0,seed144,2,2007,191,380.01,734,76,14,0.036919672048689706,3751.269711603539
3H_lowDi,25.0,seed144,2,2007,196,390.01,739,76,14,0.03717116845229113,3751.9898835875956
3H_lowDi,25.0,seed144,2,2007,201,400.01,740,76,14,0.03722146773301142,3752.621939692352
3H_lowDi,25.0,seed144,2,2007,206,410.01,738,76,14,0.03712086917157085,3753.2996315923674
3H_lowDi,25.0,seed144,2,2007,211,420.01,739,76,14,0.03717116845229113,3753.984649402542
3H_lowDi,25.0,seed144,2,2007,216,430.01,740,76,14,0.03722146773301142,3754.5921814502926
3H_lowDi,25.0,seed144,2,2007,221,440.01,739,76,14,0.03717116845229113,3755.290289364699
3H_lowDi,25.0,seed144,2,2007,226,450.01,739,76,14,0.03717116845229113,3756.1344751411916
3H_lowDi,25.0,seed144,2,2007,231,460.01,739,76,14,0.03717116845229113,3757.0299403316913
3H_lowDi,25.0,seed144,2,2007,236,470.01,740,76,14,0.03722146773301142,3757.864606538204
3H_lowDi,25.0,seed144,2,2007,241,480.01,743,76,14,0.037372365575172276,3758.4913938979407
3H_lowDi,25.0,seed144,2,2007,246,490.01,739,76,14,0.03717116845229113,3759.030727806149
3H_lowDi,25.0,seed144,2,2007,251,500.01,737,76,14,0.03707056989085056,3759.5833482032826
3H_lowDi,25.0,seed144,2,2007,256,510.01,738,76,14,0.03712086917157085,3760.0320903127295
3H_lowDi,25.0,seed144,2,2007,261,520.01,735,76,14,0.03696997132940999,3760.5701538824824
3H_lowDi,25.0,seed144,2,2007,266,530.01,734,76,14,0.036919672048689706,3761.500413976762
3H_lowDi,25.0,seed144,2,2007,271,540.01,736,76,14,0.037020270610130274,3762.759800015332
3H_lowDi,25.0,seed144,2,2007,276,550.01,737,76,14,0.03707056989085056,3764.1944999829766
3H_lowDi,25.0,seed144,2,2007,281,560.01,739,76,14,0.03717116845229113,3765.767917814058
3H_lowDi,25.0,seed144,2,2007,286,570.01,736,76,14,0.037020270610130274,3768.624102862861
3H_lowDi,25.0,seed144,2,2007,291,580.01,736,76,14,0.037020270610130274,3775.8514418187565
3H_lowDi,25.0,seed144,2,2007,296,590.01,737,76,14,0.03707056989085056,3779.47260763491
3H_lowDi,25.0,seed144,2,2007,301,600.01,740,76,14,0.03722146773301142,3780.198947095346
3H_lowDi,25.0,seed144,3,3007,0,0.0,144,141,2,0.007243096423721141,1440.0
3H_lowDi,25.0,seed144,3,3007,1,0.01,144,141,2,0.007243096423721141,1467.4042010405883
3H_lowDi,25.0,seed144,3,3007,6,10.01,745,97,13,0.037472964136612844,3554.0892860201175
3H_lowDi,25.0,seed144,3,3007,11,20.01,754,89,13,0.03792565766309542,3639.1841060012766
3H_lowDi,25.0,seed144,3,3007,16,30.01,770,87,16,0.03873044615461999,3724.593846989028
3H_lowDi,25.0,seed144,3,3007,21,40.01,762,85,14,0.038328051908857706,3775.204249610818
3H_lowDi,25.0,seed144,3,3007,26,50.01,767,83,14,0.03857954831245913,3814.786281360491
3H_lowDi,25.0,seed144,3,3007,31,60.01,773,83,14,0.038881343996780844,3845.8339915396796
3H_lowDi,25.0,seed144,3,3007,36,70.01,773,83,14,0.038881343996780844,3854.823838062296
3H_lowDi,25.0,seed144,3,3007,41,80.01,769,82,14,0.0386801468738997,3854.7478461037135
3H_lowDi,25.0,seed144,3,3007,46,90.01,767,82,14,0.03857954831245913,3872.518284259948
3H_lowDi,25.0,seed144,3,3007,51,100.01,774,82,14,0.038931643277501135,3889.0217354455795
3H_lowDi,25.0,seed144,3,3007,56,110.01,775,82,14,0.03898194255822142,3902.7621309599717
3H_lowDi,25.0,seed144,3,3007,61,120.01,772,82,14,0.03883104471606056,3906.7965199040655
3H_lowDi,25.0,seed144,3,3007,66,130.01,770,82,14,0.03873044615461999,3909.8438549187513
3H_lowDi,25.0,seed144,3,3007,71,140.01,771,82,14,0.038780745435340276,3912.6010601879416
3H_lowDi,25.0,seed144,3,3007,76,150.01,767,82,14,0.03857954831245913,3914.829069403503
3H_lowDi,25.0,seed144,3,3007,81,160.01,762,82,14,0.038328051908857706,3916.881778758139
3H_lowDi,25.0,seed144,3,3007,86,170.01,764,82,14,0.038428650470298274,3918.8158831818155
3H_lowDi,25.0,seed144,3,3007,91,180.01,771,82,14,0.038780745435340276,3920.2711554735915
3H_lowDi,25.0,seed144,3,3007,96,190.01,767,82,14,0.03857954831245913,3921.581821519008
3H_lowDi,25.0,seed144,3,3007,101,200.01,765,82,14,0.03847894975101856,3923.4638465159255
3H_lowDi,25.0,seed144,3,3007,106,210.01,770,82,14,0.03873044615461999,3925.2851829287806
3H_lowDi,25.0,seed144,3,3007,111,220.01,772,82,14,0.03883104471606056,3926.6976446998096
3H_lowDi,25.0,seed144,3,3007,116,230.01,766,82,14,0.03852924903173885,3928.4111186586533
3H_lowDi,25.0,seed144,3,3007,121,240.01,766,82,14,0.03852924903173885,3931.8279449271736
3H_lowDi,25.0,seed144,3,3007,126,250.01,768,82,14,0.03862984759317942,3938.812539845653
3H_lowDi,25.0,seed144,3,3007,131,260.01,768,82,14,0.03862984759317942,3942.8322378904672
3H_lowDi,25.0,seed144,3,3007,136,270.01,768,82,14,0.03862984759317942,3943.7372634717494
3H_lowDi,25.0,seed144,3,3007,141,280.01,768,82,14,0.03862984759317942,3944.3118503985156
3H_lowDi,25.0,seed144,3,3007,146,290.01,769,82,14,0.0386801468738997,3944.825346272885
3H_lowDi,25.0,seed144,3,3007,151,300.01,764,82,14,0.038428650470298274,3945.564927460826
3H_lowDi,25.0,seed144,3,3007,156,310.01,763,82,14,0.03837835118957799,3946.344449258583
3H_lowDi,25.0,seed144,3,3007,161,320.01,763,82,14,0.03837835118957799,3946.980022754023
3H_lowDi,25.0,seed144,3,3007,166,330.01,767,82,14,0.03857954831245913,3947.7632881510517
3H_lowDi,25.0,seed144,3,3007,171,340.01,768,82,14,0.03862984759317942,3948.7929459985044
3H_lowDi,25.0,seed144,3,3007,176,350.01,770,82,14,0.03873044615461999,3949.8108390666653
3H_lowDi,25.0,seed144,3,3007,181,360.01,770,82,14,0.03873044615461999,3950.8955750178593
3H_lowDi,25.0,seed144,3,3007,186,370.01,772,82,14,0.03883104471606056,3952.0585120191345
3H_lowDi,25.0,seed144,3,3007,191,380.01,772,82,14,0.03883104471606056,3953.0429886223515
3H_lowDi,25.0,seed144,3,3007,196,390.01,775,82,14,0.03898194255822142,3953.786224456627
3H_lowDi,25.0,seed144,3,3007,201,400.01,774,82,14,0.038931643277501135,3954.263349055564
3H_lowDi,25.0,seed144,3,3007,206,410.01,770,82,14,0.03873044615461999,3954.5979448446765
3H_lowDi,25.0,seed144,3,3007,211,420.01,766,82,14,0.03852924903173885,3954.840704206318
3H_lowDi,25.0,seed144,3,3007,216,430.01,759,82,14,0.03817715406669685,3955.19054309934
3H_lowDi,25.0,seed144,3,3007,221,440.01,759,82,14,0.03817715406669685,3955.7539287986237
3H_lowDi,25.0,seed144,3,3007,226,450.01,759,82,14,0.03817715406669685,3956.308068850004
3H_lowDi,25.0,seed144,3,3007,231,460.01,763,82,14,0.03837835118957799,3956.714894490567
3H_lowDi,25.0,seed144,3,3007,236,470.01,765,82,14,0.03847894975101856,3957.041644122277
3H_lowDi,25.0,seed144,3,3007,241,480.01,764,82,14,0.038428650470298274,3957.375615518405
3H_lowDi,25.0,seed144,3,3007,246,490.01,765,82,14,0.03847894975101856,3957.7966492255946
3H_lowDi,25.0,seed144,3,3007,251,500.01,767,82,14,0.03857954831245913,3958.2237917743664
3H_lowDi,25.0,seed144,3,3007,256,510.01,765,82,14,0.03847894975101856,3958.62200183443
3H_lowDi,25.0,seed144,3,3007,261,520.01,766,82,14,0.03852924903173885,3959.139801625566
3H_lowDi,25.0,seed144,3,3007,266,530.01,764,82,14,0.038428650470298274,3959.588026896814
3H_lowDi,25.0,seed144,3,3007,271,540.01,762,82,14,0.038328051908857706,3959.934044018728
3H_lowDi,25.0,seed144,3,3007,276,550.01,766,82,14,0.03852924903173885,3960.2881264724756
3H_lowDi,25.0,seed144,3,3007,281,560.01,764,82,14,0.038428650470298274,3960.701539214023
3H_lowDi,25.0,seed144,3,3007,286,570.01,765,82,14,0.03847894975101856,3961.1535128369883
3H_lowDi,25.0,seed144,3,3007,291,580.01,763,82,14,0.03837835118957799,3961.5222981127254
3H_lowDi,25.0,seed144,3,3007,296,590.01,763,82,14,0.03837835118957799,3961.8093133630637
3H_lowDi,25.0,seed144,3,3007,301,600.01,761,82,14,0.038277752628137415,3962.0460059004618
3H_lowDi,25.0,random,1,,0,0.0,5005,1914,21,0.25174790000502995,19936.811467800162
3H_lowDi,25.0,random,1,,1,0.01,5104,1855,31,0.2567275287963382,20227.407336788267
3H_lowDi,25.0,random,1,,6,10.01,349,36,15,0.01755444897137971,1528.4608430451467
3H_lowDi,25.0,random,1,,11,20.01,438,34,15,0.022031084955485135,1971.0569106405164
3H_lowDi,25.0,random,1,,16,30.01,445,34,15,0.022383179920527137,2080.270450660692
3H_lowDi,25.0,random,1,,21,40.01,443,34,15,0.022282581359086565,2099.5182349192105
3H_lowDi,25.0,random,1,,26,50.01,449,34,16,0.02258437704340828,2104.046597148582
3H_lowDi,25.0,random,1,,31,60.01,454,34,16,0.022835873447009707,2108.179161631836
3H_lowDi,25.0,random,1,,36,70.01,456,34,16,0.022936472008450278,2116.1010571064908
3H_lowDi,25.0,random,1,,41,80.01,452,34,16,0.022735274885569135,2123.6636447453357
3H_lowDi,25.0,random,1,,46,90.01,452,34,16,0.022735274885569135,2127.144001756247
3H_lowDi,25.0,random,1,,51,100.01,451,34,16,0.02268497560484885,2129.2872376528703
3H_lowDi,25.0,random,1,,56,110.01,451,34,16,0.02268497560484885,2130.883962573526
3H_lowDi,25.0,random,1,,61,120.01,449,34,16,0.02258437704340828,2132.4107569402704
3H_lowDi,25.0,random,1,,66,130.01,449,34,16,0.02258437704340828,2134.0951943338528
3H_lowDi,25.0,random,1,,71,140.01,455,34,16,0.022886172727729994,2135.9075977043253
3H_lowDi,25.0,random,1,,76,150.01,455,34,15,0.022886172727729994,2137.668982283428
3H_lowDi,25.0,random,1,,81,160.01,458,34,15,0.02303707056989085,2139.2077616795195
3H_lowDi,25.0,random,1,,86,170.01,455,34,15,0.022886172727729994,2140.6607482885925
3H_lowDi,25.0,random,1,,91,180.01,457,34,15,0.022986771289170566,2142.185199355868
3H_lowDi,25.0,random,1,,96,190.01,454,34,14,0.022835873447009707,2143.475954970822
3H_lowDi,25.0,random,1,,101,200.01,452,34,14,0.022735274885569135,2144.5158125661383
3H_lowDi,25.0,random,1,,106,210.01,452,34,14,0.022735274885569135,2145.6869582883205
3H_lowDi,25.0,random,1,,111,220.01,456,34,16,0.022936472008450278,2147.0909035067734
3H_lowDi,25.0,random,1,,116,230.01,456,34,16,0.022936472008450278,2148.455241007525
3H_lowDi,25.0,random,1,,121,240.01,457,34,16,0.022986771289170566,2149.630929688506
3H_lowDi,25.0,random,1,,126,250.01,456,34,16,0.022936472008450278,2150.714002627603
3H_lowDi,25.0,random,1,,131,260.01,455,34,15,0.022886172727729994,2151.742837645866
3H_lowDi,25.0,random,1,,136,270.01,454,34,14,0.022835873447009707,2152.4948219855637
3H_lowDi,25.0,random,1,,141,280.01,451,34,14,0.02268497560484885,2152.835914437774
3H_lowDi,25.0,random,1,,146,290.01,451,34,15,0.02268497560484885,2153.0370295139783
3H_lowDi,25.0,random,1,,151,300.01,448,34,14,0.022534077762687992,2153.5821949176516
3H_lowDi,25.0,random,1,,156,310.01,448,34,14,0.022534077762687992,2154.54942141807
3H_lowDi,25.0,random,1,,161,320.01,451,34,14,0.02268497560484885,2155.5709832440334
3H_lowDi,25.0,random,1,,166,330.01,446,34,14,0.02243347920124742,2156.683051061613
3H_lowDi,25.0,random,1,,171,340.01,450,34,16,0.022634676324128564,2157.91192504399
3H_lowDi,25.0,random,1,,176,350.01,449,34,14,0.02258437704340828,2159.0212855736672
3H_lowDi,25.0,random,1,,181,360.01,451,34,15,0.02268497560484885,2159.918906651449
3H_lowDi,25.0,random,1,,186,370.01,450,34,15,0.022634676324128564,2160.757429646403
3H_lowDi,25.0,random,1,,191,380.01,457,34,16,0.022986771289170566,2161.547941611353
3H_lowDi,25.0,random,1,,196,390.01,458,34,16,0.02303707056989085,2162.1030040207906
3H_lowDi,25.0,random,1,,201,400.01,455,34,16,0.022886172727729994,2162.530832173935
3H_lowDi,25.0,random,1,,206,410.01,455,34,16,0.022886172727729994,2163.027821515783
3H_lowDi,25.0,random,1,,211,420.01,458,34,17,0.02303707056989085,2163.568766190795
3H_lowDi,25.0,random,1,,216,430.01,455,34,18,0.022886172727729994,2164.167880143428
3H_lowDi,25.0,random,1,,221,440.01,456,34,18,0.022936472008450278,2165.02460571252
3H_lowDi,25.0,random,1,,226,450.01,457,34,18,0.022986771289170566,2166.1462802568967
3H_lowDi,25.0,random,1,,231,460.01,459,34,18,0.023087369850611137,2167.3029009204583
3H_lowDi,25.0,random,1,,236,470.01,458,34,18,0.02303707056989085,2168.345505577469
3H_lowDi,25.0,random,1,,241,480.01,460,34,18,0.02313766913133142,2169.2881068202523
3H_lowDi,25.0,random,1,,246,490.01,458,34,18,0.02303707056989085,2170.199639370771
3H_lowDi,25.0,random,1,,251,500.01,460,34,18,0.02313766913133142,2171.0462175713265
3H_lowDi,25.0,random,1,,256,510.01,460,34,18,0.02313766913133142,2171.6806967081648
3H_lowDi,25.0,random,1,,261,520.01,460,34,18,0.02313766913133142,2172.0324394709855
3H_lowDi,25.0,random,1,,266,530.01,455,34,18,0.022886172727729994,2172.22963998794
3H_lowDi,25.0,random,1,,271,540.01,458,34,18,0.02303707056989085,2172.3175770173275
3H_lowDi,25.0,random,1,,276,550.01,458,34,18,0.02303707056989085,2172.2455778004523
3H_lowDi,25.0,random,1,,281,560.01,454,34,18,0.022835873447009707,2172.132452955275
3H_lowDi,25.0,random,1,,286,570.01,454,34,18,0.022835873447009707,2172.1585638937668
3H_lowDi,25.0,random,1,,291,580.01,454,34,18,0.022835873447009707,2172.4614164606837
3H_lowDi,25.0,random,1,,296,590.01,465,34,18,0.02338916553493285,2173.097982801154
3H_lowDi,25.0,random,1,,301,600.01,463,34,18,0.02328856697349228,2174.005185679387
3H_lowDi,25.0,random,2,,0,0.0,4969,1897,30,0.24993712589909964,19840.181224828495
3H_lowDi,25.0,random,2,,1,0.01,5074,1825,43,0.2552185503747296,20123.890335733555
3H_lowDi,25.0,random,2,,6,10.01,353,37,14,0.017755646094260853,1560.360208189487
3H_lowDi,25.0,random,2,,11,20.01,459,37,15,0.023087369850611137,2076.4375213347
3H_lowDi,25.0,random,2,,16,30.01,461,37,16,0.02318796841205171,2183.417776027356
3H_lowDi,25.0,random,2,,21,40.01,470,37,16,0.02364066193853428,2227.1560648587774
3H_lowDi,25.0,random,2,,26,50.01,482,37,16,0.024244253307177707,2256.2001519642363
3H_lowDi,25.0,random,2,,31,60.01,484,37,16,0.02434485186861828,2274.1466429273087
3H_lowDi,25.0,random,2,,36,70.01,493,37,16,0.02479754539510085,2285.5668171585467
3H_lowDi,25.0,random,2,,41,80.01,493,37,16,0.02479754539510085,2291.0533030227343
3H_lowDi,25.0,random,2,,46,90.01,490,37,15,0.024646647552939993,2295.4556538438173
3H_lowDi,25.0,random,2,,51,100.01,494,37,16,0.024847844675821136,2300.1132334975655
3H_lowDi,25.0,random,2,,56,110.01,499,37,16,0.025099341079422563,2303.9853490691557
3H_lowDi,25.0,random,2,,61,120.01,499,37,17,0.025099341079422563,2307.3409175299184
3H_lowDi,25.0,random,2,,66,130.01,498,37,18,0.02504904179870228,2310.4945257423483
3H_lowDi,25.0,random,2,,71,140.01,500,37,18,0.02514964036014285,2313.73397454856
3H_lowDi,25.0,random,2,,76,150.01,496,37,18,0.024948443237261708,2316.7556842189697
3H_lowDi,25.0,random,2,,81,160.01,502,37,18,0.025250238921583422,2320.4131923265722
3H_lowDi,25.0,random,2,,86,170.01,506,37,18,0.025451436044464565,2326.6860292374317
3H_lowDi,25.0,random,2,,91,180.01,509,37,18,0.02560233388662542,2334.3119144144234
3H_lowDi,25.0,random,2,,96,190.01,510,37,18,0.025652633167345708,2337.739520602794
3H_lowDi,25.0,random,2,,101,200.01,509,37,18,0.02560233388662542,2340.7377992288807
3H_lowDi,25.0,random,2,,106,210.01,509,37,18,0.02560233388662542,2343.925269276463
3H_lowDi,25.0,random,2,,111,220.01,506,37,18,0.025451436044464565,2346.8445176542386
3H_lowDi,25.0,random,2,,116,230.01,506,37,18,0.025451436044464565,2349.5634646817334
3H_lowDi,25.0,random,2,,121,240.01,509,37,18,0.02560233388662542,2352.0588416219443
3H_lowDi,25.0,random,2,,126,250.01,508,37,17,0.025552034605905136,2353.876198429763
3H_lowDi,25.0,random,2,,131,260.01,510,37,17,0.025652633167345708,2355.023267745995
3H_lowDi,25.0,random,2,,136,270.01,503,37,16,0.025300538202303706,2356.0632155287312
3H_lowDi,25.0,random,2,,141,280.01,507,37,16,0.02550173532518485,2357.4581457691497
3H_lowDi,25.0,random,2,,146,290.01,508,37,16,0.025552034605905136,2359.339189497262
3H_lowDi,25.0,random,2,,151,300.01,506,37,14,0.025451436044464565,2361.5345787165975
3H_lowDi,25.0,random,2,,156,310.01,505,37,15,0.025401136763744277,2363.5772775786813
3H_lowDi,25.0,random,2,,161,320.01,504,37,16,0.025350837483023993,2365.479308214959
3H_lowDi,25.0,random,2,,166,330.01,499,37,16,0.025099341079422563,2367.2654131481813
3H_lowDi,25.0,random,2,,171,340.01,500,37,16,0.02514964036014285,2368.8740458411994
3H_lowDi,25.0,random,2,,176,350.01,502,37,16,0.025250238921583422,2370.125275673804
3H_lowDi,25.0,random,2,,181,360.01,502,37,16,0.025250238921583422,2370.9632479717257
3H_lowDi,25.0,random,2,,186,370.01,496,37,16,0.024948443237261708,2371.8127749021423
3H_lowDi,25.0,random,2,,191,380.01,502,37,16,0.025250238921583422,2372.9924285705356
3H_lowDi,25.0,random,2,,196,390.01,504,37,16,0.025350837483023993,2374.299681270529
3H_lowDi,25.0,random,2,,201,400.01,507,37,16,0.02550173532518485,2375.435241672628
3H_lowDi,25.0,random,2,,206,410.01,504,37,16,0.025350837483023993,2376.3290419320124
3H_lowDi,25.0,random,2,,211,420.01,499,37,16,0.025099341079422563,2377.340482872881
3H_lowDi,25.0,random,2,,216,430.01,506,37,16,0.025451436044464565,2378.5409896612937
3H_lowDi,25.0,random,2,,221,440.01,504,37,16,0.025350837483023993,2379.737558079699
3H_lowDi,25.0,random,2,,226,450.01,504,37,16,0.025350837483023993,2380.868881876465
3H_lowDi,25.0,random,2,,231,460.01,506,37,16,0.025451436044464565,2381.8413694056526
3H_lowDi,25.0,random,2,,236,470.01,504,37,16,0.025350837483023993,2382.60739330206
3H_lowDi,25.0,random,2,,241,480.01,501,37,16,0.025199939640863134,2383.2725869788046
3H_lowDi,25.0,random,2,,246,490.01,500,37,16,0.02514964036014285,2383.9498899158566
3H_lowDi,25.0,random,2,,251,500.01,506,37,16,0.025451436044464565,2384.604902900328
3H_lowDi,25.0,random,2,,256,510.01,505,37,16,0.025401136763744277,2385.2637792053115
3H_lowDi,25.0,random,2,,261,520.01,506,37,16,0.025451436044464565,2386.0524936220404
3H_lowDi,25.0,random,2,,266,530.01,508,37,16,0.025552034605905136,2386.8914696725888
3H_lowDi,25.0,random,2,,271,540.01,506,37,16,0.025451436044464565,2387.685924122361
3H_lowDi,25.0,random,2,,276,550.01,504,37,16,0.025350837483023993,2388.507787266066
3H_lowDi,25.0,random,2,,281,560.01,500,37,16,0.02514964036014285,2389.7815534334222
3H_lowDi,25.0,random,2,,286,570.01,504,37,16,0.025350837483023993,2393.626401305114
3H_lowDi,25.0,random,2,,291,580.01,502,37,16,0.025250238921583422,2400.6168637439587
3H_lowDi,25.0,random,2,,296,590.01,505,37,16,0.025401136763744277,2402.517890789015
3H_lowDi,25.0,random,2,,301,600.01,505,37,16,0.025401136763744277,2402.997689844995
3H_lowDi,25.0,random,3,,0,0.0,4960,1868,30,0.24948443237261708,19810.8209612995
3H_lowDi,25.0,random,3,,1,0.01,5061,1803,32,0.2545646597253659,20092.36742691069
3H_lowDi,25.0,random,3,,6,10.01,348,36,12,0.017504149690659422,1516.4384602799287
3H_lowDi,25.0,random,3,,11,20.01,454,36,16,0.022835873447009707,2034.853321206162
3H_lowDi,25.0,random,3,,16,30.01,465,36,16,0.02338916553493285,2161.534572623221
3H_lowDi,25.0,random,3,,21,40.01,471,36,16,0.023690961219254566,2200.2860636375062
3H_lowDi,25.0,random,3,,26,50.01,476,36,16,0.023942457622855993,2215.866986834263
3H_lowDi,25.0,random,3,,31,60.01,479,36,16,0.024093355465016852,2222.6354590705746
3H_lowDi,25.0,random,3,,36,70.01,481,36,16,0.024193954026457423,2229.722113508979
3H_lowDi,25.0,random,3,,41,80.01,475,36,16,0.02389215834213571,2234.8852153503894
3H_lowDi,25.0,random,3,,46,90.01,475,36,16,0.02389215834213571,2239.2514628138406
3H_lowDi,25.0,random,3,,51,100.01,479,36,16,0.024093355465016852,2243.598222886695
3H_lowDi,25.0,random,3,,56,110.01,476,36,15,0.023942457622855993,2247.8755478185963
3H_lowDi,25.0,random,3,,61,120.01,481,36,15,0.024193954026457423,2251.414846882229
3H_lowDi,25.0,random,3,,66,130.01,479,36,15,0.024093355465016852,2253.7524401660194
3H_lowDi,25.0,random,3,,71,140.01,482,36,16,0.024244253307177707,2255.247754170708
3H_lowDi,25.0,random,3,,76,150.01,477,36,16,0.02399275690357628,2255.774894528146
3H_lowDi,25.0,random,3,,81,160.01,473,36,15,0.023791559780695137,2254.4251485678665
3H_lowDi,25.0,random,3,,86,170.01,471,36,15,0.023690961219254566,2253.842912984145
3H_lowDi,25.0,random,3,,91,180.01,472,36,15,0.02374126049997485,2256.7316254516045
3H_lowDi,25.0,random,3,,96,190.01,475,36,15,0.02389215834213571,2259.2520908650736
3H_lowDi,25.0,random,3,,101,200.01,476,36,15,0.023942457622855993,2261.64504379908
3H_lowDi,25.0,random,3,,106,210.01,478,36,15,0.024043056184296564,2263.908888548938
3H_lowDi,25.0,random,3,,111,220.01,482,36,16,0.024244253307177707,2266.128453725091
3H_lowDi,25.0,random,3,,116,230.01,481,36,16,0.024193954026457423,2268.271101631676
3H_lowDi,25.0,random,3,,121,240.01,479,36,16,0.024093355465016852,2270.4759235629567
3H_lowDi,25.0,random,3,,126,250.01,476,36,14,0.023942457622855993,2274.8281018119
3H_lowDi,25.0,random,3,,131,260.01,481,36,14,0.024193954026457423,2281.523828170667
3H_lowDi,25.0,random,3,,136,270.01,483,36,16,0.024294552587897995,2284.358899686357
3H_lowDi,25.0,random,3,,141,280.01,483,36,16,0.024294552587897995,2285.978211467064
3H_lowDi,25.0,random,3,,146,290.01,478,36,16,0.024043056184296564,2287.598845217874
3H_lowDi,25.0,random,3,,151,300.01,483,36,16,0.024294552587897995,2289.592689060718
3H_lowDi,25.0,random,3,,156,310.01,488,36,16,0.02454604899149942,2291.6398417271507
3H_lowDi,25.0,random,3,,161,320.01,484,36,15,0.02434485186861828,2293.4599715853483
3H_lowDi,25.0,random,3,,166,330.01,480,36,15,0.024143654745737136,2295.3752876034496
3H_lowDi,25.0,random,3,,171,340.01,486,36,15,0.02444545043005885,2297.4896488043833
3H_lowDi,25.0,random,3,,176,350.01,484,36,15,0.02434485186861828,2299.2593570059285
3H_lowDi,25.0,random,3,,181,360.01,480,36,15,0.024143654745737136,2300.839783231001
3H_lowDi,25.0,random,3,,186,370.01,483,36,15,0.024294552587897995,2303.1328039503687
3H_lowDi,25.0,random,3,,191,380.01,487,36,16,0.024495749710779134,2308.414647872063
3H_lowDi,25.0,random,3,,196,390.01,488,36,16,0.02454604899149942,2313.2823442059707
3H_lowDi,25.0,random,3,,201,400.01,490,36,16,0.024646647552939993,2314.30887343881
3H_lowDi,25.0,random,3,,206,410.01,489,36,16,0.024596348272219706,2314.9815467922535
3H_lowDi,25.0,random,3,,211,420.01,493,36,18,0.02479754539510085,2316.326323779541
3H_lowDi,25.0,random,3,,216,430.01,490,36,18,0.024646647552939993,2318.033566207916
3H_lowDi,25.0,random,3,,221,440.01,491,36,18,0.024696946833660277,2319.8532725199525
3H_lowDi,25.0,random,3,,226,450.01,488,36,18,0.02454604899149942,2321.4900079209647
3H_lowDi,25.0,random,3,,231,460.01,492,36,18,0.024747246114380565,2322.7099074998305
3H_lowDi,25.0,random,3,,236,470.01,490,36,18,0.024646647552939993,2323.7962791219456
3H_lowDi,25.0,random,3,,241,480.01,493,36,18,0.02479754539510085,2324.973342837046
3H_lowDi,25.0,random,3,,246,490.01,499,36,18,0.025099341079422563,2326.1799260998896
3H_lowDi,25.0,random,3,,251,500.01,497,36,18,0.02499874251798199,2327.2663592387426
3H_lowDi,25.0,random,3,,256,510.01,497,36,17,0.02499874251798199,2328.2016550483972
3H_lowDi,25.0,random,3,,261,520.01,493,36,16,0.02479754539510085,2329.032461639499
3H_lowDi,25.0,random,3,,266,530.01,493,36,16,0.02479754539510085,2329.8174766164884
3H_lowDi,25.0,random,3,,271,540.01,491,36,16,0.024696946833660277,2330.469967366895
3H_lowDi,25.0,random,3,,276,550.01,496,36,16,0.024948443237261708,2330.9440177446027
3H_lowDi,25.0,random,3,,281,560.01,494,36,16,0.024847844675821136,2331.336071888305
3H_lowDi,25.0,random,3,,286,570.01,491,36,16,0.024696946833660277,2331.7766634613213
3H_lowDi,25.0,random,3,,291,580.01,488,36,16,0.02454604899149942,2332.2231458166825
3H_lowDi,25.0,random,3,,296,590.01,489,36,16,0.024596348272219706,2332.7071656093026
3H_lowDi,25.0,random,3,,301,600.01,492,36,16,0.024747246114380565,2333.392093393162
3H_lowDi,25.0,nucl,1,,0,0.0,0,0,0,0.0,0.0
3H_lowDi,25.0,nucl,1,,1,0.01,3,3,1,0.0001508978421608571,12.0
3H_lowDi,25.0,nucl,1,,6,10.01,228,191,12,0.011468236004225139,1014.6557565950155
3H_lowDi,25.0,nucl,1,,11,20.01,256,193,17,0.01287661586439314,1139.2850189178032
3H_lowDi,25.0,nucl,1,,16,30.01,257,163,18,0.012926915145113425,1238.3350778364882
3H_lowDi,25.0,nucl,1,,21,40.01,367,206,20,0.018459836024344853,1591.6872049309375
3H_lowDi,25.0,nucl,1,,26,50.01,395,195,21,0.01986821588451285,1754.632850835431
3H_lowDi,25.0,nucl,1,,31,60.01,429,206,22,0.021578391429002565,1902.0767638771517
3H_lowDi,25.0,nucl,1,,36,70.01,456,219,20,0.022936472008450278,2048.284658331682
3H_lowDi,25.0,nucl,1,,41,80.01,447,182,19,0.022483778481967708,2057.8056437899377
3H_lowDi,25.0,nucl,1,,46,90.01,502,195,21,0.025250238921583422,2204.098057970085
3H_lowDi,25.0,nucl,1,,51,100.01,538,201,23,0.027061013027513705,2378.4121661113786
3H_lowDi,25.0,nucl,1,,56,110.01,570,216,20,0.02867059001056285,2490.4605888102155
3H_lowDi,25.0,nucl,1,,61,120.01,596,214,19,0.029978371309290278,2671.5197350344656
3H_lowDi,25.0,nucl,1,,66,130.01,630,212,21,0.03168854685377999,2755.5172336352575
3H_lowDi,25.0,nucl,1,,71,140.01,647,224,19,0.032543634626024845,2882.7616931002613
3H_lowDi,25.0,nucl,1,,76,150.01,680,196,21,0.03420351088979428,2992.3396986581947
3H_lowDi,25.0,nucl,1,,81,160.01,707,219,20,0.03556159146924199,3118.8993564816847
3H_lowDi,25.0,nucl,1,,86,170.01,729,208,20,0.03666817564508828,3250.8088329983148
3H_lowDi,25.0,nucl,1,,91,180.01,758,211,21,0.03812685478597656,3321.2622123215774
3H_lowDi,25.0,nucl,1,,96,190.01,773,216,22,0.038881343996780844,3425.7981599771465
3H_lowDi,25.0,nucl,1,,101,200.01,767,222,19,0.03857954831245913,3400.8122498915527
3H_lowDi,25.0,nucl,1,,106,210.01,765,223,20,0.03847894975101856,3407.3181077624968
3H_lowDi,25.0,nucl,1,,111,220.01,752,195,21,0.037825059101654845,3316.6659380674873
3H_lowDi,25.0,nucl,1,,116,230.01,786,210,20,0.03953523464614456,3471.9442736278943
3H_lowDi,25.0,nucl,1,,121,240.01,805,216,20,0.04049092097982999,3562.43402074804
3H_lowDi,25.0,nucl,1,,126,250.01,796,210,20,0.04003822745334742,3515.342592883536
3H_lowDi,25.0,nucl,1,,131,260.01,811,224,21,0.040792716664151706,3533.193201421488
3H_lowDi,25.0,nucl,1,,136,270.01,815,207,21,0.04099391378703285,3595.136823656302
3H_lowDi,25.0,nucl,1,,141,280.01,854,236,20,0.04295558573512399,3677.008731885817
3H_lowDi,25.0,nucl,1,,146,290.01,809,197,22,0.04069211810271113,3564.2292347748685
3H_lowDi,25.0,nucl,1,,151,300.01,831,218,21,0.04179870227855741,3661.2440182806104
3H_lowDi,25.0,nucl,1,,156,310.01,848,236,21,0.042653790050802276,3657.475345319788
3H_lowDi,25.0,nucl,1,,161,320.01,820,220,20,0.041245410190634275,3622.4932397275134
3H_lowDi,25.0,nucl,1,,166,330.01,830,207,21,0.04174840299783713,3630.820567561879
3H_lowDi,25.0,nucl,1,,171,340.01,852,222,21,0.04285498717368342,3642.687005569358
3H_lowDi,25.0,nucl,1,,176,350.01,842,213,21,0.04235199436648056,3715.354700980735
3H_lowDi,25.0,nucl,1,,181,360.01,866,231,20,0.043559177103767416,3754.01142414935
3H_lowDi,25.0,nucl,1,,186,370.01,846,210,21,0.0425531914893617,3737.611026045279
3H_lowDi,25.0,nucl,1,,191,380.01,867,222,20,0.0436094763844877,3769.051848871738
3H_lowDi,25.0,nucl,1,,196,390.01,874,224,20,0.0439615713495297,3814.7952515618645
3H_lowDi,25.0,nucl,1,,201,400.01,882,220,21,0.04436396559529199,3846.538282062467
3H_lowDi,25.0,nucl,1,,206,410.01,893,231,20,0.04491725768321513,3949.64106621255
3H_lowDi,25.0,nucl,1,,211,420.01,884,225,21,0.044464564156732556,3911.5196634747717
3H_lowDi,25.0,nucl,1,,216,430.01,897,225,21,0.045118454806096275,3984.753531524876
3H_lowDi,25.0,nucl,1,,221,440.01,879,206,20,0.04421306775313113,3919.817601734572
3H_lowDi,25.0,nucl,1,,226,450.01,872,198,21,0.043860972788089134,3879.894142818868
3H_lowDi,25.0,nucl,1,,231,460.01,889,213,19,0.04471606056033399,3920.087934633291
3H_lowDi,25.0,nucl,1,,236,470.01,913,223,21,0.04592324329762085,4022.0759750465645
3H_lowDi,25.0,nucl,1,,241,480.01,921,232,21,0.04632563754338313,4000.7313651847144
3H_lowDi,25.0,nucl,1,,246,490.01,894,215,21,0.044967556963935416,3953.657706198278
3H_lowDi,25.0,nucl,1,,251,500.01,895,207,22,0.0450178562446557,4007.5622504197063
3H_lowDi,25.0,nucl,1,,256,510.01,920,241,20,0.04627533826266284,4056.0486853277716
3H_lowDi,25.0,nucl,1,,261,520.01,896,207,21,0.045068155525375984,3965.366855912611
3H_lowDi,25.0,nucl,1,,266,530.01,924,245,22,0.046476535385543985,4106.062763910115
3H_lowDi,25.0,nucl,1,,271,540.01,908,225,19,0.04567174689401941,4014.991353277789
3H_lowDi,25.0,nucl,1,,276,550.01,891,211,21,0.04481665912177456,4003.3781344109902
3H_lowDi,25.0,nucl,1,,281,560.01,930,213,22,0.0467783310698657,4086.083571154888
3H_lowDi,25.0,nucl,1,,286,570.01,945,231,20,0.047532820280669984,4141.590080868991
3H_lowDi,25.0,nucl,1,,291,580.01,936,238,21,0.047080126754187414,4150.343466508409
3H_lowDi,25.0,nucl,1,,296,590.01,915,213,20,0.046023841859061415,4100.647658858108
3H_lowDi,25.0,nucl,1,,301,600.01,953,219,21,0.04793521452643227,4178.366820462496
3H_lowDi,25.0,nucl,2,,0,0.0,0,0,0,0.0,0.0
3H_lowDi,25.0,nucl,2,,1,0.01,1,1,1,5.02992807202857e-05,4.0
3H_lowDi,25.0,nucl,2,,6,10.01,228,181,12,0.011468236004225139,962.2242129294663
3H_lowDi,25.0,nucl,2,,11,20.01,325,189,18,0.016347266234092852,1415.1700413775402
3H_lowDi,25.0,nucl,2,,16,30.01,449,216,22,0.02258437704340828,1881.5664255351276
3H_lowDi,25.0,nucl,2,,21,40.01,470,194,22,0.02364066193853428,2121.4085116165456
3H_lowDi,25.0,nucl,2,,26,50.01,477,182,20,0.02399275690357628,2220.0603281600806
3H_lowDi,25.0,nucl,2,,31,60.01,500,198,21,0.02514964036014285,2284.0483424983277
3H_lowDi,25.0,nucl,2,,36,70.01,503,195,20,0.025300538202303706,2268.8865241024337
3H_lowDi,25.0,nucl,2,,41,80.01,536,208,21,0.026960414466073133,2367.4628797487835
3H_lowDi,25.0,nucl,2,,46,90.01,557,215,22,0.028016699361199136,2496.3457533176424
3H_lowDi,25.0,nucl,2,,51,100.01,576,204,20,0.028972385694884563,2570.2870097495493
3H_lowDi,25.0,nucl,2,,56,110.01,587,189,20,0.029525677782807704,2665.9273373750584
3H_lowDi,25.0,nucl,2,,61,120.01,628,209,19,0.03158794829233942,2792.5790042124254
3H_lowDi,25.0,nucl,2,,66,130.01,674,209,22,0.03390171520547256,2967.465593576989
3H_lowDi,25.0,nucl,2,,71,140.01,692,220,20,0.0348071022584377,3071.117681129409
3H_lowDi,25.0,nucl,2,,76,150.01,703,216,21,0.035360394346360846,3072.145742110546
3H_lowDi,25.0,nucl,2,,81,160.01,693,200,22,0.03485740153915799,3060.213835542689
3H_lowDi,25.0,nucl,2,,86,170.01,730,232,20,0.03671847492580856,3216.4424526122607
3H_lowDi,25.0,nucl,2,,91,180.01,744,216,21,0.03742266485589256,3232.5954612465803
3H_lowDi,25.0,nucl,2,,96,190.01,722,202,20,0.03631608068004628,3197.0258364782844
3H_lowDi,25.0,nucl,2,,101,200.01,732,208,20,0.03681907348724913,3274.3483161097547
3H_lowDi,25.0,nucl,2,,106,210.01,746,187,22,0.037523263417333134,3332.4391915917686
3H_lowDi,25.0,nucl,2,,111,220.01,768,214,21,0.03862984759317942,3357.458181228594
3H_lowDi,25.0,nucl,2,,116,230.01,733,189,22,0.036869372767969415,3282.8928250649715
3H_lowDi,25.0,nucl,2,,121,240.01,750,196,20,0.03772446054021428,3291.403674893786
3H_lowDi,25.0,nucl,2,,126,250.01,778,215,21,0.03913284040038227,3406.092633376459
3H_lowDi,25.0,nucl,2,,131,260.01,769,191,23,0.0386801468738997,3384.077404004827
3H_lowDi,25.0,nucl,2,,136,270.01,787,214,20,0.03958553392686485,3444.0377128570444
3H_lowDi,25.0,nucl,2,,141,280.01,776,189,24,0.0390322418389417,3447.77794340951
3H_lowDi,25.0,nucl,2,,146,290.01,794,217,20,0.03993762889190684,3541.765294904124
3H_lowDi,25.0,nucl,2,,151,300.01,805,220,21,0.04049092097982999,3565.1425829194604
3H_lowDi,25.0,nucl,2,,156,310.01,791,185,21,0.03978673104974599,3539.207636335411
3H_lowDi,25.0,nucl,2,,161,320.01,840,222,20,0.04225139580503999,3667.590774224833
3H_lowDi,25.0,nucl,2,,166,330.01,830,217,22,0.04174840299783713,3619.243697276246
3H_lowDi,25.0,nucl,2,,171,340.01,811,208,20,0.040792716664151706,3599.903653916998
3H_lowDi,25.0,nucl,2,,176,350.01,808,198,22,0.04064181882199085,3619.2757983802885
3H_lowDi,25.0,nucl,2,,181,360.01,854,211,22,0.04295558573512399,3751.7822174639077
3H_lowDi,25.0,nucl,2,,186,370.01,828,208,21,0.04164780443639656,3658.527824310264
3H_lowDi,25.0,nucl,2,,191,380.01,853,223,22,0.0429052864544037,3765.6536482905594
3H_lowDi,25.0,nucl,2,,196,390.01,815,195,20,0.04099391378703285,3633.930720461957
3H_lowDi,25.0,nucl,2,,201,400.01,824,197,22,0.04144660731351542,3699.219056240082
3H_lowDi,25.0,nucl,2,,206,410.01,859,213,21,0.043207082138725414,3811.7179942277003
3H_lowDi,25.0,nucl,2,,211,420.01,846,199,21,0.0425531914893617,3724.520419573957
3H_lowDi,25.0,nucl,2,,216,430.01,848,202,22,0.042653790050802276,3769.101091915266
3H_lowDi,25.0,nucl,2,,221,440.01,856,220,21,0.04305618429656456,3780.1370405524585
3H_lowDi,25.0,nucl,2,,226,450.01,814,180,20,0.04094361450631256,3669.6840519415855
3H_lowDi,25.0,nucl,2,,231,460.01,847,209,21,0.042603490770081985,3799.009989540603
3H_lowDi,25.0,nucl,2,,236,470.01,876,229,20,0.04406216991097027,3887.2861919371603
3H_lowDi,25.0,nucl,2,,241,480.01,853,211,21,0.0429052864544037,3770.2481932501637
3H_lowDi,25.0,nucl,2,,246,490.01,887,219,21,0.044615461998893415,3850.7822475412413
3H_lowDi,25.0,nucl,2,,251,500.01,864,218,21,0.04345857854232685,3835.689762518114
3H_lowDi,25.0,nucl,2,,256,510.01,877,214,20,0.04411246919169056,3836.2276577021685
3H_lowDi,25.0,nucl,2,,261,520.01,893,234,20,0.04491725768321513,3918.8590256590182
3H_lowDi,25.0,nucl,2,,266,530.01,874,192,21,0.0439615713495297,3866.1340946406167
3H_lowDi,25.0,nucl,2,,271,540.01,906,222,22,0.045571148332578845,3965.0586614046924
3H_lowDi,25.0,nucl,2,,276,550.01,852,183,21,0.04285498717368342,3835.0547943575475
3H_lowDi,25.0,nucl,2,,281,560.01,907,218,23,0.04562144761329913,3926.5728002881633
3H_lowDi,25.0,nucl,2,,286,570.01,920,240,21,0.04627533826266284,3993.205972982576
3H_lowDi,25.0,nucl,2,,291,580.01,877,189,23,0.04411246919169056,3854.2085265574015
3H_lowDi,25.0,nucl,2,,296,590.01,888,226,20,0.0446657612796137,3927.1480553622673
3H_lowDi,25.0,nucl,2,,301,600.01,899,224,20,0.04521905336753684,3986.2098346443245
3H_lowDi,25.0,nucl,3,,0,0.0,0,0,0,0.0,0.0
3H_lowDi,25.0,nucl,3,,1,0.01,4,4,1,0.0002011971228811428,16.0
3H_lowDi,25.0,nucl,3,,6,10.01,246,211,12,0.012373623057190282,1041.1203134899956
3H_lowDi,25.0,nucl,3,,11,20.01,273,192,16,0.013731703636637995,1215.0452967712336
3H_lowDi,25.0,nucl,3,,16,30.01,326,193,20,0.01639756551481314,1410.0979878280514
3H_lowDi,25.0,nucl,3,,21,40.01,365,178,21,0.01835923746290428,1628.7262946433702
3H_lowDi,25.0,nucl,3,,26,50.01,423,196,20,0.02127659574468085,1861.8317124881978
3H_lowDi,25.0,nucl,3,,31,60.01,481,216,19,0.024193954026457423,2131.4354702060664
3H_lowDi,25.0,nucl,3,,36,70.01,485,200,19,0.024395151149338566,2188.552473677455
3H_lowDi,25.0,nucl,3,,41,80.01,506,182,21,0.025451436044464565,2271.8084943933013
3H_lowDi,25.0,nucl,3,,46,90.01,534,182,20,0.026859815904632565,2378.1872887374184
3H_lowDi,25.0,nucl,3,,51,100.01,596,217,21,0.029978371309290278,2580.9052697907077
3H_lowDi,25.0,nucl,3,,56,110.01,583,200,21,0.029324480659926565,2604.856770216365
3H_lowDi,25.0,nucl,3,,61,120.01,604,207,21,0.030380765555052563,2665.5448550138726
3H_lowDi,25.0,nucl,3,,66,130.01,630,220,21,0.03168854685377999,2759.9812993079377
3H_lowDi,25.0,nucl,3,,71,140.01,646,225,21,0.03249333534530456,2837.805847348006
3H_lowDi,25.0,nucl,3,,76,150.01,628,199,22,0.03158794829233942,2834.800172409923
3H_lowDi,25.0,nucl,3,,81,160.01,643,217,19,0.0323424375031437,2824.2354351237873
3H_lowDi,25.0,nucl,3,,86,170.01,676,210,20,0.034002313766913136,2942.187020499581
3H_lowDi,25.0,nucl,3,,91,180.01,704,217,20,0.03541069362708113,3055.478741102355
3H_lowDi,25.0,nucl,3,,96,190.01,700,207,20,0.03520949650419999,3137.010572719085
3H_lowDi,25.0,nucl,3,,101,200.01,772,243,21,0.03883104471606056,3375.9056156108663
3H_lowDi,25.0,nucl,3,,106,210.01,806,236,21,0.04054122026055027,3473.031501448708
3H_lowDi,25.0,nucl,3,,111,220.01,825,235,21,0.0414969065942357,3536.785238514346
3H_lowDi,25.0,nucl,3,,116,230.01,791,215,21,0.03978673104974599,3461.4305884775345
3H_lowDi,25.0,nucl,3,,121,240.01,821,233,21,0.04129570947135456,3582.488680098125
3H_lowDi,25.0,nucl,3,,126,250.01,789,196,21,0.039686132488305416,3450.5651394991196
3H_lowDi,25.0,nucl,3,,131,260.01,796,197,21,0.04003822745334742,3537.203041003177
3H_lowDi,25.0,nucl,3,,136,270.01,820,210,23,0.041245410190634275,3605.540243961461
3H_lowDi,25.0,nucl,3,,141,280.01,843,240,21,0.04240229364720084,3649.387687226458
3H_lowDi,25.0,nucl,3,,146,290.01,834,237,21,0.04194960012071827,3645.6149829518927
3H_lowDi,25.0,nucl,3,,151,300.01,834,233,22,0.04194960012071827,3619.4071639790614
3H_lowDi,25.0,nucl,3,,156,310.01,820,222,21,0.041245410190634275,3623.572156093447
3H_lowDi,25.0,nucl,3,,161,320.01,844,224,21,0.04245259292792113,3715.9516530646924
3H_lowDi,25.0,nucl,3,,166,330.01,840,209,21,0.04225139580503999,3712.4709375298035
3H_lowDi,25.0,nucl,3,,171,340.01,845,209,20,0.04250289220864142,3752.890261144372
3H_lowDi,25.0,nucl,3,,176,350.01,851,225,21,0.04280468789296313,3750.730714225201
3H_lowDi,25.0,nucl,3,,181,360.01,874,210,22,0.0439615713495297,3859.4062923651327
3H_lowDi,25.0,nucl,3,,186,370.01,851,203,20,0.04280468789296313,3818.403821182779
3H_lowDi,25.0,nucl,3,,191,380.01,886,228,22,0.04456516271817313,3879.0949265970867
3H_lowDi,25.0,nucl,3,,196,390.01,888,220,21,0.0446657612796137,3883.2155608679063
3H_lowDi,25.0,nucl,3,,201,400.01,890,223,21,0.04476635984105427,3968.6027065147837
3H_lowDi,25.0,nucl,3,,206,410.01,913,220,20,0.04592324329762085,4032.1841866652153
3H_lowDi,25.0,nucl,3,,211,420.01,886,207,20,0.04456516271817313,3927.736565466283
3H_lowDi,25.0,nucl,3,,216,430.01,897,220,22,0.045118454806096275,3961.225750511862
3H_lowDi,25.0,nucl,3,,221,440.01,931,239,21,0.04682863035058599,4047.469900090292
3H_lowDi,25.0,nucl,3,,226,450.01,913,227,21,0.04592324329762085,4032.357998903537
3H_lowDi,25.0,nucl,3,,231,460.01,896,205,20,0.045068155525375984,3926.1950421069087
3H_lowDi,25.0,nucl,3,,236,470.01,932,242,22,0.04687892963130627,4098.363778706442
3H_lowDi,25.0,nucl,3,,241,480.01,916,219,21,0.0460741411397817,3990.382677197022
3H_lowDi,25.0,nucl,3,,246,490.01,909,220,22,0.045722046174739704,4023.4600315680455
3H_lowDi,25.0,nucl,3,,251,500.01,942,226,21,0.04738192243850913,4135.637726694857
3H_lowDi,25.0,nucl,3,,256,510.01,914,213,21,0.04597354257834113,4064.8267976703773
3H_lowDi,25.0,nucl,3,,261,520.01,923,223,22,0.0464262361048237,4100.61127257513
3H_lowDi,25.0,nucl,3,,266,530.01,914,223,20,0.04597354257834113,4108.561253173014
3H_lowDi,25.0,nucl,3,,271,540.01,952,231,23,0.047884915245711986,4151.702816457504
3H_lowDi,25.0,nucl,3,,276,550.01,946,237,21,0.047583119561390275,4133.731317954742
3H_lowDi,25.0,nucl,3,,281,560.01,933,222,22,0.046929228912026555,4090.4281586699453
3H_lowDi,25.0,nucl,3,,286,570.01,916,215,20,0.0460741411397817,4073.3731386355676
3H_lowDi,25.0,nucl,3,,291,580.01,906,216,21,0.045571148332578845,4048.0301171101355
3H_lowDi,25.0,nucl,3,,296,590.01,933,230,22,0.046929228912026555,4126.3062768349155
3H_lowDi,25.0,nucl,3,,301,600.01,955,245,20,0.048035813087872845,4140.526655382181
3L,20.0,seed1,0,1302,0,0.0,1,1,1,5.02992807202857e-05,10.0
3L,20.0,seed1,0,1302,1,0.01,1,1,1,5.02992807202857e-05,10.19819691727176
3L,20.0,seed1,0,1302,6,10.01,73,1,73,0.003671847492580856,330.16717930080074
3L,20.0,seed1,0,1302,11,20.01,121,1,121,0.00608621296715457,561.0643862183234
3L,20.0,seed1,0,1302,16,30.01,127,1,127,0.006388008651476284,634.8699008958442
3L,20.0,seed1,0,1302,21,40.01,127,1,127,0.006388008651476284,638.6566469451603
3L,20.0,seed1,0,1302,26,50.01,127,1,127,0.006388008651476284,639.1646621546555
3L,20.0,seed1,0,1302,31,60.01,127,1,127,0.006388008651476284,639.2598354317885
3L,20.0,seed1,0,1302,36,70.01,127,1,127,0.006388008651476284,639.2786496130257
3L,20.0,seed1,0,1302,41,80.01,127,1,127,0.006388008651476284,639.2824016333748
3L,20.0,seed1,0,1302,46,90.01,127,1,127,0.006388008651476284,639.283151059946
3L,20.0,seed1,0,1302,51,100.01,127,1,127,0.006388008651476284,639.2833007948923
3L,20.0,seed1,0,1302,56,110.01,127,1,127,0.006388008651476284,639.2833307135926
3L,20.0,seed1,0,1302,61,120.01,127,1,127,0.006388008651476284,639.2833366917497
3L,20.0,seed1,0,1302,66,130.01,127,1,127,0.006388008651476284,639.2833378862687
3L,20.0,seed1,0,1302,71,140.01,127,1,127,0.006388008651476284,639.2833381249511
3L,20.0,seed1,0,1302,76,150.01,127,1,127,0.006388008651476284,639.2833381726437
3L,20.0,seed1,0,1302,81,160.01,127,1,127,0.006388008651476284,639.2833381821752
3L,20.0,seed1,0,1302,86,170.01,127,1,127,0.006388008651476284,639.2833381840787
3L,20.0,seed1,0,1302,91,180.01,127,1,127,0.006388008651476284,639.283338184458
3L,20.0,seed1,0,1302,96,190.01,127,1,127,0.006388008651476284,639.2833381845326
3L,20.0,seed1,0,1302,101,200.01,127,1,127,0.006388008651476284,639.2833381845468
3L,20.0,seed1,0,1302,106,210.01,127,1,127,0.006388008651476284,639.2833381845498
3L,20.0,seed1,0,1302,111,220.01,127,1,127,0.006388008651476284,639.2833381845504
3L,20.0,seed1,0,1302,116,230.01,127,1,127,0.006388008651476284,639.2833381845504
3L,20.0,seed1,0,1302,121,240.01,127,1,127,0.006388008651476284,639.2833381845504
3L,20.0,seed1,0,1302,126,250.01,127,1,127,0.006388008651476284,639.2833381845504
3L,20.0,seed1,0,1302,131,260.01,127,1,127,0.006388008651476284,639.2833381845504
3L,20.0,seed1,0,1302,136,270.01,127,1,127,0.006388008651476284,639.2833381845504
3L,20.0,seed1,0,1302,141,280.01,127,1,127,0.006388008651476284,639.2833381845504
3L,20.0,seed1,0,1302,146,290.01,127,1,127,0.006388008651476284,639.2833381845504
3L,20.0,seed1,0,1302,151,300.01,127,1,127,0.006388008651476284,639.2833381845504
3L,20.0,seed1,0,1302,156,310.01,127,1,127,0.006388008651476284,639.2833381845504
3L,20.0,seed1,0,1302,161,320.01,127,1,127,0.006388008651476284,639.2833381845504
3L,20.0,seed1,0,1302,166,330.01,127,1,127,0.006388008651476284,639.2833381845504
3L,20.0,seed1,0,1302,171,340.01,127,1,127,0.006388008651476284,639.2833381845504
3L,20.0,seed1,0,1302,176,350.01,127,1,127,0.006388008651476284,639.2833381845504
3L,20.0,seed1,0,1302,181,360.01,127,1,127,0.006388008651476284,639.2833381845504
3L,20.0,seed1,0,1302,186,370.01,127,1,127,0.006388008651476284,639.2833381845504
3L,20.0,seed1,0,1302,191,380.01,127,1,127,0.006388008651476284,639.2833381845504
3L,20.0,seed1,0,1302,196,390.01,127,1,127,0.006388008651476284,639.2833381845504
3L,20.0,seed1,0,1302,201,400.01,127,1,127,0.006388008651476284,639.2833381845504
3L,20.0,seed1,0,1302,206,410.01,127,1,127,0.006388008651476284,639.2833381845504
3L,20.0,seed1,0,1302,211,420.01,127,1,127,0.006388008651476284,639.2833381845504
3L,20.0,seed1,0,1302,216,430.01,127,1,127,0.006388008651476284,639.2833381845504
3L,20.0,seed1,0,1302,221,440.01,127,1,127,0.006388008651476284,639.2833381845504
3L,20.0,seed1,0,1302,226,450.01,127,1,127,0.006388008651476284,639.2833381845504
3L,20.0,seed1,0,1302,231,460.01,127,1,127,0.006388008651476284,639.2833381845504
3L,20.0,seed1,0,1302,236,470.01,127,1,127,0.006388008651476284,639.2833381845504
3L,20.0,seed1,0,1302,241,480.01,127,1,127,0.006388008651476284,639.2833381845504
3L,20.0,seed1,0,1302,246,490.01,127,1,127,0.006388008651476284,639.2833381845504
3L,20.0,seed1,0,1302,251,500.01,127,1,127,0.006388008651476284,639.2833381845504
3L,20.0,seed1,0,1302,256,510.01,127,1,127,0.006388008651476284,639.2833381845504
3L,20.0,seed1,0,1302,261,520.01,127,1,127,0.006388008651476284,639.2833381845504
3L,20.0,seed1,0,1302,266,530.01,127,1,127,0.006388008651476284,639.2833381845504
3L,20.0,seed1,0,1302,271,540.01,127,1,127,0.006388008651476284,639.2833381845504
3L,20.0,seed1,0,1302,276,550.01,127,1,127,0.006388008651476284,639.2833381845504
3L,20.0,seed1,0,1302,281,560.01,127,1,127,0.006388008651476284,639.2833381845504
3L,20.0,seed1,0,1302,286,570.01,127,1,127,0.006388008651476284,639.2833381845504
3L,20.0,seed1,0,1302,291,580.01,127,1,127,0.006388008651476284,639.2833381845504
3L,20.0,seed1,0,1302,296,590.01,127,1,127,0.006388008651476284,639.2833381845504
3L,20.0,seed1,0,1302,301,600.01,127,1,127,0.006388008651476284,639.2833381845504
3L,20.0,seed1,0,1302,306,610.01,127,1,127,0.006388008651476284,639.2833381845504
3L,20.0,seed1,0,1302,311,620.01,127,1,127,0.006388008651476284,639.2833381845504
3L,20.0,seed1,0,1302,316,630.01,127,1,127,0.006388008651476284,639.2833381845504
3L,20.0,seed1,0,1302,321,640.01,127,1,127,0.006388008651476284,639.2833381845504
3L,20.0,seed1,0,1302,326,650.01,127,1,127,0.006388008651476284,639.2833381845504
3L,20.0,seed1,0,1302,331,660.01,127,1,127,0.006388008651476284,639.2833381845504
3L,20.0,seed1,0,1302,336,670.01,127,1,127,0.006388008651476284,639.2833381845504
3L,20.0,seed1,0,1302,341,680.01,127,1,127,0.006388008651476284,639.2833381845504
3L,20.0,seed1,0,1302,346,690.01,127,1,127,0.006388008651476284,639.2833381845504
3L,20.0,seed1,0,1302,351,700.01,127,1,127,0.006388008651476284,639.2833381845504
3L,20.0,seed1,0,1302,356,710.01,127,1,127,0.006388008651476284,639.2833381845504
3L,20.0,seed1,0,1302,361,720.01,127,1,127,0.006388008651476284,639.2833381845504
3L,20.0,seed1,0,1302,366,730.01,127,1,127,0.006388008651476284,639.2833381845504
3L,20.0,seed1,0,1302,371,740.01,127,1,127,0.006388008651476284,639.2833381845504
3L,20.0,seed1,0,1302,376,750.01,127,1,127,0.006388008651476284,639.2833381845504
3L,20.0,seed1,0,1302,381,760.01,127,1,127,0.006388008651476284,639.2833381845504
3L,20.0,seed1,0,1302,386,770.01,127,1,127,0.006388008651476284,639.2833381845504
3L,20.0,seed1,0,1302,391,780.01,127,1,127,0.006388008651476284,639.2833381845504
3L,20.0,seed1,0,1302,396,790.01,127,1,127,0.006388008651476284,639.2833381845504
3L,20.0,seed1,0,1302,401,800.01,127,1,127,0.006388008651476284,639.2833381845504
3L,20.0,seed1,0,1302,406,810.01,127,1,127,0.006388008651476284,639.2833381845504
3L,20.0,seed1,0,1302,411,820.01,127,1,127,0.006388008651476284,639.2833381845504
3L,20.0,seed1,0,1302,416,830.01,127,1,127,0.006388008651476284,639.2833381845504
3L,20.0,seed1,0,1302,421,840.01,127,1,127,0.006388008651476284,639.2833381845504
3L,20.0,seed1,0,1302,426,850.01,127,1,127,0.006388008651476284,639.2833381845504
3L,20.0,seed1,0,1302,431,860.01,127,1,127,0.006388008651476284,639.2833381845504
3L,20.0,seed1,0,1302,436,870.01,127,1,127,0.006388008651476284,639.2833381845504
3L,20.0,seed1,0,1302,441,880.01,127,1,127,0.006388008651476284,639.2833381845504
3L,20.0,seed1,0,1302,446,890.01,127,1,127,0.006388008651476284,639.2833381845504
3L,20.0,seed1,0,1302,451,900.01,127,1,127,0.006388008651476284,639.2833381845504
3L,20.0,seed1,0,1302,456,910.01,127,1,127,0.006388008651476284,639.2833381845504
3L,20.0,seed1,0,1302,461,920.01,127,1,127,0.006388008651476284,639.2833381845504
3L,20.0,seed1,0,1302,466,930.01,127,1,127,0.006388008651476284,639.2833381845504
3L,20.0,seed1,0,1302,471,940.01,127,1,127,0.006388008651476284,639.2833381845504
3L,20.0,seed1,0,1302,476,950.01,127,1,127,0.006388008651476284,639.2833381845504
3L,20.0,seed1,0,1302,481,960.01,127,1,127,0.006388008651476284,639.2833381845504
3L,20.0,seed1,0,1302,486,970.01,127,1,127,0.006388008651476284,639.2833381845504
3L,20.0,seed1,0,1302,491,980.01,127,1,127,0.006388008651476284,639.2833381845504
3L,20.0,seed1,0,1302,496,990.01,127,1,127,0.006388008651476284,639.2833381845504
3L,20.0,seed1,0,1302,501,1000.01,127,1,127,0.006388008651476284,639.2833381845504
3L,20.0,seed1_L5,0,1302,0,0.0,1,1,1,5.02992807202857e-05,5.0
3L,20.0,seed1_L5,0,1302,1,0.01,1,1,1,5.02992807202857e-05,4.991714543245162
3L,20.0,seed1_L5,0,1302,6,10.01,0,0,0,0.0,0.00024064916679559953
3L,20.0,seed1_L5,0,1302,11,20.01,0,0,0,0.0,1.0389124718901606e-08
3L,20.0,seed1_L5,0,1302,16,30.01,0,0,0,0.0,4.485114736198874e-13
3L,20.0,seed1_L5,0,1302,21,40.01,0,0,0,0.0,1.936279979416308e-17
3L,20.0,seed1_L5,0,1302,26,50.01,0,0,0,0.0,8.359162204768557e-22
3L,20.0,seed1_L5,0,1302,31,60.01,0,0,0,0.0,3.608754596878871e-26
3L,20.0,seed1_L5,0,1302,36,70.01,0,0,0,0.0,1.5579443754620782e-30
3L,20.0,seed1_L5,0,1302,41,80.01,0,0,0,0.0,6.725840208511682e-35
3L,20.0,seed1_L5,0,1302,46,90.01,0,0,0,0.0,2.90362911686211e-39
3L,20.0,seed1_L5,0,1302,51,100.01,0,0,0,0.0,1.2535329099284521e-43
3L,20.0,seed1_L5,0,1302,56,110.01,0,0,0,0.0,5.41165793919234e-48
3L,20.0,seed1_L5,0,1302,61,120.01,0,0,0,0.0,2.3362802379472535e-52
3L,20.0,seed1_L5,0,1302,66,130.01,0,0,0,0.0,1.0086013217305264e-56
3L,20.0,seed1_L5,0,1302,71,140.01,0,0,0,0.0,4.3542577199145386e-61
3L,20.0,seed1_L5,0,1302,76,150.01,0,0,0,0.0,1.879787373161991e-65
3L,20.0,seed1_L5,0,1302,81,160.01,0,0,0,0.0,8.115276576620785e-70
3L,20.0,seed1_L5,0,1302,86,170.01,0,0,0,0.0,3.503466128952151e-74
3L,20.0,seed1_L5,0,1302,91,180.01,0,0,0,0.0,1.5124900304785426e-78
3L,20.0,seed1_L5,0,1302,96,190.01,0,0,0,0.0,6.529608131194311e-83
3L,20.0,seed1_L5,0,1302,101,200.01,0,0,0,0.0,2.818913281264356e-87
3L,20.0,seed1_L5,0,1302,106,210.01,0,0,0,0.0,1.216960026946543e-91
3L,20.0,seed1_L5,0,1302,111,220.01,0,0,0,0.0,5.253768241219064e-96
3L,20.0,seed1_L5,0,1302,116,230.01,0,0,0,0.0,2.268117285799268e-100
3L,20.0,seed1_L5,0,1302,121,240.01,0,0,0,0.0,9.791745250163091e-105
3L,20.0,seed1_L5,0,1302,126,250.01,0,0,0,0.0,4.227218567769273e-109
3L,20.0,seed1_L5,0,1302,131,260.01,0,0,0,0.0,1.8249429864809556e-113
3L,20.0,seed1_L5,0,1302,136,270.01,0,0,0,0.0,7.878506517971489e-118
3L,20.0,seed1_L5,0,1302,141,280.01,0,0,0,0.0,3.401249541138304e-122
3L,20.0,seed1_L5,0,1302,146,290.01,0,0,0,0.0,1.4683618544586954e-126
3L,20.0,seed1_L5,0,1302,151,300.01,0,0,0,0.0,6.339101290720935e-131
3L,20.0,seed1_L5,0,1302,156,310.01,0,0,0,0.0,2.7366691018293682e-135
3L,20.0,seed1_L5,0,1302,161,320.01,0,0,0,0.0,1.1814541887617966e-139
3L,20.0,seed1_L5,0,1302,166,330.01,0,0,0,0.0,5.100485108739411e-144
3L,20.0,seed1_L5,0,1302,171,340.01,0,0,0,0.0,2.2019430454376733e-148
3L,20.0,seed1_L5,0,1302,176,350.01,0,0,0,0.0,9.506062799876828e-153
3L,20.0,seed1_L5,0,1302,181,360.01,0,0,0,0.0,4.1038858903473716e-157
3L,20.0,seed1_L5,0,1302,186,370.01,0,0,0,0.0,1.7716987311729584e-161
3L,20.0,seed1_L5,0,1302,191,380.01,0,0,0,0.0,7.64864442606173e-166
3L,20.0,seed1_L5,0,1302,196,390.01,0,0,0,0.0,3.302015208736629e-170
3L,20.0,seed1_L5,0,1302,201,400.01,0,0,0,0.0,1.4255211553012522e-174
3L,20.0,seed1_L5,0,1302,206,410.01,0,0,0,0.0,6.1541526484637716e-179
3L,20.0,seed1_L5,0,1302,211,420.01,0,0,0,0.0,2.6568244658978734e-183
3L,20.0,seed1_L5,0,1302,216,430.01,0,0,0,0.0,1.146984263439671e-187
3L,20.0,seed1_L5,0,1302,221,440.01,0,0,0,0.0,4.951674141308575e-192
3L,20.0,seed1_L5,0,1302,226,450.01,0,0,0,0.0,2.1376994945139172e-196
3L,20.0,seed1_L5,0,1302,231,460.01,0,0,0,0.0,9.228715376729931e-201
3L,20.0,seed1_L5,0,1302,236,470.01,0,0,0,0.0,3.984151548113538e-205
3L,20.0,seed1_L5,0,1302,241,480.01,0,0,0,0.0,1.7200079220516658e-209
3L,20.0,seed1_L5,0,1302,246,490.01,0,0,0,0.0,7.425488755118472e-214
3L,20.0,seed1_L5,0,1302,251,500.01,0,0,0,0.0,3.2056761219228015e-218
3L,20.0,seed1_L5,0,1302,256,510.01,0,0,0,0.0,1.3839303697796894e-222
3L,20.0,seed1_L5,0,1302,261,520.01,0,0,0,0.0,5.974600039288273e-227
3L,20.0,seed1_L5,0,1302,266,530.01,0,0,0,0.0,2.5793093647584255e-231
3L,20.0,seed1_L5,0,1302,271,540.01,0,0,0,0.0,1.113520027346138e-235
3L,20.0,seed1_L5,0,1302,276,550.01,0,0,0,0.0,4.807204859728312e-240
3L,20.0,seed1_L5,0,1302,281,560.01,0,0,0,0.0,2.075330303530494e-244
3L,20.0,seed1_L5,0,1302,286,570.01,0,0,0,0.0,8.959459799255159e-249
3L,20.0,seed1_L5,0,1302,291,580.01,0,0,0,0.0,3.867910556594904e-253
3L,20.0,seed1_L5,0,1302,296,590.01,0,0,0,0.0,1.6698252360105575e-257
3L,20.0,seed1_L5,0,1302,301,600.01,0,0,0,0.0,7.208843839637253e-262
3L,20.0,seed1_L5,0,1302,306,610.01,0,0,0,0.0,3.112147809457784e-266
3L,20.0,seed1_L5,0,1302,311,620.01,0,0,0,0.0,1.3435530306064043e-270
3L,20.0,seed1_L5,0,1302,316,630.01,0,0,0,0.0,5.800286029364875e-275
3L,20.0,seed1_L5,0,1302,321,640.01,0,0,0,0.0,2.504055832262954e-279
3L,20.0,seed1_L5,0,1302,326,650.01,0,0,0,0.0,1.0810321386472585e-283
3L,20.0,seed1_L5,0,1302,331,660.01,0,0,0,0.0,4.666950591641386e-288
3L,20.0,seed1_L5,0,1302,336,670.01,0,0,0,0.0,2.0147807864506833e-292
3L,20.0,seed1_L5,0,1302,341,680.01,0,0,0,0.0,8.698059981010306e-297
3L,20.0,seed1_L5,0,1302,346,690.01,0,0,0,0.0,3.755060994329411e-301
3L,20.0,seed1_L5,0,1302,351,700.01,0,0,0,0.0,1.6211066722830768e-305
3L,20.0,seed1_L5,0,1302,356,710.01,0,0,0,0.0,6.99851972289207e-310
3L,20.0,seed1_L5,0,1302,361,720.01,0,0,0,0.0,3.0213489925e-314
3L,20.0,seed1_L5,0,1302,366,730.01,0,0,0,0.0,1.311626e-318
3L,20.0,seed1_L5,0,1302,371,740.01,0,0,0,0.0,8.957e-321
3L,20.0,seed1_L5,0,1302,376,750.01,0,0,0,0.0,8.957e-321
3L,20.0,seed1_L5,0,1302,381,760.01,0,0,0,0.0,8.957e-321
3L,20.0,seed1_L5,0,1302,386,770.01,0,0,0,0.0,8.957e-321
3L,20.0,seed1_L5,0,1302,391,780.01,0,0,0,0.0,8.957e-321
3L,20.0,seed1_L5,0,1302,396,790.01,0,0,0,0.0,8.957e-321
3L,20.0,seed1_L5,0,1302,401,800.01,0,0,0,0.0,8.957e-321
3L,20.0,seed1_L5,0,1302,406,810.01,0,0,0,0.0,8.957e-321
3L,20.0,seed1_L5,0,1302,411,820.01,0,0,0,0.0,8.957e-321
3L,20.0,seed1_L5,0,1302,416,830.01,0,0,0,0.0,8.957e-321
3L,20.0,seed1_L5,0,1302,421,840.01,0,0,0,0.0,8.957e-321
3L,20.0,seed1_L5,0,1302,426,850.01,0,0,0,0.0,8.957e-321
3L,20.0,seed1_L5,0,1302,431,860.01,0,0,0,0.0,8.957e-321
3L,20.0,seed1_L5,0,1302,436,870.01,0,0,0,0.0,8.957e-321
3L,20.0,seed1_L5,0,1302,441,880.01,0,0,0,0.0,8.957e-321
3L,20.0,seed1_L5,0,1302,446,890.01,0,0,0,0.0,8.957e-321
3L,20.0,seed1_L5,0,1302,451,900.01,0,0,0,0.0,8.957e-321
3L,20.0,seed1_L5,0,1302,456,910.01,0,0,0,0.0,8.957e-321
3L,20.0,seed1_L5,0,1302,461,920.01,0,0,0,0.0,8.957e-321
3L,20.0,seed1_L5,0,1302,466,930.01,0,0,0,0.0,8.957e-321
3L,20.0,seed1_L5,0,1302,471,940.01,0,0,0,0.0,8.957e-321
3L,20.0,seed1_L5,0,1302,476,950.01,0,0,0,0.0,8.957e-321
3L,20.0,seed1_L5,0,1302,481,960.01,0,0,0,0.0,8.957e-321
3L,20.0,seed1_L5,0,1302,486,970.01,0,0,0,0.0,8.957e-321
3L,20.0,seed1_L5,0,1302,491,980.01,0,0,0,0.0,8.957e-321
3L,20.0,seed1_L5,0,1302,496,990.01,0,0,0,0.0,8.957e-321
3L,20.0,seed1_L5,0,1302,501,1000.01,0,0,0,0.0,8.957e-321
3L,20.0,seed9,1,1007,0,0.0,9,9,1,0.0004526935264825713,90.0
3L,20.0,seed9,1,1007,1,0.01,9,9,1,0.0004526935264825713,91.78377225544584
3L,20.0,seed9,1,1007,6,10.01,551,9,71,0.02771490367687742,2654.596547739052
3L,20.0,seed9,1,1007,11,20.01,838,9,118,0.042150797243599415,3964.964525813475
3L,20.0,seed9,1,1007,16,30.01,913,9,127,0.04592324329762085,4473.348065362767
3L,20.0,seed9,1,1007,21,40.01,932,9,127,0.04687892963130627,4576.531113523091
3L,20.0,seed9,1,1007,26,50.01,932,9,127,0.04687892963130627,4595.633115244264
3L,20.0,seed9,1,1007,31,60.01,944,9,127,0.0474825209999497,4632.608953132774
3L,20.0,seed9,1,1007,36,70.01,948,9,127,0.04768371812283084,4665.418216039948
3L,20.0,seed9,1,1007,41,80.01,955,9,127,0.048035813087872845,4680.734217367866
3L,20.0,seed9,1,1007,46,90.01,956,9,127,0.04808611236859313,4696.802076088384
3L,20.0,seed9,1,1007,51,100.01,955,9,127,0.048035813087872845,4701.568786939539
3L,20.0,seed9,1,1007,56,110.01,963,9,127,0.04843820733363513,4732.730747149005
3L,20.0,seed9,1,1007,61,120.01,968,9,127,0.04868970373723656,4754.654463648616
3L,20.0,seed9,1,1007,66,130.01,973,9,127,0.048941200140837984,4772.391195496944
3L,20.0,seed9,1,1007,71,140.01,976,9,127,0.04909209798299884,4791.9929952171315
3L,20.0,seed9,1,1007,76,150.01,973,9,127,0.048941200140837984,4780.732173396098
3L,20.0,seed9,1,1007,81,160.01,977,9,127,0.04914239726371913,4790.587079963492
3L,20.0,seed9,1,1007,86,170.01,978,9,127,0.04919269654443941,4807.975800952879
3L,20.0,seed9,1,1007,91,180.01,981,9,127,0.04934359438660027,4823.527847078956
3L,20.0,seed9,1,1007,96,190.01,985,9,127,0.04954479150948141,4837.64569631832
3L,20.0,seed9,1,1007,101,200.01,991,9,127,0.04984658719380313,4853.644263066619
3L,20.0,seed9,1,1007,106,210.01,988,9,127,0.04969568935164227,4855.901997626976
3L,20.0,seed9,1,1007,111,220.01,986,9,127,0.0495950907902017,4851.2206180668145
3L,20.0,seed9,1,1007,116,230.01,991,9,127,0.04984658719380313,4862.090463481869
3L,20.0,seed9,1,1007,121,240.01,992,9,127,0.049896886474523415,4880.177547634965
3L,20.0,seed9,1,1007,126,250.01,992,9,127,0.049896886474523415,4880.820203815475
3L,20.0,seed9,1,1007,131,260.01,999,9,127,0.05024898143956542,4899.647266298723
3L,20.0,seed9,1,1007,136,270.01,1000,9,127,0.0502992807202857,4910.036765811515
3L,20.0,seed9,1,1007,141,280.01,1000,9,127,0.0502992807202857,4912.632428736244
3L,20.0,seed9,1,1007,146,290.01,1004,9,129,0.050500477843166844,4928.253332509643
3L,20.0,seed9,1,1007,151,300.01,1004,9,129,0.050500477843166844,4929.424959966521
3L,20.0,seed9,1,1007,156,310.01,1003,9,128,0.05045017856244656,4927.233607174821
3L,20.0,seed9,1,1007,161,320.01,1003,9,128,0.05045017856244656,4926.9588940706035
3L,20.0,seed9,1,1007,166,330.01,1006,9,131,0.05060107640460741,4938.002162053253
3L,20.0,seed9,1,1007,171,340.01,1009,9,134,0.05075197424676827,4941.899495484324
3L,20.0,seed9,1,1007,176,350.01,1010,9,135,0.050802273527488555,4956.327312166937
3L,20.0,seed9,1,1007,181,360.01,1008,9,133,0.05070167496604799,4954.692504320386
3L,20.0,seed9,1,1007,186,370.01,1008,9,133,0.05070167496604799,4950.333452920213
3L,20.0,seed9,1,1007,191,380.01,1005,9,130,0.05055077712388713,4943.068540573527
3L,20.0,seed9,1,1007,196,390.01,1013,9,138,0.050953171369649414,4962.232135666627
3L,20.0,seed9,1,1007,201,400.01,1014,9,139,0.0510034706503697,4977.013843482151
3L,20.0,seed9,1,1007,206,410.01,1012,9,137,0.05090287208892913,4974.879028316521
3L,20.0,seed9,1,1007,211,420.01,1012,9,137,0.05090287208892913,4973.608794131085
3L,20.0,seed9,1,1007,216,430.01,1014,9,139,0.0510034706503697,4974.907119163163
3L,20.0,seed9,1,1007,221,440.01,1016,9,141,0.05110406921181027,4988.380787297576
3L,20.0,seed9,1,1007,226,450.01,1015,9,140,0.05105376993108999,4987.077397088924
3L,20.0,seed9,1,1007,231,460.01,1019,9,144,0.05125496705397113,4995.969949937279
3L,20.0,seed9,1,1007,236,470.01,1018,9,143,0.05120466777325084,5001.880892163128
3L,20.0,seed9,1,1007,241,480.01,1019,9,144,0.05125496705397113,5002.547495610794
3L,20.0,seed9,1,1007,246,490.01,1022,9,147,0.051405864896131984,5015.360594790553
3L,20.0,seed9,1,1007,251,500.01,1020,9,145,0.051305266334691416,5014.421048908267
3L,20.0,seed9,1,1007,256,510.01,1023,9,148,0.05145616417685227,5021.999635236294
3L,20.0,seed9,1,1007,261,520.01,1025,9,150,0.05155676273829284,5032.5984532823495
3L,20.0,seed9,1,1007,266,530.01,1028,9,153,0.0517076605804537,5045.593428094915
3L,20.0,seed9,1,1007,271,540.01,1026,9,151,0.05160706201901313,5044.950090202513
3L,20.0,seed9,1,1007,276,550.01,1028,9,153,0.0517076605804537,5047.080954033288
3L,20.0,seed9,1,1007,281,560.01,1035,9,160,0.052059755545495696,5075.841163724091
3L,20.0,seed9,1,1007,286,570.01,1033,9,158,0.05195915698405513,5076.889147515694
3L,20.0,seed9,1,1007,291,580.01,1032,9,157,0.051908857703334844,5075.0408553745765
3L,20.0,seed9,1,1007,296,590.01,1040,9,165,0.05231125194909713,5093.345253711829
3L,20.0,seed9,1,1007,301,600.01,1039,9,164,0.05226095266837684,5108.808922347045
3L,20.0,seed9,2,2007,0,0.0,9,9,1,0.0004526935264825713,90.0
3L,20.0,seed9,2,2007,1,0.01,9,9,1,0.0004526935264825713,91.78461453166156
3L,20.0,seed9,2,2007,6,10.01,502,9,71,0.025250238921583422,2365.418710839824
3L,20.0,seed9,2,2007,11,20.01,740,9,117,0.03722146773301142,3480.0374342474697
3L,20.0,seed9,2,2007,16,30.01,808,9,127,0.04064181882199085,3938.256762037611
3L,20.0,seed9,2,2007,21,40.01,828,9,127,0.04164780443639656,4049.3797829740274
3L,20.0,seed9,2,2007,26,50.01,845,9,127,0.04250289220864142,4140.895562886219
3L,20.0,seed9,2,2007,31,60.01,854,9,127,0.04295558573512399,4182.4041881048515
3L,20.0,seed9,2,2007,36,70.01,867,9,127,0.0436094763844877,4233.435241579662
3L,20.0,seed9,2,2007,41,80.01,876,9,127,0.04406216991097027,4281.947656068449
3L,20.0,seed9,2,2007,46,90.01,877,9,127,0.04411246919169056,4297.09501014614
3L,20.0,seed9,2,2007,51,100.01,885,9,127,0.044514863437452847,4328.559512599936
3L,20.0,seed9,2,2007,56,110.01,886,9,127,0.04456516271817313,4344.445825447319
3L,20.0,seed9,2,2007,61,120.01,886,9,127,0.04456516271817313,4340.53373696425
3L,20.0,seed9,2,2007,66,130.01,891,9,127,0.04481665912177456,4356.350770480413
3L,20.0,seed9,2,2007,71,140.01,898,9,127,0.04516875408681656,4395.67378037558
3L,20.0,seed9,2,2007,76,150.01,898,9,127,0.04516875408681656,4402.502708818865
3L,20.0,seed9,2,2007,81,160.01,900,9,127,0.04526935264825713,4409.029809274939
3L,20.0,seed9,2,2007,86,170.01,905,9,127,0.04552084905185856,4424.131000270963
3L,20.0,seed9,2,2007,91,180.01,910,9,127,0.04577234545545999,4445.692337685949
3L,20.0,seed9,2,2007,96,190.01,917,9,127,0.04612444042050199,4475.8900711974575
3L,20.0,seed9,2,2007,101,200.01,919,9,127,0.04622503898194256,4495.8682331884265
3L,20.0,seed9,2,2007,106,210.01,916,9,127,0.0460741411397817,4492.209058925823
3L,20.0,seed9,2,2007,111,220.01,919,9,127,0.04622503898194256,4500.13024469211
3L,20.0,seed9,2,2007,116,230.01,922,9,127,0.04637593682410342,4504.0808933932385
3L,20.0,seed9,2,2007,121,240.01,926,9,127,0.04657713394698456,4515.179387745577
3L,20.0,seed9,2,2007,126,250.01,922,9,127,0.04637593682410342,4515.042513809372
3L,20.0,seed9,2,2007,131,260.01,924,9,127,0.046476535385543985,4519.780484550018
3L,20.0,seed9,2,2007,136,270.01,933,9,127,0.046929228912026555,4544.775333554951
3L,20.0,seed9,2,2007,141,280.01,936,9,127,0.047080126754187414,4571.8692234017
3L,20.0,seed9,2,2007,146,290.01,939,9,127,0.04723102459634827,4576.345773162256
3L,20.0,seed9,2,2007,151,300.01,937,9,127,0.0471304260349077,4576.750663167617
3L,20.0,seed9,2,2007,156,310.01,937,9,127,0.0471304260349077,4576.076666776045
3L,20.0,seed9,2,2007,161,320.01,936,9,127,0.047080126754187414,4575.993011885875
3L,20.0,seed9,2,2007,166,330.01,935,9,127,0.04702982747346713,4575.726651505573
3L,20.0,seed9,2,2007,171,340.01,935,9,127,0.04702982747346713,4574.634369029898
3L,20.0,seed9,2,2007,176,350.01,935,9,127,0.04702982747346713,4569.3832228215415
3L,20.0,seed9,2,2007,181,360.01,935,9,127,0.04702982747346713,4579.245398514444
3L,20.0,seed9,2,2007,186,370.01,936,9,127,0.047080126754187414,4581.914646018826
3L,20.0,seed9,2,2007,191,380.01,942,9,127,0.04738192243850913,4598.358736318765
3L,20.0,seed9,2,2007,196,390.01,940,9,127,0.04728132387706856,4598.727058659752
3L,20.0,seed9,2,2007,201,400.01,935,9,127,0.04702982747346713,4583.809455047981
3L,20.0,seed9,2,2007,206,410.01,939,9,127,0.04723102459634827,4595.314160119213
3L,20.0,seed9,2,2007,211,420.01,942,9,127,0.04738192243850913,4610.046946863816
3L,20.0,seed9,2,2007,216,430.01,949,9,127,0.04773401740355113,4637.556350366858
3L,20.0,seed9,2,2007,221,440.01,954,9,127,0.04798551380715256,4651.125638994932
3L,20.0,seed9,2,2007,226,450.01,956,9,127,0.04808611236859313,4663.6671673572
3L,20.0,seed9,2,2007,231,460.01,953,9,127,0.04793521452643227,4656.573394063107
3L,20.0,seed9,2,2007,236,470.01,951,9,127,0.0478346159649917,4648.916403797286
3L,20.0,seed9,2,2007,241,480.01,951,9,127,0.0478346159649917,4645.833769522471
3L,20.0,seed9,2,2007,246,490.01,947,9,127,0.04763341884211056,4637.533022036117
3L,20.0,seed9,2,2007,251,500.01,948,9,127,0.04768371812283084,4638.483444110191
3L,20.0,seed9,2,2007,256,510.01,951,9,127,0.0478346159649917,4650.404454804302
3L,20.0,seed9,2,2007,261,520.01,951,9,127,0.0478346159649917,4652.897462025845
3L,20.0,seed9,2,2007,266,530.01,956,9,127,0.04808611236859313,4665.112536215732
3L,20.0,seed9,2,2007,271,540.01,958,9,127,0.048186710930033703,4678.339549760469
3L,20.0,seed9,2,2007,276,550.01,957,9,127,0.04813641164931341,4678.739771590256
3L,20.0,seed9,2,2007,281,560.01,955,9,127,0.048035813087872845,4672.048601699282
3L,20.0,seed9,2,2007,286,570.01,951,9,127,0.0478346159649917,4661.098252699968
3L,20.0,seed9,2,2007,291,580.01,951,9,127,0.0478346159649917,4658.546214356893
3L,20.0,seed9,2,2007,296,590.01,951,9,127,0.0478346159649917,4659.706706825824
3L,20.0,seed9,2,2007,301,600.01,956,9,127,0.04808611236859313,4667.560517889053
3L,20.0,seed9,3,3007,0,0.0,9,9,1,0.0004526935264825713,90.0
3L,20.0,seed9,3,3007,1,0.01,9,9,1,0.0004526935264825713,91.68497372011149
3L,20.0,seed9,3,3007,6,10.01,472,8,80,0.02374126049997485,2222.6177679647108
3L,20.0,seed9,3,3007,11,20.01,686,8,118,0.03450530657411599,3245.870126946209
3L,20.0,seed9,3,3007,16,30.01,753,8,129,0.03787535838237513,3645.8287885955788
3L,20.0,seed9,3,3007,21,40.01,776,8,143,0.0390322418389417,3802.096953290422
3L,20.0,seed9,3,3007,26,50.01,793,8,146,0.03988732961118656,3844.179874786584
3L,20.0,seed9,3,3007,31,60.01,803,8,146,0.04039032241838942,3901.359324844275
3L,20.0,seed9,3,3007,36,70.01,804,8,146,0.040440621699109704,3920.4518983950647
3L,20.0,seed9,3,3007,41,80.01,807,8,146,0.04059151954127056,3943.3322590279004
3L,20.0,seed9,3,3007,46,90.01,808,8,146,0.04064181882199085,3950.7717239688036
3L,20.0,seed9,3,3007,51,100.01,807,8,146,0.04059151954127056,3939.92471186055
3L,20.0,seed9,3,3007,56,110.01,815,8,146,0.04099391378703285,3976.4079225114974
3L,20.0,seed9,3,3007,61,120.01,817,8,146,0.041094512348473416,3984.4180166635197
3L,20.0,seed9,3,3007,66,130.01,817,8,146,0.041094512348473416,3994.0570448472763
3L,20.0,seed9,3,3007,71,140.01,820,8,146,0.041245410190634275,4019.280540432782
3L,20.0,seed9,3,3007,76,150.01,828,8,146,0.04164780443639656,4042.2820593008055
3L,20.0,seed9,3,3007,81,160.01,831,8,146,0.04179870227855741,4054.805326542799
3L,20.0,seed9,3,3007,86,170.01,837,8,146,0.04210049796287913,4079.7517271452634
3L,20.0,seed9,3,3007,91,180.01,840,8,146,0.04225139580503999,4088.286612795031
3L,20.0,seed9,3,3007,96,190.01,835,8,146,0.041999899401438556,4082.1774078854405
3L,20.0,seed9,3,3007,101,200.01,835,8,146,0.041999899401438556,4082.341172816874
3L,20.0,seed9,3,3007,106,210.01,844,8,146,0.04245259292792113,4110.857798423982
3L,20.0,seed9,3,3007,111,220.01,843,8,146,0.04240229364720084,4120.502750194468
3L,20.0,seed9,3,3007,116,230.01,844,8,146,0.04245259292792113,4115.300945705478
3L,20.0,seed9,3,3007,121,240.01,845,8,146,0.04250289220864142,4124.106978397923
3L,20.0,seed9,3,3007,126,250.01,844,8,146,0.04245259292792113,4126.804566169585
3L,20.0,seed9,3,3007,131,260.01,845,8,146,0.04250289220864142,4130.899343649591
3L,20.0,seed9,3,3007,136,270.01,849,8,146,0.04270408933152256,4145.322662665647
3L,20.0,seed9,3,3007,141,280.01,851,8,146,0.04280468789296313,4155.657914653034
3L,20.0,seed9,3,3007,146,290.01,855,8,146,0.04300588501584427,4167.903098019036
3L,20.0,seed9,3,3007,151,300.01,859,8,146,0.043207082138725414,4185.476899021711
3L,20.0,seed9,3,3007,156,310.01,860,8,146,0.043257381419445705,4191.751188847845
3L,20.0,seed9,3,3007,161,320.01,862,8,146,0.04335797998088627,4200.474146707326
3L,20.0,seed9,3,3007,166,330.01,869,8,146,0.043710074945928275,4226.451703453182
3L,20.0,seed9,3,3007,171,340.01,868,8,146,0.04365977566520799,4237.6468030977
3L,20.0,seed9,3,3007,176,350.01,873,8,146,0.04391127206880942,4246.386533621533
3L,20.0,seed9,3,3007,181,360.01,877,8,146,0.04411246919169056,4260.313161312628
3L,20.0,seed9,3,3007,186,370.01,876,8,146,0.04406216991097027,4265.018907495747
3L,20.0,seed9,3,3007,191,380.01,873,8,146,0.04391127206880942,4265.024328421659
3L,20.0,seed9,3,3007,196,390.01,878,8,146,0.044162768472410845,4272.823717352843
3L,20.0,seed9,3,3007,201,400.01,879,8,146,0.04421306775313113,4287.4125804649775
3L,20.0,seed9,3,3007,206,410.01,876,8,146,0.04406216991097027,4278.4392058502335
3L,20.0,seed9,3,3007,211,420.01,876,8,146,0.04406216991097027,4276.974824617473
3L,20.0,seed9,3,3007,216,430.01,884,8,147,0.044464564156732556,4298.593149079759
3L,20.0,seed9,3,3007,221,440.01,882,8,146,0.04436396559529199,4304.476507968045
3L,20.0,seed9,3,3007,226,450.01,882,8,146,0.04436396559529199,4303.855181540026
3L,20.0,seed9,3,3007,231,460.01,885,8,148,0.044514863437452847,4306.714938877643
3L,20.0,seed9,3,3007,236,470.01,888,8,151,0.0446657612796137,4332.342139756085
3L,20.0,seed9,3,3007,241,480.01,887,8,150,0.044615461998893415,4331.8331217673
3L,20.0,seed9,3,3007,246,490.01,887,8,150,0.044615461998893415,4328.501893912753
3L,20.0,seed9,3,3007,251,500.01,891,8,154,0.04481665912177456,4338.727860145986
3L,20.0,seed9,3,3007,256,510.01,894,8,157,0.044967556963935416,4360.375522401645
3L,20.0,seed9,3,3007,261,520.01,892,8,155,0.04486695840249484,4358.042881953898
3L,20.0,seed9,3,3007,266,530.01,893,8,156,0.04491725768321513,4354.72263190687
3L,20.0,seed9,3,3007,271,540.01,899,8,162,0.04521905336753684,4369.23320506118
3L,20.0,seed9,3,3007,276,550.01,899,8,162,0.04521905336753684,4387.414004244624
3L,20.0,seed9,3,3007,281,560.01,898,8,161,0.04516875408681656,4383.819555871371
3L,20.0,seed9,3,3007,286,570.01,898,8,161,0.04516875408681656,4381.890572549392
3L,20.0,seed9,3,3007,291,580.01,902,8,165,0.0453699512096977,4398.235160583325
3L,20.0,seed9,3,3007,296,590.01,903,8,166,0.045420250490417986,4414.397432687673
3L,20.0,seed9,3,3007,301,600.01,903,8,166,0.045420250490417986,4409.930442270121
3L,20.0,seed36,1,1007,0,0.0,36,35,2,0.0018107741059302852,360.0
3L,20.0,seed36,1,1007,1,0.01,36,35,2,0.0018107741059302852,367.03654221974926
3L,20.0,seed36,1,1007,6,10.01,1642,31,88,0.08259141894270912,7799.867389381169
3L,20.0,seed36,1,1007,11,20.01,2051,31,108,0.10316382475730597,9937.679309025934
3L,20.0,seed36,1,1007,16,30.01,2126,31,112,0.1069362708113274,10376.432651090534
3L,20.0,seed36,1,1007,21,40.01,2153,31,114,0.10829435139077512,10507.248274931473
3L,20.0,seed36,1,1007,26,50.01,2192,31,114,0.11025602333886625,10671.483538481369
3L,20.0,seed36,1,1007,31,60.01,2208,31,114,0.11106081183039082,10740.823515310534
3L,20.0,seed36,1,1007,36,70.01,2224,31,114,0.11186560032191539,10822.774231049703
3L,20.0,seed36,1,1007,41,80.01,2232,31,116,0.11226799456767768,10862.585461527126
3L,20.0,seed36,1,1007,46,90.01,2233,31,118,0.11231829384839796,10880.157096087785
3L,20.0,seed36,1,1007,51,100.01,2243,31,118,0.11282128665560083,10908.021162561785
3L,20.0,seed36,1,1007,56,110.01,2252,31,118,0.1132739801820834,10971.42876218152
3L,20.0,seed36,1,1007,61,120.01,2250,31,118,0.11317338162064282,10979.06124304916
3L,20.0,seed36,1,1007,66,130.01,2258,31,118,0.1135757758664051,10995.649027678955
3L,20.0,seed36,1,1007,71,140.01,2268,31,118,0.11407876867360797,11041.969750519378
3L,20.0,seed36,1,1007,76,150.01,2268,31,118,0.11407876867360797,11057.457459913763
3L,20.0,seed36,1,1007,81,160.01,2270,31,118,0.11417936723504854,11061.311792133432
3L,20.0,seed36,1,1007,86,170.01,2273,31,118,0.11433026507720939,11077.481653493891
3L,20.0,seed36,1,1007,91,180.01,2275,31,118,0.11443086363864997,11091.272506688372
3L,20.0,seed36,1,1007,96,190.01,2281,31,118,0.11473265932297168,11105.464840570658
3L,20.0,seed36,1,1007,101,200.01,2284,31,118,0.11488355716513254,11124.2279716766
3L,20.0,seed36,1,1007,106,210.01,2281,31,118,0.11473265932297168,11120.795126545709
3L,20.0,seed36,1,1007,111,220.01,2280,31,118,0.1146823600422514,11122.442655421837
3L,20.0,seed36,1,1007,116,230.01,2286,31,118,0.11498415572657311,11137.535978187385
3L,20.0,seed36,1,1007,121,240.01,2293,31,118,0.11533625069161511,11169.402958397108
3L,20.0,seed36,1,1007,126,250.01,2297,31,118,0.11553744781449625,11188.784653739425
3L,20.0,seed36,1,1007,131,260.01,2299,31,118,0.11563804637593682,11197.555736573922
3L,20.0,seed36,1,1007,136,270.01,2297,31,118,0.11553744781449625,11201.382327472807
3L,20.0,seed36,1,1007,141,280.01,2300,31,118,0.11568834565665712,11204.911035197145
3L,20.0,seed36,1,1007,146,290.01,2298,31,118,0.11558774709521653,11202.972023810973
3L,20.0,seed36,1,1007,151,300.01,2301,31,118,0.1157386449373774,11208.915276311855
3L,20.0,seed36,1,1007,156,310.01,2302,31,118,0.11578894421809768,11219.826326377975
3L,20.0,seed36,1,1007,161,320.01,2305,31,118,0.11593984206025854,11231.500172930882
3L,20.0,seed36,1,1007,166,330.01,2308,31,118,0.1160907399024194,11239.767709930371
3L,20.0,seed36,1,1007,171,340.01,2308,31,118,0.1160907399024194,11248.641305879299
3L,20.0,seed36,1,1007,176,350.01,2305,31,118,0.11593984206025854,11242.59422226929
3L,20.0,seed36,1,1007,181,360.01,2313,31,118,0.11634223630602082,11255.395627770751
3L,20.0,seed36,1,1007,186,370.01,2314,31,118,0.1163925355867411,11269.716931677985
3L,20.0,seed36,1,1007,191,380.01,2314,31,118,0.1163925355867411,11269.155562401857
3L,20.0,seed36,1,1007,196,390.01,2316,31,118,0.11649313414818169,11270.16661909642
3L,20.0,seed36,1,1007,201,400.01,2314,31,118,0.1163925355867411,11273.163003150932
3L,20.0,seed36,1,1007,206,410.01,2311,31,118,0.11624163774458025,11261.549256941691
3L,20.0,seed36,1,1007,211,420.01,2310,31,118,0.11619133846385997,11259.296698143713
3L,20.0,seed36,1,1007,216,430.01,2307,31,118,0.1160404406216991,11251.19437910695
3L,20.0,seed36,1,1007,221,440.01,2307,31,118,0.1160404406216991,11248.90273012973
3L,20.0,seed36,1,1007,226,450.01,2307,31,118,0.1160404406216991,11252.61818989686
3L,20.0,seed36,1,1007,231,460.01,2309,31,118,0.11614103918313969,11257.951802711243
3L,20.0,seed36,1,1007,236,470.01,2312,31,118,0.11629193702530054,11270.278878875779
3L,20.0,seed36,1,1007,241,480.01,2317,31,118,0.11654343342890197,11282.309527807112
3L,20.0,seed36,1,1007,246,490.01,2319,31,120,0.11664403199034254,11302.393767575486
3L,20.0,seed36,1,1007,251,500.01,2319,31,120,0.11664403199034254,11302.588993853871
3L,20.0,seed36,1,1007,256,510.01,2319,31,120,0.11664403199034254,11302.109307051762
3L,20.0,seed36,1,1007,261,520.01,2319,31,120,0.11664403199034254,11301.897349017312
3L,20.0,seed36,1,1007,266,530.01,2319,31,120,0.11664403199034254,11301.817309864311
3L,20.0,seed36,1,1007,271,540.01,2319,31,120,0.11664403199034254,11301.782159360204
3L,20.0,seed36,1,1007,276,550.01,2319,31,120,0.11664403199034254,11301.76266846555
3L,20.0,seed36,1,1007,281,560.01,2319,31,120,0.11664403199034254,11301.749987612606
3L,20.0,seed36,1,1007,286,570.01,2319,31,120,0.11664403199034254,11301.741128284202
3L,20.0,seed36,1,1007,291,580.01,2319,31,120,0.11664403199034254,11301.734780458255
3L,20.0,seed36,1,1007,296,590.01,2318,31,119,0.11659373270962226,11301.730195119559
3L,20.0,seed36,1,1007,301,600.01,2318,31,119,0.11659373270962226,11301.726874083022
3L,20.0,seed36,2,2007,0,0.0,36,36,1,0.0018107741059302852,360.0
3L,20.0,seed36,2,2007,1,0.01,36,36,1,0.0018107741059302852,367.13593129799915
3L,20.0,seed36,2,2007,6,10.01,1511,31,85,0.07600221316835169,7233.809308660157
3L,20.0,seed36,2,2007,11,20.01,1905,31,103,0.09582012977214426,9245.70881221112
3L,20.0,seed36,2,2007,16,30.01,2050,31,124,0.10311352547658569,9957.520880476888
3L,20.0,seed36,2,2007,21,40.01,2090,30,127,0.10512549670539711,10180.165333377361
3L,20.0,seed36,2,2007,26,50.01,2107,30,127,0.10598058447764197,10265.914531689148
3L,20.0,seed36,2,2007,31,60.01,2128,30,127,0.10703686937276798,10358.293620739174
3L,20.0,seed36,2,2007,36,70.01,2143,30,127,0.10779135858357225,10433.60571476524
3L,20.0,seed36,2,2007,41,80.01,2150,30,127,0.10814345354861425,10469.781182969757
3L,20.0,seed36,2,2007,46,90.01,2161,30,127,0.1086967456365374,10514.108391425652
3L,20.0,seed36,2,2007,51,100.01,2161,30,127,0.1086967456365374,10531.41759554674
3L,20.0,seed36,2,2007,56,110.01,2167,30,127,0.10899854132085911,10552.346768014984
3L,20.0,seed36,2,2007,61,120.01,2181,30,127,0.10970273125094311,10607.885632019785
3L,20.0,seed36,2,2007,66,130.01,2184,30,127,0.10985362909310396,10625.7996977741
3L,20.0,seed36,2,2007,71,140.01,2191,30,127,0.11020572405814597,10647.288511121926
3L,20.0,seed36,2,2007,76,150.01,2190,30,127,0.11015542477742568,10655.94583104095
3L,20.0,seed36,2,2007,81,160.01,2188,30,127,0.11005482621598511,10651.198841851978
3L,20.0,seed36,2,2007,86,170.01,2197,30,127,0.11050751974246768,10682.617997498885
3L,20.0,seed36,2,2007,91,180.01,2203,30,127,0.1108093154267894,10708.932360496552
3L,20.0,seed36,2,2007,96,190.01,2207,30,127,0.11101051254967054,10732.174987276063
3L,20.0,seed36,2,2007,101,200.01,2212,30,127,0.11126200895327197,10749.715831139947
3L,20.0,seed36,2,2007,106,210.01,2212,30,127,0.11126200895327197,10756.847466075666
3L,20.0,seed36,2,2007,111,220.01,2213,30,127,0.11131230823399225,10764.134035395045
3L,20.0,seed36,2,2007,116,230.01,2221,30,127,0.11171470247975454,10796.410883197075
3L,20.0,seed36,2,2007,121,240.01,2223,30,127,0.11181530104119511,10811.964110731995
3L,20.0,seed36,2,2007,126,250.01,2225,30,127,0.11191589960263568,10821.343277375923
3L,20.0,seed36,2,2007,131,260.01,2230,30,127,0.11216739600623711,10845.03046003352
3L,20.0,seed36,2,2007,136,270.01,2234,30,127,0.11236859312911826,10863.83934595816
3L,20.0,seed36,2,2007,141,280.01,2239,30,127,0.11262008953271968,10882.68182633572
3L,20.0,seed36,2,2007,146,290.01,2232,30,127,0.11226799456767768,10868.710859630812
3L,20.0,seed36,2,2007,151,300.01,2239,30,127,0.11262008953271968,10894.453928448489
3L,20.0,seed36,2,2007,156,310.01,2243,30,127,0.11282128665560083,10912.76004513886
3L,20.0,seed36,2,2007,161,320.01,2247,30,127,0.11302248377848197,10930.515047136756
3L,20.0,seed36,2,2007,166,330.01,2249,30,127,0.11312308233992253,10939.516980033666
3L,20.0,seed36,2,2007,171,340.01,2254,30,127,0.11337457874352397,10955.398622557663
3L,20.0,seed36,2,2007,176,350.01,2260,30,127,0.11367637442784569,10985.751018367173
3L,20.0,seed36,2,2007,181,360.01,2263,30,127,0.11382727227000654,10999.789159080534
3L,20.0,seed36,2,2007,186,370.01,2266,30,127,0.11397817011216739,11015.78160506241
3L,20.0,seed36,2,2007,191,380.01,2263,30,127,0.11382727227000654,11013.310920651656
3L,20.0,seed36,2,2007,196,390.01,2266,30,127,0.11397817011216739,11027.11847080951
3L,20.0,seed36,2,2007,201,400.01,2271,30,127,0.11422966651576882,11042.07557465897
3L,20.0,seed36,2,2007,206,410.01,2274,30,127,0.11438056435792968,11059.01135891633
3L,20.0,seed36,2,2007,211,420.01,2279,30,127,0.11463206076153111,11074.355158719774
3L,20.0,seed36,2,2007,216,430.01,2281,30,127,0.11473265932297168,11088.750836530184
3L,20.0,seed36,2,2007,221,440.01,2283,30,127,0.11483325788441226,11094.386689855686
3L,20.0,seed36,2,2007,226,450.01,2282,30,127,0.11478295860369196,11098.122657535212
3L,20.0,seed36,2,2007,231,460.01,2286,30,127,0.11498415572657311,11114.979391071121
3L,20.0,seed36,2,2007,236,470.01,2289,30,130,0.11513505356873396,11129.165754027292
3L,20.0,seed36,2,2007,241,480.01,2292,30,134,0.11528595141089483,11145.644460513658
3L,20.0,seed36,2,2007,246,490.01,2294,30,136,0.1153865499723354,11159.056889675896
3L,20.0,seed36,2,2007,251,500.01,2299,30,141,0.11563804637593682,11173.620316868888
3L,20.0,seed36,2,2007,256,510.01,2301,30,143,0.1157386449373774,11187.773553318122
3L,20.0,seed36,2,2007,261,520.01,2304,30,146,0.11588954277953825,11199.568586211532
3L,20.0,seed36,2,2007,266,530.01,2304,30,146,0.11588954277953825,11206.445331371098
3L,20.0,seed36,2,2007,271,540.01,2303,30,145,0.11583924349881797,11205.918324326794
3L,20.0,seed36,2,2007,276,550.01,2307,30,149,0.1160404406216991,11222.763712102867
3L,20.0,seed36,2,2007,281,560.01,2310,30,152,0.11619133846385997,11232.399375371122
3L,20.0,seed36,2,2007,286,570.01,2312,30,155,0.11629193702530054,11247.868488823213
3L,20.0,seed36,2,2007,291,580.01,2314,30,157,0.1163925355867411,11257.876043087497
3L,20.0,seed36,2,2007,296,590.01,2316,30,159,0.11649313414818169,11269.986683757634
3L,20.0,seed36,2,2007,301,600.01,2320,30,163,0.11669433127106282,11285.801736462598
3L,20.0,seed36,3,3007,0,0.0,36,35,2,0.0018107741059302852,360.0
3L,20.0,seed36,3,3007,1,0.01,36,35,2,0.0018107741059302852,366.88839290199223
3L,20.0,seed36,3,3007,6,10.01,1560,32,61,0.07846687792364569,7338.030894317443
3L,20.0,seed36,3,3007,11,20.01,1894,32,102,0.09526683768422112,9188.442555671008
3L,20.0,seed36,3,3007,16,30.01,1996,32,108,0.10039736431769025,9676.216105846193
3L,20.0,seed36,3,3007,21,40.01,2057,32,110,0.10346562044162769,9955.729719389674
3L,20.0,seed36,3,3007,26,50.01,2085,32,114,0.10487400030179568,10106.738025117205
3L,20.0,seed36,3,3007,31,60.01,2092,32,114,0.10522609526683768,10174.67722212218
3L,20.0,seed36,3,3007,36,70.01,2117,32,114,0.10648357728484482,10250.93750135211
3L,20.0,seed36,3,3007,41,80.01,2129,32,119,0.10708716865348826,10319.811407012927
3L,20.0,seed36,3,3007,46,90.01,2124,32,119,0.10683567224988683,10325.950508538124
3L,20.0,seed36,3,3007,51,100.01,2133,32,119,0.1072883657763694,10370.211198014511
3L,20.0,seed36,3,3007,56,110.01,2156,32,119,0.10844524923293597,10451.927055832679
3L,20.0,seed36,3,3007,61,120.01,2167,32,119,0.10899854132085911,10488.962673933058
3L,20.0,seed36,3,3007,66,130.01,2178,32,119,0.10955183340878226,10565.13947882344
3L,20.0,seed36,3,3007,71,140.01,2169,32,119,0.10909913988229969,10544.678992830515
3L,20.0,seed36,3,3007,76,150.01,2175,32,119,0.1094009355666214,10563.268903175383
3L,20.0,seed36,3,3007,81,160.01,2187,32,119,0.11000452693526483,10606.478709331013
3L,20.0,seed36,3,3007,86,170.01,2192,32,119,0.11025602333886625,10638.826994532366
3L,20.0,seed36,3,3007,91,180.01,2193,32,119,0.11030632261958653,10650.159423258472
3L,20.0,seed36,3,3007,96,190.01,2193,32,119,0.11030632261958653,10657.074765350384
3L,20.0,seed36,3,3007,101,200.01,2197,32,119,0.11050751974246768,10669.943106927749
3L,20.0,seed36,3,3007,106,210.01,2206,32,119,0.11096021326895025,10696.988781323265
3L,20.0,seed36,3,3007,111,220.01,2201,32,119,0.11070871686534882,10684.586166596268
3L,20.0,seed36,3,3007,116,230.01,2201,32,119,0.11070871686534882,10686.749591312124
3L,20.0,seed36,3,3007,121,240.01,2206,32,119,0.11096021326895025,10706.050590772633
3L,20.0,seed36,3,3007,126,250.01,2204,32,119,0.11085961470750968,10710.795174718587
3L,20.0,seed36,3,3007,131,260.01,2208,32,119,0.11106081183039082,10734.148470255011
3L,20.0,seed36,3,3007,136,270.01,2207,32,119,0.11101051254967054,10738.4969847256
3L,20.0,seed36,3,3007,141,280.01,2210,32,119,0.1111614103918314,10742.005548174482
3L,20.0,seed36,3,3007,146,290.01,2216,32,119,0.1114632060761531,10770.846838585898
3L,20.0,seed36,3,3007,151,300.01,2219,32,120,0.11161410391831397,10776.534239772467
3L,20.0,seed36,3,3007,156,310.01,2219,32,122,0.11161410391831397,10785.511162053826
3L,20.0,seed36,3,3007,161,320.01,2223,32,123,0.11181530104119511,10796.211536581954
3L,20.0,seed36,3,3007,166,330.01,2220,32,119,0.11166440319903426,10794.16172489505
3L,20.0,seed36,3,3007,171,340.01,2219,32,119,0.11161410391831397,10789.979648082943
3L,20.0,seed36,3,3007,176,350.01,2216,32,119,0.1114632060761531,10778.940222740162
3L,20.0,seed36,3,3007,181,360.01,2215,32,119,0.11141290679543282,10775.13308852271
3L,20.0,seed36,3,3007,186,370.01,2211,32,119,0.11121170967255169,10765.725640348845
3L,20.0,seed36,3,3007,191,380.01,2211,32,119,0.11121170967255169,10766.216327807135
3L,20.0,seed36,3,3007,196,390.01,2212,32,119,0.11126200895327197,10768.302141895523
3L,20.0,seed36,3,3007,201,400.01,2214,32,119,0.11136260751471254,10777.192577134792
3L,20.0,seed36,3,3007,206,410.01,2214,32,119,0.11136260751471254,10778.12106018274
3L,20.0,seed36,3,3007,211,420.01,2214,32,119,0.11136260751471254,10778.176404979702
3L,20.0,seed36,3,3007,216,430.01,2214,32,119,0.11136260751471254,10778.385102095395
3L,20.0,seed36,3,3007,221,440.01,2214,32,119,0.11136260751471254,10779.072607871043
3L,20.0,seed36,3,3007,226,450.01,2219,32,121,0.11161410391831397,10787.660841987637
3L,20.0,seed36,3,3007,231,460.01,2222,32,124,0.11176500176047482,10803.468121662609
3L,20.0,seed36,3,3007,236,470.01,2223,32,125,0.11181530104119511,10808.439245593285
3L,20.0,seed36,3,3007,241,480.01,2224,32,126,0.11186560032191539,10810.338144619718
3L,20.0,seed36,3,3007,246,490.01,2224,32,126,0.11186560032191539,10810.043693088544
3L,20.0,seed36,3,3007,251,500.01,2224,32,126,0.11186560032191539,10809.83214157264
3L,20.0,seed36,3,3007,256,510.01,2224,32,126,0.11186560032191539,10809.743770027617
3L,20.0,seed36,3,3007,261,520.01,2224,32,126,0.11186560032191539,10809.706694605888
3L,20.0,seed36,3,3007,266,530.01,2224,32,126,0.11186560032191539,10809.69175216442
3L,20.0,seed36,3,3007,271,540.01,2224,32,126,0.11186560032191539,10809.686999857626
3L,20.0,seed36,3,3007,276,550.01,2224,32,126,0.11186560032191539,10809.687213269255
3L,20.0,seed36,3,3007,281,560.01,2224,32,126,0.11186560032191539,10809.69002681382
3L,20.0,seed36,3,3007,286,570.01,2224,32,126,0.11186560032191539,10809.694366181166
3L,20.0,seed36,3,3007,291,580.01,2224,32,126,0.11186560032191539,10809.699768502915
3L,20.0,seed36,3,3007,296,590.01,2224,32,126,0.11186560032191539,10809.706079697833
3L,20.0,seed36,3,3007,301,600.01,2224,32,126,0.11186560032191539,10809.713322127944
3L,20.0,seed144,1,1007,0,0.0,144,141,2,0.007243096423721141,1440.0
3L,20.0,seed144,1,1007,1,0.01,144,141,2,0.007243096423721141,1467.3066766001127
3L,20.0,seed144,1,1007,6,10.01,2748,100,62,0.1382224234193451,13040.330361808905
3L,20.0,seed144,1,1007,11,20.01,2845,89,70,0.1431014536492128,13670.534894997916
3L,20.0,seed144,1,1007,16,30.01,2887,86,73,0.14521402343946482,13892.975178192026
3L,20.0,seed144,1,1007,21,40.01,2910,85,75,0.14637090689603138,14047.032984267842
3L,20.0,seed144,1,1007,26,50.01,2944,84,75,0.1480810824405211,14171.524371478647
3L,20.0,seed144,1,1007,31,60.01,2949,84,75,0.14833257884412254,14215.885977814614
3L,20.0,seed144,1,1007,36,70.01,2949,83,75,0.14833257884412254,14220.282568625453
3L,20.0,seed144,1,1007,41,80.01,2942,82,75,0.14798048387908053,14216.230124589183
3L,20.0,seed144,1,1007,46,90.01,2947,80,75,0.14823198028268195,14263.450864438943
3L,20.0,seed144,1,1007,51,100.01,2978,80,76,0.1497912579850108,14356.093977186694
3L,20.0,seed144,1,1007,56,110.01,2980,80,75,0.14989185654645137,14381.332397197988
3L,20.0,seed144,1,1007,61,120.01,2967,80,75,0.14923796589708768,14352.915384674645
3L,20.0,seed144,1,1007,66,130.01,2967,80,75,0.14923796589708768,14347.544171231017
3L,20.0,seed144,1,1007,71,140.01,2969,80,76,0.14933856445852825,14354.185446047622
3L,20.0,seed144,1,1007,76,150.01,2974,80,80,0.14959006086212967,14376.122306878893
3L,20.0,seed144,1,1007,81,160.01,2977,80,79,0.14974095870429052,14383.58999020468
3L,20.0,seed144,1,1007,86,170.01,2982,80,79,0.14999245510789197,14396.720478281888
3L,20.0,seed144,1,1007,91,180.01,2980,80,79,0.14989185654645137,14394.266833485603
3L,20.0,seed144,1,1007,96,190.01,2977,80,79,0.14974095870429052,14389.939426006109
3L,20.0,seed144,1,1007,101,200.01,2976,80,79,0.14969065942357024,14388.892882071166
3L,20.0,seed144,1,1007,106,210.01,2980,80,79,0.14989185654645137,14407.12281982967
3L,20.0,seed144,1,1007,111,220.01,2989,80,79,0.15034455007293396,14420.365668564194
3L,20.0,seed144,1,1007,116,230.01,2993,80,79,0.1505457471958151,14449.157752937257
3L,20.0,seed144,1,1007,121,240.01,2993,80,79,0.1505457471958151,14448.291769705469
3L,20.0,seed144,1,1007,126,250.01,2993,80,79,0.1505457471958151,14447.904178803303
3L,20.0,seed144,1,1007,131,260.01,2993,80,79,0.1505457471958151,14447.685573684403
3L,20.0,seed144,1,1007,136,270.01,2993,80,79,0.1505457471958151,14447.512972047109
3L,20.0,seed144,1,1007,141,280.01,2993,80,79,0.1505457471958151,14447.339740601637
3L,20.0,seed144,1,1007,146,290.01,2992,80,79,0.1504954479150948,14447.126128161446
3L,20.0,seed144,1,1007,151,300.01,2992,80,79,0.1504954479150948,14446.79850766216
3L,20.0,seed144,1,1007,156,310.01,2992,80,79,0.1504954479150948,14446.122234443861
3L,20.0,seed144,1,1007,161,320.01,2992,80,79,0.1504954479150948,14443.606584708083
3L,20.0,seed144,1,1007,166,330.01,2989,80,79,0.15034455007293396,14436.075238517016
3L,20.0,seed144,1,1007,171,340.01,2989,80,79,0.15034455007293396,14436.437123442105
3L,20.0,seed144,1,1007,176,350.01,2989,80,79,0.15034455007293396,14436.631575973575
3L,20.0,seed144,1,1007,181,360.01,2989,80,79,0.15034455007293396,14436.77925792048
3L,20.0,seed144,1,1007,186,370.01,2989,80,79,0.15034455007293396,14436.933205535024
3L,20.0,seed144,1,1007,191,380.01,2989,80,79,0.15034455007293396,14437.152824251434
3L,20.0,seed144,1,1007,196,390.01,2989,80,79,0.15034455007293396,14437.663905854668
3L,20.0,seed144,1,1007,201,400.01,2992,80,79,0.1504954479150948,14442.494533738045
3L,20.0,seed144,1,1007,206,410.01,2994,80,79,0.15059604647653538,14454.126923370375
3L,20.0,seed144,1,1007,211,420.01,2994,80,79,0.15059604647653538,14453.768959104922
3L,20.0,seed144,1,1007,216,430.01,2994,80,79,0.15059604647653538,14453.591407065094
3L,20.0,seed144,1,1007,221,440.01,2994,80,79,0.15059604647653538,14453.508036531817
3L,20.0,seed144,1,1007,226,450.01,2994,80,79,0.15059604647653538,14453.461269958623
3L,20.0,seed144,1,1007,231,460.01,2994,80,79,0.15059604647653538,14453.431618132812
3L,20.0,seed144,1,1007,236,470.01,2994,80,79,0.15059604647653538,14453.411076480206
3L,20.0,seed144,1,1007,241,480.01,2994,80,79,0.15059604647653538,14453.395751742717
3L,20.0,seed144,1,1007,246,490.01,2994,80,79,0.15059604647653538,14453.383518758834
3L,20.0,seed144,1,1007,251,500.01,2994,80,79,0.15059604647653538,14453.373134791584
3L,20.0,seed144,1,1007,256,510.01,2994,80,79,0.15059604647653538,14453.363837907393
3L,20.0,seed144,1,1007,261,520.01,2994,80,79,0.15059604647653538,14453.355139136274
3L,20.0,seed144,1,1007,266,530.01,2994,80,79,0.15059604647653538,14453.346705787328
3L,20.0,seed144,1,1007,271,540.01,2994,80,79,0.15059604647653538,14453.338292242299
3L,20.0,seed144,1,1007,276,550.01,2994,80,79,0.15059604647653538,14453.329696591876
3L,20.0,seed144,1,1007,281,560.01,2994,80,79,0.15059604647653538,14453.320731132682
3L,20.0,seed144,1,1007,286,570.01,2994,80,79,0.15059604647653538,14453.311199359541
3L,20.0,seed144,1,1007,291,580.01,2994,80,79,0.15059604647653538,14453.300874183195
3L,20.0,seed144,1,1007,296,590.01,2994,80,79,0.15059604647653538,14453.289472555727
3L,20.0,seed144,1,1007,301,600.01,2994,80,79,0.15059604647653538,14453.276620568115
3L,20.0,seed144,2,2007,0,0.0,144,135,4,0.007243096423721141,1440.0
3L,20.0,seed144,2,2007,1,0.01,144,135,4,0.007243096423721141,1466.268580600632
3L,20.0,seed144,2,2007,6,10.01,2827,96,68,0.14219606659624767,13477.799844574527
3L,20.0,seed144,2,2007,11,20.01,2912,91,77,0.14647150545747195,14024.429449160583
3L,20.0,seed144,2,2007,16,30.01,2939,89,77,0.14782958603691967,14189.75283670174
3L,20.0,seed144,2,2007,21,40.01,2938,88,77,0.1477792867561994,14235.760460345586
3L,20.0,seed144,2,2007,26,50.01,2949,86,77,0.14833257884412254,14271.693869861423
3L,20.0,seed144,2,2007,31,60.01,2965,86,77,0.14913736733564711,14355.692492130536
3L,20.0,seed144,2,2007,36,70.01,2985,86,77,0.15014335295005282,14419.911673061557
3L,20.0,seed144,2,2007,41,80.01,2991,86,77,0.15044514863437453,14437.421828197806
3L,20.0,seed144,2,2007,46,90.01,2994,86,77,0.15059604647653538,14455.223029401535
3L,20.0,seed144,2,2007,51,100.01,2989,86,77,0.15034455007293396,14443.44486160926
3L,20.0,seed144,2,2007,56,110.01,2987,86,77,0.1502439515114934,14434.240682515629
3L,20.0,seed144,2,2007,61,120.01,2976,85,78,0.14969065942357024,14404.745671674138
3L,20.0,seed144,2,2007,66,130.01,2977,85,78,0.14974095870429052,14410.737708143059
3L,20.0,seed144,2,2007,71,140.01,2977,85,78,0.14974095870429052,14419.111415691443
3L,20.0,seed144,2,2007,76,150.01,2977,85,78,0.14974095870429052,14417.951300864788
3L,20.0,seed144,2,2007,81,160.01,2977,85,78,0.14974095870429052,14413.03179547578
3L,20.0,seed144,2,2007,86,170.01,2982,85,78,0.14999245510789197,14433.958137622783
3L,20.0,seed144,2,2007,91,180.01,2982,85,78,0.14999245510789197,14435.22184282426
3L,20.0,seed144,2,2007,96,190.01,2982,85,78,0.14999245510789197,14435.501097743741
3L,20.0,seed144,2,2007,101,200.01,2983,85,78,0.15004275438861225,14436.587711092398
3L,20.0,seed144,2,2007,106,210.01,2985,85,78,0.15014335295005282,14443.22875774205
3L,20.0,seed144,2,2007,111,220.01,2985,85,78,0.15014335295005282,14443.396840666286
3L,20.0,seed144,2,2007,116,230.01,2985,85,78,0.15014335295005282,14443.32513124837
3L,20.0,seed144,2,2007,121,240.01,2985,85,78,0.15014335295005282,14443.293289828367
3L,20.0,seed144,2,2007,126,250.01,2985,85,78,0.15014335295005282,14443.274003400831
3L,20.0,seed144,2,2007,131,260.01,2985,85,78,0.15014335295005282,14443.260568262282
3L,20.0,seed144,2,2007,136,270.01,2985,85,78,0.15014335295005282,14443.250345392244
3L,20.0,seed144,2,2007,141,280.01,2985,85,78,0.15014335295005282,14443.242130945408
3L,20.0,seed144,2,2007,146,290.01,2985,85,78,0.15014335295005282,14443.235303779811
3L,20.0,seed144,2,2007,151,300.01,2985,85,78,0.15014335295005282,14443.229502847189
3L,20.0,seed144,2,2007,156,310.01,2985,85,78,0.15014335295005282,14443.224495441627
3L,20.0,seed144,2,2007,161,320.01,2985,85,78,0.15014335295005282,14443.22011975184
3L,20.0,seed144,2,2007,166,330.01,2985,85,78,0.15014335295005282,14443.216257395803
3L,20.0,seed144,2,2007,171,340.01,2985,85,78,0.15014335295005282,14443.212818773063
3L,20.0,seed144,2,2007,176,350.01,2985,85,78,0.15014335295005282,14443.20973441597
3L,20.0,seed144,2,2007,181,360.01,2985,85,78,0.15014335295005282,14443.206949464993
3L,20.0,seed144,2,2007,186,370.01,2985,85,78,0.15014335295005282,14443.204419940364
3L,20.0,seed144,2,2007,191,380.01,2985,85,78,0.15014335295005282,14443.202110129523
3L,20.0,seed144,2,2007,196,390.01,2985,85,78,0.15014335295005282,14443.199990706118
3L,20.0,seed144,2,2007,201,400.01,2985,85,78,0.15014335295005282,14443.198037347183
3L,20.0,seed144,2,2007,206,410.01,2985,85,78,0.15014335295005282,14443.196229698833
3L,20.0,seed144,2,2007,211,420.01,2985,85,78,0.15014335295005282,14443.194550590953
3L,20.0,seed144,2,2007,216,430.01,2985,85,78,0.15014335295005282,14443.192985432988
3L,20.0,seed144,2,2007,221,440.01,2985,85,78,0.15014335295005282,14443.191521743445
3L,20.0,seed144,2,2007,226,450.01,2985,85,78,0.15014335295005282,14443.190148779464
3L,20.0,seed144,2,2007,231,460.01,2985,85,78,0.15014335295005282,14443.188857242305
3L,20.0,seed144,2,2007,236,470.01,2985,85,78,0.15014335295005282,14443.187639041
3L,20.0,seed144,2,2007,241,480.01,2985,85,78,0.15014335295005282,14443.18648710115
3L,20.0,seed144,2,2007,246,490.01,2985,85,78,0.15014335295005282,14443.185395208971
3L,20.0,seed144,2,2007,251,500.01,2985,85,78,0.15014335295005282,14443.18435788326
3L,20.0,seed144,2,2007,256,510.01,2985,85,78,0.15014335295005282,14443.183370269548
3L,20.0,seed144,2,2007,261,520.01,2985,85,78,0.15014335295005282,14443.182428052063
3L,20.0,seed144,2,2007,266,530.01,2985,85,78,0.15014335295005282,14443.181527380128
3L,20.0,seed144,2,2007,271,540.01,2985,85,78,0.15014335295005282,14443.180664806214
3L,20.0,seed144,2,2007,276,550.01,2985,85,78,0.15014335295005282,14443.17983723364
3L,20.0,seed144,2,2007,281,560.01,2985,85,78,0.15014335295005282,14443.179041872143
3L,20.0,seed144,2,2007,286,570.01,2985,85,78,0.15014335295005282,14443.178276199982
3L,20.0,seed144,2,2007,291,580.01,2985,85,78,0.15014335295005282,14443.177537931497
3L,20.0,seed144,2,2007,296,590.01,2985,85,78,0.15014335295005282,14443.176824989176
3L,20.0,seed144,2,2007,301,600.01,2985,85,78,0.15014335295005282,14443.176135479594
3L,20.0,seed144,3,3007,0,0.0,144,141,2,0.007243096423721141,1440.0
3L,20.0,seed144,3,3007,1,0.01,144,141,2,0.007243096423721141,1467.4042010405883
3L,20.0,seed144,3,3007,6,10.01,2882,107,55,0.14496252703586338,13726.053140721297
3L,20.0,seed144,3,3007,11,20.01,2924,99,60,0.1470750968261154,14057.5180377475
3L,20.0,seed144,3,3007,16,30.01,2951,94,63,0.1484331774055631,14192.60100040944
3L,20.0,seed144,3,3007,21,40.01,2946,92,63,0.14818168100196166,14275.826842661994
3L,20.0,seed144,3,3007,26,50.01,2960,90,63,0.14888587093204567,14357.166135210571
3L,20.0,seed144,3,3007,31,60.01,2966,88,63,0.1491876666163674,14415.990995341339
3L,20.0,seed144,3,3007,36,70.01,2981,88,67,0.14994215582717166,14463.733617242302
3L,20.0,seed144,3,3007,41,80.01,2991,88,68,0.15044514863437453,14500.74952130373
3L,20.0,seed144,3,3007,46,90.01,2997,88,68,0.15074694431869623,14525.142502747203
3L,20.0,seed144,3,3007,51,100.01,2994,88,68,0.15059604647653538,14520.839353059633
3L,20.0,seed144,3,3007,56,110.01,2995,88,68,0.15064634575725566,14518.910789643178
3L,20.0,seed144,3,3007,61,120.01,3003,88,68,0.15104874000301796,14534.694794367324
3L,20.0,seed144,3,3007,66,130.01,3004,87,68,0.15109903928373825,14553.617483430457
3L,20.0,seed144,3,3007,71,140.01,3007,87,68,0.1512499371258991,14563.52644568833
3L,20.0,seed144,3,3007,76,150.01,3014,87,68,0.15160203209094109,14582.473015343563
3L,20.0,seed144,3,3007,81,160.01,3014,87,68,0.15160203209094109,14588.284879878182
3L,20.0,seed144,3,3007,86,170.01,3015,87,68,0.1516523313716614,14588.908412818926
3L,20.0,seed144,3,3007,91,180.01,3020,87,68,0.15190382777526282,14603.24325912453
3L,20.0,seed144,3,3007,96,190.01,3018,87,68,0.15180322921382225,14595.291621561615
3L,20.0,seed144,3,3007,101,200.01,3017,87,68,0.15175292993310197,14590.224532775526
3L,20.0,seed144,3,3007,106,210.01,3014,87,68,0.15160203209094109,14583.84960490897
3L,20.0,seed144,3,3007,111,220.01,3012,87,68,0.15150143352950052,14576.549357355287
3L,20.0,seed144,3,3007,116,230.01,3007,87,68,0.1512499371258991,14565.53026484339
3L,20.0,seed144,3,3007,121,240.01,3002,87,68,0.15099844072229768,14552.211159861614
3L,20.0,seed144,3,3007,126,250.01,3004,86,68,0.15109903928373825,14552.989869630448
3L,20.0,seed144,3,3007,131,260.01,3010,86,68,0.15140083496805995,14583.386684615476
3L,20.0,seed144,3,3007,136,270.01,3010,86,68,0.15140083496805995,14582.63315124987
3L,20.0,seed144,3,3007,141,280.01,3013,86,68,0.1515517328102208,14588.093507398999
3L,20.0,seed144,3,3007,146,290.01,3013,86,68,0.1515517328102208,14589.890810748922
3L,20.0,seed144,3,3007,151,300.01,3013,86,68,0.1515517328102208,14589.66690270914
3L,20.0,seed144,3,3007,156,310.01,3013,86,68,0.1515517328102208,14588.625038125105
3L,20.0,seed144,3,3007,161,320.01,3010,86,68,0.15140083496805995,14582.732225862415
3L,20.0,seed144,3,3007,166,330.01,3010,86,68,0.15140083496805995,14582.797744216805
3L,20.0,seed144,3,3007,171,340.01,3010,86,68,0.15140083496805995,14582.828991662544
3L,20.0,seed144,3,3007,176,350.01,3010,86,68,0.15140083496805995,14582.830537427846
3L,20.0,seed144,3,3007,181,360.01,3010,86,68,0.15140083496805995,14582.830587772058
3L,20.0,seed144,3,3007,186,370.01,3010,86,68,0.15140083496805995,14582.83050466427
3L,20.0,seed144,3,3007,191,380.01,3010,86,68,0.15140083496805995,14582.83043718826
3L,20.0,seed144,3,3007,196,390.01,3010,86,68,0.15140083496805995,14582.830394509603
3L,20.0,seed144,3,3007,201,400.01,3010,86,68,0.15140083496805995,14582.830369454703
3L,20.0,seed144,3,3007,206,410.01,3010,86,68,0.15140083496805995,14582.83035524925
3L,20.0,seed144,3,3007,211,420.01,3010,86,68,0.15140083496805995,14582.8303473538
3L,20.0,seed144,3,3007,216,430.01,3010,86,68,0.15140083496805995,14582.830343019696
3L,20.0,seed144,3,3007,221,440.01,3010,86,68,0.15140083496805995,14582.83034065971
3L,20.0,seed144,3,3007,226,450.01,3010,86,68,0.15140083496805995,14582.830339381519
3L,20.0,seed144,3,3007,231,460.01,3010,86,68,0.15140083496805995,14582.8303386917
3L,20.0,seed144,3,3007,236,470.01,3010,86,68,0.15140083496805995,14582.830338320302
3L,20.0,seed144,3,3007,241,480.01,3010,86,68,0.15140083496805995,14582.830338120655
3L,20.0,seed144,3,3007,246,490.01,3010,86,68,0.15140083496805995,14582.830338013442
3L,20.0,seed144,3,3007,251,500.01,3010,86,68,0.15140083496805995,14582.830337955907
3L,20.0,seed144,3,3007,256,510.01,3010,86,68,0.15140083496805995,14582.830337925043
3L,20.0,seed144,3,3007,261,520.01,3010,86,68,0.15140083496805995,14582.83033790849
3L,20.0,seed144,3,3007,266,530.01,3010,86,68,0.15140083496805995,14582.830337899612
3L,20.0,seed144,3,3007,271,540.01,3010,86,68,0.15140083496805995,14582.830337894851
3L,20.0,seed144,3,3007,276,550.01,3010,86,68,0.15140083496805995,14582.830337892297
3L,20.0,seed144,3,3007,281,560.01,3010,86,68,0.15140083496805995,14582.830337890926
3L,20.0,seed144,3,3007,286,570.01,3010,86,68,0.15140083496805995,14582.83033789019
3L,20.0,seed144,3,3007,291,580.01,3010,86,68,0.15140083496805995,14582.830337889793
3L,20.0,seed144,3,3007,296,590.01,3010,86,68,0.15140083496805995,14582.83033788958
3L,20.0,seed144,3,3007,301,600.01,3010,86,68,0.15140083496805995,14582.830337889463
3L,20.0,random,1,,0,0.0,5005,1914,21,0.25174790000502995,19936.811467800162
3L,20.0,random,1,,1,0.01,5104,1855,31,0.2567275287963382,20227.407336788267
3L,20.0,random,1,,6,10.01,3407,131,111,0.1713696494140134,15657.988898310112
3L,20.0,random,1,,11,20.01,3245,109,120,0.1632211659373271,15337.774969231079
3L,20.0,random,1,,16,30.01,3232,106,129,0.1625672752879634,15338.579801202459
3L,20.0,random,1,,21,40.01,3176,104,130,0.15975051556762737,15254.916014027945
3L,20.0,random,1,,26,50.01,3186,102,126,0.16025350837483024,15257.689650905964
3L,20.0,random,1,,31,60.01,3173,101,129,0.15959961772546652,15255.741104020835
3L,20.0,random,1,,36,70.01,3147,98,127,0.1582918364267391,15182.155670717719
3L,20.0,random,1,,41,80.01,3150,97,127,0.15844273426889996,15211.634997412519
3L,20.0,random,1,,46,90.01,3150,97,124,0.15844273426889996,15232.385651106471
3L,20.0,random,1,,51,100.01,3161,97,126,0.15899602635682308,15256.9368403454
3L,20.0,random,1,,56,110.01,3162,97,126,0.1590463256375434,15253.702431275982
3L,20.0,random,1,,61,120.01,3158,96,125,0.15884512851466223,15257.300410061594
3L,20.0,random,1,,66,130.01,3168,96,125,0.1593481213218651,15274.463377963019
3L,20.0,random,1,,71,140.01,3166,95,126,0.15924752276042453,15280.634501518274
3L,20.0,random,1,,76,150.01,3166,95,127,0.15924752276042453,15275.804165643778
3L,20.0,random,1,,81,160.01,3170,95,127,0.15944871988330567,15286.570830179917
3L,20.0,random,1,,86,170.01,3167,95,126,0.15929782204114482,15280.414044668898
3L,20.0,random,1,,91,180.01,3162,95,124,0.1590463256375434,15258.394630613406
3L,20.0,random,1,,96,190.01,3153,94,122,0.1585936321110608,15237.009139108277
3L,20.0,random,1,,101,200.01,3152,94,122,0.15854333283034053,15240.514814041704
3L,20.0,random,1,,106,210.01,3149,94,120,0.15839243498817968,15235.45097151175
3L,20.0,random,1,,111,220.01,3150,94,120,0.15844273426889996,15234.352525474544
3L,20.0,random,1,,116,230.01,3150,94,120,0.15844273426889996,15232.436003062381
3L,20.0,random,1,,121,240.01,3147,94,117,0.1582918364267391,15227.61247643478
3L,20.0,random,1,,126,250.01,3145,94,115,0.15819123786529854,15222.885051051026
3L,20.0,random,1,,131,260.01,3146,94,116,0.15824153714601882,15223.947746871305
3L,20.0,random,1,,136,270.01,3146,94,116,0.15824153714601882,15223.004445137718
3L,20.0,random,1,,141,280.01,3145,94,114,0.15819123786529854,15217.518544135155
3L,20.0,random,1,,146,290.01,3146,94,114,0.15824153714601882,15217.920893284916
3L,20.0,random,1,,151,300.01,3145,94,115,0.15819123786529854,15211.222142576009
3L,20.0,random,1,,156,310.01,3145,94,115,0.15819123786529854,15212.791496041467
3L,20.0,random,1,,161,320.01,3145,94,115,0.15819123786529854,15214.432956198372
3L,20.0,random,1,,166,330.01,3146,94,115,0.15824153714601882,15218.435527605478
3L,20.0,random,1,,171,340.01,3149,94,115,0.15839243498817968,15229.01894185504
3L,20.0,random,1,,176,350.01,3152,94,116,0.15854333283034053,15235.696946080723
3L,20.0,random,1,,181,360.01,3152,94,116,0.15854333283034053,15235.484300467142
3L,20.0,random,1,,186,370.01,3153,94,117,0.1585936321110608,15234.908474661486
3L,20.0,random,1,,191,380.01,3153,94,117,0.1585936321110608,15233.362137630313
3L,20.0,random,1,,196,390.01,3150,94,114,0.15844273426889996,15226.530315485692
3L,20.0,random,1,,201,400.01,3150,94,114,0.15844273426889996,15226.176779509806
3L,20.0,random,1,,206,410.01,3147,94,111,0.1582918364267391,15219.859526814686
3L,20.0,random,1,,211,420.01,3147,94,108,0.1582918364267391,15217.950163385238
3L,20.0,random,1,,216,430.01,3148,94,109,0.1583421357074594,15222.913257577806
3L,20.0,random,1,,221,440.01,3148,94,109,0.1583421357074594,15223.189272707199
3L,20.0,random,1,,226,450.01,3147,94,108,0.1582918364267391,15217.041895652728
3L,20.0,random,1,,231,460.01,3147,94,108,0.1582918364267391,15215.891524938736
3L,20.0,random,1,,236,470.01,3145,94,106,0.15819123786529854,15211.351669547625
3L,20.0,random,1,,241,480.01,3144,94,105,0.15814093858457823,15210.106510757216
3L,20.0,random,1,,246,490.01,3143,94,104,0.15809063930385794,15201.994828265608
3L,20.0,random,1,,251,500.01,3141,94,102,0.15799004074241738,15198.567296638565
3L,20.0,random,1,,256,510.01,3142,94,103,0.15804034002313766,15199.794230531304
3L,20.0,random,1,,261,520.01,3140,94,101,0.1579397414616971,15195.006027054293
3L,20.0,random,1,,266,530.01,3140,94,101,0.1579397414616971,15192.067403918916
3L,20.0,random,1,,271,540.01,3139,94,99,0.1578894421809768,15188.610895333313
3L,20.0,random,1,,276,550.01,3141,94,98,0.15799004074241738,15196.443221218085
3L,20.0,random,1,,281,560.01,3140,94,97,0.1579397414616971,15192.04107108464
3L,20.0,random,1,,286,570.01,3137,94,95,0.15778884361953624,15184.518670641928
3L,20.0,random,1,,291,580.01,3135,94,96,0.15768824505809567,15170.505626578783
3L,20.0,random,1,,296,590.01,3135,94,94,0.15768824505809567,15175.747896474164
3L,20.0,random,1,,301,600.01,3134,94,92,0.1576379457773754,15173.899580677624
3L,20.0,random,2,,0,0.0,4969,1897,30,0.24993712589909964,19840.181224828495
3L,20.0,random,2,,1,0.01,5074,1825,43,0.2552185503747296,20123.890335733555
3L,20.0,random,2,,6,10.01,3462,124,111,0.1741361098536291,15883.430643194335
3L,20.0,random,2,,11,20.01,3281,108,111,0.16503194004325739,15427.951088097141
3L,20.0,random,2,,16,30.01,3232,104,116,0.1625672752879634,15355.505038144152
3L,20.0,random,2,,21,40.01,3177,99,113,0.15980081484834766,15227.375890374431
3L,20.0,random,2,,26,50.01,3177,97,113,0.15980081484834766,15229.191193634728
3L,20.0,random,2,,31,60.01,3184,97,106,0.16015290981338967,15285.202304869781
3L,20.0,random,2,,36,70.01,3170,97,104,0.15944871988330567,15267.429396036317
3L,20.0,random,2,,41,80.01,3174,95,103,0.1596499170061868,15263.480485273032
3L,20.0,random,2,,46,90.01,3182,95,103,0.1600523112519491,15297.206939594704
3L,20.0,random,2,,51,100.01,3183,95,101,0.1601026105326694,15308.386765846688
3L,20.0,random,2,,56,110.01,3178,95,95,0.15985111412906797,15297.345996691225
3L,20.0,random,2,,61,120.01,3174,95,95,0.1596499170061868,15280.048746408429
3L,20.0,random,2,,66,130.01,3168,95,94,0.1593481213218651,15273.202340331216
3L,20.0,random,2,,71,140.01,3163,95,91,0.15909662491826368,15258.390862252785
3L,20.0,random,2,,76,150.01,3162,95,91,0.1590463256375434,15252.67456238864
3L,20.0,random,2,,81,160.01,3165,95,91,0.15919722347970425,15258.636697237936
3L,20.0,random,2,,86,170.01,3157,95,91,0.15879482923394195,15246.799495578714
3L,20.0,random,2,,91,180.01,3157,95,91,0.15879482923394195,15240.807710109446
3L,20.0,random,2,,96,190.01,3158,95,91,0.15884512851466223,15241.056623110137
3L,20.0,random,2,,101,200.01,3159,95,91,0.15889542779538252,15240.740269114427
3L,20.0,random,2,,106,210.01,3156,95,91,0.15874452995322166,15232.708295353383
3L,20.0,random,2,,111,220.01,3156,95,91,0.15874452995322166,15234.103099503867
3L,20.0,random,2,,116,230.01,3156,95,91,0.15874452995322166,15234.217836874766
3L,20.0,random,2,,121,240.01,3154,95,91,0.1586439313917811,15234.005164785074
3L,20.0,random,2,,126,250.01,3154,95,91,0.1586439313917811,15234.63324362209
3L,20.0,random,2,,131,260.01,3156,95,91,0.15874452995322166,15237.439823026587
3L,20.0,random,2,,136,270.01,3160,95,91,0.1589457270761028,15249.94833713226
3L,20.0,random,2,,141,280.01,3160,95,91,0.1589457270761028,15250.144721379304
3L,20.0,random,2,,146,290.01,3160,95,91,0.1589457270761028,15250.6996429892
3L,20.0,random,2,,151,300.01,3162,95,91,0.1590463256375434,15259.992686684855
3L,20.0,random,2,,156,310.01,3164,95,91,0.15914692419898396,15260.165988955217
3L,20.0,random,2,,161,320.01,3166,95,91,0.15924752276042453,15260.561547144225
3L,20.0,random,2,,166,330.01,3166,95,91,0.15924752276042453,15260.897519322709
3L,20.0,random,2,,171,340.01,3166,95,91,0.15924752276042453,15261.139359089917
3L,20.0,random,2,,176,350.01,3164,95,91,0.15914692419898396,15260.686058447642
3L,20.0,random,2,,181,360.01,3161,95,91,0.15899602635682308,15254.636232170007
3L,20.0,random,2,,186,370.01,3161,95,91,0.15899602635682308,15254.496083050399
3L,20.0,random,2,,191,380.01,3161,95,91,0.15899602635682308,15254.491678361099
3L,20.0,random,2,,196,390.01,3161,95,91,0.15899602635682308,15254.485708142001
3L,20.0,random,2,,201,400.01,3161,95,91,0.15899602635682308,15254.488095633129
3L,20.0,random,2,,206,410.01,3161,95,91,0.15899602635682308,15254.493835284009
3L,20.0,random,2,,211,420.01,3161,95,91,0.15899602635682308,15254.500263762047
3L,20.0,random,2,,216,430.01,3161,95,91,0.15899602635682308,15254.50640362847
3L,20.0,random,2,,221,440.01,3161,95,91,0.15899602635682308,15254.512015466396
3L,20.0,random,2,,226,450.01,3161,95,91,0.15899602635682308,15254.517115792652
3L,20.0,random,2,,231,460.01,3161,95,91,0.15899602635682308,15254.521786863348
3L,20.0,random,2,,236,470.01,3161,95,91,0.15899602635682308,15254.526112928761
3L,20.0,random,2,,241,480.01,3161,95,91,0.15899602635682308,15254.530163590834
3L,20.0,random,2,,246,490.01,3161,95,91,0.15899602635682308,15254.533992641622
3L,20.0,random,2,,251,500.01,3161,95,91,0.15899602635682308,15254.537640978531
3L,20.0,random,2,,256,510.01,3161,95,91,0.15899602635682308,15254.541139888835
3L,20.0,random,2,,261,520.01,3161,95,91,0.15899602635682308,15254.544513721616
3L,20.0,random,2,,266,530.01,3161,95,91,0.15899602635682308,15254.547781846555
3L,20.0,random,2,,271,540.01,3161,95,91,0.15899602635682308,15254.55096003323
3L,20.0,random,2,,276,550.01,3161,95,91,0.15899602635682308,15254.554061410558
3L,20.0,random,2,,281,560.01,3161,95,91,0.15899602635682308,15254.557097136072
3L,20.0,random,2,,286,570.01,3161,95,91,0.15899602635682308,15254.56007686846
3L,20.0,random,2,,291,580.01,3161,95,91,0.15899602635682308,15254.563009107318
3L,20.0,random,2,,296,590.01,3161,95,91,0.15899602635682308,15254.565901442797
3L,20.0,random,2,,301,600.01,3161,95,91,0.15899602635682308,15254.568760743517
3L,20.0,random,3,,0,0.0,4960,1868,30,0.24948443237261708,19810.8209612995
3L,20.0,random,3,,1,0.01,5061,1803,32,0.2545646597253659,20092.36742691069
3L,20.0,random,3,,6,10.01,3414,118,107,0.17172174437905538,15709.198954465239
3L,20.0,random,3,,11,20.01,3237,98,122,0.1628187716915648,15317.5821599002
3L,20.0,random,3,,16,30.01,3236,92,130,0.16276847241084452,15403.714497606537
3L,20.0,random,3,,21,40.01,3216,89,133,0.16176248679643881,15383.950444983457
3L,20.0,random,3,,26,50.01,3203,86,130,0.1611085961470751,15352.017249384942
3L,20.0,random,3,,31,60.01,3192,86,130,0.16055530405915194,15352.144655643253
3L,20.0,random,3,,36,70.01,3186,85,132,0.16025350837483024,15321.663436284205
3L,20.0,random,3,,41,80.01,3192,85,132,0.16055530405915194,15334.762506386025
3L,20.0,random,3,,46,90.01,3186,84,128,0.16025350837483024,15326.761838216993
3L,20.0,random,3,,51,100.01,3188,84,128,0.1603541069362708,15338.112550541482
3L,20.0,random,3,,56,110.01,3193,84,128,0.16060560333987223,15356.470144592888
3L,20.0,random,3,,61,120.01,3190,84,125,0.16045470549771138,15363.633946015352
3L,20.0,random,3,,66,130.01,3195,84,127,0.16070620190131282,15369.174217583568
3L,20.0,random,3,,71,140.01,3199,84,128,0.16090739902419396,15373.416379139067
3L,20.0,random,3,,76,150.01,3202,84,128,0.1610582968663548,15376.789544504696
3L,20.0,random,3,,81,160.01,3200,84,128,0.16095769830491424,15369.752980645982
3L,20.0,random,3,,86,170.01,3195,84,125,0.16070620190131282,15352.692083645048
3L,20.0,random,3,,91,180.01,3196,84,125,0.1607565011820331,15359.233199999562
3L,20.0,random,3,,96,190.01,3190,84,125,0.16045470549771138,15341.592107513985
3L,20.0,random,3,,101,200.01,3187,84,123,0.16030380765555052,15332.987085935605
3L,20.0,random,3,,106,210.01,3186,84,124,0.16025350837483024,15322.864763927631
3L,20.0,random,3,,111,220.01,3187,84,124,0.16030380765555052,15324.70121154148
3L,20.0,random,3,,116,230.01,3189,84,124,0.1604044062169911,15328.824382078252
3L,20.0,random,3,,121,240.01,3189,84,124,0.1604044062169911,15331.47594586506
3L,20.0,random,3,,126,250.01,3188,84,124,0.1603541069362708,15330.233330710285
3L,20.0,random,3,,131,260.01,3184,84,123,0.16015290981338967,15319.621839654837
3L,20.0,random,3,,136,270.01,3181,84,121,0.16000201197122882,15302.142735419542
3L,20.0,random,3,,141,280.01,3183,84,121,0.1601026105326694,15317.572031526312
3L,20.0,random,3,,146,290.01,3185,84,122,0.16020320909410996,15315.059329377309
3L,20.0,random,3,,151,300.01,3193,84,122,0.16060560333987223,15337.292437637367
3L,20.0,random,3,,156,310.01,3193,84,123,0.16060560333987223,15338.073223940317
3L,20.0,random,3,,161,320.01,3191,84,120,0.16050500477843166,15330.553436118478
3L,20.0,random,3,,166,330.01,3192,84,120,0.16055530405915194,15328.163408599554
3L,20.0,random,3,,171,340.01,3185,84,120,0.16020320909410996,15312.671486146988
3L,20.0,random,3,,176,350.01,3184,84,120,0.16015290981338967,15309.205916889066
3L,20.0,random,3,,181,360.01,3181,84,120,0.16000201197122882,15299.500384310188
3L,20.0,random,3,,186,370.01,3178,84,117,0.15985111412906797,15294.742057301384
3L,20.0,random,3,,191,380.01,3181,84,117,0.16000201197122882,15303.979886924106
3L,20.0,random,3,,196,390.01,3182,84,118,0.1600523112519491,15305.590565780702
3L,20.0,random,3,,201,400.01,3182,84,118,0.1600523112519491,15305.02969183126
3L,20.0,random,3,,206,410.01,3180,84,119,0.15995171269050854,15299.125407881085
3L,20.0,random,3,,211,420.01,3180,84,119,0.15995171269050854,15298.541426744197
3L,20.0,random,3,,216,430.01,3180,84,119,0.15995171269050854,15297.181626656058
3L,20.0,random,3,,221,440.01,3178,84,117,0.15985111412906797,15292.264198158504
3L,20.0,random,3,,226,450.01,3180,84,118,0.15995171269050854,15294.501575215934
3L,20.0,random,3,,231,460.01,3178,84,116,0.15985111412906797,15291.146881736091
3L,20.0,random,3,,236,470.01,3179,84,117,0.15990141340978825,15290.56504652219
3L,20.0,random,3,,241,480.01,3177,84,115,0.15980081484834766,15285.760185445899
3L,20.0,random,3,,246,490.01,3177,84,115,0.15980081484834766,15284.584680476608
3L,20.0,random,3,,251,500.01,3181,84,115,0.16000201197122882,15292.742921565145
3L,20.0,random,3,,256,510.01,3183,84,115,0.1601026105326694,15301.672018645831
3L,20.0,random,3,,261,520.01,3183,84,115,0.1601026105326694,15298.968012709101
3L,20.0,random,3,,266,530.01,3181,84,115,0.16000201197122882,15290.517946939523
3L,20.0,random,3,,271,540.01,3171,83,115,0.15949901916402595,15265.89608911359
3L,20.0,random,3,,276,550.01,3175,83,116,0.1597002162869071,15272.20402830817
3L,20.0,random,3,,281,560.01,3181,83,115,0.16000201197122882,15288.763958948934
3L,20.0,random,3,,286,570.01,3183,83,115,0.1601026105326694,15302.522483854249
3L,20.0,random,3,,291,580.01,3186,83,115,0.16025350837483024,15306.159929611458
3L,20.0,random,3,,296,590.01,3186,83,115,0.16025350837483024,15311.395009158718
3L,20.0,random,3,,301,600.01,3186,83,115,0.16025350837483024,15311.543020487823
3L,20.0,nucl,1,,0,0.0,0,0,0,0.0,0.0
3L,20.0,nucl,1,,1,0.01,3,3,1,0.0001508978421608571,12.0
3L,20.0,nucl,1,,6,10.01,1072,204,61,0.05392082893214627,4689.170658897971
3L,20.0,nucl,1,,11,20.01,2153,184,96,0.10829435139077512,10117.750984040104
3L,20.0,nucl,1,,16,30.01,2610,168,119,0.13128112267994568,12454.312080774273
3L,20.0,nucl,1,,21,40.01,2786,192,129,0.14013379608671597,13227.182508961567
3L,20.0,nucl,1,,26,50.01,2870,180,129,0.14435893566721997,13619.074335033463
3L,20.0,nucl,1,,31,60.01,2933,200,130,0.14752779035259797,13885.065481849004
3L,20.0,nucl,1,,36,70.01,2968,206,130,0.14928826517780797,14051.026125454773
3L,20.0,nucl,1,,41,80.01,2958,180,134,0.1487852723706051,14040.451263813695
3L,20.0,nucl,1,,46,90.01,2984,181,137,0.15009305366933254,14157.561334485175
3L,20.0,nucl,1,,51,100.01,2986,184,138,0.1501936522307731,14185.27876116513
3L,20.0,nucl,1,,56,110.01,3029,208,142,0.15235652130174537,14332.973502659508
3L,20.0,nucl,1,,61,120.01,3047,191,143,0.15326190835471054,14409.530470158312
3L,20.0,nucl,1,,66,130.01,3069,195,141,0.15436849253055682,14475.114847143235
3L,20.0,nucl,1,,71,140.01,3103,207,140,0.15607866807504653,14632.242787434134
3L,20.0,nucl,1,,76,150.01,3056,168,144,0.1537146018811931,14455.396463028705
3L,20.0,nucl,1,,81,160.01,3109,190,140,0.15638046375936823,14647.52431051855
3L,20.0,nucl,1,,86,170.01,3122,188,146,0.15703435440873195,14757.812147801556
3L,20.0,nucl,1,,91,180.01,3125,190,142,0.1571852522508928,14752.779481364887
3L,20.0,nucl,1,,96,190.01,3131,197,147,0.15748704793521454,14798.376276407587
3L,20.0,nucl,1,,101,200.01,3126,189,148,0.1572355515316131,14758.06424651283
3L,20.0,nucl,1,,106,210.01,3128,192,146,0.15733615009305366,14815.504007293397
3L,20.0,nucl,1,,111,220.01,3123,179,149,0.15708465368945224,14709.422890541488
3L,20.0,nucl,1,,116,230.01,3129,186,147,0.15738644937377397,14785.836173801392
3L,20.0,nucl,1,,121,240.01,3141,189,146,0.15799004074241738,14864.830878742689
3L,20.0,nucl,1,,126,250.01,3134,171,145,0.1576379457773754,14850.521968677354
3L,20.0,nucl,1,,131,260.01,3150,187,142,0.15844273426889996,14840.018168521376
3L,20.0,nucl,1,,136,270.01,3138,177,143,0.15783914290025652,14843.215800536003
3L,20.0,nucl,1,,141,280.01,3167,202,144,0.15929782204114482,14887.192792841208
3L,20.0,nucl,1,,146,290.01,3132,166,143,0.15753734721593482,14835.213299731477
3L,20.0,nucl,1,,151,300.01,3165,183,143,0.15919722347970425,14998.292730688194
3L,20.0,nucl,1,,156,310.01,3178,196,144,0.15985111412906797,14979.772815027516
3L,20.0,nucl,1,,161,320.01,3169,184,144,0.15939842060258538,14987.191141063735
3L,20.0,nucl,1,,166,330.01,3179,181,143,0.15990141340978825,15026.227884092035
3L,20.0,nucl,1,,171,340.01,3200,182,143,0.16095769830491424,15043.619713285812
3L,20.0,nucl,1,,176,350.01,3201,186,143,0.16100799758563453,15115.982395393678
3L,20.0,nucl,1,,181,360.01,3196,195,142,0.1607565011820331,15039.513053243638
3L,20.0,nucl,1,,186,370.01,3178,171,145,0.15985111412906797,15007.745981330947
3L,20.0,nucl,1,,191,380.01,3210,194,143,0.16146069111211708,15103.274824902453
3L,20.0,nucl,1,,196,390.01,3206,188,142,0.16125949398923595,15081.296201869784
3L,20.0,nucl,1,,201,400.01,3202,178,142,0.1610582968663548,15111.095688036228
3L,20.0,nucl,1,,206,410.01,3214,194,143,0.16166188823499825,15171.11703352647
3L,20.0,nucl,1,,211,420.01,3205,188,142,0.16120919470851566,15137.533560805055
3L,20.0,nucl,1,,216,430.01,3227,200,141,0.16231577888436197,15241.840903380074
3L,20.0,nucl,1,,221,440.01,3199,178,143,0.16090739902419396,15120.268097533171
3L,20.0,nucl,1,,226,450.01,3191,169,143,0.16050500477843166,15117.004969882175
3L,20.0,nucl,1,,231,460.01,3209,173,144,0.1614103918313968,15139.353734311004
3L,20.0,nucl,1,,236,470.01,3239,200,142,0.16291937025300537,15246.132503530043
3L,20.0,nucl,1,,241,480.01,3239,201,141,0.16291937025300537,15241.573583241356
3L,20.0,nucl,1,,246,490.01,3212,175,141,0.16156128967355768,15181.763843561479
3L,20.0,nucl,1,,251,500.01,3204,177,141,0.16115889542779538,15180.062104190776
3L,20.0,nucl,1,,256,510.01,3249,203,140,0.16342236306020824,15249.307712163452
3L,20.0,nucl,1,,261,520.01,3213,166,144,0.16161158895427796,15175.423967680525
3L,20.0,nucl,1,,266,530.01,3266,194,147,0.1642774508324531,15372.869084649126
3L,20.0,nucl,1,,271,540.01,3250,192,142,0.16347266234092853,15293.684470324093
3L,20.0,nucl,1,,276,550.01,3244,170,142,0.16317086665660682,15265.979676942397
3L,20.0,nucl,1,,281,560.01,3257,198,142,0.16382475730597051,15326.110135809093
3L,20.0,nucl,1,,286,570.01,3251,198,142,0.1635229616216488,15315.109991466874
3L,20.0,nucl,1,,291,580.01,3256,182,146,0.16377445802525023,15354.378476038648
3L,20.0,nucl,1,,296,590.01,3243,179,146,0.16312056737588654,15283.378371942863
3L,20.0,nucl,1,,301,600.01,3246,189,147,0.1632714652180474,15291.806429335906
3L,20.0,nucl,2,,0,0.0,0,0,0,0.0,0.0
3L,20.0,nucl,2,,1,0.01,1,1,1,5.02992807202857e-05,4.0
3L,20.0,nucl,2,,6,10.01,739,186,73,0.03717116845229113,3194.8235780526884
3L,20.0,nucl,2,,11,20.01,2012,197,108,0.10120215280921482,9378.117091423766
3L,20.0,nucl,2,,16,30.01,2604,200,117,0.13097932699562395,12317.406381057659
3L,20.0,nucl,2,,21,40.01,2758,182,128,0.13872541622654797,13217.002477606005
3L,20.0,nucl,2,,26,50.01,2860,177,129,0.1438559428600171,13616.529352395062
3L,20.0,nucl,2,,31,60.01,2906,189,127,0.14616970977315025,13843.780844888684
3L,20.0,nucl,2,,36,70.01,2967,181,129,0.14923796589708768,14073.711224843759
3L,20.0,nucl,2,,41,80.01,3014,187,127,0.15160203209094109,14234.518523538984
3L,20.0,nucl,2,,46,90.01,3004,190,125,0.15109903928373825,14254.002255062846
3L,20.0,nucl,2,,51,100.01,3012,184,124,0.15150143352950052,14333.16705850573
3L,20.0,nucl,2,,56,110.01,3009,177,125,0.15135053568733967,14308.028627462867
3L,20.0,nucl,2,,61,120.01,3014,184,126,0.15160203209094109,14307.556849454822
3L,20.0,nucl,2,,66,130.01,3047,198,124,0.15326190835471054,14424.669300603518
3L,20.0,nucl,2,,71,140.01,3065,191,124,0.15416729540767568,14495.478523178337
3L,20.0,nucl,2,,76,150.01,3052,185,123,0.15351340475831196,14490.589123059179
3L,20.0,nucl,2,,81,160.01,3071,184,125,0.15446909109199738,14527.43311053512
3L,20.0,nucl,2,,86,170.01,3111,207,123,0.1564810623208088,14642.415259896354
3L,20.0,nucl,2,,91,180.01,3092,192,123,0.15552537598712338,14626.022320442895
3L,20.0,nucl,2,,96,190.01,3086,184,124,0.15522358030280167,14570.458389434718
3L,20.0,nucl,2,,101,200.01,3088,178,121,0.15532417886424224,14648.31320205928
3L,20.0,nucl,2,,106,210.01,3098,171,122,0.1558271716714451,14678.248442029393
3L,20.0,nucl,2,,111,220.01,3097,188,125,0.15577687239072482,14672.715301110647
3L,20.0,nucl,2,,116,230.01,3082,171,124,0.15502238317992054,14640.28377223351
3L,20.0,nucl,2,,121,240.01,3088,182,122,0.15532417886424224,14619.778973120232
3L,20.0,nucl,2,,126,250.01,3129,194,123,0.15738644937377397,14739.81565302805
3L,20.0,nucl,2,,131,260.01,3138,184,124,0.15783914290025652,14765.490841930328
3L,20.0,nucl,2,,136,270.01,3146,183,124,0.15824153714601882,14842.50999566499
3L,20.0,nucl,2,,141,280.01,3136,171,124,0.15773854433881596,14845.985090674225
3L,20.0,nucl,2,,146,290.01,3170,191,128,0.15944871988330567,14930.69519205837
3L,20.0,nucl,2,,151,300.01,3161,187,122,0.15899602635682308,14945.38468336153
3L,20.0,nucl,2,,156,310.01,3129,165,124,0.15738644937377397,14868.26308670609
3L,20.0,nucl,2,,161,320.01,3158,201,123,0.15884512851466223,14918.91885500677
3L,20.0,nucl,2,,166,330.01,3171,181,127,0.15949901916402595,14948.696958050346
3L,20.0,nucl,2,,171,340.01,3184,187,127,0.16015290981338967,15024.689347933887
3L,20.0,nucl,2,,176,350.01,3154,168,121,0.1586439313917811,14918.774156578078
3L,20.0,nucl,2,,181,360.01,3158,176,124,0.15884512851466223,15002.836993485493
3L,20.0,nucl,2,,186,370.01,3170,180,126,0.15944871988330567,14958.797004642303
3L,20.0,nucl,2,,191,380.01,3206,195,128,0.16125949398923595,15089.883067144125
3L,20.0,nucl,2,,196,390.01,3160,177,125,0.1589457270761028,15007.19057905209
3L,20.0,nucl,2,,201,400.01,3146,160,124,0.15824153714601882,14979.131373425844
3L,20.0,nucl,2,,206,410.01,3181,200,118,0.16000201197122882,15045.540994694831
3L,20.0,nucl,2,,211,420.01,3173,173,122,0.15959961772546652,15011.513784960425
3L,20.0,nucl,2,,216,430.01,3179,183,122,0.15990141340978825,15041.820838936033
3L,20.0,nucl,2,,221,440.01,3218,184,126,0.16186308535787938,15152.491402691889
3L,20.0,nucl,2,,226,450.01,3171,161,123,0.15949901916402595,15013.121660388519
3L,20.0,nucl,2,,231,460.01,3173,173,122,0.15959961772546652,15070.488070735973
3L,20.0,nucl,2,,236,470.01,3204,189,125,0.16115889542779538,15146.932718806725
3L,20.0,nucl,2,,241,480.01,3169,171,120,0.15939842060258538,14998.395843791557
3L,20.0,nucl,2,,246,490.01,3213,197,119,0.16161158895427796,15141.213041133835
3L,20.0,nucl,2,,251,500.01,3204,179,118,0.16115889542779538,15166.157590273342
3L,20.0,nucl,2,,256,510.01,3198,184,120,0.16085709974347367,15118.83139326803
3L,20.0,nucl,2,,261,520.01,3235,200,120,0.16271817313012424,15234.385815600195
3L,20.0,nucl,2,,266,530.01,3192,161,120,0.16055530405915194,15134.770413955237
3L,20.0,nucl,2,,271,540.01,3229,192,119,0.16241637744580253,15209.930685702464
3L,20.0,nucl,2,,276,550.01,3185,158,121,0.16020320909410996,15098.744119586187
3L,20.0,nucl,2,,281,560.01,3222,182,122,0.16206428248076052,15170.279127527778
3L,20.0,nucl,2,,286,570.01,3260,212,124,0.1639756551481314,15281.689745541778
3L,20.0,nucl,2,,291,580.01,3200,163,122,0.16095769830491424,15139.654770107023
3L,20.0,nucl,2,,296,590.01,3234,193,120,0.16266787384940395,15219.274587015796
3L,20.0,nucl,2,,301,600.01,3244,181,121,0.16317086665660682,15300.315888626124
3L,20.0,nucl,3,,0,0.0,0,0,0,0.0,0.0
3L,20.0,nucl,3,,1,0.01,4,4,1,0.0002011971228811428,16.0
3L,20.0,nucl,3,,6,10.01,782,213,69,0.039334037523263414,3422.6496345538794
3L,20.0,nucl,3,,11,20.01,1681,195,113,0.08455309089080026,7766.320802036485
3L,20.0,nucl,3,,16,30.01,2271,185,124,0.11422966651576882,10759.925628238456
3L,20.0,nucl,3,,21,40.01,2472,169,127,0.12433982194054626,11823.338895322435
3L,20.0,nucl,3,,26,50.01,2565,179,133,0.12901765504753282,12240.579502452762
3L,20.0,nucl,3,,31,60.01,2637,205,135,0.13263920325939338,12567.736277315887
3L,20.0,nucl,3,,36,70.01,2689,182,139,0.13525476585684826,12826.9155373871
3L,20.0,nucl,3,,41,80.01,2708,159,140,0.13621045219053368,12887.43362245847
3L,20.0,nucl,3,,46,90.01,2725,171,143,0.13706553996277854,12974.395073303276
3L,20.0,nucl,3,,51,100.01,2780,193,145,0.13983200040239424,13233.401099950817
3L,20.0,nucl,3,,56,110.01,2822,182,143,0.14194457019264625,13402.85197136326
3L,20.0,nucl,3,,61,120.01,2861,188,142,0.14390624214073738,13536.951360797171
3L,20.0,nucl,3,,66,130.01,2902,192,147,0.1459685126502691,13725.680208553735
3L,20.0,nucl,3,,71,140.01,2918,196,152,0.14677330114179368,13811.396190432271
3L,20.0,nucl,3,,76,150.01,2891,171,149,0.14541522056234596,13763.40851368366
3L,20.0,nucl,3,,81,160.01,2932,193,149,0.14747749107187766,13855.93003599523
3L,20.0,nucl,3,,86,170.01,2911,190,147,0.14642120617675167,13807.185098117425
3L,20.0,nucl,3,,91,180.01,2929,187,148,0.1473265932297168,13873.933013744037
3L,20.0,nucl,3,,96,190.01,2930,181,145,0.1473768925104371,13889.073079988895
3L,20.0,nucl,3,,101,200.01,2969,204,147,0.14933856445852825,14035.145872052615
3L,20.0,nucl,3,,106,210.01,2971,200,145,0.14943916301996882,14051.378492987073
3L,20.0,nucl,3,,111,220.01,2973,206,146,0.1495397615814094,14060.984328147864
3L,20.0,nucl,3,,116,230.01,2949,181,151,0.14833257884412254,13984.236708713184
3L,20.0,nucl,3,,121,240.01,2982,187,150,0.14999245510789197,14112.344556234688
3L,20.0,nucl,3,,126,250.01,2973,171,147,0.1495397615814094,14064.341260543908
3L,20.0,nucl,3,,131,260.01,2987,163,154,0.1502439515114934,14147.53189955758
3L,20.0,nucl,3,,136,270.01,2985,186,151,0.15014335295005282,14126.622124530544
3L,20.0,nucl,3,,141,280.01,3036,205,148,0.1527086162667874,14277.283923664738
3L,20.0,nucl,3,,146,290.01,3035,196,150,0.1526583169860671,14336.062263907726
3L,20.0,nucl,3,,151,300.01,3010,197,144,0.15140083496805995,14254.47679513001
3L,20.0,nucl,3,,156,310.01,3015,180,150,0.1516523313716614,14233.34041034132
3L,20.0,nucl,3,,161,320.01,3010,180,151,0.15140083496805995,14288.539774581674
3L,20.0,nucl,3,,166,330.01,3019,180,155,0.15185352849454253,14312.609626876158
3L,20.0,nucl,3,,171,340.01,3011,184,152,0.15145113424878023,14269.314819381485
3L,20.0,nucl,3,,176,350.01,3015,182,151,0.1516523313716614,14267.92274401518
3L,20.0,nucl,3,,181,360.01,3021,187,151,0.1519541270559831,14311.235849359819
3L,20.0,nucl,3,,186,370.01,3006,169,149,0.1511996378451788,14308.319202739372
3L,20.0,nucl,3,,191,380.01,3043,194,149,0.15306071123182938,14346.904712915028
3L,20.0,nucl,3,,196,390.01,3027,185,151,0.1522559227403048,14296.542249998567
3L,20.0,nucl,3,,201,400.01,3043,189,153,0.15306071123182938,14409.48949664486
3L,20.0,nucl,3,,206,410.01,3056,180,148,0.1537146018811931,14452.123707475119
3L,20.0,nucl,3,,211,420.01,3051,167,154,0.15346310547759168,14414.066894718024
3L,20.0,nucl,3,,216,430.01,3064,183,151,0.1541169961269554,14455.064992590254
3L,20.0,nucl,3,,221,440.01,3073,194,149,0.15456968965343795,14464.75667432601
3L,20.0,nucl,3,,226,450.01,3062,181,149,0.1540163975655148,14507.771435106199
3L,20.0,nucl,3,,231,460.01,3045,167,150,0.15316130979326995,14413.594434713037
3L,20.0,nucl,3,,236,470.01,3080,203,157,0.15492178461847997,14546.442092456535
3L,20.0,nucl,3,,241,480.01,3083,193,158,0.15507268246064082,14526.671928378375
3L,20.0,nucl,3,,246,490.01,3074,185,167,0.15461998893415824,14524.896496526293
3L,20.0,nucl,3,,251,500.01,3082,180,167,0.15502238317992054,14578.275514314144
3L,20.0,nucl,3,,256,510.01,3075,172,160,0.15467028821487852,14524.838496870088
3L,20.0,nucl,3,,261,520.01,3094,180,168,0.15562597454856394,14645.910766913523
3L,20.0,nucl,3,,266,530.01,3108,184,175,0.15633016447864795,14666.109231605365
3L,20.0,nucl,3,,271,540.01,3099,190,177,0.1558774709521654,14651.987414898273
3L,20.0,nucl,3,,276,550.01,3117,198,175,0.15678285800513053,14730.022529341266
3L,20.0,nucl,3,,281,560.01,3087,178,175,0.15527387958352196,14646.224999236649
3L,20.0,nucl,3,,286,570.01,3104,176,180,0.1561289673557668,14737.143700870398
3L,20.0,nucl,3,,291,580.01,3103,170,179,0.15607866807504653,14687.160504948519
3L,20.0,nucl,3,,296,590.01,3129,184,178,0.15738644937377397,14814.366728931114
3L,20.0,nucl,3,,301,600.01,3149,204,177,0.15839243498817968,14818.421261253614
S8D_lowri,50.0,seed1,0,1302,0,0.0,1,1,1,5.02992807202857e-05,10.0
S8D_lowri,50.0,seed1,0,1302,1,0.01,1,1,1,5.02992807202857e-05,10.19819691727176
S8D_lowri,50.0,seed1,0,1302,6,10.01,19,1,19,0.0009556863336854283,92.17172683571583
S8D_lowri,50.0,seed1,0,1302,11,20.01,19,1,19,0.0009556863336854283,99.8861984362814
S8D_lowri,50.0,seed1,0,1302,16,30.01,19,1,19,0.0009556863336854283,100.14357052881228
S8D_lowri,50.0,seed1,0,1302,21,40.01,19,1,19,0.0009556863336854283,100.15183473450924
S8D_lowri,50.0,seed1,0,1302,26,50.01,19,1,19,0.0009556863336854283,100.15209860901012
S8D_lowri,50.0,seed1,0,1302,31,60.01,19,1,19,0.0009556863336854283,100.15210702397725
S8D_lowri,50.0,seed1,0,1302,36,70.01,19,1,19,0.0009556863336854283,100.15210729225484
S8D_lowri,50.0,seed1,0,1302,41,80.01,19,1,19,0.0009556863336854283,100.15210730080761
S8D_lowri,50.0,seed1,0,1302,46,90.01,19,1,19,0.0009556863336854283,100.15210730108001
S8D_lowri,50.0,seed1,0,1302,51,100.01,19,1,19,0.0009556863336854283,100.15210730108872
S8D_lowri,50.0,seed1,0,1302,56,110.01,19,1,19,0.0009556863336854283,100.15210730108896
S8D_lowri,50.0,seed1,0,1302,61,120.01,19,1,19,0.0009556863336854283,100.15210730108899
S8D_lowri,50.0,seed1,0,1302,66,130.01,19,1,19,0.0009556863336854283,100.15210730108899
S8D_lowri,50.0,seed1,0,1302,71,140.01,19,1,19,0.0009556863336854283,100.15210730108899
S8D_lowri,50.0,seed1,0,1302,76,150.01,19,1,19,0.0009556863336854283,100.15210730108899
S8D_lowri,50.0,seed1,0,1302,81,160.01,19,1,19,0.0009556863336854283,100.15210730108899
S8D_lowri,50.0,seed1,0,1302,86,170.01,19,1,19,0.0009556863336854283,100.15210730108899
S8D_lowri,50.0,seed1,0,1302,91,180.01,19,1,19,0.0009556863336854283,100.15210730108899
S8D_lowri,50.0,seed1,0,1302,96,190.01,19,1,19,0.0009556863336854283,100.15210730108899
S8D_lowri,50.0,seed1,0,1302,101,200.01,19,1,19,0.0009556863336854283,100.15210730108899
S8D_lowri,50.0,seed1,0,1302,106,210.01,19,1,19,0.0009556863336854283,100.15210730108899
S8D_lowri,50.0,seed1,0,1302,111,220.01,19,1,19,0.0009556863336854283,100.15210730108899
S8D_lowri,50.0,seed1,0,1302,116,230.01,19,1,19,0.0009556863336854283,100.15210730108899
S8D_lowri,50.0,seed1,0,1302,121,240.01,19,1,19,0.0009556863336854283,100.15210730108899
S8D_lowri,50.0,seed1,0,1302,126,250.01,19,1,19,0.0009556863336854283,100.15210730108899
S8D_lowri,50.0,seed1,0,1302,131,260.01,19,1,19,0.0009556863336854283,100.15210730108899
S8D_lowri,50.0,seed1,0,1302,136,270.01,19,1,19,0.0009556863336854283,100.15210730108899
S8D_lowri,50.0,seed1,0,1302,141,280.01,19,1,19,0.0009556863336854283,100.15210730108899
S8D_lowri,50.0,seed1,0,1302,146,290.01,19,1,19,0.0009556863336854283,100.15210730108899
S8D_lowri,50.0,seed1,0,1302,151,300.01,19,1,19,0.0009556863336854283,100.15210730108899
S8D_lowri,50.0,seed1,0,1302,156,310.01,19,1,19,0.0009556863336854283,100.15210730108899
S8D_lowri,50.0,seed1,0,1302,161,320.01,19,1,19,0.0009556863336854283,100.15210730108899
S8D_lowri,50.0,seed1,0,1302,166,330.01,19,1,19,0.0009556863336854283,100.15210730108899
S8D_lowri,50.0,seed1,0,1302,171,340.01,19,1,19,0.0009556863336854283,100.15210730108899
S8D_lowri,50.0,seed1,0,1302,176,350.01,19,1,19,0.0009556863336854283,100.15210730108899
S8D_lowri,50.0,seed1,0,1302,181,360.01,19,1,19,0.0009556863336854283,100.15210730108899
S8D_lowri,50.0,seed1,0,1302,186,370.01,19,1,19,0.0009556863336854283,100.15210730108899
S8D_lowri,50.0,seed1,0,1302,191,380.01,19,1,19,0.0009556863336854283,100.15210730108899
S8D_lowri,50.0,seed1,0,1302,196,390.01,19,1,19,0.0009556863336854283,100.15210730108899
S8D_lowri,50.0,seed1,0,1302,201,400.01,19,1,19,0.0009556863336854283,100.15210730108899
S8D_lowri,50.0,seed1,0,1302,206,410.01,19,1,19,0.0009556863336854283,100.15210730108899
S8D_lowri,50.0,seed1,0,1302,211,420.01,19,1,19,0.0009556863336854283,100.15210730108899
S8D_lowri,50.0,seed1,0,1302,216,430.01,19,1,19,0.0009556863336854283,100.15210730108899
S8D_lowri,50.0,seed1,0,1302,221,440.01,19,1,19,0.0009556863336854283,100.15210730108899
S8D_lowri,50.0,seed1,0,1302,226,450.01,19,1,19,0.0009556863336854283,100.15210730108899
S8D_lowri,50.0,seed1,0,1302,231,460.01,19,1,19,0.0009556863336854283,100.15210730108899
S8D_lowri,50.0,seed1,0,1302,236,470.01,19,1,19,0.0009556863336854283,100.15210730108899
S8D_lowri,50.0,seed1,0,1302,241,480.01,19,1,19,0.0009556863336854283,100.15210730108899
S8D_lowri,50.0,seed1,0,1302,246,490.01,19,1,19,0.0009556863336854283,100.15210730108899
S8D_lowri,50.0,seed1,0,1302,251,500.01,19,1,19,0.0009556863336854283,100.15210730108899
S8D_lowri,50.0,seed1,0,1302,256,510.01,19,1,19,0.0009556863336854283,100.15210730108899
S8D_lowri,50.0,seed1,0,1302,261,520.01,19,1,19,0.0009556863336854283,100.15210730108899
S8D_lowri,50.0,seed1,0,1302,266,530.01,19,1,19,0.0009556863336854283,100.15210730108899
S8D_lowri,50.0,seed1,0,1302,271,540.01,19,1,19,0.0009556863336854283,100.15210730108899
S8D_lowri,50.0,seed1,0,1302,276,550.01,19,1,19,0.0009556863336854283,100.15210730108899
S8D_lowri,50.0,seed1,0,1302,281,560.01,19,1,19,0.0009556863336854283,100.15210730108899
S8D_lowri,50.0,seed1,0,1302,286,570.01,19,1,19,0.0009556863336854283,100.15210730108899
S8D_lowri,50.0,seed1,0,1302,291,580.01,19,1,19,0.0009556863336854283,100.15210730108899
S8D_lowri,50.0,seed1,0,1302,296,590.01,19,1,19,0.0009556863336854283,100.15210730108899
S8D_lowri,50.0,seed1,0,1302,301,600.01,19,1,19,0.0009556863336854283,100.15210730108899
S8D_lowri,50.0,seed1,0,1302,306,610.01,19,1,19,0.0009556863336854283,100.15210730108899
S8D_lowri,50.0,seed1,0,1302,311,620.01,19,1,19,0.0009556863336854283,100.15210730108899
S8D_lowri,50.0,seed1,0,1302,316,630.01,19,1,19,0.0009556863336854283,100.15210730108899
S8D_lowri,50.0,seed1,0,1302,321,640.01,19,1,19,0.0009556863336854283,100.15210730108899
S8D_lowri,50.0,seed1,0,1302,326,650.01,19,1,19,0.0009556863336854283,100.15210730108899
S8D_lowri,50.0,seed1,0,1302,331,660.01,19,1,19,0.0009556863336854283,100.15210730108899
S8D_lowri,50.0,seed1,0,1302,336,670.01,19,1,19,0.0009556863336854283,100.15210730108899
S8D_lowri,50.0,seed1,0,1302,341,680.01,19,1,19,0.0009556863336854283,100.15210730108899
S8D_lowri,50.0,seed1,0,1302,346,690.01,19,1,19,0.0009556863336854283,100.15210730108899
S8D_lowri,50.0,seed1,0,1302,351,700.01,19,1,19,0.0009556863336854283,100.15210730108899
S8D_lowri,50.0,seed1,0,1302,356,710.01,19,1,19,0.0009556863336854283,100.15210730108899
S8D_lowri,50.0,seed1,0,1302,361,720.01,19,1,19,0.0009556863336854283,100.15210730108899
S8D_lowri,50.0,seed1,0,1302,366,730.01,19,1,19,0.0009556863336854283,100.15210730108899
S8D_lowri,50.0,seed1,0,1302,371,740.01,19,1,19,0.0009556863336854283,100.15210730108899
S8D_lowri,50.0,seed1,0,1302,376,750.01,19,1,19,0.0009556863336854283,100.15210730108899
S8D_lowri,50.0,seed1,0,1302,381,760.01,19,1,19,0.0009556863336854283,100.15210730108899
S8D_lowri,50.0,seed1,0,1302,386,770.01,19,1,19,0.0009556863336854283,100.15210730108899
S8D_lowri,50.0,seed1,0,1302,391,780.01,19,1,19,0.0009556863336854283,100.15210730108899
S8D_lowri,50.0,seed1,0,1302,396,790.01,19,1,19,0.0009556863336854283,100.15210730108899
S8D_lowri,50.0,seed1,0,1302,401,800.01,19,1,19,0.0009556863336854283,100.15210730108899
S8D_lowri,50.0,seed1,0,1302,406,810.01,19,1,19,0.0009556863336854283,100.15210730108899
S8D_lowri,50.0,seed1,0,1302,411,820.01,19,1,19,0.0009556863336854283,100.15210730108899
S8D_lowri,50.0,seed1,0,1302,416,830.01,19,1,19,0.0009556863336854283,100.15210730108899
S8D_lowri,50.0,seed1,0,1302,421,840.01,19,1,19,0.0009556863336854283,100.15210730108899
S8D_lowri,50.0,seed1,0,1302,426,850.01,19,1,19,0.0009556863336854283,100.15210730108899
S8D_lowri,50.0,seed1,0,1302,431,860.01,19,1,19,0.0009556863336854283,100.15210730108899
S8D_lowri,50.0,seed1,0,1302,436,870.01,19,1,19,0.0009556863336854283,100.15210730108899
S8D_lowri,50.0,seed1,0,1302,441,880.01,19,1,19,0.0009556863336854283,100.15210730108899
S8D_lowri,50.0,seed1,0,1302,446,890.01,19,1,19,0.0009556863336854283,100.15210730108899
S8D_lowri,50.0,seed1,0,1302,451,900.01,19,1,19,0.0009556863336854283,100.15210730108899
S8D_lowri,50.0,seed1,0,1302,456,910.01,19,1,19,0.0009556863336854283,100.15210730108899
S8D_lowri,50.0,seed1,0,1302,461,920.01,19,1,19,0.0009556863336854283,100.15210730108899
S8D_lowri,50.0,seed1,0,1302,466,930.01,19,1,19,0.0009556863336854283,100.15210730108899
S8D_lowri,50.0,seed1,0,1302,471,940.01,19,1,19,0.0009556863336854283,100.15210730108899
S8D_lowri,50.0,seed1,0,1302,476,950.01,19,1,19,0.0009556863336854283,100.15210730108899
S8D_lowri,50.0,seed1,0,1302,481,960.01,19,1,19,0.0009556863336854283,100.15210730108899
S8D_lowri,50.0,seed1,0,1302,486,970.01,19,1,19,0.0009556863336854283,100.15210730108899
S8D_lowri,50.0,seed1,0,1302,491,980.01,19,1,19,0.0009556863336854283,100.15210730108899
S8D_lowri,50.0,seed1,0,1302,496,990.01,19,1,19,0.0009556863336854283,100.15210730108899
S8D_lowri,50.0,seed1,0,1302,501,1000.01,19,1,19,0.0009556863336854283,100.15210730108899
S8D_lowri,50.0,seed1_L5,0,1302,0,0.0,1,1,1,5.02992807202857e-05,5.0
S8D_lowri,50.0,seed1_L5,0,1302,1,0.01,1,1,1,5.02992807202857e-05,4.991714543245162
S8D_lowri,50.0,seed1_L5,0,1302,6,10.01,0,0,0,0.0,0.0002406449815275882
S8D_lowri,50.0,seed1_L5,0,1302,11,20.01,0,0,0,0.0,1.0388944035660818e-08
S8D_lowri,50.0,seed1_L5,0,1302,16,30.01,0,0,0,0.0,4.485036732989963e-13
S8D_lowri,50.0,seed1_L5,0,1302,21,40.01,0,0,0,0.0,1.936246304458e-17
S8D_lowri,50.0,seed1_L5,0,1302,26,50.01,0,0,0,0.0,8.359016825772895e-22
S8D_lowri,50.0,seed1_L5,0,1302,31,60.01,0,0,0,0.0,3.60869183495297e-26
S8D_lowri,50.0,seed1_L5,0,1302,36,70.01,0,0,0,0.0,1.5579172803557679e-30
S8D_lowri,50.0,seed1_L5,0,1302,41,80.01,0,0,0,0.0,6.725723235557865e-35
S8D_lowri,50.0,seed1_L5,0,1302,46,90.01,0,0,0,0.0,2.903578618178814e-39
S8D_lowri,50.0,seed1_L5,0,1302,51,100.01,0,0,0,0.0,1.2535111090169477e-43
S8D_lowri,50.0,seed1_L5,0,1302,56,110.01,0,0,0,0.0,5.4115638219379085e-48
S8D_lowri,50.0,seed1_L5,0,1302,61,120.01,0,0,0,0.0,2.3362396063544872e-52
S8D_lowri,50.0,seed1_L5,0,1302,66,130.01,0,0,0,0.0,1.0085837805650864e-56
S8D_lowri,50.0,seed1_L5,0,1302,71,140.01,0,0,0,0.0,4.354181992515232e-61
S8D_lowri,50.0,seed1_L5,0,1302,76,150.01,0,0,0,0.0,1.879754680699079e-65
S8D_lowri,50.0,seed1_L5,0,1302,81,160.01,0,0,0,0.0,8.115135439180297e-70
S8D_lowri,50.0,seed1_L5,0,1302,86,170.01,0,0,0,0.0,3.50340519815853e-74
S8D_lowri,50.0,seed1_L5,0,1302,91,180.01,0,0,0,0.0,1.5124637258948793e-78
S8D_lowri,50.0,seed1_L5,0,1302,96,190.01,0,0,0,0.0,6.529494571025375e-83
S8D_lowri,50.0,seed1_L5,0,1302,101,200.01,0,0,0,0.0,2.818864255922865e-87
S8D_lowri,50.0,seed1_L5,0,1302,106,210.01,0,0,0,0.0,1.2169388620950743e-91
S8D_lowri,50.0,seed1_L5,0,1302,111,220.01,0,0,0,0.0,5.2536768699151515e-96
S8D_lowri,50.0,seed1_L5,0,1302,116,230.01,0,0,0,0.0,2.2680778396675937e-100
S8D_lowri,50.0,seed1_L5,0,1302,121,240.01,0,0,0,0.0,9.791574956292096e-105
S8D_lowri,50.0,seed1_L5,0,1302,126,250.01,0,0,0,0.0,4.2271450497809006e-109
S8D_lowri,50.0,seed1_L5,0,1302,131,260.01,0,0,0,0.0,1.8249112478483039e-113
S8D_lowri,50.0,seed1_L5,0,1302,136,270.01,0,0,0,0.0,7.8783694983352195e-118
S8D_lowri,50.0,seed1_L5,0,1302,141,280.01,0,0,0,0.0,3.40119038805213e-122
S8D_lowri,50.0,seed1_L5,0,1302,146,290.01,0,0,0,0.0,1.4683363173335113e-126
S8D_lowri,50.0,seed1_L5,0,1302,151,300.01,0,0,0,0.0,6.338991043765982e-131
S8D_lowri,50.0,seed1_L5,0,1302,156,310.01,0,0,0,0.0,2.7366215068436832e-135
S8D_lowri,50.0,seed1_L5,0,1302,161,320.01,0,0,0,0.0,1.1814336414127721e-139
S8D_lowri,50.0,seed1_L5,0,1302,166,330.01,0,0,0,0.0,5.100396403270572e-144
S8D_lowri,50.0,seed1_L5,0,1302,171,340.01,0,0,0,0.0,2.2019047501802548e-148
S8D_lowri,50.0,seed1_L5,0,1302,176,350.01,0,0,0,0.0,9.50589747447356e-153
S8D_lowri,50.0,seed1_L5,0,1302,181,360.01,0,0,0,0.0,4.1038145173084964e-157
S8D_lowri,50.0,seed1_L5,0,1302,186,370.01,0,0,0,0.0,1.7716679185417609e-161
S8D_lowri,50.0,seed1_L5,0,1302,191,380.01,0,0,0,0.0,7.648511404089247e-166
S8D_lowri,50.0,seed1_L5,0,1302,196,390.01,0,0,0,0.0,3.30195778149178e-170
S8D_lowri,50.0,seed1_L5,0,1302,201,400.01,0,0,0,0.0,1.4254963632432971e-174
S8D_lowri,50.0,seed1_L5,0,1302,206,410.01,0,0,0,0.0,6.154045618056996e-179
S8D_lowri,50.0,seed1_L5,0,1302,211,420.01,0,0,0,0.0,2.6567782595361598e-183
S8D_lowri,50.0,seed1_L5,0,1302,216,430.01,0,0,0,0.0,1.1469643155769354e-187
S8D_lowri,50.0,seed1_L5,0,1302,221,440.01,0,0,0,0.0,4.951588023896829e-192
S8D_lowri,50.0,seed1_L5,0,1302,226,450.01,0,0,0,0.0,2.137662316553028e-196
S8D_lowri,50.0,seed1_L5,0,1302,231,460.01,0,0,0,0.0,9.228554874835158e-201
S8D_lowri,50.0,seed1_L5,0,1302,236,470.01,0,0,0,0.0,3.9840822574434473e-205
S8D_lowri,50.0,seed1_L5,0,1302,241,480.01,0,0,0,0.0,1.7199780084050474e-209
S8D_lowri,50.0,seed1_L5,0,1302,246,490.01,0,0,0,0.0,7.425359614174563e-214
S8D_lowri,50.0,seed1_L5,0,1302,251,500.01,0,0,0,0.0,3.205620370166399e-218
S8D_lowri,50.0,seed1_L5,0,1302,256,510.01,0,0,0,0.0,1.3839063010509973e-222
S8D_lowri,50.0,seed1_L5,0,1302,261,520.01,0,0,0,0.0,5.974496131584153e-227
S8D_lowri,50.0,seed1_L5,0,1302,266,530.01,0,0,0,0.0,2.5792645065064013e-231
S8D_lowri,50.0,seed1_L5,0,1302,271,540.01,0,0,0,0.0,1.1135006614791727e-235
S8D_lowri,50.0,seed1_L5,0,1302,276,550.01,0,0,0,0.0,4.807121254864903e-240
S8D_lowri,50.0,seed1_L5,0,1302,281,560.01,0,0,0,0.0,2.0752942102680642e-244
S8D_lowri,50.0,seed1_L5,0,1302,286,570.01,0,0,0,0.0,8.959303980138934e-249
S8D_lowri,50.0,seed1_L5,0,1302,291,580.01,0,0,0,0.0,3.8678432875387275e-253
S8D_lowri,50.0,seed1_L5,0,1302,296,590.01,0,0,0,0.0,1.669796195119884e-257
S8D_lowri,50.0,seed1_L5,0,1302,301,600.01,0,0,0,0.0,7.208718466489626e-262
S8D_lowri,50.0,seed1_L5,0,1302,306,610.01,0,0,0,0.0,3.112093684306037e-266
S8D_lowri,50.0,seed1_L5,0,1302,311,620.01,0,0,0,0.0,1.343529664103231e-270
S8D_lowri,50.0,seed1_L5,0,1302,316,630.01,0,0,0,0.0,5.800185153255916e-275
S8D_lowri,50.0,seed1_L5,0,1302,321,640.01,0,0,0,0.0,2.5040122827883777e-279
S8D_lowri,50.0,seed1_L5,0,1302,326,650.01,0,0,0,0.0,1.081013337795843e-283
S8D_lowri,50.0,seed1_L5,0,1302,331,660.01,0,0,0,0.0,4.66686942602059e-288
S8D_lowri,50.0,seed1_L5,0,1302,336,670.01,0,0,0,0.0,2.0147457462397165e-292
S8D_lowri,50.0,seed1_L5,0,1302,341,680.01,0,0,0,0.0,8.697908708048607e-297
S8D_lowri,50.0,seed1_L5,0,1302,346,690.01,0,0,0,0.0,3.7549956879048505e-301
S8D_lowri,50.0,seed1_L5,0,1302,351,700.01,0,0,0,0.0,1.6210784786849538e-305
S8D_lowri,50.0,seed1_L5,0,1302,356,710.01,0,0,0,0.0,6.99839800761243e-310
S8D_lowri,50.0,seed1_L5,0,1302,361,720.01,0,0,0,0.0,3.0212964545e-314
S8D_lowri,50.0,seed1_L5,0,1302,366,730.01,0,0,0,0.0,1.311477e-318
S8D_lowri,50.0,seed1_L5,0,1302,371,740.01,0,0,0,0.0,8.957e-321
S8D_lowri,50.0,seed1_L5,0,1302,376,750.01,0,0,0,0.0,8.957e-321
S8D_lowri,50.0,seed1_L5,0,1302,381,760.01,0,0,0,0.0,8.957e-321
S8D_lowri,50.0,seed1_L5,0,1302,386,770.01,0,0,0,0.0,8.957e-321
S8D_lowri,50.0,seed1_L5,0,1302,391,780.01,0,0,0,0.0,8.957e-321
S8D_lowri,50.0,seed1_L5,0,1302,396,790.01,0,0,0,0.0,8.957e-321
S8D_lowri,50.0,seed1_L5,0,1302,401,800.01,0,0,0,0.0,8.957e-321
S8D_lowri,50.0,seed1_L5,0,1302,406,810.01,0,0,0,0.0,8.957e-321
S8D_lowri,50.0,seed1_L5,0,1302,411,820.01,0,0,0,0.0,8.957e-321
S8D_lowri,50.0,seed1_L5,0,1302,416,830.01,0,0,0,0.0,8.957e-321
S8D_lowri,50.0,seed1_L5,0,1302,421,840.01,0,0,0,0.0,8.957e-321
S8D_lowri,50.0,seed1_L5,0,1302,426,850.01,0,0,0,0.0,8.957e-321
S8D_lowri,50.0,seed1_L5,0,1302,431,860.01,0,0,0,0.0,8.957e-321
S8D_lowri,50.0,seed1_L5,0,1302,436,870.01,0,0,0,0.0,8.957e-321
S8D_lowri,50.0,seed1_L5,0,1302,441,880.01,0,0,0,0.0,8.957e-321
S8D_lowri,50.0,seed1_L5,0,1302,446,890.01,0,0,0,0.0,8.957e-321
S8D_lowri,50.0,seed1_L5,0,1302,451,900.01,0,0,0,0.0,8.957e-321
S8D_lowri,50.0,seed1_L5,0,1302,456,910.01,0,0,0,0.0,8.957e-321
S8D_lowri,50.0,seed1_L5,0,1302,461,920.01,0,0,0,0.0,8.957e-321
S8D_lowri,50.0,seed1_L5,0,1302,466,930.01,0,0,0,0.0,8.957e-321
S8D_lowri,50.0,seed1_L5,0,1302,471,940.01,0,0,0,0.0,8.957e-321
S8D_lowri,50.0,seed1_L5,0,1302,476,950.01,0,0,0,0.0,8.957e-321
S8D_lowri,50.0,seed1_L5,0,1302,481,960.01,0,0,0,0.0,8.957e-321
S8D_lowri,50.0,seed1_L5,0,1302,486,970.01,0,0,0,0.0,8.957e-321
S8D_lowri,50.0,seed1_L5,0,1302,491,980.01,0,0,0,0.0,8.957e-321
S8D_lowri,50.0,seed1_L5,0,1302,496,990.01,0,0,0,0.0,8.957e-321
S8D_lowri,50.0,seed1_L5,0,1302,501,1000.01,0,0,0,0.0,8.957e-321
S8D_lowri,50.0,seed9,1,1007,0,0.0,9,9,1,0.0004526935264825713,90.0
S8D_lowri,50.0,seed9,1,1007,1,0.01,9,9,1,0.0004526935264825713,91.78377225544584
S8D_lowri,50.0,seed9,1,1007,6,10.01,158,9,19,0.007947286353805141,724.6130589524373
S8D_lowri,50.0,seed9,1,1007,11,20.01,160,9,19,0.008047884915245712,786.1205184791309
S8D_lowri,50.0,seed9,1,1007,16,30.01,158,9,19,0.007947286353805141,789.4905561858876
S8D_lowri,50.0,seed9,1,1007,21,40.01,159,9,19,0.007997585634525427,790.8073903357803
S8D_lowri,50.0,seed9,1,1007,26,50.01,163,9,19,0.00819878275740657,792.3790286622266
S8D_lowri,50.0,seed9,1,1007,31,60.01,164,9,19,0.008249082038126855,797.0933271887002
S8D_lowri,50.0,seed9,1,1007,36,70.01,163,9,19,0.00819878275740657,804.7986026001679
S8D_lowri,50.0,seed9,1,1007,41,80.01,165,9,19,0.008299381318847141,811.5382258648833
S8D_lowri,50.0,seed9,1,1007,46,90.01,168,9,19,0.008450279161007998,819.8343235037958
S8D_lowri,50.0,seed9,1,1007,51,100.01,166,9,19,0.008349680599567427,821.5898931865883
S8D_lowri,50.0,seed9,1,1007,56,110.01,168,9,19,0.008450279161007998,823.0174998030261
S8D_lowri,50.0,seed9,1,1007,61,120.01,166,9,19,0.008349680599567427,823.7775678004175
S8D_lowri,50.0,seed9,1,1007,66,130.01,168,9,19,0.008450279161007998,825.2058201235848
S8D_lowri,50.0,seed9,1,1007,71,140.01,168,9,19,0.008450279161007998,826.3671404475383
S8D_lowri,50.0,seed9,1,1007,76,150.01,166,9,19,0.008349680599567427,826.6983811468983
S8D_lowri,50.0,seed9,1,1007,81,160.01,168,9,19,0.008450279161007998,827.5470452975193
S8D_lowri,50.0,seed9,1,1007,86,170.01,168,9,19,0.008450279161007998,828.7181074026198
S8D_lowri,50.0,seed9,1,1007,91,180.01,168,9,19,0.008450279161007998,829.0075960330271
S8D_lowri,50.0,seed9,1,1007,96,190.01,168,9,19,0.008450279161007998,829.3478924423173
S8D_lowri,50.0,seed9,1,1007,101,200.01,168,9,19,0.008450279161007998,831.0632388007915
S8D_lowri,50.0,seed9,1,1007,106,210.01,170,9,19,0.00855087772244857,833.7962664926506
S8D_lowri,50.0,seed9,1,1007,111,220.01,171,9,19,0.008601177003168854,839.5827260286885
S8D_lowri,50.0,seed9,1,1007,116,230.01,171,9,19,0.008601177003168854,840.1256474967277
S8D_lowri,50.0,seed9,1,1007,121,240.01,171,9,19,0.008601177003168854,840.1273947008489
S8D_lowri,50.0,seed9,1,1007,126,250.01,171,9,19,0.008601177003168854,840.1271578988615
S8D_lowri,50.0,seed9,1,1007,131,260.01,171,9,19,0.008601177003168854,840.12715067903
S8D_lowri,50.0,seed9,1,1007,136,270.01,171,9,19,0.008601177003168854,840.1271512300893
S8D_lowri,50.0,seed9,1,1007,141,280.01,171,9,19,0.008601177003168854,840.1271514384274
S8D_lowri,50.0,seed9,1,1007,146,290.01,171,9,19,0.008601177003168854,840.1271514869023
S8D_lowri,50.0,seed9,1,1007,151,300.01,171,9,19,0.008601177003168854,840.1271514971052
S8D_lowri,50.0,seed9,1,1007,156,310.01,171,9,19,0.008601177003168854,840.1271514991665
S8D_lowri,50.0,seed9,1,1007,161,320.01,171,9,19,0.008601177003168854,840.127151499575
S8D_lowri,50.0,seed9,1,1007,166,330.01,171,9,19,0.008601177003168854,840.1271514996553
S8D_lowri,50.0,seed9,1,1007,171,340.01,171,9,19,0.008601177003168854,840.127151499671
S8D_lowri,50.0,seed9,1,1007,176,350.01,171,9,19,0.008601177003168854,840.1271514996738
S8D_lowri,50.0,seed9,1,1007,181,360.01,171,9,19,0.008601177003168854,840.1271514996744
S8D_lowri,50.0,seed9,1,1007,186,370.01,171,9,19,0.008601177003168854,840.1271514996745
S8D_lowri,50.0,seed9,1,1007,191,380.01,171,9,19,0.008601177003168854,840.1271514996745
S8D_lowri,50.0,seed9,1,1007,196,390.01,171,9,19,0.008601177003168854,840.1271514996745
S8D_lowri,50.0,seed9,1,1007,201,400.01,171,9,19,0.008601177003168854,840.1271514996745
S8D_lowri,50.0,seed9,1,1007,206,410.01,171,9,19,0.008601177003168854,840.1271514996745
S8D_lowri,50.0,seed9,1,1007,211,420.01,171,9,19,0.008601177003168854,840.1271514996745
S8D_lowri,50.0,seed9,1,1007,216,430.01,171,9,19,0.008601177003168854,840.1271514996745
S8D_lowri,50.0,seed9,1,1007,221,440.01,171,9,19,0.008601177003168854,840.1271514996745
S8D_lowri,50.0,seed9,1,1007,226,450.01,171,9,19,0.008601177003168854,840.1271514996745
S8D_lowri,50.0,seed9,1,1007,231,460.01,171,9,19,0.008601177003168854,840.1271514996745
S8D_lowri,50.0,seed9,1,1007,236,470.01,171,9,19,0.008601177003168854,840.1271514996745
S8D_lowri,50.0,seed9,1,1007,241,480.01,171,9,19,0.008601177003168854,840.1271514996745
S8D_lowri,50.0,seed9,1,1007,246,490.01,171,9,19,0.008601177003168854,840.1271514996745
S8D_lowri,50.0,seed9,1,1007,251,500.01,171,9,19,0.008601177003168854,840.1271514996745
S8D_lowri,50.0,seed9,1,1007,256,510.01,171,9,19,0.008601177003168854,840.1271514996745
S8D_lowri,50.0,seed9,1,1007,261,520.01,171,9,19,0.008601177003168854,840.1271514996745
S8D_lowri,50.0,seed9,1,1007,266,530.01,171,9,19,0.008601177003168854,840.1271514996745
S8D_lowri,50.0,seed9,1,1007,271,540.01,171,9,19,0.008601177003168854,840.1271514996745
S8D_lowri,50.0,seed9,1,1007,276,550.01,171,9,19,0.008601177003168854,840.1271514996745
S8D_lowri,50.0,seed9,1,1007,281,560.01,171,9,19,0.008601177003168854,840.1271514996745
S8D_lowri,50.0,seed9,1,1007,286,570.01,171,9,19,0.008601177003168854,840.1271514996745
S8D_lowri,50.0,seed9,1,1007,291,580.01,171,9,19,0.008601177003168854,840.1271514996745
S8D_lowri,50.0,seed9,1,1007,296,590.01,171,9,19,0.008601177003168854,840.1271514996745
S8D_lowri,50.0,seed9,1,1007,301,600.01,171,9,19,0.008601177003168854,840.1271514996745
S8D_lowri,50.0,seed9,2,2007,0,0.0,9,9,1,0.0004526935264825713,90.0
S8D_lowri,50.0,seed9,2,2007,1,0.01,9,9,1,0.0004526935264825713,91.78461453166156
S8D_lowri,50.0,seed9,2,2007,6,10.01,138,9,19,0.006941300739399426,626.8198084951847
S8D_lowri,50.0,seed9,2,2007,11,20.01,138,9,19,0.006941300739399426,674.548606250815
S8D_lowri,50.0,seed9,2,2007,16,30.01,140,9,19,0.007041899300839998,676.8333661725735
S8D_lowri,50.0,seed9,2,2007,21,40.01,141,9,19,0.0070921985815602835,683.6501454399267
S8D_lowri,50.0,seed9,2,2007,26,50.01,143,9,19,0.007192797143000855,695.3103484250628
S8D_lowri,50.0,seed9,2,2007,31,60.01,145,9,19,0.0072933957044414265,702.00897948268
S8D_lowri,50.0,seed9,2,2007,36,70.01,145,9,19,0.0072933957044414265,706.2191268773327
S8D_lowri,50.0,seed9,2,2007,41,80.01,145,9,19,0.0072933957044414265,706.2257722142676
S8D_lowri,50.0,seed9,2,2007,46,90.01,145,9,19,0.0072933957044414265,707.2037633587765
S8D_lowri,50.0,seed9,2,2007,51,100.01,143,9,19,0.007192797143000855,706.9393731695991
S8D_lowri,50.0,seed9,2,2007,56,110.01,145,9,19,0.0072933957044414265,707.1944883363002
S8D_lowri,50.0,seed9,2,2007,61,120.01,145,9,19,0.0072933957044414265,708.2132126115899
S8D_lowri,50.0,seed9,2,2007,66,130.01,145,9,19,0.0072933957044414265,708.8860406645219
S8D_lowri,50.0,seed9,2,2007,71,140.01,144,9,19,0.007243096423721141,708.49265882225
S8D_lowri,50.0,seed9,2,2007,76,150.01,145,9,19,0.0072933957044414265,709.0827827838317
S8D_lowri,50.0,seed9,2,2007,81,160.01,145,9,19,0.0072933957044414265,710.3443807766371
S8D_lowri,50.0,seed9,2,2007,86,170.01,145,9,19,0.0072933957044414265,710.1878175785779
S8D_lowri,50.0,seed9,2,2007,91,180.01,144,9,19,0.007243096423721141,709.7283741275437
S8D_lowri,50.0,seed9,2,2007,96,190.01,145,9,19,0.0072933957044414265,710.5790501789076
S8D_lowri,50.0,seed9,2,2007,101,200.01,145,9,19,0.0072933957044414265,711.347183058145
S8D_lowri,50.0,seed9,2,2007,106,210.01,145,9,19,0.0072933957044414265,711.7548796165629
S8D_lowri,50.0,seed9,2,2007,111,220.01,145,9,19,0.0072933957044414265,711.7988409960985
S8D_lowri,50.0,seed9,2,2007,116,230.01,146,9,19,0.007343694985161712,711.4960611981434
S8D_lowri,50.0,seed9,2,2007,121,240.01,145,9,19,0.0072933957044414265,711.5893283757325
S8D_lowri,50.0,seed9,2,2007,126,250.01,145,9,19,0.0072933957044414265,712.6363140506137
S8D_lowri,50.0,seed9,2,2007,131,260.01,145,9,19,0.0072933957044414265,712.8414537507542
S8D_lowri,50.0,seed9,2,2007,136,270.01,145,9,19,0.0072933957044414265,712.3382867730068
S8D_lowri,50.0,seed9,2,2007,141,280.01,147,9,19,0.007393994265881998,712.2311770190781
S8D_lowri,50.0,seed9,2,2007,146,290.01,147,9,19,0.007393994265881998,713.2435087711484
S8D_lowri,50.0,seed9,2,2007,151,300.01,147,9,19,0.007393994265881998,714.0333875007748
S8D_lowri,50.0,seed9,2,2007,156,310.01,145,9,19,0.0072933957044414265,714.2794148186945
S8D_lowri,50.0,seed9,2,2007,161,320.01,145,9,19,0.0072933957044414265,714.3026808047439
S8D_lowri,50.0,seed9,2,2007,166,330.01,145,9,19,0.0072933957044414265,714.3651698401061
S8D_lowri,50.0,seed9,2,2007,171,340.01,145,9,19,0.0072933957044414265,714.4432562180059
S8D_lowri,50.0,seed9,2,2007,176,350.01,147,9,19,0.007393994265881998,714.583906760186
S8D_lowri,50.0,seed9,2,2007,181,360.01,147,9,19,0.007393994265881998,714.8106866077691
S8D_lowri,50.0,seed9,2,2007,186,370.01,145,9,19,0.0072933957044414265,714.7461164450713
S8D_lowri,50.0,seed9,2,2007,191,380.01,145,9,19,0.0072933957044414265,714.8574224038499
S8D_lowri,50.0,seed9,2,2007,196,390.01,145,9,19,0.0072933957044414265,714.7619734583786
S8D_lowri,50.0,seed9,2,2007,201,400.01,147,9,19,0.007393994265881998,714.4148688095942
S8D_lowri,50.0,seed9,2,2007,206,410.01,147,9,19,0.007393994265881998,714.85906006911
S8D_lowri,50.0,seed9,2,2007,211,420.01,147,9,19,0.007393994265881998,716.110643252174
S8D_lowri,50.0,seed9,2,2007,216,430.01,145,9,19,0.0072933957044414265,716.5190675146665
S8D_lowri,50.0,seed9,2,2007,221,440.01,145,9,19,0.0072933957044414265,716.4879341670326
S8D_lowri,50.0,seed9,2,2007,226,450.01,146,9,19,0.007343694985161712,716.5843410715328
S8D_lowri,50.0,seed9,2,2007,231,460.01,147,9,19,0.007393994265881998,716.8953463349637
S8D_lowri,50.0,seed9,2,2007,236,470.01,147,9,19,0.007393994265881998,717.3644055411323
S8D_lowri,50.0,seed9,2,2007,241,480.01,146,9,19,0.007343694985161712,717.1820355194122
S8D_lowri,50.0,seed9,2,2007,246,490.01,145,9,19,0.0072933957044414265,716.9233470319339
S8D_lowri,50.0,seed9,2,2007,251,500.01,145,9,19,0.0072933957044414265,716.9346420557644
S8D_lowri,50.0,seed9,2,2007,256,510.01,147,9,19,0.007393994265881998,716.86241674595
S8D_lowri,50.0,seed9,2,2007,261,520.01,147,9,19,0.007393994265881998,717.1090188059925
S8D_lowri,50.0,seed9,2,2007,266,530.01,147,9,19,0.007393994265881998,718.2863568300751
S8D_lowri,50.0,seed9,2,2007,271,540.01,146,9,19,0.007343694985161712,718.7990772683603
S8D_lowri,50.0,seed9,2,2007,276,550.01,146,9,19,0.007343694985161712,718.8478044994347
S8D_lowri,50.0,seed9,2,2007,281,560.01,147,9,19,0.007393994265881998,719.1820099863946
S8D_lowri,50.0,seed9,2,2007,286,570.01,147,9,19,0.007393994265881998,719.8312895026182
S8D_lowri,50.0,seed9,2,2007,291,580.01,147,9,19,0.007393994265881998,719.9092454850249
S8D_lowri,50.0,seed9,2,2007,296,590.01,145,9,19,0.0072933957044414265,719.1528414187541
S8D_lowri,50.0,seed9,2,2007,301,600.01,145,9,19,0.0072933957044414265,719.1021768205073
S8D_lowri,50.0,seed9,3,3007,0,0.0,9,9,1,0.0004526935264825713,90.0
S8D_lowri,50.0,seed9,3,3007,1,0.01,9,9,1,0.0004526935264825713,91.68497372011149
S8D_lowri,50.0,seed9,3,3007,6,10.01,123,8,22,0.006186811528595141,573.2905839672571
S8D_lowri,50.0,seed9,3,3007,11,20.01,128,8,24,0.00643830793219657,640.6153846110969
S8D_lowri,50.0,seed9,3,3007,16,30.01,130,8,24,0.006538906493637141,649.2551196396455
S8D_lowri,50.0,seed9,3,3007,21,40.01,134,8,24,0.006740103616518283,652.4999367799828
S8D_lowri,50.0,seed9,3,3007,26,50.01,134,8,24,0.006740103616518283,656.9965905828604
S8D_lowri,50.0,seed9,3,3007,31,60.01,134,8,24,0.006740103616518283,660.0520713773203
S8D_lowri,50.0,seed9,3,3007,36,70.01,136,8,24,0.006840702177958855,667.3240695085026
S8D_lowri,50.0,seed9,3,3007,41,80.01,136,8,24,0.006840702177958855,668.2670769958373
S8D_lowri,50.0,seed9,3,3007,46,90.01,136,8,24,0.006840702177958855,669.6911617770445
S8D_lowri,50.0,seed9,3,3007,51,100.01,137,8,24,0.006891001458679141,670.8801603072641
S8D_lowri,50.0,seed9,3,3007,56,110.01,137,8,24,0.006891001458679141,672.0174089394534
S8D_lowri,50.0,seed9,3,3007,61,120.01,137,8,24,0.006891001458679141,672.4516799772558
S8D_lowri,50.0,seed9,3,3007,66,130.01,135,8,24,0.006790402897238569,672.206558738662
S8D_lowri,50.0,seed9,3,3007,71,140.01,137,8,24,0.006891001458679141,672.5521198441611
S8D_lowri,50.0,seed9,3,3007,76,150.01,141,8,24,0.0070921985815602835,672.9190242336399
S8D_lowri,50.0,seed9,3,3007,81,160.01,137,8,24,0.006891001458679141,673.4093347020266
S8D_lowri,50.0,seed9,3,3007,86,170.01,137,8,24,0.006891001458679141,675.2791881297276
S8D_lowri,50.0,seed9,3,3007,91,180.01,139,8,24,0.006991600020119712,677.1088436642701
S8D_lowri,50.0,seed9,3,3007,96,190.01,140,8,24,0.007041899300839998,681.535982127072
S8D_lowri,50.0,seed9,3,3007,101,200.01,140,8,24,0.007041899300839998,685.7744990044846
S8D_lowri,50.0,seed9,3,3007,106,210.01,140,8,24,0.007041899300839998,685.90298485055
S8D_lowri,50.0,seed9,3,3007,111,220.01,140,8,24,0.007041899300839998,686.7469968296095
S8D_lowri,50.0,seed9,3,3007,116,230.01,140,8,24,0.007041899300839998,687.325411830064
S8D_lowri,50.0,seed9,3,3007,121,240.01,140,8,24,0.007041899300839998,687.5680673740592
S8D_lowri,50.0,seed9,3,3007,126,250.01,140,8,24,0.007041899300839998,687.6793915540903
S8D_lowri,50.0,seed9,3,3007,131,260.01,140,8,24,0.007041899300839998,687.732856090338
S8D_lowri,50.0,seed9,3,3007,136,270.01,142,8,24,0.007142497862280569,687.813712769996
S8D_lowri,50.0,seed9,3,3007,141,280.01,142,8,24,0.007142497862280569,687.9588827393377
S8D_lowri,50.0,seed9,3,3007,146,290.01,140,8,24,0.007041899300839998,688.0553314353934
S8D_lowri,50.0,seed9,3,3007,151,300.01,140,8,24,0.007041899300839998,688.3853589344699
S8D_lowri,50.0,seed9,3,3007,156,310.01,140,8,24,0.007041899300839998,688.3827383315913
S8D_lowri,50.0,seed9,3,3007,161,320.01,140,8,24,0.007041899300839998,688.164387270799
S8D_lowri,50.0,seed9,3,3007,166,330.01,143,8,24,0.007192797143000855,687.9196566055132
S8D_lowri,50.0,seed9,3,3007,171,340.01,142,8,24,0.007142497862280569,688.4659632864748
S8D_lowri,50.0,seed9,3,3007,176,350.01,142,8,24,0.007142497862280569,689.5142850281911
S8D_lowri,50.0,seed9,3,3007,181,360.01,142,8,24,0.007142497862280569,689.9110941068185
S8D_lowri,50.0,seed9,3,3007,186,370.01,140,8,24,0.007041899300839998,689.8031617754946
S8D_lowri,50.0,seed9,3,3007,191,380.01,140,8,24,0.007041899300839998,689.7468195366243
S8D_lowri,50.0,seed9,3,3007,196,390.01,141,8,24,0.0070921985815602835,689.8548743516204
S8D_lowri,50.0,seed9,3,3007,201,400.01,142,8,24,0.007142497862280569,690.122056586247
S8D_lowri,50.0,seed9,3,3007,206,410.01,142,8,24,0.007142497862280569,690.5555875705336
S8D_lowri,50.0,seed9,3,3007,211,420.01,142,8,24,0.007142497862280569,690.6088180393501
S8D_lowri,50.0,seed9,3,3007,216,430.01,140,8,24,0.007041899300839998,690.247254754769
S8D_lowri,50.0,seed9,3,3007,221,440.01,140,8,24,0.007041899300839998,690.286957279215
S8D_lowri,50.0,seed9,3,3007,226,450.01,140,8,24,0.007041899300839998,690.2661991640651
S8D_lowri,50.0,seed9,3,3007,231,460.01,144,8,24,0.007243096423721141,690.1955036530148
S8D_lowri,50.0,seed9,3,3007,236,470.01,142,8,24,0.007142497862280569,690.2308850738776
S8D_lowri,50.0,seed9,3,3007,241,480.01,142,8,24,0.007142497862280569,691.233860648093
S8D_lowri,50.0,seed9,3,3007,246,490.01,142,8,24,0.007142497862280569,692.5333084443773
S8D_lowri,50.0,seed9,3,3007,251,500.01,142,8,24,0.007142497862280569,693.3354987030685
S8D_lowri,50.0,seed9,3,3007,256,510.01,142,8,24,0.007142497862280569,693.8595243843073
S8D_lowri,50.0,seed9,3,3007,261,520.01,142,8,24,0.007142497862280569,694.3135306181414
S8D_lowri,50.0,seed9,3,3007,266,530.01,142,8,24,0.007142497862280569,694.8871127047569
S8D_lowri,50.0,seed9,3,3007,271,540.01,143,8,24,0.007192797143000855,696.1975805305144
S8D_lowri,50.0,seed9,3,3007,276,550.01,145,8,24,0.0072933957044414265,702.2851162331137
S8D_lowri,50.0,seed9,3,3007,281,560.01,145,8,24,0.0072933957044414265,704.162271264027
S8D_lowri,50.0,seed9,3,3007,286,570.01,145,8,24,0.0072933957044414265,704.1658523253659
S8D_lowri,50.0,seed9,3,3007,291,580.01,145,8,24,0.0072933957044414265,704.1629968227342
S8D_lowri,50.0,seed9,3,3007,296,590.01,145,8,24,0.0072933957044414265,704.162640046411
S8D_lowri,50.0,seed9,3,3007,301,600.01,145,8,24,0.0072933957044414265,704.1625995464958
S8D_lowri,50.0,seed36,1,1007,0,0.0,36,35,2,0.0018107741059302852,360.0
S8D_lowri,50.0,seed36,1,1007,1,0.01,36,35,2,0.0018107741059302852,367.03654221974926
S8D_lowri,50.0,seed36,1,1007,6,10.01,424,32,19,0.021326895025401138,1937.1579246378765
S8D_lowri,50.0,seed36,1,1007,11,20.01,424,32,19,0.021326895025401138,2076.7595264442316
S8D_lowri,50.0,seed36,1,1007,16,30.01,429,32,19,0.021578391429002565,2087.15317684306
S8D_lowri,50.0,seed36,1,1007,21,40.01,424,31,19,0.021326895025401138,2079.8413908406724
S8D_lowri,50.0,seed36,1,1007,26,50.01,429,31,19,0.021578391429002565,2091.6757406177976
S8D_lowri,50.0,seed36,1,1007,31,60.01,428,31,19,0.02152809214828228,2098.340845141968
S8D_lowri,50.0,seed36,1,1007,36,70.01,438,31,19,0.022031084955485135,2105.9782268779923
S8D_lowri,50.0,seed36,1,1007,41,80.01,437,31,19,0.02198078567476485,2116.8273474093758
S8D_lowri,50.0,seed36,1,1007,46,90.01,434,31,19,0.021829887832603995,2127.992491775675
S8D_lowri,50.0,seed36,1,1007,51,100.01,439,31,19,0.022081384236205422,2134.2061703177133
S8D_lowri,50.0,seed36,1,1007,56,110.01,443,31,19,0.022282581359086565,2143.966504756727
S8D_lowri,50.0,seed36,1,1007,61,120.01,443,31,19,0.022282581359086565,2152.409065548432
S8D_lowri,50.0,seed36,1,1007,66,130.01,439,31,19,0.022081384236205422,2158.5509371149983
S8D_lowri,50.0,seed36,1,1007,71,140.01,446,31,19,0.02243347920124742,2168.2244438419384
S8D_lowri,50.0,seed36,1,1007,76,150.01,451,31,19,0.02268497560484885,2175.6831209960137
S8D_lowri,50.0,seed36,1,1007,81,160.01,450,31,19,0.022634676324128564,2184.0245762019276
S8D_lowri,50.0,seed36,1,1007,86,170.01,448,31,19,0.022534077762687992,2189.090677790042
S8D_lowri,50.0,seed36,1,1007,91,180.01,449,31,19,0.02258437704340828,2192.3293275938936
S8D_lowri,50.0,seed36,1,1007,96,190.01,450,31,19,0.022634676324128564,2196.3116083502473
S8D_lowri,50.0,seed36,1,1007,101,200.01,453,31,19,0.022785574166289423,2204.5151695195673
S8D_lowri,50.0,seed36,1,1007,106,210.01,452,31,19,0.022735274885569135,2208.3466003006615
S8D_lowri,50.0,seed36,1,1007,111,220.01,457,31,19,0.022986771289170566,2220.1728521949112
S8D_lowri,50.0,seed36,1,1007,116,230.01,459,31,19,0.023087369850611137,2225.9252937109122
S8D_lowri,50.0,seed36,1,1007,121,240.01,461,31,19,0.02318796841205171,2228.3047891352417
S8D_lowri,50.0,seed36,1,1007,126,250.01,455,31,19,0.022886172727729994,2229.5193565702953
S8D_lowri,50.0,seed36,1,1007,131,260.01,459,31,19,0.023087369850611137,2232.5418117633926
S8D_lowri,50.0,seed36,1,1007,136,270.01,461,31,19,0.02318796841205171,2234.239603004986
S8D_lowri,50.0,seed36,1,1007,141,280.01,459,31,19,0.023087369850611137,2236.297388314826
S8D_lowri,50.0,seed36,1,1007,146,290.01,459,31,19,0.023087369850611137,2239.8620747356963
S8D_lowri,50.0,seed36,1,1007,151,300.01,455,31,19,0.022886172727729994,2241.5349639363626
S8D_lowri,50.0,seed36,1,1007,156,310.01,461,31,19,0.02318796841205171,2242.547587554569
S8D_lowri,50.0,seed36,1,1007,161,320.01,462,31,19,0.023238267692771993,2243.6743203495143
S8D_lowri,50.0,seed36,1,1007,166,330.01,457,31,19,0.022986771289170566,2246.0027075795815
S8D_lowri,50.0,seed36,1,1007,171,340.01,456,31,19,0.022936472008450278,2247.9731109030736
S8D_lowri,50.0,seed36,1,1007,176,350.01,462,31,19,0.023238267692771993,2248.414920023131
S8D_lowri,50.0,seed36,1,1007,181,360.01,463,31,19,0.02328856697349228,2249.3809252583837
S8D_lowri,50.0,seed36,1,1007,186,370.01,464,31,19,0.023338866254212564,2251.7902260021947
S8D_lowri,50.0,seed36,1,1007,191,380.01,461,31,19,0.02318796841205171,2253.8491827155754
S8D_lowri,50.0,seed36,1,1007,196,390.01,462,31,19,0.023238267692771993,2256.5374478827625
S8D_lowri,50.0,seed36,1,1007,201,400.01,465,31,19,0.02338916553493285,2259.127243094438
S8D_lowri,50.0,seed36,1,1007,206,410.01,468,31,19,0.023540063377093707,2265.333515568236
S8D_lowri,50.0,seed36,1,1007,211,420.01,470,31,19,0.02364066193853428,2266.5888078319763
S8D_lowri,50.0,seed36,1,1007,216,430.01,470,31,19,0.02364066193853428,2267.3665576059693
S8D_lowri,50.0,seed36,1,1007,221,440.01,468,31,19,0.023540063377093707,2268.1196197193794
S8D_lowri,50.0,seed36,1,1007,226,450.01,462,31,19,0.023238267692771993,2268.3228201048278
S8D_lowri,50.0,seed36,1,1007,231,460.01,467,31,19,0.023489764096373423,2269.1397601742083
S8D_lowri,50.0,seed36,1,1007,236,470.01,467,31,19,0.023489764096373423,2270.370045286514
S8D_lowri,50.0,seed36,1,1007,241,480.01,466,31,19,0.023439464815653135,2271.5355366441318
S8D_lowri,50.0,seed36,1,1007,246,490.01,462,31,19,0.023238267692771993,2271.9880769386455
S8D_lowri,50.0,seed36,1,1007,251,500.01,468,31,19,0.023540063377093707,2272.5948232714363
S8D_lowri,50.0,seed36,1,1007,256,510.01,470,31,19,0.02364066193853428,2273.2745676137824
S8D_lowri,50.0,seed36,1,1007,261,520.01,472,31,19,0.02374126049997485,2274.0067832786317
S8D_lowri,50.0,seed36,1,1007,266,530.01,472,31,19,0.02374126049997485,2274.330273511557
S8D_lowri,50.0,seed36,1,1007,271,540.01,467,31,19,0.023489764096373423,2275.226582798828
S8D_lowri,50.0,seed36,1,1007,276,550.01,470,31,19,0.02364066193853428,2277.0716945507957
S8D_lowri,50.0,seed36,1,1007,281,560.01,470,31,19,0.02364066193853428,2278.400599422708
S8D_lowri,50.0,seed36,1,1007,286,570.01,469,31,19,0.023590362657813994,2278.6213927372196
S8D_lowri,50.0,seed36,1,1007,291,580.01,468,31,19,0.023540063377093707,2278.0836295380204
S8D_lowri,50.0,seed36,1,1007,296,590.01,463,31,19,0.02328856697349228,2277.589523685846
S8D_lowri,50.0,seed36,1,1007,301,600.01,469,31,19,0.023590362657813994,2278.4618336873527
S8D_lowri,50.0,seed36,2,2007,0,0.0,36,36,1,0.0018107741059302852,360.0
S8D_lowri,50.0,seed36,2,2007,1,0.01,36,36,1,0.0018107741059302852,367.13593129799915
S8D_lowri,50.0,seed36,2,2007,6,10.01,393,32,19,0.01976761732307228,1781.6647368378713
S8D_lowri,50.0,seed36,2,2007,11,20.01,396,31,19,0.019918515165233137,1932.5089974578134
S8D_lowri,50.0,seed36,2,2007,16,30.01,398,31,19,0.02001911372667371,1939.4490908718485
S8D_lowri,50.0,seed36,2,2007,21,40.01,394,30,19,0.019817916603792566,1925.6889740512322
S8D_lowri,50.0,seed36,2,2007,26,50.01,397,29,19,0.01996881444595342,1943.4163850751524
S8D_lowri,50.0,seed36,2,2007,31,60.01,392,28,19,0.019717318042351994,1936.3883221845917
S8D_lowri,50.0,seed36,2,2007,36,70.01,391,28,19,0.019667018761631707,1946.249739603496
S8D_lowri,50.0,seed36,2,2007,41,80.01,398,28,19,0.02001911372667371,1953.1937980396488
S8D_lowri,50.0,seed36,2,2007,46,90.01,397,28,19,0.01996881444595342,1960.1819548168055
S8D_lowri,50.0,seed36,2,2007,51,100.01,399,28,19,0.020069413007393993,1962.3071850742804
S8D_lowri,50.0,seed36,2,2007,56,110.01,398,28,19,0.02001911372667371,1967.0846402241332
S8D_lowri,50.0,seed36,2,2007,61,120.01,400,28,19,0.02011971228811428,1971.9813190720752
S8D_lowri,50.0,seed36,2,2007,66,130.01,400,28,19,0.02011971228811428,1972.7253379175854
S8D_lowri,50.0,seed36,2,2007,71,140.01,402,28,19,0.020220310849554852,1972.5031921511788
S8D_lowri,50.0,seed36,2,2007,76,150.01,400,28,19,0.02011971228811428,1972.0347485753914
S8D_lowri,50.0,seed36,2,2007,81,160.01,398,28,19,0.02001911372667371,1972.2059495111985
S8D_lowri,50.0,seed36,2,2007,86,170.01,402,28,19,0.020220310849554852,1972.9456724983077
S8D_lowri,50.0,seed36,2,2007,91,180.01,400,28,19,0.02011971228811428,1973.7244439170925
S8D_lowri,50.0,seed36,2,2007,96,190.01,400,28,19,0.02011971228811428,1974.6217163124195
S8D_lowri,50.0,seed36,2,2007,101,200.01,403,28,19,0.020270610130275136,1975.472122771644
S8D_lowri,50.0,seed36,2,2007,106,210.01,399,28,19,0.020069413007393993,1975.9453740270828
S8D_lowri,50.0,seed36,2,2007,111,220.01,400,28,19,0.02011971228811428,1977.4042915663376
S8D_lowri,50.0,seed36,2,2007,116,230.01,400,28,19,0.02011971228811428,1978.4536439859899
S8D_lowri,50.0,seed36,2,2007,121,240.01,398,28,19,0.02001911372667371,1978.7237572093545
S8D_lowri,50.0,seed36,2,2007,126,250.01,398,28,19,0.02001911372667371,1978.7784207824175
S8D_lowri,50.0,seed36,2,2007,131,260.01,402,28,19,0.020220310849554852,1978.4268095175098
S8D_lowri,50.0,seed36,2,2007,136,270.01,404,28,19,0.020320909410995423,1978.915929471239
S8D_lowri,50.0,seed36,2,2007,141,280.01,404,28,19,0.020320909410995423,1980.3579113063533
S8D_lowri,50.0,seed36,2,2007,146,290.01,400,28,19,0.02011971228811428,1981.0840679387263
S8D_lowri,50.0,seed36,2,2007,151,300.01,398,28,19,0.02001911372667371,1981.4348275009606
S8D_lowri,50.0,seed36,2,2007,156,310.01,398,28,19,0.02001911372667371,1981.3820401503997
S8D_lowri,50.0,seed36,2,2007,161,320.01,398,28,19,0.02001911372667371,1981.7664132161053
S8D_lowri,50.0,seed36,2,2007,166,330.01,400,28,19,0.02011971228811428,1982.7697243971206
S8D_lowri,50.0,seed36,2,2007,171,340.01,404,28,19,0.020320909410995423,1983.6215012676942
S8D_lowri,50.0,seed36,2,2007,176,350.01,404,28,19,0.020320909410995423,1985.0021454310524
S8D_lowri,50.0,seed36,2,2007,181,360.01,404,28,19,0.020320909410995423,1986.1899631808137
S8D_lowri,50.0,seed36,2,2007,186,370.01,406,28,19,0.020421507972435995,1986.682439094554
S8D_lowri,50.0,seed36,2,2007,191,380.01,402,28,19,0.020220310849554852,1986.9590125671807
S8D_lowri,50.0,seed36,2,2007,196,390.01,400,28,19,0.02011971228811428,1987.171673478455
S8D_lowri,50.0,seed36,2,2007,201,400.01,398,28,19,0.02001911372667371,1986.8903960042092
S8D_lowri,50.0,seed36,2,2007,206,410.01,398,28,19,0.02001911372667371,1986.6810440398865
S8D_lowri,50.0,seed36,2,2007,211,420.01,400,28,19,0.02011971228811428,1986.5647390794004
S8D_lowri,50.0,seed36,2,2007,216,430.01,400,28,19,0.02011971228811428,1986.5540446772497
S8D_lowri,50.0,seed36,2,2007,221,440.01,400,28,19,0.02011971228811428,1987.5256285750133
S8D_lowri,50.0,seed36,2,2007,226,450.01,402,28,19,0.020220310849554852,1988.66918405299
S8D_lowri,50.0,seed36,2,2007,231,460.01,404,28,19,0.020320909410995423,1989.1276201984015
S8D_lowri,50.0,seed36,2,2007,236,470.01,402,28,19,0.020220310849554852,1988.8057653150577
S8D_lowri,50.0,seed36,2,2007,241,480.01,403,28,19,0.020270610130275136,1988.6868698884718
S8D_lowri,50.0,seed36,2,2007,246,490.01,406,28,19,0.020421507972435995,1988.8639920209725
S8D_lowri,50.0,seed36,2,2007,251,500.01,404,28,19,0.020320909410995423,1989.199790173398
S8D_lowri,50.0,seed36,2,2007,256,510.01,404,28,19,0.020320909410995423,1989.9127782225746
S8D_lowri,50.0,seed36,2,2007,261,520.01,406,28,19,0.020421507972435995,1990.1123780875619
S8D_lowri,50.0,seed36,2,2007,266,530.01,403,28,19,0.020270610130275136,1990.226387423589
S8D_lowri,50.0,seed36,2,2007,271,540.01,400,28,19,0.02011971228811428,1990.5990364970116
S8D_lowri,50.0,seed36,2,2007,276,550.01,402,28,19,0.020220310849554852,1991.454087196696
S8D_lowri,50.0,seed36,2,2007,281,560.01,404,28,19,0.020320909410995423,1992.5190088919746
S8D_lowri,50.0,seed36,2,2007,286,570.01,402,28,19,0.020220310849554852,1993.7104267298214
S8D_lowri,50.0,seed36,2,2007,291,580.01,402,28,19,0.020220310849554852,1994.8678474033936
S8D_lowri,50.0,seed36,2,2007,296,590.01,403,28,19,0.020270610130275136,1995.623514674287
S8D_lowri,50.0,seed36,2,2007,301,600.01,404,28,19,0.020320909410995423,1996.2389247835158
S8D_lowri,50.0,seed36,3,3007,0,0.0,36,35,2,0.0018107741059302852,360.0
S8D_lowri,50.0,seed36,3,3007,1,0.01,36,35,2,0.0018107741059302852,366.88839290199223
S8D_lowri,50.0,seed36,3,3007,6,10.01,393,32,19,0.01976761732307228,1802.8801388412367
S8D_lowri,50.0,seed36,3,3007,11,20.01,396,32,19,0.019918515165233137,1946.168390926246
S8D_lowri,50.0,seed36,3,3007,16,30.01,393,31,19,0.01976761732307228,1943.261482859506
S8D_lowri,50.0,seed36,3,3007,21,40.01,392,31,19,0.019717318042351994,1955.4386511033615
S8D_lowri,50.0,seed36,3,3007,26,50.01,400,31,19,0.02011971228811428,1971.0962382550356
S8D_lowri,50.0,seed36,3,3007,31,60.01,401,31,19,0.020170011568834564,1979.060190544433
S8D_lowri,50.0,seed36,3,3007,36,70.01,401,31,19,0.020170011568834564,1985.944936282146
S8D_lowri,50.0,seed36,3,3007,41,80.01,399,31,19,0.020069413007393993,1990.2329235849384
S8D_lowri,50.0,seed36,3,3007,46,90.01,404,31,19,0.020320909410995423,1992.4442182244397
S8D_lowri,50.0,seed36,3,3007,51,100.01,406,31,19,0.020421507972435995,1993.898126060495
S8D_lowri,50.0,seed36,3,3007,56,110.01,403,31,19,0.020270610130275136,1996.8193835201325
S8D_lowri,50.0,seed36,3,3007,61,120.01,401,31,19,0.020170011568834564,1998.2603061640746
S8D_lowri,50.0,seed36,3,3007,66,130.01,402,31,19,0.020220310849554852,2000.0058296647103
S8D_lowri,50.0,seed36,3,3007,71,140.01,407,31,19,0.02047180725315628,2002.3491188463267
S8D_lowri,50.0,seed36,3,3007,76,150.01,403,31,19,0.020270610130275136,2003.418859288126
S8D_lowri,50.0,seed36,3,3007,81,160.01,404,31,19,0.020320909410995423,2004.1776539062298
S8D_lowri,50.0,seed36,3,3007,86,170.01,400,31,19,0.02011971228811428,2006.0339671489678
S8D_lowri,50.0,seed36,3,3007,91,180.01,403,31,19,0.020270610130275136,2008.7599053585052
S8D_lowri,50.0,seed36,3,3007,96,190.01,409,31,19,0.02057240581459685,2009.8625915336152
S8D_lowri,50.0,seed36,3,3007,101,200.01,409,31,19,0.02057240581459685,2011.381245335549
S8D_lowri,50.0,seed36,3,3007,106,210.01,410,31,19,0.020622705095317138,2014.861186855162
S8D_lowri,50.0,seed36,3,3007,111,220.01,407,31,19,0.02047180725315628,2017.2850671509404
S8D_lowri,50.0,seed36,3,3007,116,230.01,405,31,19,0.020371208691715707,2018.5700507289084
S8D_lowri,50.0,seed36,3,3007,121,240.01,407,31,19,0.02047180725315628,2020.491167877995
S8D_lowri,50.0,seed36,3,3007,126,250.01,413,31,19,0.020773602937477993,2026.8290659268112
S8D_lowri,50.0,seed36,3,3007,131,260.01,410,31,19,0.020622705095317138,2031.12456663602
S8D_lowri,50.0,seed36,3,3007,136,270.01,412,31,19,0.02072330365675771,2032.9582535933241
S8D_lowri,50.0,seed36,3,3007,141,280.01,414,31,19,0.02082390221819828,2034.363021399633
S8D_lowri,50.0,seed36,3,3007,146,290.01,411,31,19,0.02067300437603742,2035.6616071489675
S8D_lowri,50.0,seed36,3,3007,151,300.01,410,31,19,0.020622705095317138,2037.8298546796655
S8D_lowri,50.0,seed36,3,3007,156,310.01,410,31,19,0.020622705095317138,2040.490910978352
S8D_lowri,50.0,seed36,3,3007,161,320.01,411,31,19,0.02067300437603742,2049.400880395568
S8D_lowri,50.0,seed36,3,3007,166,330.01,415,31,19,0.020874201498918565,2058.077686876645
S8D_lowri,50.0,seed36,3,3007,171,340.01,416,31,19,0.020924500779638852,2059.4249217915108
S8D_lowri,50.0,seed36,3,3007,176,350.01,414,31,19,0.02082390221819828,2059.010496587948
S8D_lowri,50.0,seed36,3,3007,181,360.01,418,31,19,0.021025099341079424,2059.790368332415
S8D_lowri,50.0,seed36,3,3007,186,370.01,418,31,19,0.021025099341079424,2061.3115483629563
S8D_lowri,50.0,seed36,3,3007,191,380.01,418,31,19,0.021025099341079424,2062.5071180082973
S8D_lowri,50.0,seed36,3,3007,196,390.01,416,31,19,0.020924500779638852,2062.961092695832
S8D_lowri,50.0,seed36,3,3007,201,400.01,416,31,19,0.020924500779638852,2063.266931058152
S8D_lowri,50.0,seed36,3,3007,206,410.01,418,31,19,0.021025099341079424,2063.220407024386
S8D_lowri,50.0,seed36,3,3007,211,420.01,418,31,19,0.021025099341079424,2063.5929537050833
S8D_lowri,50.0,seed36,3,3007,216,430.01,416,31,19,0.020924500779638852,2064.910715992214
S8D_lowri,50.0,seed36,3,3007,221,440.01,416,31,19,0.020924500779638852,2067.074019314404
S8D_lowri,50.0,seed36,3,3007,226,450.01,418,31,19,0.021025099341079424,2070.1850507309
S8D_lowri,50.0,seed36,3,3007,231,460.01,419,31,19,0.021075398621799708,2075.906498605592
S8D_lowri,50.0,seed36,3,3007,236,470.01,421,31,19,0.02117599718324028,2075.9550269242
S8D_lowri,50.0,seed36,3,3007,241,480.01,421,31,19,0.02117599718324028,2075.2603097012434
S8D_lowri,50.0,seed36,3,3007,246,490.01,419,31,19,0.021075398621799708,2074.4493730122417
S8D_lowri,50.0,seed36,3,3007,251,500.01,419,31,19,0.021075398621799708,2074.1666668998346
S8D_lowri,50.0,seed36,3,3007,256,510.01,419,31,19,0.021075398621799708,2074.1674749572367
S8D_lowri,50.0,seed36,3,3007,261,520.01,419,31,19,0.021075398621799708,2074.2733021005724
S8D_lowri,50.0,seed36,3,3007,266,530.01,417,31,19,0.020974800060359136,2074.458179442381
S8D_lowri,50.0,seed36,3,3007,271,540.01,418,31,19,0.021025099341079424,2074.538109508506
S8D_lowri,50.0,seed36,3,3007,276,550.01,419,31,19,0.021075398621799708,2074.757272813295
S8D_lowri,50.0,seed36,3,3007,281,560.01,419,31,19,0.021075398621799708,2074.840941667919
S8D_lowri,50.0,seed36,3,3007,286,570.01,419,31,19,0.021075398621799708,2074.4367040295183
S8D_lowri,50.0,seed36,3,3007,291,580.01,417,31,19,0.020974800060359136,2073.831179820525
S8D_lowri,50.0,seed36,3,3007,296,590.01,417,31,19,0.020974800060359136,2073.7312155806017
S8D_lowri,50.0,seed36,3,3007,301,600.01,421,31,19,0.02117599718324028,2073.9289698733655
S8D_lowri,50.0,seed144,1,1007,0,0.0,144,141,2,0.007243096423721141,1440.0
S8D_lowri,50.0,seed144,1,1007,1,0.01,144,141,2,0.007243096423721141,1467.3066766001127
S8D_lowri,50.0,seed144,1,1007,6,10.01,526,69,15,0.02645742165887028,2711.9190841968784
S8D_lowri,50.0,seed144,1,1007,11,20.01,547,63,14,0.02751370655399628,2788.1616260741635
S8D_lowri,50.0,seed144,1,1007,16,30.01,548,61,16,0.027564005834716562,2829.539673395988
S8D_lowri,50.0,seed144,1,1007,21,40.01,559,61,18,0.028117297922639707,2869.259502472774
S8D_lowri,50.0,seed144,1,1007,26,50.01,553,60,16,0.027815502238317993,2861.021311674717
S8D_lowri,50.0,seed144,1,1007,31,60.01,559,60,16,0.028117297922639707,2885.7507408787924
S8D_lowri,50.0,seed144,1,1007,36,70.01,559,60,16,0.028117297922639707,2895.822032223725
S8D_lowri,50.0,seed144,1,1007,41,80.01,559,60,16,0.028117297922639707,2905.1497169408167
S8D_lowri,50.0,seed144,1,1007,46,90.01,561,60,16,0.02821789648408028,2908.547205735134
S8D_lowri,50.0,seed144,1,1007,51,100.01,565,60,16,0.02841909360696142,2910.0216746153883
S8D_lowri,50.0,seed144,1,1007,56,110.01,562,60,17,0.028268195764800563,2910.5832695560543
S8D_lowri,50.0,seed144,1,1007,61,120.01,561,60,16,0.02821789648408028,2912.6593283128705
S8D_lowri,50.0,seed144,1,1007,66,130.01,561,60,16,0.02821789648408028,2914.304840889111
S8D_lowri,50.0,seed144,1,1007,71,140.01,556,60,15,0.027966400080478848,2914.760328189681
S8D_lowri,50.0,seed144,1,1007,76,150.01,559,60,16,0.028117297922639707,2916.9591875592223
S8D_lowri,50.0,seed144,1,1007,81,160.01,562,60,16,0.028268195764800563,2918.0379994568257
S8D_lowri,50.0,seed144,1,1007,86,170.01,563,60,16,0.02831849504552085,2918.3127217701667
S8D_lowri,50.0,seed144,1,1007,91,180.01,568,60,16,0.028569991449122277,2919.3035654838977
S8D_lowri,50.0,seed144,1,1007,96,190.01,565,60,16,0.02841909360696142,2919.606117823748
S8D_lowri,50.0,seed144,1,1007,101,200.01,562,60,16,0.028268195764800563,2919.5246084700384
S8D_lowri,50.0,seed144,1,1007,106,210.01,559,60,16,0.028117297922639707,2926.7872337622557
S8D_lowri,50.0,seed144,1,1007,111,220.01,557,60,16,0.028016699361199136,2928.719658343563
S8D_lowri,50.0,seed144,1,1007,116,230.01,560,60,16,0.02816759720335999,2929.950466853168
S8D_lowri,50.0,seed144,1,1007,121,240.01,564,60,16,0.028368794326241134,2932.5777689378115
S8D_lowri,50.0,seed144,1,1007,126,250.01,568,60,17,0.028569991449122277,2934.564816160515
S8D_lowri,50.0,seed144,1,1007,131,260.01,565,60,18,0.02841909360696142,2935.025387621622
S8D_lowri,50.0,seed144,1,1007,136,270.01,565,60,18,0.02841909360696142,2936.0238012341906
S8D_lowri,50.0,seed144,1,1007,141,280.01,565,60,18,0.02841909360696142,2936.6866265766985
S8D_lowri,50.0,seed144,1,1007,146,290.01,567,60,18,0.028519692168401993,2938.068638487708
S8D_lowri,50.0,seed144,1,1007,151,300.01,567,60,16,0.028519692168401993,2940.4271663475674
S8D_lowri,50.0,seed144,1,1007,156,310.01,564,60,16,0.028368794326241134,2942.1112954582886
S8D_lowri,50.0,seed144,1,1007,161,320.01,559,60,16,0.028117297922639707,2943.0403819125668
S8D_lowri,50.0,seed144,1,1007,166,330.01,567,60,16,0.028519692168401993,2944.0427343238666
S8D_lowri,50.0,seed144,1,1007,171,340.01,566,60,16,0.028469392887681706,2944.3144655148053
S8D_lowri,50.0,seed144,1,1007,176,350.01,567,60,16,0.028519692168401993,2944.7573643653604
S8D_lowri,50.0,seed144,1,1007,181,360.01,567,60,16,0.028519692168401993,2945.565168983452
S8D_lowri,50.0,seed144,1,1007,186,370.01,564,60,16,0.028368794326241134,2947.625855487325
S8D_lowri,50.0,seed144,1,1007,191,380.01,566,60,16,0.028469392887681706,2949.380472312016
S8D_lowri,50.0,seed144,1,1007,196,390.01,565,60,16,0.02841909360696142,2950.321308686586
S8D_lowri,50.0,seed144,1,1007,201,400.01,567,60,16,0.028519692168401993,2951.2970220350035
S8D_lowri,50.0,seed144,1,1007,206,410.01,567,60,16,0.028519692168401993,2951.564224523326
S8D_lowri,50.0,seed144,1,1007,211,420.01,563,60,16,0.02831849504552085,2951.2958319819095
S8D_lowri,50.0,seed144,1,1007,216,430.01,566,60,16,0.028469392887681706,2952.1955366186444
S8D_lowri,50.0,seed144,1,1007,221,440.01,565,60,16,0.02841909360696142,2953.6572091817998
S8D_lowri,50.0,seed144,1,1007,226,450.01,565,60,16,0.02841909360696142,2955.4463475324915
S8D_lowri,50.0,seed144,1,1007,231,460.01,570,60,18,0.02867059001056285,2964.171395029276
S8D_lowri,50.0,seed144,1,1007,236,470.01,569,60,18,0.028620290729842564,2968.964625940459
S8D_lowri,50.0,seed144,1,1007,241,480.01,568,60,18,0.028569991449122277,2970.2538964441264
S8D_lowri,50.0,seed144,1,1007,246,490.01,566,60,18,0.028469392887681706,2970.9029582912126
S8D_lowri,50.0,seed144,1,1007,251,500.01,572,60,18,0.02877118857200342,2971.7857560836865
S8D_lowri,50.0,seed144,1,1007,256,510.01,570,60,16,0.02867059001056285,2972.332169117768
S8D_lowri,50.0,seed144,1,1007,261,520.01,570,60,16,0.02867059001056285,2972.9912220975434
S8D_lowri,50.0,seed144,1,1007,266,530.01,564,60,16,0.028368794326241134,2973.382682690357
S8D_lowri,50.0,seed144,1,1007,271,540.01,568,60,16,0.028569991449122277,2974.195683202324
S8D_lowri,50.0,seed144,1,1007,276,550.01,567,60,16,0.028519692168401993,2975.102044224561
S8D_lowri,50.0,seed144,1,1007,281,560.01,568,60,16,0.028569991449122277,2975.93504578347
S8D_lowri,50.0,seed144,1,1007,286,570.01,568,60,16,0.028569991449122277,2976.7126100710993
S8D_lowri,50.0,seed144,1,1007,291,580.01,570,60,16,0.02867059001056285,2977.4411165160564
S8D_lowri,50.0,seed144,1,1007,296,590.01,570,60,16,0.02867059001056285,2978.1820258963326
S8D_lowri,50.0,seed144,1,1007,301,600.01,570,60,17,0.02867059001056285,2980.133980967638
S8D_lowri,50.0,seed144,2,2007,0,0.0,144,135,4,0.007243096423721141,1440.0
S8D_lowri,50.0,seed144,2,2007,1,0.01,144,135,4,0.007243096423721141,1466.268580600632
S8D_lowri,50.0,seed144,2,2007,6,10.01,551,70,16,0.02771490367687742,2778.1123925582974
S8D_lowri,50.0,seed144,2,2007,11,20.01,572,63,18,0.02877118857200342,2843.770072758234
S8D_lowri,50.0,seed144,2,2007,16,30.01,567,61,16,0.028519692168401993,2897.9907850718378
S8D_lowri,50.0,seed144,2,2007,21,40.01,566,61,16,0.028469392887681706,2937.6331675404626
S8D_lowri,50.0,seed144,2,2007,26,50.01,572,61,16,0.02877118857200342,2960.424204842907
S8D_lowri,50.0,seed144,2,2007,31,60.01,576,61,16,0.028972385694884563,2968.5931698958916
S8D_lowri,50.0,seed144,2,2007,36,70.01,580,61,16,0.029173582817765706,2970.2612740015666
S8D_lowri,50.0,seed144,2,2007,41,80.01,582,61,17,0.029274181379206277,2972.100996511118
S8D_lowri,50.0,seed144,2,2007,46,90.01,585,61,18,0.029425079221367133,2974.9485106750994
S8D_lowri,50.0,seed144,2,2007,51,100.01,583,61,18,0.029324480659926565,2977.304627016164
S8D_lowri,50.0,seed144,2,2007,56,110.01,580,61,18,0.029173582817765706,2978.998579913302
S8D_lowri,50.0,seed144,2,2007,61,120.01,574,61,16,0.02887178713344399,2980.152611944007
S8D_lowri,50.0,seed144,2,2007,66,130.01,571,61,16,0.028720889291283136,2980.501956510859
S8D_lowri,50.0,seed144,2,2007,71,140.01,570,61,16,0.02867059001056285,2980.378287669237
S8D_lowri,50.0,seed144,2,2007,76,150.01,571,61,16,0.028720889291283136,2980.4648088053063
S8D_lowri,50.0,seed144,2,2007,81,160.01,573,61,18,0.028821487852723707,2981.640060708025
S8D_lowri,50.0,seed144,2,2007,86,170.01,575,61,18,0.02892208641416428,2983.8262448748073
S8D_lowri,50.0,seed144,2,2007,91,180.01,575,61,18,0.02892208641416428,2984.9061009067314
S8D_lowri,50.0,seed144,2,2007,96,190.01,573,61,18,0.028821487852723707,2984.7836026738078
S8D_lowri,50.0,seed144,2,2007,101,200.01,571,61,18,0.028720889291283136,2984.5089786327508
S8D_lowri,50.0,seed144,2,2007,106,210.01,576,61,18,0.028972385694884563,2985.267777529185
S8D_lowri,50.0,seed144,2,2007,111,220.01,581,61,18,0.029223882098485993,2986.3098640259523
S8D_lowri,50.0,seed144,2,2007,116,230.01,577,61,16,0.02902268497560485,2986.960987248892
S8D_lowri,50.0,seed144,2,2007,121,240.01,575,61,16,0.02892208641416428,2987.583503502139
S8D_lowri,50.0,seed144,2,2007,126,250.01,573,61,16,0.028821487852723707,2988.8877402425105
S8D_lowri,50.0,seed144,2,2007,131,260.01,573,61,16,0.028821487852723707,2989.9195547607524
S8D_lowri,50.0,seed144,2,2007,136,270.01,570,61,16,0.02867059001056285,2990.271372794902
S8D_lowri,50.0,seed144,2,2007,141,280.01,569,61,16,0.028620290729842564,2990.4431485502064
S8D_lowri,50.0,seed144,2,2007,146,290.01,571,61,16,0.028720889291283136,2991.108863841074
S8D_lowri,50.0,seed144,2,2007,151,300.01,573,61,16,0.028821487852723707,2991.481349113286
S8D_lowri,50.0,seed144,2,2007,156,310.01,571,61,16,0.028720889291283136,2991.9224291780224
S8D_lowri,50.0,seed144,2,2007,161,320.01,575,61,16,0.02892208641416428,2993.204811883965
S8D_lowri,50.0,seed144,2,2007,166,330.01,576,61,16,0.028972385694884563,2994.389036308223
S8D_lowri,50.0,seed144,2,2007,171,340.01,577,61,16,0.02902268497560485,2995.491434868891
S8D_lowri,50.0,seed144,2,2007,176,350.01,573,61,16,0.028821487852723707,2996.3189137136796
S8D_lowri,50.0,seed144,2,2007,181,360.01,571,61,16,0.028720889291283136,2997.8450985529357
S8D_lowri,50.0,seed144,2,2007,186,370.01,572,61,17,0.02877118857200342,3000.749839281284
S8D_lowri,50.0,seed144,2,2007,191,380.01,572,61,19,0.02877118857200342,3006.9497903801366
S8D_lowri,50.0,seed144,2,2007,196,390.01,573,61,19,0.028821487852723707,3006.911746225578
S8D_lowri,50.0,seed144,2,2007,201,400.01,572,61,19,0.02877118857200342,3005.7348390016296
S8D_lowri,50.0,seed144,2,2007,206,410.01,572,61,19,0.02877118857200342,3005.1964004074957
S8D_lowri,50.0,seed144,2,2007,211,420.01,572,61,19,0.02877118857200342,3005.4912848327604
S8D_lowri,50.0,seed144,2,2007,216,430.01,573,61,19,0.028821487852723707,3006.1731686174894
S8D_lowri,50.0,seed144,2,2007,221,440.01,572,61,19,0.02877118857200342,3006.9188677985726
S8D_lowri,50.0,seed144,2,2007,226,450.01,572,61,19,0.02877118857200342,3007.7183421032937
S8D_lowri,50.0,seed144,2,2007,231,460.01,572,61,19,0.02877118857200342,3008.3380302847145
S8D_lowri,50.0,seed144,2,2007,236,470.01,572,61,19,0.02877118857200342,3008.9261625306135
S8D_lowri,50.0,seed144,2,2007,241,480.01,572,61,19,0.02877118857200342,3009.660296868047
S8D_lowri,50.0,seed144,2,2007,246,490.01,574,61,19,0.02887178713344399,3010.09059154482
S8D_lowri,50.0,seed144,2,2007,251,500.01,573,61,19,0.028821487852723707,3010.2958100296605
S8D_lowri,50.0,seed144,2,2007,256,510.01,572,61,19,0.02877118857200342,3010.451956845024
S8D_lowri,50.0,seed144,2,2007,261,520.01,572,61,19,0.02877118857200342,3010.6538784777485
S8D_lowri,50.0,seed144,2,2007,266,530.01,574,61,19,0.02887178713344399,3010.742718146991
S8D_lowri,50.0,seed144,2,2007,271,540.01,572,61,19,0.02877118857200342,3010.6330700020108
S8D_lowri,50.0,seed144,2,2007,276,550.01,572,61,19,0.02877118857200342,3010.344890903335
S8D_lowri,50.0,seed144,2,2007,281,560.01,570,61,19,0.02867059001056285,3009.924717466588
S8D_lowri,50.0,seed144,2,2007,286,570.01,570,61,19,0.02867059001056285,3009.8602037928276
S8D_lowri,50.0,seed144,2,2007,291,580.01,570,61,19,0.02867059001056285,3010.2355530307013
S8D_lowri,50.0,seed144,2,2007,296,590.01,571,61,19,0.028720889291283136,3010.824058306819
S8D_lowri,50.0,seed144,2,2007,301,600.01,572,61,19,0.02877118857200342,3011.066473349084
S8D_lowri,50.0,seed144,3,3007,0,0.0,144,141,2,0.007243096423721141,1440.0
S8D_lowri,50.0,seed144,3,3007,1,0.01,144,141,2,0.007243096423721141,1467.4042010405883
S8D_lowri,50.0,seed144,3,3007,6,10.01,539,70,14,0.027111312308233992,2710.727298122653
S8D_lowri,50.0,seed144,3,3007,11,20.01,567,67,19,0.028519692168401993,2865.3688566922774
S8D_lowri,50.0,seed144,3,3007,16,30.01,567,64,19,0.028519692168401993,2930.957140346738
S8D_lowri,50.0,seed144,3,3007,21,40.01,562,63,19,0.028268195764800563,2948.589756926708
S8D_lowri,50.0,seed144,3,3007,26,50.01,564,63,19,0.028368794326241134,2954.7979034914715
S8D_lowri,50.0,seed144,3,3007,31,60.01,562,63,19,0.028268195764800563,2956.594513294853
S8D_lowri,50.0,seed144,3,3007,36,70.01,560,63,19,0.02816759720335999,2957.370209953123
S8D_lowri,50.0,seed144,3,3007,41,80.01,560,63,19,0.02816759720335999,2957.848632713472
S8D_lowri,50.0,seed144,3,3007,46,90.01,560,63,19,0.02816759720335999,2959.1560426101532
S8D_lowri,50.0,seed144,3,3007,51,100.01,558,63,19,0.02806699864191942,2960.319241391395
S8D_lowri,50.0,seed144,3,3007,56,110.01,560,63,19,0.02816759720335999,2960.593060972073
S8D_lowri,50.0,seed144,3,3007,61,120.01,558,63,19,0.02806699864191942,2960.180877204196
S8D_lowri,50.0,seed144,3,3007,66,130.01,561,63,19,0.02821789648408028,2960.2113413774678
S8D_lowri,50.0,seed144,3,3007,71,140.01,559,63,19,0.028117297922639707,2961.072282545007
S8D_lowri,50.0,seed144,3,3007,76,150.01,557,63,19,0.028016699361199136,2962.1248400018085
S8D_lowri,50.0,seed144,3,3007,81,160.01,560,63,19,0.02816759720335999,2962.854187777174
S8D_lowri,50.0,seed144,3,3007,86,170.01,562,63,19,0.028268195764800563,2963.317338190289
S8D_lowri,50.0,seed144,3,3007,91,180.01,560,63,19,0.02816759720335999,2964.004888101359
S8D_lowri,50.0,seed144,3,3007,96,190.01,562,63,19,0.028268195764800563,2965.583298355039
S8D_lowri,50.0,seed144,3,3007,101,200.01,562,63,19,0.028268195764800563,2967.2758082860746
S8D_lowri,50.0,seed144,3,3007,106,210.01,563,63,19,0.02831849504552085,2968.0860205971503
S8D_lowri,50.0,seed144,3,3007,111,220.01,564,63,19,0.028368794326241134,2967.712194106212
S8D_lowri,50.0,seed144,3,3007,116,230.01,562,63,19,0.028268195764800563,2966.775435805757
S8D_lowri,50.0,seed144,3,3007,121,240.01,562,63,19,0.028268195764800563,2966.4161514699426
S8D_lowri,50.0,seed144,3,3007,126,250.01,560,63,19,0.02816759720335999,2966.334644686477
S8D_lowri,50.0,seed144,3,3007,131,260.01,560,63,19,0.02816759720335999,2966.8392164875845
S8D_lowri,50.0,seed144,3,3007,136,270.01,562,63,19,0.028268195764800563,2967.4254482566103
S8D_lowri,50.0,seed144,3,3007,141,280.01,562,63,19,0.028268195764800563,2967.9462195445244
S8D_lowri,50.0,seed144,3,3007,146,290.01,560,63,19,0.02816759720335999,2968.396131241385
S8D_lowri,50.0,seed144,3,3007,151,300.01,562,63,19,0.028268195764800563,2968.822755235164
S8D_lowri,50.0,seed144,3,3007,156,310.01,562,63,19,0.028268195764800563,2969.0302211120143
S8D_lowri,50.0,seed144,3,3007,161,320.01,564,63,19,0.028368794326241134,2968.9094223640595
S8D_lowri,50.0,seed144,3,3007,166,330.01,566,63,19,0.028469392887681706,2968.7447513896195
S8D_lowri,50.0,seed144,3,3007,171,340.01,564,63,19,0.028368794326241134,2969.0477355357307
S8D_lowri,50.0,seed144,3,3007,176,350.01,562,63,19,0.028268195764800563,2969.9784759069253
S8D_lowri,50.0,seed144,3,3007,181,360.01,561,63,19,0.02821789648408028,2970.8942649856717
S8D_lowri,50.0,seed144,3,3007,186,370.01,562,63,19,0.028268195764800563,2971.2507930649235
S8D_lowri,50.0,seed144,3,3007,191,380.01,561,63,19,0.02821789648408028,2971.0000246408895
S8D_lowri,50.0,seed144,3,3007,196,390.01,558,63,19,0.02806699864191942,2970.9990659491664
S8D_lowri,50.0,seed144,3,3007,201,400.01,560,63,19,0.02816759720335999,2971.6519668430733
S8D_lowri,50.0,seed144,3,3007,206,410.01,560,63,19,0.02816759720335999,2972.366731908736
S8D_lowri,50.0,seed144,3,3007,211,420.01,560,63,19,0.02816759720335999,2972.980486021225
S8D_lowri,50.0,seed144,3,3007,216,430.01,560,63,19,0.02816759720335999,2973.3415718642013
S8D_lowri,50.0,seed144,3,3007,221,440.01,561,63,19,0.02821789648408028,2973.331275635069
S8D_lowri,50.0,seed144,3,3007,226,450.01,562,63,19,0.028268195764800563,2973.012828097329
S8D_lowri,50.0,seed144,3,3007,231,460.01,562,63,19,0.028268195764800563,2972.4613639880054
S8D_lowri,50.0,seed144,3,3007,236,470.01,562,63,19,0.028268195764800563,2971.740998631639
S8D_lowri,50.0,seed144,3,3007,241,480.01,560,63,19,0.02816759720335999,2971.0594831892868
S8D_lowri,50.0,seed144,3,3007,246,490.01,562,63,19,0.028268195764800563,2970.822086463778
S8D_lowri,50.0,seed144,3,3007,251,500.01,561,63,19,0.02821789648408028,2971.2122827065828
S8D_lowri,50.0,seed144,3,3007,256,510.01,562,63,19,0.028268195764800563,2972.4099879680307
S8D_lowri,50.0,seed144,3,3007,261,520.01,563,63,19,0.02831849504552085,2974.1077446078407
S8D_lowri,50.0,seed144,3,3007,266,530.01,563,63,19,0.02831849504552085,2975.2649311332157
S8D_lowri,50.0,seed144,3,3007,271,540.01,564,63,19,0.028368794326241134,2975.794121661648
S8D_lowri,50.0,seed144,3,3007,276,550.01,565,63,19,0.02841909360696142,2975.9145786361482
S8D_lowri,50.0,seed144,3,3007,281,560.01,565,63,19,0.02841909360696142,2975.690377977513
S8D_lowri,50.0,seed144,3,3007,286,570.01,563,63,19,0.02831849504552085,2975.2724907834017
S8D_lowri,50.0,seed144,3,3007,291,580.01,566,63,19,0.028469392887681706,2975.2116002147495
S8D_lowri,50.0,seed144,3,3007,296,590.01,566,63,19,0.028469392887681706,2975.4669450629463
S8D_lowri,50.0,seed144,3,3007,301,600.01,566,63,19,0.028469392887681706,2975.558219200412
S8D_lowri,50.0,random,1,,0,0.0,5005,1914,21,0.25174790000502995,19936.811467800162
S8D_lowri,50.0,random,1,,1,0.01,5104,1855,31,0.2567275287963382,20227.407336788267
S8D_lowri,50.0,random,1,,6,10.01,94,6,17,0.004728132387706856,435.45013459391987
S8D_lowri,50.0,random,1,,11,20.01,121,6,23,0.00608621296715457,560.7581332122666
S8D_lowri,50.0,random,1,,16,30.01,115,6,20,0.005784417282832855,570.1868240881541
S8D_lowri,50.0,random,1,,21,40.01,114,6,19,0.0057341180021125695,573.1606600510493
S8D_lowri,50.0,random,1,,26,50.01,114,6,19,0.0057341180021125695,573.2114251883502
S8D_lowri,50.0,random,1,,31,60.01,114,6,19,0.0057341180021125695,573.2575615178682
S8D_lowri,50.0,random,1,,36,70.01,114,6,19,0.0057341180021125695,573.2640362228249
S8D_lowri,50.0,random,1,,41,80.01,114,6,19,0.0057341180021125695,573.264838820788
S8D_lowri,50.0,random,1,,46,90.01,114,6,19,0.0057341180021125695,573.2649411503246
S8D_lowri,50.0,random,1,,51,100.01,114,6,19,0.0057341180021125695,573.2649550075578
S8D_lowri,50.0,random,1,,56,110.01,114,6,19,0.0057341180021125695,573.2649570327313
S8D_lowri,50.0,random,1,,61,120.01,114,6,19,0.0057341180021125695,573.2649573543843
S8D_lowri,50.0,random,1,,66,130.01,114,6,19,0.0057341180021125695,573.2649574097263
S8D_lowri,50.0,random,1,,71,140.01,114,6,19,0.0057341180021125695,573.2649574199266
S8D_lowri,50.0,random,1,,76,150.01,114,6,19,0.0057341180021125695,573.2649574219115
S8D_lowri,50.0,random,1,,81,160.01,114,6,19,0.0057341180021125695,573.2649574223137
S8D_lowri,50.0,random,1,,86,170.01,114,6,19,0.0057341180021125695,573.2649574223981
S8D_lowri,50.0,random,1,,91,180.01,114,6,19,0.0057341180021125695,573.2649574224158
S8D_lowri,50.0,random,1,,96,190.01,114,6,19,0.0057341180021125695,573.2649574224198
S8D_lowri,50.0,random,1,,101,200.01,114,6,19,0.0057341180021125695,573.2649574224207
S8D_lowri,50.0,random,1,,106,210.01,114,6,19,0.0057341180021125695,573.2649574224209
S8D_lowri,50.0,random,1,,111,220.01,114,6,19,0.0057341180021125695,573.264957422421
S8D_lowri,50.0,random,1,,116,230.01,114,6,19,0.0057341180021125695,573.264957422421
S8D_lowri,50.0,random,1,,121,240.01,114,6,19,0.0057341180021125695,573.264957422421
S8D_lowri,50.0,random,1,,126,250.01,114,6,19,0.0057341180021125695,573.264957422421
S8D_lowri,50.0,random,1,,131,260.01,114,6,19,0.0057341180021125695,573.264957422421
S8D_lowri,50.0,random,1,,136,270.01,114,6,19,0.0057341180021125695,573.264957422421
S8D_lowri,50.0,random,1,,141,280.01,114,6,19,0.0057341180021125695,573.264957422421
S8D_lowri,50.0,random,1,,146,290.01,114,6,19,0.0057341180021125695,573.264957422421
S8D_lowri,50.0,random,1,,151,300.01,114,6,19,0.0057341180021125695,573.264957422421
S8D_lowri,50.0,random,1,,156,310.01,114,6,19,0.0057341180021125695,573.264957422421
S8D_lowri,50.0,random,1,,161,320.01,114,6,19,0.0057341180021125695,573.264957422421
S8D_lowri,50.0,random,1,,166,330.01,114,6,19,0.0057341180021125695,573.264957422421
S8D_lowri,50.0,random,1,,171,340.01,114,6,19,0.0057341180021125695,573.264957422421
S8D_lowri,50.0,random,1,,176,350.01,114,6,19,0.0057341180021125695,573.264957422421
S8D_lowri,50.0,random,1,,181,360.01,114,6,19,0.0057341180021125695,573.264957422421
S8D_lowri,50.0,random,1,,186,370.01,114,6,19,0.0057341180021125695,573.264957422421
S8D_lowri,50.0,random,1,,191,380.01,114,6,19,0.0057341180021125695,573.264957422421
S8D_lowri,50.0,random,1,,196,390.01,114,6,19,0.0057341180021125695,573.264957422421
S8D_lowri,50.0,random,1,,201,400.01,114,6,19,0.0057341180021125695,573.264957422421
S8D_lowri,50.0,random,1,,206,410.01,114,6,19,0.0057341180021125695,573.264957422421
S8D_lowri,50.0,random,1,,211,420.01,114,6,19,0.0057341180021125695,573.264957422421
S8D_lowri,50.0,random,1,,216,430.01,114,6,19,0.0057341180021125695,573.264957422421
S8D_lowri,50.0,random,1,,221,440.01,114,6,19,0.0057341180021125695,573.264957422421
S8D_lowri,50.0,random,1,,226,450.01,114,6,19,0.0057341180021125695,573.264957422421
S8D_lowri,50.0,random,1,,231,460.01,114,6,19,0.0057341180021125695,573.264957422421
S8D_lowri,50.0,random,1,,236,470.01,114,6,19,0.0057341180021125695,573.264957422421
S8D_lowri,50.0,random,1,,241,480.01,114,6,19,0.0057341180021125695,573.264957422421
S8D_lowri,50.0,random,1,,246,490.01,114,6,19,0.0057341180021125695,573.264957422421
S8D_lowri,50.0,random,1,,251,500.01,114,6,19,0.0057341180021125695,573.264957422421
S8D_lowri,50.0,random,1,,256,510.01,114,6,19,0.0057341180021125695,573.264957422421
S8D_lowri,50.0,random,1,,261,520.01,114,6,19,0.0057341180021125695,573.264957422421
S8D_lowri,50.0,random,1,,266,530.01,114,6,19,0.0057341180021125695,573.264957422421
S8D_lowri,50.0,random,1,,271,540.01,114,6,19,0.0057341180021125695,573.264957422421
S8D_lowri,50.0,random,1,,276,550.01,114,6,19,0.0057341180021125695,573.264957422421
S8D_lowri,50.0,random,1,,281,560.01,114,6,19,0.0057341180021125695,573.264957422421
S8D_lowri,50.0,random,1,,286,570.01,114,6,19,0.0057341180021125695,573.264957422421
S8D_lowri,50.0,random,1,,291,580.01,114,6,19,0.0057341180021125695,573.264957422421
S8D_lowri,50.0,random,1,,296,590.01,114,6,19,0.0057341180021125695,573.264957422421
S8D_lowri,50.0,random,1,,301,600.01,114,6,19,0.0057341180021125695,573.264957422421
S8D_lowri,50.0,random,2,,0,0.0,4969,1897,30,0.24993712589909964,19840.181224828495
S8D_lowri,50.0,random,2,,1,0.01,5074,1825,43,0.2552185503747296,20123.890335733555
S8D_lowri,50.0,random,2,,6,10.01,102,6,19,0.0051305266334691416,444.1764006541351
S8D_lowri,50.0,random,2,,11,20.01,122,6,24,0.006136512247874855,587.9194237658055
S8D_lowri,50.0,random,2,,16,30.01,119,6,24,0.005985614405713998,600.3007085036306
S8D_lowri,50.0,random,2,,21,40.01,119,6,24,0.005985614405713998,600.32914609626
S8D_lowri,50.0,random,2,,26,50.01,119,6,24,0.005985614405713998,600.3435752249893
S8D_lowri,50.0,random,2,,31,60.01,119,6,24,0.005985614405713998,600.3460501623088
S8D_lowri,50.0,random,2,,36,70.01,119,6,24,0.005985614405713998,600.3463486774436
S8D_lowri,50.0,random,2,,41,80.01,119,6,24,0.005985614405713998,600.34638146957
S8D_lowri,50.0,random,2,,46,90.01,119,6,24,0.005985614405713998,600.3463845734857
S8D_lowri,50.0,random,2,,51,100.01,119,6,24,0.005985614405713998,600.3463847416641
S8D_lowri,50.0,random,2,,56,110.01,119,6,24,0.005985614405713998,600.3463847137633
S8D_lowri,50.0,random,2,,61,120.01,119,6,24,0.005985614405713998,600.3463846992795
S8D_lowri,50.0,random,2,,66,130.01,119,6,24,0.005985614405713998,600.3463846949687
S8D_lowri,50.0,random,2,,71,140.01,119,6,24,0.005985614405713998,600.346384693855
S8D_lowri,50.0,random,2,,76,150.01,119,6,24,0.005985614405713998,600.3463846935815
S8D_lowri,50.0,random,2,,81,160.01,119,6,24,0.005985614405713998,600.3463846935163
S8D_lowri,50.0,random,2,,86,170.01,119,6,24,0.005985614405713998,600.3463846935008
S8D_lowri,50.0,random,2,,91,180.01,119,6,24,0.005985614405713998,600.3463846934974
S8D_lowri,50.0,random,2,,96,190.01,119,6,24,0.005985614405713998,600.3463846934966
S8D_lowri,50.0,random,2,,101,200.01,119,6,24,0.005985614405713998,600.3463846934965
S8D_lowri,50.0,random,2,,106,210.01,119,6,24,0.005985614405713998,600.3463846934964
S8D_lowri,50.0,random,2,,111,220.01,119,6,24,0.005985614405713998,600.3463846934964
S8D_lowri,50.0,random,2,,116,230.01,119,6,24,0.005985614405713998,600.3463846934962
S8D_lowri,50.0,random,2,,121,240.01,119,6,24,0.005985614405713998,600.3463846934962
S8D_lowri,50.0,random,2,,126,250.01,119,6,24,0.005985614405713998,600.3463846934962
S8D_lowri,50.0,random,2,,131,260.01,119,6,24,0.005985614405713998,600.3463846934962
S8D_lowri,50.0,random,2,,136,270.01,119,6,24,0.005985614405713998,600.3463846934962
S8D_lowri,50.0,random,2,,141,280.01,119,6,24,0.005985614405713998,600.3463846934962
S8D_lowri,50.0,random,2,,146,290.01,119,6,24,0.005985614405713998,600.3463846934962
S8D_lowri,50.0,random,2,,151,300.01,119,6,24,0.005985614405713998,600.3463846934962
S8D_lowri,50.0,random,2,,156,310.01,119,6,24,0.005985614405713998,600.3463846934962
S8D_lowri,50.0,random,2,,161,320.01,119,6,24,0.005985614405713998,600.3463846934962
S8D_lowri,50.0,random,2,,166,330.01,119,6,24,0.005985614405713998,600.3463846934962
S8D_lowri,50.0,random,2,,171,340.01,119,6,24,0.005985614405713998,600.3463846934962
S8D_lowri,50.0,random,2,,176,350.01,119,6,24,0.005985614405713998,600.3463846934962
S8D_lowri,50.0,random,2,,181,360.01,119,6,24,0.005985614405713998,600.3463846934962
S8D_lowri,50.0,random,2,,186,370.01,119,6,24,0.005985614405713998,600.3463846934962
S8D_lowri,50.0,random,2,,191,380.01,119,6,24,0.005985614405713998,600.3463846934962
S8D_lowri,50.0,random,2,,196,390.01,119,6,24,0.005985614405713998,600.3463846934962
S8D_lowri,50.0,random,2,,201,400.01,119,6,24,0.005985614405713998,600.3463846934962
S8D_lowri,50.0,random,2,,206,410.01,119,6,24,0.005985614405713998,600.3463846934962
S8D_lowri,50.0,random,2,,211,420.01,119,6,24,0.005985614405713998,600.3463846934962
S8D_lowri,50.0,random,2,,216,430.01,119,6,24,0.005985614405713998,600.3463846934962
S8D_lowri,50.0,random,2,,221,440.01,119,6,24,0.005985614405713998,600.3463846934962
S8D_lowri,50.0,random,2,,226,450.01,119,6,24,0.005985614405713998,600.3463846934962
S8D_lowri,50.0,random,2,,231,460.01,119,6,24,0.005985614405713998,600.3463846934962
S8D_lowri,50.0,random,2,,236,470.01,119,6,24,0.005985614405713998,600.3463846934962
S8D_lowri,50.0,random,2,,241,480.01,119,6,24,0.005985614405713998,600.3463846934962
S8D_lowri,50.0,random,2,,246,490.01,119,6,24,0.005985614405713998,600.3463846934962
S8D_lowri,50.0,random,2,,251,500.01,119,6,24,0.005985614405713998,600.3463846934962
S8D_lowri,50.0,random,2,,256,510.01,119,6,24,0.005985614405713998,600.3463846934962
S8D_lowri,50.0,random,2,,261,520.01,119,6,24,0.005985614405713998,600.3463846934962
S8D_lowri,50.0,random,2,,266,530.01,119,6,24,0.005985614405713998,600.3463846934962
S8D_lowri,50.0,random,2,,271,540.01,119,6,24,0.005985614405713998,600.3463846934962
S8D_lowri,50.0,random,2,,276,550.01,119,6,24,0.005985614405713998,600.3463846934962
S8D_lowri,50.0,random,2,,281,560.01,119,6,24,0.005985614405713998,600.3463846934962
S8D_lowri,50.0,random,2,,286,570.01,119,6,24,0.005985614405713998,600.3463846934962
S8D_lowri,50.0,random,2,,291,580.01,119,6,24,0.005985614405713998,600.3463846934962
S8D_lowri,50.0,random,2,,296,590.01,119,6,24,0.005985614405713998,600.3463846934962
S8D_lowri,50.0,random,2,,301,600.01,119,6,24,0.005985614405713998,600.3463846934962
S8D_lowri,50.0,random,3,,0,0.0,4960,1868,30,0.24948443237261708,19810.8209612995
S8D_lowri,50.0,random,3,,1,0.01,5061,1803,32,0.2545646597253659,20092.36742691069
S8D_lowri,50.0,random,3,,6,10.01,49,3,19,0.0024646647552939993,230.80744811472897
S8D_lowri,50.0,random,3,,11,20.01,69,3,24,0.003470650369699713,312.0621971629595
S8D_lowri,50.0,random,3,,16,30.01,69,3,24,0.003470650369699713,325.37703762849526
S8D_lowri,50.0,random,3,,21,40.01,67,3,24,0.0033700518082591417,325.04094270099716
S8D_lowri,50.0,random,3,,26,50.01,67,3,24,0.0033700518082591417,324.91167444388736
S8D_lowri,50.0,random,3,,31,60.01,67,3,24,0.0033700518082591417,324.9003843625286
S8D_lowri,50.0,random,3,,36,70.01,67,3,24,0.0033700518082591417,324.8994497363177
S8D_lowri,50.0,random,3,,41,80.01,67,3,24,0.0033700518082591417,324.8993421107306
S8D_lowri,50.0,random,3,,46,90.01,67,3,24,0.0033700518082591417,324.8993234952152
S8D_lowri,50.0,random,3,,51,100.01,67,3,24,0.0033700518082591417,324.89931948987976
S8D_lowri,50.0,random,3,,56,110.01,67,3,24,0.0033700518082591417,324.89931856393855
S8D_lowri,50.0,random,3,,61,120.01,67,3,24,0.0033700518082591417,324.8993183456481
S8D_lowri,50.0,random,3,,66,130.01,67,3,24,0.0033700518082591417,324.8993182939174
S8D_lowri,50.0,random,3,,71,140.01,67,3,24,0.0033700518082591417,324.89931828164043
S8D_lowri,50.0,random,3,,76,150.01,67,3,24,0.0033700518082591417,324.89931827872556
S8D_lowri,50.0,random,3,,81,160.01,67,3,24,0.0033700518082591417,324.89931827803326
S8D_lowri,50.0,random,3,,86,170.01,67,3,24,0.0033700518082591417,324.8993182778686
S8D_lowri,50.0,random,3,,91,180.01,67,3,24,0.0033700518082591417,324.89931827782937
S8D_lowri,50.0,random,3,,96,190.01,67,3,24,0.0033700518082591417,324.8993182778201
S8D_lowri,50.0,random,3,,101,200.01,67,3,24,0.0033700518082591417,324.8993182778178
S8D_lowri,50.0,random,3,,106,210.01,67,3,24,0.0033700518082591417,324.8993182778174
S8D_lowri,50.0,random,3,,111,220.01,67,3,24,0.0033700518082591417,324.8993182778172
S8D_lowri,50.0,random,3,,116,230.01,67,3,24,0.0033700518082591417,324.8993182778172
S8D_lowri,50.0,random,3,,121,240.01,67,3,24,0.0033700518082591417,324.8993182778172
S8D_lowri,50.0,random,3,,126,250.01,67,3,24,0.0033700518082591417,324.8993182778172
S8D_lowri,50.0,random,3,,131,260.01,67,3,24,0.0033700518082591417,324.8993182778172
S8D_lowri,50.0,random,3,,136,270.01,67,3,24,0.0033700518082591417,324.8993182778172
S8D_lowri,50.0,random,3,,141,280.01,67,3,24,0.0033700518082591417,324.8993182778172
S8D_lowri,50.0,random,3,,146,290.01,67,3,24,0.0033700518082591417,324.8993182778172
S8D_lowri,50.0,random,3,,151,300.01,67,3,24,0.0033700518082591417,324.8993182778172
S8D_lowri,50.0,random,3,,156,310.01,67,3,24,0.0033700518082591417,324.8993182778172
S8D_lowri,50.0,random,3,,161,320.01,67,3,24,0.0033700518082591417,324.8993182778172
S8D_lowri,50.0,random,3,,166,330.01,67,3,24,0.0033700518082591417,324.8993182778172
S8D_lowri,50.0,random,3,,171,340.01,67,3,24,0.0033700518082591417,324.8993182778172
S8D_lowri,50.0,random,3,,176,350.01,67,3,24,0.0033700518082591417,324.8993182778172
S8D_lowri,50.0,random,3,,181,360.01,67,3,24,0.0033700518082591417,324.8993182778172
S8D_lowri,50.0,random,3,,186,370.01,67,3,24,0.0033700518082591417,324.8993182778172
S8D_lowri,50.0,random,3,,191,380.01,67,3,24,0.0033700518082591417,324.8993182778172
S8D_lowri,50.0,random,3,,196,390.01,67,3,24,0.0033700518082591417,324.8993182778172
S8D_lowri,50.0,random,3,,201,400.01,67,3,24,0.0033700518082591417,324.8993182778172
S8D_lowri,50.0,random,3,,206,410.01,67,3,24,0.0033700518082591417,324.8993182778172
S8D_lowri,50.0,random,3,,211,420.01,67,3,24,0.0033700518082591417,324.8993182778172
S8D_lowri,50.0,random,3,,216,430.01,67,3,24,0.0033700518082591417,324.8993182778172
S8D_lowri,50.0,random,3,,221,440.01,67,3,24,0.0033700518082591417,324.8993182778172
S8D_lowri,50.0,random,3,,226,450.01,67,3,24,0.0033700518082591417,324.8993182778172
S8D_lowri,50.0,random,3,,231,460.01,67,3,24,0.0033700518082591417,324.8993182778172
S8D_lowri,50.0,random,3,,236,470.01,67,3,24,0.0033700518082591417,324.8993182778172
S8D_lowri,50.0,random,3,,241,480.01,67,3,24,0.0033700518082591417,324.8993182778172
S8D_lowri,50.0,random,3,,246,490.01,67,3,24,0.0033700518082591417,324.8993182778172
S8D_lowri,50.0,random,3,,251,500.01,67,3,24,0.0033700518082591417,324.8993182778172
S8D_lowri,50.0,random,3,,256,510.01,67,3,24,0.0033700518082591417,324.8993182778172
S8D_lowri,50.0,random,3,,261,520.01,67,3,24,0.0033700518082591417,324.8993182778172
S8D_lowri,50.0,random,3,,266,530.01,67,3,24,0.0033700518082591417,324.8993182778172
S8D_lowri,50.0,random,3,,271,540.01,67,3,24,0.0033700518082591417,324.8993182778172
S8D_lowri,50.0,random,3,,276,550.01,67,3,24,0.0033700518082591417,324.8993182778172
S8D_lowri,50.0,random,3,,281,560.01,67,3,24,0.0033700518082591417,324.8993182778172
S8D_lowri,50.0,random,3,,286,570.01,67,3,24,0.0033700518082591417,324.8993182778172
S8D_lowri,50.0,random,3,,291,580.01,67,3,24,0.0033700518082591417,324.8993182778172
S8D_lowri,50.0,random,3,,296,590.01,67,3,24,0.0033700518082591417,324.8993182778172
S8D_lowri,50.0,random,3,,301,600.01,67,3,24,0.0033700518082591417,324.8993182778172
S8D_lowri,50.0,nucl,1,,0,0.0,0,0,0,0.0,0.0
S8D_lowri,50.0,nucl,1,,1,0.01,3,3,1,0.0001508978421608571,12.0
S8D_lowri,50.0,nucl,1,,6,10.01,349,197,17,0.01755444897137971,1531.1857971459215
S8D_lowri,50.0,nucl,1,,11,20.01,453,193,25,0.022785574166289423,2038.9466910096319
S8D_lowri,50.0,nucl,1,,16,30.01,473,166,24,0.023791559780695137,2231.5278140421606
S8D_lowri,50.0,nucl,1,,21,40.01,561,210,24,0.02821789648408028,2559.9359132173163
S8D_lowri,50.0,nucl,1,,26,50.01,574,197,26,0.02887178713344399,2594.307501489632
S8D_lowri,50.0,nucl,1,,31,60.01,577,210,25,0.02902268497560485,2633.088958814821
S8D_lowri,50.0,nucl,1,,36,70.01,621,219,26,0.03123585332729742,2803.134967287203
S8D_lowri,50.0,nucl,1,,41,80.01,592,186,26,0.029777174186409135,2726.461765491986
S8D_lowri,50.0,nucl,1,,46,90.01,614,200,26,0.03088375836225542,2764.811565678121
S8D_lowri,50.0,nucl,1,,51,100.01,616,205,25,0.030984356923695992,2808.7833799573973
S8D_lowri,50.0,nucl,1,,56,110.01,625,218,24,0.03143705045017856,2841.65455863504
S8D_lowri,50.0,nucl,1,,61,120.01,625,212,25,0.03143705045017856,2843.900276982898
S8D_lowri,50.0,nucl,1,,66,130.01,634,211,26,0.03188974397666113,2857.621118215603
S8D_lowri,50.0,nucl,1,,71,140.01,670,219,25,0.03370051808259142,3007.8819803059896
S8D_lowri,50.0,nucl,1,,76,150.01,646,193,24,0.03249333534530456,2940.442266781053
S8D_lowri,50.0,nucl,1,,81,160.01,685,210,26,0.034455007293395706,3062.0791321252937
S8D_lowri,50.0,nucl,1,,86,170.01,673,204,25,0.03385141592475228,3095.1202258308595
S8D_lowri,50.0,nucl,1,,91,180.01,687,211,26,0.034555605854836274,3115.0556252059114
S8D_lowri,50.0,nucl,1,,96,190.01,705,211,24,0.03546099290780142,3176.994971817202
S8D_lowri,50.0,nucl,1,,101,200.01,685,213,24,0.034455007293395706,3135.365359868515
S8D_lowri,50.0,nucl,1,,106,210.01,698,212,24,0.03510889794275942,3149.658462641346
S8D_lowri,50.0,nucl,1,,111,220.01,671,192,24,0.0337508173633117,3034.5033670506778
S8D_lowri,50.0,nucl,1,,116,230.01,696,202,24,0.035008299381318844,3142.459130158724
S8D_lowri,50.0,nucl,1,,121,240.01,693,206,27,0.03485740153915799,3171.3684048328296
S8D_lowri,50.0,nucl,1,,126,250.01,693,199,25,0.03485740153915799,3122.501616027588
S8D_lowri,50.0,nucl,1,,131,260.01,695,208,27,0.03495800010059856,3110.068649014796
S8D_lowri,50.0,nucl,1,,136,270.01,680,195,27,0.03420351088979428,3105.3724162138114
S8D_lowri,50.0,nucl,1,,141,280.01,713,228,25,0.03586338715356371,3197.06708110415
S8D_lowri,50.0,nucl,1,,146,290.01,681,191,25,0.03425381017051456,3092.989660210964
S8D_lowri,50.0,nucl,1,,151,300.01,696,215,24,0.035008299381318844,3167.6489692507375
S8D_lowri,50.0,nucl,1,,156,310.01,700,219,25,0.03520949650419999,3175.633590243181
S8D_lowri,50.0,nucl,1,,161,320.01,690,203,24,0.03470650369699713,3127.4199775969455
S8D_lowri,50.0,nucl,1,,166,330.01,690,196,25,0.03470650369699713,3132.118477248858
S8D_lowri,50.0,nucl,1,,171,340.01,698,214,24,0.03510889794275942,3136.2908790596066
S8D_lowri,50.0,nucl,1,,176,350.01,696,210,25,0.035008299381318844,3186.0534385269966
S8D_lowri,50.0,nucl,1,,181,360.01,701,215,24,0.03525979578492028,3125.1730997469826
S8D_lowri,50.0,nucl,1,,186,370.01,680,193,24,0.03420351088979428,3100.691901303853
S8D_lowri,50.0,nucl,1,,191,380.01,693,220,24,0.03485740153915799,3119.254270909396
S8D_lowri,50.0,nucl,1,,196,390.01,687,209,24,0.034555605854836274,3118.9723624773346
S8D_lowri,50.0,nucl,1,,201,400.01,693,206,25,0.03485740153915799,3140.560860834925
S8D_lowri,50.0,nucl,1,,206,410.01,690,214,25,0.03470650369699713,3195.2468828463534
S8D_lowri,50.0,nucl,1,,211,420.01,696,206,28,0.035008299381318844,3139.8427706163193
S8D_lowri,50.0,nucl,1,,216,430.01,694,218,24,0.034907700819878276,3183.837488347692
S8D_lowri,50.0,nucl,1,,221,440.01,667,193,27,0.03354962024043056,3054.1398292350823
S8D_lowri,50.0,nucl,1,,226,450.01,672,190,27,0.033801116644031994,3066.638543402912
S8D_lowri,50.0,nucl,1,,231,460.01,685,197,25,0.034455007293395706,3123.8909449749913
S8D_lowri,50.0,nucl,1,,236,470.01,706,211,25,0.035511292188521705,3206.7887872043066
S8D_lowri,50.0,nucl,1,,241,480.01,719,222,24,0.03616518283788542,3218.0350304667036
S8D_lowri,50.0,nucl,1,,246,490.01,696,196,25,0.035008299381318844,3179.92805389554
S8D_lowri,50.0,nucl,1,,251,500.01,679,197,25,0.03415321160907399,3139.084154983351
S8D_lowri,50.0,nucl,1,,256,510.01,718,227,24,0.036114883557165134,3217.816622826276
S8D_lowri,50.0,nucl,1,,261,520.01,673,190,24,0.03385141592475228,3099.208032199682
S8D_lowri,50.0,nucl,1,,266,530.01,720,230,26,0.0362154821186057,3249.6336531872453
S8D_lowri,50.0,nucl,1,,271,540.01,703,204,25,0.035360394346360846,3149.6137092701906
S8D_lowri,50.0,nucl,1,,276,550.01,693,190,25,0.03485740153915799,3171.335916912323
S8D_lowri,50.0,nucl,1,,281,560.01,712,214,24,0.035813087872843416,3217.8096111628124
S8D_lowri,50.0,nucl,1,,286,570.01,722,217,26,0.03631608068004628,3253.2077156660616
S8D_lowri,50.0,nucl,1,,291,580.01,718,215,24,0.036114883557165134,3248.5933053094814
S8D_lowri,50.0,nucl,1,,296,590.01,696,199,24,0.035008299381318844,3179.955417533408
S8D_lowri,50.0,nucl,1,,301,600.01,711,201,26,0.03576278859212313,3220.618026667852
S8D_lowri,50.0,nucl,2,,0,0.0,0,0,0,0.0,0.0
S8D_lowri,50.0,nucl,2,,1,0.01,1,1,1,5.02992807202857e-05,4.0
S8D_lowri,50.0,nucl,2,,6,10.01,309,185,17,0.015542477742568282,1300.5260157131572
S8D_lowri,50.0,nucl,2,,11,20.01,522,194,26,0.026256224535989137,2254.9718772037236
S8D_lowri,50.0,nucl,2,,16,30.01,635,220,26,0.031940043257381416,2744.0118908696027
S8D_lowri,50.0,nucl,2,,21,40.01,655,198,27,0.03294602887178713,2953.562470552418
S8D_lowri,50.0,nucl,2,,26,50.01,647,184,26,0.032543634626024845,2945.8972694758886
S8D_lowri,50.0,nucl,2,,31,60.01,651,202,24,0.03274483174890599,2987.7590828784505
S8D_lowri,50.0,nucl,2,,36,70.01,662,197,24,0.03329812383682913,3014.1750525082043
S8D_lowri,50.0,nucl,2,,41,80.01,682,211,24,0.03430410945123485,3017.504926326554
S8D_lowri,50.0,nucl,2,,46,90.01,678,213,24,0.034102912328353704,3032.5860631719297
S8D_lowri,50.0,nucl,2,,51,100.01,657,203,24,0.033046627433227706,2992.000044924928
S8D_lowri,50.0,nucl,2,,56,110.01,649,188,24,0.03264423318746542,2978.3685548012018
S8D_lowri,50.0,nucl,2,,61,120.01,665,207,26,0.03344902167898999,3030.0614824626355
S8D_lowri,50.0,nucl,2,,66,130.01,681,211,24,0.03425381017051456,3054.4016031107203
S8D_lowri,50.0,nucl,2,,71,140.01,684,213,25,0.034404708012675415,3083.735205869508
S8D_lowri,50.0,nucl,2,,76,150.01,680,201,24,0.03420351088979428,3055.250347371486
S8D_lowri,50.0,nucl,2,,81,160.01,677,204,24,0.03405261304763342,3023.220240866687
S8D_lowri,50.0,nucl,2,,86,170.01,703,226,24,0.035360394346360846,3142.412414090193
S8D_lowri,50.0,nucl,2,,91,180.01,699,211,30,0.0351591972234797,3138.173367155645
S8D_lowri,50.0,nucl,2,,96,190.01,679,199,28,0.03415321160907399,3088.123378120923
S8D_lowri,50.0,nucl,2,,101,200.01,678,195,25,0.034102912328353704,3107.430481635246
S8D_lowri,50.0,nucl,2,,106,210.01,674,180,25,0.03390171520547256,3113.226539413278
S8D_lowri,50.0,nucl,2,,111,220.01,695,205,26,0.03495800010059856,3146.7974318607485
S8D_lowri,50.0,nucl,2,,116,230.01,663,189,24,0.03334842311754942,3079.696246756118
S8D_lowri,50.0,nucl,2,,121,240.01,683,198,24,0.03435440873195513,3073.8455760730685
S8D_lowri,50.0,nucl,2,,126,250.01,686,216,24,0.03450530657411599,3089.9194555060085
S8D_lowri,50.0,nucl,2,,131,260.01,677,191,24,0.03405261304763342,3075.9414969848194
S8D_lowri,50.0,nucl,2,,136,270.01,687,205,24,0.034555605854836274,3118.488675526183
S8D_lowri,50.0,nucl,2,,141,280.01,668,186,26,0.03359991952115085,3078.2844498663453
S8D_lowri,50.0,nucl,2,,146,290.01,695,211,24,0.03495800010059856,3174.999199186481
S8D_lowri,50.0,nucl,2,,151,300.01,695,211,26,0.03495800010059856,3149.745289788057
S8D_lowri,50.0,nucl,2,,156,310.01,665,178,25,0.03344902167898999,3123.6373914332494
S8D_lowri,50.0,nucl,2,,161,320.01,700,212,25,0.03520949650419999,3178.3926204592212
S8D_lowri,50.0,nucl,2,,166,330.01,690,204,25,0.03470650369699713,3147.596570548457
S8D_lowri,50.0,nucl,2,,171,340.01,686,204,24,0.03450530657411599,3145.822737699865
S8D_lowri,50.0,nucl,2,,176,350.01,682,188,24,0.03430410945123485,3152.3565242695354
S8D_lowri,50.0,nucl,2,,181,360.01,698,204,24,0.03510889794275942,3183.1292312639525
S8D_lowri,50.0,nucl,2,,186,370.01,682,200,24,0.03430410945123485,3127.8484262582374
S8D_lowri,50.0,nucl,2,,191,380.01,717,217,24,0.03606458427644485,3240.5483178105746
S8D_lowri,50.0,nucl,2,,196,390.01,670,182,24,0.03370051808259142,3131.1958579151615
S8D_lowri,50.0,nucl,2,,201,400.01,682,183,27,0.03430410945123485,3168.61895112889
S8D_lowri,50.0,nucl,2,,206,410.01,714,214,26,0.03591368643428399,3255.6027253864327
S8D_lowri,50.0,nucl,2,,211,420.01,691,192,25,0.03475680297771742,3140.5497044668896
S8D_lowri,50.0,nucl,2,,216,430.01,687,198,24,0.034555605854836274,3195.9925371370177
S8D_lowri,50.0,nucl,2,,221,440.01,702,207,25,0.03531009506564056,3196.413052578576
S8D_lowri,50.0,nucl,2,,226,450.01,664,172,24,0.03339872239826971,3102.446192183793
S8D_lowri,50.0,nucl,2,,231,460.01,685,197,24,0.034455007293395706,3209.120461721712
S8D_lowri,50.0,nucl,2,,236,470.01,716,216,24,0.03601428499572456,3236.120157979268
S8D_lowri,50.0,nucl,2,,241,480.01,693,198,25,0.03485740153915799,3148.316771432099
S8D_lowri,50.0,nucl,2,,246,490.01,719,212,27,0.03616518283788542,3252.0464069985137
S8D_lowri,50.0,nucl,2,,251,500.01,720,209,24,0.0362154821186057,3287.024196082207
S8D_lowri,50.0,nucl,2,,256,510.01,729,205,24,0.03666817564508828,3313.8609790941077
S8D_lowri,50.0,nucl,2,,261,520.01,743,223,25,0.037372365575172276,3364.9269095922264
S8D_lowri,50.0,nucl,2,,266,530.01,698,179,24,0.03510889794275942,3263.132487882526
S8D_lowri,50.0,nucl,2,,271,540.01,750,212,24,0.03772446054021428,3348.564477299221
S8D_lowri,50.0,nucl,2,,276,550.01,690,175,25,0.03470650369699713,3211.9442528676855
S8D_lowri,50.0,nucl,2,,281,560.01,720,206,24,0.0362154821186057,3299.469825909514
S8D_lowri,50.0,nucl,2,,286,570.01,749,232,24,0.037674161259493986,3361.04797097981
S8D_lowri,50.0,nucl,2,,291,580.01,707,176,24,0.03556159146924199,3241.8376843999717
S8D_lowri,50.0,nucl,2,,296,590.01,735,213,25,0.03696997132940999,3347.075671287461
S8D_lowri,50.0,nucl,2,,301,600.01,749,218,24,0.037674161259493986,3397.9615665792526
S8D_lowri,50.0,nucl,3,,0,0.0,0,0,0,0.0,0.0
S8D_lowri,50.0,nucl,3,,1,0.01,4,4,1,0.0002011971228811428,16.0
S8D_lowri,50.0,nucl,3,,6,10.01,349,220,18,0.01755444897137971,1499.7875161664351
S8D_lowri,50.0,nucl,3,,11,20.01,462,196,24,0.023238267692771993,2078.885877571776
S8D_lowri,50.0,nucl,3,,16,30.01,512,196,27,0.02575323172878628,2295.814025227175
S8D_lowri,50.0,nucl,3,,21,40.01,539,180,29,0.027111312308233992,2500.6940672080864
S8D_lowri,50.0,nucl,3,,26,50.01,573,197,27,0.028821487852723707,2607.338210852634
S8D_lowri,50.0,nucl,3,,31,60.01,589,210,25,0.029626276344248276,2698.201502427826
S8D_lowri,50.0,nucl,3,,36,70.01,599,200,24,0.030129269151451133,2757.8244072847724
S8D_lowri,50.0,nucl,3,,41,80.01,591,183,24,0.029726874905688847,2748.3537459637464
S8D_lowri,50.0,nucl,3,,46,90.01,593,179,23,0.02982747346712942,2748.0583387930947
S8D_lowri,50.0,nucl,3,,51,100.01,624,213,24,0.03138675116945828,2829.386919100094
S8D_lowri,50.0,nucl,3,,56,110.01,617,195,24,0.031034656204416276,2849.566493218304
S8D_lowri,50.0,nucl,3,,61,120.01,622,204,25,0.0312861526080177,2866.470869281212
S8D_lowri,50.0,nucl,3,,66,130.01,664,215,25,0.03339872239826971,2997.98406643933
S8D_lowri,50.0,nucl,3,,71,140.01,675,217,25,0.033952014486192846,3057.3207042574845
S8D_lowri,50.0,nucl,3,,76,150.01,646,194,24,0.03249333534530456,2984.800340033383
S8D_lowri,50.0,nucl,3,,81,160.01,665,211,24,0.03344902167898999,3011.3195612350464
S8D_lowri,50.0,nucl,3,,86,170.01,661,209,25,0.03324782455610885,3009.038008080881
S8D_lowri,50.0,nucl,3,,91,180.01,665,209,25,0.03344902167898999,3008.045568770664
S8D_lowri,50.0,nucl,3,,96,190.01,646,200,24,0.03249333534530456,2984.604342485671
S8D_lowri,50.0,nucl,3,,101,200.01,693,237,25,0.03485740153915799,3116.767053106678
S8D_lowri,50.0,nucl,3,,106,210.01,703,231,25,0.035360394346360846,3140.5713386500274
S8D_lowri,50.0,nucl,3,,111,220.01,707,226,25,0.03556159146924199,3148.8301410906142
S8D_lowri,50.0,nucl,3,,116,230.01,682,207,26,0.03430410945123485,3095.786209763235
S8D_lowri,50.0,nucl,3,,121,240.01,702,220,26,0.03531009506564056,3162.866393518999
S8D_lowri,50.0,nucl,3,,126,250.01,669,192,24,0.033650218801871135,3031.6818936680875
S8D_lowri,50.0,nucl,3,,131,260.01,661,190,24,0.03324782455610885,3067.9536947953684
S8D_lowri,50.0,nucl,3,,136,270.01,678,204,26,0.034102912328353704,3118.9499740804845
S8D_lowri,50.0,nucl,3,,141,280.01,703,229,24,0.035360394346360846,3168.857777674036
S8D_lowri,50.0,nucl,3,,146,290.01,712,225,26,0.035813087872843416,3198.5173545958683
S8D_lowri,50.0,nucl,3,,151,300.01,695,224,24,0.03495800010059856,3155.9163593428702
S8D_lowri,50.0,nucl,3,,156,310.01,681,209,24,0.03425381017051456,3101.5619940751276
S8D_lowri,50.0,nucl,3,,161,320.01,693,215,24,0.03485740153915799,3180.4240002321158
S8D_lowri,50.0,nucl,3,,166,330.01,694,201,25,0.034907700819878276,3135.846729033983
S8D_lowri,50.0,nucl,3,,171,340.01,686,201,24,0.03450530657411599,3104.602260247505
S8D_lowri,50.0,nucl,3,,176,350.01,676,207,24,0.034002313766913136,3102.910418698958
S8D_lowri,50.0,nucl,3,,181,360.01,688,208,24,0.03460590513555656,3110.832862541493
S8D_lowri,50.0,nucl,3,,186,370.01,681,190,25,0.03425381017051456,3137.414634659547
S8D_lowri,50.0,nucl,3,,191,380.01,717,213,26,0.03606458427644485,3170.587817210221
S8D_lowri,50.0,nucl,3,,196,390.01,691,206,24,0.03475680297771742,3101.816087549335
S8D_lowri,50.0,nucl,3,,201,400.01,699,211,24,0.0351591972234797,3192.0016924205947
S8D_lowri,50.0,nucl,3,,206,410.01,702,203,24,0.03531009506564056,3206.722501286142
S8D_lowri,50.0,nucl,3,,211,420.01,676,189,24,0.034002313766913136,3077.6862681194452
S8D_lowri,50.0,nucl,3,,216,430.01,700,207,24,0.03520949650419999,3150.7532826718098
S8D_lowri,50.0,nucl,3,,221,440.01,727,231,24,0.036567577083647704,3214.2146355929663
S8D_lowri,50.0,nucl,3,,226,450.01,709,210,28,0.035662190030682564,3209.403109984558
S8D_lowri,50.0,nucl,3,,231,460.01,692,192,27,0.0348071022584377,3107.4751915062475
S8D_lowri,50.0,nucl,3,,236,470.01,722,228,25,0.03631608068004628,3243.90960196628
S8D_lowri,50.0,nucl,3,,241,480.01,705,210,24,0.03546099290780142,3164.3317848807037
S8D_lowri,50.0,nucl,3,,246,490.01,699,201,24,0.0351591972234797,3167.211205306474
S8D_lowri,50.0,nucl,3,,251,500.01,700,208,25,0.03520949650419999,3216.081481461759
S8D_lowri,50.0,nucl,3,,256,510.01,689,202,28,0.03465620441627685,3135.5086590919545
S8D_lowri,50.0,nucl,3,,261,520.01,710,215,26,0.03571248931140285,3212.6217349149374
S8D_lowri,50.0,nucl,3,,266,530.01,711,211,25,0.03576278859212313,3196.583629499955
S8D_lowri,50.0,nucl,3,,271,540.01,709,218,25,0.035662190030682564,3209.439480292071
S8D_lowri,50.0,nucl,3,,276,550.01,719,228,25,0.03616518283788542,3245.4594949056236
S8D_lowri,50.0,nucl,3,,281,560.01,702,206,28,0.03531009506564056,3174.4967489189994
S8D_lowri,50.0,nucl,3,,286,570.01,690,204,25,0.03470650369699713,3185.1465776815257
S8D_lowri,50.0,nucl,3,,291,580.01,687,193,24,0.034555605854836274,3113.8357766477143
S8D_lowri,50.0,nucl,3,,296,590.01,708,216,24,0.03561189074996227,3188.742055274816
S8D_lowri,50.0,nucl,3,,301,600.01,730,231,24,0.03671847492580856,3227.361482858235
